jurisdiction,program_id,indicator,period,unit,value,scale,normalised_value,status,source_id,publisher,published_date,spread_percent,kind,obs_id
GBR,gbr-hmrc-informants,awards_paid_amount,2023/24,GBP,978256,1,978256.0,reported,gbr-fisher-review-fraud-digital-age-2026,Home Office,2026-07-14,1.1,conflict,o-f85e621b76
GBR,gbr-hmrc-informants,awards_paid_amount,2023/24,GBP,978256,1,978256.0,reported,gbr-wnn-hmrc-2025,Whistleblower Network News,2025-11-21,1.1,conflict,o-bf25233c3c
GBR,gbr-hmrc-informants,awards_paid_amount,2023/24,GBP,989256,1,989256.0,actual,gbr-hmrc-ar-2023-24,HM Revenue & Customs,2024-07,1.1,conflict,o-cf632033e1
GBR,gbr-hmrc-informants,tips_received,2023/24,tips,151763,1,151763.0,reported,gbr-wnn-hmrc-2025,Whistleblower Network News,2025-11-21,0.2,conflict,o-2c7b426669
GBR,gbr-hmrc-informants,tips_received,2023/24,tips,152000,1,152000.0,actual,gbr-hmrc-ar-2023-24,HM Revenue & Customs,2024-07,0.2,conflict,o-a64078e46f
KOR,kor-acrc-rewards,awards_paid_amount [category=corruption],2002-2010,KRW,1.93,billion,1930000000.0,actual,kor-acrc-ar-2010,국민권익위원회 (Anti-Corruption and Civil Rights Commission),2011,18.8,same_source,o-681319faf2
KOR,kor-acrc-rewards,awards_paid_amount [category=corruption],2002-2010,KRW,2377609000,1,2377609000.0,actual,kor-acrc-ar-2010,국민권익위원회 (Anti-Corruption and Civil Rights Commission),2011,18.8,same_source,o-fa6e5a33f9
KOR,kor-acrc-rewards,awards_paid_amount [category=corruption],2016,KRW,227500,ten thousand,2275000000.0,provisional,kor-acrc-pr-2016-12-08,국민권익위원회 (Anti-Corruption and Civil Rights Commission),2016-12-08,0.0,revision,o-dcffbcb870
KOR,kor-acrc-rewards,awards_paid_amount [category=corruption],2016,KRW,2275033,thousand,2275033000.0,actual,kor-acrc-ar-2016,국민권익위원회 (Anti-Corruption and Civil Rights Commission),2017-05,0.0,revision,o-04637f9926
KOR,kor-acrc-rewards,awards_paid_amount [category=corruption],2016,KRW,2275033,thousand,2275033000.0,actual,kor-acrc-ar-2022,국민권익위원회 (Anti-Corruption and Civil Rights Commission),2023-07,0.0,revision,o-9104b15434
KOR,kor-acrc-rewards,awards_paid_amount [category=corruption],2016,KRW,2275033,thousand,2275033000.0,actual,kor-acrc-ar-2024,국민권익위원회 (Anti-Corruption and Civil Rights Commission),2025-08,0.0,revision,o-950eecaadd
KOR,kor-acrc-rewards,awards_paid_amount [category=corruption],2020,KRW,3835687,thousand,3835687000.0,actual,kor-acrc-pr-2021-01-28,국민권익위원회 (Anti-Corruption and Civil Rights Commission),2021-01-28,0.2,revision,o-73064e9c92
KOR,kor-acrc-rewards,awards_paid_amount [category=corruption],2020,KRW,3842099,thousand,3842099000.0,actual,kor-acrc-ar-2020,국민권익위원회 (Anti-Corruption and Civil Rights Commission),2021-07,0.2,revision,o-3e888d72ad
KOR,kor-acrc-rewards,awards_paid_amount [category=corruption],2020,KRW,3842099,thousand,3842099000.0,actual,kor-acrc-ar-2022,국민권익위원회 (Anti-Corruption and Civil Rights Commission),2023-07,0.2,revision,o-2a82de61e3
KOR,kor-acrc-rewards,awards_paid_amount [category=corruption],2020,KRW,3842099,thousand,3842099000.0,actual,kor-acrc-ar-2024,국민권익위원회 (Anti-Corruption and Civil Rights Commission),2025-08,0.2,revision,o-ce467d9e6e
KOR,kor-acrc-rewards,awards_paid_amount [category=corruption],2021,KRW,3397868,thousand,3397868000.0,actual,kor-acrc-ar-2023,국민권익위원회 (Anti-Corruption and Civil Rights Commission),2024-08,4.3,revision,o-58098d446a
KOR,kor-acrc-rewards,awards_paid_amount [category=corruption],2021,KRW,3397868,thousand,3397868000.0,actual,kor-acrc-ar-2024,국민권익위원회 (Anti-Corruption and Civil Rights Commission),2025-08,4.3,revision,o-0e1e7d6b5d
KOR,kor-acrc-rewards,awards_paid_amount [category=corruption],2021,KRW,3549132,thousand,3549132000.0,actual,kor-acrc-ar-2022,국민권익위원회 (Anti-Corruption and Civil Rights Commission),2023-07,4.3,revision,o-818597db12
KOR,kor-acrc-rewards,awards_paid_amount [category=corruption],2022,KRW,2863390,thousand,2863390000.0,actual,kor-acrc-ar-2023,국민권익위원회 (Anti-Corruption and Civil Rights Commission),2024-08,13.1,revision,o-907bb969f2
KOR,kor-acrc-rewards,awards_paid_amount [category=corruption],2022,KRW,2863390,thousand,2863390000.0,actual,kor-acrc-ar-2024,국민권익위원회 (Anti-Corruption and Civil Rights Commission),2025-08,13.1,revision,o-cff73b8823
KOR,kor-acrc-rewards,awards_paid_amount [category=corruption],2022,KRW,3296664,thousand,3296664000.0,actual,kor-acrc-ar-2022,국민권익위원회 (Anti-Corruption and Civil Rights Commission),2023-07,13.1,revision,o-39764163e9
KOR,kor-acrc-rewards,awards_paid_amount [category=corruption],2023,KRW,4055806,thousand,4055806000.0,actual,kor-acrc-ar-2024,국민권익위원회 (Anti-Corruption and Civil Rights Commission),2025-08,0.7,revision,o-fef0ae1768
KOR,kor-acrc-rewards,awards_paid_amount [category=corruption],2023,KRW,4085784,thousand,4085784000.0,actual,kor-acrc-ar-2023,국민권익위원회 (Anti-Corruption and Civil Rights Commission),2024-08,0.7,revision,o-c7bcb0a916
KOR,kor-acrc-rewards,awards_paid_amount [category=public_interest],2023,KRW,783812,thousand,783812000.0,actual,kor-acrc-ar-2023,국민권익위원회 (Anti-Corruption and Civil Rights Commission),2024-08,3.7,revision,o-915c5c5f23
KOR,kor-acrc-rewards,awards_paid_amount [category=public_interest],2023,KRW,813790,thousand,813790000.0,actual,kor-acrc-ar-2024,국민권익위원회 (Anti-Corruption and Civil Rights Commission),2025-08,3.7,revision,o-ae01925300
KOR,kor-acrc-rewards,awards_paid_amount [category=public_interest],2023,KRW,81379,ten thousand,813790000.0,provisional,kor-acrc-pr-2023-12-26,국민권익위원회 (Anti-Corruption and Civil Rights Commission),2023-12-26,3.7,revision,o-7018b118db
KOR,kor-acrc-rewards,awards_paid_amount [item=rewards_and_awards],2017-05/2022-04,KRW,241,hundred million,24100000000.0,actual,kor-acrc-pr-2022-05-09,국민권익위원회 (Anti-Corruption and Civil Rights Commission),2022-05-09,28.1,revision,o-3eda61e6d2
KOR,kor-acrc-rewards,awards_paid_amount [item=rewards_and_awards],2017-05/2022-04,KRW,335,hundred million,33500000000.0,actual,kor-acrc-pr-2022-05-02,국민권익위원회 (Anti-Corruption and Civil Rights Commission),2022-05-02,28.1,revision,o-2ee55ca410
KOR,kor-acrc-rewards,awards_paid_count [category=corruption],2020,cases,237,1,237.0,actual,kor-acrc-pr-2021-01-28,국민권익위원회 (Anti-Corruption and Civil Rights Commission),2021-01-28,0.4,revision,o-5563d70c52
KOR,kor-acrc-rewards,awards_paid_count [category=corruption],2020,cases,238,1,238.0,actual,kor-acrc-ar-2020,국민권익위원회 (Anti-Corruption and Civil Rights Commission),2021-07,0.4,revision,o-bf756e68dc
KOR,kor-acrc-rewards,awards_paid_count [category=corruption],2020,cases,238,1,238.0,actual,kor-acrc-ar-2022,국민권익위원회 (Anti-Corruption and Civil Rights Commission),2023-07,0.4,revision,o-5dd09a13cb
KOR,kor-acrc-rewards,awards_paid_count [category=corruption],2020,cases,238,1,238.0,actual,kor-acrc-ar-2024,국민권익위원회 (Anti-Corruption and Civil Rights Commission),2025-08,0.4,revision,o-cdbeb312ff
KOR,kor-acrc-rewards,awards_paid_count [category=corruption],2021,cases,485,1,485.0,actual,kor-acrc-ar-2023,국민권익위원회 (Anti-Corruption and Civil Rights Commission),2024-08,1.0,revision,o-c41557dda6
KOR,kor-acrc-rewards,awards_paid_count [category=corruption],2021,cases,485,1,485.0,actual,kor-acrc-ar-2024,국민권익위원회 (Anti-Corruption and Civil Rights Commission),2025-08,1.0,revision,o-5a99c87224
KOR,kor-acrc-rewards,awards_paid_count [category=corruption],2021,cases,490,1,490.0,actual,kor-acrc-ar-2022,국민권익위원회 (Anti-Corruption and Civil Rights Commission),2023-07,1.0,revision,o-476a671918
KOR,kor-acrc-rewards,awards_paid_count [category=corruption],2022,cases,480,1,480.0,actual,kor-acrc-ar-2023,국민권익위원회 (Anti-Corruption and Civil Rights Commission),2024-08,2.2,revision,o-65808e4c50
KOR,kor-acrc-rewards,awards_paid_count [category=corruption],2022,cases,480,1,480.0,actual,kor-acrc-ar-2024,국민권익위원회 (Anti-Corruption and Civil Rights Commission),2025-08,2.2,revision,o-e0d6dc8b59
KOR,kor-acrc-rewards,awards_paid_count [category=corruption],2022,cases,491,1,491.0,actual,kor-acrc-ar-2022,국민권익위원회 (Anti-Corruption and Civil Rights Commission),2023-07,2.2,revision,o-2d6b4a178a
KOR,kor-acrc-rewards,awards_paid_count [category=corruption],2023,cases,601,1,601.0,actual,kor-acrc-ar-2024,국민권익위원회 (Anti-Corruption and Civil Rights Commission),2025-08,0.2,revision,o-2191b23497
KOR,kor-acrc-rewards,awards_paid_count [category=corruption],2023,cases,602,1,602.0,actual,kor-acrc-ar-2023,국민권익위원회 (Anti-Corruption and Civil Rights Commission),2024-08,0.2,revision,o-30ccb1203e
KOR,kor-acrc-rewards,awards_paid_count [category=public_interest],2021,cases,138,1,138.0,actual,kor-acrc-ar-2023,국민권익위원회 (Anti-Corruption and Civil Rights Commission),2024-08,53.5,revision,o-711a734511
KOR,kor-acrc-rewards,awards_paid_count [category=public_interest],2021,cases,138,1,138.0,actual,kor-acrc-ar-2024,국민권익위원회 (Anti-Corruption and Civil Rights Commission),2025-08,53.5,revision,o-1404b1fbae
KOR,kor-acrc-rewards,awards_paid_count [category=public_interest],2021,cases,297,1,297.0,actual,kor-acrc-ar-2022,국민권익위원회 (Anti-Corruption and Civil Rights Commission),2023-07,53.5,revision,o-e9375e9676
KOR,kor-acrc-rewards,awards_paid_count [category=public_interest],2022,cases,99,1,99.0,actual,kor-acrc-ar-2023,국민권익위원회 (Anti-Corruption and Civil Rights Commission),2024-08,62.1,revision,o-a15f159142
KOR,kor-acrc-rewards,awards_paid_count [category=public_interest],2022,cases,99,1,99.0,actual,kor-acrc-ar-2024,국민권익위원회 (Anti-Corruption and Civil Rights Commission),2025-08,62.1,revision,o-13792bee88
KOR,kor-acrc-rewards,awards_paid_count [category=public_interest],2022,cases,261,1,261.0,actual,kor-acrc-ar-2022,국민권익위원회 (Anti-Corruption and Civil Rights Commission),2023-07,62.1,revision,o-20e90e97ba
KOR,kor-acrc-rewards,awards_paid_count [category=public_interest],2023,cases,44,1,44.0,actual,kor-acrc-ar-2023,국민권익위원회 (Anti-Corruption and Civil Rights Commission),2024-08,2.2,revision,o-1be96f216d
KOR,kor-acrc-rewards,awards_paid_count [category=public_interest],2023,cases,45,1,45.0,actual,kor-acrc-ar-2024,국민권익위원회 (Anti-Corruption and Civil Rights Commission),2025-08,2.2,revision,o-c7a1b30787
KOR,kor-acrc-rewards,collections_attributable [category=corruption],2012,KRW,11131730,thousand,11131730000.0,actual,kor-acrc-ar-2022,국민권익위원회 (Anti-Corruption and Civil Rights Commission),2023-07,0.0,revision,o-17b3482204
KOR,kor-acrc-rewards,collections_attributable [category=corruption],2012,KRW,11131731,thousand,11131731000.0,actual,kor-acrc-ar-2016,국민권익위원회 (Anti-Corruption and Civil Rights Commission),2017-05,0.0,revision,o-d6e7798870
KOR,kor-acrc-rewards,collections_attributable [category=corruption],2021,KRW,40862696,thousand,40862696000.0,actual,kor-acrc-ar-2023,국민권익위원회 (Anti-Corruption and Civil Rights Commission),2024-08,1.5,revision,o-6f73cd3727
KOR,kor-acrc-rewards,collections_attributable [category=corruption],2021,KRW,40862696,thousand,40862696000.0,actual,kor-acrc-ar-2024,국민권익위원회 (Anti-Corruption and Civil Rights Commission),2025-08,1.5,revision,o-4873be6413
KOR,kor-acrc-rewards,collections_attributable [category=corruption],2021,KRW,41472921,thousand,41472921000.0,actual,kor-acrc-ar-2022,국민권익위원회 (Anti-Corruption and Civil Rights Commission),2023-07,1.5,revision,o-4fb3c6aeeb
KOR,kor-acrc-rewards,collections_attributable [category=corruption],2022,KRW,17922028,thousand,17922028000.0,actual,kor-acrc-ar-2023,국민권익위원회 (Anti-Corruption and Civil Rights Commission),2024-08,9.8,revision,o-08a82c77b5
KOR,kor-acrc-rewards,collections_attributable [category=corruption],2022,KRW,17922028,thousand,17922028000.0,actual,kor-acrc-ar-2024,국민권익위원회 (Anti-Corruption and Civil Rights Commission),2025-08,9.8,revision,o-3cb50d2c29
KOR,kor-acrc-rewards,collections_attributable [category=corruption],2022,KRW,19875951,thousand,19875951000.0,actual,kor-acrc-ar-2022,국민권익위원회 (Anti-Corruption and Civil Rights Commission),2023-07,9.8,revision,o-b3a8fd45eb
KOR,kor-acrc-rewards,collections_attributable [category=corruption],2023,KRW,40482944,thousand,40482944000.0,actual,kor-acrc-ar-2024,국민권익위원회 (Anti-Corruption and Civil Rights Commission),2025-08,0.2,revision,o-3c71ee5649
KOR,kor-acrc-rewards,collections_attributable [category=corruption],2023,KRW,40582871,thousand,40582871000.0,actual,kor-acrc-ar-2023,국민권익위원회 (Anti-Corruption and Civil Rights Commission),2024-08,0.2,revision,o-189efd9412
KOR,kor-acrc-rewards,collections_attributable [category=public_interest],2023,KRW,14980114,thousand,14980114000.0,actual,kor-acrc-ar-2023,국민권익위원회 (Anti-Corruption and Civil Rights Commission),2024-08,0.7,revision,o-d4949a5369
KOR,kor-acrc-rewards,collections_attributable [category=public_interest],2023,KRW,15080041,thousand,15080041000.0,actual,kor-acrc-ar-2024,국민권익위원회 (Anti-Corruption and Civil Rights Commission),2025-08,0.7,revision,o-efc9e4b155
USA,usa-cftc-wb,awards_paid_amount,FY2018,USD,75,million,75000000.0,actual,usa-cftc-wb-ar-2018,U.S. Commodity Futures Trading Commission,2018-10,0.8,same_source,o-e7c8f2d805
USA,usa-cftc-wb,awards_paid_amount,FY2018,USD,75575113,1,75575113.0,actual,usa-cftc-wb-ar-2018,U.S. Commodity Futures Trading Commission,2018-10,0.8,same_source,o-e9cfb58e00
USA,usa-cftc-wb,awards_paid_amount,FY2019,USD,4601490,1,4601490.0,actual,usa-cftc-wb-ar-2019,U.S. Commodity Futures Trading Commission,2019-10,69.3,same_source,o-e641531b0b
USA,usa-cftc-wb,awards_paid_amount,FY2019,USD,15,million,15000000.0,actual,usa-cftc-wb-ar-2019,U.S. Commodity Futures Trading Commission,2019-10,69.3,same_source,o-a63440819e
USA,usa-cftc-wb,awards_paid_amount,FY2020,USD,20,million,20000000.0,actual,usa-cftc-wb-ar-2020,U.S. Commodity Futures Trading Commission,2020-11,26.6,same_source,o-173dfd36d6
USA,usa-cftc-wb,awards_paid_amount,FY2020,USD,27262890,1,27262890.0,actual,usa-cftc-wb-ar-2020,U.S. Commodity Futures Trading Commission,2020-11,26.6,same_source,o-e7b2583a5f
USA,usa-cftc-wb,awards_paid_amount,FY2022,USD,200,million,200000000.0,actual,usa-cftc-wb-ar-2022,U.S. Commodity Futures Trading Commission,2022-10,1.6,same_source,o-d01ecafca2
USA,usa-cftc-wb,awards_paid_amount,FY2022,USD,203323824,1,203323824.0,actual,usa-cftc-wb-ar-2022,U.S. Commodity Futures Trading Commission,2022-10,1.6,same_source,o-6780472887
USA,usa-cftc-wb,awards_paid_amount,FY2023,USD,670000,1,670000.0,actual,usa-cftc-wb-ar-2023,U.S. Commodity Futures Trading Commission,2023-10,95.8,same_source,o-f5dfb1b0af
USA,usa-cftc-wb,awards_paid_amount,FY2023,USD,16,million,16000000.0,actual,usa-cftc-wb-ar-2023,U.S. Commodity Futures Trading Commission,2023-10,95.8,same_source,o-443525e80f
USA,usa-cftc-wb,awards_paid_amount,FY2024,USD,42,million,42000000.0,actual,usa-cftc-wb-ar-2024,U.S. Commodity Futures Trading Commission,2024-11,13.4,same_source,o-d2b67ab3e0
USA,usa-cftc-wb,awards_paid_amount,FY2024,USD,48478951,1,48478951.0,actual,usa-cftc-wb-ar-2024,U.S. Commodity Futures Trading Commission,2024-11,13.4,same_source,o-6b2262124d
USA,usa-cftc-wb,tips_received,FY2023,tips,1503,1,1503.0,actual,usa-cftc-wb-ar-2025,U.S. Commodity Futures Trading Commission,2026-02,1.8,revision,o-1fe9eb29af
USA,usa-cftc-wb,tips_received,FY2023,tips,1530,1,1530.0,actual,usa-cftc-wb-ar-2023,U.S. Commodity Futures Trading Commission,2023-10,1.8,revision,o-c7e1c19886
USA,usa-fca-qui-tam,fca_non_qui_tam_matters_opened,FY2016,cases,184,1,184.0,actual,usa-doj-fca-stats-2025,"U.S. Department of Justice, Civil Division",2026-01-16,0.5,revision,o-da4456aa95
USA,usa-fca-qui-tam,fca_non_qui_tam_matters_opened,FY2016,cases,185,1,185.0,actual,usa-doj-fca-stats-2023,"U.S. Department of Justice, Civil Division",2024-02,0.5,revision,o-a4f931b359
USA,usa-fca-qui-tam,fca_non_qui_tam_matters_opened,FY2022,cases,304,1,304.0,actual,usa-doj-fca-stats-2024,"U.S. Department of Justice, Civil Division",2025-01-15,0.3,revision,o-cbda47ad64
USA,usa-fca-qui-tam,fca_non_qui_tam_matters_opened,FY2022,cases,305,1,305.0,actual,usa-doj-fca-stats-2025,"U.S. Department of Justice, Civil Division",2026-01-16,0.3,revision,o-97c8faf29f
USA,usa-fca-qui-tam,fca_non_qui_tam_matters_opened,FY2023,cases,500,1,500.0,actual,usa-doj-fca-stats-2023,"U.S. Department of Justice, Civil Division",2024-02,1.2,revision,o-89800965f3
USA,usa-fca-qui-tam,fca_non_qui_tam_matters_opened,FY2023,cases,505,1,505.0,actual,usa-doj-fca-stats-2024,"U.S. Department of Justice, Civil Division",2025-01-15,1.2,revision,o-762737f017
USA,usa-fca-qui-tam,fca_non_qui_tam_matters_opened,FY2023,cases,506,1,506.0,actual,usa-doj-fca-stats-2025,"U.S. Department of Justice, Civil Division",2026-01-16,1.2,revision,o-b171193d4e
USA,usa-fca-qui-tam,fca_non_qui_tam_matters_opened,FY2024,cases,423,1,423.0,actual,usa-doj-fca-stats-2024,"U.S. Department of Justice, Civil Division",2025-01-15,0.5,revision,o-5dd8cc7ffb
USA,usa-fca-qui-tam,fca_non_qui_tam_matters_opened,FY2024,cases,425,1,425.0,actual,usa-doj-fca-stats-2025,"U.S. Department of Justice, Civil Division",2026-01-16,0.5,revision,o-bae7e19a07
USA,usa-fca-qui-tam,fca_non_qui_tam_matters_opened [agency=HHS],FY2023,cases,95,1,95.0,actual,usa-doj-fca-stats-2024,"U.S. Department of Justice, Civil Division",2025-01-15,1.0,revision,o-55953e81d4
USA,usa-fca-qui-tam,fca_non_qui_tam_matters_opened [agency=HHS],FY2023,cases,96,1,96.0,actual,usa-doj-fca-stats-2025,"U.S. Department of Justice, Civil Division",2026-01-16,1.0,revision,o-34ca5bd94a
USA,usa-fca-qui-tam,fca_non_qui_tam_matters_opened [agency=HHS],FY2024,cases,85,1,85.0,actual,usa-doj-fca-stats-2024,"U.S. Department of Justice, Civil Division",2025-01-15,2.3,revision,o-c10a21f638
USA,usa-fca-qui-tam,fca_non_qui_tam_matters_opened [agency=HHS],FY2024,cases,87,1,87.0,actual,usa-doj-fca-stats-2025,"U.S. Department of Justice, Civil Division",2026-01-16,2.3,revision,o-b2b5e32391
USA,usa-fca-qui-tam,fca_non_qui_tam_matters_opened [agency=other],FY2022,cases,178,1,178.0,actual,usa-doj-fca-stats-2024,"U.S. Department of Justice, Civil Division",2025-01-15,0.6,revision,o-0ad6ca34a9
USA,usa-fca-qui-tam,fca_non_qui_tam_matters_opened [agency=other],FY2022,cases,179,1,179.0,actual,usa-doj-fca-stats-2025,"U.S. Department of Justice, Civil Division",2026-01-16,0.6,revision,o-3ea5fd488d
USA,usa-fca-qui-tam,qui_tam_suits_filed,FY1987,cases,31,1,31.0,actual,usa-doj-fca-stats-2025,"U.S. Department of Justice, Civil Division",2026-01-16,6.1,conflict,o-5c8f3f2397
USA,usa-fca-qui-tam,qui_tam_suits_filed,FY1987,cases,33,1,33.0,actual,usa-doj-fca-pr-fy1998,"U.S. Department of Justice, Office of Public Affairs",1998-10-23,6.1,conflict,o-fd6680dcd4
USA,usa-fca-qui-tam,qui_tam_suits_filed,FY1997,cases,534,1,534.0,actual,usa-doj-fca-pr-fy1998,"U.S. Department of Justice, Office of Public Affairs",1998-10-23,2.6,conflict,o-4fbd350a5f
USA,usa-fca-qui-tam,qui_tam_suits_filed,FY1997,cases,548,1,548.0,actual,usa-doj-fca-stats-2025,"U.S. Department of Justice, Civil Division",2026-01-16,2.6,conflict,o-9d099ab488
USA,usa-fca-qui-tam,qui_tam_suits_filed,FY2011,cases,634,1,634.0,actual,usa-doj-fca-stats-2025,"U.S. Department of Justice, Civil Division",2026-01-16,0.6,conflict,o-f36a48165d
USA,usa-fca-qui-tam,qui_tam_suits_filed,FY2011,cases,638,1,638.0,actual,usa-doj-fca-pr-fy2011,"U.S. Department of Justice, Office of Public Affairs",2011-12-19,0.6,conflict,o-4125d9b834
USA,usa-fca-qui-tam,qui_tam_suits_filed,FY2012,cases,647,1,647.0,actual,usa-doj-fca-pr-fy2012,"U.S. Department of Justice, Office of Public Affairs",2012-12-04,1.2,conflict,o-8f6a512df9
USA,usa-fca-qui-tam,qui_tam_suits_filed,FY2012,cases,655,1,655.0,actual,usa-doj-fca-stats-2025,"U.S. Department of Justice, Civil Division",2026-01-16,1.2,conflict,o-90b37acaa0
USA,usa-fca-qui-tam,qui_tam_suits_filed,FY2013,cases,752,1,752.0,actual,usa-doj-fca-pr-fy2013,"U.S. Department of Justice, Office of Public Affairs",2013-12-20,0.7,conflict,o-7814bef352
USA,usa-fca-qui-tam,qui_tam_suits_filed,FY2013,cases,757,1,757.0,actual,usa-doj-fca-stats-2025,"U.S. Department of Justice, Civil Division",2026-01-16,0.7,conflict,o-3075bc680f
USA,usa-fca-qui-tam,qui_tam_suits_filed,FY2014,cases,700,1,700.0,actual,usa-doj-fca-pr-fy2014,"U.S. Department of Justice, Office of Public Affairs",2014-11-20,2.2,conflict,o-01e190e944
USA,usa-fca-qui-tam,qui_tam_suits_filed,FY2014,cases,716,1,716.0,actual,usa-doj-fca-stats-2025,"U.S. Department of Justice, Civil Division",2026-01-16,2.2,conflict,o-8298af1951
USA,usa-fca-qui-tam,qui_tam_suits_filed,FY2015,cases,638,1,638.0,actual,usa-doj-fca-pr-fy2015,"U.S. Department of Justice, Office of Public Affairs",2015-12-03,0.2,conflict,o-77ffd6a3eb
USA,usa-fca-qui-tam,qui_tam_suits_filed,FY2015,cases,639,1,639.0,actual,usa-doj-fca-stats-2025,"U.S. Department of Justice, Civil Division",2026-01-16,0.2,conflict,o-31b7263057
USA,usa-fca-qui-tam,qui_tam_suits_filed,FY2016,cases,702,1,702.0,actual,usa-doj-fca-pr-fy2016,"U.S. Department of Justice, Office of Public Affairs",2016-12-14,1.1,conflict,o-83b18ffa32
USA,usa-fca-qui-tam,qui_tam_suits_filed,FY2016,cases,709,1,709.0,actual,usa-doj-fca-stats-2023,"U.S. Department of Justice, Civil Division",2024-02,1.1,conflict,o-e37a941425
USA,usa-fca-qui-tam,qui_tam_suits_filed,FY2016,cases,710,1,710.0,actual,usa-doj-fca-stats-2025,"U.S. Department of Justice, Civil Division",2026-01-16,1.1,conflict,o-4d5ceb8d9f
USA,usa-fca-qui-tam,qui_tam_suits_filed,FY2017,cases,669,1,669.0,actual,usa-doj-fca-pr-fy2017,"U.S. Department of Justice, Office of Public Affairs",2017-12-21,1.9,conflict,o-445883cb2a
USA,usa-fca-qui-tam,qui_tam_suits_filed,FY2017,cases,681,1,681.0,actual,usa-doj-fca-stats-2023,"U.S. Department of Justice, Civil Division",2024-02,1.9,conflict,o-65b3d30422
USA,usa-fca-qui-tam,qui_tam_suits_filed,FY2017,cases,681,1,681.0,actual,usa-doj-fca-stats-2024,"U.S. Department of Justice, Civil Division",2025-01-15,1.9,conflict,o-c9086bc2df
USA,usa-fca-qui-tam,qui_tam_suits_filed,FY2017,cases,682,1,682.0,actual,usa-doj-fca-stats-2025,"U.S. Department of Justice, Civil Division",2026-01-16,1.9,conflict,o-162c8289dc
USA,usa-fca-qui-tam,qui_tam_suits_filed,FY2018,cases,645,1,645.0,actual,usa-doj-fca-pr-fy2018,"U.S. Department of Justice, Office of Public Affairs",2018-12-21,0.8,conflict,o-62b57f08e3
USA,usa-fca-qui-tam,qui_tam_suits_filed,FY2018,cases,648,1,648.0,actual,usa-doj-fca-stats-2024,"U.S. Department of Justice, Civil Division",2025-01-15,0.8,conflict,o-48b35fb6c5
USA,usa-fca-qui-tam,qui_tam_suits_filed,FY2018,cases,649,1,649.0,actual,usa-doj-fca-stats-2023,"U.S. Department of Justice, Civil Division",2024-02,0.8,conflict,o-96fb9bcf77
USA,usa-fca-qui-tam,qui_tam_suits_filed,FY2018,cases,650,1,650.0,actual,usa-doj-fca-stats-2025,"U.S. Department of Justice, Civil Division",2026-01-16,0.8,conflict,o-4a4fb291d0
USA,usa-fca-qui-tam,qui_tam_suits_filed,FY2019,cases,633,1,633.0,actual,usa-doj-fca-pr-fy2019,"U.S. Department of Justice, Office of Public Affairs",2020-01-09,1.2,conflict,o-994a480dae
USA,usa-fca-qui-tam,qui_tam_suits_filed,FY2019,cases,637,1,637.0,actual,usa-doj-fca-stats-2023,"U.S. Department of Justice, Civil Division",2024-02,1.2,conflict,o-b671a17b5c
USA,usa-fca-qui-tam,qui_tam_suits_filed,FY2019,cases,637,1,637.0,actual,usa-doj-fca-stats-2024,"U.S. Department of Justice, Civil Division",2025-01-15,1.2,conflict,o-047de7bc88
USA,usa-fca-qui-tam,qui_tam_suits_filed,FY2019,cases,641,1,641.0,actual,usa-doj-fca-stats-2025,"U.S. Department of Justice, Civil Division",2026-01-16,1.2,conflict,o-134f5ffe11
USA,usa-fca-qui-tam,qui_tam_suits_filed,FY2020,cases,672,1,672.0,actual,usa-doj-fca-pr-fy2020,"U.S. Department of Justice, Office of Public Affairs",2021-01-14,1.0,conflict,o-8a7bf06226
USA,usa-fca-qui-tam,qui_tam_suits_filed,FY2020,cases,676,1,676.0,actual,usa-doj-fca-stats-2023,"U.S. Department of Justice, Civil Division",2024-02,1.0,conflict,o-3023aeb813
USA,usa-fca-qui-tam,qui_tam_suits_filed,FY2020,cases,676,1,676.0,actual,usa-doj-fca-stats-2024,"U.S. Department of Justice, Civil Division",2025-01-15,1.0,conflict,o-66d8cdc400
USA,usa-fca-qui-tam,qui_tam_suits_filed,FY2020,cases,679,1,679.0,actual,usa-doj-fca-stats-2025,"U.S. Department of Justice, Civil Division",2026-01-16,1.0,conflict,o-a3f2a1cb4d
USA,usa-fca-qui-tam,qui_tam_suits_filed,FY2022,cases,652,1,652.0,actual,usa-doj-fca-pr-fy2022,"U.S. Department of Justice, Office of Public Affairs",2023-02-07,1.2,conflict,o-4e37040286
USA,usa-fca-qui-tam,qui_tam_suits_filed,FY2022,cases,658,1,658.0,actual,usa-doj-fca-stats-2023,"U.S. Department of Justice, Civil Division",2024-02,1.2,conflict,o-44f27cb022
USA,usa-fca-qui-tam,qui_tam_suits_filed,FY2022,cases,659,1,659.0,actual,usa-doj-fca-stats-2024,"U.S. Department of Justice, Civil Division",2025-01-15,1.2,conflict,o-67c6ac0120
USA,usa-fca-qui-tam,qui_tam_suits_filed,FY2022,cases,660,1,660.0,actual,usa-doj-fca-stats-2025,"U.S. Department of Justice, Civil Division",2026-01-16,1.2,conflict,o-c8256ccd25
USA,usa-fca-qui-tam,qui_tam_suits_filed,FY2023,cases,712,1,712.0,actual,usa-doj-fca-pr-fy2023,"U.S. Department of Justice, Office of Public Affairs",2024-02-22,0.1,conflict,o-16315ca559
USA,usa-fca-qui-tam,qui_tam_suits_filed,FY2023,cases,712,1,712.0,actual,usa-doj-fca-stats-2025,"U.S. Department of Justice, Civil Division",2026-01-16,0.1,conflict,o-19862a1a18
USA,usa-fca-qui-tam,qui_tam_suits_filed,FY2023,cases,713,1,713.0,actual,usa-doj-fca-stats-2024,"U.S. Department of Justice, Civil Division",2025-01-15,0.1,conflict,o-64b2ce379b
USA,usa-fca-qui-tam,qui_tam_suits_filed,FY2024,cases,979,1,979.0,actual,usa-doj-fca-pr-fy2024,"U.S. Department of Justice, Office of Public Affairs",2025-01-15,0.1,conflict,o-08f1560ee9
USA,usa-fca-qui-tam,qui_tam_suits_filed,FY2024,cases,979,1,979.0,actual,usa-doj-fca-stats-2024,"U.S. Department of Justice, Civil Division",2025-01-15,0.1,conflict,o-b19e724343
USA,usa-fca-qui-tam,qui_tam_suits_filed,FY2024,cases,980,1,980.0,actual,usa-doj-fca-pr-fy2025,"U.S. Department of Justice, Office of Public Affairs",2026-01-16,0.1,conflict,o-ab661b5645
USA,usa-fca-qui-tam,qui_tam_suits_filed,FY2024,cases,980,1,980.0,actual,usa-doj-fca-stats-2025,"U.S. Department of Justice, Civil Division",2026-01-16,0.1,conflict,o-285f15e298
USA,usa-fca-qui-tam,qui_tam_suits_filed [agency=DoD],FY2019,cases,40,1,40.0,actual,usa-doj-fca-stats-2024,"U.S. Department of Justice, Civil Division",2025-01-15,2.4,revision,o-f54e6b3ab0
USA,usa-fca-qui-tam,qui_tam_suits_filed [agency=DoD],FY2019,cases,41,1,41.0,actual,usa-doj-fca-stats-2025,"U.S. Department of Justice, Civil Division",2026-01-16,2.4,revision,o-13c68e1cb1
USA,usa-fca-qui-tam,qui_tam_suits_filed [agency=DoD],FY2022,cases,40,1,40.0,actual,usa-doj-fca-stats-2024,"U.S. Department of Justice, Civil Division",2025-01-15,2.4,revision,o-41e2e7620a
USA,usa-fca-qui-tam,qui_tam_suits_filed [agency=DoD],FY2022,cases,41,1,41.0,actual,usa-doj-fca-stats-2025,"U.S. Department of Justice, Civil Division",2026-01-16,2.4,revision,o-1e8e024dd0
USA,usa-fca-qui-tam,qui_tam_suits_filed [agency=DoD],FY2024,cases,33,1,33.0,actual,usa-doj-fca-stats-2025,"U.S. Department of Justice, Civil Division",2026-01-16,2.9,revision,o-ab4157bbf0
USA,usa-fca-qui-tam,qui_tam_suits_filed [agency=DoD],FY2024,cases,34,1,34.0,actual,usa-doj-fca-stats-2024,"U.S. Department of Justice, Civil Division",2025-01-15,2.9,revision,o-13e50a266f
USA,usa-fca-qui-tam,qui_tam_suits_filed [agency=HHS],FY2017,cases,494,1,494.0,actual,usa-doj-fca-stats-2024,"U.S. Department of Justice, Civil Division",2025-01-15,0.2,revision,o-dbc880bfb6
USA,usa-fca-qui-tam,qui_tam_suits_filed [agency=HHS],FY2017,cases,495,1,495.0,actual,usa-doj-fca-stats-2025,"U.S. Department of Justice, Civil Division",2026-01-16,0.2,revision,o-f970584a23
USA,usa-fca-qui-tam,qui_tam_suits_filed [agency=HHS],FY2018,cases,447,1,447.0,actual,usa-doj-fca-stats-2024,"U.S. Department of Justice, Civil Division",2025-01-15,0.2,revision,o-97ba7e6d94
USA,usa-fca-qui-tam,qui_tam_suits_filed [agency=HHS],FY2018,cases,448,1,448.0,actual,usa-doj-fca-stats-2025,"U.S. Department of Justice, Civil Division",2026-01-16,0.2,revision,o-a3317b2e88
USA,usa-fca-qui-tam,qui_tam_suits_filed [agency=HHS],FY2019,cases,449,1,449.0,actual,usa-doj-fca-stats-2024,"U.S. Department of Justice, Civil Division",2025-01-15,0.4,revision,o-2c483bf8e7
USA,usa-fca-qui-tam,qui_tam_suits_filed [agency=HHS],FY2019,cases,451,1,451.0,actual,usa-doj-fca-stats-2025,"U.S. Department of Justice, Civil Division",2026-01-16,0.4,revision,o-57e73531ed
USA,usa-fca-qui-tam,qui_tam_suits_filed [agency=HHS],FY2020,cases,458,1,458.0,actual,usa-doj-fca-stats-2024,"U.S. Department of Justice, Civil Division",2025-01-15,0.7,revision,o-89df710641
USA,usa-fca-qui-tam,qui_tam_suits_filed [agency=HHS],FY2020,cases,461,1,461.0,actual,usa-doj-fca-stats-2025,"U.S. Department of Justice, Civil Division",2026-01-16,0.7,revision,o-f31db1d8e8
USA,usa-fca-qui-tam,qui_tam_suits_filed [agency=HHS],FY2022,cases,371,1,371.0,actual,usa-doj-fca-stats-2024,"U.S. Department of Justice, Civil Division",2025-01-15,0.3,revision,o-d9b8d1a7d7
USA,usa-fca-qui-tam,qui_tam_suits_filed [agency=HHS],FY2022,cases,372,1,372.0,actual,usa-doj-fca-stats-2025,"U.S. Department of Justice, Civil Division",2026-01-16,0.3,revision,o-6648cf8046
USA,usa-fca-qui-tam,qui_tam_suits_filed [agency=HHS],FY2023,cases,348,1,348.0,actual,usa-doj-fca-stats-2025,"U.S. Department of Justice, Civil Division",2026-01-16,0.3,revision,o-d636c55043
USA,usa-fca-qui-tam,qui_tam_suits_filed [agency=HHS],FY2023,cases,349,1,349.0,actual,usa-doj-fca-stats-2024,"U.S. Department of Justice, Civil Division",2025-01-15,0.3,revision,o-e19586c0fd
USA,usa-fca-qui-tam,qui_tam_suits_filed [agency=other],FY2018,cases,167,1,167.0,actual,usa-doj-fca-stats-2024,"U.S. Department of Justice, Civil Division",2025-01-15,0.6,revision,o-6d79e12234
USA,usa-fca-qui-tam,qui_tam_suits_filed [agency=other],FY2018,cases,168,1,168.0,actual,usa-doj-fca-stats-2025,"U.S. Department of Justice, Civil Division",2026-01-16,0.6,revision,o-7c2ee379a3
USA,usa-fca-qui-tam,qui_tam_suits_filed [agency=other],FY2019,cases,148,1,148.0,actual,usa-doj-fca-stats-2024,"U.S. Department of Justice, Civil Division",2025-01-15,0.7,revision,o-e8b3f15e21
USA,usa-fca-qui-tam,qui_tam_suits_filed [agency=other],FY2019,cases,149,1,149.0,actual,usa-doj-fca-stats-2025,"U.S. Department of Justice, Civil Division",2026-01-16,0.7,revision,o-022b19038a
USA,usa-fca-qui-tam,qui_tam_suits_filed [agency=other],FY2022,cases,247,1,247.0,actual,usa-doj-fca-stats-2025,"U.S. Department of Justice, Civil Division",2026-01-16,0.4,revision,o-6a31a55b61
USA,usa-fca-qui-tam,qui_tam_suits_filed [agency=other],FY2022,cases,248,1,248.0,actual,usa-doj-fca-stats-2024,"U.S. Department of Justice, Civil Division",2025-01-15,0.4,revision,o-724d22b833
USA,usa-fca-qui-tam,qui_tam_suits_filed [agency=other],FY2024,cases,575,1,575.0,actual,usa-doj-fca-stats-2024,"U.S. Department of Justice, Civil Division",2025-01-15,0.3,revision,o-2d825297c1
USA,usa-fca-qui-tam,qui_tam_suits_filed [agency=other],FY2024,cases,577,1,577.0,actual,usa-doj-fca-stats-2025,"U.S. Department of Justice, Civil Division",2026-01-16,0.3,revision,o-e314d3d56e
USA,usa-fca-qui-tam,recoveries_non_whistleblower_cases,FY2006,USD,1712459257,1,1712459257.0,actual,usa-doj-fca-stats-2025,"U.S. Department of Justice, Civil Division",2026-01-16,4.9,conflict,o-4beec1a528
USA,usa-fca-qui-tam,recoveries_non_whistleblower_cases,FY2006,USD,1.8,billion,1800000000.0,actual,usa-doj-fca-pr-fy2006,"U.S. Department of Justice, Office of Public Affairs",2006-11-21,4.9,conflict,o-3c83b8b179
USA,usa-fca-qui-tam,recoveries_non_whistleblower_cases,FY2010,USD,644090368,1,644090368.0,actual,usa-doj-fca-stats-2023,"U.S. Department of Justice, Civil Division",2024-02,0.8,revision,o-ff6157af92
USA,usa-fca-qui-tam,recoveries_non_whistleblower_cases,FY2010,USD,649300368,1,649300368.0,actual,usa-doj-fca-stats-2025,"U.S. Department of Justice, Civil Division",2026-01-16,0.8,revision,o-0ee574c5ad
USA,usa-fca-qui-tam,recoveries_non_whistleblower_cases,FY2016,USD,1929502680,1,1929502680.0,actual,usa-doj-fca-stats-2023,"U.S. Department of Justice, Civil Division",2024-02,0.0,revision,o-d5a816f6de
USA,usa-fca-qui-tam,recoveries_non_whistleblower_cases,FY2016,USD,1929556062,1,1929556062.0,actual,usa-doj-fca-stats-2024,"U.S. Department of Justice, Civil Division",2025-01-15,0.0,revision,o-047ae511cc
USA,usa-fca-qui-tam,recoveries_non_whistleblower_cases,FY2016,USD,1929806062,1,1929806062.0,actual,usa-doj-fca-stats-2025,"U.S. Department of Justice, Civil Division",2026-01-16,0.0,revision,o-88ac20e85a
USA,usa-fca-qui-tam,recoveries_non_whistleblower_cases,FY2017,USD,283626021,1,283626021.0,actual,usa-doj-fca-stats-2023,"U.S. Department of Justice, Civil Division",2024-02,5.0,revision,o-bd926fd71d
USA,usa-fca-qui-tam,recoveries_non_whistleblower_cases,FY2017,USD,283626021,1,283626021.0,actual,usa-doj-fca-stats-2024,"U.S. Department of Justice, Civil Division",2025-01-15,5.0,revision,o-ea6b4a98f0
USA,usa-fca-qui-tam,recoveries_non_whistleblower_cases,FY2017,USD,298514800,1,298514800.0,actual,usa-doj-fca-stats-2025,"U.S. Department of Justice, Civil Division",2026-01-16,5.0,revision,o-5a66a454dc
USA,usa-fca-qui-tam,recoveries_non_whistleblower_cases,FY2018,USD,769596453,1,769596453.0,actual,usa-doj-fca-stats-2023,"U.S. Department of Justice, Civil Division",2024-02,1.8,revision,o-3ec24357ed
USA,usa-fca-qui-tam,recoveries_non_whistleblower_cases,FY2018,USD,769596453,1,769596453.0,actual,usa-doj-fca-stats-2024,"U.S. Department of Justice, Civil Division",2025-01-15,1.8,revision,o-255e478492
USA,usa-fca-qui-tam,recoveries_non_whistleblower_cases,FY2018,USD,783996453,1,783996453.0,actual,usa-doj-fca-stats-2025,"U.S. Department of Justice, Civil Division",2026-01-16,1.8,revision,o-e9c9c7d8c5
USA,usa-fca-qui-tam,recoveries_non_whistleblower_cases,FY2019,USD,852782697,1,852782697.0,actual,usa-doj-fca-stats-2023,"U.S. Department of Justice, Civil Division",2024-02,0.6,revision,o-5dc12a138e
USA,usa-fca-qui-tam,recoveries_non_whistleblower_cases,FY2019,USD,852782697,1,852782697.0,actual,usa-doj-fca-stats-2024,"U.S. Department of Justice, Civil Division",2025-01-15,0.6,revision,o-e1a5f97b36
USA,usa-fca-qui-tam,recoveries_non_whistleblower_cases,FY2019,USD,858030132,1,858030132.0,actual,usa-doj-fca-stats-2025,"U.S. Department of Justice, Civil Division",2026-01-16,0.6,revision,o-d67989fb33
USA,usa-fca-qui-tam,recoveries_non_whistleblower_cases,FY2020,USD,544724942,1,544724942.0,actual,usa-doj-fca-stats-2025,"U.S. Department of Justice, Civil Division",2026-01-16,0.6,revision,o-d029aef8ef
USA,usa-fca-qui-tam,recoveries_non_whistleblower_cases,FY2020,USD,547903198,1,547903198.0,actual,usa-doj-fca-stats-2023,"U.S. Department of Justice, Civil Division",2024-02,0.6,revision,o-b85e483679
USA,usa-fca-qui-tam,recoveries_non_whistleblower_cases,FY2020,USD,547903198,1,547903198.0,actual,usa-doj-fca-stats-2024,"U.S. Department of Justice, Civil Division",2025-01-15,0.6,revision,o-abbf24072f
USA,usa-fca-qui-tam,recoveries_non_whistleblower_cases,FY2021,USD,3993418820,1,3993418820.0,actual,usa-doj-fca-stats-2023,"U.S. Department of Justice, Civil Division",2024-02,0.6,revision,o-03f38e0022
USA,usa-fca-qui-tam,recoveries_non_whistleblower_cases,FY2021,USD,3993418820,1,3993418820.0,actual,usa-doj-fca-stats-2024,"U.S. Department of Justice, Civil Division",2025-01-15,0.6,revision,o-63e237f8ce
USA,usa-fca-qui-tam,recoveries_non_whistleblower_cases,FY2021,USD,4016918820,1,4016918820.0,actual,usa-doj-fca-stats-2025,"U.S. Department of Justice, Civil Division",2026-01-16,0.6,revision,o-ae46a9f034
USA,usa-fca-qui-tam,recoveries_non_whistleblower_cases,FY2023,USD,356180683,1,356180683.0,actual,usa-doj-fca-stats-2023,"U.S. Department of Justice, Civil Division",2024-02,3.5,revision,o-036437f5e4
USA,usa-fca-qui-tam,recoveries_non_whistleblower_cases,FY2023,USD,363694220,1,363694220.0,actual,usa-doj-fca-stats-2024,"U.S. Department of Justice, Civil Division",2025-01-15,3.5,revision,o-75b5d204ae
USA,usa-fca-qui-tam,recoveries_non_whistleblower_cases,FY2023,USD,369285408,1,369285408.0,actual,usa-doj-fca-stats-2025,"U.S. Department of Justice, Civil Division",2026-01-16,3.5,revision,o-303f060d9b
USA,usa-fca-qui-tam,recoveries_non_whistleblower_cases,FY2024,USD,502887566,1,502887566.0,actual,usa-doj-fca-stats-2024,"U.S. Department of Justice, Civil Division",2025-01-15,0.2,revision,o-bf15b4e84c
USA,usa-fca-qui-tam,recoveries_non_whistleblower_cases,FY2024,USD,504097394,1,504097394.0,actual,usa-doj-fca-stats-2025,"U.S. Department of Justice, Civil Division",2026-01-16,0.2,revision,o-ecfd55b6a1
USA,usa-fca-qui-tam,recoveries_non_whistleblower_cases [agency=DoD],FY2017,USD,13528713,1,13528713.0,actual,usa-doj-fca-stats-2024,"U.S. Department of Justice, Civil Division",2025-01-15,52.4,revision,o-ef0a39505d
USA,usa-fca-qui-tam,recoveries_non_whistleblower_cases [agency=DoD],FY2017,USD,28417492,1,28417492.0,actual,usa-doj-fca-stats-2025,"U.S. Department of Justice, Civil Division",2026-01-16,52.4,revision,o-8fe29aa445
USA,usa-fca-qui-tam,recoveries_non_whistleblower_cases [agency=HHS],FY2020,USD,399424749,1,399424749.0,actual,usa-doj-fca-stats-2025,"U.S. Department of Justice, Civil Division",2026-01-16,0.8,revision,o-acd071ec76
USA,usa-fca-qui-tam,recoveries_non_whistleblower_cases [agency=HHS],FY2020,USD,402745794,1,402745794.0,actual,usa-doj-fca-stats-2024,"U.S. Department of Justice, Civil Division",2025-01-15,0.8,revision,o-1bb13f3111
USA,usa-fca-qui-tam,recoveries_non_whistleblower_cases [agency=HHS],FY2023,USD,242448647,1,242448647.0,actual,usa-doj-fca-stats-2024,"U.S. Department of Justice, Civil Division",2025-01-15,2.3,revision,o-514a73f21f
USA,usa-fca-qui-tam,recoveries_non_whistleblower_cases [agency=HHS],FY2023,USD,248039835,1,248039835.0,actual,usa-doj-fca-stats-2025,"U.S. Department of Justice, Civil Division",2026-01-16,2.3,revision,o-251c71752f
USA,usa-fca-qui-tam,recoveries_non_whistleblower_cases [agency=HHS],FY2024,USD,224465398,1,224465398.0,actual,usa-doj-fca-stats-2024,"U.S. Department of Justice, Civil Division",2025-01-15,0.4,revision,o-6457e1c1e6
USA,usa-fca-qui-tam,recoveries_non_whistleblower_cases [agency=HHS],FY2024,USD,225379800,1,225379800.0,actual,usa-doj-fca-stats-2025,"U.S. Department of Justice, Civil Division",2026-01-16,0.4,revision,o-78374e1132
USA,usa-fca-qui-tam,recoveries_non_whistleblower_cases [agency=other],FY2016,USD,1771523175,1,1771523175.0,actual,usa-doj-fca-stats-2024,"U.S. Department of Justice, Civil Division",2025-01-15,0.0,revision,o-f7bdf23ac2
USA,usa-fca-qui-tam,recoveries_non_whistleblower_cases [agency=other],FY2016,USD,1771773175,1,1771773175.0,actual,usa-doj-fca-stats-2025,"U.S. Department of Justice, Civil Division",2026-01-16,0.0,revision,o-5983f46020
USA,usa-fca-qui-tam,recoveries_non_whistleblower_cases [agency=other],FY2018,USD,189762000,1,189762000.0,actual,usa-doj-fca-stats-2024,"U.S. Department of Justice, Civil Division",2025-01-15,7.1,revision,o-904d529102
USA,usa-fca-qui-tam,recoveries_non_whistleblower_cases [agency=other],FY2018,USD,204162000,1,204162000.0,actual,usa-doj-fca-stats-2025,"U.S. Department of Justice, Civil Division",2026-01-16,7.1,revision,o-4cc8b02a19
USA,usa-fca-qui-tam,recoveries_non_whistleblower_cases [agency=other],FY2019,USD,86091121,1,86091121.0,actual,usa-doj-fca-stats-2024,"U.S. Department of Justice, Civil Division",2025-01-15,5.7,revision,o-c70ee9f2fa
USA,usa-fca-qui-tam,recoveries_non_whistleblower_cases [agency=other],FY2019,USD,91338556,1,91338556.0,actual,usa-doj-fca-stats-2025,"U.S. Department of Justice, Civil Division",2026-01-16,5.7,revision,o-691f3f07ad
USA,usa-fca-qui-tam,recoveries_non_whistleblower_cases [agency=other],FY2020,USD,113943787,1,113943787.0,actual,usa-doj-fca-stats-2024,"U.S. Department of Justice, Civil Division",2025-01-15,0.1,revision,o-3d563e84b1
USA,usa-fca-qui-tam,recoveries_non_whistleblower_cases [agency=other],FY2020,USD,114086576,1,114086576.0,actual,usa-doj-fca-stats-2025,"U.S. Department of Justice, Civil Division",2026-01-16,0.1,revision,o-bbc63534c6
USA,usa-fca-qui-tam,recoveries_non_whistleblower_cases [agency=other],FY2021,USD,380433763,1,380433763.0,actual,usa-doj-fca-stats-2024,"U.S. Department of Justice, Civil Division",2025-01-15,5.8,revision,o-fcf2749db3
USA,usa-fca-qui-tam,recoveries_non_whistleblower_cases [agency=other],FY2021,USD,403933763,1,403933763.0,actual,usa-doj-fca-stats-2025,"U.S. Department of Justice, Civil Division",2026-01-16,5.8,revision,o-9f9e02d248
USA,usa-fca-qui-tam,recoveries_non_whistleblower_cases [agency=other],FY2024,USD,270376589,1,270376589.0,actual,usa-doj-fca-stats-2024,"U.S. Department of Justice, Civil Division",2025-01-15,0.1,revision,o-36cf0c57be
USA,usa-fca-qui-tam,recoveries_non_whistleblower_cases [agency=other],FY2024,USD,270672015,1,270672015.0,actual,usa-doj-fca-stats-2025,"U.S. Department of Justice, Civil Division",2026-01-16,0.1,revision,o-819c487e59
USA,usa-fca-qui-tam,recoveries_total,FY1987-FY2025,USD,85,billion,85000000000.0,actual,usa-doj-fca-pr-fy2025,"U.S. Department of Justice, Office of Public Affairs",2026-01-16,0.8,conflict,o-8d21a70e4f
USA,usa-fca-qui-tam,recoveries_total,FY1987-FY2025,USD,85652583093,1,85652583093.0,actual,usa-doj-fca-stats-2025,"U.S. Department of Justice, Civil Division",2026-01-16,0.8,conflict,o-b89a6f4135
USA,usa-fca-qui-tam,recoveries_total,FY2000,USD,1.5,billion,1500000000.0,actual,usa-doj-fca-pr-fy2000,"U.S. Department of Justice, Office of Public Affairs",2000-11-02,4.9,conflict,o-1a12bace91
USA,usa-fca-qui-tam,recoveries_total,FY2000,USD,1577946841,1,1577946841.0,actual,usa-doj-fca-stats-2025,"U.S. Department of Justice, Civil Division",2026-01-16,4.9,conflict,o-c443b3eb7b
USA,usa-fca-qui-tam,recoveries_total,FY2001,USD,1.6,billion,1600000000.0,actual,usa-doj-fca-pr-fy2001,"U.S. Department of Justice, Office of Public Affairs",2001-11-14,13.0,conflict,o-6c9e083b58
USA,usa-fca-qui-tam,recoveries_total,FY2001,USD,1838610042,1,1838610042.0,actual,usa-doj-fca-stats-2025,"U.S. Department of Justice, Civil Division",2026-01-16,13.0,conflict,o-b682a43e2c
USA,usa-fca-qui-tam,recoveries_total,FY2002,USD,1.1,billion,1100000000.0,actual,usa-doj-fca-pr-fy2003,"U.S. Department of Justice, Office of Public Affairs",2003-11-10,10.1,conflict,o-e0f11f0df8
USA,usa-fca-qui-tam,recoveries_total,FY2002,USD,1223558454,1,1223558454.0,actual,usa-doj-fca-stats-2025,"U.S. Department of Justice, Civil Division",2026-01-16,10.1,conflict,o-b0805e5e9b
USA,usa-fca-qui-tam,recoveries_total,FY2003,USD,2.1,billion,2100000000.0,actual,usa-doj-fca-pr-fy2003,"U.S. Department of Justice, Office of Public Affairs",2003-11-10,6.7,conflict,o-24f53d5f57
USA,usa-fca-qui-tam,recoveries_total,FY2003,USD,2.2,billion,2200000000.0,actual,usa-doj-fca-pr-fy2006,"U.S. Department of Justice, Office of Public Affairs",2006-11-21,6.7,conflict,o-2afdb3c391
USA,usa-fca-qui-tam,recoveries_total,FY2003,USD,2251146563,1,2251146563.0,actual,usa-doj-fca-stats-2025,"U.S. Department of Justice, Civil Division",2026-01-16,6.7,conflict,o-22da616f29
USA,usa-fca-qui-tam,recoveries_total,FY2006,USD,3.1,billion,3100000000.0,actual,usa-doj-fca-pr-fy2006,"U.S. Department of Justice, Office of Public Affairs",2006-11-21,3.9,conflict,o-4af056b3b0
USA,usa-fca-qui-tam,recoveries_total,FY2006,USD,3226276119,1,3226276119.0,actual,usa-doj-fca-stats-2025,"U.S. Department of Justice, Civil Division",2026-01-16,3.9,conflict,o-98cda9e04c
USA,usa-fca-qui-tam,recoveries_total,FY2007,USD,1976800693,1,1976800693.0,actual,usa-doj-fca-stats-2023,"U.S. Department of Justice, Civil Division",2024-02,1.2,conflict,o-4fd451704a
USA,usa-fca-qui-tam,recoveries_total,FY2007,USD,1976800693,1,1976800693.0,actual,usa-doj-fca-stats-2024,"U.S. Department of Justice, Civil Division",2025-01-15,1.2,conflict,o-1533ccfdd0
USA,usa-fca-qui-tam,recoveries_total,FY2007,USD,1977690693,1,1977690693.0,actual,usa-doj-fca-stats-2025,"U.S. Department of Justice, Civil Division",2026-01-16,1.2,conflict,o-de579a0b7f
USA,usa-fca-qui-tam,recoveries_total,FY2007,USD,2,billion,2000000000.0,actual,usa-doj-fca-pr-fy2007,"U.S. Department of Justice, Office of Public Affairs",2007-11-01,1.2,conflict,o-e4c4c3fa0a
USA,usa-fca-qui-tam,recoveries_total,FY2008,USD,1.34,billion,1340000000.0,actual,usa-doj-fca-pr-fy2008,"U.S. Department of Justice, Office of Public Affairs",2008-11-10,6.3,conflict,o-92c58543fe
USA,usa-fca-qui-tam,recoveries_total,FY2008,USD,1428790932,1,1428790932.0,actual,usa-doj-fca-stats-2023,"U.S. Department of Justice, Civil Division",2024-02,6.3,conflict,o-3e46ddcaab
USA,usa-fca-qui-tam,recoveries_total,FY2008,USD,1428790932,1,1428790932.0,actual,usa-doj-fca-stats-2024,"U.S. Department of Justice, Civil Division",2025-01-15,6.3,conflict,o-7849f68349
USA,usa-fca-qui-tam,recoveries_total,FY2008,USD,1430160932,1,1430160932.0,actual,usa-doj-fca-stats-2025,"U.S. Department of Justice, Civil Division",2026-01-16,6.3,conflict,o-a3acbea05d
USA,usa-fca-qui-tam,recoveries_total,FY2009,USD,2.4,billion,2400000000.0,actual,usa-doj-fca-pr-fy2009,"U.S. Department of Justice, Office of Public Affairs",2009-11-19,2.8,conflict,o-83c8c29bb3
USA,usa-fca-qui-tam,recoveries_total,FY2009,USD,2468467417,1,2468467417.0,actual,usa-doj-fca-stats-2025,"U.S. Department of Justice, Civil Division",2026-01-16,2.8,conflict,o-d418939f2f
USA,usa-fca-qui-tam,recoveries_total,FY2012,USD,4.9,billion,4900000000.0,actual,usa-doj-fca-pr-fy2012,"U.S. Department of Justice, Office of Public Affairs",2012-12-04,3.6,conflict,o-f6ee704e3c
USA,usa-fca-qui-tam,recoveries_total,FY2012,USD,5077956374,1,5077956374.0,actual,usa-doj-fca-stats-2023,"U.S. Department of Justice, Civil Division",2024-02,3.6,conflict,o-b670413051
USA,usa-fca-qui-tam,recoveries_total,FY2012,USD,5079456374,1,5079456374.0,actual,usa-doj-fca-stats-2024,"U.S. Department of Justice, Civil Division",2025-01-15,3.6,conflict,o-d9eeb67e8e
USA,usa-fca-qui-tam,recoveries_total,FY2012,USD,5082144374,1,5082144374.0,actual,usa-doj-fca-stats-2025,"U.S. Department of Justice, Civil Division",2026-01-16,3.6,conflict,o-900095c2ef
USA,usa-fca-qui-tam,recoveries_total,FY2013,USD,3210976794,1,3210976794.0,actual,usa-doj-fca-stats-2023,"U.S. Department of Justice, Civil Division",2024-02,15.5,conflict,o-fa9f0b1fbf
USA,usa-fca-qui-tam,recoveries_total,FY2013,USD,3210976794,1,3210976794.0,actual,usa-doj-fca-stats-2024,"U.S. Department of Justice, Civil Division",2025-01-15,15.5,conflict,o-238428b7f2
USA,usa-fca-qui-tam,recoveries_total,FY2013,USD,3217531794,1,3217531794.0,actual,usa-doj-fca-stats-2025,"U.S. Department of Justice, Civil Division",2026-01-16,15.5,conflict,o-bf2310bb89
USA,usa-fca-qui-tam,recoveries_total,FY2013,USD,3.8,billion,3800000000.0,actual,usa-doj-fca-pr-fy2013,"U.S. Department of Justice, Office of Public Affairs",2013-12-20,15.5,conflict,o-d317245408
USA,usa-fca-qui-tam,recoveries_total,FY2014,USD,5.69,billion,5690000000.0,actual,usa-doj-fca-pr-fy2014,"U.S. Department of Justice, Office of Public Affairs",2014-11-20,7.6,conflict,o-77c479d9c8
USA,usa-fca-qui-tam,recoveries_total,FY2014,USD,6159424665,1,6159424665.0,actual,usa-doj-fca-stats-2025,"U.S. Department of Justice, Civil Division",2026-01-16,7.6,conflict,o-72635d6b20
USA,usa-fca-qui-tam,recoveries_total,FY2015,USD,3153359480,1,3153359480.0,actual,usa-doj-fca-stats-2023,"U.S. Department of Justice, Civil Division",2024-02,9.9,conflict,o-9dec9fd3a4
USA,usa-fca-qui-tam,recoveries_total,FY2015,USD,3153359480,1,3153359480.0,actual,usa-doj-fca-stats-2024,"U.S. Department of Justice, Civil Division",2025-01-15,9.9,conflict,o-249329b0e9
USA,usa-fca-qui-tam,recoveries_total,FY2015,USD,3160772945,1,3160772945.0,actual,usa-doj-fca-stats-2025,"U.S. Department of Justice, Civil Division",2026-01-16,9.9,conflict,o-4db28acf63
USA,usa-fca-qui-tam,recoveries_total,FY2015,USD,3.5,billion,3500000000.0,actual,usa-doj-fca-pr-fy2015,"U.S. Department of Justice, Office of Public Affairs",2015-12-03,9.9,conflict,o-964b6ed4ff
USA,usa-fca-qui-tam,recoveries_total,FY2016,USD,4.7,billion,4700000000.0,actual,usa-doj-fca-pr-fy2016,"U.S. Department of Justice, Office of Public Affairs",2016-12-14,5.4,conflict,o-7a566cd3a5
USA,usa-fca-qui-tam,recoveries_total,FY2016,USD,4966474881,1,4966474881.0,actual,usa-doj-fca-stats-2023,"U.S. Department of Justice, Civil Division",2024-02,5.4,conflict,o-69c4448223
USA,usa-fca-qui-tam,recoveries_total,FY2016,USD,4966528263,1,4966528263.0,actual,usa-doj-fca-stats-2024,"U.S. Department of Justice, Civil Division",2025-01-15,5.4,conflict,o-c0fe288775
USA,usa-fca-qui-tam,recoveries_total,FY2016,USD,4967491353,1,4967491353.0,actual,usa-doj-fca-stats-2025,"U.S. Department of Justice, Civil Division",2026-01-16,5.4,conflict,o-6861a79141
USA,usa-fca-qui-tam,recoveries_total,FY2017,USD,3441588807,1,3441588807.0,actual,usa-doj-fca-stats-2023,"U.S. Department of Justice, Civil Division",2024-02,7.0,conflict,o-287e3d257e
USA,usa-fca-qui-tam,recoveries_total,FY2017,USD,3441588807,1,3441588807.0,actual,usa-doj-fca-stats-2024,"U.S. Department of Justice, Civil Division",2025-01-15,7.0,conflict,o-f6e447d7bf
USA,usa-fca-qui-tam,recoveries_total,FY2017,USD,3456477586,1,3456477586.0,actual,usa-doj-fca-stats-2025,"U.S. Department of Justice, Civil Division",2026-01-16,7.0,conflict,o-28c6548b4d
USA,usa-fca-qui-tam,recoveries_total,FY2017,USD,3.7,billion,3700000000.0,actual,usa-doj-fca-pr-fy2017,"U.S. Department of Justice, Office of Public Affairs",2017-12-21,7.0,conflict,o-469b41d080
USA,usa-fca-qui-tam,recoveries_total,FY2018,USD,2.8,billion,2800000000.0,actual,usa-doj-fca-pr-fy2018,"U.S. Department of Justice, Office of Public Affairs",2018-12-21,6.5,conflict,o-e4cbd8bc39
USA,usa-fca-qui-tam,recoveries_total,FY2018,USD,2978523091,1,2978523091.0,actual,usa-doj-fca-stats-2024,"U.S. Department of Justice, Civil Division",2025-01-15,6.5,conflict,o-a3cc2909a4
USA,usa-fca-qui-tam,recoveries_total,FY2018,USD,2979073091,1,2979073091.0,actual,usa-doj-fca-stats-2023,"U.S. Department of Justice, Civil Division",2024-02,6.5,conflict,o-dc367c30c9
USA,usa-fca-qui-tam,recoveries_total,FY2018,USD,2994123091,1,2994123091.0,actual,usa-doj-fca-stats-2025,"U.S. Department of Justice, Civil Division",2026-01-16,6.5,conflict,o-cdd641010a
USA,usa-fca-qui-tam,recoveries_total,FY2020,USD,2.2,billion,2200000000.0,actual,usa-doj-fca-pr-fy2020,"U.S. Department of Justice, Office of Public Affairs",2021-01-14,4.6,conflict,o-2fd0d4e2f4
USA,usa-fca-qui-tam,recoveries_total,FY2020,USD,2264248578,1,2264248578.0,actual,usa-doj-fca-stats-2023,"U.S. Department of Justice, Civil Division",2024-02,4.6,conflict,o-b4e2b8bb80
USA,usa-fca-qui-tam,recoveries_total,FY2020,USD,2278251075,1,2278251075.0,actual,usa-doj-fca-stats-2024,"U.S. Department of Justice, Civil Division",2025-01-15,4.6,conflict,o-64dcbd441b
USA,usa-fca-qui-tam,recoveries_total,FY2020,USD,2305572819,1,2305572819.0,actual,usa-doj-fca-stats-2025,"U.S. Department of Justice, Civil Division",2026-01-16,4.6,conflict,o-7997d6d3f3
USA,usa-fca-qui-tam,recoveries_total,FY2021,USD,5.6,billion,5600000000.0,actual,usa-doj-fca-pr-fy2021,"U.S. Department of Justice, Office of Public Affairs",2022-02-01,2.0,conflict,o-2eb851224e
USA,usa-fca-qui-tam,recoveries_total,FY2021,USD,5686839956,1,5686839956.0,actual,usa-doj-fca-stats-2024,"U.S. Department of Justice, Civil Division",2025-01-15,2.0,conflict,o-d7bb01a632
USA,usa-fca-qui-tam,recoveries_total,FY2021,USD,5710339956,1,5710339956.0,actual,usa-doj-fca-stats-2025,"U.S. Department of Justice, Civil Division",2026-01-16,2.0,conflict,o-9d9f2b20c0
USA,usa-fca-qui-tam,recoveries_total,FY2021,USD,5711889956,1,5711889956.0,actual,usa-doj-fca-stats-2023,"U.S. Department of Justice, Civil Division",2024-02,2.0,conflict,o-1bc37c1475
USA,usa-fca-qui-tam,recoveries_total,FY2022,USD,2.2,billion,2200000000.0,actual,usa-doj-fca-pr-fy2022,"U.S. Department of Justice, Office of Public Affairs",2023-02-07,2.5,conflict,o-a903d6906b
USA,usa-fca-qui-tam,recoveries_total,FY2022,USD,2241584448,1,2241584448.0,actual,usa-doj-fca-stats-2023,"U.S. Department of Justice, Civil Division",2024-02,2.5,conflict,o-8aa897350b
USA,usa-fca-qui-tam,recoveries_total,FY2022,USD,2246810178,1,2246810178.0,actual,usa-doj-fca-stats-2024,"U.S. Department of Justice, Civil Division",2025-01-15,2.5,conflict,o-7ea24a2ba7
USA,usa-fca-qui-tam,recoveries_total,FY2022,USD,2256967793,1,2256967793.0,actual,usa-doj-fca-stats-2025,"U.S. Department of Justice, Civil Division",2026-01-16,2.5,conflict,o-d52301fb6c
USA,usa-fca-qui-tam,recoveries_total,FY2023,USD,2.68,billion,2680000000.0,actual,usa-doj-fca-pr-fy2023,"U.S. Department of Justice, Office of Public Affairs",2024-02-22,7.5,conflict,o-0c8bd66276
USA,usa-fca-qui-tam,recoveries_total,FY2023,USD,2689447914,1,2689447914.0,actual,usa-doj-fca-stats-2023,"U.S. Department of Justice, Civil Division",2024-02,7.5,conflict,o-b721ee4893
USA,usa-fca-qui-tam,recoveries_total,FY2023,USD,2787391864,1,2787391864.0,actual,usa-doj-fca-stats-2024,"U.S. Department of Justice, Civil Division",2025-01-15,7.5,conflict,o-0637487402
USA,usa-fca-qui-tam,recoveries_total,FY2023,USD,2898003215,1,2898003215.0,actual,usa-doj-fca-stats-2025,"U.S. Department of Justice, Civil Division",2026-01-16,7.5,conflict,o-9d713667f9
USA,usa-fca-qui-tam,recoveries_total,FY2024,USD,2.9,billion,2900000000.0,actual,usa-doj-fca-pr-fy2024,"U.S. Department of Justice, Office of Public Affairs",2025-01-15,7.5,conflict,o-c8397ba049
USA,usa-fca-qui-tam,recoveries_total,FY2024,USD,2920738612,1,2920738612.0,actual,usa-doj-fca-stats-2024,"U.S. Department of Justice, Civil Division",2025-01-15,7.5,conflict,o-aec6c82a2e
USA,usa-fca-qui-tam,recoveries_total,FY2024,USD,3133818400,1,3133818400.0,actual,usa-doj-fca-stats-2025,"U.S. Department of Justice, Civil Division",2026-01-16,7.5,conflict,o-7526db3503
USA,usa-fca-qui-tam,recoveries_total,FY2025,USD,6.8,billion,6800000000.0,actual,usa-doj-fca-pr-fy2025,"U.S. Department of Justice, Office of Public Affairs",2026-01-16,1.3,conflict,o-5bcbb9cd0b
USA,usa-fca-qui-tam,recoveries_total,FY2025,USD,6888096266,1,6888096266.0,actual,usa-doj-fca-stats-2025,"U.S. Department of Justice, Civil Division",2026-01-16,1.3,conflict,o-0ec591f23f
USA,usa-fca-qui-tam,recoveries_total [agency=DoD],FY2008,USD,136926315,1,136926315.0,actual,usa-doj-fca-stats-2024,"U.S. Department of Justice, Civil Division",2025-01-15,1.0,revision,o-6ed4f8a32b
USA,usa-fca-qui-tam,recoveries_total [agency=DoD],FY2008,USD,138296315,1,138296315.0,actual,usa-doj-fca-stats-2025,"U.S. Department of Justice, Civil Division",2026-01-16,1.0,revision,o-08961817fb
USA,usa-fca-qui-tam,recoveries_total [agency=DoD],FY2013,USD,52141631,1,52141631.0,actual,usa-doj-fca-stats-2024,"U.S. Department of Justice, Civil Division",2025-01-15,10.1,revision,o-029a2121d1
USA,usa-fca-qui-tam,recoveries_total [agency=DoD],FY2013,USD,57996631,1,57996631.0,actual,usa-doj-fca-stats-2025,"U.S. Department of Justice, Civil Division",2026-01-16,10.1,revision,o-9752c01b13
USA,usa-fca-qui-tam,recoveries_total [agency=DoD],FY2017,USD,225808425,1,225808425.0,actual,usa-doj-fca-stats-2024,"U.S. Department of Justice, Civil Division",2025-01-15,6.2,revision,o-88a3dc97d3
USA,usa-fca-qui-tam,recoveries_total [agency=DoD],FY2017,USD,240697204,1,240697204.0,actual,usa-doj-fca-stats-2025,"U.S. Department of Justice, Civil Division",2026-01-16,6.2,revision,o-981338eb9b
USA,usa-fca-qui-tam,recoveries_total [agency=DoD],FY2024,USD,93283935,1,93283935.0,actual,usa-doj-fca-stats-2024,"U.S. Department of Justice, Civil Division",2025-01-15,5.1,revision,o-39d05b2a21
USA,usa-fca-qui-tam,recoveries_total [agency=DoD],FY2024,USD,98325602,1,98325602.0,actual,usa-doj-fca-stats-2025,"U.S. Department of Justice, Civil Division",2026-01-16,5.1,revision,o-e0bd8d0df9
USA,usa-fca-qui-tam,recoveries_total [agency=HHS],FY2013,USD,2759866253,1,2759866253.0,actual,usa-doj-fca-stats-2024,"U.S. Department of Justice, Civil Division",2025-01-15,0.0,revision,o-7ae42a309d
USA,usa-fca-qui-tam,recoveries_total [agency=HHS],FY2013,USD,2760566253,1,2760566253.0,actual,usa-doj-fca-stats-2025,"U.S. Department of Justice, Civil Division",2026-01-16,0.0,revision,o-63832a2092
USA,usa-fca-qui-tam,recoveries_total [agency=HHS],FY2015,USD,2129984985,1,2129984985.0,actual,usa-doj-fca-stats-2024,"U.S. Department of Justice, Civil Division",2025-01-15,0.3,revision,o-54e1cb1a5e
USA,usa-fca-qui-tam,recoveries_total [agency=HHS],FY2015,USD,2137398450,1,2137398450.0,actual,usa-doj-fca-stats-2025,"U.S. Department of Justice, Civil Division",2026-01-16,0.3,revision,o-473c0b5866
USA,usa-fca-qui-tam,recoveries_total [agency=HHS],FY2018,USD,2607290272,1,2607290272.0,actual,usa-doj-fca-stats-2024,"U.S. Department of Justice, Civil Division",2025-01-15,0.0,revision,o-4ad21e0214
USA,usa-fca-qui-tam,recoveries_total [agency=HHS],FY2018,USD,2608490272,1,2608490272.0,actual,usa-doj-fca-stats-2025,"U.S. Department of Justice, Civil Division",2026-01-16,0.0,revision,o-280764c248
USA,usa-fca-qui-tam,recoveries_total [agency=HHS],FY2020,USD,1891688099,1,1891688099.0,actual,usa-doj-fca-stats-2024,"U.S. Department of Justice, Civil Division",2025-01-15,1.4,revision,o-50178e39fe
USA,usa-fca-qui-tam,recoveries_total [agency=HHS],FY2020,USD,1918867054,1,1918867054.0,actual,usa-doj-fca-stats-2025,"U.S. Department of Justice, Civil Division",2026-01-16,1.4,revision,o-5b496e9291
USA,usa-fca-qui-tam,recoveries_total [agency=HHS],FY2022,USD,1794825516,1,1794825516.0,actual,usa-doj-fca-stats-2024,"U.S. Department of Justice, Civil Division",2025-01-15,0.4,revision,o-f603da946f
USA,usa-fca-qui-tam,recoveries_total [agency=HHS],FY2022,USD,1802274672,1,1802274672.0,actual,usa-doj-fca-stats-2025,"U.S. Department of Justice, Civil Division",2026-01-16,0.4,revision,o-03713ed113
USA,usa-fca-qui-tam,recoveries_total [agency=HHS],FY2023,USD,1860306179,1,1860306179.0,actual,usa-doj-fca-stats-2024,"U.S. Department of Justice, Civil Division",2025-01-15,5.6,revision,o-c141c2cb23
USA,usa-fca-qui-tam,recoveries_total [agency=HHS],FY2023,USD,1970517529,1,1970517529.0,actual,usa-doj-fca-stats-2025,"U.S. Department of Justice, Civil Division",2026-01-16,5.6,revision,o-6e9c89fee5
USA,usa-fca-qui-tam,recoveries_total [agency=HHS],FY2024,USD,1675952708,1,1675952708.0,actual,usa-doj-fca-stats-2024,"U.S. Department of Justice, Civil Division",2025-01-15,7.3,revision,o-ed21552137
USA,usa-fca-qui-tam,recoveries_total [agency=HHS],FY2024,USD,1807075590,1,1807075590.0,actual,usa-doj-fca-stats-2025,"U.S. Department of Justice, Civil Division",2026-01-16,7.3,revision,o-46e26a89f6
USA,usa-fca-qui-tam,recoveries_total [agency=other],FY2007,USD,376547508,1,376547508.0,actual,usa-doj-fca-stats-2024,"U.S. Department of Justice, Civil Division",2025-01-15,0.2,revision,o-2186a7a1d4
USA,usa-fca-qui-tam,recoveries_total [agency=other],FY2007,USD,377437508,1,377437508.0,actual,usa-doj-fca-stats-2025,"U.S. Department of Justice, Civil Division",2026-01-16,0.2,revision,o-a3c71b7e3d
USA,usa-fca-qui-tam,recoveries_total [agency=other],FY2010,USD,246455301,1,246455301.0,actual,usa-doj-fca-stats-2024,"U.S. Department of Justice, Civil Division",2025-01-15,0.0,revision,o-d3c4b76f27
USA,usa-fca-qui-tam,recoveries_total [agency=other],FY2010,USD,246540301,1,246540301.0,actual,usa-doj-fca-stats-2025,"U.S. Department of Justice, Civil Division",2026-01-16,0.0,revision,o-38fa90a3a1
USA,usa-fca-qui-tam,recoveries_total [agency=other],FY2012,USD,1728294101,1,1728294101.0,actual,usa-doj-fca-stats-2024,"U.S. Department of Justice, Civil Division",2025-01-15,0.2,revision,o-e9662d3650
USA,usa-fca-qui-tam,recoveries_total [agency=other],FY2012,USD,1730982101,1,1730982101.0,actual,usa-doj-fca-stats-2025,"U.S. Department of Justice, Civil Division",2026-01-16,0.2,revision,o-b4d9c1abe4
USA,usa-fca-qui-tam,recoveries_total [agency=other],FY2016,USD,2119228715,1,2119228715.0,actual,usa-doj-fca-stats-2024,"U.S. Department of Justice, Civil Division",2025-01-15,0.0,revision,o-91f8e9fa0b
USA,usa-fca-qui-tam,recoveries_total [agency=other],FY2016,USD,2120191805,1,2120191805.0,actual,usa-doj-fca-stats-2025,"U.S. Department of Justice, Civil Division",2026-01-16,0.0,revision,o-f6e811814c
USA,usa-fca-qui-tam,recoveries_total [agency=other],FY2018,USD,296710425,1,296710425.0,actual,usa-doj-fca-stats-2024,"U.S. Department of Justice, Civil Division",2025-01-15,4.6,revision,o-a19c116b1f
USA,usa-fca-qui-tam,recoveries_total [agency=other],FY2018,USD,311110425,1,311110425.0,actual,usa-doj-fca-stats-2025,"U.S. Department of Justice, Civil Division",2026-01-16,4.6,revision,o-e63e8f1e57
USA,usa-fca-qui-tam,recoveries_total [agency=other],FY2019,USD,205617779,1,205617779.0,actual,usa-doj-fca-stats-2024,"U.S. Department of Justice, Civil Division",2025-01-15,2.5,revision,o-64a92f6d13
USA,usa-fca-qui-tam,recoveries_total [agency=other],FY2019,USD,210865214,1,210865214.0,actual,usa-doj-fca-stats-2025,"U.S. Department of Justice, Civil Division",2026-01-16,2.5,revision,o-6c7184b9ba
USA,usa-fca-qui-tam,recoveries_total [agency=other],FY2020,USD,298224159,1,298224159.0,actual,usa-doj-fca-stats-2024,"U.S. Department of Justice, Civil Division",2025-01-15,0.0,revision,o-4947433822
USA,usa-fca-qui-tam,recoveries_total [agency=other],FY2020,USD,298366948,1,298366948.0,actual,usa-doj-fca-stats-2025,"U.S. Department of Justice, Civil Division",2026-01-16,0.0,revision,o-7e7008ba08
USA,usa-fca-qui-tam,recoveries_total [agency=other],FY2021,USD,472164805,1,472164805.0,actual,usa-doj-fca-stats-2024,"U.S. Department of Justice, Civil Division",2025-01-15,4.7,revision,o-09f714cb66
USA,usa-fca-qui-tam,recoveries_total [agency=other],FY2021,USD,495664805,1,495664805.0,actual,usa-doj-fca-stats-2025,"U.S. Department of Justice, Civil Division",2026-01-16,4.7,revision,o-b9f829aecc
USA,usa-fca-qui-tam,recoveries_total [agency=other],FY2022,USD,348293791,1,348293791.0,actual,usa-doj-fca-stats-2024,"U.S. Department of Justice, Civil Division",2025-01-15,0.8,revision,o-9e4091ceef
USA,usa-fca-qui-tam,recoveries_total [agency=other],FY2022,USD,351002250,1,351002250.0,actual,usa-doj-fca-stats-2025,"U.S. Department of Justice, Civil Division",2026-01-16,0.8,revision,o-d04ebfa3aa
USA,usa-fca-qui-tam,recoveries_total [agency=other],FY2023,USD,370194268,1,370194268.0,actual,usa-doj-fca-stats-2024,"U.S. Department of Justice, Civil Division",2025-01-15,0.1,revision,o-1e2188bb90
USA,usa-fca-qui-tam,recoveries_total [agency=other],FY2023,USD,370594268,1,370594268.0,actual,usa-doj-fca-stats-2025,"U.S. Department of Justice, Civil Division",2026-01-16,0.1,revision,o-5014be5ce0
USA,usa-fca-qui-tam,recoveries_total [agency=other],FY2024,USD,1151501969,1,1151501969.0,actual,usa-doj-fca-stats-2024,"U.S. Department of Justice, Civil Division",2025-01-15,6.3,revision,o-8677c0b354
USA,usa-fca-qui-tam,recoveries_total [agency=other],FY2024,USD,1228417209,1,1228417209.0,actual,usa-doj-fca-stats-2025,"U.S. Department of Justice, Civil Division",2026-01-16,6.3,revision,o-ff2f06d59b
USA,usa-fca-qui-tam,recoveries_whistleblower_cases,FY2001,USD,1.2,billion,1200000000.0,actual,usa-doj-fca-pr-fy2001,"U.S. Department of Justice, Office of Public Affairs",2001-11-14,10.7,conflict,o-2e623aba82
USA,usa-fca-qui-tam,recoveries_whistleblower_cases,FY2001,USD,1344113067,1,1344113067.0,actual,usa-doj-fca-stats-2025,"U.S. Department of Justice, Civil Division",2026-01-16,10.7,conflict,o-a7f0e70872
USA,usa-fca-qui-tam,recoveries_whistleblower_cases,FY2003,USD,1.48,billion,1480000000.0,actual,usa-doj-fca-pr-fy2003,"U.S. Department of Justice, Office of Public Affairs",2003-11-10,3.9,conflict,o-1c629e9a92
USA,usa-fca-qui-tam,recoveries_whistleblower_cases,FY2003,USD,1540048263,1,1540048263.0,actual,usa-doj-fca-stats-2025,"U.S. Department of Justice, Civil Division",2026-01-16,3.9,conflict,o-920566800d
USA,usa-fca-qui-tam,recoveries_whistleblower_cases,FY2005,USD,1.1,billion,1100000000.0,actual,usa-doj-fca-pr-fy2005,"U.S. Department of Justice, Office of Public Affairs",2005-11-07,4.9,conflict,o-3005afdc85
USA,usa-fca-qui-tam,recoveries_whistleblower_cases,FY2005,USD,1156529117,1,1156529117.0,actual,usa-doj-fca-stats-2025,"U.S. Department of Justice, Civil Division",2026-01-16,4.9,conflict,o-e1fc3d94f0
USA,usa-fca-qui-tam,recoveries_whistleblower_cases,FY2006,USD,1.3,billion,1300000000.0,actual,usa-doj-fca-pr-fy2006,"U.S. Department of Justice, Office of Public Affairs",2006-11-21,14.1,conflict,o-53b5340b18
USA,usa-fca-qui-tam,recoveries_whistleblower_cases,FY2006,USD,1513816862,1,1513816862.0,actual,usa-doj-fca-stats-2025,"U.S. Department of Justice, Civil Division",2026-01-16,14.1,conflict,o-2b3400bd0c
USA,usa-fca-qui-tam,recoveries_whistleblower_cases,FY2007,USD,1411973849,1,1411973849.0,actual,usa-doj-fca-stats-2023,"U.S. Department of Justice, Civil Division",2024-02,2.6,conflict,o-799b5afbcc
USA,usa-fca-qui-tam,recoveries_whistleblower_cases,FY2007,USD,1411973849,1,1411973849.0,actual,usa-doj-fca-stats-2024,"U.S. Department of Justice, Civil Division",2025-01-15,2.6,conflict,o-efa42797a1
USA,usa-fca-qui-tam,recoveries_whistleblower_cases,FY2007,USD,1412863849,1,1412863849.0,actual,usa-doj-fca-stats-2025,"U.S. Department of Justice, Civil Division",2026-01-16,2.6,conflict,o-cc9b2f841b
USA,usa-fca-qui-tam,recoveries_whistleblower_cases,FY2007,USD,1.45,billion,1450000000.0,actual,usa-doj-fca-pr-fy2007,"U.S. Department of Justice, Office of Public Affairs",2007-11-01,2.6,conflict,o-c5cd301ed3
USA,usa-fca-qui-tam,recoveries_whistleblower_cases,FY2008,USD,1116597452,1,1116597452.0,actual,usa-doj-fca-stats-2023,"U.S. Department of Justice, Civil Division",2024-02,0.1,revision,o-1868dbae06
USA,usa-fca-qui-tam,recoveries_whistleblower_cases,FY2008,USD,1116597452,1,1116597452.0,actual,usa-doj-fca-stats-2024,"U.S. Department of Justice, Civil Division",2025-01-15,0.1,revision,o-96d68419e3
USA,usa-fca-qui-tam,recoveries_whistleblower_cases,FY2008,USD,1117967452,1,1117967452.0,actual,usa-doj-fca-stats-2025,"U.S. Department of Justice, Civil Division",2026-01-16,0.1,revision,o-f2bd4b00dd
USA,usa-fca-qui-tam,recoveries_whistleblower_cases,FY2010,USD,2.3,billion,2300000000.0,actual,usa-doj-fca-pr-fy2010,"U.S. Department of Justice, Office of Public Affairs",2010-11-22,3.7,conflict,o-74902bdf26
USA,usa-fca-qui-tam,recoveries_whistleblower_cases,FY2010,USD,2388833862,1,2388833862.0,actual,usa-doj-fca-stats-2023,"U.S. Department of Justice, Civil Division",2024-02,3.7,conflict,o-2ad7f21176
USA,usa-fca-qui-tam,recoveries_whistleblower_cases,FY2010,USD,2388833862,1,2388833862.0,actual,usa-doj-fca-stats-2024,"U.S. Department of Justice, Civil Division",2025-01-15,3.7,conflict,o-d3ec8aa844
USA,usa-fca-qui-tam,recoveries_whistleblower_cases,FY2010,USD,2388918862,1,2388918862.0,actual,usa-doj-fca-stats-2025,"U.S. Department of Justice, Civil Division",2026-01-16,3.7,conflict,o-b45f4ad0c2
USA,usa-fca-qui-tam,recoveries_whistleblower_cases,FY2012,USD,3.3,billion,3300000000.0,actual,usa-doj-fca-pr-fy2012,"U.S. Department of Justice, Office of Public Affairs",2012-12-04,4.9,conflict,o-f8caf30bf6
USA,usa-fca-qui-tam,recoveries_whistleblower_cases,FY2012,USD,3465743512,1,3465743512.0,actual,usa-doj-fca-stats-2023,"U.S. Department of Justice, Civil Division",2024-02,4.9,conflict,o-2463d0204d
USA,usa-fca-qui-tam,recoveries_whistleblower_cases,FY2012,USD,3467243512,1,3467243512.0,actual,usa-doj-fca-stats-2024,"U.S. Department of Justice, Civil Division",2025-01-15,4.9,conflict,o-3eac46252c
USA,usa-fca-qui-tam,recoveries_whistleblower_cases,FY2012,USD,3469931512,1,3469931512.0,actual,usa-doj-fca-stats-2025,"U.S. Department of Justice, Civil Division",2026-01-16,4.9,conflict,o-d49a922a45
USA,usa-fca-qui-tam,recoveries_whistleblower_cases,FY2013,USD,2.9,billion,2900000000.0,actual,usa-doj-fca-pr-fy2013,"U.S. Department of Justice, Office of Public Affairs",2013-12-20,4.3,conflict,o-4195b2b4e5
USA,usa-fca-qui-tam,recoveries_whistleblower_cases,FY2013,USD,3022600021,1,3022600021.0,actual,usa-doj-fca-stats-2023,"U.S. Department of Justice, Civil Division",2024-02,4.3,conflict,o-b8c6892ae9
USA,usa-fca-qui-tam,recoveries_whistleblower_cases,FY2013,USD,3022600021,1,3022600021.0,actual,usa-doj-fca-stats-2024,"U.S. Department of Justice, Civil Division",2025-01-15,4.3,conflict,o-23aa072f44
USA,usa-fca-qui-tam,recoveries_whistleblower_cases,FY2013,USD,3029155021,1,3029155021.0,actual,usa-doj-fca-stats-2025,"U.S. Department of Justice, Civil Division",2026-01-16,4.3,conflict,o-a25216e57d
USA,usa-fca-qui-tam,recoveries_whistleblower_cases,FY2014,USD,3,billion,3000000000.0,actual,usa-doj-fca-pr-fy2014,"U.S. Department of Justice, Office of Public Affairs",2014-11-20,33.1,conflict,o-b4665b1ce3
USA,usa-fca-qui-tam,recoveries_whistleblower_cases,FY2014,USD,4481816440,1,4481816440.0,actual,usa-doj-fca-stats-2025,"U.S. Department of Justice, Civil Division",2026-01-16,33.1,conflict,o-b6fbd921a8
USA,usa-fca-qui-tam,recoveries_whistleblower_cases,FY2015,USD,2414916993,1,2414916993.0,actual,usa-doj-fca-stats-2023,"U.S. Department of Justice, Civil Division",2024-02,13.8,conflict,o-7e0dfc3ba9
USA,usa-fca-qui-tam,recoveries_whistleblower_cases,FY2015,USD,2414916993,1,2414916993.0,actual,usa-doj-fca-stats-2024,"U.S. Department of Justice, Civil Division",2025-01-15,13.8,conflict,o-be25aa8eba
USA,usa-fca-qui-tam,recoveries_whistleblower_cases,FY2015,USD,2422330458,1,2422330458.0,actual,usa-doj-fca-stats-2025,"U.S. Department of Justice, Civil Division",2026-01-16,13.8,conflict,o-769dfe2ec5
USA,usa-fca-qui-tam,recoveries_whistleblower_cases,FY2015,USD,2.8,billion,2800000000.0,actual,usa-doj-fca-pr-fy2015,"U.S. Department of Justice, Office of Public Affairs",2015-12-03,13.8,conflict,o-59ca044406
USA,usa-fca-qui-tam,recoveries_whistleblower_cases,FY2016,USD,2.9,billion,2900000000.0,actual,usa-doj-fca-pr-fy2016,"U.S. Department of Justice, Office of Public Affairs",2016-12-14,4.5,conflict,o-a797f17a8f
USA,usa-fca-qui-tam,recoveries_whistleblower_cases,FY2016,USD,3036972202,1,3036972202.0,actual,usa-doj-fca-stats-2023,"U.S. Department of Justice, Civil Division",2024-02,4.5,conflict,o-6247d2225f
USA,usa-fca-qui-tam,recoveries_whistleblower_cases,FY2016,USD,3036972202,1,3036972202.0,actual,usa-doj-fca-stats-2024,"U.S. Department of Justice, Civil Division",2025-01-15,4.5,conflict,o-45dab534b6
USA,usa-fca-qui-tam,recoveries_whistleblower_cases,FY2016,USD,3037685292,1,3037685292.0,actual,usa-doj-fca-stats-2025,"U.S. Department of Justice, Civil Division",2026-01-16,4.5,conflict,o-f65644e1bf
USA,usa-fca-qui-tam,recoveries_whistleblower_cases,FY2017,USD,3157962787,1,3157962787.0,actual,usa-doj-fca-stats-2025,"U.S. Department of Justice, Civil Division",2026-01-16,7.1,conflict,o-df9301ab7b
USA,usa-fca-qui-tam,recoveries_whistleblower_cases,FY2017,USD,3.4,billion,3400000000.0,actual,usa-doj-fca-pr-fy2017,"U.S. Department of Justice, Office of Public Affairs",2017-12-21,7.1,conflict,o-73f09b33de
USA,usa-fca-qui-tam,recoveries_whistleblower_cases,FY2018,USD,2.1,billion,2100000000.0,actual,usa-doj-fca-pr-fy2018,"U.S. Department of Justice, Office of Public Affairs",2018-12-21,5.0,conflict,o-d5f5b50a5e
USA,usa-fca-qui-tam,recoveries_whistleblower_cases,FY2018,USD,2208926638,1,2208926638.0,actual,usa-doj-fca-stats-2024,"U.S. Department of Justice, Civil Division",2025-01-15,5.0,conflict,o-20f79d4b3a
USA,usa-fca-qui-tam,recoveries_whistleblower_cases,FY2018,USD,2209476638,1,2209476638.0,actual,usa-doj-fca-stats-2023,"U.S. Department of Justice, Civil Division",2024-02,5.0,conflict,o-85d9847cc5
USA,usa-fca-qui-tam,recoveries_whistleblower_cases,FY2018,USD,2210126638,1,2210126638.0,actual,usa-doj-fca-stats-2025,"U.S. Department of Justice, Civil Division",2026-01-16,5.0,conflict,o-f8ae1dc41c
USA,usa-fca-qui-tam,recoveries_whistleblower_cases,FY2019,USD,2.1,billion,2100000000.0,actual,usa-doj-fca-pr-fy2019,"U.S. Department of Justice, Office of Public Affairs",2020-01-09,5.4,conflict,o-36dfb5d249
USA,usa-fca-qui-tam,recoveries_whistleblower_cases,FY2019,USD,2218144158,1,2218144158.0,actual,usa-doj-fca-stats-2025,"U.S. Department of Justice, Civil Division",2026-01-16,5.4,conflict,o-b9786497ee
USA,usa-fca-qui-tam,recoveries_whistleblower_cases,FY2019,USD,2220034725,1,2220034725.0,actual,usa-doj-fca-stats-2023,"U.S. Department of Justice, Civil Division",2024-02,5.4,conflict,o-21fb55b795
USA,usa-fca-qui-tam,recoveries_whistleblower_cases,FY2020,USD,1.6,billion,1600000000.0,actual,usa-doj-fca-pr-fy2020,"U.S. Department of Justice, Office of Public Affairs",2021-01-14,9.1,conflict,o-7c71847e8b
USA,usa-fca-qui-tam,recoveries_whistleblower_cases,FY2020,USD,1716345380,1,1716345380.0,actual,usa-doj-fca-stats-2023,"U.S. Department of Justice, Civil Division",2024-02,9.1,conflict,o-c84e6b6080
USA,usa-fca-qui-tam,recoveries_whistleblower_cases,FY2020,USD,1730347877,1,1730347877.0,actual,usa-doj-fca-stats-2024,"U.S. Department of Justice, Civil Division",2025-01-15,9.1,conflict,o-3c05017c75
USA,usa-fca-qui-tam,recoveries_whistleblower_cases,FY2020,USD,1760847877,1,1760847877.0,actual,usa-doj-fca-stats-2025,"U.S. Department of Justice, Civil Division",2026-01-16,9.1,conflict,o-fde4478df6
USA,usa-fca-qui-tam,recoveries_whistleblower_cases,FY2021,USD,1.6,billion,1600000000.0,actual,usa-doj-fca-pr-fy2021,"U.S. Department of Justice, Office of Public Affairs",2022-02-01,6.9,conflict,o-f685d51b50
USA,usa-fca-qui-tam,recoveries_whistleblower_cases,FY2021,USD,1693421136,1,1693421136.0,actual,usa-doj-fca-stats-2025,"U.S. Department of Justice, Civil Division",2026-01-16,6.9,conflict,o-fe1287ace1
USA,usa-fca-qui-tam,recoveries_whistleblower_cases,FY2021,USD,1718471136,1,1718471136.0,actual,usa-doj-fca-stats-2023,"U.S. Department of Justice, Civil Division",2024-02,6.9,conflict,o-b345ba3ac6
USA,usa-fca-qui-tam,recoveries_whistleblower_cases,FY2022,USD,1.9,billion,1900000000.0,actual,usa-doj-fca-pr-fy2022,"U.S. Department of Justice, Office of Public Affairs",2023-02-07,5.3,conflict,o-992c17a4ed
USA,usa-fca-qui-tam,recoveries_whistleblower_cases,FY2022,USD,1991247248,1,1991247248.0,actual,usa-doj-fca-stats-2023,"U.S. Department of Justice, Civil Division",2024-02,5.3,conflict,o-07d8f2f74d
USA,usa-fca-qui-tam,recoveries_whistleblower_cases,FY2022,USD,1996472978,1,1996472978.0,actual,usa-doj-fca-stats-2024,"U.S. Department of Justice, Civil Division",2025-01-15,5.3,conflict,o-34a77c5630
USA,usa-fca-qui-tam,recoveries_whistleblower_cases,FY2022,USD,2006630594,1,2006630594.0,actual,usa-doj-fca-stats-2025,"U.S. Department of Justice, Civil Division",2026-01-16,5.3,conflict,o-67ddaf706d
USA,usa-fca-qui-tam,recoveries_whistleblower_cases,FY2023,USD,2.3,billion,2300000000.0,actual,usa-doj-fca-pr-fy2023,"U.S. Department of Justice, Office of Public Affairs",2024-02-22,9.0,conflict,o-7767c2e7c5
USA,usa-fca-qui-tam,recoveries_whistleblower_cases,FY2023,USD,2333267231,1,2333267231.0,actual,usa-doj-fca-stats-2023,"U.S. Department of Justice, Civil Division",2024-02,9.0,conflict,o-ed8e453252
USA,usa-fca-qui-tam,recoveries_whistleblower_cases,FY2023,USD,2423697644,1,2423697644.0,actual,usa-doj-fca-stats-2024,"U.S. Department of Justice, Civil Division",2025-01-15,9.0,conflict,o-4692405800
USA,usa-fca-qui-tam,recoveries_whistleblower_cases,FY2023,USD,2528717807,1,2528717807.0,actual,usa-doj-fca-stats-2025,"U.S. Department of Justice, Civil Division",2026-01-16,9.0,conflict,o-a9564e0b37
USA,usa-fca-qui-tam,recoveries_whistleblower_cases,FY2024,USD,2.4,billion,2400000000.0,actual,usa-doj-fca-pr-fy2024,"U.S. Department of Justice, Office of Public Affairs",2025-01-15,8.7,conflict,o-3c66f6ec7f
USA,usa-fca-qui-tam,recoveries_whistleblower_cases,FY2024,USD,2417851046,1,2417851046.0,actual,usa-doj-fca-stats-2024,"U.S. Department of Justice, Civil Division",2025-01-15,8.7,conflict,o-d7e00ee736
USA,usa-fca-qui-tam,recoveries_whistleblower_cases,FY2024,USD,2629721006,1,2629721006.0,actual,usa-doj-fca-stats-2025,"U.S. Department of Justice, Civil Division",2026-01-16,8.7,conflict,o-2c5cec9caa
USA,usa-fca-qui-tam,recoveries_whistleblower_cases [agency=DoD],FY2008,USD,66169481,1,66169481.0,actual,usa-doj-fca-stats-2024,"U.S. Department of Justice, Civil Division",2025-01-15,2.0,revision,o-602f61d641
USA,usa-fca-qui-tam,recoveries_whistleblower_cases [agency=DoD],FY2008,USD,67539481,1,67539481.0,actual,usa-doj-fca-stats-2025,"U.S. Department of Justice, Civil Division",2026-01-16,2.0,revision,o-489f0356bb
USA,usa-fca-qui-tam,recoveries_whistleblower_cases [agency=DoD],FY2013,USD,47272462,1,47272462.0,actual,usa-doj-fca-stats-2024,"U.S. Department of Justice, Civil Division",2025-01-15,11.0,revision,o-76c66c3b83
USA,usa-fca-qui-tam,recoveries_whistleblower_cases [agency=DoD],FY2013,USD,53127462,1,53127462.0,actual,usa-doj-fca-stats-2025,"U.S. Department of Justice, Civil Division",2026-01-16,11.0,revision,o-8d50273ce5
USA,usa-fca-qui-tam,recoveries_whistleblower_cases [agency=DoD],FY2024,USD,85238356,1,85238356.0,actual,usa-doj-fca-stats-2024,"U.S. Department of Justice, Civil Division",2025-01-15,5.6,revision,o-870605db5e
USA,usa-fca-qui-tam,recoveries_whistleblower_cases [agency=DoD],FY2024,USD,90280023,1,90280023.0,actual,usa-doj-fca-stats-2025,"U.S. Department of Justice, Civil Division",2026-01-16,5.6,revision,o-6d8fb95f43
USA,usa-fca-qui-tam,recoveries_whistleblower_cases [agency=HHS],FY2013,USD,2698511924,1,2698511924.0,actual,usa-doj-fca-stats-2024,"U.S. Department of Justice, Civil Division",2025-01-15,0.0,revision,o-1fb998dcf0
USA,usa-fca-qui-tam,recoveries_whistleblower_cases [agency=HHS],FY2013,USD,2699211924,1,2699211924.0,actual,usa-doj-fca-stats-2025,"U.S. Department of Justice, Civil Division",2026-01-16,0.0,revision,o-c32a8920d9
USA,usa-fca-qui-tam,recoveries_whistleblower_cases [agency=HHS],FY2015,USD,1969226070,1,1969226070.0,actual,usa-doj-fca-stats-2024,"U.S. Department of Justice, Civil Division",2025-01-15,0.4,revision,o-bb1488ccfb
USA,usa-fca-qui-tam,recoveries_whistleblower_cases [agency=HHS],FY2015,USD,1976639535,1,1976639535.0,actual,usa-doj-fca-stats-2025,"U.S. Department of Justice, Civil Division",2026-01-16,0.4,revision,o-09bc8dd765
USA,usa-fca-qui-tam,recoveries_whistleblower_cases [agency=HHS],FY2018,USD,2039221258,1,2039221258.0,actual,usa-doj-fca-stats-2024,"U.S. Department of Justice, Civil Division",2025-01-15,0.1,revision,o-b1e73ebdc3
USA,usa-fca-qui-tam,recoveries_whistleblower_cases [agency=HHS],FY2018,USD,2040421258,1,2040421258.0,actual,usa-doj-fca-stats-2025,"U.S. Department of Justice, Civil Division",2026-01-16,0.1,revision,o-889645b229
USA,usa-fca-qui-tam,recoveries_whistleblower_cases [agency=HHS],FY2020,USD,1488942305,1,1488942305.0,actual,usa-doj-fca-stats-2024,"U.S. Department of Justice, Civil Division",2025-01-15,2.0,revision,o-ded6387ee8
USA,usa-fca-qui-tam,recoveries_whistleblower_cases [agency=HHS],FY2020,USD,1519442305,1,1519442305.0,actual,usa-doj-fca-stats-2025,"U.S. Department of Justice, Civil Division",2026-01-16,2.0,revision,o-1268e237b1
USA,usa-fca-qui-tam,recoveries_whistleblower_cases [agency=HHS],FY2022,USD,1683880334,1,1683880334.0,actual,usa-doj-fca-stats-2024,"U.S. Department of Justice, Civil Division",2025-01-15,0.4,revision,o-ba9a17a4c6
USA,usa-fca-qui-tam,recoveries_whistleblower_cases [agency=HHS],FY2022,USD,1691329490,1,1691329490.0,actual,usa-doj-fca-stats-2025,"U.S. Department of Justice, Civil Division",2026-01-16,0.4,revision,o-140658966c
USA,usa-fca-qui-tam,recoveries_whistleblower_cases [agency=HHS],FY2023,USD,1617857532,1,1617857532.0,actual,usa-doj-fca-stats-2024,"U.S. Department of Justice, Civil Division",2025-01-15,6.1,revision,o-b812012857
USA,usa-fca-qui-tam,recoveries_whistleblower_cases [agency=HHS],FY2023,USD,1722477695,1,1722477695.0,actual,usa-doj-fca-stats-2025,"U.S. Department of Justice, Civil Division",2026-01-16,6.1,revision,o-9f9580b976
USA,usa-fca-qui-tam,recoveries_whistleblower_cases [agency=HHS],FY2024,USD,1451487310,1,1451487310.0,actual,usa-doj-fca-stats-2024,"U.S. Department of Justice, Civil Division",2025-01-15,8.2,revision,o-90d9fc4ece
USA,usa-fca-qui-tam,recoveries_whistleblower_cases [agency=HHS],FY2024,USD,1581695790,1,1581695790.0,actual,usa-doj-fca-stats-2025,"U.S. Department of Justice, Civil Division",2026-01-16,8.2,revision,o-9e034002d5
USA,usa-fca-qui-tam,recoveries_whistleblower_cases [agency=other],FY2007,USD,293173657,1,293173657.0,actual,usa-doj-fca-stats-2024,"U.S. Department of Justice, Civil Division",2025-01-15,0.3,revision,o-c54a5d97a0
USA,usa-fca-qui-tam,recoveries_whistleblower_cases [agency=other],FY2007,USD,294063657,1,294063657.0,actual,usa-doj-fca-stats-2025,"U.S. Department of Justice, Civil Division",2026-01-16,0.3,revision,o-9b5d450be4
USA,usa-fca-qui-tam,recoveries_whistleblower_cases [agency=other],FY2010,USD,175834147,1,175834147.0,actual,usa-doj-fca-stats-2024,"U.S. Department of Justice, Civil Division",2025-01-15,0.0,revision,o-5deb6df60a
USA,usa-fca-qui-tam,recoveries_whistleblower_cases [agency=other],FY2010,USD,175919147,1,175919147.0,actual,usa-doj-fca-stats-2025,"U.S. Department of Justice, Civil Division",2026-01-16,0.0,revision,o-a58a10be34
USA,usa-fca-qui-tam,recoveries_whistleblower_cases [agency=other],FY2012,USD,679455206,1,679455206.0,actual,usa-doj-fca-stats-2024,"U.S. Department of Justice, Civil Division",2025-01-15,0.4,revision,o-0c7a1fed02
USA,usa-fca-qui-tam,recoveries_whistleblower_cases [agency=other],FY2012,USD,682143206,1,682143206.0,actual,usa-doj-fca-stats-2025,"U.S. Department of Justice, Civil Division",2026-01-16,0.4,revision,o-a0e0dd57d1
USA,usa-fca-qui-tam,recoveries_whistleblower_cases [agency=other],FY2016,USD,347705540,1,347705540.0,actual,usa-doj-fca-stats-2024,"U.S. Department of Justice, Civil Division",2025-01-15,0.2,revision,o-7222d2c7ac
USA,usa-fca-qui-tam,recoveries_whistleblower_cases [agency=other],FY2016,USD,348418630,1,348418630.0,actual,usa-doj-fca-stats-2025,"U.S. Department of Justice, Civil Division",2026-01-16,0.2,revision,o-04b193b073
USA,usa-fca-qui-tam,recoveries_whistleblower_cases [agency=other],FY2022,USD,256781351,1,256781351.0,actual,usa-doj-fca-stats-2024,"U.S. Department of Justice, Civil Division",2025-01-15,1.0,revision,o-6ab03e0493
USA,usa-fca-qui-tam,recoveries_whistleblower_cases [agency=other],FY2022,USD,259489810,1,259489810.0,actual,usa-doj-fca-stats-2025,"U.S. Department of Justice, Civil Division",2026-01-16,1.0,revision,o-39ff97dad3
USA,usa-fca-qui-tam,recoveries_whistleblower_cases [agency=other],FY2023,USD,304559185,1,304559185.0,actual,usa-doj-fca-stats-2024,"U.S. Department of Justice, Civil Division",2025-01-15,0.1,revision,o-a28ff2c729
USA,usa-fca-qui-tam,recoveries_whistleblower_cases [agency=other],FY2023,USD,304959185,1,304959185.0,actual,usa-doj-fca-stats-2025,"U.S. Department of Justice, Civil Division",2026-01-16,0.1,revision,o-e528a24a5a
USA,usa-fca-qui-tam,recoveries_whistleblower_cases [agency=other],FY2024,USD,881125379,1,881125379.0,actual,usa-doj-fca-stats-2024,"U.S. Department of Justice, Civil Division",2025-01-15,8.0,revision,o-af48a1fd21
USA,usa-fca-qui-tam,recoveries_whistleblower_cases [agency=other],FY2024,USD,957745193,1,957745193.0,actual,usa-doj-fca-stats-2025,"U.S. Department of Justice, Civil Division",2026-01-16,8.0,revision,o-42fe42192a
USA,usa-fca-qui-tam,recoveries_whistleblower_cases [intervention=declined;agency=DoD],FY2024,USD,14000000,1,14000000.0,actual,usa-doj-fca-stats-2024,"U.S. Department of Justice, Civil Division",2025-01-15,0.3,revision,o-141897c22a
USA,usa-fca-qui-tam,recoveries_whistleblower_cases [intervention=declined;agency=DoD],FY2024,USD,14041667,1,14041667.0,actual,usa-doj-fca-stats-2025,"U.S. Department of Justice, Civil Division",2026-01-16,0.3,revision,o-ca81d38b50
USA,usa-fca-qui-tam,recoveries_whistleblower_cases [intervention=declined;agency=HHS],FY2022,USD,1013430856,1,1013430856.0,actual,usa-doj-fca-stats-2024,"U.S. Department of Justice, Civil Division",2025-01-15,0.7,revision,o-fc25bbe40f
USA,usa-fca-qui-tam,recoveries_whistleblower_cases [intervention=declined;agency=HHS],FY2022,USD,1020514752,1,1020514752.0,actual,usa-doj-fca-stats-2025,"U.S. Department of Justice, Civil Division",2026-01-16,0.7,revision,o-21b08fdafd
USA,usa-fca-qui-tam,recoveries_whistleblower_cases [intervention=declined;agency=HHS],FY2023,USD,250595454,1,250595454.0,actual,usa-doj-fca-stats-2024,"U.S. Department of Justice, Civil Division",2025-01-15,11.6,revision,o-f2417be872
USA,usa-fca-qui-tam,recoveries_whistleblower_cases [intervention=declined;agency=HHS],FY2023,USD,283349201,1,283349201.0,actual,usa-doj-fca-stats-2025,"U.S. Department of Justice, Civil Division",2026-01-16,11.6,revision,o-7b2274d558
USA,usa-fca-qui-tam,recoveries_whistleblower_cases [intervention=declined;agency=HHS],FY2024,USD,189582215,1,189582215.0,actual,usa-doj-fca-stats-2024,"U.S. Department of Justice, Civil Division",2025-01-15,32.3,revision,o-604586699b
USA,usa-fca-qui-tam,recoveries_whistleblower_cases [intervention=declined;agency=HHS],FY2024,USD,279970882,1,279970882.0,actual,usa-doj-fca-stats-2025,"U.S. Department of Justice, Civil Division",2026-01-16,32.3,revision,o-aeb3a7bcb2
USA,usa-fca-qui-tam,recoveries_whistleblower_cases [intervention=declined;agency=other],FY2022,USD,147313320,1,147313320.0,actual,usa-doj-fca-stats-2024,"U.S. Department of Justice, Civil Division",2025-01-15,1.8,revision,o-15880febb1
USA,usa-fca-qui-tam,recoveries_whistleblower_cases [intervention=declined;agency=other],FY2022,USD,150021779,1,150021779.0,actual,usa-doj-fca-stats-2025,"U.S. Department of Justice, Civil Division",2026-01-16,1.8,revision,o-583c244996
USA,usa-fca-qui-tam,recoveries_whistleblower_cases [intervention=declined;agency=other],FY2024,USD,14382897,1,14382897.0,actual,usa-doj-fca-stats-2024,"U.S. Department of Justice, Civil Division",2025-01-15,18.8,revision,o-731c284405
USA,usa-fca-qui-tam,recoveries_whistleblower_cases [intervention=declined;agency=other],FY2024,USD,17716380,1,17716380.0,actual,usa-doj-fca-stats-2025,"U.S. Department of Justice, Civil Division",2026-01-16,18.8,revision,o-46a75200bb
USA,usa-fca-qui-tam,recoveries_whistleblower_cases [intervention=declined],FY2021,USD,480654272,1,480654272.0,actual,usa-doj-fca-stats-2023,"U.S. Department of Justice, Civil Division",2024-02,0.4,revision,o-210f3e1eff
USA,usa-fca-qui-tam,recoveries_whistleblower_cases [intervention=declined],FY2021,USD,482504272,1,482504272.0,actual,usa-doj-fca-stats-2025,"U.S. Department of Justice, Civil Division",2026-01-16,0.4,revision,o-a96b733607
USA,usa-fca-qui-tam,recoveries_whistleblower_cases [intervention=declined],FY2022,USD,1187919176,1,1187919176.0,actual,usa-doj-fca-stats-2023,"U.S. Department of Justice, Civil Division",2024-02,0.9,revision,o-3515124eb0
USA,usa-fca-qui-tam,recoveries_whistleblower_cases [intervention=declined],FY2022,USD,1189419176,1,1189419176.0,actual,usa-doj-fca-stats-2024,"U.S. Department of Justice, Civil Division",2025-01-15,0.9,revision,o-4c187a81c8
USA,usa-fca-qui-tam,recoveries_whistleblower_cases [intervention=declined],FY2022,USD,1199211531,1,1199211531.0,actual,usa-doj-fca-stats-2025,"U.S. Department of Justice, Civil Division",2026-01-16,0.9,revision,o-8559cb3732
USA,usa-fca-qui-tam,recoveries_whistleblower_cases [intervention=declined],FY2023,USD,442334476,1,442334476.0,actual,usa-doj-fca-stats-2023,"U.S. Department of Justice, Civil Division",2024-02,11.5,revision,o-1316520db7
USA,usa-fca-qui-tam,recoveries_whistleblower_cases [intervention=declined],FY2023,USD,466884196,1,466884196.0,actual,usa-doj-fca-stats-2024,"U.S. Department of Justice, Civil Division",2025-01-15,11.5,revision,o-cdb9caad65
USA,usa-fca-qui-tam,recoveries_whistleblower_cases [intervention=declined],FY2023,USD,499637944,1,499637944.0,actual,usa-doj-fca-stats-2025,"U.S. Department of Justice, Civil Division",2026-01-16,11.5,revision,o-77e7ff470e
USA,usa-fca-qui-tam,recoveries_whistleblower_cases [intervention=declined],FY2024,USD,217965112,1,217965112.0,actual,usa-doj-fca-stats-2024,"U.S. Department of Justice, Civil Division",2025-01-15,30.1,revision,o-28ce053df2
USA,usa-fca-qui-tam,recoveries_whistleblower_cases [intervention=declined],FY2024,USD,311728929,1,311728929.0,actual,usa-doj-fca-stats-2025,"U.S. Department of Justice, Civil Division",2026-01-16,30.1,revision,o-fc4a4cf60e
USA,usa-fca-qui-tam,recoveries_whistleblower_cases [intervention=intervened;agency=DoD],FY2008,USD,60468116,1,60468116.0,actual,usa-doj-fca-stats-2024,"U.S. Department of Justice, Civil Division",2025-01-15,2.2,revision,o-d3611b17bb
USA,usa-fca-qui-tam,recoveries_whistleblower_cases [intervention=intervened;agency=DoD],FY2008,USD,61838116,1,61838116.0,actual,usa-doj-fca-stats-2025,"U.S. Department of Justice, Civil Division",2026-01-16,2.2,revision,o-addac9a7a6
USA,usa-fca-qui-tam,recoveries_whistleblower_cases [intervention=intervened;agency=DoD],FY2013,USD,47118462,1,47118462.0,actual,usa-doj-fca-stats-2024,"U.S. Department of Justice, Civil Division",2025-01-15,11.1,revision,o-4f106687d6
USA,usa-fca-qui-tam,recoveries_whistleblower_cases [intervention=intervened;agency=DoD],FY2013,USD,52973462,1,52973462.0,actual,usa-doj-fca-stats-2025,"U.S. Department of Justice, Civil Division",2026-01-16,11.1,revision,o-6cce0fdd1e
USA,usa-fca-qui-tam,recoveries_whistleblower_cases [intervention=intervened;agency=DoD],FY2024,USD,71238356,1,71238356.0,actual,usa-doj-fca-stats-2024,"U.S. Department of Justice, Civil Division",2025-01-15,6.6,revision,o-e8dba32367
USA,usa-fca-qui-tam,recoveries_whistleblower_cases [intervention=intervened;agency=DoD],FY2024,USD,76238356,1,76238356.0,actual,usa-doj-fca-stats-2025,"U.S. Department of Justice, Civil Division",2026-01-16,6.6,revision,o-3912e97729
USA,usa-fca-qui-tam,recoveries_whistleblower_cases [intervention=intervened;agency=HHS],FY2013,USD,2575656951,1,2575656951.0,actual,usa-doj-fca-stats-2024,"U.S. Department of Justice, Civil Division",2025-01-15,0.0,revision,o-2c13d01060
USA,usa-fca-qui-tam,recoveries_whistleblower_cases [intervention=intervened;agency=HHS],FY2013,USD,2576356951,1,2576356951.0,actual,usa-doj-fca-stats-2025,"U.S. Department of Justice, Civil Division",2026-01-16,0.0,revision,o-93d7e6dbf3
USA,usa-fca-qui-tam,recoveries_whistleblower_cases [intervention=intervened;agency=HHS],FY2015,USD,1492103005,1,1492103005.0,actual,usa-doj-fca-stats-2024,"U.S. Department of Justice, Civil Division",2025-01-15,0.5,revision,o-6a6007688d
USA,usa-fca-qui-tam,recoveries_whistleblower_cases [intervention=intervened;agency=HHS],FY2015,USD,1499516469,1,1499516469.0,actual,usa-doj-fca-stats-2025,"U.S. Department of Justice, Civil Division",2026-01-16,0.5,revision,o-6343142b63
USA,usa-fca-qui-tam,recoveries_whistleblower_cases [intervention=intervened;agency=HHS],FY2018,USD,1866262636,1,1866262636.0,actual,usa-doj-fca-stats-2024,"U.S. Department of Justice, Civil Division",2025-01-15,0.1,revision,o-70e390ddce
USA,usa-fca-qui-tam,recoveries_whistleblower_cases [intervention=intervened;agency=HHS],FY2018,USD,1867462636,1,1867462636.0,actual,usa-doj-fca-stats-2025,"U.S. Department of Justice, Civil Division",2026-01-16,0.1,revision,o-bcc8461d25
USA,usa-fca-qui-tam,recoveries_whistleblower_cases [intervention=intervened;agency=HHS],FY2020,USD,1308863256,1,1308863256.0,actual,usa-doj-fca-stats-2024,"U.S. Department of Justice, Civil Division",2025-01-15,2.3,revision,o-82f1bb0775
USA,usa-fca-qui-tam,recoveries_whistleblower_cases [intervention=intervened;agency=HHS],FY2020,USD,1339363256,1,1339363256.0,actual,usa-doj-fca-stats-2025,"U.S. Department of Justice, Civil Division",2026-01-16,2.3,revision,o-26fa317024
USA,usa-fca-qui-tam,recoveries_whistleblower_cases [intervention=intervened;agency=HHS],FY2022,USD,670449478,1,670449478.0,actual,usa-doj-fca-stats-2024,"U.S. Department of Justice, Civil Division",2025-01-15,0.1,revision,o-ee63c15c6a
USA,usa-fca-qui-tam,recoveries_whistleblower_cases [intervention=intervened;agency=HHS],FY2022,USD,670814738,1,670814738.0,actual,usa-doj-fca-stats-2025,"U.S. Department of Justice, Civil Division",2026-01-16,0.1,revision,o-bab926eb1a
USA,usa-fca-qui-tam,recoveries_whistleblower_cases [intervention=intervened;agency=HHS],FY2023,USD,1367262078,1,1367262078.0,actual,usa-doj-fca-stats-2024,"U.S. Department of Justice, Civil Division",2025-01-15,5.0,revision,o-818ce9473f
USA,usa-fca-qui-tam,recoveries_whistleblower_cases [intervention=intervened;agency=HHS],FY2023,USD,1439128493,1,1439128493.0,actual,usa-doj-fca-stats-2025,"U.S. Department of Justice, Civil Division",2026-01-16,5.0,revision,o-13492c87fd
USA,usa-fca-qui-tam,recoveries_whistleblower_cases [intervention=intervened;agency=HHS],FY2024,USD,1261905095,1,1261905095.0,actual,usa-doj-fca-stats-2024,"U.S. Department of Justice, Civil Division",2025-01-15,3.1,revision,o-50465f0863
USA,usa-fca-qui-tam,recoveries_whistleblower_cases [intervention=intervened;agency=HHS],FY2024,USD,1301724908,1,1301724908.0,actual,usa-doj-fca-stats-2025,"U.S. Department of Justice, Civil Division",2026-01-16,3.1,revision,o-7719c2231c
USA,usa-fca-qui-tam,recoveries_whistleblower_cases [intervention=intervened;agency=other],FY2007,USD,285880313,1,285880313.0,actual,usa-doj-fca-stats-2024,"U.S. Department of Justice, Civil Division",2025-01-15,0.3,revision,o-a75fe71f23
USA,usa-fca-qui-tam,recoveries_whistleblower_cases [intervention=intervened;agency=other],FY2007,USD,286770313,1,286770313.0,actual,usa-doj-fca-stats-2025,"U.S. Department of Justice, Civil Division",2026-01-16,0.3,revision,o-0d15fa51dd
USA,usa-fca-qui-tam,recoveries_whistleblower_cases [intervention=intervened;agency=other],FY2010,USD,91895466,1,91895466.0,actual,usa-doj-fca-stats-2024,"U.S. Department of Justice, Civil Division",2025-01-15,0.1,revision,o-72da0d8638
USA,usa-fca-qui-tam,recoveries_whistleblower_cases [intervention=intervened;agency=other],FY2010,USD,91980466,1,91980466.0,actual,usa-doj-fca-stats-2025,"U.S. Department of Justice, Civil Division",2026-01-16,0.1,revision,o-aed866737f
USA,usa-fca-qui-tam,recoveries_whistleblower_cases [intervention=intervened;agency=other],FY2012,USD,627352531,1,627352531.0,actual,usa-doj-fca-stats-2024,"U.S. Department of Justice, Civil Division",2025-01-15,0.4,revision,o-4a3658328e
USA,usa-fca-qui-tam,recoveries_whistleblower_cases [intervention=intervened;agency=other],FY2012,USD,630040531,1,630040531.0,actual,usa-doj-fca-stats-2025,"U.S. Department of Justice, Civil Division",2026-01-16,0.4,revision,o-025048bc2b
USA,usa-fca-qui-tam,recoveries_whistleblower_cases [intervention=intervened;agency=other],FY2016,USD,328268159,1,328268159.0,actual,usa-doj-fca-stats-2024,"U.S. Department of Justice, Civil Division",2025-01-15,0.2,revision,o-8607c5f698
USA,usa-fca-qui-tam,recoveries_whistleblower_cases [intervention=intervened;agency=other],FY2016,USD,328981249,1,328981249.0,actual,usa-doj-fca-stats-2025,"U.S. Department of Justice, Civil Division",2026-01-16,0.2,revision,o-24b10e2af5
USA,usa-fca-qui-tam,recoveries_whistleblower_cases [intervention=intervened;agency=other],FY2023,USD,200497974,1,200497974.0,actual,usa-doj-fca-stats-2024,"U.S. Department of Justice, Civil Division",2025-01-15,0.2,revision,o-c279410015
USA,usa-fca-qui-tam,recoveries_whistleblower_cases [intervention=intervened;agency=other],FY2023,USD,200897974,1,200897974.0,actual,usa-doj-fca-stats-2025,"U.S. Department of Justice, Civil Division",2026-01-16,0.2,revision,o-2c2e7e7c11
USA,usa-fca-qui-tam,recoveries_whistleblower_cases [intervention=intervened;agency=other],FY2024,USD,866742483,1,866742483.0,actual,usa-doj-fca-stats-2024,"U.S. Department of Justice, Civil Division",2025-01-15,7.8,revision,o-1d1eb976e6
USA,usa-fca-qui-tam,recoveries_whistleblower_cases [intervention=intervened;agency=other],FY2024,USD,940028813,1,940028813.0,actual,usa-doj-fca-stats-2025,"U.S. Department of Justice, Civil Division",2026-01-16,7.8,revision,o-b6482c7c64
USA,usa-fca-qui-tam,recoveries_whistleblower_cases [intervention=intervened],FY2007,USD,1251726955,1,1251726955.0,actual,usa-doj-fca-stats-2023,"U.S. Department of Justice, Civil Division",2024-02,0.1,revision,o-ae5cf047d9
USA,usa-fca-qui-tam,recoveries_whistleblower_cases [intervention=intervened],FY2007,USD,1251726955,1,1251726955.0,actual,usa-doj-fca-stats-2024,"U.S. Department of Justice, Civil Division",2025-01-15,0.1,revision,o-f2583a0d26
USA,usa-fca-qui-tam,recoveries_whistleblower_cases [intervention=intervened],FY2007,USD,1252616955,1,1252616955.0,actual,usa-doj-fca-stats-2025,"U.S. Department of Justice, Civil Division",2026-01-16,0.1,revision,o-83facb0c32
USA,usa-fca-qui-tam,recoveries_whistleblower_cases [intervention=intervened],FY2008,USD,1103918516,1,1103918516.0,actual,usa-doj-fca-stats-2023,"U.S. Department of Justice, Civil Division",2024-02,0.1,revision,o-81dfad7275
USA,usa-fca-qui-tam,recoveries_whistleblower_cases [intervention=intervened],FY2008,USD,1103918516,1,1103918516.0,actual,usa-doj-fca-stats-2024,"U.S. Department of Justice, Civil Division",2025-01-15,0.1,revision,o-45e406fe68
USA,usa-fca-qui-tam,recoveries_whistleblower_cases [intervention=intervened],FY2008,USD,1105288516,1,1105288516.0,actual,usa-doj-fca-stats-2025,"U.S. Department of Justice, Civil Division",2026-01-16,0.1,revision,o-c1da16f851
USA,usa-fca-qui-tam,recoveries_whistleblower_cases [intervention=intervened],FY2010,USD,2279055248,1,2279055248.0,actual,usa-doj-fca-stats-2023,"U.S. Department of Justice, Civil Division",2024-02,0.0,revision,o-12d16f5ab5
USA,usa-fca-qui-tam,recoveries_whistleblower_cases [intervention=intervened],FY2010,USD,2279055248,1,2279055248.0,actual,usa-doj-fca-stats-2024,"U.S. Department of Justice, Civil Division",2025-01-15,0.0,revision,o-1f775a288d
USA,usa-fca-qui-tam,recoveries_whistleblower_cases [intervention=intervened],FY2010,USD,2279140248,1,2279140248.0,actual,usa-doj-fca-stats-2025,"U.S. Department of Justice, Civil Division",2026-01-16,0.0,revision,o-5bf0f457d6
USA,usa-fca-qui-tam,recoveries_whistleblower_cases [intervention=intervened],FY2012,USD,3375495169,1,3375495169.0,actual,usa-doj-fca-stats-2023,"U.S. Department of Justice, Civil Division",2024-02,0.1,revision,o-94a052ad38
USA,usa-fca-qui-tam,recoveries_whistleblower_cases [intervention=intervened],FY2012,USD,3376995169,1,3376995169.0,actual,usa-doj-fca-stats-2024,"U.S. Department of Justice, Civil Division",2025-01-15,0.1,revision,o-2ea6a73d18
USA,usa-fca-qui-tam,recoveries_whistleblower_cases [intervention=intervened],FY2012,USD,3379683169,1,3379683169.0,actual,usa-doj-fca-stats-2025,"U.S. Department of Justice, Civil Division",2026-01-16,0.1,revision,o-46d8be604c
USA,usa-fca-qui-tam,recoveries_whistleblower_cases [intervention=intervened],FY2013,USD,2818607362,1,2818607362.0,actual,usa-doj-fca-stats-2023,"U.S. Department of Justice, Civil Division",2024-02,0.2,revision,o-752ee0ef10
USA,usa-fca-qui-tam,recoveries_whistleblower_cases [intervention=intervened],FY2013,USD,2818607362,1,2818607362.0,actual,usa-doj-fca-stats-2024,"U.S. Department of Justice, Civil Division",2025-01-15,0.2,revision,o-463ade039c
USA,usa-fca-qui-tam,recoveries_whistleblower_cases [intervention=intervened],FY2013,USD,2825162362,1,2825162362.0,actual,usa-doj-fca-stats-2025,"U.S. Department of Justice, Civil Division",2026-01-16,0.2,revision,o-0b685aa2da
USA,usa-fca-qui-tam,recoveries_whistleblower_cases [intervention=intervened],FY2015,USD,1898041298,1,1898041298.0,actual,usa-doj-fca-stats-2023,"U.S. Department of Justice, Civil Division",2024-02,0.4,revision,o-6759b76cfb
USA,usa-fca-qui-tam,recoveries_whistleblower_cases [intervention=intervened],FY2015,USD,1898041298,1,1898041298.0,actual,usa-doj-fca-stats-2024,"U.S. Department of Justice, Civil Division",2025-01-15,0.4,revision,o-403361e486
USA,usa-fca-qui-tam,recoveries_whistleblower_cases [intervention=intervened],FY2015,USD,1905454763,1,1905454763.0,actual,usa-doj-fca-stats-2025,"U.S. Department of Justice, Civil Division",2026-01-16,0.4,revision,o-89b80e4ba8
USA,usa-fca-qui-tam,recoveries_whistleblower_cases [intervention=intervened],FY2016,USD,2928674132,1,2928674132.0,actual,usa-doj-fca-stats-2023,"U.S. Department of Justice, Civil Division",2024-02,0.0,revision,o-1bb1e29374
USA,usa-fca-qui-tam,recoveries_whistleblower_cases [intervention=intervened],FY2016,USD,2928674132,1,2928674132.0,actual,usa-doj-fca-stats-2024,"U.S. Department of Justice, Civil Division",2025-01-15,0.0,revision,o-96c17492c3
USA,usa-fca-qui-tam,recoveries_whistleblower_cases [intervention=intervened],FY2016,USD,2929387222,1,2929387222.0,actual,usa-doj-fca-stats-2025,"U.S. Department of Justice, Civil Division",2026-01-16,0.0,revision,o-170f0407bd
USA,usa-fca-qui-tam,recoveries_whistleblower_cases [intervention=intervened],FY2018,USD,1998130585,1,1998130585.0,actual,usa-doj-fca-stats-2024,"U.S. Department of Justice, Civil Division",2025-01-15,0.1,revision,o-1d7f2ab1a8
USA,usa-fca-qui-tam,recoveries_whistleblower_cases [intervention=intervened],FY2018,USD,1998680585,1,1998680585.0,actual,usa-doj-fca-stats-2023,"U.S. Department of Justice, Civil Division",2024-02,0.1,revision,o-0d88c4c1cd
USA,usa-fca-qui-tam,recoveries_whistleblower_cases [intervention=intervened],FY2018,USD,1999330585,1,1999330585.0,actual,usa-doj-fca-stats-2025,"U.S. Department of Justice, Civil Division",2026-01-16,0.1,revision,o-86364a85f7
USA,usa-fca-qui-tam,recoveries_whistleblower_cases [intervention=intervened],FY2019,USD,1912589545,1,1912589545.0,actual,usa-doj-fca-stats-2025,"U.S. Department of Justice, Civil Division",2026-01-16,0.1,revision,o-37dd277498
USA,usa-fca-qui-tam,recoveries_whistleblower_cases [intervention=intervened],FY2019,USD,1914480113,1,1914480113.0,actual,usa-doj-fca-stats-2023,"U.S. Department of Justice, Civil Division",2024-02,0.1,revision,o-565240c597
USA,usa-fca-qui-tam,recoveries_whistleblower_cases [intervention=intervened],FY2020,USD,1522461904,1,1522461904.0,actual,usa-doj-fca-stats-2023,"U.S. Department of Justice, Civil Division",2024-02,2.8,revision,o-ceb05be489
USA,usa-fca-qui-tam,recoveries_whistleblower_cases [intervention=intervened],FY2020,USD,1536464401,1,1536464401.0,actual,usa-doj-fca-stats-2024,"U.S. Department of Justice, Civil Division",2025-01-15,2.8,revision,o-429c64b589
USA,usa-fca-qui-tam,recoveries_whistleblower_cases [intervention=intervened],FY2020,USD,1566964401,1,1566964401.0,actual,usa-doj-fca-stats-2025,"U.S. Department of Justice, Civil Division",2026-01-16,2.8,revision,o-d884e064e6
USA,usa-fca-qui-tam,recoveries_whistleblower_cases [intervention=intervened],FY2021,USD,1210916864,1,1210916864.0,actual,usa-doj-fca-stats-2025,"U.S. Department of Justice, Civil Division",2026-01-16,2.2,revision,o-6b02ae7273
USA,usa-fca-qui-tam,recoveries_whistleblower_cases [intervention=intervened],FY2021,USD,1237816864,1,1237816864.0,actual,usa-doj-fca-stats-2023,"U.S. Department of Justice, Civil Division",2024-02,2.2,revision,o-ce6fad7195
USA,usa-fca-qui-tam,recoveries_whistleblower_cases [intervention=intervened],FY2022,USD,803328072,1,803328072.0,actual,usa-doj-fca-stats-2023,"U.S. Department of Justice, Civil Division",2024-02,0.5,revision,o-d4b1b145f0
USA,usa-fca-qui-tam,recoveries_whistleblower_cases [intervention=intervened],FY2022,USD,807053802,1,807053802.0,actual,usa-doj-fca-stats-2024,"U.S. Department of Justice, Civil Division",2025-01-15,0.5,revision,o-cb02201168
USA,usa-fca-qui-tam,recoveries_whistleblower_cases [intervention=intervened],FY2022,USD,807419063,1,807419063.0,actual,usa-doj-fca-stats-2025,"U.S. Department of Justice, Civil Division",2026-01-16,0.5,revision,o-7b07186c3b
USA,usa-fca-qui-tam,recoveries_whistleblower_cases [intervention=intervened],FY2023,USD,1890932754,1,1890932754.0,actual,usa-doj-fca-stats-2023,"U.S. Department of Justice, Civil Division",2024-02,6.8,revision,o-2c000abeeb
USA,usa-fca-qui-tam,recoveries_whistleblower_cases [intervention=intervened],FY2023,USD,1956813447,1,1956813447.0,actual,usa-doj-fca-stats-2024,"U.S. Department of Justice, Civil Division",2025-01-15,6.8,revision,o-a580cbb12c
USA,usa-fca-qui-tam,recoveries_whistleblower_cases [intervention=intervened],FY2023,USD,2029079863,1,2029079863.0,actual,usa-doj-fca-stats-2025,"U.S. Department of Justice, Civil Division",2026-01-16,6.8,revision,o-4c9242e4a9
USA,usa-fca-qui-tam,recoveries_whistleblower_cases [intervention=intervened],FY2024,USD,2199885934,1,2199885934.0,actual,usa-doj-fca-stats-2024,"U.S. Department of Justice, Civil Division",2025-01-15,5.1,revision,o-e5a9dee14c
USA,usa-fca-qui-tam,recoveries_whistleblower_cases [intervention=intervened],FY2024,USD,2317992077,1,2317992077.0,actual,usa-doj-fca-stats-2025,"U.S. Department of Justice, Civil Division",2026-01-16,5.1,revision,o-eaf871543c
USA,usa-fca-qui-tam,relator_share_awards,FY2000,USD,173,million,173000000.0,actual,usa-doj-fca-pr-fy2000,"U.S. Department of Justice, Office of Public Affairs",2000-11-02,6.0,conflict,o-11f3bd18c9
USA,usa-fca-qui-tam,relator_share_awards,FY2000,USD,184054520,1,184054520.0,actual,usa-doj-fca-stats-2025,"U.S. Department of Justice, Civil Division",2026-01-16,6.0,conflict,o-2c96e32561
USA,usa-fca-qui-tam,relator_share_awards,FY2001,USD,210,million,210000000.0,actual,usa-doj-fca-pr-fy2001,"U.S. Department of Justice, Office of Public Affairs",2001-11-14,3.8,conflict,o-a3cc190083
USA,usa-fca-qui-tam,relator_share_awards,FY2001,USD,218292350,1,218292350.0,actual,usa-doj-fca-stats-2025,"U.S. Department of Justice, Civil Division",2026-01-16,3.8,conflict,o-73a0a2eb4d
USA,usa-fca-qui-tam,relator_share_awards,FY2003,USD,319,million,319000000.0,actual,usa-doj-fca-pr-fy2003,"U.S. Department of Justice, Office of Public Affairs",2003-11-10,5.8,conflict,o-08af371469
USA,usa-fca-qui-tam,relator_share_awards,FY2003,USD,338690598,1,338690598.0,actual,usa-doj-fca-stats-2025,"U.S. Department of Justice, Civil Division",2026-01-16,5.8,conflict,o-b0afe945f5
USA,usa-fca-qui-tam,relator_share_awards,FY2005,USD,166,million,166000000.0,actual,usa-doj-fca-pr-fy2005,"U.S. Department of Justice, Office of Public Affairs",2005-11-07,2.7,conflict,o-cce2643fab
USA,usa-fca-qui-tam,relator_share_awards,FY2005,USD,170612237,1,170612237.0,actual,usa-doj-fca-stats-2025,"U.S. Department of Justice, Civil Division",2026-01-16,2.7,conflict,o-ba9455bd5c
USA,usa-fca-qui-tam,relator_share_awards,FY2006,USD,190,million,190000000.0,actual,usa-doj-fca-pr-fy2006,"U.S. Department of Justice, Office of Public Affairs",2006-11-21,15.8,conflict,o-ed6ac9ee70
USA,usa-fca-qui-tam,relator_share_awards,FY2006,USD,225623908,1,225623908.0,actual,usa-doj-fca-stats-2025,"U.S. Department of Justice, Civil Division",2026-01-16,15.8,conflict,o-4eb526af7d
USA,usa-fca-qui-tam,relator_share_awards,FY2007,USD,177,million,177000000.0,actual,usa-doj-fca-pr-fy2007,"U.S. Department of Justice, Office of Public Affairs",2007-11-01,11.2,conflict,o-f0f89d449a
USA,usa-fca-qui-tam,relator_share_awards,FY2007,USD,199080111,1,199080111.0,actual,usa-doj-fca-stats-2023,"U.S. Department of Justice, Civil Division",2024-02,11.2,conflict,o-ecb3fb1dca
USA,usa-fca-qui-tam,relator_share_awards,FY2007,USD,199080111,1,199080111.0,actual,usa-doj-fca-stats-2024,"U.S. Department of Justice, Civil Division",2025-01-15,11.2,conflict,o-836e608c6c
USA,usa-fca-qui-tam,relator_share_awards,FY2007,USD,199258111,1,199258111.0,actual,usa-doj-fca-stats-2025,"U.S. Department of Justice, Civil Division",2026-01-16,11.2,conflict,o-e36ba8b946
USA,usa-fca-qui-tam,relator_share_awards,FY2008,USD,198,million,198000000.0,actual,usa-doj-fca-pr-fy2008,"U.S. Department of Justice, Office of Public Affairs",2008-11-10,6.5,conflict,o-a5b5a9f880
USA,usa-fca-qui-tam,relator_share_awards,FY2008,USD,211430202,1,211430202.0,actual,usa-doj-fca-stats-2023,"U.S. Department of Justice, Civil Division",2024-02,6.5,conflict,o-482a30e35f
USA,usa-fca-qui-tam,relator_share_awards,FY2008,USD,211430202,1,211430202.0,actual,usa-doj-fca-stats-2024,"U.S. Department of Justice, Civil Division",2025-01-15,6.5,conflict,o-6e1ec1c246
USA,usa-fca-qui-tam,relator_share_awards,FY2008,USD,211683652,1,211683652.0,actual,usa-doj-fca-stats-2025,"U.S. Department of Justice, Civil Division",2026-01-16,6.5,conflict,o-e289cce765
USA,usa-fca-qui-tam,relator_share_awards,FY2009,USD,255,million,255000000.0,actual,usa-doj-fca-pr-fy2009,"U.S. Department of Justice, Office of Public Affairs",2009-11-19,1.6,conflict,o-7f58a1a992
USA,usa-fca-qui-tam,relator_share_awards,FY2009,USD,259251282,1,259251282.0,actual,usa-doj-fca-stats-2025,"U.S. Department of Justice, Civil Division",2026-01-16,1.6,conflict,o-607a0fc688
USA,usa-fca-qui-tam,relator_share_awards,FY2010,USD,385,million,385000000.0,actual,usa-doj-fca-pr-fy2010,"U.S. Department of Justice, Office of Public Affairs",2010-11-22,6.2,conflict,o-49e2eba401
USA,usa-fca-qui-tam,relator_share_awards,FY2010,USD,410434427,1,410434427.0,actual,usa-doj-fca-stats-2025,"U.S. Department of Justice, Civil Division",2026-01-16,6.2,conflict,o-7d8437c547
USA,usa-fca-qui-tam,relator_share_awards,FY2012,USD,439,million,439000000.0,actual,usa-doj-fca-pr-fy2012,"U.S. Department of Justice, Office of Public Affairs",2012-12-04,5.7,conflict,o-4568c0e916
USA,usa-fca-qui-tam,relator_share_awards,FY2012,USD,464484199,1,464484199.0,actual,usa-doj-fca-stats-2023,"U.S. Department of Justice, Civil Division",2024-02,5.7,conflict,o-cc38d3293c
USA,usa-fca-qui-tam,relator_share_awards,FY2012,USD,464934199,1,464934199.0,actual,usa-doj-fca-stats-2024,"U.S. Department of Justice, Civil Division",2025-01-15,5.7,conflict,o-0863560712
USA,usa-fca-qui-tam,relator_share_awards,FY2012,USD,465534199,1,465534199.0,actual,usa-doj-fca-stats-2025,"U.S. Department of Justice, Civil Division",2026-01-16,5.7,conflict,o-7f2cb336a4
USA,usa-fca-qui-tam,relator_share_awards,FY2013,USD,345,million,345000000.0,actual,usa-doj-fca-pr-fy2013,"U.S. Department of Justice, Office of Public Affairs",2013-12-20,39.0,conflict,o-1c615b80e6
USA,usa-fca-qui-tam,relator_share_awards,FY2013,USD,564544369,1,564544369.0,actual,usa-doj-fca-stats-2023,"U.S. Department of Justice, Civil Division",2024-02,39.0,conflict,o-4c0acbe7ec
USA,usa-fca-qui-tam,relator_share_awards,FY2013,USD,564544369,1,564544369.0,actual,usa-doj-fca-stats-2024,"U.S. Department of Justice, Civil Division",2025-01-15,39.0,conflict,o-391f8181ba
USA,usa-fca-qui-tam,relator_share_awards,FY2013,USD,565672219,1,565672219.0,actual,usa-doj-fca-stats-2025,"U.S. Department of Justice, Civil Division",2026-01-16,39.0,conflict,o-ccdfa75930
USA,usa-fca-qui-tam,relator_share_awards,FY2014,USD,435,million,435000000.0,actual,usa-doj-fca-pr-fy2014,"U.S. Department of Justice, Office of Public Affairs",2014-11-20,39.6,conflict,o-4d2e4697cb
USA,usa-fca-qui-tam,relator_share_awards,FY2014,USD,720742857,1,720742857.0,actual,usa-doj-fca-stats-2025,"U.S. Department of Justice, Civil Division",2026-01-16,39.6,conflict,o-8b562b7095
USA,usa-fca-qui-tam,relator_share_awards,FY2015,USD,483308546,1,483308546.0,actual,usa-doj-fca-stats-2023,"U.S. Department of Justice, Civil Division",2024-02,19.0,conflict,o-5e83c9adb5
USA,usa-fca-qui-tam,relator_share_awards,FY2015,USD,483308546,1,483308546.0,actual,usa-doj-fca-stats-2024,"U.S. Department of Justice, Civil Division",2025-01-15,19.0,conflict,o-5aa5d6a346
USA,usa-fca-qui-tam,relator_share_awards,FY2015,USD,484552709,1,484552709.0,actual,usa-doj-fca-stats-2025,"U.S. Department of Justice, Civil Division",2026-01-16,19.0,conflict,o-8e70486ccc
USA,usa-fca-qui-tam,relator_share_awards,FY2015,USD,597,million,597000000.0,actual,usa-doj-fca-pr-fy2015,"U.S. Department of Justice, Office of Public Affairs",2015-12-03,19.0,conflict,o-bc6e8911d9
USA,usa-fca-qui-tam,relator_share_awards,FY2016,USD,519,million,519000000.0,actual,usa-doj-fca-pr-fy2016,"U.S. Department of Justice, Office of Public Affairs",2016-12-14,6.5,conflict,o-f9f9b8875f
USA,usa-fca-qui-tam,relator_share_awards,FY2016,USD,555052108,1,555052108.0,actual,usa-doj-fca-stats-2023,"U.S. Department of Justice, Civil Division",2024-02,6.5,conflict,o-44ee3a93a8
USA,usa-fca-qui-tam,relator_share_awards,FY2016,USD,555052108,1,555052108.0,actual,usa-doj-fca-stats-2024,"U.S. Department of Justice, Civil Division",2025-01-15,6.5,conflict,o-ae000e6987
USA,usa-fca-qui-tam,relator_share_awards,FY2016,USD,555205423,1,555205423.0,actual,usa-doj-fca-stats-2025,"U.S. Department of Justice, Civil Division",2026-01-16,6.5,conflict,o-7a750c191c
USA,usa-fca-qui-tam,relator_share_awards,FY2017,USD,392,million,392000000.0,actual,usa-doj-fca-pr-fy2017,"U.S. Department of Justice, Office of Public Affairs",2017-12-21,28.4,conflict,o-285c471973
USA,usa-fca-qui-tam,relator_share_awards,FY2017,USD,545439060,1,545439060.0,actual,usa-doj-fca-stats-2023,"U.S. Department of Justice, Civil Division",2024-02,28.4,conflict,o-e3ba309d34
USA,usa-fca-qui-tam,relator_share_awards,FY2017,USD,547436234,1,547436234.0,actual,usa-doj-fca-stats-2025,"U.S. Department of Justice, Civil Division",2026-01-16,28.4,conflict,o-1c1e79b274
USA,usa-fca-qui-tam,relator_share_awards,FY2018,USD,301,million,301000000.0,actual,usa-doj-fca-pr-fy2018,"U.S. Department of Justice, Office of Public Affairs",2018-12-21,17.7,conflict,o-2621dc0eef
USA,usa-fca-qui-tam,relator_share_awards,FY2018,USD,365458449,1,365458449.0,actual,usa-doj-fca-stats-2023,"U.S. Department of Justice, Civil Division",2024-02,17.7,conflict,o-c3910df37a
USA,usa-fca-qui-tam,relator_share_awards,FY2018,USD,365593449,1,365593449.0,actual,usa-doj-fca-stats-2024,"U.S. Department of Justice, Civil Division",2025-01-15,17.7,conflict,o-070421aebf
USA,usa-fca-qui-tam,relator_share_awards,FY2018,USD,365857449,1,365857449.0,actual,usa-doj-fca-stats-2025,"U.S. Department of Justice, Civil Division",2026-01-16,17.7,conflict,o-9b6bfd43b8
USA,usa-fca-qui-tam,relator_share_awards,FY2019,USD,265,million,265000000.0,actual,usa-doj-fca-pr-fy2019,"U.S. Department of Justice, Office of Public Affairs",2020-01-09,27.6,conflict,o-0acfdae203
USA,usa-fca-qui-tam,relator_share_awards,FY2019,USD,365756728,1,365756728.0,actual,usa-doj-fca-stats-2025,"U.S. Department of Justice, Civil Division",2026-01-16,27.6,conflict,o-2903906933
USA,usa-fca-qui-tam,relator_share_awards,FY2019,USD,366120841,1,366120841.0,actual,usa-doj-fca-stats-2023,"U.S. Department of Justice, Civil Division",2024-02,27.6,conflict,o-ccfaced780
USA,usa-fca-qui-tam,relator_share_awards,FY2020,USD,309,million,309000000.0,actual,usa-doj-fca-pr-fy2020,"U.S. Department of Justice, Office of Public Affairs",2021-01-14,8.4,conflict,o-f18c946863
USA,usa-fca-qui-tam,relator_share_awards,FY2020,USD,328024020,1,328024020.0,actual,usa-doj-fca-stats-2023,"U.S. Department of Justice, Civil Division",2024-02,8.4,conflict,o-7449c70886
USA,usa-fca-qui-tam,relator_share_awards,FY2020,USD,331453044,1,331453044.0,actual,usa-doj-fca-stats-2024,"U.S. Department of Justice, Civil Division",2025-01-15,8.4,conflict,o-6648d1440c
USA,usa-fca-qui-tam,relator_share_awards,FY2020,USD,337248044,1,337248044.0,actual,usa-doj-fca-stats-2025,"U.S. Department of Justice, Civil Division",2026-01-16,8.4,conflict,o-d5355b070a
USA,usa-fca-qui-tam,relator_share_awards,FY2021,USD,237,million,237000000.0,actual,usa-doj-fca-pr-fy2021,"U.S. Department of Justice, Office of Public Affairs",2022-02-01,10.3,conflict,o-14f4d9fb69
USA,usa-fca-qui-tam,relator_share_awards,FY2021,USD,263863455,1,263863455.0,actual,usa-doj-fca-stats-2023,"U.S. Department of Justice, Civil Division",2024-02,10.3,conflict,o-ed4cbc157e
USA,usa-fca-qui-tam,relator_share_awards,FY2021,USD,264114843,1,264114843.0,actual,usa-doj-fca-stats-2025,"U.S. Department of Justice, Civil Division",2026-01-16,10.3,conflict,o-06177341fb
USA,usa-fca-qui-tam,relator_share_awards,FY2022,USD,488,million,488000000.0,actual,usa-doj-fca-pr-fy2022,"U.S. Department of Justice, Office of Public Affairs",2023-02-07,2.4,conflict,o-9accb856a3
USA,usa-fca-qui-tam,relator_share_awards,FY2022,USD,496791312,1,496791312.0,actual,usa-doj-fca-stats-2023,"U.S. Department of Justice, Civil Division",2024-02,2.4,conflict,o-9f7c7b9535
USA,usa-fca-qui-tam,relator_share_awards,FY2022,USD,497758812,1,497758812.0,actual,usa-doj-fca-stats-2024,"U.S. Department of Justice, Civil Division",2025-01-15,2.4,conflict,o-9ce8ec6cab
USA,usa-fca-qui-tam,relator_share_awards,FY2022,USD,500221987,1,500221987.0,actual,usa-doj-fca-stats-2025,"U.S. Department of Justice, Civil Division",2026-01-16,2.4,conflict,o-acc9262a1d
USA,usa-fca-qui-tam,relator_share_awards,FY2023,USD,349,million,349000000.0,actual,usa-doj-fca-pr-fy2023,"U.S. Department of Justice, Office of Public Affairs",2024-02-22,28.2,conflict,o-d346120c25
USA,usa-fca-qui-tam,relator_share_awards,FY2023,USD,349634900,1,349634900.0,actual,usa-doj-fca-stats-2023,"U.S. Department of Justice, Civil Division",2024-02,28.2,conflict,o-be1f28f34e
USA,usa-fca-qui-tam,relator_share_awards,FY2023,USD,450296620,1,450296620.0,actual,usa-doj-fca-stats-2024,"U.S. Department of Justice, Civil Division",2025-01-15,28.2,conflict,o-c853380f79
USA,usa-fca-qui-tam,relator_share_awards,FY2023,USD,486254025,1,486254025.0,actual,usa-doj-fca-stats-2025,"U.S. Department of Justice, Civil Division",2026-01-16,28.2,conflict,o-4b8d428d9d
USA,usa-fca-qui-tam,relator_share_awards,FY2024,USD,400,million,400000000.0,actual,usa-doj-fca-pr-fy2024,"U.S. Department of Justice, Office of Public Affairs",2025-01-15,16.5,conflict,o-c576e02a09
USA,usa-fca-qui-tam,relator_share_awards,FY2024,USD,403971450,1,403971450.0,actual,usa-doj-fca-stats-2024,"U.S. Department of Justice, Civil Division",2025-01-15,16.5,conflict,o-4fd0c08f2f
USA,usa-fca-qui-tam,relator_share_awards,FY2024,USD,479204866,1,479204866.0,actual,usa-doj-fca-stats-2025,"U.S. Department of Justice, Civil Division",2026-01-16,16.5,conflict,o-f6bf71d8c3
USA,usa-fca-qui-tam,relator_share_awards [agency=DoD],FY2008,USD,13330552,1,13330552.0,actual,usa-doj-fca-stats-2024,"U.S. Department of Justice, Civil Division",2025-01-15,1.9,revision,o-1a76c32e12
USA,usa-fca-qui-tam,relator_share_awards [agency=DoD],FY2008,USD,13584002,1,13584002.0,actual,usa-doj-fca-stats-2025,"U.S. Department of Justice, Civil Division",2026-01-16,1.9,revision,o-76c0bbab06
USA,usa-fca-qui-tam,relator_share_awards [agency=DoD],FY2013,USD,7288519,1,7288519.0,actual,usa-doj-fca-stats-2024,"U.S. Department of Justice, Civil Division",2025-01-15,12.0,revision,o-c57afbb8f6
USA,usa-fca-qui-tam,relator_share_awards [agency=DoD],FY2013,USD,8283369,1,8283369.0,actual,usa-doj-fca-stats-2025,"U.S. Department of Justice, Civil Division",2026-01-16,12.0,revision,o-106b8d3b2e
USA,usa-fca-qui-tam,relator_share_awards [agency=DoD],FY2024,USD,18412559,1,18412559.0,actual,usa-doj-fca-stats-2024,"U.S. Department of Justice, Civil Division",2025-01-15,4.7,revision,o-372977ad9a
USA,usa-fca-qui-tam,relator_share_awards [agency=DoD],FY2024,USD,19325059,1,19325059.0,actual,usa-doj-fca-stats-2025,"U.S. Department of Justice, Civil Division",2026-01-16,4.7,revision,o-e2e7fe1ce5
USA,usa-fca-qui-tam,relator_share_awards [agency=HHS],FY2013,USD,504923718,1,504923718.0,actual,usa-doj-fca-stats-2024,"U.S. Department of Justice, Civil Division",2025-01-15,0.0,revision,o-eb94e4aec2
USA,usa-fca-qui-tam,relator_share_awards [agency=HHS],FY2013,USD,505056718,1,505056718.0,actual,usa-doj-fca-stats-2025,"U.S. Department of Justice, Civil Division",2026-01-16,0.0,revision,o-44291bc442
USA,usa-fca-qui-tam,relator_share_awards [agency=HHS],FY2015,USD,406195271,1,406195271.0,actual,usa-doj-fca-stats-2024,"U.S. Department of Justice, Civil Division",2025-01-15,0.3,revision,o-52d3ec3af8
USA,usa-fca-qui-tam,relator_share_awards [agency=HHS],FY2015,USD,407439435,1,407439435.0,actual,usa-doj-fca-stats-2025,"U.S. Department of Justice, Civil Division",2026-01-16,0.3,revision,o-b08e965803
USA,usa-fca-qui-tam,relator_share_awards [agency=HHS],FY2018,USD,329924123,1,329924123.0,actual,usa-doj-fca-stats-2024,"U.S. Department of Justice, Civil Division",2025-01-15,0.1,revision,o-ef55f5de28
USA,usa-fca-qui-tam,relator_share_awards [agency=HHS],FY2018,USD,330188123,1,330188123.0,actual,usa-doj-fca-stats-2025,"U.S. Department of Justice, Civil Division",2026-01-16,0.1,revision,o-315d107639
USA,usa-fca-qui-tam,relator_share_awards [agency=HHS],FY2020,USD,281501003,1,281501003.0,actual,usa-doj-fca-stats-2024,"U.S. Department of Justice, Civil Division",2025-01-15,2.0,revision,o-c98f14ca27
USA,usa-fca-qui-tam,relator_share_awards [agency=HHS],FY2020,USD,287296003,1,287296003.0,actual,usa-doj-fca-stats-2025,"U.S. Department of Justice, Civil Division",2026-01-16,2.0,revision,o-ab3891a116
USA,usa-fca-qui-tam,relator_share_awards [agency=HHS],FY2022,USD,419374593,1,419374593.0,actual,usa-doj-fca-stats-2024,"U.S. Department of Justice, Civil Division",2025-01-15,0.4,revision,o-3da41cc2f7
USA,usa-fca-qui-tam,relator_share_awards [agency=HHS],FY2022,USD,421065858,1,421065858.0,actual,usa-doj-fca-stats-2025,"U.S. Department of Justice, Civil Division",2026-01-16,0.4,revision,o-3460947f8a
USA,usa-fca-qui-tam,relator_share_awards [agency=HHS],FY2023,USD,289548244,1,289548244.0,actual,usa-doj-fca-stats-2024,"U.S. Department of Justice, Civil Division",2025-01-15,11.0,revision,o-07f3428856
USA,usa-fca-qui-tam,relator_share_awards [agency=HHS],FY2023,USD,325425650,1,325425650.0,actual,usa-doj-fca-stats-2025,"U.S. Department of Justice, Civil Division",2026-01-16,11.0,revision,o-c966ac8e3b
USA,usa-fca-qui-tam,relator_share_awards [agency=HHS],FY2024,USD,261208937,1,261208937.0,actual,usa-doj-fca-stats-2024,"U.S. Department of Justice, Civil Division",2025-01-15,17.8,revision,o-157f431c79
USA,usa-fca-qui-tam,relator_share_awards [agency=HHS],FY2024,USD,317909813,1,317909813.0,actual,usa-doj-fca-stats-2025,"U.S. Department of Justice, Civil Division",2026-01-16,17.8,revision,o-599c002999
USA,usa-fca-qui-tam,relator_share_awards [agency=other],FY2007,USD,33612175,1,33612175.0,actual,usa-doj-fca-stats-2024,"U.S. Department of Justice, Civil Division",2025-01-15,0.5,revision,o-e7355b22eb
USA,usa-fca-qui-tam,relator_share_awards [agency=other],FY2007,USD,33790175,1,33790175.0,actual,usa-doj-fca-stats-2025,"U.S. Department of Justice, Civil Division",2026-01-16,0.5,revision,o-7433fca024
USA,usa-fca-qui-tam,relator_share_awards [agency=other],FY2012,USD,136219158,1,136219158.0,actual,usa-doj-fca-stats-2024,"U.S. Department of Justice, Civil Division",2025-01-15,0.4,revision,o-bf09873001
USA,usa-fca-qui-tam,relator_share_awards [agency=other],FY2012,USD,136819158,1,136819158.0,actual,usa-doj-fca-stats-2025,"U.S. Department of Justice, Civil Division",2026-01-16,0.4,revision,o-69847add30
USA,usa-fca-qui-tam,relator_share_awards [agency=other],FY2016,USD,56315052,1,56315052.0,actual,usa-doj-fca-stats-2024,"U.S. Department of Justice, Civil Division",2025-01-15,0.3,revision,o-ebf9f8d7f3
USA,usa-fca-qui-tam,relator_share_awards [agency=other],FY2016,USD,56468367,1,56468367.0,actual,usa-doj-fca-stats-2025,"U.S. Department of Justice, Civil Division",2026-01-16,0.3,revision,o-2f606b6f28
USA,usa-fca-qui-tam,relator_share_awards [agency=other],FY2022,USD,62984044,1,62984044.0,actual,usa-doj-fca-stats-2024,"U.S. Department of Justice, Civil Division",2025-01-15,1.2,revision,o-0e31d0b1c1
USA,usa-fca-qui-tam,relator_share_awards [agency=other],FY2022,USD,63755954,1,63755954.0,actual,usa-doj-fca-stats-2025,"U.S. Department of Justice, Civil Division",2026-01-16,1.2,revision,o-8fff111d8b
USA,usa-fca-qui-tam,relator_share_awards [agency=other],FY2023,USD,56346858,1,56346858.0,actual,usa-doj-fca-stats-2024,"U.S. Department of Justice, Civil Division",2025-01-15,0.1,revision,o-be6136d1e1
USA,usa-fca-qui-tam,relator_share_awards [agency=other],FY2023,USD,56426858,1,56426858.0,actual,usa-doj-fca-stats-2025,"U.S. Department of Justice, Civil Division",2026-01-16,0.1,revision,o-9539be43fc
USA,usa-fca-qui-tam,relator_share_awards [agency=other],FY2024,USD,124349954,1,124349954.0,actual,usa-doj-fca-stats-2024,"U.S. Department of Justice, Civil Division",2025-01-15,12.4,revision,o-5e6d23d115
USA,usa-fca-qui-tam,relator_share_awards [agency=other],FY2024,USD,141969995,1,141969995.0,actual,usa-doj-fca-stats-2025,"U.S. Department of Justice, Civil Division",2026-01-16,12.4,revision,o-0859cc4243
USA,usa-fca-qui-tam,relator_share_awards [intervention=declined;agency=DoD],FY2024,USD,4200000,1,4200000.0,actual,usa-doj-fca-stats-2024,"U.S. Department of Justice, Civil Division",2025-01-15,0.3,revision,o-a9eb2ba38c
USA,usa-fca-qui-tam,relator_share_awards [intervention=declined;agency=DoD],FY2024,USD,4212500,1,4212500.0,actual,usa-doj-fca-stats-2025,"U.S. Department of Justice, Civil Division",2026-01-16,0.3,revision,o-1b9df494bb
USA,usa-fca-qui-tam,relator_share_awards [intervention=declined;agency=HHS],FY2023,USD,35608251,1,35608251.0,actual,usa-doj-fca-stats-2024,"U.S. Department of Justice, Civil Division",2025-01-15,21.1,revision,o-1aed0b6ccb
USA,usa-fca-qui-tam,relator_share_awards [intervention=declined;agency=HHS],FY2023,USD,45141328,1,45141328.0,actual,usa-doj-fca-stats-2025,"U.S. Department of Justice, Civil Division",2026-01-16,21.1,revision,o-9fe8e148a6
USA,usa-fca-qui-tam,relator_share_awards [intervention=declined;agency=HHS],FY2024,USD,50903353,1,50903353.0,actual,usa-doj-fca-stats-2024,"U.S. Department of Justice, Civil Division",2025-01-15,34.0,revision,o-9c1e13bdf4
USA,usa-fca-qui-tam,relator_share_awards [intervention=declined;agency=HHS],FY2024,USD,77077199,1,77077199.0,actual,usa-doj-fca-stats-2025,"U.S. Department of Justice, Civil Division",2026-01-16,34.0,revision,o-8ff6a03969
USA,usa-fca-qui-tam,relator_share_awards [intervention=declined;agency=other],FY2022,USD,43104437,1,43104437.0,actual,usa-doj-fca-stats-2024,"U.S. Department of Justice, Civil Division",2025-01-15,1.8,revision,o-c762c9e155
USA,usa-fca-qui-tam,relator_share_awards [intervention=declined;agency=other],FY2022,USD,43876348,1,43876348.0,actual,usa-doj-fca-stats-2025,"U.S. Department of Justice, Civil Division",2026-01-16,1.8,revision,o-13b1046cbd
USA,usa-fca-qui-tam,relator_share_awards [intervention=declined;agency=other],FY2024,USD,4026544,1,4026544.0,actual,usa-doj-fca-stats-2024,"U.S. Department of Justice, Civil Division",2025-01-15,17.3,revision,o-dfdaf1165c
USA,usa-fca-qui-tam,relator_share_awards [intervention=declined;agency=other],FY2024,USD,4868859,1,4868859.0,actual,usa-doj-fca-stats-2025,"U.S. Department of Justice, Civil Division",2026-01-16,17.3,revision,o-f87100b183
USA,usa-fca-qui-tam,relator_share_awards [intervention=declined],FY2021,USD,62488398,1,62488398.0,actual,usa-doj-fca-stats-2023,"U.S. Department of Justice, Civil Division",2024-02,0.5,revision,o-f18fcfbd71
USA,usa-fca-qui-tam,relator_share_awards [intervention=declined],FY2021,USD,62812398,1,62812398.0,actual,usa-doj-fca-stats-2025,"U.S. Department of Justice, Civil Division",2026-01-16,0.5,revision,o-bbf957f1a8
USA,usa-fca-qui-tam,relator_share_awards [intervention=declined],FY2022,USD,349821043,1,349821043.0,actual,usa-doj-fca-stats-2023,"U.S. Department of Justice, Civil Division",2024-02,0.3,revision,o-1aa7d5537c
USA,usa-fca-qui-tam,relator_share_awards [intervention=declined],FY2022,USD,350218543,1,350218543.0,actual,usa-doj-fca-stats-2024,"U.S. Department of Justice, Civil Division",2025-01-15,0.3,revision,o-666c9fa752
USA,usa-fca-qui-tam,relator_share_awards [intervention=declined],FY2022,USD,350990454,1,350990454.0,actual,usa-doj-fca-stats-2025,"U.S. Department of Justice, Civil Division",2026-01-16,0.3,revision,o-c70652dfc0
USA,usa-fca-qui-tam,relator_share_awards [intervention=declined],FY2023,USD,82009363,1,82009363.0,actual,usa-doj-fca-stats-2023,"U.S. Department of Justice, Civil Division",2024-02,16.6,revision,o-a2535cea68
USA,usa-fca-qui-tam,relator_share_awards [intervention=declined],FY2023,USD,88785693,1,88785693.0,actual,usa-doj-fca-stats-2024,"U.S. Department of Justice, Civil Division",2025-01-15,16.6,revision,o-d83bca96d9
USA,usa-fca-qui-tam,relator_share_awards [intervention=declined],FY2023,USD,98318770,1,98318770.0,actual,usa-doj-fca-stats-2025,"U.S. Department of Justice, Civil Division",2026-01-16,16.6,revision,o-47b1c11300
USA,usa-fca-qui-tam,relator_share_awards [intervention=declined],FY2024,USD,59129896,1,59129896.0,actual,usa-doj-fca-stats-2024,"U.S. Department of Justice, Civil Division",2025-01-15,31.4,revision,o-b7809e282d
USA,usa-fca-qui-tam,relator_share_awards [intervention=declined],FY2024,USD,86158558,1,86158558.0,actual,usa-doj-fca-stats-2025,"U.S. Department of Justice, Civil Division",2026-01-16,31.4,revision,o-31ed15d9d0
USA,usa-fca-qui-tam,relator_share_awards [intervention=intervened;agency=DoD],FY2008,USD,11891101,1,11891101.0,actual,usa-doj-fca-stats-2024,"U.S. Department of Justice, Civil Division",2025-01-15,2.1,revision,o-abb95f3f77
USA,usa-fca-qui-tam,relator_share_awards [intervention=intervened;agency=DoD],FY2008,USD,12144551,1,12144551.0,actual,usa-doj-fca-stats-2025,"U.S. Department of Justice, Civil Division",2026-01-16,2.1,revision,o-814a1e9773
USA,usa-fca-qui-tam,relator_share_awards [intervention=intervened;agency=DoD],FY2013,USD,7246939,1,7246939.0,actual,usa-doj-fca-stats-2024,"U.S. Department of Justice, Civil Division",2025-01-15,12.1,revision,o-18ac9151c0
USA,usa-fca-qui-tam,relator_share_awards [intervention=intervened;agency=DoD],FY2013,USD,8241789,1,8241789.0,actual,usa-doj-fca-stats-2025,"U.S. Department of Justice, Civil Division",2026-01-16,12.1,revision,o-2922a777d1
USA,usa-fca-qui-tam,relator_share_awards [intervention=intervened;agency=DoD],FY2024,USD,14212559,1,14212559.0,actual,usa-doj-fca-stats-2024,"U.S. Department of Justice, Civil Division",2025-01-15,6.0,revision,o-d56383dd90
USA,usa-fca-qui-tam,relator_share_awards [intervention=intervened;agency=DoD],FY2024,USD,15112559,1,15112559.0,actual,usa-doj-fca-stats-2025,"U.S. Department of Justice, Civil Division",2026-01-16,6.0,revision,o-c58cb52b12
USA,usa-fca-qui-tam,relator_share_awards [intervention=intervened;agency=HHS],FY2013,USD,475354113,1,475354113.0,actual,usa-doj-fca-stats-2024,"U.S. Department of Justice, Civil Division",2025-01-15,0.0,revision,o-7061855565
USA,usa-fca-qui-tam,relator_share_awards [intervention=intervened;agency=HHS],FY2013,USD,475487113,1,475487113.0,actual,usa-doj-fca-stats-2025,"U.S. Department of Justice, Civil Division",2026-01-16,0.0,revision,o-cd043d1033
USA,usa-fca-qui-tam,relator_share_awards [intervention=intervened;agency=HHS],FY2015,USD,272916832,1,272916832.0,actual,usa-doj-fca-stats-2024,"U.S. Department of Justice, Civil Division",2025-01-15,0.5,revision,o-e89c42ef1a
USA,usa-fca-qui-tam,relator_share_awards [intervention=intervened;agency=HHS],FY2015,USD,274160995,1,274160995.0,actual,usa-doj-fca-stats-2025,"U.S. Department of Justice, Civil Division",2026-01-16,0.5,revision,o-0620a15480
USA,usa-fca-qui-tam,relator_share_awards [intervention=intervened;agency=HHS],FY2018,USD,302832476,1,302832476.0,actual,usa-doj-fca-stats-2024,"U.S. Department of Justice, Civil Division",2025-01-15,0.1,revision,o-8066200f59
USA,usa-fca-qui-tam,relator_share_awards [intervention=intervened;agency=HHS],FY2018,USD,303096476,1,303096476.0,actual,usa-doj-fca-stats-2025,"U.S. Department of Justice, Civil Division",2026-01-16,0.1,revision,o-8c4acfb4e4
USA,usa-fca-qui-tam,relator_share_awards [intervention=intervened;agency=HHS],FY2020,USD,233406379,1,233406379.0,actual,usa-doj-fca-stats-2024,"U.S. Department of Justice, Civil Division",2025-01-15,2.4,revision,o-ec1f732e5c
USA,usa-fca-qui-tam,relator_share_awards [intervention=intervened;agency=HHS],FY2020,USD,239201379,1,239201379.0,actual,usa-doj-fca-stats-2025,"U.S. Department of Justice, Civil Division",2026-01-16,2.4,revision,o-a6629d7d60
USA,usa-fca-qui-tam,relator_share_awards [intervention=intervened;agency=HHS],FY2022,USD,120843612,1,120843612.0,actual,usa-doj-fca-stats-2024,"U.S. Department of Justice, Civil Division",2025-01-15,1.4,revision,o-90a7f08cbe
USA,usa-fca-qui-tam,relator_share_awards [intervention=intervened;agency=HHS],FY2022,USD,122534876,1,122534876.0,actual,usa-doj-fca-stats-2025,"U.S. Department of Justice, Civil Division",2026-01-16,1.4,revision,o-6967574e7f
USA,usa-fca-qui-tam,relator_share_awards [intervention=intervened;agency=HHS],FY2023,USD,253939993,1,253939993.0,actual,usa-doj-fca-stats-2024,"U.S. Department of Justice, Civil Division",2025-01-15,9.4,revision,o-b03febe137
USA,usa-fca-qui-tam,relator_share_awards [intervention=intervened;agency=HHS],FY2023,USD,280284322,1,280284322.0,actual,usa-doj-fca-stats-2025,"U.S. Department of Justice, Civil Division",2026-01-16,9.4,revision,o-11c1e57195
USA,usa-fca-qui-tam,relator_share_awards [intervention=intervened;agency=HHS],FY2024,USD,210305585,1,210305585.0,actual,usa-doj-fca-stats-2024,"U.S. Department of Justice, Civil Division",2025-01-15,12.7,revision,o-54dbb60c30
USA,usa-fca-qui-tam,relator_share_awards [intervention=intervened;agency=HHS],FY2024,USD,240832613,1,240832613.0,actual,usa-doj-fca-stats-2025,"U.S. Department of Justice, Civil Division",2026-01-16,12.7,revision,o-a3efbe92c3
USA,usa-fca-qui-tam,relator_share_awards [intervention=intervened;agency=other],FY2007,USD,31618872,1,31618872.0,actual,usa-doj-fca-stats-2024,"U.S. Department of Justice, Civil Division",2025-01-15,0.6,revision,o-add752de16
USA,usa-fca-qui-tam,relator_share_awards [intervention=intervened;agency=other],FY2007,USD,31796872,1,31796872.0,actual,usa-doj-fca-stats-2025,"U.S. Department of Justice, Civil Division",2026-01-16,0.6,revision,o-d02aea95d3
USA,usa-fca-qui-tam,relator_share_awards [intervention=intervened;agency=other],FY2012,USD,122026208,1,122026208.0,actual,usa-doj-fca-stats-2024,"U.S. Department of Justice, Civil Division",2025-01-15,0.5,revision,o-b91eab3978
USA,usa-fca-qui-tam,relator_share_awards [intervention=intervened;agency=other],FY2012,USD,122626208,1,122626208.0,actual,usa-doj-fca-stats-2025,"U.S. Department of Justice, Civil Division",2026-01-16,0.5,revision,o-7744e3b828
USA,usa-fca-qui-tam,relator_share_awards [intervention=intervened;agency=other],FY2016,USD,51066300,1,51066300.0,actual,usa-doj-fca-stats-2024,"U.S. Department of Justice, Civil Division",2025-01-15,0.3,revision,o-112ac34323
USA,usa-fca-qui-tam,relator_share_awards [intervention=intervened;agency=other],FY2016,USD,51219614,1,51219614.0,actual,usa-doj-fca-stats-2025,"U.S. Department of Justice, Civil Division",2026-01-16,0.3,revision,o-9dfe870cba
USA,usa-fca-qui-tam,relator_share_awards [intervention=intervened;agency=other],FY2023,USD,35659037,1,35659037.0,actual,usa-doj-fca-stats-2024,"U.S. Department of Justice, Civil Division",2025-01-15,0.2,revision,o-73a3696118
USA,usa-fca-qui-tam,relator_share_awards [intervention=intervened;agency=other],FY2023,USD,35739037,1,35739037.0,actual,usa-doj-fca-stats-2025,"U.S. Department of Justice, Civil Division",2026-01-16,0.2,revision,o-0f5dd367a9
USA,usa-fca-qui-tam,relator_share_awards [intervention=intervened;agency=other],FY2024,USD,120323410,1,120323410.0,actual,usa-doj-fca-stats-2024,"U.S. Department of Justice, Civil Division",2025-01-15,12.2,revision,o-3b241a2577
USA,usa-fca-qui-tam,relator_share_awards [intervention=intervened;agency=other],FY2024,USD,137101136,1,137101136.0,actual,usa-doj-fca-stats-2025,"U.S. Department of Justice, Civil Division",2026-01-16,12.2,revision,o-2abd0b446b
USA,usa-fca-qui-tam,relator_share_awards [intervention=intervened],FY2007,USD,194463212,1,194463212.0,actual,usa-doj-fca-stats-2023,"U.S. Department of Justice, Civil Division",2024-02,0.1,revision,o-303e47e0aa
USA,usa-fca-qui-tam,relator_share_awards [intervention=intervened],FY2007,USD,194463212,1,194463212.0,actual,usa-doj-fca-stats-2024,"U.S. Department of Justice, Civil Division",2025-01-15,0.1,revision,o-01952e640e
USA,usa-fca-qui-tam,relator_share_awards [intervention=intervened],FY2007,USD,194641212,1,194641212.0,actual,usa-doj-fca-stats-2025,"U.S. Department of Justice, Civil Division",2026-01-16,0.1,revision,o-7e15afb02a
USA,usa-fca-qui-tam,relator_share_awards [intervention=intervened],FY2008,USD,208432587,1,208432587.0,actual,usa-doj-fca-stats-2023,"U.S. Department of Justice, Civil Division",2024-02,0.1,revision,o-a16bd0921a
USA,usa-fca-qui-tam,relator_share_awards [intervention=intervened],FY2008,USD,208432587,1,208432587.0,actual,usa-doj-fca-stats-2024,"U.S. Department of Justice, Civil Division",2025-01-15,0.1,revision,o-a4c05cf047
USA,usa-fca-qui-tam,relator_share_awards [intervention=intervened],FY2008,USD,208686037,1,208686037.0,actual,usa-doj-fca-stats-2025,"U.S. Department of Justice, Civil Division",2026-01-16,0.1,revision,o-b7206f952c
USA,usa-fca-qui-tam,relator_share_awards [intervention=intervened],FY2012,USD,439622456,1,439622456.0,actual,usa-doj-fca-stats-2023,"U.S. Department of Justice, Civil Division",2024-02,0.2,revision,o-d28852c784
USA,usa-fca-qui-tam,relator_share_awards [intervention=intervened],FY2012,USD,440072456,1,440072456.0,actual,usa-doj-fca-stats-2024,"U.S. Department of Justice, Civil Division",2025-01-15,0.2,revision,o-a544c2a84a
USA,usa-fca-qui-tam,relator_share_awards [intervention=intervened],FY2012,USD,440672456,1,440672456.0,actual,usa-doj-fca-stats-2025,"U.S. Department of Justice, Civil Division",2026-01-16,0.2,revision,o-807512327e
USA,usa-fca-qui-tam,relator_share_awards [intervention=intervened],FY2013,USD,513347278,1,513347278.0,actual,usa-doj-fca-stats-2023,"U.S. Department of Justice, Civil Division",2024-02,0.2,revision,o-d430b5f9cc
USA,usa-fca-qui-tam,relator_share_awards [intervention=intervened],FY2013,USD,513347278,1,513347278.0,actual,usa-doj-fca-stats-2024,"U.S. Department of Justice, Civil Division",2025-01-15,0.2,revision,o-7fe4bc8086
USA,usa-fca-qui-tam,relator_share_awards [intervention=intervened],FY2013,USD,514475128,1,514475128.0,actual,usa-doj-fca-stats-2025,"U.S. Department of Justice, Civil Division",2026-01-16,0.2,revision,o-b855aeac6a
USA,usa-fca-qui-tam,relator_share_awards [intervention=intervened],FY2015,USD,344293369,1,344293369.0,actual,usa-doj-fca-stats-2023,"U.S. Department of Justice, Civil Division",2024-02,0.4,revision,o-7e1ef55829
USA,usa-fca-qui-tam,relator_share_awards [intervention=intervened],FY2015,USD,344293369,1,344293369.0,actual,usa-doj-fca-stats-2024,"U.S. Department of Justice, Civil Division",2025-01-15,0.4,revision,o-dabe64812d
USA,usa-fca-qui-tam,relator_share_awards [intervention=intervened],FY2015,USD,345537532,1,345537532.0,actual,usa-doj-fca-stats-2025,"U.S. Department of Justice, Civil Division",2026-01-16,0.4,revision,o-0c4703c443
USA,usa-fca-qui-tam,relator_share_awards [intervention=intervened],FY2016,USD,525393509,1,525393509.0,actual,usa-doj-fca-stats-2023,"U.S. Department of Justice, Civil Division",2024-02,0.0,revision,o-4adce4e3fa
USA,usa-fca-qui-tam,relator_share_awards [intervention=intervened],FY2016,USD,525393509,1,525393509.0,actual,usa-doj-fca-stats-2024,"U.S. Department of Justice, Civil Division",2025-01-15,0.0,revision,o-ed8487a688
USA,usa-fca-qui-tam,relator_share_awards [intervention=intervened],FY2016,USD,525546823,1,525546823.0,actual,usa-doj-fca-stats-2025,"U.S. Department of Justice, Civil Division",2026-01-16,0.0,revision,o-7423489695
USA,usa-fca-qui-tam,relator_share_awards [intervention=intervened],FY2017,USD,410079051,1,410079051.0,actual,usa-doj-fca-stats-2023,"U.S. Department of Justice, Civil Division",2024-02,0.5,revision,o-29bb911565
USA,usa-fca-qui-tam,relator_share_awards [intervention=intervened],FY2017,USD,412076224,1,412076224.0,actual,usa-doj-fca-stats-2025,"U.S. Department of Justice, Civil Division",2026-01-16,0.5,revision,o-4a8a0172e2
USA,usa-fca-qui-tam,relator_share_awards [intervention=intervened],FY2018,USD,327953091,1,327953091.0,actual,usa-doj-fca-stats-2023,"U.S. Department of Justice, Civil Division",2024-02,0.1,revision,o-9baeb30c2a
USA,usa-fca-qui-tam,relator_share_awards [intervention=intervened],FY2018,USD,328088091,1,328088091.0,actual,usa-doj-fca-stats-2024,"U.S. Department of Justice, Civil Division",2025-01-15,0.1,revision,o-7d44949a29
USA,usa-fca-qui-tam,relator_share_awards [intervention=intervened],FY2018,USD,328352091,1,328352091.0,actual,usa-doj-fca-stats-2025,"U.S. Department of Justice, Civil Division",2026-01-16,0.1,revision,o-5e4503e7d7
USA,usa-fca-qui-tam,relator_share_awards [intervention=intervened],FY2019,USD,290613360,1,290613360.0,actual,usa-doj-fca-stats-2025,"U.S. Department of Justice, Civil Division",2026-01-16,0.1,revision,o-ff7c22e7d2
USA,usa-fca-qui-tam,relator_share_awards [intervention=intervened],FY2019,USD,290977474,1,290977474.0,actual,usa-doj-fca-stats-2023,"U.S. Department of Justice, Civil Division",2024-02,0.1,revision,o-e45bd8f703
USA,usa-fca-qui-tam,relator_share_awards [intervention=intervened],FY2020,USD,276749867,1,276749867.0,actual,usa-doj-fca-stats-2023,"U.S. Department of Justice, Civil Division",2024-02,3.2,revision,o-ecaaf0a927
USA,usa-fca-qui-tam,relator_share_awards [intervention=intervened],FY2020,USD,280178891,1,280178891.0,actual,usa-doj-fca-stats-2024,"U.S. Department of Justice, Civil Division",2025-01-15,3.2,revision,o-c611855765
USA,usa-fca-qui-tam,relator_share_awards [intervention=intervened],FY2020,USD,285973891,1,285973891.0,actual,usa-doj-fca-stats-2025,"U.S. Department of Justice, Civil Division",2026-01-16,3.2,revision,o-e5dc4c8e30
USA,usa-fca-qui-tam,relator_share_awards [intervention=intervened],FY2021,USD,201302446,1,201302446.0,actual,usa-doj-fca-stats-2025,"U.S. Department of Justice, Civil Division",2026-01-16,0.0,revision,o-92bde60adb
USA,usa-fca-qui-tam,relator_share_awards [intervention=intervened],FY2021,USD,201375057,1,201375057.0,actual,usa-doj-fca-stats-2023,"U.S. Department of Justice, Civil Division",2024-02,0.0,revision,o-136a5c0008
USA,usa-fca-qui-tam,relator_share_awards [intervention=intervened],FY2022,USD,146970269,1,146970269.0,actual,usa-doj-fca-stats-2023,"U.S. Department of Justice, Civil Division",2024-02,1.5,revision,o-714d717b41
USA,usa-fca-qui-tam,relator_share_awards [intervention=intervened],FY2022,USD,147540269,1,147540269.0,actual,usa-doj-fca-stats-2024,"U.S. Department of Justice, Civil Division",2025-01-15,1.5,revision,o-af5dd5e7a8
USA,usa-fca-qui-tam,relator_share_awards [intervention=intervened],FY2022,USD,149231533,1,149231533.0,actual,usa-doj-fca-stats-2025,"U.S. Department of Justice, Civil Division",2026-01-16,1.5,revision,o-563bf7acbe
USA,usa-fca-qui-tam,relator_share_awards [intervention=intervened],FY2023,USD,267625538,1,267625538.0,actual,usa-doj-fca-stats-2023,"U.S. Department of Justice, Civil Division",2024-02,31.0,revision,o-54d7c5002b
USA,usa-fca-qui-tam,relator_share_awards [intervention=intervened],FY2023,USD,361510926,1,361510926.0,actual,usa-doj-fca-stats-2024,"U.S. Department of Justice, Civil Division",2025-01-15,31.0,revision,o-c8734337e2
USA,usa-fca-qui-tam,relator_share_awards [intervention=intervened],FY2023,USD,387935256,1,387935256.0,actual,usa-doj-fca-stats-2025,"U.S. Department of Justice, Civil Division",2026-01-16,31.0,revision,o-655b415bc8
USA,usa-fca-qui-tam,relator_share_awards [intervention=intervened],FY2024,USD,344841553,1,344841553.0,actual,usa-doj-fca-stats-2024,"U.S. Department of Justice, Civil Division",2025-01-15,12.3,revision,o-65c2702242
USA,usa-fca-qui-tam,relator_share_awards [intervention=intervened],FY2024,USD,393046308,1,393046308.0,actual,usa-doj-fca-stats-2025,"U.S. Department of Justice, Civil Division",2026-01-16,12.3,revision,o-2337ba209a
USA,usa-fincen-aml-wb,tips_received [tip_type=new],2025,tips,120,1,120.0,projection,usa-fincen-wb-nprm-2026,"Financial Crimes Enforcement Network, U.S. Department of the Treasury",2026-04-01,11.1,same_source,o-aa4ede4b18
USA,usa-fincen-aml-wb,tips_received [tip_type=new],2025,tips,135,1,135.0,projection,usa-fincen-wb-nprm-2026,"Financial Crimes Enforcement Network, U.S. Department of the Treasury",2026-04-01,11.1,same_source,o-a61d32fe17
USA,usa-irs-wbo,awards_paid_amount,FY2013,USD,53054302,1,53054302.0,actual,usa-irs-wbo-ar-fy2013,Internal Revenue Service,2014,3.5,same_source,o-f48942d080
USA,usa-irs-wbo,awards_paid_amount,FY2013,USD,53054302,1,53054302.0,actual,usa-irs-wbo-ar-fy2014,Internal Revenue Service,2015,3.5,same_source,o-fad368d5e5
USA,usa-irs-wbo,awards_paid_amount,FY2013,USD,54054587,1,54054587.0,actual,usa-irs-wbo-ar-fy2015,Internal Revenue Service,2016-02,3.5,same_source,o-39903032d1
USA,usa-irs-wbo,awards_paid_amount,FY2013,USD,54.1,million,54100000.0,actual,usa-tigta-wbo-audit-2016,Treasury Inspector General for Tax Administration,2016-08-30,3.5,same_source,o-40f1e8f232
USA,usa-irs-wbo,awards_paid_amount,FY2013,USD,55,million,55000000.0,actual,usa-irs-wbo-ar-fy2013,Internal Revenue Service,2014,3.5,same_source,o-8bc8d2ea41
USA,usa-irs-wbo,awards_paid_amount,FY2015,USD,103486236,1,103486236.0,actual,usa-irs-wbo-ar-fy2016,Internal Revenue Service,2017,0.0,conflict,o-0551d532c0
USA,usa-irs-wbo,awards_paid_amount,FY2015,USD,103486236,1,103486236.0,actual,usa-irs-wbo-ar-fy2017,Internal Revenue Service,2018,0.0,conflict,o-7bd6c90494
USA,usa-irs-wbo,awards_paid_amount,FY2015,USD,103486677,1,103486677.0,actual,usa-irs-wbo-ar-fy2015,Internal Revenue Service,2016-02,0.0,conflict,o-53636ec295
USA,usa-irs-wbo,awards_paid_amount,FY2015,USD,103.5,million,103500000.0,actual,usa-tigta-wbo-audit-2016,Treasury Inspector General for Tax Administration,2016-08-30,0.0,conflict,o-cc727e5d38
USA,usa-irs-wbo,awards_paid_count,FY2013,awards,122,1,122.0,actual,usa-irs-wbo-ar-fy2013,Internal Revenue Service,2014,8.3,conflict,o-460b4a1b12
USA,usa-irs-wbo,awards_paid_count,FY2013,awards,122,1,122.0,actual,usa-irs-wbo-ar-fy2013,Internal Revenue Service,2014,8.3,conflict,o-9433ce1132
USA,usa-irs-wbo,awards_paid_count,FY2013,awards,122,1,122.0,actual,usa-irs-wbo-ar-fy2014,Internal Revenue Service,2015,8.3,conflict,o-4f7f2ff323
USA,usa-irs-wbo,awards_paid_count,FY2013,awards,133,1,133.0,actual,usa-irs-wbo-ar-fy2015,Internal Revenue Service,2016-02,8.3,conflict,o-c2271c667e
USA,usa-irs-wbo,awards_paid_count,FY2013,awards,133,1,133.0,actual,usa-tigta-wbo-audit-2016,Treasury Inspector General for Tax Administration,2016-08-30,8.3,conflict,o-77acd6ccce
USA,usa-irs-wbo,claims_closed,FY2013,claims,6581,1,6581.0,actual,usa-gao-16-20,U.S. Government Accountability Office,2015-10-29,6.1,conflict,o-e9e9a53947
USA,usa-irs-wbo,claims_closed,FY2013,claims,6595,1,6595.0,actual,usa-irs-wbo-ar-fy2013,Internal Revenue Service,2014,6.1,conflict,o-86083475ea
USA,usa-irs-wbo,claims_closed,FY2013,claims,7006,1,7006.0,actual,usa-irs-wbo-ar-fy2015,Internal Revenue Service,2016-02,6.1,conflict,o-a8145e9aee
USA,usa-irs-wbo,claims_closed,FY2014,claims,6520,1,6520.0,actual,usa-gao-16-20,U.S. Government Accountability Office,2015-10-29,22.1,conflict,o-2714402074
USA,usa-irs-wbo,claims_closed,FY2014,claims,6520,1,6520.0,actual,usa-irs-wbo-ar-fy2014,Internal Revenue Service,2015,22.1,conflict,o-2afca850c6
USA,usa-irs-wbo,claims_closed,FY2014,claims,8365,1,8365.0,actual,usa-irs-wbo-ar-fy2015,Internal Revenue Service,2016-02,22.1,conflict,o-d0863c475b
USA,usa-irs-wbo,claims_open,FY2007,claims,537,1,537.0,actual,usa-gao-11-683,U.S. Government Accountability Office,2011-08-10,60.9,conflict,o-3c2446ec39
USA,usa-irs-wbo,claims_open,FY2007,claims,1373,1,1373.0,actual,usa-irs-wbo-ar-fy2013,Internal Revenue Service,2014,60.9,conflict,o-c0bfe1d96f
USA,usa-irs-wbo,claims_open,FY2008,claims,609,1,609.0,actual,usa-gao-11-683,U.S. Government Accountability Office,2011-08-10,42.5,conflict,o-a0661bf209
USA,usa-irs-wbo,claims_open,FY2008,claims,1060,1,1060.0,actual,usa-irs-wbo-ar-fy2013,Internal Revenue Service,2014,42.5,conflict,o-9e5d7a03da
USA,usa-irs-wbo,claims_open,FY2009,claims,1479,1,1479.0,actual,usa-gao-11-683,U.S. Government Accountability Office,2011-08-10,27.0,conflict,o-6e584bcd21
USA,usa-irs-wbo,claims_open,FY2009,claims,2025,1,2025.0,actual,usa-irs-wbo-ar-fy2013,Internal Revenue Service,2014,27.0,conflict,o-4ddc987a5a
USA,usa-irs-wbo,claims_open,FY2010,claims,5218,1,5218.0,actual,usa-gao-11-683,U.S. Government Accountability Office,2011-08-10,16.6,conflict,o-1bcdd83fbf
USA,usa-irs-wbo,claims_open,FY2010,claims,6211,1,6211.0,actual,usa-irs-wbo-ar-fy2014,Internal Revenue Service,2015,16.6,conflict,o-604dc65cd4
USA,usa-irs-wbo,claims_open,FY2010,claims,6253,1,6253.0,actual,usa-irs-wbo-ar-fy2013,Internal Revenue Service,2014,16.6,conflict,o-d29a10c586
USA,usa-irs-wbo,claims_open,FY2011,claims,2016,1,2016.0,actual,usa-irs-wbo-ar-fy2014,Internal Revenue Service,2015,12.7,revision,o-01552ca14d
USA,usa-irs-wbo,claims_open,FY2011,claims,2308,1,2308.0,actual,usa-irs-wbo-ar-fy2013,Internal Revenue Service,2014,12.7,revision,o-4eaf5265b8
USA,usa-irs-wbo,claims_open,FY2012,claims,3017,1,3017.0,actual,usa-irs-wbo-ar-fy2014,Internal Revenue Service,2015,2.5,revision,o-6f2ff3bf03
USA,usa-irs-wbo,claims_open,FY2012,claims,3095,1,3095.0,actual,usa-irs-wbo-ar-fy2013,Internal Revenue Service,2014,2.5,revision,o-708bf48aa4
USA,usa-irs-wbo,claims_open,FY2013,claims,5101,1,5101.0,actual,usa-irs-wbo-ar-fy2014,Internal Revenue Service,2015,77.2,same_source,o-e630ed1511
USA,usa-irs-wbo,claims_open,FY2013,claims,5417,1,5417.0,actual,usa-irs-wbo-ar-fy2013,Internal Revenue Service,2014,77.2,same_source,o-9c8ff10613
USA,usa-irs-wbo,claims_open,FY2013,claims,22330,1,22330.0,actual,usa-irs-wbo-ar-fy2013,Internal Revenue Service,2014,77.2,same_source,o-c20db811dd
USA,usa-irs-wbo,claims_open,FY2013,claims,22330,1,22330.0,actual,usa-irs-wbo-ar-fy2015,Internal Revenue Service,2016-02,77.2,same_source,o-d2151b45d1
USA,usa-irs-wbo,claims_open,FY2014,claims,8682,1,8682.0,actual,usa-irs-wbo-ar-fy2014,Internal Revenue Service,2015,71.2,revision,o-4e5501946c
USA,usa-irs-wbo,claims_open,FY2014,claims,30152,1,30152.0,actual,usa-irs-wbo-ar-fy2015,Internal Revenue Service,2016-02,71.2,revision,o-717356dafa
USA,usa-irs-wbo,claims_open,FY2014,claims,30152,1,30152.0,actual,usa-irs-wbo-ar-fy2016,Internal Revenue Service,2017,71.2,revision,o-dd687144ea
USA,usa-irs-wbo,collections_attributable,2007-2018,USD,3.6,billion,3600000000.0,actual,usa-gao-18-698,U.S. Government Accountability Office,2018-09-28,28.7,conflict,o-e48c8f1d8b
USA,usa-irs-wbo,collections_attributable,2007-2018,USD,5051188583,1,5051188583.0,actual,usa-irs-wbo-ar-fy2018,Internal Revenue Service,2019,28.7,conflict,o-52b887936e
USA,usa-irs-wbo,collections_attributable,FY2013,USD,343674315,1,343674315.0,actual,usa-irs-wbo-ar-fy2015,Internal Revenue Service,2016-02,6.4,conflict,o-1793d8415c
USA,usa-irs-wbo,collections_attributable,FY2013,USD,343.7,million,343700000.0,actual,usa-tigta-wbo-audit-2016,Treasury Inspector General for Tax Administration,2016-08-30,6.4,conflict,o-15ab9a5ec9
USA,usa-irs-wbo,collections_attributable,FY2013,USD,367042420,1,367042420.0,actual,usa-irs-wbo-ar-fy2013,Internal Revenue Service,2014,6.4,conflict,o-b25fefc412
USA,usa-irs-wbo,collections_attributable,FY2013,USD,367042420,1,367042420.0,actual,usa-irs-wbo-ar-fy2014,Internal Revenue Service,2015,6.4,conflict,o-2b8174590a
USA,usa-irs-wbo,tips_received,FY2007,claims,1463,1,1463.0,actual,usa-irs-wbo-ar-fy2013,Internal Revenue Service,2014,46.8,revision,o-b0dad70a84
USA,usa-irs-wbo,tips_received,FY2007,claims,2751,1,2751.0,actual,usa-irs-wbo-first-report-2008,Internal Revenue Service,2008-06-24,46.8,revision,o-dbbccaccdd
USA,usa-irs-wbo,tips_received,FY2010,claims,13155,1,13155.0,actual,usa-irs-wbo-ar-fy2013,Internal Revenue Service,2014,0.5,revision,o-6656137e90
USA,usa-irs-wbo,tips_received,FY2010,claims,13220,1,13220.0,actual,usa-irs-wbo-ar-fy2014,Internal Revenue Service,2015,0.5,revision,o-b6bf11d68b
USA,usa-irs-wbo,tips_received,FY2011,claims,8084,1,8084.0,actual,usa-irs-wbo-ar-fy2013,Internal Revenue Service,2014,1.0,revision,o-45c9c258ce
USA,usa-irs-wbo,tips_received,FY2011,claims,8166,1,8166.0,actual,usa-irs-wbo-ar-fy2014,Internal Revenue Service,2015,1.0,revision,o-e0af652bb2
USA,usa-irs-wbo,tips_received,FY2012,claims,9239,1,9239.0,actual,usa-irs-wbo-ar-fy2013,Internal Revenue Service,2014,2.7,revision,o-fef2497d81
USA,usa-irs-wbo,tips_received,FY2012,claims,9493,1,9493.0,actual,usa-irs-wbo-ar-fy2014,Internal Revenue Service,2015,2.7,revision,o-253956cd75
USA,usa-irs-wbo,tips_received,FY2013,claims,9268,1,9268.0,actual,usa-irs-wbo-ar-fy2013,Internal Revenue Service,2014,23.9,same_source,o-e814b6bcc9
USA,usa-irs-wbo,tips_received,FY2013,claims,9472,1,9472.0,actual,usa-irs-wbo-ar-fy2013,Internal Revenue Service,2014,23.9,same_source,o-9997fe4224
USA,usa-irs-wbo,tips_received,FY2013,claims,10520,1,10520.0,actual,usa-irs-wbo-ar-fy2014,Internal Revenue Service,2015,23.9,same_source,o-dcb74b2ce1
USA,usa-irs-wbo,tips_received,FY2013,claims,12172,1,12172.0,actual,usa-irs-wbo-ar-fy2015,Internal Revenue Service,2016-02,23.9,same_source,o-f014c03a68
USA,usa-irs-wbo,tips_received,FY2013,submissions,3690,1,3690.0,actual,usa-tigta-wbo-audit-2016,Treasury Inspector General for Tax Administration,2016-08-30,9.3,conflict,o-a4962efe7f
USA,usa-irs-wbo,tips_received,FY2013,submissions,4067,1,4067.0,actual,usa-irs-wbo-ar-fy2013,Internal Revenue Service,2014,9.3,conflict,o-7edabc99f9
USA,usa-irs-wbo,tips_received,FY2014,claims,14365,1,14365.0,actual,usa-irs-wbo-ar-fy2014,Internal Revenue Service,2015,4.8,revision,o-a3ed7715c3
USA,usa-irs-wbo,tips_received,FY2014,claims,14365,1,14365.0,actual,usa-irs-wbo-ar-fy2014,Internal Revenue Service,2015,4.8,revision,o-a0a4e7b63e
USA,usa-irs-wbo,tips_received,FY2014,claims,14474,1,14474.0,actual,usa-irs-wbo-ar-fy2015,Internal Revenue Service,2016-02,4.8,revision,o-0d328d19dd
USA,usa-irs-wbo,tips_received,FY2014,claims,15095,1,15095.0,actual,usa-irs-wbo-ar-fy2016,Internal Revenue Service,2017,4.8,revision,o-72d0ddd553
USA,usa-irs-wbo,tips_received,FY2014,submissions,4166,1,4166.0,actual,usa-irs-wbo-ar-fy2014,Internal Revenue Service,2015,3.3,conflict,o-e966c943ce
USA,usa-irs-wbo,tips_received,FY2014,submissions,4309,1,4309.0,actual,usa-tigta-wbo-audit-2016,Treasury Inspector General for Tax Administration,2016-08-30,3.3,conflict,o-34c68fce7e
USA,usa-irs-wbo,tips_received,FY2015,claims,12078,1,12078.0,actual,usa-irs-wbo-ar-fy2015,Internal Revenue Service,2016-02,5.1,revision,o-ed3b9fd80a
USA,usa-irs-wbo,tips_received,FY2015,claims,12595,1,12595.0,actual,usa-irs-wbo-ar-fy2016,Internal Revenue Service,2017,5.1,revision,o-d13d9515b8
USA,usa-irs-wbo,tips_received,FY2015,claims,12723,1,12723.0,actual,usa-irs-wbo-ar-fy2017,Internal Revenue Service,2018,5.1,revision,o-2f17677e56
USA,usa-irs-wbo,tips_received,FY2016,claims,13396,1,13396.0,actual,usa-irs-wbo-ar-fy2016,Internal Revenue Service,2017,2.5,revision,o-e1aa00eefc
USA,usa-irs-wbo,tips_received,FY2016,claims,13396,1,13396.0,actual,usa-irs-wbo-ar-fy2018,Internal Revenue Service,2019,2.5,revision,o-9b210d5b15
USA,usa-irs-wbo,tips_received,FY2016,claims,13735,1,13735.0,actual,usa-irs-wbo-ar-fy2017,Internal Revenue Service,2018,2.5,revision,o-00d012e2b1
USA,usa-irs-wbo,tips_received [subsection=7623b],FY2007,submissions,49,1,49.0,actual,usa-irs-wbo-ar-fy2010,Internal Revenue Service,2011,2.0,revision,o-99a4a11c6a
USA,usa-irs-wbo,tips_received [subsection=7623b],FY2007,submissions,50,1,50.0,actual,usa-irs-wbo-ar-fy2011,Internal Revenue Service,2012,2.0,revision,o-d545fb6b6f
USA,usa-irs-wbo,tips_received [subsection=7623b],FY2007,submissions,50,1,50.0,actual,usa-irs-wbo-ar-fy2012,Internal Revenue Service,2013,2.0,revision,o-5ac1bdf195
USA,usa-irs-wbo,tips_received [subsection=7623b],FY2007,taxpayers,587,1,587.0,actual,usa-irs-wbo-ar-fy2010,Internal Revenue Service,2011,32.9,revision,o-60dc6c59ec
USA,usa-irs-wbo,tips_received [subsection=7623b],FY2007,taxpayers,875,1,875.0,actual,usa-irs-wbo-ar-fy2011,Internal Revenue Service,2012,32.9,revision,o-6bfc6651ca
USA,usa-irs-wbo,tips_received [subsection=7623b],FY2007,taxpayers,875,1,875.0,actual,usa-irs-wbo-ar-fy2012,Internal Revenue Service,2013,32.9,revision,o-82a363d0ec
USA,usa-irs-wbo,tips_received [subsection=7623b],FY2008,submissions,377,1,377.0,actual,usa-irs-wbo-ar-fy2011,Internal Revenue Service,2012,20.8,revision,o-ca51f474cc
USA,usa-irs-wbo,tips_received [subsection=7623b],FY2008,submissions,377,1,377.0,actual,usa-irs-wbo-ar-fy2012,Internal Revenue Service,2013,20.8,revision,o-6b4451f97a
USA,usa-irs-wbo,tips_received [subsection=7623b],FY2008,submissions,378,1,378.0,actual,usa-irs-wbo-ar-fy2010,Internal Revenue Service,2011,20.8,revision,o-aee091d6d9
USA,usa-irs-wbo,tips_received [subsection=7623b],FY2008,submissions,476,1,476.0,actual,usa-irs-wbo-ar-fy2008,Internal Revenue Service,2009-08,20.8,revision,o-807b91f626
USA,usa-irs-wbo,tips_received [subsection=7623b],FY2008,taxpayers,1246,1,1246.0,actual,usa-irs-wbo-ar-fy2008,Internal Revenue Service,2009-08,9.0,revision,o-0a5108ec8a
USA,usa-irs-wbo,tips_received [subsection=7623b],FY2008,taxpayers,1366,1,1366.0,actual,usa-irs-wbo-ar-fy2010,Internal Revenue Service,2011,9.0,revision,o-46907dc827
USA,usa-irs-wbo,tips_received [subsection=7623b],FY2008,taxpayers,1369,1,1369.0,actual,usa-irs-wbo-ar-fy2011,Internal Revenue Service,2012,9.0,revision,o-1751147d38
USA,usa-irs-wbo,tips_received [subsection=7623b],FY2008,taxpayers,1369,1,1369.0,actual,usa-irs-wbo-ar-fy2012,Internal Revenue Service,2013,9.0,revision,o-cf39150fbc
USA,usa-irs-wbo,tips_received [subsection=7623b],FY2009,submissions,460,1,460.0,actual,usa-irs-wbo-ar-fy2009,Internal Revenue Service,2010-12,2.5,revision,o-9609008a92
USA,usa-irs-wbo,tips_received [subsection=7623b],FY2009,submissions,470,1,470.0,actual,usa-irs-wbo-ar-fy2010,Internal Revenue Service,2011,2.5,revision,o-d9a75ae652
USA,usa-irs-wbo,tips_received [subsection=7623b],FY2009,submissions,472,1,472.0,actual,usa-irs-wbo-ar-fy2011,Internal Revenue Service,2012,2.5,revision,o-4ed9ec6a52
USA,usa-irs-wbo,tips_received [subsection=7623b],FY2009,submissions,472,1,472.0,actual,usa-irs-wbo-ar-fy2012,Internal Revenue Service,2013,2.5,revision,o-91fd4a4770
USA,usa-irs-wbo,tips_received [subsection=7623b],FY2009,taxpayers,1941,1,1941.0,actual,usa-irs-wbo-ar-fy2009,Internal Revenue Service,2010-12,10.9,revision,o-2f11774145
USA,usa-irs-wbo,tips_received [subsection=7623b],FY2009,taxpayers,2150,1,2150.0,actual,usa-irs-wbo-ar-fy2010,Internal Revenue Service,2011,10.9,revision,o-d99d97e1bd
USA,usa-irs-wbo,tips_received [subsection=7623b],FY2009,taxpayers,2178,1,2178.0,actual,usa-irs-wbo-ar-fy2011,Internal Revenue Service,2012,10.9,revision,o-da7f613815
USA,usa-irs-wbo,tips_received [subsection=7623b],FY2009,taxpayers,2178,1,2178.0,actual,usa-irs-wbo-ar-fy2012,Internal Revenue Service,2013,10.9,revision,o-7d55128bdf
USA,usa-irs-wbo,tips_received [subsection=7623b],FY2010,submissions,422,1,422.0,actual,usa-irs-wbo-ar-fy2011,Internal Revenue Service,2012,2.1,revision,o-061779beef
USA,usa-irs-wbo,tips_received [subsection=7623b],FY2010,submissions,422,1,422.0,actual,usa-irs-wbo-ar-fy2012,Internal Revenue Service,2013,2.1,revision,o-351e64bef1
USA,usa-irs-wbo,tips_received [subsection=7623b],FY2010,submissions,431,1,431.0,actual,usa-irs-wbo-ar-fy2010,Internal Revenue Service,2011,2.1,revision,o-9efc9b7462
USA,usa-irs-wbo,tips_received [subsection=7623b],FY2010,submissions,431,1,431.0,actual,usa-irs-wbo-ar-fy2010,Internal Revenue Service,2011,2.1,revision,o-374f1bad8a
USA,usa-irs-wbo,tips_received [subsection=7623b],FY2010,taxpayers,5429,1,5429.0,actual,usa-irs-wbo-ar-fy2010,Internal Revenue Service,2011,2.1,revision,o-5ee283059e
USA,usa-irs-wbo,tips_received [subsection=7623b],FY2010,taxpayers,5545,1,5545.0,actual,usa-irs-wbo-ar-fy2011,Internal Revenue Service,2012,2.1,revision,o-5a35964ed7
USA,usa-irs-wbo,tips_received [subsection=7623b],FY2010,taxpayers,5545,1,5545.0,actual,usa-irs-wbo-ar-fy2012,Internal Revenue Service,2013,2.1,revision,o-a1638a141e
USA,usa-irs-wbo,tips_received [subsection=7623b],FY2011,taxpayers,732,1,732.0,actual,usa-irs-wbo-ar-fy2011,Internal Revenue Service,2012,0.3,same_source,o-2b3e4d7cc4
USA,usa-irs-wbo,tips_received [subsection=7623b],FY2011,taxpayers,734,1,734.0,actual,usa-irs-wbo-ar-fy2011,Internal Revenue Service,2012,0.3,same_source,o-28e59248ca
USA,usa-irs-wbo,tips_received [subsection=7623b],FY2011,taxpayers,734,1,734.0,actual,usa-irs-wbo-ar-fy2012,Internal Revenue Service,2013,0.3,same_source,o-b0167f11a5
USA,usa-sec-wb,awards_paid_amount,FY2016,USD,34945648.43,1,34945648.43,actual,usa-sec-owb-ar-2016,"U.S. Securities and Exchange Commission, Office of the Whistleblower",2016,38.7,same_source,o-4259c5fc70
USA,usa-sec-wb,awards_paid_amount,FY2016,USD,57,million,57000000.0,actual,usa-sec-owb-ar-2016,"U.S. Securities and Exchange Commission, Office of the Whistleblower",2016,38.7,same_source,o-5d34e79b17
USA,usa-sec-wb,awards_paid_amount,FY2017,USD,49041304.95,1,49041304.95,actual,usa-sec-owb-ar-2017,"U.S. Securities and Exchange Commission, Office of the Whistleblower",2017,1.9,same_source,o-9ad9957cfb
USA,usa-sec-wb,awards_paid_amount,FY2017,USD,50,million,50000000.0,actual,usa-sec-owb-ar-2017,"U.S. Securities and Exchange Commission, Office of the Whistleblower",2017,1.9,same_source,o-b4b0f9314a
USA,usa-sec-wb,awards_paid_amount,FY2018,USD,94348311.0,1,94348311.0,actual,usa-sec-owb-ar-2018,"U.S. Securities and Exchange Commission, Office of the Whistleblower",2018,43.8,same_source,o-bf74faede4
USA,usa-sec-wb,awards_paid_amount,FY2018,USD,168,million,168000000.0,actual,usa-sec-owb-ar-2018,"U.S. Securities and Exchange Commission, Office of the Whistleblower",2018,43.8,same_source,o-75145eeb22
USA,usa-sec-wb,awards_paid_amount,FY2019,USD,60,million,60000000.0,actual,usa-sec-owb-ar-2019,"U.S. Securities and Exchange Commission, Office of the Whistleblower",2019,57.7,same_source,o-bbe686d137
USA,usa-sec-wb,awards_paid_amount,FY2019,USD,141976223.37,1,141976223.37,actual,usa-sec-owb-ar-2019,"U.S. Securities and Exchange Commission, Office of the Whistleblower",2019,57.7,same_source,o-15b6a21096
USA,usa-sec-wb,awards_paid_amount,FY2020,USD,95733263.56,1,95733263.56,actual,usa-sec-owb-ar-2020,"U.S. Securities and Exchange Commission, Office of the Whistleblower",2020,45.3,same_source,o-758cfd1541
USA,usa-sec-wb,awards_paid_amount,FY2020,USD,175,million,175000000.0,actual,usa-sec-owb-ar-2020,"U.S. Securities and Exchange Commission, Office of the Whistleblower",2020,45.3,same_source,o-6f3bdcf94a
USA,usa-sec-wb,awards_paid_amount,FY2021,USD,465604025.82,1,465604025.82,actual,usa-sec-owb-ar-2021,"U.S. Securities and Exchange Commission, Office of the Whistleblower",2021,17.4,same_source,o-08bea309e0
USA,usa-sec-wb,awards_paid_amount,FY2021,USD,564,million,564000000.0,actual,usa-sec-owb-ar-2021,"U.S. Securities and Exchange Commission, Office of the Whistleblower",2021,17.4,same_source,o-1c7812ea5b
USA,usa-sec-wb,awards_paid_amount,FY2022,USD,229,million,229000000.0,actual,usa-sec-owb-ar-2022,"U.S. Securities and Exchange Commission, Office of the Whistleblower",2022-11-15,20.3,same_source,o-6bbcc04e25
USA,usa-sec-wb,awards_paid_amount,FY2022,USD,287212185.03,1,287212185.03,actual,usa-sec-owb-ar-2022,"U.S. Securities and Exchange Commission, Office of the Whistleblower",2022-11-15,20.3,same_source,o-125492e773
USA,usa-sec-wb,awards_paid_amount,FY2023,USD,321533048.9,1,321533048.9,actual,usa-sec-owb-ar-2023,"U.S. Securities and Exchange Commission, Office of the Whistleblower",2023-11-14,46.4,same_source,o-84d1ef92b2
USA,usa-sec-wb,awards_paid_amount,FY2023,USD,600,million,600000000.0,actual,usa-sec-owb-ar-2023,"U.S. Securities and Exchange Commission, Office of the Whistleblower",2023-11-14,46.4,same_source,o-d0191370f3
USA,usa-sec-wb,awards_paid_amount,FY2024,USD,255,million,255000000.0,actual,usa-sec-owb-ar-2024,"U.S. Securities and Exchange Commission, Office of the Whistleblower",2024-11-15,55.7,same_source,o-b4c37514d8
USA,usa-sec-wb,awards_paid_amount,FY2024,USD,575226473.4,1,575226473.4,actual,usa-sec-owb-ar-2024,"U.S. Securities and Exchange Commission, Office of the Whistleblower",2024-11-15,55.7,same_source,o-16b952ff0c
USA,usa-sec-wb,awards_paid_amount,FY2025,USD,60,million,60000000.0,actual,usa-sec-owb-ar-2025,"U.S. Securities and Exchange Commission, Office of the Whistleblower",2026-02-11,64.8,same_source,o-f96d13ec8f
USA,usa-sec-wb,awards_paid_amount,FY2025,USD,170221335.88,1,170221335.88,actual,usa-sec-owb-ar-2025,"U.S. Securities and Exchange Commission, Office of the Whistleblower",2026-02-11,64.8,same_source,o-6e73abad1e
