obs_id,source_id,indicator,period,status,result,final,first_value,first_scale,first_location,second_value,second_scale,second_page,second_column,second_confidence,second_round,second_verbatim,second_comment,resolution_note
o-30c5857e52,usa-cftc-wb-ar-2015,awards_paid_count,FY2015,actual,differ,first_correct,0,1,"p. 3, Section II",1,1,PDF p. 3,,medium,1,1 Final Order granting a whistleblower award,"One award granted (order of Sept 29, 2015) but NOT paid in the period: report says payment could not be completed and Fund paid $0 to whistleblowers. Paid count = 0, granted count = 1.","The report records one award granted in FY2015 but not paid in the period; the indicator counts awards paid, so 0 is right. The second reader counted the award granted."
o-68598e1331,usa-cftc-wb-ar-2019,award_claims_received,FY2019,actual,differ,first_correct,117,1,Section II (NCAs and award claims paragraph),134,1,PDF p. 4 (printed 2),WB-APP applications,medium,1,106 Final Orders addressing 134 whistleblower award applications,"134 applications addressed by final orders in period; this is final-order count, may not equal applications received","The report says the WBO ""received 117 whistleblower award claims on Form WB-APP""; 134 is the number of applications decided by final orders in the year."
o-d6089ec73e,usa-cftc-wb-ar-2021,award_claims_received,FY2021,actual,differ,first_correct,140,1,Section II (NCAs and award claims paragraph),74,1,PDF p. 4 (printed 3),Forms WB-APP addressed,medium,1,65 Final Orders addressing 74 whistleblower award applications submitted on Form WB-APP,"74 applications addressed by final orders in the Period (6 granted, 68 denied); not necessarily the number received.","The report says the WBO ""received 140 whistleblower award applications""; 74 is the number of applications decided by final orders in the year."
o-a6001e1c38,usa-cftc-wb-ar-2021,awards_paid_amount,FY2021,actual,scale_differs,first_correct,3,million,"p. 3, Section II",more than $3 million,1,PDF p. 4 (printed 3),awards granted in the Period,high,1,"granted 6 applications for whistleblower awards, totaling more than $3 million","Awards granted (ordered), approximate; not cash paid.","Same figure; the second reader wrote the scale into the value (""more than $3 million"") and set scale 1. The row notes say the figure is printed as a bound."
o-c031285543,usa-cftc-wb-ar-2022,awards_paid_amount,2011-2022,actual,scale_differs,first_correct,330,million,p. 4,more than $330 million,1,PDF p. 5 (printed p. 4),"text, Section II",high,1,"Since the inception of the Whistleblower Program, the CFTC has issued 36 orders granting awards totaling more than $330 million.",Printed as a lower bound (more than $330 million); sentence starts at bottom of printed p.3 and continues on printed p.4.,"Same figure; the second reader wrote the scale into the value (""more than $3 million"") and set scale 1. The row notes say the figure is printed as a bound."
o-c8df912084,usa-cftc-wb-ar-2022,sanctions_ordered,2011-2022,actual,scale_differs,first_correct,3,billion,p. 3,more than $3 billion,1,PDF p. 4 (printed p. 3),"text, Section II",high,1,the total sanctions ordered in all whistleblower-related enforcement actions surpassed the $3 billion milestone,"Printed as a milestone (surpassed $3 billion), not an exact figure.","Same figure; the second reader wrote the scale into the value (""more than $3 million"") and set scale 1. The row notes say the figure is printed as a bound."
o-326e7bbf3d,usa-cftc-wb-ar-2024,tips_received,2024-04-01/2024-09-30,actual,not_found,first_correct,18,1,"p. 10, pie chart (image)",,1,PDF p. 11 (printed 10),,low,1,,"pie chart image: no slice labelled self-reported to other agencies/states found by OCR; labels read sum to ~83% (Fraud digital assets 28%, Non-Jurisdictional 25%, Fraud/Manip other 12%, Referred to SEC 7%, Failure to Register 3.20%, Reg-Other 2.40%, Other 2%, Failure to Supervise 1.80%, Recordkeeping 1.40%); a ~17% slice label unreadable","Pie-chart slice the second reader's OCR could not read; checked on the rendered page (PDF p. 11): ""Self Reported to Other Agencies/States, 18%""."
o-80ae91d408,usa-cftc-wb-ar-2024,awards_paid_amount,2014-2024,actual,scale_differs,first_correct,390,million,p. 3,nearly $390 million,1,PDF p. 5 (printed 3),award payments since first award in 2014,medium,1,issued 53 orders granting awards totaling nearly $390 million in award payments,approximate wording ('nearly'),"Same figure; the second reader wrote the scale into the value (""more than $3 million"") and set scale 1. The row notes say the figure is printed as a bound."
o-cb157edf15,usa-fincen-wb-nprm-2026,award_applications_received,2023,actual,not_found,first_correct,3,1,"PDF p. 24 (91 FR 16351), Table 3",,1,PDF p. 24,,low,1,,"Table 3 is an embedded scanned image; body cells are dithered noise, digits not legible after several OCR attempts; no text layer. Only year labels readable.",Table 3 is an image the second reader's OCR could not read; checked on the rendered page (PDF p. 24) and matches.
o-9521ffc9cc,usa-fincen-wb-nprm-2026,tips_received,2024,actual,not_found,first_correct,87,1,"PDF p. 24 (91 FR 16351), Table 3",,1,PDF p. 24,,low,1,,"Table 3 is an embedded scanned image; body cells are dithered noise, digits not legible after several OCR attempts; no text layer. Only year labels readable.",Table 3 is an image the second reader's OCR could not read; checked on the rendered page (PDF p. 24) and matches.
o-200dca47db,usa-fincen-wb-nprm-2026,tips_received,2022,actual,not_found,first_correct,101,1,"PDF p. 24 (91 FR 16351), Table 3",,1,PDF p. 24,,low,1,,"Table 3 is an embedded scanned image; body cells are dithered noise, digits not legible after several OCR attempts; no text layer. Only year labels readable.",Table 3 is an image the second reader's OCR could not read; checked on the rendered page (PDF p. 24) and matches.
o-0e576cefd8,usa-fincen-wb-nprm-2026,award_applications_received,2021,actual,not_found,first_correct,0,1,"PDF p. 24 (91 FR 16351), Table 3",,1,PDF p. 24,,low,1,,"Table 3 is an embedded scanned image; body cells are dithered noise, digits not legible after several OCR attempts; no text layer. Only year labels readable.",Table 3 is an image the second reader's OCR could not read; checked on the rendered page (PDF p. 24) and matches.
o-aa4ede4b18,usa-fincen-wb-nprm-2026,tips_received,2025,projection,not_found,first_correct,120,1,"PDF p. 24 (91 FR 16351), Table 3",,1,PDF p. 24,,low,1,,"Table 3 is an embedded scanned image; body cells are dithered noise, digits not legible after several OCR attempts; no text layer. Only year labels readable.",Table 3 is an image the second reader's OCR could not read; checked on the rendered page (PDF p. 24) and matches.
o-5f8fe14456,usa-fincen-wb-nprm-2026,tips_received,2025,projection,not_found,first_correct,88,1,"PDF p. 24 (91 FR 16351), Table 3",,1,PDF p. 24,,low,1,,"Table 3 is an embedded scanned image; body cells are dithered noise, digits not legible after several OCR attempts; no text layer. Only year labels readable.",Table 3 is an image the second reader's OCR could not read; checked on the rendered page (PDF p. 24) and matches.
o-4d6304a470,can-osc-nr-award-2020-04-06,awards_paid_amount,2016-07 to 2020-04-06,actual,agree,confirmed,8,million,"news release, para 5",8,million,news release,,medium,1,"Since its launch in July 2016, the OSC’s Whistleblower Program has awarded more than $8 million to whistleblowers","""more than $8 million"" (lower bound); currency not stated for this sentence (release uses CAD for the $525,000 award)",
o-b6770ca57a,can-osc-nr-award-2020-11-17,awards_paid_amount,2016-07 to 2020-11-17,actual,agree,confirmed,8.6,million,"news release, para 5",more than $8.6 million,million,HTML news release,total awarded since July 2016,high,1,"Since its launch in July 2016, the OSC’s Whistleblower Program has awarded more than $8.6 million to whistleblowers.",'more than' lower bound,
o-a825fb5629,can-osc-nr-award-2022-03-01,awards_paid_amount,2016-07 to 2022-03-01,actual,agree,confirmed,9,million,"news release, para 5",nearly $9 million,million,news release,news release para 5,high,1,"Since its launch in July 2016, the OSC Whistleblower Program has awarded nearly $9 million to whistleblowers.","Printed as nearly $9 million; awarded (not necessarily paid). Current release award itself is $240,000.",
o-d53cba0ae9,can-osc-nr-award-2023-03-20,sanctions_ordered,2016-07 to 2023-03-20,actual,agree,confirmed,48,million,"news release, para 4",48,million,"news release, para 4",USD? CAD million (approximately),high,1,approximately $48 million in monetary sanctions and voluntary payments to date,"printed 'approximately $48 million'; currency not stated in text (OSC, Canadian dollars implied)",
o-a3d82a11f1,can-osc-nr-award-2023-03-20,awards_paid_amount,2016-07 to 2023-03-20,actual,agree,confirmed,9.33,million,"news release, para 4",9.33,million,"news release, para 4",CAD million,high,1,The Program has awarded $9.33 million to whistleblowers,currency not explicitly stated,
o-c2ee7de8b7,can-osc-nr-award-2024-02-27,awards_paid_amount,2016-07 to 2024-02-27,actual,agree,confirmed,10,million,"news release, para 3",$10 million,million,html,news release text,medium,1,"Since its launch, the Program has awarded more than $10 million.","printed 'more than $10 million'; currency not stated in the sentence (Ontario programme, release is in dollars)",
o-0b34d51680,can-osc-nr-award-2024-05-15,awards_paid_amount,2016-07 to 2024-05-15,actual,agree,confirmed,10,million,"news release, para 3",10,million,news release,,medium,1,"Since its launch, the Program has awarded more than $10 million","""more than $10 million"" (lower bound); currency not stated in sentence",
o-b591d82918,can-osc-nr-award-2024-10-23,awards_paid_amount,2016-07 to 2024-10-23,actual,agree,confirmed,10,million,"news release, para 3",more than $10 million,million,HTML news release,total awarded since launch,high,1,"Since its launch, the Program has awarded more than $10 million.",'more than' lower bound; release does not restate the July 2016 date in this sentence,
o-cebaf7d5b8,can-osc-wb-update-2022,awards_paid_amount,2016-07-14 to 2022-03-31,actual,agree,confirmed,9.33,million,section 'Awards',9.33,million,HTML section Awards,,high,1,the OSC has paid out $9.33 million in awards to 11 whistleblowers,Section 'Awards' of the update; text states 'To date' (program launch 2016 to 31 Mar 2022 inferred from page context); intro also says 'over $9 million',
o-adf7f36a1c,can-osc-wb-update-2022,individuals_awarded,2016-07-14 to 2022-03-31,actual,agree,confirmed,11,1,section 'Awards',11,1,HTML section Awards,,high,1,$9.33 million in awards to 11 whistleblowers,Section 'Awards' of the update; text states 'To date' (program launch 2016 to 31 Mar 2022 inferred from page context),
o-2f31c3f742,can-osc-wb-update-2022,sanctions_ordered,2016-07-14 to 2022-03-31,actual,agree,confirmed,48,million,section 'Awards',48,million,HTML section Awards,,medium,1,approximately $48 million in monetary sanctions and voluntary payments ordered against 19 respondents,'approximately $48 million'; Section 'Awards' of the update; text states 'To date' (program launch 2016 to 31 Mar 2022 inferred from page context),
o-bf40a149a0,can-osc-wb-update-2022,tips_received,2016-07-14 to 2022-03-31,actual,agree,confirmed,797,1,section 'Tips',797,1,HTML section Tips,,high,1,"As of March 31, 2022, the Program received 797 tips from more than 840 whistleblowers","As of March 31, 2022",
o-68ce0e8754,kor-acrc-ar-2015,awards_paid_amount,2015,actual,agree,confirmed,380,million,"PDF p. 36, 'Statistics on Reward for Public Interest Whistleblowers'",380,million,PDF p. 36,"text paragraph, Statistics on Reward for Public Interest Whistleblowers",high,1,"In 2015, a total of KRW 380 million was provided in reward money to 511 whistleblowers","text, not table; 511 whistleblowers",
o-10a4a40974,kor-acrc-ar-2015,awards_paid_count,2008-2015,actual,agree,confirmed,61,1,"PDF p. 35, 'Payment of Award'",61,1,PDF p. 35,"text paragraph, Statistics on the Payment of Reward and Award",high,1,"Since 2008, financial award of KRW 487.8 million has been provided in 61 cases",text paragraph; table not extractable,
o-89162611b6,kor-acrc-ar-2015,awards_paid_amount,2011-2015,actual,agree,confirmed,1.3,billion,PDF p. 36,1.3,billion,PDF p. 36,text paragraph,medium,1,"total reward money paid since enactment of Act to approximately KRW 1.3 billion (1,519 reported cases)",printed as 'approximately'; since enactment (Sep 2011) to 2015,
o-b7d4361034,kor-acrc-ar-2015,awards_paid_amount,2008-2015,actual,agree,confirmed,487.8,million,"PDF p. 35, 'Payment of Award'",487.8,million,PDF p. 35,text paragraph,high,1,financial award of KRW 487.8 million has been provided in 61 cases,,
o-6385cb3da7,kor-acrc-ar-2015,awards_paid_amount,2008-2015,actual,agree,confirmed,7.47,billion,"PDF p. 35, Ch. 3 'Payment of Reward'",7.47,billion,PDF p. 35,text paragraph,high,1,KRW 7.47 billion was paid in reward for 209 cases,this is 'reward' (not 'award'); text says 2008 to 2015,
o-cf407436c0,kor-acrc-ar-2015,awards_paid_count,2011-2015,actual,agree,confirmed,1519,1,PDF p. 36,"1,519",1,PDF p. 36,text paragraph,low,1,"approximately KRW 1.3 billion (1,519 reported cases)","figure is 'reported cases' for which reward was paid, per text; no separate table readable",
o-4cbaee5d1a,kor-acrc-ar-2025,awards_paid_amount,2016-2025,actual,agree,confirmed,1.69,billion,"PDF p. 90, item 5",1.69,billion,PDF p. 90,KRW billion (over),high,1,"awards have been paid to whistleblowers in a total of 95 cases, amounting to over KRW 1.69 billion",printed as 'over KRW 1.69 billion'; since award system introduced 25 Jan 2016,
o-996ef2ca58,kor-acrc-ar-2025,awards_paid_amount,2010-2025,actual,agree,confirmed,36.53,billion,"PDF p. 88, item 3",36.53,billion,PDF p. 88,KRW billion,medium,1,"rewards totaling KRW 36.53 billion were paid in 2,920 cases","Ambiguous: 'rewards' 36.53 billion (2,920 cases) vs separate 'monetary awards' KRW 1.31 billion (123 cases) on same page; chose rewards as the main paid amount",
o-a286dfc9db,kor-acrc-ar-2025,awards_paid_count,2016-2025,actual,agree,confirmed,95,1,"PDF p. 90, item 5",95,1,PDF p. 90,cases,high,1,awards have been paid to whistleblowers in a total of 95 cases,,
o-ae77cd78c8,kor-acrc-ar-2025,awards_paid_amount,2025,actual,agree,confirmed,379,million,"PDF p. 90, item 5",379,million,PDF p. 90,KRW million (over),high,1,"In 2025, rewards were paid for a total of 33 public interest reports, amounting to over KRW 379 million","rewards, not awards",
o-76a0b6e571,kor-acrc-ar-2025,awards_paid_count,2025,actual,agree,confirmed,33,1,"PDF p. 90, item 5",33,1,PDF p. 90,reports,high,1,rewards were paid for a total of 33 public interest reports,count of reports for which rewards paid in 2025,
o-f4d69eeb0f,kor-acrc-ar-2025,collections_attributable,2010-2025,actual,agree,confirmed,417.14,billion,"PDF p. 88, Part 3 Ch. 3 Sec. 3, item 3",417.14,billion,PDF p. 88,KRW billion,high,1,total amount recovered by public institutions as a result of corruption reports reached KRW 417.14 billion,,
o-b8947ffd22,kor-acrc-workplan-2019,awards_paid_amount,2018,actual,agree,confirmed,31,hundred million,"p. 1 (PDF p. 3), 2018 results",31억,1,PDF p. 3,부패신고 보상 2018 amount,high,1,"부패신고 보상 : (’17) 113건 / 21억 → (’18) 166건, 31억","억 = 100 million KRW; printed in units of 억, not converted. Corruption-report reward (부패신고 보상), 2018 results.",
o-e2cce00631,kor-acrc-workplan-2019,awards_paid_count,2018,actual,agree,confirmed,166,1,"p. 1 (PDF p. 3), 2018 results",166,1,PDF p. 3,부패신고 보상 2018 count (건),high,1,"부패신고 보상 : (’17) 113건 / 21억 → (’18) 166건, 31억",건 = cases,
o-88f70640ba,kor-acrc-workplan-2019,awards_paid_count,2017,actual,agree,confirmed,113,1,"p. 1 (PDF p. 3), 2018 results",113,1,PDF p. 3,부패신고 보상 2017 count (건),high,1,"부패신고 보상 : (’17) 113건 / 21억 → (’18) 166건, 31억",건 = cases,
o-8f16f0873a,kor-acrc-workplan-2019,awards_paid_amount,2017,actual,agree,confirmed,21,hundred million,"p. 1 (PDF p. 3), 2018 results",21억,1,PDF p. 3,부패신고 보상 2017 amount,high,1,"부패신고 보상 : (’17) 113건 / 21억 → (’18) 166건, 31억","억 = 100 million KRW; printed in units of 억, not converted. Corruption-report reward (부패신고 보상), 2018 results.",
o-000fa5125c,svk-uoo-vs-2021,award_applications_received,2021-09 to 2021-12,actual,agree,confirmed,2,1,"PDF p. 52, 'Rok 2021 v číslach'",2,1,PDF p. 52,,high,1,Od septembra do decembra 2021 úrad prijal 2 žiadosti o odmenu.,,
o-7eb3fe4cbc,svk-uoo-vs-2021,award_claims_denied,2021-09 to 2021-12,actual,agree,confirmed,2,1,PDF p. 52,2,1,PDF p. 52,,high,1,úrad rozhodol o zamietnutí oboch žiadostí,"""both"" applications rejected (oboch = 2)",
o-7fe306883e,svk-uoo-vs-2022,award_applications_received,2022,actual,agree,confirmed,0,1,"PDF p. 20, 'Odmeny'",0,1,PDF p. 20,Odmeny,high,1,V roku 2022 nebola úradu doručená žiadna žiadosť o odmenu.,"Translation: no reward application was received in 2022 (printed as word žiadna, none).",
o-8c84476ba4,svk-uoo-vs-2023,award_applications_received,2023,actual,agree,confirmed,2,1,"PDF p. 21, section 2.4 'Odmeny'",2,1,PDF p. 21 (printed 20),2.4 Odmeny,high,1,V roku 2023 boli úradu doručené dve žiadosti o odmenu,Number written as word 'dve' (two).,
o-f0c53e6db7,svk-uoo-vs-2023,award_claims_denied,2023,actual,agree,confirmed,1,1,"PDF p. 21, section 2.4",1,1,PDF p. 21 (printed 20),2.4 Odmeny,high,1,V jednom prípade úrad rozhodol o neposkytnutí odmeny,'In one case the office decided not to grant the reward'; the other was not concluded that year.,
o-698889e311,svk-uoo-vs-2024,award_applications_received,2024,actual,agree,confirmed,0,1,"PDF p. 23, section 2.5 'Odmeny'",0,1,PDF p. 23,,medium,1,V roku 2024 nebola úradu doručená žiadna žiadosť o odmenu.,Text says no reward application was received in 2024 (no numeral printed); zero inferred,
o-8de3a113c9,svk-uoo-vs-2025,award_claims_denied,2025,actual,agree,confirmed,1,1,PDF p. 26,1,1,PDF p. 26,"text, section 2.6 Odmeny",high,1,"V roku 2025 boli úradu doručené tri žiadosti o odmenu, jednej žiadosti nevyhovel, pri dvoch ešte nebolo ukončené posudzovanie.","Translation: three reward applications received in 2025, one not granted (denied), two still under assessment. Value 1 read from the words jednej (one).",
o-5a0bf1cb16,svk-uoo-vs-2025,award_applications_received,2025,actual,agree,confirmed,3,1,"PDF p. 26, section 2.5/2.6",3,1,PDF p. 26,"text, section 2.6 Odmeny",high,1,V roku 2025 boli úradu doručené tri žiadosti o odmenu,Number printed as the word tri (three).,
o-42c20cfcf2,usa-cftc-wb-ar-2011,fund_balance,2011-09-30,actual,agree,confirmed,23755000,1,"p. 5, Section III","$23,755,000",1,PDF p. 5,"Balance of Fund as of September 30, 2011",high,1,"Balance of Fund as of September 30, 2011 $23,755,000",,
o-2f8a8f4665,usa-cftc-wb-ar-2011,awards_paid_count,FY2011,actual,agree,confirmed,0,1,"p. 4, Section II.C",0,1,PDF p. 4,,medium,1,"the Commission did not pay any whistleblower awards pursuant to Section 23 of the CEA during the period from July 21, 2010 through September 30, 2011",Document states no awards paid (no number printed); zero inferred. Period is July 21 2010 to Sep 30 2011,
o-4ded472537,usa-cftc-wb-ar-2012,award_claims_received,FY2012,actual,agree,confirmed,16,1,Section II (NCAs and award claims paragraph),16,1,PDF p. 4,,high,1,received 16 whistleblower award claims on Form WB-APP,,
o-3aa760750a,usa-cftc-wb-ar-2012,tips_received,FY2012,actual,agree,confirmed,58,1,"p. 2, Section II",58,1,PDF p. 3,,high,1,WBO received 58 whistleblower tips and complaints on Form TCR,excludes 52 non-whistleblower tips,
o-a5ae90aa07,usa-cftc-wb-ar-2012,fund_balance,2012-09-30,actual,agree,confirmed,99996749,1,"p. 4, Section IV","$99,996,749",1,PDF p. 6,,high,1,"Balance of the Fund as of September 30, 2012: $99,996,749",,
o-e6bf82cfef,usa-cftc-wb-ar-2012,awards_paid_count,FY2012,actual,agree,confirmed,0,1,"p. 2, Section II",0,1,PDF p. 3,,high,1,The Commission did not pay any whistleblower awards during the Period.,stated in words (none paid),
o-cfa539fa31,usa-cftc-wb-ar-2013,award_claims_denied,FY2013,actual,agree,confirmed,22,1,"p. 2, Section II",22,1,PDF p. 3,Final Orders (all denials),medium,1,the Commission issued 22 Final Orders related to whistleblower award applications. All the Final Orders were denial of awards,"Counted as orders, not applications.",
o-3177cae1e7,usa-cftc-wb-ar-2013,tips_received,FY2013,actual,agree,confirmed,138,1,"p. 2, Section II",138,1,PDF p. 3,whistleblower tips and complaints on Form TCR,high,1,received 138 whistleblower tips and complaints on Form TCR,"Also 66 separate non-whistleblower tips, not included.",
o-64b7c2d0ca,usa-cftc-wb-ar-2013,fund_balance,2013-09-30,actual,agree,confirmed,99904291,1,"p. 4, Section IV","$99,904,291",1,PDF p. 6,"Balance of the Fund as of September 30, 2013",high,1,"the Fund had an ending balance of $99,904,291",,
o-eac0a8b4e2,usa-cftc-wb-ar-2013,award_claims_received,FY2013,actual,agree,confirmed,12,1,Section II (NCAs and award claims paragraph),12,1,PDF p. 4,whistleblower award claims on Form WB-APP,high,1,received 12 whistleblower award claims on Form WB-APP,Printed p. 3,
o-e3d911b739,usa-cftc-wb-ar-2013,awards_paid_count,FY2013,actual,agree,confirmed,0,1,"p. 2, Section II",0,1,PDF p. 3,awards paid,high,1,The Commission did not pay any whistleblower awards during the Period,"Stated in words (did not pay any), recorded as 0.",
o-b6b24cb995,usa-cftc-wb-ar-2014,fund_balance,2014-09-30,actual,agree,confirmed,274315312,1,"p. 4, Section IV","$274,315,312",1,PDF p. 6,"Balance of the Fund as of September 30, 2014",high,1,"Balance of the Fund as of September 30, 2014: $274,315,312","Location says p.4; found on PDF p.6 (report section IV). OIG memo prints a different figure ($274,448,248) for a different measure.",
o-348efacf95,usa-cftc-wb-ar-2014,tips_received,FY2014,actual,agree,confirmed,227,1,"p. 2, Section II",227,1,PDF p. 3,whistleblower tips and complaints on Form TCR,high,1,WBO received 227 whistleblower tips and complaints on Form TCR,"plus 72 separate non-whistleblower tips; location says p.2, found on PDF p.3",
o-ab108a5272,usa-cftc-wb-ar-2014,awards_paid_count,FY2014,actual,agree,confirmed,1,1,"p. 2, Section II",one,1,PDF p. 3,whistleblower awards paid during the Period,high,1,The Commission paid one whistleblower award during the Period,value printed as the word 'one' (=1); paid,
o-5b6e77cf09,usa-cftc-wb-ar-2014,awards_paid_amount,FY2014,actual,agree,confirmed,246000,1,"p. 4, Section IV","($246,000)",1,PDF p. 6,Amount paid from the Fund to whistleblowers during the Period,high,1,"Amount paid from the Fund to whistleblowers during the Period: ($246,000)",shown as an outflow in parentheses; location says p.4,
o-f1458e6bdd,usa-cftc-wb-ar-2014,award_claims_received,FY2014,actual,agree,confirmed,38,1,Section II (NCAs and award claims paragraph),38,1,PDF p. 4,whistleblower award claims on Form WB-APP,high,1,"WBO posted 50 NCAs during the Period, and received 38 whistleblower award claims on Form WB-APP",,
o-8c5cdf4372,usa-cftc-wb-ar-2014,award_claims_denied,FY2014,actual,agree,confirmed,7,1,"p. 2, Section II",seven,1,PDF p. 3,Final Orders that denied awards,high,1,seven Final Orders that denied awards because the applicants did not meet the requirements,"printed as the word 'seven' (=7); eight Final Orders in total, one granting",
o-aec9bdc163,usa-cftc-wb-ar-2015,award_claims_received,FY2015,actual,agree,confirmed,47,1,Section II (NCAs and award claims paragraph),47,1,PDF p. 4,,high,1,received 47 whistleblower award claims on Form WB-APP,,
o-23bbeb821e,usa-cftc-wb-ar-2015,award_claims_denied,FY2015,actual,agree,confirmed,24,1,"p. 3, Section II",24,1,PDF p. 3,,medium,1,"1 Final Order granting a whistleblower award related to one ... application and denying an award related to another ... application, and 3 Final Orders that denied awards related to 23 whistleblower award applications","Derived, not printed as one figure: 1 + 23 = 24 applications denied (25 applications addressed, 1 granted)",
o-149cf00479,usa-cftc-wb-ar-2015,tips_received,FY2015,actual,agree,confirmed,232,1,"p. 3, Section II",232,1,PDF p. 4,,high,1,received 232 whistleblower tips and complaints on Form TCR,Plus 75 separate non-whistleblower tips not counted,
o-09877f8a20,usa-cftc-wb-ar-2015,fund_balance,2015-09-30,actual,agree,confirmed,267612410,1,"p. 5, Section IV","$267,612,410",1,PDF p. 7,,high,1,"Balance of the Fund as of September 30, 2015: $267,612,410",,
o-1960460d58,usa-cftc-wb-ar-2016,awards_paid_amount,FY2016,actual,agree,confirmed,11551320,1,"p. 5, Section IV","$11,551,320",1,PDF p. 8,Amount paid from the Fund to whistleblowers during the Period,medium,1,"Amount paid from the Fund to whistleblowers during the Period: ($11,551,320)","Printed as a deduction in parentheses; footnote says it includes cash payments offset by an award accrued to FY2015. Text on p.3 says three awards paid, one over $10,000,000 (no total there).",
o-34a51b9754,usa-cftc-wb-ar-2016,award_claims_received,FY2016,actual,agree,confirmed,59,1,Section II (NCAs and award claims paragraph),59,1,PDF p. 4,whistleblower award claims on Form WB-APP,high,1,received 59 whistleblower award claims on Form WB-APP,,
o-70ee812b52,usa-cftc-wb-ar-2016,tips_received,FY2016,actual,agree,confirmed,273,1,"p. 3, Section II",273,1,PDF p. 4,whistleblower tips and complaints on the Form TCR,high,1,received 273 whistleblower tips and complaints on the Form TCR,"Also 92 separate non-whistleblower tips, not included.",
o-34c9c87fd0,usa-cftc-wb-ar-2016,fund_balance,2016-09-30,actual,agree,confirmed,247550496,1,"p. 5, Section IV","$247,550,496",1,PDF p. 8,"Balance of the Fund as of September 30, 2016",high,1,"the Fund had an ending balance of $247,550,496",,
o-e1d6b90353,usa-cftc-wb-ar-2016,awards_paid_count,FY2016,actual,agree,confirmed,3,1,"p. 3, Section II",3,1,PDF p. 3,whistleblower awards paid during the Period,high,1,The Commission paid three whistleblower awards during the Period,Printed as word three; paid,
o-2512598c62,usa-cftc-wb-ar-2016,award_claims_denied,FY2016,actual,agree,confirmed,14,1,"p. 3, Section II",14,1,PDF p. 3,whistleblower award applications denied,medium,1,9 Final Orders that denied awards related to 14 whistleblower award applications,9 Final Orders denied covering 14 applications; 14 given as claims denied.,
o-9e188b2071,usa-cftc-wb-ar-2017,awards_paid_amount,2011-2017,actual,agree,confirmed,11,million,p. 4,11,million,PDF p. 5,,high,1,the CFTC has issued four awards totaling approximately $11 million,"Printed as 'approximately $11 million' (cumulative since inception; awards issued, not necessarily paid). Report says no awards paid in FY2017.",
o-c4e848c35c,usa-cftc-wb-ar-2017,award_claims_denied,FY2017,actual,agree,confirmed,2,1,"p. 3, Section II",2,1,PDF p. 3,,high,1,issued two Final Orders denying two whistleblower award applications,,
o-eb06de864f,usa-cftc-wb-ar-2017,fund_balance,2017-09-30,actual,agree,confirmed,196336209,1,"p. 7, Section IV","$196,336,209",1,PDF p. 11,"Balance of the Fund as of September 30, 2017",high,1,"Balance of the Fund as of September 30, 2017: $196,336,209",Located PDF p.11 (Section IV),
o-2b95d1d4d1,usa-cftc-wb-ar-2017,award_claims_received,FY2017,actual,agree,confirmed,74,1,Section II (NCAs and award claims paragraph),74,1,PDF p. 7,,high,1,the WBO received 74 whistleblower award claims on Form WB-APP,Section II.C,
o-fed3c8e43a,usa-cftc-wb-ar-2017,awards_paid_count,2011-2017,actual,agree,confirmed,4,1,p. 4,4,1,PDF p. 5,,high,1,the CFTC has issued four awards totaling approximately $11 million,Awards issued since inception (cumulative to Sept 2017),
o-2b066faa45,usa-cftc-wb-ar-2017,awards_paid_count,FY2017,actual,agree,confirmed,0,1,"p. 3, Section II",0,1,PDF p. 3,,high,1,The Commission did not pay out any whistleblower awards during the Period,Printed in words ('did not pay out any'); value 0,
o-fd6429d016,usa-cftc-wb-ar-2018,award_claims_received,FY2018,actual,agree,confirmed,120,1,Section II (NCAs and award claims paragraph),120,1,PDF p. 6,,high,1,received 120 whistleblower award claims on Form WB-APP,,
o-a8d3c92842,usa-cftc-wb-ar-2018,awards_paid_count,2011-2018,actual,agree,confirmed,9,1,p. 3,nine,1,PDF p. 4,,high,1,the CFTC has issued nine awards totaling approximately $87 million,printed as word 'nine' (=9),
o-ff778d71f0,usa-cftc-wb-ar-2018,tips_received,FY2018,actual,agree,confirmed,760,1,"p. 3, Section II.A",760,1,PDF p. 5,,high,1,The WBO received 760 whistleblower tips and complaints on Form TCR during the Period,,
o-b5c7834974,usa-cftc-wb-ar-2018,awards_paid_amount,2011-2018,actual,agree,confirmed,87,million,p. 3,87,million,PDF p. 4,,high,1,nine awards totaling approximately $87 million,printed 'approximately $87 million',
o-e7c8f2d805,usa-cftc-wb-ar-2018,awards_paid_amount,FY2018,actual,agree,confirmed,75,million,"p. 2, Section II",75,million,PDF p. 3,,medium,1,amounting to more than $75 million paid,"printed 'more than $75 million' for five awards announced in the period; Fund table separately shows $30,075,113 paid from Fund in FY2018",
o-df7863e42a,usa-cftc-wb-ar-2018,award_claims_denied,FY2018,actual,agree,confirmed,50,1,"p. 2, Section II",50,1,PDF p. 3,,high,1,granted awards on five whistleblower applications and denied awards on 50 applications,"applications denied by Final Orders (31 orders, 55 applications)",
o-a79c1f5a1f,usa-cftc-wb-ar-2019,award_claims_denied,FY2019,actual,agree,confirmed,129,1,"p. 2, Section II",129,1,PDF p. 4 (printed 2),denied applications,high,1,denied awards on the remaining 129 applications,Form WB-APP applications,
o-a54b54c7e8,usa-cftc-wb-ar-2019,awards_paid_count,2011-2019,actual,agree,confirmed,14,1,p. 3,14,1,PDF p. 5 (printed 3),awards since inception,high,1,the CFTC has issued 14 awards amounting to approximately $100 million,,
o-344afd7444,usa-cftc-wb-ar-2019,awards_paid_amount,2011-2019,actual,agree,confirmed,100,million,p. 3,100,million,PDF p. 5 (printed 3),"approximately, USD million",high,1,14 awards amounting to approximately $100 million,approximate,
o-69d2359b7a,usa-cftc-wb-ar-2019,sanctions_ordered,2011-2019,actual,agree,confirmed,800,million,p. 3,800,million,PDF p. 5 (printed 3),"more than, USD million",high,1,sanctions orders totaling more than $800 million,printed 'more than $800 million',
o-26238fb093,usa-cftc-wb-ar-2019,awards_paid_count,FY2019,actual,agree,confirmed,5,1,"p. 2, Section II",5,1,PDF p. 4 (printed 2),awards,high,1,announced five whistleblower awards during the Period,awards on five applications,
o-a0216a8d01,usa-cftc-wb-ar-2020,award_claims_denied,FY2020,actual,agree,confirmed,80,1,"p. 3, Section II",80,1,PDF p. 4 (printed 3),,high,1,16 were granted and the remaining 80 were denied,,
o-6c9e611718,usa-cftc-wb-ar-2020,awards_paid_count,2011-2020,actual,agree,confirmed,25,1,p. 3,25,1,PDF p. 4 (printed 3),,high,1,"Since the inception of the Whistleblower Program, the CFTC has issued 25 orders granting a total of more than $120 million in awards","Orders granting awards, since inception (period 2011-2020 as given)",
o-e7b2583a5f,usa-cftc-wb-ar-2020,awards_paid_amount,FY2020,actual,agree,confirmed,27262890,1,"Section IV, footnote 45","27,262,890",1,PDF p. 21,,high,1,"$27,262,890 was disbursed from the Fund for whistleblower awards during the Period","Footnote 45; cash disbursed in FY2020 (mostly awards pending from prior years). Table line itself prints ($2,227).",
o-f4cd3a8a3a,usa-cftc-wb-ar-2020,awards_paid_amount,2011-2020,actual,agree,confirmed,120,million,p. 3,120,million,PDF p. 4 (printed 3),,medium,1,granting a total of more than $120 million in awards,"Printed as ""more than $120 million"" (lower bound)",
o-88d116cd3d,usa-cftc-wb-ar-2020,award_claims_received,FY2020,actual,agree,confirmed,140,1,Section II (NCAs and award claims paragraph),140,1,PDF p. 10,,medium,1,the WBO received 140 whistleblower award applications on Form WB-APP,Location said Section II; figure found in Section III.B on PDF p. 10. Section II p. 2 says 96 applications were addressed by final orders (not received).,
o-173dfd36d6,usa-cftc-wb-ar-2020,awards_paid_amount,FY2020,actual,agree,confirmed,20,million,"p. 2, Section II",20,million,PDF p. 3 (printed 2),,medium,1,"granted 16 applications for whistleblower awards, totaling approximately $20 million","Awards granted in the period, approximate; ""to be paid""",
o-1903855b98,usa-cftc-wb-ar-2021,sanctions_ordered,2011-2021,actual,agree,confirmed,1,billion,p. 3,1 billion,billion,PDF p. 4 (printed 3),total sanctions in actions associated with awards,medium,1,total sanctions ordered in CFTC actions associated with those awards reached and exceeded the $1 billion level during the Period,Approximate: 'reached and exceeded the $1 billion level'; since inception to end of Period (FY2021),
o-34b19359a9,usa-cftc-wb-ar-2021,awards_paid_amount,FY2021,actual,agree,confirmed,3459871,1,"p. 13, footnote 24","3,459,871",1,"PDF p. 14 (printed 13), fn 24",cash disbursed from Fund for awards FY2021,high,1,"$3,459,871 was disbursed from the Fund for whistleblower awards during the Period",,
o-dbcee9a86c,usa-cftc-wb-ar-2021,fund_balance,2021-09-30,actual,agree,confirmed,101075846,1,"p. 14, Fund table","101,075,846",1,PDF p. 15 (printed 14),"Available Balance of the Fund as of Sept 30, 2021",high,1,"Available Balance of the Fund as of September 30, 2021: $101,075,846","Net Position line in same table is ($102,073,033).",
o-c93d5adb53,usa-cftc-wb-ar-2021,awards_paid_amount,2011-2021,actual,agree,confirmed,123,million,p. 3,123,million,PDF p. 4 (printed 3),total awards since inception,high,1,issued 31 orders granting a total of more than $123 million in awards,'more than $123 million' (lower bound),
o-6780472887,usa-cftc-wb-ar-2022,awards_paid_amount,FY2022,actual,agree,confirmed,203323824,1,"p. 18, footnote 43","$203,323,824",1,PDF p. 19 (printed p. 18),footnote 43 (Customer Protection Fund section),medium,1,"$203,323,824 was disbursed from the Fund for whistleblower awards during the Period.","Scanned page, OCR. Table line above prints (203,948,824) obligated and/or paid; footnote 43 gives cash disbursed 203,323,824 (consistent with $203,300,000 previously pending in same note).",
o-d3e92ebbe1,usa-cftc-wb-ar-2022,awards_paid_count,FY2022,actual,agree,confirmed,10,1,"p. 3, Section II",10,1,PDF p. 4 (printed p. 3),"text, Section II",medium,1,the CFTC granted 10 applications for whistleblower awards ... The 5 Final Orders granting those award applications,"Document says 10 applications granted via 5 Final Orders during the Period (granted, not necessarily paid). 10 individual applications granted; 5 is the number of orders.",
o-0bc95a030c,usa-cftc-wb-ar-2022,award_claims_received,FY2022,actual,agree,confirmed,152,1,Section II (NCAs and award claims paragraph),152,1,PDF p. 8,"text, Section II.B",high,1,posted 38 NCAs and received 152 whistleblower award applications on Form WB-APP,Located by text search on PDF p. 8 (Section II.B).,
o-40ce90dd2a,usa-cftc-wb-ar-2022,tips_received,FY2022,actual,agree,confirmed,1506,1,"p. 5, Section II.A","1,506",1,PDF p. 6 (printed p. 5),"text, Section II.A",high,1,"received 1,506 whistleblower tips and complaints on Form TCR during the Period",Section II.A.,
o-f5dfb1b0af,usa-cftc-wb-ar-2023,awards_paid_amount,FY2023,actual,agree,confirmed,670000,1,"Section IV, Fund table note","670,000",1,PDF p. 22,footnote 45 to Fund table,medium,1,"Of the $670,000 disbursed from the Fund for whistleblower awards during the Period","table line itself shows (15,671,589) 'obligated and/or paid'; footnote 45 splits into $670,000 disbursed and $15,626,589 obligated not yet disbursed. Take $670,000 as 'paid'; alternative 15,671,589 obligated and/or paid",
o-2adb2ddbe3,usa-cftc-wb-ar-2023,award_claims_received,FY2023,actual,agree,confirmed,301,1,Section II (NCAs and award claims paragraph),301,1,PDF p. 10,,high,1,WBO posted 32 NCAs and received 301 whistleblower award applications on Form WB-APP,,
o-e396690dd1,usa-cftc-wb-ar-2023,fund_balance,2023-09-30,actual,agree,confirmed,261359297,1,Section IV,"261,359,297",1,PDF p. 22,FY 2023,high,1,"Available Balance of the Fund as of September 30, 2023: $261,359,297",,
o-c7e1c19886,usa-cftc-wb-ar-2023,tips_received,FY2023,actual,agree,confirmed,1530,1,"p. 6, Section II.A","1,530",1,PDF p. 7,,high,1,"WBO received 1,530 whistleblower tips and complaints on Form TCR during the Period",,
o-443525e80f,usa-cftc-wb-ar-2023,awards_paid_amount,FY2023,actual,agree,confirmed,16,million,"p. 2, Section II",16,million,PDF p. 3,,medium,1,"granted seven applications for whistleblower awards, totaling approximately $16 million","printed 'approximately $16 million' (awards granted, to be paid)",
o-eca71a3324,usa-cftc-wb-ar-2023,fund_balance,2022-06-08,actual,agree,confirmed,51098139,1,"PDF p. 22 (printed p. 21), footnote 47","51,098,139",1,PDF p. 22,footnote 47,high,1,"received on June 8, 2022, when the available balance of the Fund was $51,098,139",,
o-93f88bf0b7,usa-cftc-wb-ar-2024,tips_received,2024-04-01/2024-09-30,actual,agree,confirmed,1.4,1,"p. 10, pie chart (image)",1.40%,1,PDF p. 11 (printed 10),Recordkeeping (pie chart slice),high,1,"Recordkeeping, 1.40%",read by OCR of embedded chart image,
o-1753cce5cd,usa-cftc-wb-ar-2024,award_claims_denied,FY2024,actual,agree,confirmed,274,1,"p. 3, Section II",274,1,PDF p. 5 (printed 3),applications denied in the Period,high,1,The CFTC also denied 274 applications that failed to meet award requirements,"counted as applications, not orders",
o-c5513a6cc1,usa-cftc-wb-ar-2024,tips_received,2024-04-01/2024-09-30,actual,agree,confirmed,3.2,1,"p. 10, pie chart (image)",3.20%,1,PDF p. 11 (printed 10),Failure to Register (pie chart slice),high,1,"Failure to Register, 3.20%",read by OCR of embedded chart image,
o-ac02baef40,usa-cftc-wb-ar-2024,awards_paid_count,FY2024,actual,agree,confirmed,15,1,"p. 3, Section II",15,1,PDF p. 5 (printed 3),applications granted in award orders,medium,1,CFTC issued 12 award orders addressing 35 applications ... granted 15 applications totaling over $42 million,15 applications granted (12 orders issued); not explicit that all were paid,
o-91906a84ed,usa-cftc-wb-ar-2025,awards_paid_count,2014-2025,actual,agree,confirmed,55,1,"p. 3, snapshot",55,1,PDF p. 4,orders granting awards since first award in 2014,medium,1,has issued 55 orders granting awards totaling over $390 million,"Count of orders granting awards (not individual awards, not necessarily paid); printed p. 3.",
o-969c14ffef,usa-cftc-wb-ar-2025,tips_received,FY2025,actual,agree,confirmed,73,1,"p. 6, Figure 2",73%,1,PDF p. 7,Figure 2 Fraud,high,1,Fraud 73%,Printed p. 6; pie chart label,
o-2cb6b28241,usa-cftc-wb-ar-2025,tips_received,FY2025,actual,agree,confirmed,16,1,"p. 6, Figure 2",16%,1,PDF p. 7,Figure 2 Technical,high,1,Technical 16%,Printed p. 6,
o-5faf93195f,usa-cftc-wb-ar-2025,tips_received,FY2025,actual,agree,confirmed,11,1,"p. 6, Figure 2",11%,1,PDF p. 7,Figure 2 Non-Fraud/Disruptive Trading,high,1,Non-Fraud/ Disruptive Trading 11%,Printed p. 6,
o-c1897a1811,usa-cftc-wb-ar-2025,awards_paid_amount,FY2025,actual,agree,confirmed,4.6,million,p. 3,4.6,million,PDF p. 4,awards totaled in payments FY 2025,medium,1,"CFTC granted three applications in FY 2025, totaling $4.6 million in award payments","Printed p. 3; awards granted in FY2025, described as payments.",
o-a1980bb8cd,usa-cftc-wb-ar-2025,sanctions_ordered,2014-2025,actual,agree,confirmed,3.2,billion,p. 4,3.2,billion,PDF p. 4,monetary sanctions totaling over $3.2 billion,medium,1,monetary sanctions totaling over $3.2 billion,Printed p. 3; over qualifier; cumulative for all program awards since 2014.,
o-e03eb10737,usa-doj-cwap-factsheet-2026,tips_received,2024-2026,actual,agree,confirmed,1800,1,PDF p. 1,"1,800",1,PDF p. 1,tips received since launch two years ago,medium,1,"the CWA has received over 1,800 tips","Printed as over 1,800; value_high not applicable. Cumulative since program launch (about two years, as of August 2026).",
o-6a82864382,usa-doj-fca-pr-fy2010,relator_share_awards,FY1987-FY2010,actual,agree,confirmed,2.8,billion,press release text,$2.8 billion,billion,html,press release text,high,1,Since 1986 ... relators have obtained more than $2.8 billion in awards,printed 'more than $2.8 billion',
o-49e2eba401,usa-doj-fca-pr-fy2010,relator_share_awards,FY2010,actual,agree,confirmed,385,million,press release text,$385 million,million,html,press release text,high,1,"In fiscal year 2010, relators were awarded $385 million",,
o-34a4b10ff4,usa-doj-fca-pr-fy2010,recoveries_whistleblower_cases,FY1987-FY2010,actual,agree,confirmed,18,billion,press release text,$18 billion,billion,html,press release text,high,1,Since 1986 ... recoveries in qui tam cases have exceeded $18 billion,printed 'have exceeded $18 billion',
o-f27dbbf5b7,usa-doj-fca-pr-fy2010,recoveries_total,FY2010,actual,agree,confirmed,2.5,billion,press release text,$2.5 billion,billion,html,press release text,high,1,This includes $2.5 billion in health care fraud recoveries,,
o-4592e900bc,usa-doj-fca-pr-fy2010,recoveries_total,FY1987-FY2010,actual,agree,confirmed,27,billion,press release text,$27 billion,billion,html,press release text,high,1,Recoveries since 1986 ... now total more than $27 billion,printed 'more than $27 billion',
o-74902bdf26,usa-doj-fca-pr-fy2010,recoveries_whistleblower_cases,FY2010,actual,agree,confirmed,2.3,billion,press release text,$2.3 billion,billion,html,press release text,high,1,"Of the $3 billion in settlements and judgments obtained in fiscal year 2010, over $2.3 billion was recovered in lawsuits filed under the False Claims Act's qui tam provisions",printed 'over $2.3 billion',
o-b83cef69d6,usa-doj-fca-pr-fy2011,recoveries_total,FY2011,actual,agree,confirmed,2.4,billion,press release text,2.4,billion,HTML press release,,high,1,recovered this year included $2.4 billion in recoveries involving fraud committed against federal health care programs,federal health care programs,
o-7ad11ab022,usa-doj-fca-pr-fy2011,qui_tam_suits_filed,FY1987-FY2011,actual,agree,confirmed,7800,1,press release text,"7,800",1,HTML press release,,medium,1,"whistle blowers have filed more than 7,800 actions under the qui tam provisions","printed 'more than 7,800' over the 25 years since 1986 amendments",
o-4125d9b834,usa-doj-fca-pr-fy2011,qui_tam_suits_filed,FY2011,actual,agree,confirmed,638,1,press release text,638,1,HTML press release,,high,1,Qui tam suits hit a peak of 638 this past year,,
o-2280336bef,usa-doj-fca-pr-fy2011,recoveries_whistleblower_cases,FY2011,actual,agree,confirmed,2.8,billion,press release text,2.8,billion,HTML press release,,high,1,a record $2.8 billion in recoveries under the whistleblower provisions of the False Claims Act,,
o-3befea2dd2,usa-doj-fca-pr-fy2011,recoveries_total,FY1987-FY2011,actual,agree,confirmed,30,billion,press release text,30,billion,HTML press release,,medium,1,recovered more than $30 billion under the False Claims Act since the act was substantially amended in 1986,printed 'more than $30 billion',
o-a2c05c100c,usa-doj-fca-pr-fy2011,recoveries_total,FY2011,actual,agree,confirmed,3,billion,press release text,3,billion,HTML press release,,medium,1,secured more than $3 billion in settlements and judgments,printed 'more than $3 billion',
o-f6ee704e3c,usa-doj-fca-pr-fy2012,recoveries_total,FY2012,actual,agree,confirmed,4.9,billion,press release text,4.9,billion,"press release, para 1",USD billion,high,1,The Justice Department secured $4.9 billion in settlements and judgments,headline says 'Nearly $5 Billion',
o-f39d6965d0,usa-doj-fca-pr-fy2012,relator_share_awards,FY1987-FY2012,actual,agree,confirmed,4,billion,press release text,4,billion,"press release, whistleblower para",USD billion (nearly),high,1,"Since 1986, whistleblowers have been awarded nearly $4 billion",printed 'nearly $4 billion'; period since 1986,
o-76edc80170,usa-doj-fca-pr-fy2012,recoveries_total,FY2012,actual,agree,confirmed,3,billion,press release text,3,billion,"press release, para 3",USD billion (topped),medium,1,"recoveries for health care fraud, where recoveries topped $3 billion",printed 'topped $3 billion' (health care fraud recoveries),
o-f8caf30bf6,usa-doj-fca-pr-fy2012,recoveries_whistleblower_cases,FY2012,actual,agree,confirmed,3.3,billion,press release text,3.3,billion,press release,USD billion,high,1,a record $3.3 billion was recovered in whistleblower suits,,
o-4568c0e916,usa-doj-fca-pr-fy2012,relator_share_awards,FY2012,actual,agree,confirmed,439,million,press release text,439,million,press release,USD million,high,1,$439 million in awards in fiscal year 2012,,
o-90cc285dda,usa-doj-fca-pr-fy2012,qui_tam_suits_filed,FY1987-FY2012,actual,agree,confirmed,8500,1,press release text,"8,500",1,press release,nearly,high,1,"Of the nearly 8,500 qui tam suits filed since the 1986 amendments","printed 'nearly 8,500'",
o-d317245408,usa-doj-fca-pr-fy2013,recoveries_total,FY2013,actual,agree,confirmed,3.8,billion,press release text,3.8,billion,press release text,,high,1,"secured $3. 8 billion in settlements and judgments ... fiscal year ending Sept. 30, 2013","Printed with stray space ""$3. 8 billion""",
o-c25da422fa,usa-doj-fca-pr-fy2013,qui_tam_suits_filed,FY2009,actual,agree,confirmed,433,1,press release text,433,1,press release text,,high,1,climb from 433 lawsuits in fiscal year 2009 to 752 lawsuits in fiscal year 2013,,
o-1c615b80e6,usa-doj-fca-pr-fy2013,relator_share_awards,FY2013,actual,agree,confirmed,345,million,press release text,345,million,press release text,,high,1,"Recoveries in qui tam cases during fiscal year 2013 totaled $2. 9 billion, with whistleblowers recovering $345 million",,
o-154da3604e,usa-doj-fca-pr-fy2013,recoveries_whistleblower_cases,2009-01/FY2013,actual,agree,confirmed,13.4,billion,press release text,13.4,billion,press release text,,high,1,Qui tam recoveries this past fiscal year bring the department’s totals since January 2009 to $13.4 billion,,
o-0cae832362,usa-doj-fca-pr-fy2013,recoveries_total,FY2013,actual,agree,confirmed,2.6,billion,press release text,2.6,billion,press release text,,high,1,"largest recoveries related to health care fraud, which reached $2. 6 billion",Printed with stray space,
o-7814bef352,usa-doj-fca-pr-fy2013,qui_tam_suits_filed,FY2013,actual,agree,confirmed,752,1,press release text,752,1,press release text,,high,1,The number of qui tam suits filed in fiscal year 2013 soared to 752,,
o-4d2e4697cb,usa-doj-fca-pr-fy2014,relator_share_awards,FY2014,actual,agree,confirmed,435,million,press release text,435,million,HTML press release,FY2014 paid to relators,high,1,the government paid out $435 million to the individuals who exposed fraud,,
o-b4665b1ce3,usa-doj-fca-pr-fy2014,recoveries_whistleblower_cases,FY2014,actual,agree,confirmed,3,billion,press release text,nearly 3,billion,HTML press release,qui tam recoveries FY2014,medium,1,Recoveries in qui tam cases during fiscal year 2014 totaled nearly $3 billion,"Approximate ('nearly $3 billion'); printed as text, no exact figure.",
o-01e190e944,usa-doj-fca-pr-fy2014,qui_tam_suits_filed,FY2014,actual,agree,confirmed,700,1,press release text,700,1,HTML press release,qui tam suits FY2014,medium,1,The number of qui tam suits filed in fiscal year 2014 exceeded 700,"'exceeded 700': lower bound, no exact figure.",
o-d73480c64d,usa-doj-fca-pr-fy2014,recoveries_total,FY2014,actual,agree,confirmed,2.3,billion,press release text,2.3,billion,HTML press release,health care fraud recoveries,high,1,The $2.3 billion in health care fraud recoveries in fiscal year 2014,,
o-543109dbcb,usa-doj-fca-pr-fy2014,relator_share_awards,2009-01/FY2014,actual,agree,confirmed,2.47,billion,press release text,2.47,billion,HTML press release,awards January 2009 to end of FY2014,high,1,"From January 2009 to the end of fiscal year 2014, the government paid awards in excess of $2.47 billion",'in excess of $2.47 billion',
o-77c479d9c8,usa-doj-fca-pr-fy2014,recoveries_total,FY2014,actual,agree,confirmed,5.69,billion,press release text,5.69,billion,HTML press release,total FCA settlements and judgments FY2014,high,1,a record $5.69 billion in settlements and judgments,,
o-59ca044406,usa-doj-fca-pr-fy2015,recoveries_whistleblower_cases,FY2015,actual,agree,confirmed,2.8,billion,press release text,more than $2.8 billion,billion,press release text,text,high,1,more than $2.8 billion related to lawsuits filed under the qui tam provisions,"Printed as more than $2.8 billion; elsewhere in the release, $2.8 billion.",
o-7e133116cb,usa-doj-fca-pr-fy2015,relator_share_awards,2009-01/FY2015,actual,agree,confirmed,3,billion,press release text,$3 billion,billion,press release text,text,high,1,paid whistleblower awards of $3 billion during the same period,Cumulative January 2009 to end of FY2015; rounded to whole billion as printed.,
o-bc6e8911d9,usa-doj-fca-pr-fy2015,relator_share_awards,FY2015,actual,agree,confirmed,597,million,press release text,$597 million,million,press release text,text,high,1,the government paid out $597 million to the individuals who exposed fraud,Also: Whistleblower awards during the same period totaled $597 million.,
o-bcb0f7438b,usa-doj-fca-pr-fy2015,recoveries_total,FY2015,actual,agree,confirmed,1.9,billion,press release text,$1.9 billion,billion,press release text,text,high,1,$1.9 billion came from companies and individuals in the health care industry,,
o-964b6ed4ff,usa-doj-fca-pr-fy2015,recoveries_total,FY2015,actual,agree,confirmed,3.5,billion,press release text,more than $3.5 billion,billion,press release text,text,high,1,obtained more than $3.5 billion in settlements and judgments from civil cases involving fraud and false claims,Printed as more than $3.5 billion.,
o-38f0ecfce8,usa-doj-fca-pr-fy2015,recoveries_whistleblower_cases,2009-01/FY2015,actual,agree,confirmed,19.4,billion,press release text,$19.4 billion,billion,press release text,text,high,1,recovered $19.4 billion in settlements and judgments related to qui tam suits,Cumulative January 2009 to end of FY2015.,
o-f9f9b8875f,usa-doj-fca-pr-fy2016,relator_share_awards,FY2016,actual,agree,confirmed,519,million,press release text,$519 million,million,html,press release text,high,1,the government paid out $519 million to the individuals who exposed fraud and false claims by filing a qui tam complaint,,
o-83b18ffa32,usa-doj-fca-pr-fy2016,qui_tam_suits_filed,FY2016,actual,agree,confirmed,702,1,press release text,702,1,html,press release text,high,1,Whistleblowers filed 702 qui tam suits in fiscal year 2016,,
o-7a566cd3a5,usa-doj-fca-pr-fy2016,recoveries_total,FY2016,actual,agree,confirmed,4.7,billion,press release text,$4.7 billion,billion,html,press release text,high,1,obtained more than $4.7 billion in settlements and judgments,printed 'more than $4.7 billion',
o-852ee27906,usa-doj-fca-pr-fy2016,recoveries_total,FY2016,actual,agree,confirmed,2.5,billion,press release text,$2.5 billion,billion,html,press release text,high,1,"Of the $4.7 billion recovered, $2.5 billion came from the health care industry",federal losses only,
o-e6c7c89da0,usa-doj-fca-pr-fy2016,relator_share_awards,2009-01/FY2016,actual,agree,confirmed,4,billion,press release text,$4 billion,billion,html,press release text,high,1,paid more than $4 billion in whistleblower awards during the same period,"printed 'more than $4 billion', January 2009 to end of FY2016",
o-6c0d97fc82,usa-doj-fca-pr-fy2016,recoveries_whistleblower_cases,2009-01/FY2016,actual,agree,confirmed,24,billion,press release text,$24 billion,billion,html,press release text,high,1,the government recovered nearly $24 billion in settlements and judgments related to qui tam suits,"printed 'nearly $24 billion', January 2009 to end of FY2016",
o-73f09b33de,usa-doj-fca-pr-fy2017,recoveries_whistleblower_cases,FY2017,actual,agree,confirmed,3.4,billion,press release text,3.4,billion,press release text,qui tam recoveries,high,1,$3.4 billion related to lawsuits filed under the qui tam provisions,Described as settlements and judgments related to qui tam suits.,
o-469b41d080,usa-doj-fca-pr-fy2017,recoveries_total,FY2017,actual,agree,confirmed,3.7,billion,press release text,3.7,billion,press release text,total settlements and judgments,high,1,more than $3.7 billion in settlements and judgments,Printed as more than $3.7 billion,
o-b1e477ebf9,usa-doj-fca-pr-fy2017,recoveries_total,FY2017,actual,agree,confirmed,2.4,billion,press release text,2.4,billion,press release text,health care industry,high,1,$2.4 billion involved the health care industry,Federal losses only per release,
o-66b853db84,usa-doj-fca-pr-fy2017,recoveries_total,FY1987-FY2017,actual,agree,confirmed,56,billion,press release text,56,billion,press release text,recoveries since 1986,high,1,Recoveries since 1986 ... now total more than $56 billion,Printed as more than $56 billion; period since 1986 (FY1987-FY2017 per row),
o-445883cb2a,usa-doj-fca-pr-fy2017,qui_tam_suits_filed,FY2017,actual,agree,confirmed,669,1,press release text,669,1,press release text,qui tam suits filed,high,1,669 qui tam suits filed this past year,,
o-285c471973,usa-doj-fca-pr-fy2017,relator_share_awards,FY2017,actual,agree,confirmed,392,million,press release text,392,million,press release text,paid out to qui tam relators,high,1,the government paid out $392 million to the individuals who exposed fraud,Paid out to relators in the period,
o-2621dc0eef,usa-doj-fca-pr-fy2018,relator_share_awards,FY2018,actual,agree,confirmed,301,million,press release text,301,million,HTML press release,,high,1,the government paid out $301 million to the individuals who exposed fraud and false claims,,
o-62b57f08e3,usa-doj-fca-pr-fy2018,qui_tam_suits_filed,FY2018,actual,agree,confirmed,645,1,press release text,645,1,HTML press release,,high,1,with 645 qui tam suits filed this past year,,
o-da79128867,usa-doj-fca-pr-fy2018,recoveries_total,FY2018,actual,agree,confirmed,2.5,billion,press release text,2.5,billion,HTML press release,,high,1,$2.5 billion involved the health care industry,,
o-e4cbd8bc39,usa-doj-fca-pr-fy2018,recoveries_total,FY2018,actual,agree,confirmed,2.8,billion,press release text,2.8,billion,HTML press release,,high,1,more than $2.8 billion in settlements and judgments,Printed as 'more than $2.8 billion' (headline 'Over $2.8 Billion'),
o-d5f5b50a5e,usa-doj-fca-pr-fy2018,recoveries_whistleblower_cases,FY2018,actual,agree,confirmed,2.1,billion,press release text,2.1,billion,HTML press release,,high,1,over $2.1 billion arose from lawsuits filed under the qui tam provisions,Printed as 'over $2.1 billion',
o-c3827f1711,usa-doj-fca-pr-fy2018,recoveries_total,FY1987-FY2018,actual,agree,confirmed,59,billion,press release text,59,billion,HTML press release,,high,1,Recoveries since 1986 ... now total more than $59 billion,"Printed as 'more than $59 billion', since 1986 (period label FY1987-FY2018 is the dataset's)",
o-75ab2614c3,usa-doj-fca-pr-fy2019,recoveries_total,FY1987-FY2019,actual,agree,confirmed,62,billion,press release text,62,billion,HTML press release,,medium,1,Recoveries since 1986 ... now total more than $62 billion,'more than $62 billion' since 1986; period stated is since 1986 not FY1987,
o-994a480dae,usa-doj-fca-pr-fy2019,qui_tam_suits_filed,FY2019,actual,agree,confirmed,633,1,press release text,633,1,HTML press release,,high,1,Whistleblowers filed 633 qui tam suits in fiscal year 2019,,
o-7905eaffdc,usa-doj-fca-pr-fy2019,recoveries_total,FY2019,actual,agree,confirmed,3,billion,press release text,3,billion,HTML press release,,high,1,obtained more than $3 billion in settlements and judgments,'more than $3 billion'; headline 'over $3 Billion',
o-daed00c80e,usa-doj-fca-pr-fy2019,recoveries_total,FY2019,actual,agree,confirmed,2.6,billion,press release text,2.6,billion,HTML press release,,high,1,$2.6 billion relates to matters that involved the health care industry,,
o-36dfb5d249,usa-doj-fca-pr-fy2019,recoveries_whistleblower_cases,FY2019,actual,agree,confirmed,2.1,billion,press release text,2.1,billion,HTML press release,,high,1,over $2.1 billion arose from lawsuits filed under the qui tam provisions,'over $2.1 billion',
o-0acfdae203,usa-doj-fca-pr-fy2019,relator_share_awards,FY2019,actual,agree,confirmed,265,million,press release text,265,million,HTML press release,,high,1,the government paid out $265 million to the individuals who exposed fraud,,
o-8a7bf06226,usa-doj-fca-pr-fy2020,qui_tam_suits_filed,FY2020,actual,agree,confirmed,672,1,press release text,672,1,HTML press release,,high,1,672 qui tam suits filed this past year,,
o-7c71847e8b,usa-doj-fca-pr-fy2020,recoveries_whistleblower_cases,FY2020,actual,agree,confirmed,1.6,billion,press release text,1.6,billion,HTML press release,,medium,1,over $1.6 billion arose from lawsuits filed under the qui tam provisions,printed 'over $1.6 billion',
o-f18c946863,usa-doj-fca-pr-fy2020,relator_share_awards,FY2020,actual,agree,confirmed,309,million,press release text,309,million,HTML press release,,high,1,the government paid out $309 million to the individuals who exposed fraud,,
o-e5319a87cc,usa-doj-fca-pr-fy2020,recoveries_total,FY2020,actual,agree,confirmed,1.8,billion,press release text,1.8,billion,HTML press release,,medium,1,over $1.8 billion relates to matters that involved the health care industry,printed 'over $1.8 billion'; federal losses only,
o-2fd0d4e2f4,usa-doj-fca-pr-fy2020,recoveries_total,FY2020,actual,agree,confirmed,2.2,billion,press release text,2.2,billion,HTML press release,,medium,1,more than $2.2 billion in settlements and judgments,printed 'more than $2.2 billion',
o-a0e47e5260,usa-doj-fca-pr-fy2020,recoveries_total,FY1987-FY2020,actual,agree,confirmed,64,billion,press release text,64,billion,HTML press release,,medium,1,Recoveries since 1986 ... now total more than $64 billion,printed 'more than $64 billion',
o-f685d51b50,usa-doj-fca-pr-fy2021,recoveries_whistleblower_cases,FY2021,actual,agree,confirmed,1.6,billion,press release text,1.6,billion,"press release, Recoveries in Whistleblower Suits",USD billion (over),high,1,over $1.6 billion arose from lawsuits filed under the qui tam provisions,,
o-430f43dc63,usa-doj-fca-pr-fy2021,qui_tam_suits_filed,FY2021,actual,agree,confirmed,598,1,press release text,598,1,press release,qui tam suits,high,1,Whistleblowers filed 598 qui tam suits in fiscal year 2021,,
o-14f4d9fb69,usa-doj-fca-pr-fy2021,relator_share_awards,FY2021,actual,agree,confirmed,237,million,press release text,237,million,press release,USD million,high,1,the government paid out $237 million to the individuals who exposed fraud,,
o-018e4a9128,usa-doj-fca-pr-fy2021,recoveries_total,FY2021,actual,agree,confirmed,5,billion,press release text,5,billion,"press release, para 3",USD billion (over),high,1,over $5 billion relates to matters that involved the health care industry,printed 'over $5 billion',
o-babf1a3109,usa-doj-fca-pr-fy2021,recoveries_total,FY1987-FY2021,actual,agree,confirmed,70,billion,press release text,70,billion,"press release, para 1",USD billion (more than),high,1,Settlement and judgments since 1986 ... now total more than $70 billion,,
o-2eb851224e,usa-doj-fca-pr-fy2021,recoveries_total,FY2021,actual,agree,confirmed,5.6,billion,press release text,5.6,billion,"press release, para 1",USD billion (more than),high,1,obtained more than $5.6 billion in settlements and judgments,,
o-7a0f0d5f09,usa-doj-fca-pr-fy2022,recoveries_total,FY1987-FY2022,actual,agree,confirmed,72,billion,press release text,72,billion,press release text,,medium,1,Recoveries since 1986 ... now total more than $72 billion,"""more than"" (lower bound); since 1986 (FY1987-FY2022)",
o-a903d6906b,usa-doj-fca-pr-fy2022,recoveries_total,FY2022,actual,agree,confirmed,2.2,billion,press release text,2.2,billion,press release text,,high,1,"Settlements and judgments under the False Claims Act exceeded $2.2 billion in the fiscal year ending Sept. 30, 2022","""exceeded $2.2 billion""",
o-9accb856a3,usa-doj-fca-pr-fy2022,relator_share_awards,FY2022,actual,agree,confirmed,488,million,press release text,488,million,press release text,,high,1,the government paid out over $488 million to the individuals who exposed fraud,"""over $488 million""",
o-992c17a4ed,usa-doj-fca-pr-fy2022,recoveries_whistleblower_cases,FY2022,actual,agree,confirmed,1.9,billion,press release text,1.9,billion,press release text,,high,1,over $1.9 billion arose from lawsuits that were filed under the qui tam provisions,"""over $1.9 billion""",
o-37004fb019,usa-doj-fca-pr-fy2022,recoveries_total,FY2022,actual,agree,confirmed,1.7,billion,press release text,1.7,billion,press release text,,high,1,over $1.7 billion related to matters that involved the health care industry,"""over $1.7 billion""; health care industry matters",
o-4e37040286,usa-doj-fca-pr-fy2022,qui_tam_suits_filed,FY2022,actual,agree,confirmed,652,1,press release text,652,1,press release text,,high,1,Whistleblowers filed 652 qui tam suits in fiscal year 2022,,
o-61f5f9b226,usa-doj-fca-pr-fy2023,recoveries_total,FY2023,actual,agree,confirmed,1.8,billion,press release text,1.8,billion,HTML press release,health care matters FY2023,medium,1,over $1.8 billion related to matters that involved the health care industry,"'over $1.8 billion', approximate lower bound.",
o-7767c2e7c5,usa-doj-fca-pr-fy2023,recoveries_whistleblower_cases,FY2023,actual,agree,confirmed,2.3,billion,press release text,2.3,billion,HTML press release,qui tam-related recoveries FY2023,medium,1,over $2.3 billion arose from lawsuits that were filed under the qui tam provisions,'over $2.3 billion' approximate lower bound.,
o-d346120c25,usa-doj-fca-pr-fy2023,relator_share_awards,FY2023,actual,agree,confirmed,349,million,press release text,349,million,HTML press release,paid to relators FY2023,medium,1,the government paid out over $349 million to the individuals who exposed fraud,'over $349 million'.,
o-16315ca559,usa-doj-fca-pr-fy2023,qui_tam_suits_filed,FY2023,actual,agree,confirmed,712,1,press release text,712,1,HTML press release,qui tam suits filed FY2023,high,1,Whistleblowers filed 712 qui tam suits in fiscal year 2023,,
o-0c8bd66276,usa-doj-fca-pr-fy2023,recoveries_total,FY2023,actual,agree,confirmed,2.68,billion,press release text,2.68,billion,HTML press release,total FCA settlements and judgments FY2023,medium,1,"exceeded $2.68 billion in the fiscal year ending Sept. 30, 2023",'exceeded/more than $2.68 billion'.,
o-90a8d42b3d,usa-doj-fca-pr-fy2023,recoveries_total,FY1987-FY2023,actual,agree,confirmed,75,billion,press release text,75,billion,HTML press release,recoveries since 1986,medium,1,Recoveries since 1986 ... now total more than $75 billion,"Release says since 1986 (not FY1987), 'more than $75 billion'.",
o-e4731d135a,usa-doj-fca-pr-fy2024,recoveries_total,FY2024,actual,agree,confirmed,1.67,billion,press release text,over $1.67 billion,billion,press release text,text,high,1,over $1.67 billion related to matters that involved the health care industry,"Federal losses only, per the release.",
o-08f1560ee9,usa-doj-fca-pr-fy2024,qui_tam_suits_filed,FY2024,actual,agree,confirmed,979,1,press release text,979,1,press release text,text,high,1,"whistleblowers filed 979 qui tam lawsuits, the highest number in a single year",,
o-c8397ba049,usa-doj-fca-pr-fy2024,recoveries_total,FY2024,actual,agree,confirmed,2.9,billion,press release text,more than $2.9 billion,billion,press release text,text,high,1,Of the more than $2.9 billion in False Claims Act settlements and judgments reported ... this past fiscal year,Also $2.9 billion elsewhere in release.,
o-c576e02a09,usa-doj-fca-pr-fy2024,relator_share_awards,FY2024,actual,agree,confirmed,400,million,press release text,exceeded $400 million,million,press release text,text,high,1,the relator shares ... exceeded $400 million,Printed as a lower bound.,
o-1dc8114d7b,usa-doj-fca-pr-fy2024,recoveries_total,FY1987-FY2024,actual,agree,confirmed,78,billion,press release text,more than $78 billion,billion,press release text,text,high,1,Settlements and judgments since 1986 ... now total more than $78 billion,Cumulative since 1986 (FY1987-FY2024 per row period).,
o-3c66f6ec7f,usa-doj-fca-pr-fy2024,recoveries_whistleblower_cases,FY2024,actual,agree,confirmed,2.4,billion,press release text,over $2.4 billion,billion,press release text,text,high,1,over $2.4 billion arose from lawsuits that were filed under the qui tam provisions,Also: exceeding $2.4 billion in these and earlier-filed qui tam suits.,
o-6b62a1c7c3,usa-doj-fca-pr-fy2025,fca_non_qui_tam_matters_opened,FY2025,actual,agree,confirmed,401,1,press release text,401,1,HTML press release,,medium,1,"the government opened 401 investigations, including matters announced as Administration policy objectives","Press release says government opened 401 investigations (non-qui tam matters, by inference; not labelled as such)",
o-422ad62ee4,usa-doj-fca-pr-fy2025,qui_tam_suits_filed,FY2025,actual,agree,confirmed,1297,1,press release text,"1,297",1,HTML press release,,high,1,"whistleblowers filed 1,297 qui tam lawsuits, the highest number in a single year",,
o-ab661b5645,usa-doj-fca-pr-fy2025,qui_tam_suits_filed,FY2024,actual,agree,confirmed,980,1,press release text,980,1,HTML press release,,high,1,breaks the prior record set in 2024 of 980 such cases,Press release says 980; DOJ FY2024 stats PDF table prints 979,
o-cbe96a60b1,usa-doj-fca-pr-fy2025,recoveries_whistleblower_cases,FY2025,actual,agree,confirmed,5.3,billion,press release text,5.3,billion,HTML press release,,high,1,settlements and judgments exceeding $5.3 billion in these and earlier-filed qui tam suits,'exceeding $5.3 billion',
o-8d21a70e4f,usa-doj-fca-pr-fy2025,recoveries_total,FY1987-FY2025,actual,agree,confirmed,85,billion,press release text,85,billion,HTML press release,,medium,1,Settlements and judgments since 1986 ... now total more than $85 billion,'more than $85 billion' since 1986; period stated is since 1986 not FY1987,
o-325b6f2cca,usa-doj-fca-pr-fy2025,recoveries_total,FY2025,actual,agree,confirmed,5.7,billion,press release text,5.7,billion,HTML press release,,high,1,over $5.7 billion related to matters that involved the health care industry,'over $5.7 billion',
o-b670413051,usa-doj-fca-stats-2023,recoveries_total,FY2012,actual,agree,confirmed,5077956374,1,"p. 2, table ""Fraud Statistics - Overview"", row FY2012, column ""Settlements and judgments - total qui tam and non qui tam""","5,077,956,374",1,PDF p. 2,Settlements and judgments - total qui tam and non qui tam,high,1,"2012 ... 3,465,743,512 5,077,956,374",,
o-cc38d3293c,usa-doj-fca-stats-2023,relator_share_awards,FY2012,actual,agree,confirmed,464484199,1,"p. 2, table ""Fraud Statistics - Overview"", row FY2012, column ""Relator share awards - total""","464,484,199",1,PDF p. 2,Relator share awards - total,high,1,"439,622,456 24,861,743 464,484,199",,
o-b345ba3ac6,usa-doj-fca-stats-2023,recoveries_whistleblower_cases,FY2021,actual,agree,confirmed,1718471136,1,"p. 2, table ""Fraud Statistics - Overview"", row FY2021, column ""Settlements and judgments - qui tam - total""","1,718,471,136",1,PDF p. 2,Qui tam - total,high,1,"2021 ... 1,718,471,136 5,711,889,956",,
o-1bc37c1475,usa-doj-fca-stats-2023,recoveries_total,FY2021,actual,agree,confirmed,5711889956,1,"p. 2, table ""Fraud Statistics - Overview"", row FY2021, column ""Settlements and judgments - total qui tam and non qui tam""","5,711,889,956",1,PDF p. 2,Total qui tam and non qui tam,high,1,"1,718,471,136 5,711,889,956",,
o-752ee0ef10,usa-doj-fca-stats-2023,recoveries_whistleblower_cases,FY2013,actual,agree,confirmed,2818607362,1,"p. 2, table ""Fraud Statistics - Overview"", row FY2013, column ""Settlements and judgments - qui tam - where U.S. intervened or otherwise pursued""","2,818,607,362",1,PDF p. 2,Qui tam - where U.S. intervened,high,1,"2013 ... 188,376,772 2,818,607,362 203,992,659",,
o-a16bd0921a,usa-doj-fca-stats-2023,relator_share_awards,FY2008,actual,agree,confirmed,208432587,1,"p. 2, table ""Fraud Statistics - Overview"", row FY2008, column ""Relator share awards - where U.S. intervened or otherwise pursued""","208,432,587",1,PDF p. 2,Relator share - where U.S. intervened,high,1,"2008 ... 208,432,587 2,997,615 211,430,202",,
o-ff6157af92,usa-doj-fca-stats-2023,recoveries_non_whistleblower_cases,FY2010,actual,agree,confirmed,644090368,1,"p. 2, table ""Fraud Statistics - Overview"", row FY2010, column ""Settlements and judgments - non qui tam""","644,090,368",1,PDF p. 2,Settlements - non qui tam,high,1,"2010 144 576 644,090,368",,
o-0c7a1fed02,usa-doj-fca-stats-2024,recoveries_whistleblower_cases,FY2012,actual,agree,confirmed,679455206,1,"p. 11, table ""Fraud Statistics - Other (non-HHS and non-DoD)"", row FY2012, column ""Settlements and judgments - qui tam - total""","679,455,206",1,PDF p. 11,Settlements and judgments - qui tam - total,high,1,"2012 108 179 1,048,838,895 627,352,531 52,102,675 679,455,206",,
o-36cf0c57be,usa-doj-fca-stats-2024,recoveries_non_whistleblower_cases,FY2024,actual,agree,confirmed,270376589,1,"p. 11, table ""Fraud Statistics - Other (non-HHS and non-DoD)"", row FY2024, column ""Settlements and judgments - non qui tam""","270,376,589",1,PDF p. 11,non qui tam,high,1,"2024 312 575 270,376,589",,
o-bf15b4e84c,usa-doj-fca-stats-2024,recoveries_non_whistleblower_cases,FY2024,actual,agree,confirmed,502887566,1,"p. 2, table ""Fraud Statistics - Overview"", row FY2024, column ""Settlements and judgments - non qui tam""","502,887,566",1,PDF p. 2,non qui tam,high,1,"2024 423 979 502,887,566",,
o-64a92f6d13,usa-doj-fca-stats-2024,recoveries_total,FY2019,actual,agree,confirmed,205617779,1,"p. 11, table ""Fraud Statistics - Other (non-HHS and non-DoD)"", row FY2019, column ""Settlements and judgments - total qui tam and non qui tam""","205,617,779",1,PDF p. 11,total qui tam and non qui tam,high,1,"2019 78 148 86,091,121 98,688,636 20,838,022 119,526,658 205,617,779",,
o-f2417be872,usa-doj-fca-stats-2024,recoveries_whistleblower_cases,FY2023,actual,agree,confirmed,250595454,1,"p. 5, table ""Fraud Statistics - Health and Human Services"", row FY2023, column ""Settlements and judgments - qui tam - where U.S. declined""","250,595,454",1,PDF p. 5,qui tam where U.S. declined,high,1,"2023 95 349 242,448,647 1,367,262,078 250,595,454",,
o-1fb998dcf0,usa-doj-fca-stats-2024,recoveries_whistleblower_cases,FY2013,actual,agree,confirmed,2698511924,1,"p. 5, table ""Fraud Statistics - Health and Human Services"", row FY2013, column ""Settlements and judgments - qui tam - total""","2,698,511,924",1,PDF p. 5,Settlements and judgments - qui tam - total,high,1,"2013 30 504 61,354,329 2,575,656,951 122,854,972 2,698,511,924",,
o-d7e00ee736,usa-doj-fca-stats-2024,recoveries_whistleblower_cases,FY2024,actual,agree,confirmed,2417851046,1,"p. 2, table ""Fraud Statistics - Overview"", row FY2024, column ""Settlements and judgments - qui tam - total""","2,417,851,046",1,PDF p. 2,Settlements and judgments - qui tam - total,high,1,"2024 ... 2,199,885,934 217,965,112 2,417,851,046",,
o-070421aebf,usa-doj-fca-stats-2024,relator_share_awards,FY2018,actual,agree,confirmed,365593449,1,"p. 2, table ""Fraud Statistics - Overview"", row FY2018, column ""Relator share awards - total""","365,593,449",1,PDF p. 2,relator share awards total,high,1,"2018 ... 328,088,091 37,505,357 365,593,449",,
o-aec6c82a2e,usa-doj-fca-stats-2024,recoveries_total,FY2024,actual,agree,confirmed,2920738612,1,"p. 2, table ""Fraud Statistics - Overview"", row FY2024, column ""Settlements and judgments - total qui tam and non qui tam""","2,920,738,612",1,PDF p. 2,total qui tam and non qui tam,high,1,"2024 ... 2,417,851,046 2,920,738,612",,
o-76c66c3b83,usa-doj-fca-stats-2024,recoveries_whistleblower_cases,FY2013,actual,agree,confirmed,47272462,1,"p. 8, table ""Fraud Statistics - Department of Defense"", row FY2013, column ""Settlements and judgments - qui tam - total""","47,272,462",1,PDF p. 8,Settlements and judgments - qui tam - total,high,1,"2013 16 78 4,869,169 47,118,462 154,000 47,272,462",,
o-c54a5d97a0,usa-doj-fca-stats-2024,recoveries_whistleblower_cases,FY2007,actual,agree,confirmed,293173657,1,"p. 11, table ""Fraud Statistics - Other (non-HHS and non-DoD)"", row FY2007, column ""Settlements and judgments - qui tam - total""","293,173,657",1,PDF p. 11,Settlements and judgments - qui tam - total,high,1,"2007 90 116 83,373,851 285,880,313 7,293,344 293,173,657",,
o-2c13d01060,usa-doj-fca-stats-2024,recoveries_whistleblower_cases,FY2013,actual,agree,confirmed,2575656951,1,"p. 5, table ""Fraud Statistics - Health and Human Services"", row FY2013, column ""Settlements and judgments - qui tam - where U.S. intervened or otherwise pursued""","2,575,656,951",1,PDF p. 5,qui tam where U.S. intervened or otherwise pursued,high,1,"2013 30 504 61,354,329 2,575,656,951",,
o-66d8cdc400,usa-doj-fca-stats-2024,qui_tam_suits_filed,FY2020,actual,agree,confirmed,676,1,"p. 2, table ""Fraud Statistics - Overview"", row FY2020, column ""New matters - qui tam""",676,1,PDF p. 2,new matters qui tam,high,1,"2020 261 676 547,903,198",,
o-45dab534b6,usa-doj-fca-stats-2024,recoveries_whistleblower_cases,FY2016,actual,agree,confirmed,3036972202,1,"p. 2, table ""Fraud Statistics - Overview"", row FY2016, column ""Settlements and judgments - qui tam - total""","3,036,972,202",1,PDF p. 2,Settlements and judgments - qui tam - total,high,1,"2016 184 710 1,929,556,062 2,928,674,132 108,298,069 3,036,972,202",,
o-dbc880bfb6,usa-doj-fca-stats-2024,qui_tam_suits_filed,FY2017,actual,agree,confirmed,494,1,"p. 5, table ""Fraud Statistics - Health and Human Services"", row FY2017, column ""New matters - qui tam""",494,1,PDF p. 5,new matters qui tam,high,1,"2017 70 494 32,627,357",,
o-7ea24a2ba7,usa-doj-fca-stats-2024,recoveries_total,FY2022,actual,agree,confirmed,2246810178,1,"p. 2, table ""Fraud Statistics - Overview"", row FY2022, column ""Settlements and judgments - total qui tam and non qui tam""","2,246,810,178",1,PDF p. 2,total qui tam and non qui tam,high,1,"2022 304 659 250,337,200 ... 1,996,472,978 2,246,810,178",,
o-7d44949a29,usa-doj-fca-stats-2024,relator_share_awards,FY2018,actual,agree,confirmed,328088091,1,"p. 2, table ""Fraud Statistics - Overview"", row FY2018, column ""Relator share awards - where U.S. intervened or otherwise pursued""","328,088,091",1,PDF p. 2,relator share where U.S. intervened or otherwise pursued,high,1,"2018 133 648 769,596,453 1,998,130,585 210,796,053 2,208,926,638 2,978,523,091 328,088,091",,
o-5234a7dbaf,usa-doj-fca-stats-2025,recoveries_whistleblower_cases,FY2001,actual,agree,confirmed,14991554,1,"p. 5, table ""Fraud Statistics - Health and Human Services"", row FY2001, column ""Settlements and judgments - qui tam - where U.S. declined""","14,991,554",1,PDF p. 5,Settlements and judgments - qui tam - where U.S. declined,high,1,"2001         34       181    435,849,179       931,262,922        14,9...",,
o-e48acd2353,usa-doj-fca-stats-2025,relator_share_awards,FY2002,actual,agree,confirmed,192633,1,"p. 13, table ""Fraud Statistics - Other (non-HHS and non-DoD)"", row FY2002, column ""Relator share awards - where U.S. declined""","192,633",1,PDF p. 13,Relator share awards - where U.S. declined,high,1,"2002       23        84     30,126,500      122,275,178          1,028...",,
o-3d52f1b6ca,usa-doj-fca-stats-2025,recoveries_non_whistleblower_cases,FY1997,actual,agree,confirmed,83393761,1,"p. 13, table ""Fraud Statistics - Other (non-HHS and non-DoD)"", row FY1997, column ""Settlements and judgments - non qui tam""","83,393,761",1,PDF p. 13,Settlements and judgments - non qui tam,high,1,"1997       89       200     83,393,761        7,841,980          4,415...",,
o-09c97790c2,usa-doj-fca-stats-2025,recoveries_whistleblower_cases,FY1988,actual,agree,confirmed,1954354,1,"p. 13, table ""Fraud Statistics - Other (non-HHS and non-DoD)"", row FY1988, column ""Settlements and judgments - qui tam - total""","1,954,354",1,PDF p. 13,Settlements and judgments - qui tam - total,high,1,"1988       77        13     21,968,775        1,954,354               ...",,
o-6ea027448d,usa-doj-fca-stats-2025,relator_share_awards,FY2004,actual,agree,confirmed,95920149,1,"p. 5, table ""Fraud Statistics - Health and Human Services"", row FY2004, column ""Relator share awards - where U.S. intervened or otherwise pursued""","95,920,149",1,PDF p. 5,Relator share awards - where U.S. intervened or otherwise pursued,high,1,"2004         28       273     34,816,447       470,335,081         5,7...",,
o-8405e54788,usa-doj-fca-stats-2025,recoveries_whistleblower_cases,FY1996,actual,agree,confirmed,13522433,1,"p. 1, table ""Fraud Statistics - Overview"", row FY1996, column ""Settlements and judgments - qui tam - where U.S. declined""","13,522,433",1,PDF p. 1,Settlements and judgments - qui tam - where U.S. declined,high,1,"1996      185       340    247,357,271       124,361,203        13,522...",,
o-edbb642930,usa-doj-fca-stats-2025,recoveries_whistleblower_cases,FY1988,actual,agree,confirmed,355000,1,"p. 5, table ""Fraud Statistics - Health and Human Services"", row FY1988, column ""Settlements and judgments - qui tam - total""","355,000",1,PDF p. 5,Settlements and judgments - qui tam - total,high,1,"1988          5         7      2,182,675           355,000            ...",,
o-61fb5683b1,usa-doj-fca-stats-2025,recoveries_non_whistleblower_cases,FY1995,actual,agree,confirmed,96290779,1,"p. 5, table ""Fraud Statistics - Health and Human Services"", row FY1995, column ""Settlements and judgments - non qui tam""","96,290,779",1,PDF p. 5,Settlements and judgments - non qui tam,high,1,"1995         26        87     96,290,779        84,061,789         1,6...",,
o-6c7184b9ba,usa-doj-fca-stats-2025,recoveries_total,FY2019,actual,agree,confirmed,210865214,1,"p. 14, table ""Fraud Statistics - Other (non-HHS and non-DoD)"", row FY2019, column ""Settlements and judgments - total qui tam and non qui tam""","210,865,214",1,PDF p. 14,Settlements and judgments - total qui tam and non qui tam,high,1,"2019       78       149      91,338,556        98,688,636        20,83...",,
o-f2209f38c1,usa-doj-fca-stats-2025,fca_non_qui_tam_matters_opened,FY1997,actual,agree,confirmed,89,1,"p. 13, table ""Fraud Statistics - Other (non-HHS and non-DoD)"", row FY1997, column ""New matters - non qui tam""",89,1,PDF p. 13,New matters - non qui tam,high,1,"1997       89       200     83,393,761        7,841,980          4,415...",,
o-4d3eaaf79e,usa-doj-fca-stats-2025,relator_share_awards,FY1995,actual,agree,confirmed,28348711,1,"p. 9, table ""Fraud Statistics - Department of Defense"", row FY1995, column ""Relator share awards - total""","28,348,711",1,PDF p. 9,Relator share awards - total,high,1,"1995       54         88    110,459,386      140,548,237             1...",,
o-2d11678d9d,usa-doj-fca-stats-2025,fca_non_qui_tam_matters_opened,FY1996,actual,agree,confirmed,20,1,"p. 5, table ""Fraud Statistics - Health and Human Services"", row FY1996, column ""New matters - non qui tam""",20,1,PDF p. 5,New matters - non qui tam,high,1,"1996         20       177     63,059,873        49,236,698         2,3...",,
o-8559cb3732,usa-doj-fca-stats-2025,recoveries_whistleblower_cases,FY2022,actual,agree,confirmed,1199211531,1,"p. 2, table ""Fraud Statistics - Overview"", row FY2022, column ""Settlements and judgments - qui tam - where U.S. declined""","1,199,211,531",1,PDF p. 2,Settlements and judgments - qui tam - where U.S. declined,high,1,"2022      305       660     250,337,200       807,419,063      1,199,2...",,
o-ac19fd3716,usa-doj-fca-stats-2025,relator_share_awards,FY2021,actual,agree,confirmed,223718182,1,"p. 6, table ""Fraud Statistics - Health and Human Services"", row FY2021, column ""Relator share awards - total""","223,718,182",1,PDF p. 6,Relator share awards - total,high,1,"2021      102       389   3,591,206,587     1,047,269,163        455,8...",,
o-d334d98817,usa-doj-fca-stats-2025,qui_tam_suits_filed,FY1991,actual,agree,confirmed,12,1,"p. 5, table ""Fraud Statistics - Health and Human Services"", row FY1991, column ""New matters - qui tam""",12,1,PDF p. 5,New matters - qui tam,high,1,"1991         19        12      8,670,735         5,420,000            ...",,
o-59881a90c7,usa-doj-fca-stats-2025,recoveries_whistleblower_cases,FY1993,actual,agree,confirmed,8778742,1,"p. 13, table ""Fraud Statistics - Other (non-HHS and non-DoD)"", row FY1993, column ""Settlements and judgments - qui tam - total""","8,778,742",1,PDF p. 13,Settlements and judgments - qui tam - total,high,1,"1993      189        47     85,679,571        7,883,383            895...",,
o-c7fe9f59c6,usa-doj-fca-stats-2025,qui_tam_suits_filed,FY1996,actual,agree,confirmed,177,1,"p. 5, table ""Fraud Statistics - Health and Human Services"", row FY1996, column ""New matters - qui tam""",177,1,PDF p. 5,New matters - qui tam,high,1,"1996         20       177     63,059,873        49,236,698         2,3...",,
o-ca764fa1af,usa-doj-fca-stats-2025,recoveries_non_whistleblower_cases,FY1987-FY2025,actual,agree,confirmed,24679657447,1,"p. 4, table ""Fraud Statistics - Overview"", row TOTAL, column ""Settlements and judgments - non qui tam""","24,679,657,447",1,PDF p. 4,Settlements and judgments - non qui tam,high,1,"TOTAL              7,573      18,253    24,679,657,447        53,109,9...",,
o-22ebb57336,usa-doj-fca-stats-2025,recoveries_non_whistleblower_cases,FY1999,actual,agree,confirmed,88000792,1,"p. 5, table ""Fraud Statistics - Health and Human Services"", row FY1999, column ""Settlements and judgments - non qui tam""","88,000,792",1,PDF p. 5,Settlements and judgments - non qui tam,high,1,"1999         28       315     88,000,792       396,402,128         1,3...",,
o-b79722b3ff,usa-doj-fca-stats-2025,relator_share_awards,FY1992,actual,agree,confirmed,0,1,"p. 5, table ""Fraud Statistics - Health and Human Services"", row FY1992, column ""Relator share awards - where U.S. declined""",0,1,PDF p. 5,Relator share awards - where U.S. declined,high,1,"1992         26        15      9,821,640         2,192,478            ...",,
o-df9301ab7b,usa-doj-fca-stats-2025,recoveries_whistleblower_cases,FY2017,actual,agree,confirmed,3157962787,1,"p. 2, table ""Fraud Statistics - Overview"", row FY2017, column ""Settlements and judgments - qui tam - total""","3,157,962,787",1,PDF p. 2,Settlements and judgments - qui tam - total,high,1,"2017      176       682     298,514,800     2,555,280,735        602,6...",,
o-5800397451,usa-doj-fca-stats-2025,relator_share_awards,FY2005,actual,agree,confirmed,122889393,1,"p. 5, table ""Fraud Statistics - Health and Human Services"", row FY2005, column ""Relator share awards - total""","122,889,393",1,PDF p. 5,Relator share awards - total,high,1,"2005         35       270    204,821,548       906,656,836         6,6...",,
o-38653f95ea,usa-doj-fca-stats-2025,relator_share_awards,FY1990,actual,agree,confirmed,18870,1,"p. 9, table ""Fraud Statistics - Department of Defense"", row FY1990, column ""Relator share awards - where U.S. declined""","18,870",1,PDF p. 9,Relator share awards - where U.S. declined,high,1,"1990       69         46    117,115,978       21,630,713             6...",,
o-a94369ffec,usa-doj-fca-stats-2025,fca_non_qui_tam_matters_opened,FY2025,actual,agree,confirmed,183,1,"p. 7, table ""Fraud Statistics - Health and Human Services"", row FY2025, column ""New matters - non qui tam""",183,1,PDF p. 7,New matters - non qui tam,high,1,"2025      183       458   1,221,708,457     2,225,412,027      2,274,4...",,
o-87c2d63804,usa-doj-fca-stats-2025,relator_share_awards,FY2022,actual,agree,confirmed,298530981,1,"p. 6, table ""Fraud Statistics - Health and Human Services"", row FY2022, column ""Relator share awards - where U.S. declined""","298,530,981",1,PDF p. 6,Relator share awards - where U.S. declined,high,1,"2022      100       372     110,945,182       670,814,738      1,020,5...",,
o-c126e24b97,usa-doj-fca-stats-2025,qui_tam_suits_filed,FY2005,actual,agree,confirmed,88,1,"p. 13, table ""Fraud Statistics - Other (non-HHS and non-DoD)"", row FY2005, column ""New matters - qui tam""",88,1,PDF p. 13,New matters - qui tam,high,1,"2005       56        88     53,043,500      141,265,488            810...",,
o-bb3b54249e,usa-doj-fca-stats-2025,recoveries_non_whistleblower_cases,FY1994,actual,agree,confirmed,706022897,1,"p. 1, table ""Fraud Statistics - Overview"", row FY1994, column ""Settlements and judgments - non qui tam""","706,022,897",1,PDF p. 1,Settlements and judgments - non qui tam,high,1,"1994      279       216    706,022,897       379,018,205         2,822...",,
o-e26abdc698,usa-doj-fca-stats-2025,relator_share_awards,FY2003,actual,agree,confirmed,660508,1,"p. 13, table ""Fraud Statistics - Other (non-HHS and non-DoD)"", row FY2003, column ""Relator share awards - where U.S. declined""","660,508",1,PDF p. 13,Relator share awards - where U.S. declined,high,1,"2003       56        83     61,831,489       25,057,571          2,305...",,
o-ec7e362531,usa-doj-fca-stats-2025,recoveries_whistleblower_cases,FY2014,actual,agree,confirmed,2358121462,1,"p. 6, table ""Fraud Statistics - Health and Human Services"", row FY2014, column ""Settlements and judgments - qui tam - total""","2,358,121,462",1,PDF p. 6,Settlements and judgments - qui tam - total,high,1,"2014       34       471      89,054,490     2,282,799,137         75,3...",,
o-7433fca024,usa-doj-fca-stats-2025,relator_share_awards,FY2007,actual,agree,confirmed,33790175,1,"p. 14, table ""Fraud Statistics - Other (non-HHS and non-DoD)"", row FY2007, column ""Relator share awards - total""","33,790,175",1,PDF p. 14,Relator share awards - total,high,1,"2007       90       116      83,373,851       286,770,313         7,29...",,
o-55c3f8e3c0,usa-doj-fca-stats-2025,relator_share_awards,FY2019,actual,agree,confirmed,6004552,1,"p. 14, table ""Fraud Statistics - Other (non-HHS and non-DoD)"", row FY2019, column ""Relator share awards - where U.S. declined""","6,004,552",1,PDF p. 14,Relator share awards - where U.S. declined,high,1,"2019       78       149      91,338,556        98,688,636        20,83...",,
o-691f3f07ad,usa-doj-fca-stats-2025,recoveries_non_whistleblower_cases,FY2019,actual,agree,confirmed,91338556,1,"p. 14, table ""Fraud Statistics - Other (non-HHS and non-DoD)"", row FY2019, column ""Settlements and judgments - non qui tam""","91,338,556",1,PDF p. 14,Settlements and judgments - non qui tam,high,1,"2019       78       149      91,338,556        98,688,636        20,83...",,
o-6cb2ae875a,usa-doj-fca-stats-2025,relator_share_awards,FY1998,actual,agree,confirmed,8486645,1,"p. 1, table ""Fraud Statistics - Overview"", row FY1998, column ""Relator share awards - where U.S. declined""","8,486,645",1,PDF p. 1,Relator share awards - where U.S. declined,high,1,"1998      119       468    151,435,794       438,834,846        30,248...",,
o-a320726638,usa-doj-fca-stats-2025,relator_share_awards,FY2005,actual,agree,confirmed,1900095,1,"p. 5, table ""Fraud Statistics - Health and Human Services"", row FY2005, column ""Relator share awards - where U.S. declined""","1,900,095",1,PDF p. 5,Relator share awards - where U.S. declined,high,1,"2005         35       270    204,821,548       906,656,836         6,6...",,
o-9d9f2b20c0,usa-doj-fca-stats-2025,recoveries_total,FY2021,actual,agree,confirmed,5710339956,1,"p. 2, table ""Fraud Statistics - Overview"", row FY2021, column ""Settlements and judgments - total qui tam and non qui tam""","5,710,339,956",1,PDF p. 2,Settlements and judgments - total qui tam and non qui tam,high,1,"2021      212       598   4,016,918,820     1,210,916,864        482,5...",,
o-59e1826082,usa-doj-fca-stats-2025,relator_share_awards,FY2010,actual,agree,confirmed,379518436,1,"p. 2, table ""Fraud Statistics - Overview"", row FY2010, column ""Relator share awards - where U.S. intervened or otherwise pursued""","379,518,436",1,PDF p. 2,Relator share awards - where U.S. intervened or otherwise pursued,high,1,"2010      144       576     649,300,368     2,279,140,248        109,7...",,
o-9b11ca7846,usa-doj-fca-stats-2025,recoveries_whistleblower_cases,FY2001,actual,agree,confirmed,279744798,1,"p. 13, table ""Fraud Statistics - Other (non-HHS and non-DoD)"", row FY2001, column ""Settlements and judgments - qui tam - total""","279,744,798",1,PDF p. 13,Settlements and judgments - qui tam - total,high,1,"2001       41        92     41,175,045      254,232,298         25,512...",,
o-ace9d241bf,usa-doj-fca-stats-2025,relator_share_awards,FY1994,actual,agree,confirmed,315696,1,"p. 13, table ""Fraud Statistics - Other (non-HHS and non-DoD)"", row FY1994, column ""Relator share awards - where U.S. declined""","315,696",1,PDF p. 13,Relator share awards - where U.S. declined,high,1,"1994      175        61    101,753,461        3,601,184          1,052...",,
o-20fc14b0de,usa-doj-fca-stats-2025,recoveries_total,FY1987-FY2025,actual,agree,confirmed,7737841720,1,"p. 12, table ""Fraud Statistics - Department of Defense"", row TOTAL, column ""Settlements and judgments - total qui tam and non qui tam""","7,737,841,720",1,PDF p. 12,Settlements and judgments - total qui tam and non qui tam,high,1,"TOTAL              1,532       1,883      2,905,492,702         4,442,...",,
o-0860accf9d,usa-doj-fca-stats-2025,recoveries_whistleblower_cases,FY2016,actual,agree,confirmed,2552466698,1,"p. 6, table ""Fraud Statistics - Health and Human Services"", row FY2016, column ""Settlements and judgments - qui tam - where U.S. intervened or otherwise pursued""","2,552,466,698",1,PDF p. 6,Settlements and judgments - qui tam - where U.S. intervened or otherwise pursued,high,1,"2016       95       504      97,407,797     2,552,466,698         75,1...",,
o-76d2fd0d2f,usa-doj-fca-stats-2025,relator_share_awards,FY2012,actual,agree,confirmed,21147673,1,"p. 10, table ""Fraud Statistics - Department of Defense"", row FY2012, column ""Relator share awards - total""","21,147,673",1,PDF p. 10,Relator share awards - total,high,1,"2012         19        59      2,000,000      167,886,739            3...",,
o-d67989fb33,usa-doj-fca-stats-2025,recoveries_non_whistleblower_cases,FY2019,actual,agree,confirmed,858030132,1,"p. 2, table ""Fraud Statistics - Overview"", row FY2019, column ""Settlements and judgments - non qui tam""","858,030,132",1,PDF p. 2,Settlements and judgments - non qui tam,high,1,"2019      150       641     858,030,132     1,912,589,545        305,5...",,
o-e0bd8d0df9,usa-doj-fca-stats-2025,recoveries_total,FY2024,actual,agree,confirmed,98325602,1,"p. 10, table ""Fraud Statistics - Department of Defense"", row FY2024, column ""Settlements and judgments - total qui tam and non qui tam""","98,325,602",1,PDF p. 10,Settlements and judgments - total qui tam and non qui tam,high,1,"2024         26        33      8,045,579       76,238,356         14,0...",,
o-b9d6266068,usa-doj-fca-stats-2025,recoveries_whistleblower_cases,FY1995,actual,agree,confirmed,1620000,1,"p. 5, table ""Fraud Statistics - Health and Human Services"", row FY1995, column ""Settlements and judgments - qui tam - where U.S. declined""","1,620,000",1,PDF p. 5,Settlements and judgments - qui tam - where U.S. declined,high,1,"1995         26        87     96,290,779        84,061,789         1,6...",,
o-b604acd674,usa-doj-fca-stats-2025,recoveries_non_whistleblower_cases,FY2023,actual,agree,confirmed,65635083,1,"p. 14, table ""Fraud Statistics - Other (non-HHS and non-DoD)"", row FY2023, column ""Settlements and judgments - non qui tam""","65,635,083",1,PDF p. 14,Settlements and judgments - non qui tam,high,1,"2023      382       324      65,635,083       200,897,974       104,06...",,
o-0258e4ad41,usa-doj-fca-stats-2025,relator_share_awards,FY2019,actual,agree,confirmed,22808808,1,"p. 14, table ""Fraud Statistics - Other (non-HHS and non-DoD)"", row FY2019, column ""Relator share awards - total""","22,808,808",1,PDF p. 14,Relator share awards - total,high,1,"2019       78       149      91,338,556        98,688,636        20,83...",,
o-f446a086b3,usa-doj-fca-stats-2025,recoveries_whistleblower_cases,FY1988,actual,agree,confirmed,0,1,"p. 5, table ""Fraud Statistics - Health and Human Services"", row FY1988, column ""Settlements and judgments - qui tam - where U.S. declined""",0,1,PDF p. 5,Settlements and judgments - qui tam - where U.S. declined,high,1,"1988          5         7      2,182,675           355,000            ...",,
o-aeb3a7bcb2,usa-doj-fca-stats-2025,recoveries_whistleblower_cases,FY2024,actual,agree,confirmed,279970882,1,"p. 6, table ""Fraud Statistics - Health and Human Services"", row FY2024, column ""Settlements and judgments - qui tam - where U.S. declined""","279,970,882",1,PDF p. 6,Settlements and judgments - qui tam - where U.S. declined,high,1,"2024       87       370     225,379,800     1,301,724,908        279,9...",,
o-a328e7ecc5,usa-doj-fca-stats-2025,relator_share_awards,FY1999,actual,agree,confirmed,179750,1,"p. 9, table ""Fraud Statistics - Department of Defense"", row FY1999, column ""Relator share awards - where U.S. declined""","179,750",1,PDF p. 9,Relator share awards - where U.S. declined,high,1,"1999       33         66     30,522,711       15,114,509            74...",,
o-4c9242e4a9,usa-doj-fca-stats-2025,recoveries_whistleblower_cases,FY2023,actual,agree,confirmed,2029079863,1,"p. 2, table ""Fraud Statistics - Overview"", row FY2023, column ""Settlements and judgments - qui tam - where U.S. intervened or otherwise pursued""","2,029,079,863",1,PDF p. 2,Settlements and judgments - qui tam - where U.S. intervened or otherwise pursued,high,1,"2023      506       712     369,285,408     2,029,079,863        499,6...",,
o-481b7a63fd,usa-doj-fca-stats-2025,recoveries_whistleblower_cases,FY2009,actual,agree,confirmed,178740859,1,"p. 14, table ""Fraud Statistics - Other (non-HHS and non-DoD)"", row FY2009, column ""Settlements and judgments - qui tam - where U.S. intervened or otherwise pursued""","178,740,859",1,PDF p. 14,Settlements and judgments - qui tam - where U.S. intervened or otherwise pursued,high,1,"2009       81       103     208,884,996       178,740,859         3,35...",,
o-9591c77463,usa-doj-fca-stats-2025,recoveries_whistleblower_cases,FY2000,actual,agree,confirmed,390460617,1,"p. 13, table ""Fraud Statistics - Other (non-HHS and non-DoD)"", row FY2000, column ""Settlements and judgments - qui tam - total""","390,460,617",1,PDF p. 13,Settlements and judgments - qui tam - total,high,1,"2000       50       111    105,980,489      389,610,617            850...",,
o-37dd277498,usa-doj-fca-stats-2025,recoveries_whistleblower_cases,FY2019,actual,agree,confirmed,1912589545,1,"p. 2, table ""Fraud Statistics - Overview"", row FY2019, column ""Settlements and judgments - qui tam - where U.S. intervened or otherwise pursued""","1,912,589,545",1,PDF p. 2,Settlements and judgments - qui tam - where U.S. intervened or otherwise pursued,high,1,"2019      150       641     858,030,132     1,912,589,545        305,5...",,
o-65127eb922,usa-doj-fca-stats-2025,recoveries_whistleblower_cases,FY2001,actual,agree,confirmed,1215525916,1,"p. 1, table ""Fraud Statistics - Overview"", row FY2001, column ""Settlements and judgments - qui tam - where U.S. intervened or otherwise pursued""","1,215,525,916",1,PDF p. 1,Settlements and judgments - qui tam - where U.S. intervened or otherwise pursued,high,1,"2001       85       314    494,496,974     1,215,525,916       128,587...",,
o-3e9e8a005e,usa-doj-fca-stats-2025,recoveries_whistleblower_cases,FY1987,actual,agree,confirmed,0,1,"p. 1, table ""Fraud Statistics - Overview"", row FY1987, column ""Settlements and judgments - qui tam - where U.S. declined""",0,1,PDF p. 1,Settlements and judgments - qui tam - where U.S. declined,high,1,"1987      340        31     86,479,949                 0              ...",,
o-2c40f5d048,usa-doj-fca-stats-2025,recoveries_total,FY2011,actual,agree,confirmed,2449721612,1,"p. 6, table ""Fraud Statistics - Health and Human Services"", row FY2011, column ""Settlements and judgments - total qui tam and non qui tam""","2,449,721,612",1,PDF p. 6,Settlements and judgments - total qui tam and non qui tam,high,1,"2011       42       417     178,287,545     2,183,142,674         88,2...",,
o-171852d24e,usa-doj-fca-stats-2025,recoveries_whistleblower_cases,FY2007,actual,agree,confirmed,1082072486,1,"p. 6, table ""Fraud Statistics - Health and Human Services"", row FY2007, column ""Settlements and judgments - qui tam - total""","1,082,072,486",1,PDF p. 6,Settlements and judgments - qui tam - total,high,1,"2007       30       199     465,052,993       929,615,846        152,4...",,
o-84b0421c40,usa-doj-fca-stats-2025,recoveries_whistleblower_cases,FY2002,actual,agree,confirmed,1028569,1,"p. 13, table ""Fraud Statistics - Other (non-HHS and non-DoD)"", row FY2002, column ""Settlements and judgments - qui tam - where U.S. declined""","1,028,569",1,PDF p. 13,Settlements and judgments - qui tam - where U.S. declined,high,1,"2002       23        84     30,126,500      122,275,178          1,028...",,
o-636112f1c7,usa-doj-fca-stats-2025,relator_share_awards,FY1993,actual,agree,confirmed,27576235,1,"p. 1, table ""Fraud Statistics - Overview"", row FY1993, column ""Relator share awards - where U.S. intervened or otherwise pursued""","27,576,235",1,PDF p. 1,Relator share awards - where U.S. intervened or otherwise pursued,high,1,"1993      304       138    181,945,576       183,643,787         6,603...",,
o-148f606c42,usa-doj-fca-stats-2025,fca_non_qui_tam_matters_opened,FY1992,actual,agree,confirmed,73,1,"p. 9, table ""Fraud Statistics - Department of Defense"", row FY1992, column ""New matters - non qui tam""",73,1,PDF p. 9,New matters - non qui tam,high,1,"1992       73         61     62,603,695      127,700,000            99...",,
o-69424ea2c0,usa-doj-fca-stats-2025,recoveries_total,FY1994,actual,agree,confirmed,593465627,1,"p. 9, table ""Fraud Statistics - Department of Defense"", row FY1994, column ""Settlements and judgments - total qui tam and non qui tam""","593,465,627",1,PDF p. 9,Settlements and judgments - total qui tam and non qui tam,high,1,"1994       62         80    222,799,421      369,136,206          1,53...",,
o-4034453ad8,usa-doj-fca-stats-2025,recoveries_non_whistleblower_cases,FY2000,actual,agree,confirmed,367887197,1,"p. 1, table ""Fraud Statistics - Overview"", row FY2000, column ""Settlements and judgments - non qui tam""","367,887,197",1,PDF p. 1,Settlements and judgments - non qui tam,high,1,"2000       94       363    367,887,197     1,208,370,688         1,688...",,
o-46a75200bb,usa-doj-fca-stats-2025,recoveries_whistleblower_cases,FY2024,actual,agree,confirmed,17716380,1,"p. 14, table ""Fraud Statistics - Other (non-HHS and non-DoD)"", row FY2024, column ""Settlements and judgments - qui tam - where U.S. declined""","17,716,380",1,PDF p. 14,Settlements and judgments - qui tam - where U.S. declined,high,1,"2024      312       577     270,672,015       940,028,813        17,71...",,
o-a58a10be34,usa-doj-fca-stats-2025,recoveries_whistleblower_cases,FY2010,actual,agree,confirmed,175919147,1,"p. 14, table ""Fraud Statistics - Other (non-HHS and non-DoD)"", row FY2010, column ""Settlements and judgments - qui tam - total""","175,919,147",1,PDF p. 14,Settlements and judgments - qui tam - total,high,1,"2010       77       135      70,621,154        91,980,466        83,93...",,
o-1c6fb27dde,usa-doj-fca-stats-2025,relator_share_awards,FY2010,actual,agree,confirmed,39244087,1,"p. 14, table ""Fraud Statistics - Other (non-HHS and non-DoD)"", row FY2010, column ""Relator share awards - total""","39,244,087",1,PDF p. 14,Relator share awards - total,high,1,"2010       77       135      70,621,154        91,980,466        83,93...",,
o-85d9126126,usa-doj-fca-stats-2025,relator_share_awards,FY1988,actual,agree,confirmed,88750,1,"p. 5, table ""Fraud Statistics - Health and Human Services"", row FY1988, column ""Relator share awards - total""","88,750",1,PDF p. 5,Relator share awards - total,high,1,"1988          5         7      2,182,675           355,000            ...",,
o-2fc30b015c,usa-doj-fca-stats-2025,relator_share_awards,FY1997,actual,agree,confirmed,379435,1,"p. 9, table ""Fraud Statistics - Department of Defense"", row FY1997, column ""Relator share awards - where U.S. declined""","379,435",1,PDF p. 9,Relator share awards - where U.S. declined,high,1,"1997       45         79     30,734,273       35,090,213          1,513,700        36,603,913        67,338,186       6,018,810         379,435    6,398,244",,
o-579f837e33,usa-doj-fca-stats-2025,recoveries_whistleblower_cases,FY1994,actual,agree,confirmed,1052323,1,"p. 13, table ""Fraud Statistics - Other (non-HHS and non-DoD)"", row FY1994, column ""Settlements and judgments - qui tam - where U.S. declined""","1,052,323",1,PDF p. 13,Settlements and judgments - qui tam - where U.S. declined,high,1,"1994      175        61    101,753,461        3,601,184          1,052,323         4,653,507       106,406,968         627,074         315,696      942,770",,
o-22804fb25a,usa-doj-fca-stats-2025,recoveries_whistleblower_cases,FY2001,actual,agree,confirmed,88083098,1,"p. 9, table ""Fraud Statistics - Department of Defense"", row FY2001, column ""Settlements and judgments - qui tam - where U.S. declined""","88,083,098",1,PDF p. 9,Settlements and judgments - qui tam - where U.S. declined,high,1,"2001       10         41     17,472,751       30,030,696         88,083,098       118,113,794       135,586,545       5,955,566      19,451,866   25,407,432",,
o-32170a73b7,usa-doj-fca-stats-2025,recoveries_whistleblower_cases,FY1998,actual,agree,confirmed,64552494,1,"p. 13, table ""Fraud Statistics - Other (non-HHS and non-DoD)"", row FY1998, column ""Settlements and judgments - qui tam - total""","64,552,494",1,PDF p. 13,Settlements and judgments - qui tam - total,high,1,"1998       55       131     40,264,735       64,547,494              5,000        64,552,494       104,817,229      11,187,844           1,000   11,188,844",,
o-941453e1cb,usa-doj-fca-stats-2025,relator_share_awards,FY1999,actual,agree,confirmed,63018064,1,"p. 1, table ""Fraud Statistics - Overview"", row FY1999, column ""Relator share awards - where U.S. intervened or otherwise pursued""","63,018,064",1,PDF p. 1,Relator share awards - where U.S. intervened or otherwise pursued,high,1,"1999      141       493    245,390,485       482,565,233         5,067,503       487,632,736         733,023,221      63,018,064       1,374,487    64,392,552",,
o-27cc18abbd,usa-doj-fca-stats-2025,fca_non_qui_tam_matters_opened,FY2000,actual,agree,confirmed,35,1,"p. 5, table ""Fraud Statistics - Health and Human Services"", row FY2000, column ""New matters - non qui tam""",35,1,PDF p. 5,New matters - non qui tam,high,1,"2000         35       212    208,899,015       723,152,746           333,457       723,486,203         932,385,218     115,397,403          87,343   115,484,746",,
o-990dc9e88f,usa-doj-fca-stats-2025,qui_tam_suits_filed,FY2025,actual,agree,confirmed,798,1,"p. 15, table ""Fraud Statistics - Other (non-HHS and non-DoD)"", row FY2025, column ""New matters - qui tam""",798,1,PDF p. 15,New matters - qui tam,high,1,"2025      193       798    226,182,420      300,601,153          5,848,662       306,449,815       532,632,235      42,654,458        795,062    43,449,520",,
o-e84222f386,usa-doj-fca-stats-2025,recoveries_whistleblower_cases,FY2019,actual,agree,confirmed,119526658,1,"p. 14, table ""Fraud Statistics - Other (non-HHS and non-DoD)"", row FY2019, column ""Settlements and judgments - qui tam - total""","119,526,658",1,PDF p. 14,Settlements and judgments - qui tam - total,high,1,"2019       78       149      91,338,556        98,688,636        20,838,022       119,526,658         210,865,214      16,804,256       6,004,552    22,808,808",,
o-56ef759dc2,usa-doj-fca-stats-2025,fca_non_qui_tam_matters_opened,FY2020,actual,agree,confirmed,32,1,"p. 10, table ""Fraud Statistics - Department of Defense"", row FY2020, column ""New matters - non qui tam""",32,1,PDF p. 10,New matters - non qui tam,high,1,"2020         32        35     31,213,617       51,415,401          5,709,798        57,125,199        88,338,817      11,743,785         934,905    12,678,690",,
o-79b21bc13a,usa-doj-fca-stats-2025,recoveries_whistleblower_cases,FY2010,actual,agree,confirmed,83938681,1,"p. 14, table ""Fraud Statistics - Other (non-HHS and non-DoD)"", row FY2010, column ""Settlements and judgments - qui tam - where U.S. declined""","83,938,681",1,PDF p. 14,Settlements and judgments - qui tam - where U.S. declined,high,1,"2010       77       135      70,621,154        91,980,466        83,938,681       175,919,147         246,540,301      15,801,739      23,442,348    39,244,087",,
o-cfa564f406,usa-doj-fca-stats-2025,relator_share_awards,FY2000,actual,agree,confirmed,115397403,1,"p. 5, table ""Fraud Statistics - Health and Human Services"", row FY2000, column ""Relator share awards - where U.S. intervened or otherwise pursued""","115,397,403",1,PDF p. 5,Relator share awards - where U.S. intervened or otherwise pursued,high,1,"2000         35       212    208,899,015       723,152,746           333,457       723,486,203         932,385,218     115,397,403          87,343   115,484,746",,
o-3773c29720,usa-doj-fca-stats-2025,recoveries_whistleblower_cases,FY1991,actual,agree,confirmed,7791931,1,"p. 13, table ""Fraud Statistics - Other (non-HHS and non-DoD)"", row FY1991, column ""Settlements and judgments - qui tam - total""","7,791,931",1,PDF p. 13,Settlements and judgments - qui tam - total,high,1,"1991      135        30     33,961,487        7,764,431             27,500         7,791,931        41,753,418       1,180,336           8,250    1,188,586",,
o-032695321b,usa-doj-fca-stats-2025,recoveries_total,FY2025,actual,agree,confirmed,532632235,1,"p. 15, table ""Fraud Statistics - Other (non-HHS and non-DoD)"", row FY2025, column ""Settlements and judgments - total qui tam and non qui tam""","532,632,235",1,PDF p. 15,Settlements and judgments - total qui tam and non qui tam,high,1,"2025      193       798    226,182,420      300,601,153          5,848,662       306,449,815       532,632,235      42,654,458        795,062    43,449,520",,
o-a07e987753,usa-doj-fca-stats-2025,qui_tam_suits_filed,FY1992,actual,agree,confirmed,40,1,"p. 13, table ""Fraud Statistics - Other (non-HHS and non-DoD)"", row FY1992, column ""New matters - qui tam""",40,1,PDF p. 13,New matters - qui tam,high,1,"1992      183        40     65,532,871        4,056,969                  0         4,056,969        69,589,840         135,000               0      135,000",,
o-ae56edbde8,usa-doj-fca-stats-2025,relator_share_awards,FY2021,actual,agree,confirmed,10150,1,"p. 10, table ""Fraud Statistics - Department of Defense"", row FY2021, column ""Relator share awards - where U.S. declined""","10,150",1,PDF p. 10,Relator share awards - where U.S. declined,high,1,"2021         26        27     21,778,471       98,491,421             35,000        98,526,421       120,304,892      20,062,097          10,150    20,072,247",,
o-5b7624aef3,usa-doj-fca-stats-2025,recoveries_total,FY1998,actual,agree,confirmed,620518715,1,"p. 1, table ""Fraud Statistics - Overview"", row FY1998, column ""Settlements and judgments - total qui tam and non qui tam""","620,518,715",1,PDF p. 1,Settlements and judgments - total qui tam and non qui tam,high,1,"1998      119       468    151,435,794       438,834,846        30,248,075       469,082,921         620,518,715      70,264,372       8,486,645    78,751,017",,
o-769dfe2ec5,usa-doj-fca-stats-2025,recoveries_whistleblower_cases,FY2015,actual,agree,confirmed,2422330458,1,"p. 2, table ""Fraud Statistics - Overview"", row FY2015, column ""Settlements and judgments - qui tam - total""","2,422,330,458",1,PDF p. 2,Settlements and judgments - qui tam - total,high,1,"2015      129       639     738,442,487     1,905,454,763        516,875,695    2,422,330,458       3,160,772,945     345,537,532     139,015,177   484,552,709",,
o-0f6009d48b,usa-doj-fca-stats-2025,recoveries_non_whistleblower_cases,FY2019,actual,agree,confirmed,65852842,1,"p. 10, table ""Fraud Statistics - Department of Defense"", row FY2019, column ""Settlements and judgments - non qui tam""","65,852,842",1,PDF p. 10,Settlements and judgments - non qui tam,high,1,"2019         13        41     65,852,842      190,394,081            350,000       190,744,081       256,596,922      41,904,151         101,500    42,005,651",,
o-dbad1270b1,usa-doj-fca-stats-2025,relator_share_awards,FY2001,actual,agree,confirmed,7514514,1,"p. 13, table ""Fraud Statistics - Other (non-HHS and non-DoD)"", row FY2001, column ""Relator share awards - where U.S. declined""","7,514,514",1,PDF p. 13,Relator share awards - where U.S. declined,high,1,"2001       41        92     41,175,045      254,232,298         25,512,500       279,744,798       320,919,843      37,730,204       7,514,514   45,244,718",,
o-25a94fac5a,usa-doj-fca-stats-2025,recoveries_whistleblower_cases,FY2014,actual,agree,confirmed,4390679739,1,"p. 2, table ""Fraud Statistics - Overview"", row FY2014, column ""Settlements and judgments - qui tam - where U.S. intervened or otherwise pursued""","4,390,679,739",1,PDF p. 2,Settlements and judgments - qui tam - where U.S. intervened or otherwise pursued,high,1,"2014      119       716   1,677,608,226     4,390,679,739         91,136,701    4,481,816,440       6,159,424,665     703,127,381      17,615,475   720,742,857",,
o-03f1e2147c,usa-doj-fca-stats-2025,relator_share_awards,FY2025,actual,agree,confirmed,262704381,1,"p. 7, table ""Fraud Statistics - Health and Human Services"", row FY2025, column ""Relator share awards - total""","262,704,381",1,PDF p. 7,Relator share awards - total,high,1,"2025      183       458   1,221,708,457     2,225,412,027      2,274,416,048    4,499,828,074       5,721,536,531     221,308,458      41,395,923   262,704,381",,
o-43a119e4ff,usa-doj-fca-stats-2025,fca_non_qui_tam_matters_opened,FY2019,actual,agree,confirmed,78,1,"p. 14, table ""Fraud Statistics - Other (non-HHS and non-DoD)"", row FY2019, column ""New matters - non qui tam""",78,1,PDF p. 14,New matters - non qui tam,high,1,"2019       78       149      91,338,556        98,688,636        20,838,022       119,526,658         210,865,214      16,804,256       6,004,552    22,808,808",,
o-c8256ccd25,usa-doj-fca-stats-2025,qui_tam_suits_filed,FY2022,actual,agree,confirmed,660,1,"p. 2, table ""Fraud Statistics - Overview"", row FY2022, column ""New matters - qui tam""",660,1,PDF p. 2,New matters - qui tam,high,1,"2022      305       660     250,337,200       807,419,063      1,199,211,531    2,006,630,594       2,256,967,793     149,231,533     350,990,454   500,221,987",,
o-1d3722d83d,usa-doj-fca-stats-2025,recoveries_total,FY1988,actual,agree,confirmed,175630767,1,"p. 1, table ""Fraud Statistics - Overview"", row FY1988, column ""Settlements and judgments - total qui tam and non qui tam""","175,630,767",1,PDF p. 1,Settlements and judgments - total qui tam and non qui tam,high,1,"1988      199        53    173,287,663         2,309,354            33,750         2,343,104         175,630,767          88,750           8,438        97,188",,
o-4984de52af,usa-doj-fca-stats-2025,fca_non_qui_tam_matters_opened,FY2021,actual,agree,confirmed,102,1,"p. 6, table ""Fraud Statistics - Health and Human Services"", row FY2021, column ""New matters - non qui tam""",102,1,PDF p. 6,New matters - non qui tam,high,1,"2021      102       389   3,591,206,587     1,047,269,163        455,894,509    1,503,163,672       5,094,370,259     168,456,855      55,261,327   223,718,182",,
o-047609c9d2,usa-doj-fca-stats-2025,recoveries_total,FY2019,actual,agree,confirmed,3076174290,1,"p. 2, table ""Fraud Statistics - Overview"", row FY2019, column ""Settlements and judgments - total qui tam and non qui tam""","3,076,174,290",1,PDF p. 2,Settlements and judgments - total qui tam and non qui tam,high,1,"2019      150       641     858,030,132     1,912,589,545        305,554,613    2,218,144,158       3,076,174,290     290,613,360      75,143,367   365,756,728",,
o-70af6952a5,usa-doj-fca-stats-2025,qui_tam_suits_filed,FY2013,actual,agree,confirmed,175,1,"p. 14, table ""Fraud Statistics - Other (non-HHS and non-DoD)"", row FY2013, column ""New matters - qui tam""",175,1,PDF p. 14,New matters - qui tam,high,1,"2013       71       175     122,153,274       195,831,949        80,983,687       276,815,636         398,968,910      30,746,225      21,585,906    52,332,131",,
o-dcb4879950,usa-doj-fca-stats-2025,fca_non_qui_tam_matters_opened,FY2010,actual,agree,confirmed,144,1,"p. 2, table ""Fraud Statistics - Overview"", row FY2010, column ""New matters - non qui tam""",144,1,PDF p. 2,New matters - non qui tam,high,1,"2010      144       576     649,300,368     2,279,140,248        109,778,613    2,388,918,862       3,038,219,230     379,518,436      30,915,991   410,434,427",,
o-086713c8bb,usa-doj-fca-stats-2025,recoveries_non_whistleblower_cases,FY1989,actual,agree,confirmed,154588297,1,"p. 9, table ""Fraud Statistics - Department of Defense"", row FY1989, column ""Settlements and judgments - non qui tam""","154,588,297",1,PDF p. 9,Settlements and judgments - non qui tam,high,1,"1989      115         36    154,588,297       10,002,058                  0        10,002,058       164,590,355       1,394,770               0    1,394,770",,
o-2021992e17,usa-doj-fca-stats-2025,recoveries_whistleblower_cases,FY2000,actual,agree,confirmed,95607325,1,"p. 9, table ""Fraud Statistics - Department of Defense"", row FY2000, column ""Settlements and judgments - qui tam - where U.S. intervened or otherwise pursued""","95,607,325",1,PDF p. 9,Settlements and judgments - qui tam - where U.S. intervened or otherwise pursued,high,1,"2000        9         40     53,007,693       95,607,325            505,500        96,112,825       149,120,518      15,668,259         122,800   15,791,059",,
o-d5c4aad268,usa-doj-fca-stats-2025,relator_share_awards,FY1991,actual,agree,confirmed,1188586,1,"p. 13, table ""Fraud Statistics - Other (non-HHS and non-DoD)"", row FY1991, column ""Relator share awards - total""","1,188,586",1,PDF p. 13,Relator share awards - total,high,1,"1991      135        30     33,961,487        7,764,431             27,500         7,791,931        41,753,418       1,180,336           8,250    1,188,586",,
o-bfacb97aed,usa-doj-fca-stats-2025,relator_share_awards,FY2008,actual,agree,confirmed,36000,1,"p. 14, table ""Fraud Statistics - Other (non-HHS and non-DoD)"", row FY2008, column ""Relator share awards - where U.S. declined""","36,000",1,PDF p. 14,Relator share awards - where U.S. declined,high,1,"2008       74       105      78,464,624        37,653,025           125,000        37,778,025         116,242,649       4,107,880          36,000     4,143,880",,
o-c7a4d966c3,usa-doj-fca-stats-2025,relator_share_awards,FY1998,actual,agree,confirmed,8298630,1,"p. 9, table ""Fraud Statistics - Department of Defense"", row FY1998, column ""Relator share awards - where U.S. declined""","8,298,630",1,PDF p. 9,Relator share awards - where U.S. declined,high,1,"1998       29         61     71,063,139      122,463,185         27,717,000       150,180,185       221,243,324      12,213,171       8,298,630   20,511,801",,
o-bfd6add89e,usa-doj-fca-stats-2025,relator_share_awards,FY1987,actual,agree,confirmed,0,1,"p. 1, table ""Fraud Statistics - Overview"", row FY1987, column ""Relator share awards - where U.S. intervened or otherwise pursued""",0,1,PDF p. 1,Relator share awards - where U.S. intervened or otherwise pursued,high,1,"1987      340        31     86,479,949                 0                 0                 0          86,479,949               0               0             0",,
o-1cae5b3421,usa-doj-fca-stats-2025,relator_share_awards,FY2014,actual,agree,confirmed,13397186,1,"p. 6, table ""Fraud Statistics - Health and Human Services"", row FY2014, column ""Relator share awards - where U.S. declined""","13,397,186",1,PDF p. 6,Relator share awards - where U.S. declined,high,1,"2014       34       471      89,054,490     2,282,799,137         75,322,326    2,358,121,462       2,447,175,952     385,057,130      13,397,186   398,454,316",,
o-3912e97729,usa-doj-fca-stats-2025,recoveries_whistleblower_cases,FY2024,actual,agree,confirmed,76238356,1,"p. 10, table ""Fraud Statistics - Department of Defense"", row FY2024, column ""Settlements and judgments - qui tam - where U.S. intervened or otherwise pursued""","76,238,356",1,PDF p. 10,Settlements and judgments - qui tam - where U.S. intervened or otherwise pursued,high,1,"2024         26        33      8,045,579       76,238,356         14,041,667        90,280,023        98,325,602      15,112,559       4,212,500    19,325,059",,
o-ae1b01032b,usa-doj-fca-stats-2025,recoveries_total,FY2000,actual,agree,confirmed,932385218,1,"p. 5, table ""Fraud Statistics - Health and Human Services"", row FY2000, column ""Settlements and judgments - total qui tam and non qui tam""","932,385,218",1,PDF p. 5,Settlements and judgments - total qui tam and non qui tam,high,1,"2000         35       212    208,899,015       723,152,746           333,457       723,486,203         932,385,218     115,397,403          87,343   115,484,746",,
o-7f42e8058f,usa-doj-fca-stats-2025,fca_non_qui_tam_matters_opened,FY1995,actual,agree,confirmed,26,1,"p. 5, table ""Fraud Statistics - Health and Human Services"", row FY1995, column ""New matters - non qui tam""",26,1,PDF p. 5,New matters - non qui tam,high,1,"1995         26        87     96,290,779        84,061,789         1,620,000        85,681,789         181,972,568      14,337,982         465,800    14,803,782",,
o-7988315016,usa-doj-fca-stats-2025,recoveries_total,FY1991,actual,agree,confirmed,285140245,1,"p. 9, table ""Fraud Statistics - Department of Defense"", row FY1991, column ""Settlements and judgments - total qui tam and non qui tam""","285,140,245",1,PDF p. 9,Settlements and judgments - total qui tam and non qui tam,high,1,"1991       78         45    227,898,245       57,200,000             42,000        57,242,000       285,140,245       8,625,800          10,500    8,636,300",,
o-5fb6cee973,usa-doj-fca-stats-2025,recoveries_non_whistleblower_cases,FY1987,actual,agree,confirmed,27897128,1,"p. 9, table ""Fraud Statistics - Department of Defense"", row FY1987, column ""Settlements and judgments - non qui tam""","27,897,128",1,PDF p. 9,Settlements and judgments - non qui tam,high,1,"1987      236         21     27,897,128                0                  0                 0        27,897,128               0               0            0",,
o-249b878cd9,usa-doj-fca-stats-2025,relator_share_awards,FY2020,actual,agree,confirmed,2244624,1,"p. 14, table ""Fraud Statistics - Other (non-HHS and non-DoD)"", row FY2020, column ""Relator share awards - where U.S. declined""","2,244,624",1,PDF p. 14,Relator share awards - where U.S. declined,high,1,"2020      108       183     114,086,576       176,185,744         8,094,628       184,280,372         298,366,948      35,028,727       2,244,624    37,273,351",,
o-23ec1ec3a6,usa-doj-fca-stats-2025,qui_tam_suits_filed,FY1995,actual,agree,confirmed,88,1,"p. 9, table ""Fraud Statistics - Department of Defense"", row FY1995, column ""New matters - qui tam""",88,1,PDF p. 9,New matters - qui tam,high,1,"1995       54         88    110,459,386      140,548,237             15,000       140,563,237       251,022,623      28,348,711               0   28,348,711",,
o-e127ef325c,usa-doj-fca-stats-2025,recoveries_non_whistleblower_cases,FY2011,actual,agree,confirmed,241365995,1,"p. 2, table ""Fraud Statistics - Overview"", row FY2011, column ""Settlements and judgments - non qui tam""","241,365,995",1,PDF p. 2,Settlements and judgments - non qui tam,high,1,"2011      136       634     241,365,995     2,656,802,414        173,888,703    2,830,691,117       3,072,057,112     525,035,022      49,041,606   574,076,628",,
o-16a5ffea53,usa-doj-fca-stats-2025,fca_non_qui_tam_matters_opened,FY2002,actual,agree,confirmed,22,1,"p. 5, table ""Fraud Statistics - Health and Human Services"", row FY2002, column ""New matters - non qui tam""",22,1,PDF p. 5,New matters - non qui tam,high,1,"2002         22       194     74,454,427       937,841,186        23,407,571       961,248,757       1,035,703,184     150,280,717       4,008,686   154,289,403",,
o-be8ee71926,usa-doj-fca-stats-2025,recoveries_whistleblower_cases,FY1987,actual,agree,confirmed,0,1,"p. 9, table ""Fraud Statistics - Department of Defense"", row FY1987, column ""Settlements and judgments - qui tam - total""",0,1,PDF p. 9,Settlements and judgments - qui tam - total,high,1,"1987      236         21     27,897,128                0                  0                 0        27,897,128               0               0            0",,
o-d1101d5e6a,usa-doj-fca-stats-2025,qui_tam_suits_filed,FY1987-FY2025,actual,agree,confirmed,5883,1,"p. 16, table ""Fraud Statistics - Other (non-HHS and non-DoD)"", row TOTAL, column ""New matters - qui tam""","5,883",1,PDF p. 16,New matters - qui tam,high,1,"TOTAL              4,202       5,883      8,483,605,267         8,507,622,162           913,972,629         9,421,594,791        17,905,200,058      1,302,832,1", cumulative TOTAL row FY1987-FY2025,
o-6e781ce49b,usa-doj-fca-stats-2025,qui_tam_suits_filed,FY2008,actual,agree,confirmed,231,1,"p. 6, table ""Fraud Statistics - Health and Human Services"", row FY2008, column ""New matters - qui tam""",231,1,PDF p. 6,New matters - qui tam,high,1,"2008       64       231     162,972,022     1,005,797,375          6,852,571    1,012,649,946       1,175,621,969     192,433,605       1,522,164   193,955,770",,
o-a5576d4065,usa-doj-fca-stats-2025,recoveries_total,FY2004,actual,agree,confirmed,31679857,1,"p. 9, table ""Fraud Statistics - Department of Defense"", row FY2004, column ""Settlements and judgments - total qui tam and non qui tam""","31,679,857",1,PDF p. 9,Settlements and judgments - total qui tam and non qui tam,high,1,"2004       16         49     10,098,491       21,581,366                  0        21,581,366        31,679,857       3,031,610               0    3,031,610",,
o-0d12248abc,usa-doj-fca-stats-2025,fca_non_qui_tam_matters_opened,FY2017,actual,agree,confirmed,70,1,"p. 6, table ""Fraud Statistics - Health and Human Services"", row FY2017, column ""New matters - non qui tam""",70,1,PDF p. 6,New matters - non qui tam,high,1,"2017       70       495      32,627,357     1,676,043,191        446,222,506    2,122,265,697       2,154,893,054     303,068,111     123,637,553   426,705,663",,
o-e4fe102f07,usa-doj-fca-stats-2025,relator_share_awards,FY2002,actual,agree,confirmed,154289403,1,"p. 5, table ""Fraud Statistics - Health and Human Services"", row FY2002, column ""Relator share awards - total""","154,289,403",1,PDF p. 5,Relator share awards - total,high,1,"2002         22       194     74,454,427       937,841,186        23,407,571       961,248,757       1,035,703,184     150,280,717       4,008,686   154,289,403",,
o-a730759320,usa-doj-fca-stats-2025,recoveries_total,FY2013,actual,agree,confirmed,398968910,1,"p. 14, table ""Fraud Statistics - Other (non-HHS and non-DoD)"", row FY2013, column ""Settlements and judgments - total qui tam and non qui tam""","398,968,910",1,PDF p. 14,Settlements and judgments - total qui tam and non qui tam,high,1,"2013       71       175     122,153,274       195,831,949        80,983,687       276,815,636         398,968,910      30,746,225      21,585,906    52,332,131",,
o-fa565f67af,usa-doj-fca-stats-2025,relator_share_awards,FY1996,actual,agree,confirmed,12522473,1,"p. 9, table ""Fraud Statistics - Department of Defense"", row FY1996, column ""Relator share awards - total""","12,522,473",1,PDF p. 9,Relator share awards - total,high,1,"1996       44         75     78,085,099       55,908,927          5,924,726        61,833,653       139,918,752      10,825,550       1,696,923   12,522,473",,
o-87e5b6e5fc,usa-doj-fca-stats-2025,relator_share_awards,FY2000,actual,agree,confirmed,115484746,1,"p. 5, table ""Fraud Statistics - Health and Human Services"", row FY2000, column ""Relator share awards - total""","115,484,746",1,PDF p. 5,Relator share awards - total,high,1,"2000         35       212    208,899,015       723,152,746           333,457       723,486,203         932,385,218     115,397,403          87,343   115,484,746",,
o-45a670561e,usa-doj-fca-stats-2025,relator_share_awards,FY2012,actual,agree,confirmed,307567368,1,"p. 6, table ""Fraud Statistics - Health and Human Services"", row FY2012, column ""Relator share awards - total""","307,567,368",1,PDF p. 6,Relator share awards - total,high,1,"2012       31       417     561,373,967     2,581,755,899         37,838,668    2,619,594,567       3,180,968,534     296,968,575      10,598,793   307,567,368",,
o-3f66d5a857,usa-doj-fca-stats-2025,relator_share_awards,FY2017,actual,agree,confirmed,426705663,1,"p. 6, table ""Fraud Statistics - Health and Human Services"", row FY2017, column ""Relator share awards - total""","426,705,663",1,PDF p. 6,Relator share awards - total,high,1,"2017       70       495      32,627,357     1,676,043,191        446,222,506    2,122,265,697       2,154,893,054     303,068,111     123,637,553   426,705,663",,
o-6648cf8046,usa-doj-fca-stats-2025,qui_tam_suits_filed,FY2022,actual,agree,confirmed,372,1,"p. 6, table ""Fraud Statistics - Health and Human Services"", row FY2022, column ""New matters - qui tam""",372,1,PDF p. 6,New matters - qui tam,high,1,"2022      100       372     110,945,182       670,814,738      1,020,514,752    1,691,329,490       1,802,274,672     122,534,876     298,530,981   421,065,858",,
o-2b4e28a63b,usa-doj-fca-stats-2025,relator_share_awards,FY2004,actual,agree,confirmed,97545278,1,"p. 5, table ""Fraud Statistics - Health and Human Services"", row FY2004, column ""Relator share awards - total""","97,545,278",1,PDF p. 5,Relator share awards - total,high,1,"2004         28       273     34,816,447       470,335,081         5,775,062       476,110,142         510,926,589      95,920,149       1,625,129    97,545,278",,
o-9e4c3ebfbd,usa-doj-fca-stats-2025,recoveries_whistleblower_cases,FY2003,actual,agree,confirmed,1307801099,1,"p. 5, table ""Fraud Statistics - Health and Human Services"", row FY2003, column ""Settlements and judgments - qui tam - total""","1,307,801,099",1,PDF p. 5,Settlements and judgments - qui tam - total,high,1,"2003         27       215    541,929,810     1,304,920,314         2,880,785     1,307,801,099       1,849,730,909     284,074,368         722,233   284,796,601",,
o-b5210fe799,usa-doj-fca-stats-2025,qui_tam_suits_filed,FY2012,actual,agree,confirmed,59,1,"p. 10, table ""Fraud Statistics - Department of Defense"", row FY2012, column ""New matters - qui tam""",59,1,PDF p. 10,New matters - qui tam,high,1,"2012         19        59      2,000,000      167,886,739            307,000       168,193,739       170,193,739      21,077,673          70,000    21,147,673",,
o-106b8d3b2e,usa-doj-fca-stats-2025,relator_share_awards,FY2013,actual,agree,confirmed,8283369,1,"p. 10, table ""Fraud Statistics - Department of Defense"", row FY2013, column ""Relator share awards - total""","8,283,369",1,PDF p. 10,Relator share awards - total,high,1,"2013         16        78      4,869,169       52,973,462            154,000        53,127,462        57,996,631       8,241,789          41,580     8,283,369",,
o-b08e965803,usa-doj-fca-stats-2025,relator_share_awards,FY2015,actual,agree,confirmed,407439435,1,"p. 6, table ""Fraud Statistics - Health and Human Services"", row FY2015, column ""Relator share awards - total""","407,439,435",1,PDF p. 6,Relator share awards - total,high,1,"2015       27       426     160,758,915     1,499,516,469        477,123,065    1,976,639,535       2,137,398,450     274,160,995     133,278,440   407,439,435",,
o-cdceaf8d9b,usa-doj-fca-stats-2025,qui_tam_suits_filed,FY1987-FY2025,actual,agree,confirmed,1883,1,"p. 12, table ""Fraud Statistics - Department of Defense"", row TOTAL, column ""New matters - qui tam""","1,883",1,PDF p. 12,New matters - qui tam,high,1,"TOTAL              1,532       1,883      2,905,492,702         4,442,115,266           390,233,752         4,832,349,018         7,737,841,720        725,806,4", cumulative TOTAL row FY1987-FY2025,
o-36ed2cbb49,usa-doj-fca-stats-2025,relator_share_awards,FY1988,actual,agree,confirmed,97188,1,"p. 1, table ""Fraud Statistics - Overview"", row FY1988, column ""Relator share awards - total""","97,188",1,PDF p. 1,Relator share awards - total,high,1,"1988      199        53    173,287,663         2,309,354            33,750         2,343,104         175,630,767          88,750           8,438        97,188",,
o-5c7adb9307,usa-doj-fca-stats-2025,relator_share_awards,FY2011,actual,agree,confirmed,525035022,1,"p. 2, table ""Fraud Statistics - Overview"", row FY2011, column ""Relator share awards - where U.S. intervened or otherwise pursued""","525,035,022",1,PDF p. 2,Relator share awards - where U.S. intervened or otherwise pursued,high,1,"2011      136       634     241,365,995     2,656,802,414        173,888,703    2,830,691,117       3,072,057,112     525,035,022      49,041,606   574,076,628",,
o-b2ea7f36d9,usa-doj-fca-stats-2025,fca_non_qui_tam_matters_opened,FY1987-FY2025,actual,agree,confirmed,1839,1,"p. 8, table ""Fraud Statistics - Health and Human Services"", row TOTAL, column ""New matters - non qui tam""","1,839",1,PDF p. 8,New matters - non qui tam,high,1,"TOTAL              1,839      10,487    13,290,559,478        40,160,199,836          6,558,782,002        46,718,981,837        60,009,541,315      6,567,857,3", cumulative TOTAL row FY1987-FY2025,
o-7a750c191c,usa-doj-fca-stats-2025,relator_share_awards,FY2016,actual,agree,confirmed,555205423,1,"p. 2, table ""Fraud Statistics - Overview"", row FY2016, column ""Relator share awards - total""","555,205,423",1,PDF p. 2,Relator share awards - total,high,1,"2016      184       710   1,929,806,062     2,929,387,222        108,298,069    3,037,685,292       4,967,491,353     525,546,823      29,658,600   555,205,423",,
o-cb9068685d,usa-doj-fca-stats-2025,relator_share_awards,FY1987,actual,agree,confirmed,0,1,"p. 13, table ""Fraud Statistics - Other (non-HHS and non-DoD)"", row FY1987, column ""Relator share awards - total""",0,1,PDF p. 13,Relator share awards - total,high,1,"1987       92         7     47,220,995                0                  0                 0        47,220,995               0               0            0",,
o-4d8ead1d8a,usa-gao-11-683,claims_open,2011-04,actual,agree,confirmed,66,1,"Product page, Highlights",66,1,PDF p. 2,,high,1,"As of April 2011, about 66 percent of claims submitted in the first 2 years of the program, fiscal years 2007 and 2008, were still in process.","Printed as 'about 66 percent'; applies to claims submitted FY2007-2008, still in process at April 2011",
o-003de0db5d,usa-gao-11-683,tips_received,2007-2011,actual,agree,confirmed,1300,1,"Product page, Highlights","1,300",1,PDF p. 2,,high,1,"has received over 1,300 submissions qualifying for this new program since 2007","Printed as 'over 1,300' (lower bound)",
o-aa055e9723,usa-gao-16-20,collections_attributable,FY2011-2015-06,actual,agree,confirmed,1039,million,"Product page, highlights table","1,039",million,PDF p. 2,7623(b) Total Collected Proceeds,high,1,"Total Collected Proceeds $843 million $1,039 million $1,882 million",Table in Highlights page; GAO analysis of IRS data.,
o-0e25303f8e,usa-gao-16-20,collections_attributable,FY2011-2015-06,actual,agree,confirmed,843,million,"Product page, highlights table",843,million,PDF p. 2,7623(a) Total Collected Proceeds,high,1,Total Collected Proceeds $843 million,,
o-f126afa48d,usa-gao-16-20,awards_paid_amount,FY2011-2015-06,actual,agree,confirmed,261,million,"Product page, highlights table",261,million,PDF p. 2,7623(b) Total Award Amount,high,1,Total Award Amount $54 million $261 million $315 million,,
o-564c2f9ff3,usa-gao-16-20,awards_paid_amount,FY2011-2015-06,actual,agree,confirmed,315,million,"Product page, highlights table",315,million,PDF p. 2,Total Award Amount (Total column),high,1,Total Award Amount $315 million,Text also says awarded over $315 million.,
o-cbc4c361dc,usa-gao-16-20,awards_paid_count,FY2011-2015-06,actual,agree,confirmed,17,1,"Product page, highlights table",17,1,PDF p. 2,7623(b) Total Awards,high,1,Total Awards 483 17 500,"Awards, as the table counts them",
o-b476deb09d,usa-gao-16-20,awards_paid_count,FY2011-2015-06,actual,agree,confirmed,500,1,"Product page, highlights table",500,1,PDF p. 2,Total Awards (Total column),high,1,Total Awards 483 17 500,,
o-471a09c1df,usa-gao-18-279-2018,awards_paid_count,FY2007-FY2017,reported,agree,confirmed,27,1,"What GAO Found, para 1",27,1,PDF p. 2 (Highlights),What GAO Found,high,1,"collectively reported paying 27 rewards, totaling $205,500","FWS and NOAA combined, wildlife trafficking rewards FY2007-2017; page number is the highlights page, not verified by page",
o-1867260cfd,usa-gao-18-279-2018,awards_paid_amount,FY2007-FY2017,reported,agree,confirmed,205500,1,"What GAO Found, para 1","$205,500",1,PDF p. 2 (Highlights),What GAO Found,high,1,"collectively reported paying 27 rewards, totaling $205,500",,
o-e48c8f1d8b,usa-gao-18-698,collections_attributable,2007-2018,actual,agree,confirmed,3.6,billion,"Product page, Highlights",3.6,billion,PDF p. 2 (Highlights),USD billion,high,1,"helped IRS collect $3.6 billion since 2007, according to IRS",,
o-0d40cf807d,usa-gao-18-698,collections_attributable,sample,actual,agree,confirmed,10.7,million,"Product page, Highlights","10,748,886",1,PDF p. 2 (Highlights),"FBAR penalty amount (dollars), Total",high,1,"Total 28 10,748,886 3,224,666",text says approximately $10.7 million; 28 sampled claims,
o-d7e424ebad,usa-irs-wbo-ar-fy2008,collections_attributable,FY2007,actual,agree,confirmed,181784287,1,"printed p. 11, Table 2 ""Amounts Collected and Awards Paid under 7623(a) FY 2004-2008""","$181,784,287",1,PDF p. 11,2007,high,1,"Amounts Collected ... $181,784,287",Table 2 (printed p. 10 of report; PDF p. 11); printed page number differs from location note,
o-f3bd2ff1b5,usa-irs-wbo-ar-fy2008,collections_attributable,FY2005,actual,agree,confirmed,93677606,1,"printed p. 11, Table 2 ""Amounts Collected and Awards Paid under 7623(a) FY 2004-2008""","$93,677,606",1,PDF p. 11,2005,high,1,"Amounts Collected ... $93,677,606",Table 2 (printed p. 10 of report; PDF p. 11),
o-8fcfd3e719,usa-irs-wbo-ar-fy2008,awards_paid_amount,FY2007,actual,agree,confirmed,13600205,1,"printed p. 11, Table 2 ""Amounts Collected and Awards Paid under 7623(a) FY 2004-2008""","$13,600,205",1,PDF p. 11,2007,high,1,"Amount of Awards Paid $13,600,205",Table 2 (printed p. 10 of report; PDF p. 11); includes fully and partially paid awards,
o-be42abae3a,usa-irs-wbo-ar-fy2008,tips_received,FY2004,actual,agree,confirmed,5380,1,"printed p. 11, Table 2 ""Amounts Collected and Awards Paid under 7623(a) FY 2004-2008""","5,380",1,PDF p. 11,2004,high,1,"Cases Received 5,380",Table 2 (printed p. 10 of report; PDF p. 11); source row label is 'Cases Received',
o-eeefde3241,usa-irs-wbo-ar-fy2008,awards_paid_amount,FY2008,actual,agree,confirmed,3.7,million,"printed p. 11, footnote 10",3.7,million,PDF p. 11,,high,1,"In FY 2008, 21 informants received partial payments totaling $3.7 million.",Footnote 10,
o-cb1ef0b025,usa-irs-wbo-ar-fy2008,awards_paid_count,FY2008,actual,agree,confirmed,8,1,"printed p. 11, Table 2 ""Amounts Collected and Awards Paid under 7623(a) FY 2004-2008""",8,1,PDF p. 11,2008,high,1,Collections over $2 million NA NA NA 12 8,"Table 2 (printed p. 10 of report; PDF p. 11); row is a count of cases with collections over $2 million, 2008 column",
o-2f5653163d,usa-irs-wbo-ar-fy2009,awards_paid_amount,FY2009,actual,agree,confirmed,3.2,million,"printed p. 9 (PDF p. 10), footnote 12",3.2,million,PDF p. 10,footnote 12,high,1,"In FY 2009, 4 informants received partial payments totaling $3.2 million.",printed p. 8 on the page itself,
o-bf07b2ad90,usa-irs-wbo-ar-fy2009,tips_received,FY2009,actual,agree,confirmed,5678,1,"printed p. 9 (PDF p. 10), Table 2 ""Amounts Collected and Awards Paid under 7623(a) FY 2005-2009""","5,678",1,PDF p. 10,Cases Received 2009,high,1,"Cases Received 5,678 11",printed p. 8 on the page itself; footnote 11 marker follows number,
o-3da58c44bb,usa-irs-wbo-ar-fy2009,awards_paid_amount,FY2009,actual,agree,confirmed,5851608,1,"printed p. 9 (PDF p. 10), Table 2 ""Amounts Collected and Awards Paid under 7623(a) FY 2005-2009""","$5,851,608",1,PDF p. 10,Amount of Awards Paid 2009,high,1,"$5,851,608",printed p. 8 on the page itself,
o-3ef1b7416e,usa-irs-wbo-ar-fy2009,awards_paid_count,FY2009,actual,agree,confirmed,110,1,"printed p. 9 (PDF p. 10), Table 2 ""Amounts Collected and Awards Paid under 7623(a) FY 2005-2009""",110,1,PDF p. 10,Awards Paid 2009,high,1,Awards Paid 169 220 227 198 110,printed p. 8 on the page itself,
o-f799f2be0e,usa-irs-wbo-ar-fy2009,collections_attributable,FY2009,actual,agree,confirmed,206032872,1,"printed p. 9 (PDF p. 10), Table 2 ""Amounts Collected and Awards Paid under 7623(a) FY 2005-2009""","$206,032,872",1,PDF p. 10,Amounts Collected 2009,high,1,"$206,032,872",printed p. 8 on the page itself,
o-a64548e6b3,usa-irs-wbo-ar-fy2009,tips_received,FY2008,actual,agree,confirmed,3704,1,"printed p. 9 (PDF p. 10), Table 2 ""Amounts Collected and Awards Paid under 7623(a) FY 2005-2009""","3,704",1,PDF p. 10,Cases Received 2008,high,1,"2,740 4,295 2,751 3,704 5,678",printed p. 8 on the page itself,
o-2fd909626b,usa-irs-wbo-ar-fy2010,awards_paid_count,FY2008,actual,agree,confirmed,198,1,"PDF p. 17, Table 2 ""Amounts Collected and Awards Paid under 7623(a) FY 2005-2010""",198,1,PDF p. 17,"Table 2, FY2008 column",high,1,Awards Paid 220 227 198 110 97 (2006-2010),,
o-99a4a11c6a,usa-irs-wbo-ar-fy2010,tips_received,FY2007,actual,agree,confirmed,49,1,"PDF p. 10, Table 1 ""7623(b) SUBMISSIONS BY FISCAL YEAR""",49,1,PDF p. 10,"Table 1 Submissions, 2007",high,1,2007 49 587,,
o-67d948f07c,usa-irs-wbo-ar-fy2010,awards_paid_amount,FY2006,actual,agree,confirmed,24184458,1,"PDF p. 17, Table 2 ""Amounts Collected and Awards Paid under 7623(a) FY 2005-2010""","$24,184,458",1,PDF p. 17,"Table 2, FY2006 column",high,1,"Total Amount of Awards Paid $24,184,458",,
o-1fff7d87c5,usa-irs-wbo-ar-fy2010,tips_received,FY2008,actual,agree,confirmed,3704,1,"PDF p. 17, Table 2 ""Amounts Collected and Awards Paid under 7623(a) FY 2005-2010""","3,704",1,PDF p. 17,"Table 2, FY2008 column, 'Cases Received'",high,1,"Cases Received 4,295 2,751 3,704 5,678 7,577",,
o-78b9f59e2d,usa-irs-wbo-ar-fy2010,awards_paid_amount,FY2010,actual,agree,confirmed,13,million,"PDF p. 17, footnote 16",13,million,PDF p. 17,footnote 16,high,1,"In FY 2010, 17 informants received partial payments totaling $13 million",,
o-374f1bad8a,usa-irs-wbo-ar-fy2010,tips_received,FY2010,actual,agree,confirmed,431,1,"PDF p. 10, Table 1 ""7623(b) SUBMISSIONS BY FISCAL YEAR""",431,1,PDF p. 10,"Table 1 Submissions, 2010",high,1,2010 431 5429,,
o-6bfc6651ca,usa-irs-wbo-ar-fy2011,tips_received,FY2007,actual,agree,confirmed,875,1,"PDF p. 10, Table 1 ""7623(b) SUBMISSIONS BY FISCAL YEAR""",875,1,PDF p. 10,"Taxpayers Identified, 2007",high,1,2007 50 875,submissions column is 50; taxpayers column 875,
o-66775737da,usa-irs-wbo-ar-fy2011,awards_paid_count,FY2009,actual,agree,confirmed,110,1,"PDF p. 18, Table 4 ""Amounts Collected and Awards Paid under 7623 FY 2007-2011""",110,1,PDF p. 18,"Awards Paid, 2009",high,1,Awards Paid 227 198 110 97 97,all awards pre-2011 paid under 7623(a) per footnote 18,
o-28e59248ca,usa-irs-wbo-ar-fy2011,tips_received,FY2011,actual,agree,confirmed,734,1,"PDF p. 10, Table 1 ""7623(b) SUBMISSIONS BY FISCAL YEAR""",734,1,PDF p. 10,"Taxpayers Identified, 2011",high,1,2011 314 734,text on p. 9 says 732 taxpayers; table says 734,
o-2b3e4d7cc4,usa-irs-wbo-ar-fy2011,tips_received,FY2011,actual,agree,confirmed,732,1,"PDF p. 9, D. Program Operations",732,1,PDF p. 9,taxpayers (text),high,1,314 whistleblower submissions relating to 732 taxpayers,table 1 on p.10 prints 734 for same year,
o-da7f613815,usa-irs-wbo-ar-fy2011,tips_received,FY2009,actual,agree,confirmed,2178,1,"PDF p. 10, Table 1 ""7623(b) SUBMISSIONS BY FISCAL YEAR""",2178,1,PDF p. 10,"Taxpayers Identified, 2009",high,1,2009 472 2178,printed without separator,
o-1751147d38,usa-irs-wbo-ar-fy2011,tips_received,FY2008,actual,agree,confirmed,1369,1,"PDF p. 10, Table 1 ""7623(b) SUBMISSIONS BY FISCAL YEAR""",1369,1,PDF p. 10,"Taxpayers Identified, 2008",high,1,2008 377 1369,printed without separator,
o-62c2518258,usa-irs-wbo-ar-fy2012,tips_received,FY2011,actual,agree,confirmed,7471,1,"PDF p. 21, Table 4 ""Amounts Collected and Awards Paid under 7623 FY 2008-2012 (as of 9/30/2012)""","7,471",1,PDF p. 21,2011 (Cases Received),high,1,"Cases Received 3,704 5,678 7,577 7,471 8,634",,
o-24e420e9fb,usa-irs-wbo-ar-fy2012,collections_attributable,FY2008,actual,agree,confirmed,155985834,1,"PDF p. 21, Table 4 ""Amounts Collected and Awards Paid under 7623 FY 2008-2012 (as of 9/30/2012)""","$155,985,834",1,PDF p. 21,2008,high,1,"Amounts Collected $155,985,834",,
o-7d55128bdf,usa-irs-wbo-ar-fy2012,tips_received,FY2009,actual,agree,confirmed,2178,1,"PDF p. 11, Table 1 ""7623(b) SUBMISSIONS BY FISCAL YEAR""",2178,1,PDF p. 11,Taxpayers Identified,high,1,2009  472  2178,Unit taxpayers: Taxpayers Identified column (Submissions column prints 472),
o-62eb5ab946,usa-irs-wbo-ar-fy2012,collections_attributable,FY2011,actual,agree,confirmed,48047500,1,"PDF p. 21, Table 4 ""Amounts Collected and Awards Paid under 7623 FY 2008-2012 (as of 9/30/2012)""","$48,047,500",1,PDF p. 21,2011,high,1,"Amounts Collected ... $48,047,500",,
o-6b4451f97a,usa-irs-wbo-ar-fy2012,tips_received,FY2008,actual,agree,confirmed,377,1,"PDF p. 11, Table 1 ""7623(b) SUBMISSIONS BY FISCAL YEAR""",377,1,PDF p. 11,Submissions,high,1,2008  377  1369,,
o-05a0a0be0e,usa-irs-wbo-ar-fy2012,claims_open,2012-12-10,actual,agree,confirmed,695,1,"PDF p. 13, Table 2 ""Current Status of Open 7623(b) Claims (as of 12/10/2012)""",695,1,PDF p. 13,Submissions,high,1,Operating Division Field Examination 695 2846 542 2714,,
o-45c9c258ce,usa-irs-wbo-ar-fy2013,tips_received,FY2011,actual,agree,confirmed,8084,1,"PDF p. 17, Table 1 ""Claims Received By Fiscal Year of Receipt""",8084,1,PDF p. 17,"Total Claims Received, FY2011 column",high,1,Total Claims Received 1177 1463 1923 6991 13155 8084 9239 9268 51390,"Columns: Pre-2007, 2007, 2008, 2009, 2010, 2011, 2012, 2013, Total.",
o-139b3cac21,usa-irs-wbo-ar-fy2013,awards_paid_count,FY2011,actual,agree,confirmed,97,1,"PDF p. 24, Table 6 ""Amounts Collected and Awards Paid under Section 7623""",97,1,PDF p. 24,"Awards Paid, 2011 column",high,1,Awards Paid 110 97 97 128 122,Paid awards (columns 2009-2013).,
o-5b4c3083ea,usa-irs-wbo-ar-fy2013,tips_received,FY2013,actual,agree,confirmed,3712,1,"PDF p. 18, Table 2 ""Fiscal Year 2013 Receipts, by Operating Division""",3712,1,PDF p. 18,"Total Submission, 7623(a)",high,1,Total Submission 3712 355 4067,,
o-e706ffa901,usa-irs-wbo-ar-fy2013,collections_attributable,FY2009,actual,agree,confirmed,206032872,1,"PDF p. 24, Table 6 ""Amounts Collected and Awards Paid under Section 7623""","$206,032,872",1,PDF p. 24,"Amounts Collected, 2009",high,1,"Amounts Collected $206,032,872 $464,695,459 ...",Table not split by subsection; text says all awards through FY2010 were paid under 7623(a).,
o-4e6b2925f7,usa-irs-wbo-ar-fy2013,awards_paid_amount,FY2009,actual,agree,confirmed,5851608,1,"PDF p. 24, Table 6 ""Amounts Collected and Awards Paid under Section 7623""","$5,851,608",1,PDF p. 24,"Total Amount of Awards Paid, 2009",high,1,"Total Amount of Awards Paid $5,851,608",,
o-b4ee6aa714,usa-irs-wbo-ar-fy2013,collections_attributable,FY2012,actual,agree,confirmed,592498294,1,"PDF p. 24, Table 6 ""Amounts Collected and Awards Paid under Section 7623""","$592,498,294",1,PDF p. 24,"Amounts Collected, 2012",high,1,"Amounts Collected ... $592,498,294",,
o-fad368d5e5,usa-irs-wbo-ar-fy2014,awards_paid_amount,FY2013,actual,agree,confirmed,53054302,1,"PDF p. 24, Table 6 ""Amounts Collected and Awards Paid under Section 7623 FY 2010-2014""","$53,054,302",1,PDF p. 24,"Total Amount of Awards Paid, 2013",high,1,"Total Amount of Awards Paid $18,746,327 $8,008,430 $125,355,799 $53,054,302 $52,281,628",Columns 2010..2014; 2013 is fourth.,
o-1ef6e8d6c8,usa-irs-wbo-ar-fy2014,collections_attributable,FY2012,actual,agree,confirmed,592498294,1,"PDF p. 24, Table 6 ""Amounts Collected and Awards Paid under Section 7623 FY 2010-2014""","$592,498,294",1,PDF p. 24,"Amounts Collected, 2012",high,1,"Amounts Collected $464,695,459 $48,047,500 $592,498,294 $367,042,420 $309,990,568",Columns 2010..2014; 2012 is third.,
o-04212f3778,usa-irs-wbo-ar-fy2014,claims_closed,FY2014,actual,agree,confirmed,124,1,"PDF p. 19, Table 3 ""Fiscal Year 2014 Closures"", Total column",124,1,PDF p. 19,"Total, Examination Result Was No Change",high,1,Examination Result Was No Change ... 124,"Row ""Examination Result Was No Change"" (separate row ""Examination Result on Whistleblower Issues Was No Change"" total is 57).",
o-e630ed1511,usa-irs-wbo-ar-fy2014,claims_open,FY2013,actual,agree,confirmed,5101,1,"PDF p. 16, Table 1 ""All Claims Received, By Fiscal Year of Receipt (as of 05/14/15)""",5101,1,PDF p. 16,"Claims Open, 2013",high,1,Claims Open 5125 6211 2016 3017 5101 8682 30152,"Columns Pre-2010, 2010, 2011, 2012, 2013, 2014, Total; 2013 is fifth.",
o-7d2a28b2ab,usa-irs-wbo-ar-fy2014,claims_open,2015-05-14,actual,agree,confirmed,13337,1,"PDF p. 21, Table 4 ""Status of Open Section 7623(b) Claims from All Years (as of 05/14/15)""",13337,1,PDF p. 21,"Claim #s, Total row",medium,1,Total 1942 14064 1489 13337,"Table has four counts (Submissions 1942, Taxpayers 14064, Whistleblowers 1489, Claim #s 13337); unit is claims so Claim #s column chosen.",
o-c8fabb4f89,usa-irs-wbo-ar-fy2014,claims_open,pre-FY2010,actual,agree,confirmed,5125,1,"PDF p. 16, Table 1 ""All Claims Received, By Fiscal Year of Receipt (as of 05/14/15)""",5125,1,PDF p. 16,"Claims Open, Pre-2010",high,1,Claims Open 5125 6211 ...,,
o-cbb36237c7,usa-irs-wbo-ar-fy2015,claims_open,FY2015,actual,agree,confirmed,14221,1,"PDF p. 15, Table 2 ""Status of Open Section 7623(a) & 7623(b) Claims"" (as of 30 Sep 2015)","14,221",1,PDF p. 15,"Submissions, Total",high,1,"Total 14,221 35,670","Table 2 total submissions (claims 35,670)",
o-a8145e9aee,usa-irs-wbo-ar-fy2015,claims_closed,FY2013,actual,agree,confirmed,7006,1,"PDF p. 14, Figure 4 ""Claims Received, Open, and Closed""","7,006",1,PDF p. 14,Closed Claims FY 2013,medium,1,"Figure 4 bar label 7,006","chart; bar label assigned to Closed Claims by x-position of FY2013 group (12,172 / 22,330 / 7,006)",
o-773a1489ed,usa-irs-wbo-ar-fy2015,claims_closed,FY2015,actual,agree,confirmed,10615,1,"PDF p. 17, Table 3 ""Reasons for FY 2015 Closures, All Claims from Any Year of Receipt""","10,615",1,PDF p. 17,Total Number of Claims,high,1,"Total 10,615 100%",,
o-717356dafa,usa-irs-wbo-ar-fy2015,claims_open,FY2014,actual,agree,confirmed,30152,1,"PDF p. 14, Figure 4 ""Claims Received, Open, and Closed""","30,152",1,PDF p. 14,Open Claims FY 2014,medium,1,"Figure 4 bar label 30,152",chart; middle bar of FY2014 group = Open Claims,
o-ace818458a,usa-irs-wbo-ar-fy2015,claims_closed,FY2015,actual,agree,confirmed,7,1,"PDF p. 17, Table 3 ""Reasons for FY 2015 Closures, All Claims from Any Year of Receipt""",7,1,PDF p. 17,Total Number of Claims,high,1,Claim Rejected - Ineligible Whistleblower 7 Less than 1%,,
o-5e5865c24a,usa-irs-wbo-ar-fy2015,claims_open,FY2015,actual,agree,confirmed,6023,1,"PDF p. 15, Table 2 ""Status of Open Section 7623(a) & 7623(b) Claims"" (as of 30 Sep 2015)","6,023",1,PDF p. 15,"Number of Claims, OD Field/Investigation 7623(a)",medium,1,"OD Field/Investigation 7623(a) 3,359 6,023","mapped 'field_examination' to OD Field/Investigation; submissions column is 3,359, claims column 6,023",
o-0551d532c0,usa-irs-wbo-ar-fy2016,awards_paid_amount,FY2015,actual,agree,confirmed,103486236,1,"PDF p. 10, Table 1 ""Amounts Collected and Awards under Section 7623, Fiscal Years 2014 to 2016""","$103,486,236",1,PDF p. 10,FY 2015,high,1,"Total Amount of Awards6  $52,281,628  $103,486,2367  $61,390,910",Prior to sequestration; footnote 7 says FY2015 amount revised (overstated by $441.84 in prior report). The trailing 7 in the text is the footnote marker.,
o-4adb0d4d5f,usa-irs-wbo-ar-fy2016,claims_closed,FY2016,actual,agree,confirmed,12395,1,"PDF p. 18, Table 4 ""FY 2016 Closure Reasons, All Closures from Any Year of Receipt""","12,395",1,PDF p. 18,Total Closures,high,1,"Claim Rejected - Allegations are not Specific, Credible, or are Speculative in Nature 12,395 59%",,
o-595beca5cb,usa-irs-wbo-ar-fy2016,claims_closed,FY2016,actual,agree,confirmed,21124,1,"PDF p. 18, Table 4 ""FY 2016 Closure Reasons, All Closures from Any Year of Receipt""","21,124",1,PDF p. 18,Total Closures,high,1,"Total Closures 21,124 100%",,
o-45a9a7a827,usa-irs-wbo-ar-fy2016,claims_open,FY2015,actual,agree,confirmed,35670,1,"PDF p. 14, Figure 4 ""Claims Received, Open, and Closed""","35,670",1,PDF p. 14,"Open Claims, FY 2015",medium,1,"Figure 4 Claims Received, Open, and Closed","Bar chart labels; assigned by x-position (FY2015 group: received 12,595, open 35,670, closed 10,615).",
o-3d00a720e1,usa-irs-wbo-ar-fy2016,claims_closed,FY2016,actual,agree,confirmed,2413,1,"PDF p. 18, Table 4 ""FY 2016 Closure Reasons, All Closures from Any Year of Receipt""","2,413",1,PDF p. 18,Total Closures,high,1,"Claim Denied - Issues Below Threshold for IRS Action 2,413 11%",,
o-25caadeb70,usa-irs-wbo-ar-fy2016,processing_time,FY2016,actual,agree,confirmed,2592,1,"PDF p. 11, Figure 2 ""Total Claims Related to Awards and Average Days to Process Awards by Claim Type""","2,592",1,PDF p. 11,Average Days to Process Awards,medium,1,"FY2016 7623(a) Claims 602; 2,592 (7.10 Years)","Chart labels assigned by position/arithmetic: 2016 7623(b) 159 claims, 2,693 days (7.38 y); 7623(a) 602 claims, 2,592 days (7.10 y); 2,592/365=7.10.",
o-f68a1e1b66,usa-irs-wbo-ar-fy2017,processing_time,FY2017,actual,agree,confirmed,2880,1,"PDF p. 17, Table 4 ""FY 2017 Closure Reasons, All Closures from Any Year of Receipt""","2,880",1,PDF p. 17,Average Number of Days from Receipt to Closure,medium,1,"Claims Paid in Full in 2017 367 3% 2,880",Closure reason matched: 'Claims Paid in Full in 2017'. Average days from receipt to closure (not to payment).,
o-b0c2e80125,usa-irs-wbo-ar-fy2017,claims_closed,FY2017,actual,agree,confirmed,104,1,"PDF p. 17, Table 4 ""FY 2017 Closure Reasons, All Closures from Any Year of Receipt""",104,1,PDF p. 17,Total Closures,high,1,"Closed - Deceased Whistleblower Claims 104 Less than 1% 2,917",,
o-2f17677e56,usa-irs-wbo-ar-fy2017,tips_received,FY2015,actual,agree,confirmed,12723,1,"PDF p. 13, Figure 4 ""Claims Numbers Issued, Open, and Closed""","12,723",1,PDF p. 13,Claim Numbers Issued FY2015,medium,1,"12,723 (FY 2015, Claim Numbers Issued)","Chart labels; assigned to FY2015/Issued by bar order and consistency (FY2017 issued 11,946 matches Table 2 total).",
o-3814cdb11a,usa-irs-wbo-ar-fy2017,claims_closed,FY2017,actual,agree,confirmed,367,1,"PDF p. 17, Table 4 ""FY 2017 Closure Reasons, All Closures from Any Year of Receipt""",367,1,PDF p. 17,Total Closures,high,1,"Claims Paid in Full in 2017 367 3% 2,880",Row label 'Claims Paid in Full in 2017'.,
o-052df7c2cc,usa-irs-wbo-ar-fy2017,awards_paid_amount,FY2017,actual,agree,confirmed,33979873,1,"PDF p. 9, Table 1 ""Amounts Collected and Awards under IRC § 7623, Fiscal Years 2015 to 2017""","$33,979,873",1,PDF p. 9,FY 2017 Total Amounts of Awards,high,1,"Total Amounts of Awards $103,486,236 $61,390,910 $33,979,873",,
o-bffe628c8b,usa-irs-wbo-ar-fy2017,tips_received,FY2017,actual,agree,confirmed,11946,1,"PDF p. 12, Table 2 ""Fiscal Year 2017 Receipts, by Operating Division""","11,946",1,PDF p. 12,"Total, Claim Numbers",high,1,"Total Claim Numbers 11,017 929 11,946","Claim Numbers total (4,428 is Total Submissions).",
o-103e5c24d9,usa-irs-wbo-ar-fy2018,claims_closed,FY2018,actual,agree,confirmed,4,1,"PDF p. 18, Table 4 ""FY 2018 Closure Reasons, All Closures from Any Year of Receipt""",4,1,PDF p. 18,Total Closures,high,1,Claim Rejected - Ineligible Whistleblower 4 Less than 1% 20,,
o-d71319481a,usa-irs-wbo-ar-fy2018,tips_received,FY2018,actual,agree,confirmed,10666,1,"PDF p. 11, Table 2(A) ""Fiscal Year 2018 Receipts, by Operating Division""","10,666",1,PDF p. 11,"Total, 7623(a), Claim Numbers",high,1,"Total Claim Numbers 10,666 1,620 12,286","Claim numbers, as unit is claims. Submissions total for 7623(a) is 4,188.",
o-146c107937,usa-irs-wbo-ar-fy2018,claims_closed,FY2018,actual,agree,confirmed,10,1,"PDF p. 18, Table 4 ""FY 2018 Closure Reasons, All Closures from Any Year of Receipt""",10,1,PDF p. 18,Total Closures,high,1,"Closed - Non-Compliant Whistleblower 10 Less than 1% 1,869",,
o-14eddc9028,usa-irs-wbo-ar-fy2018,tips_received,FY2017,actual,agree,confirmed,11946,1,"PDF p. 13, Figure 4 ""Claim Numbers Issued, Open, and Closed""","11,946",1,PDF p. 13,"Claim Numbers Issued, FY 2017 (Figure 4 bar label)",medium,1,"Figure 4: FY2016 13,396/29,835/21,124; FY2017 11,946/28,197/14,445; FY2018 12,286/29,198/12,833","Chart labels in order Issued, Open, Closed per fiscal year (bar x positions); FY2018 issued 12,286 matches Table 2(A) total claim numbers, supporting the assignment.",
o-3bc772c427,usa-irs-wbo-ar-fy2018,claims_closed,FY2018,actual,agree,confirmed,136,1,"PDF p. 18, Table 4 ""FY 2018 Closure Reasons, All Closures from Any Year of Receipt""",136,1,PDF p. 18,Total Closures,high,1,Anonymous Referred to 3949-A Program 136 1% 14,,
o-50749ebd04,usa-irs-wbo-ar-fy2018,claims_closed,FY2018,actual,agree,confirmed,41,1,"PDF p. 18, Table 4 ""FY 2018 Closure Reasons, All Closures from Any Year of Receipt""",41,1,PDF p. 18,Total Closures,high,1,"Closed - Other (Used as a General Closure ...) 41 Less than 1% 1,787",,
o-ea665ee6d0,usa-irs-wbo-ar-fy2019,processing_time,FY2019,actual,agree,confirmed,104,1,"PDF p. 19, Table 4 ""FY 2019 Closure Reasons, All Closures from Any Year of Receipt""",104,1,PDF p. 19,Average Number of Days from Receipt to Closure,high,1,"Claim Rejected - Allegations are not Specific, Credible, or are Speculative in Nature 8,524 51% 104",,
o-113f0ceb18,usa-irs-wbo-ar-fy2019,claims_closed,FY2019,actual,agree,confirmed,7,1,"PDF p. 19, Table 4 ""FY 2019 Closure Reasons, All Closures from Any Year of Receipt""",7,1,PDF p. 19,Total Closures,high,1,Claim Rejected - Ineligible Whistleblower 7 Less than 1% 23,,
o-a326d079e8,usa-irs-wbo-ar-fy2019,claims_closed,FY2019,actual,agree,confirmed,8524,1,"PDF p. 19, Table 4 ""FY 2019 Closure Reasons, All Closures from Any Year of Receipt""","8,524",1,PDF p. 19,Total Closures,high,1,"or are Speculative in Nature 8,524 51% 104",,
o-008946d5c3,usa-irs-wbo-ar-fy2019,collections_attributable,2007-2019,actual,agree,confirmed,5.7,billion,"PDF p. 8, Awards text",$5.7 billion,billion,PDF p. 8,collections (text),high,1,"Since 2007, the Whistleblower Office made awards in the amount of $931.7 million based on the collection of $5.7 billion.",,
o-9fbf1e0719,usa-irs-wbo-ar-fy2019,awards_paid_count,FY2017,actual,agree,confirmed,367,1,"PDF p. 8, Table 1 ""Amounts Collected and Awards under IRC § 7623, Fiscal Years 2017 to 2019""",367,1,PDF p. 8,"Total Claims Related to Awards, FY 2017",high,1,Total Claims Related to Awards 367 423 510,,
o-25124a5b73,usa-irs-wbo-ar-fy2019,claims_referred_to_exam,FY2019,actual,agree,confirmed,1139,1,"PDF p. 12, Table 2(B) ""Receipts Selected by Operating Divisions for Referral to Examination in FY 2019""","1,139",1,PDF p. 12,Total Receipts Sent to Field (Total row),medium,1,"Total 11,394 1,139 10.00%","Total row: 11,394 receipts, 1,139 sent to field examination; row has no breakdown so total taken",
o-c957e20d80,usa-irs-wbo-ar-fy2020,tips_received,FY2020,actual,agree,confirmed,233,1,"PDF p. 10, Table 2A ""Fiscal Year 2020 Receipts, by Operating Division""",233,1,PDF p. 10,Table 2A 7623(b) Total Submissions,high,1,"Total Submissions 2,971 233 3,204",Counted by submission (claim numbers 769 separately).,
o-6507f96ea7,usa-irs-wbo-ar-fy2020,claims_closed,FY2018,actual,agree,confirmed,12833,1,"PDF p. 11, Figure 4A ""Claim Numbers Issued, Open, and Closed""","12,833",1,PDF p. 11,Figure 4A Closed Claims FY 2018,medium,1,"Closed Claims FY 2018 12,833","Bar chart; values assigned to series by x position (issued 12,286, open 29,198, closed 12,833 for FY2018).",
o-ed19be43d3,usa-irs-wbo-ar-fy2020,tips_received,FY2020,actual,agree,confirmed,97,1,"PDF p. 12, Figure 4B ""Number of Whistleblowers by Geographic Region""",97,1,PDF p. 12,Foreign Region (number of whistleblowers),high,1,Foreign Region (Not Shown) 97,Distinct whistleblowers.,
o-7cbc0518f2,usa-irs-wbo-ar-fy2020,processing_time,FY2020,actual,agree,confirmed,1832,1,"PDF p. 15, Table 4 ""FY 2020 Closure Reasons, All Closures from Any Year of Receipt""","1,832",1,PDF p. 15,Average Number of Days from Receipt to Closure,high,1,"Claim Denied - Examination Result Was No Change or Whistleblower Issues Was No Change 1,820 16% 1,832",Average days receipt to closure,
o-eb24cd0489,usa-irs-wbo-ar-fy2020,awards_paid_count,FY2018,actual,agree,confirmed,217,1,"PDF p. 8, Table 1 ""Amounts Collected and Awards under IRC § 7623, Fiscal Years 2018 to 2020""",217,1,PDF p. 8,Total Number of Awards FY 2018,high,1,Total Number of Awards 217 181 169,Awards paid,
o-937e527c6d,usa-irs-wbo-ar-fy2020,processing_time,FY2020,actual,agree,confirmed,3430,1,"PDF p. 15, Table 4 ""FY 2020 Closure Reasons, All Closures from Any Year of Receipt""","3,430",1,PDF p. 15,Average Number of Days from Receipt to Closure,high,1,"Claim Denied - No Collected Proceeds (Uncollectible) 33 Less than 1% 3,430",Average days receipt to closure,
o-72891b4cc5,usa-irs-wbo-ar-fy2021,processing_time,FY2021,actual,agree,confirmed,51,1,"PDF p. 10, Figure 2(A) ""IRC § 7623 Payment Processing Analysis""",51,1,PDF p. 10,Average Days to Issue IRC § 7623(a) Payment,high,1,Average Days to Issue IRC § 7623(a) Payment 51,Average days to issue payment once payment is permitted (not from claim receipt),
o-07fcb73da5,usa-irs-wbo-ar-fy2021,awards_paid_count,FY2021,actual,agree,confirmed,645,1,"PDF p. 9, Table 1 ""Amounts Collected and Awards under IRC § 7623, Fiscal Year 2021""",645,1,PDF p. 9,"Claims Related to Awards, TOTAL",high,1,Claims Related to Awards 380 265 645,"Total column; (a)=380, (b)=265. Number of Awards is 179",
o-a841506ce0,usa-irs-wbo-ar-fy2021,processing_time,FY2021,actual,agree,confirmed,2190,1,"PDF p. 17, Table 4 ""FY 2021 Closure Reasons, All Closures from Any Year of Receipt""","2,190",1,PDF p. 17,Average Number of Days from Receipt to Closure,high,1,"Claim Denied - Examination Result Was ""No Change"" or Whistleblower Issues Was ""No Change"" 770 6% 2,190",Average days from receipt to closure,
o-e7e1f3ce29,usa-irs-wbo-ar-fy2021,claims_closed,FY2021,actual,agree,confirmed,177,1,"PDF p. 17, Table 4 ""FY 2021 Closure Reasons, All Closures from Any Year of Receipt""",177,1,PDF p. 17,Total Closures,high,1,Anonymous Referred to 3949-A Program 177 1% 28,,
o-eadcbd1072,usa-irs-wbo-ar-fy2021,tips_received,FY2021,actual,agree,confirmed,14045,1,"PDF p. 13, Table 2(C) ""Fiscal Year 2021 Receipts, by Operating Division""","14,045",1,PDF p. 13,"Total, Total Claim Numbers",high,1,"Total Claim Numbers 11,893 2,152 14,045","Claim numbers; submissions total 5,080",
o-abed85ce4a,usa-irs-wbo-ar-fy2021,claims_closed,FY2021,actual,agree,confirmed,770,1,"PDF p. 17, Table 4 ""FY 2021 Closure Reasons, All Closures from Any Year of Receipt""",770,1,PDF p. 17,Total Closures,high,1,"Claim Denied - Examination Result Was ""No Change"" ... 770 6% 2,190",,
o-8ce7f38bdd,usa-irs-wbo-ar-fy2022,claims_closed,FY2022,actual,agree,confirmed,35,1,"PDF p. 28, Table 6 ""FY2022 Closure Reasons, All Closures from Any Year of Receipt""",35,1,PDF p. 28,Total Closures,high,1,Administrative Error 35 Less than 1%,,
o-7c7119194c,usa-irs-wbo-ar-fy2022,claims_closed,FY2022,actual,agree,confirmed,172,1,"PDF p. 28, Table 6 ""FY2022 Closure Reasons, All Closures from Any Year of Receipt""",172,1,PDF p. 28,Total Closures,high,1,Claim Denied - Surveyed by Operating Division 172 1%,,
o-32377d31a8,usa-irs-wbo-ar-fy2022,processing_time,FY2022,actual,agree,confirmed,68,1,"PDF p. 20, Payment & Claim Processing Analysis",68,1,PDF p. 20,,high,1,"IRC Section 7623(b) awards were issued, on average, 68 days of the date when all regulatory requirements were met",,
o-d8bb653036,usa-irs-wbo-ar-fy2022,claims_open,FY2022,actual,agree,confirmed,13006,1,"PDF p. 26, Table 5 ""Status of Open IRC Section 7623(a) & Section 7623(b) Claims"" (as of 30 Sep 2022)","13,006",1,PDF p. 26,IRC Section 7623(b),high,1,"Total 15,021 13,006 28,027","Total row, 7623(b) column",
o-406fe7dda0,usa-irs-wbo-ar-fy2022,processing_time,FY2022,actual,agree,confirmed,11.24,1,"PDF p. 21, Figure 4 ""Average Years from Claim Receipt to Award Payment by Claim Type, Fiscal Year 2022""",11.24,1,PDF p. 21,,high,1,7623(b) Claims 11.24,Value read from bar label in Figure 4; unit years,
o-a2c9a6d824,usa-irs-wbo-ar-fy2022,claims_closed,FY2022,actual,agree,confirmed,60,1,"PDF p. 28, Table 6 ""FY2022 Closure Reasons, All Closures from Any Year of Receipt""",60,1,PDF p. 28,Total Closures,high,1,Closed - Failure to File Form 211 60 Less than 1%,,
o-36290da779,usa-irs-wbo-ar-fy2023,tips_received,FY2023,actual,agree,confirmed,5002,1,"PDF p. 25, Figure 9 ""Number of Whistleblowers by Geographic Region (Worldwide)""","5,002",1,PDF p. 25,"Figure 9 table, North America",high,1,"North America 5,002","distinct whistleblowers by continent (persons), claims filed FY2023",
o-5dda4d8052,usa-irs-wbo-ar-fy2023,claims_closed,FY2023,actual,agree,confirmed,3,1,"PDF p. 28, Table 6 ""FY 2023 Closure Reasons, All Closures From Any Year of Receipt""",3,1,PDF p. 28,Table 6 Total Closures,high,1,Claim Rejected - Ineligible Whistleblower 3 <1%,,
o-ea5380a9a3,usa-irs-wbo-ar-fy2023,claims_open,FY2023,actual,agree,confirmed,2655,1,"PDF p. 26, Table 5 ""Status of open IRC Section 7623(a) and 7623(b) Claims"" (as of 30 Sep 2023)","2,655",1,PDF p. 26,"Table 5, IRC 7623(a) column, row 'OD Field'",medium,1,"OD Field 2,655 | 2,649 | 5,304",no row literally named 'field examination'; closest is 'OD Field' (operating division field); 7623(a) column,
o-33b089faeb,usa-irs-wbo-ar-fy2023,claims_closed,FY2023,actual,agree,confirmed,10666,1,"PDF p. 28, Table 6 ""FY 2023 Closure Reasons, All Closures From Any Year of Receipt""","10,666",1,PDF p. 28,Table 6 Total Closures,high,1,"Claim Denied - No Actionable Issue 10,666 72%",,
o-ef0859d419,usa-irs-wbo-ar-fy2023,processing_time,FY2023,actual,agree,confirmed,67,1,"PDF p. 20, Payment and Claim Processing Analysis",67,1,PDF p. 20,,high,1,"IRC Section 7623(b) awards were issued, on average, 67 days of the date when all regulatory requirements were met",average days from all requirements met to payment,
o-be38223cd9,usa-irs-wbo-ar-fy2023,tips_received,FY2023,actual,agree,confirmed,6455,1,"PDF p. 23, Claim Receipt and Processing","6,455",1,PDF p. 23,,high,1,"built 16,932 Claim Numbers from 6,455 submissions","FY2023 submissions; 5,084 on p.5 is FY2022",
o-6bd1ef3f54,usa-irs-wbo-ar-fy2024,tips_received,FY2024,actual,agree,confirmed,157,1,"PDF p. 24, Figure 10 ""Number of Whistleblowers by Geographic Region (Worldwide)""",157,1,PDF p. 24,# of Whistleblowers,high,1,Europe 157,table beside Figure 10,
o-2771171148,usa-irs-wbo-ar-fy2024,claims_closed,FY2024,actual,agree,confirmed,230,1,"PDF p. 27, Table 5 ""FY 2024 Closure Reasons, All Closures From Any Year of Receipt""",230,1,PDF p. 27,Total Closures,high,1,Claim Denied - Surveyed by Operating Division 230 2%,,
o-fb8ae8f19b,usa-irs-wbo-ar-fy2024,claims_closed,FY2024,actual,agree,confirmed,45,1,"PDF p. 27, Table 5 ""FY 2024 Closure Reasons, All Closures From Any Year of Receipt""",45,1,PDF p. 27,Total Closures,high,1,Closed - Failure to File Form 211 45 Less than 1%,Distinct from 'Claim Rejected - Failure to Sign Form 211...' (91),
o-58a9259af2,usa-irs-wbo-ar-fy2024,claims_closed,FY2024,actual,agree,confirmed,21,1,"PDF p. 27, Table 5 ""FY 2024 Closure Reasons, All Closures From Any Year of Receipt""",21,1,PDF p. 27,Total Closures,high,1,Administrative Error 21 Less than 1%,,
o-9b521ec344,usa-irs-wbo-ar-fy2024,claims_open,FY2024,actual,agree,confirmed,12978,1,"PDF p. 25, Table 4 ""Status of open IRC section 7623(a) and 7623(b) Claims"" (as of 30 Sep 2024)","12,978",1,PDF p. 25,IRC section 7623(b) Total row,high,1,"Total 18,874 12,978 31,852",,
o-134e2567dc,usa-irs-wbo-ar-fy2024,awards_paid_amount,FY2024,actual,agree,confirmed,123451982,1,"PDF p. 17, Table 1 ""Amounts Collected and Awards Under IRC section 7623, FY 2024""","$123,451,982",1,PDF p. 17,"Total, Dollar Amount of Awards Paid",high,1,"Dollar Amount of Awards Paid $3,000,858 $120,451,124 $123,451,982",before sequestration reduction,
o-df8f8326ce,usa-irs-wbo-first-report-2008,tips_received,FY2006,actual,agree,confirmed,4295,1,"printed p. 6 (PDF p. 8), table ""Receipts and payments, FY 2003-2007""",4295,1,PDF p. 8,"Receipts and payments, FY 2003-2007 Cases Received 2006",high,1,"Cases Received 4,765 5,380 2,740 4295 2751",Printed without separator in 2006.,
o-e46c1bf44c,usa-irs-wbo-first-report-2008,collections_attributable,FY2004,actual,agree,confirmed,74130794,1,"printed p. 6 (PDF p. 8), table ""Receipts and payments, FY 2003-2007""","$74,130,794",1,PDF p. 8,Amounts Collected 2004,high,1,"Amounts Collected $61,556,175 $74,130,794 ...",,
o-c9cee017a9,usa-irs-wbo-first-report-2008,awards_paid_amount,FY2005,actual,agree,confirmed,7602685,1,"printed p. 6 (PDF p. 8), table ""Receipts and payments, FY 2003-2007""","$7,602,685",1,PDF p. 8,Amount of Awards Paid 2005,high,1,"Amount of Awards Paid $4,057,476 $4,585,143 $7,602,685",,
o-79dfa1de57,usa-irs-wbo-first-report-2008,tips_received,FY2004,actual,agree,confirmed,5380,1,"printed p. 6 (PDF p. 8), table ""Receipts and payments, FY 2003-2007""","5,380",1,PDF p. 8,Cases Received 2004,high,1,"Cases Received 4,765 5,380",,
o-48ab829a7e,usa-irs-wbo-first-report-2008,awards_paid_count,FY2003,actual,agree,confirmed,190,1,"printed p. 6 (PDF p. 8), table ""Receipts and payments, FY 2003-2007""",190,1,PDF p. 8,Awards Paid 2003,high,1,Awards Paid 190 259 169 220 227,,
o-4095c6e61b,usa-irs-wbo-first-report-2008,awards_paid_count,FY2006,actual,agree,confirmed,220,1,"printed p. 6 (PDF p. 8), table ""Receipts and payments, FY 2003-2007""",220,1,PDF p. 8,Awards Paid 2006,high,1,Awards Paid 190 259 169 220 227,,
o-e392d1eb4a,usa-nhtsa-wb-finalrule-2024,tips_received,2015-2024,actual,agree,confirmed,300,1,PDF p. 19 (89 FR 101970),approximately 300,1,PDF p. 19,submissions considered potential whistleblower submissions,medium,1,"since 2015, NHTSA has received approximately 300 submissions that it has considered potential whistleblower submissions","page text is two-column and interleaved; 'in 2015' phrase confirmed, 'approximately 300' printed",
o-eceab90ee9,usa-nhtsa-wb-nprm-2023,tips_received,2015-2023,actual,agree,confirmed,150,1,PDF p. 2 (88 FR 23277),150,1,PDF p. 2,,high,1,"Since the FAST Act was signed into law on December 4, 2015, NHTSA has received more than 150 whistleblower submissions.",Printed as 'more than 150' (lower bound); Federal Register 88 FR p. 23277 column text,
o-a11e8f516c,usa-sec-oig-575-2022,award_claims_received,FY2018,actual,agree,confirmed,196,1,"p. 3, Table 1",196,1,PDF p. 9,Claims Received,high,1,"2018 5,282 196 13 $168,000,000",Table 1 is on PDF p. 9 (printed p. 3),
o-c78c559965,usa-sec-oig-575-2022,award_claims_received,FY2017,actual,agree,confirmed,228,1,"p. 3, Table 1",228,1,PDF p. 9,Claims Received,high,1,"2017 4,484 228 12 $50,000,000",Table 1 is on PDF p. 9 (printed p. 3),
o-3df9754178,usa-sec-oig-575-2022,award_claims_received,FY2020,actual,agree,confirmed,334,1,"p. 3, Table 1",334,1,PDF p. 9,Claims Received,high,1,"2020 6,911 334 39 $175,000,000",Table 1 is on PDF p. 9 (printed p. 3),
o-97a0cbb2e1,usa-sec-oig-575-2022,award_claims_received,FY2019,actual,agree,confirmed,241,1,"p. 3, Table 1",241,1,PDF p. 9,Claims Received,high,1,"2019 5,212 241 8 $60,000,000",Table 1 is on PDF p. 9 (printed p. 3),
o-2a7d1f3acf,usa-sec-oig-575-2022,award_claims_received,FY2017-FY2021,actual,agree,confirmed,1244,1,"p. 3, Table 1","1,244",1,PDF p. 9,Claims Received,high,1,"Total 34,099 1,244 180 $1,017,000,000",Table 1 is on PDF p. 9 (printed p. 3),
o-fe39b06269,usa-sec-oig-575-2022,processing_time,FY2017-FY2021,actual,agree,confirmed,1116,1,p. 7,"1,116",1,PDF p. 14,,high,1,"total award claims processing time (between NoCA close date and Final Order date) averaged 1,116 days, or about 3 years and 1 month","Printed p. 7. Average, FY2017-FY2021",
o-c1d9f630e1,usa-sec-owb-ar-2011,tips_received,FY2011,actual,agree,confirmed,51,1,"Appendix A, Total row",51,1,PDF p. 13,"Corporate Disclosure and Financials, Total",high,1,Total 54 52 17 25 51 13 9 18 11 79 5 334,period 8/12/2011-9/30/2011 only; column position 5 of 11,
o-e8662f70b7,usa-sec-owb-ar-2011,tips_received,FY2011,actual,agree,confirmed,32,1,"Appendix B, 'Foreign' column",32,1,PDF p. 14 (also p. 15),Foreign (Appendix B #); Appendix C Total,high,1,"... 2 3 32 87 334 (Foreign 32, Blank 87, Total 334); Appendix C Total: 32","Foreign column read by position (35 states, then Foreign, Blank, Total); matches Appendix C total of 32",
o-b9d380ebbd,usa-sec-owb-ar-2011,tips_received,FY2011,actual,agree,confirmed,1,1,Appendix C,1,1,PDF p. 15,Turkey #,high,1,Turkey 1 3.1%,"read by column order: Australia 3, Canada 1, China 10, Italy 1, Norway 1, Serbia 1, Spain 2, Netherlands 2, Turkey 1, UK 9, Uruguay 1 = 32",
o-48b20c20bf,usa-sec-owb-ar-2011,tips_received,FY2011,actual,agree,confirmed,79,1,"Appendix A, Total row",79,1,PDF p. 13,"Other, Total",high,1,Total 54 52 17 25 51 13 9 18 11 79 5 334; 'The 79 TCRs ... identified as Other',,
o-8c09dbf2d2,usa-sec-owb-ar-2011,tips_received,FY2011,actual,agree,confirmed,10,1,Appendix C,10,1,PDF p. 15,China #,high,1,China 10 31.3%,,
o-34b41670f2,usa-sec-owb-ar-2011,tips_received,FY2011,actual,agree,confirmed,2,1,Appendix C,2,1,PDF p. 15,Spain #,high,1,Spain 2 6.3%,,
o-b64500aa28,usa-sec-owb-ar-2012,tips_received,FY2012,actual,agree,confirmed,2,1,Appendix C (image chart labels),2,1,PDF p. 15,"Appendix C bar chart, tips by country FY2012 - Russia",medium,1,RUSSIA bar,"Appendix C is an image bar chart without per-bar number labels; value measured from bar length against the 0-80 axis (pixel scale). All 49 bars sum to 324, matching the printed total of 324 foreign tips, so reading is consistent. Page is PDF p. 15 (printed Appendix C).",
o-e4eb30762c,usa-sec-owb-ar-2012,tips_received,FY2012,actual,agree,confirmed,5,1,Appendix C (image chart labels),5,1,PDF p. 15,"Appendix C bar chart, tips by country FY2012 - Singapore",medium,1,SINGAPORE bar,"Appendix C is an image bar chart without per-bar number labels; value measured from bar length against the 0-80 axis (pixel scale). All 49 bars sum to 324, matching the printed total of 324 foreign tips, so reading is consistent. Page is PDF p. 15 (printed Appendix C).",
o-f618f8bcb4,usa-sec-owb-ar-2012,tips_received,FY2012,actual,agree,confirmed,2,1,Appendix C (image chart labels),2,1,PDF p. 15,"Appendix C bar chart, tips by country FY2012 - Argentina",medium,1,ARGENTINA bar,"Appendix C is an image bar chart without per-bar number labels; value measured from bar length against the 0-80 axis (pixel scale). All 49 bars sum to 324, matching the printed total of 324 foreign tips, so reading is consistent. Page is PDF p. 15 (printed Appendix C).",
o-18db03f560,usa-sec-owb-ar-2012,tips_received,FY2012,actual,agree,confirmed,1,1,Appendix C (image chart labels),1,1,PDF p. 15,"Appendix C bar chart, tips by country FY2012 - Curacao",medium,1,CURACAO bar,"Appendix C is an image bar chart without per-bar number labels; value measured from bar length against the 0-80 axis (pixel scale). All 49 bars sum to 324, matching the printed total of 324 foreign tips, so reading is consistent. Page is PDF p. 15 (printed Appendix C).",
o-17d7d7c026,usa-sec-owb-ar-2012,tips_received,FY2012,actual,agree,confirmed,1,1,Appendix C (image chart labels),1,1,PDF p. 15,"Appendix C bar chart, tips by country FY2012 - Hungary",medium,1,HUNGARY bar,"Appendix C is an image bar chart without per-bar number labels; value measured from bar length against the 0-80 axis (pixel scale). All 49 bars sum to 324, matching the printed total of 324 foreign tips, so reading is consistent. Page is PDF p. 15 (printed Appendix C).",
o-603c281894,usa-sec-owb-ar-2012,tips_received,FY2012,actual,agree,confirmed,1,1,Appendix C (image chart labels),1,1,PDF p. 15,"Appendix C bar chart, tips by country FY2012 - Egypt",medium,1,EGYPT bar,"Appendix C is an image bar chart without per-bar number labels; value measured from bar length against the 0-80 axis (pixel scale). All 49 bars sum to 324, matching the printed total of 324 foreign tips, so reading is consistent. Page is PDF p. 15 (printed Appendix C).",
o-8d092769a0,usa-sec-owb-ar-2013,tips_received,FY2013,actual,agree,confirmed,1,1,"Appendix D, p. 23 (chart labels)",1,1,PDF p. 26,Indonesia,high,1,Indonesia 1,"Appendix D, printed p. 22 (location note says p. 23); counts individuals",
o-866da26cef,usa-sec-owb-ar-2013,tips_received,FY2013,actual,agree,confirmed,404,1,"Appendix D footnote, p. 23",404,1,PDF p. 26,,high,1,The total number of persons submitting WB TCRs from abroad during Fiscal Year 2013 was 404,"Appendix D footnote, printed p. 22",
o-babd393191,usa-sec-owb-ar-2013,tips_received,FY2013,actual,agree,confirmed,2,1,"Appendix D, p. 23 (chart labels)",2,1,PDF p. 26,Norway,high,1,Norway 2,"Appendix D, printed p. 22",
o-064edf5a8a,usa-sec-owb-ar-2013,tips_received,FY2013,actual,agree,confirmed,149,1,"Appendix B, p. 21 (chart labels, 2013 bars)",149,1,PDF p. 24,"FCPA, 2013 bar",medium,1,FCPA 115 / 149 (2012 / 2013),"Appendix B chart on printed p. 20; bar pair for FCPA is 115 and 149; assigned 149 to 2013 because 2013 bars sum to 3,238 (total FY2013 tips) and 2012 bars sum to 3,001",
o-63409167a6,usa-sec-owb-ar-2013,tips_received,FY2013,actual,agree,confirmed,779,1,"Appendix C footnote, p. 22",779,1,PDF p. 25,,high,1,779 individuals constituting 22.69% ... submitted WB TCRs without any foreign or domestic geographical categorization or submitted them anonymously through counsel,"Appendix C footnote, printed p. 21",
o-51a548b77f,usa-sec-owb-ar-2013,tips_received,FY2013,actual,agree,confirmed,1,1,"Appendix D, p. 23 (chart labels)",1,1,PDF p. 26,Belgium,high,1,Belgium 1,"Appendix D, printed p. 22",
o-da1ac1a687,usa-sec-owb-ar-2014,tips_received,FY2014,actual,agree,confirmed,2,1,"Appendix C, p. 29 (printed), chart labels",2,1,PDF p. 33 (printed 29),FY2014 tips by country,high,1,Qatar 2,,
o-dc883be495,usa-sec-owb-ar-2014,tips_received,FY2014,actual,agree,confirmed,29,1,"Appendix C, p. 29 (printed), chart labels",29,1,PDF p. 33 (printed 29),FY2014 tips by country,high,1,Australia 29,,
o-73262c5504,usa-sec-owb-ar-2014,tips_received,FY2014,actual,agree,confirmed,1,1,"Appendix C, p. 29 (printed), chart labels",1,1,PDF p. 33 (printed 29),FY2014 tips by country,high,1,Malta 1,,
o-c7736004b9,usa-sec-owb-ar-2014,tips_received,FY2014,actual,agree,confirmed,1,1,"Appendix C, p. 29 (printed), chart labels",1,1,PDF p. 33 (printed 29),FY2014 tips by country,high,1,Monaco 1,,
o-2d47efa5b2,usa-sec-owb-ar-2014,tips_received,FY2014,actual,agree,confirmed,1,1,"Appendix C, p. 29 (printed), chart labels",1,1,PDF p. 33 (printed 29),FY2014 tips by country,high,1,Taiwan 1,,
o-e9465e584b,usa-sec-owb-ar-2014,tips_received,FY2014,actual,agree,confirmed,2,1,"Appendix C, p. 29 (printed), chart labels",2,1,PDF p. 33 (printed 29),FY2014 tips by country,high,1,Ecuador 2,,
o-79e17daa6d,usa-sec-owb-ar-2015,tips_received,FY2015,actual,agree,confirmed,43,1,"Appendix C, chart labels",43,1,PDF p. 33,FY2015 tips by country,medium,1,"China, People's Republic of 43",chart label aligned in text layout,
o-d93f0c299e,usa-sec-owb-ar-2015,tips_received,FY2015,actual,agree,confirmed,6,1,"Appendix C, chart labels",6,1,PDF p. 33,FY2015 tips by country,medium,1,United Arab Emirates 6,chart label aligned in text layout,
o-ea469f39b8,usa-sec-owb-ar-2015,tips_received,FY2015,actual,agree,confirmed,29,1,"Appendix C, chart labels",29,1,PDF p. 33,FY2015 tips by country,medium,1,Australia 29,chart label aligned in text layout,
o-587f9888ad,usa-sec-owb-ar-2015,individuals_awarded,2011-2015,actual,agree,confirmed,22,1,"p. 10, footnote 16",22,1,PDF p. 13,,high,1,"To date, 22 individuals have received awards under the program",footnote 16 on PDF p.13; includes award issued after FY close,
o-71657e0b73,usa-sec-owb-ar-2015,tips_received,FY2015,actual,agree,confirmed,1,1,"Appendix C, chart labels",1,1,PDF p. 33,FY2015 tips by country,medium,1,Jordan 1,chart label aligned in text layout,
o-9b2dbdbab9,usa-sec-owb-ar-2015,tips_received,FY2015,actual,agree,confirmed,192,1,"Appendix A, p. 28 (printed), 2015 bars",192,1,PDF p. 31,"2015 bar, Market Event",medium,1,"Market Event: 85, 89, 139, 192 (2012-2015)",bar labels matched by x position; 2015 is 4th bar of group,
o-77ad8ee26f,usa-sec-owb-ar-2015,tips_received,FY2015,actual,agree,confirmed,11,1,"Appendix C, chart labels",11,1,PDF p. 33,FY2015 tips by country,medium,1,Chile 11,chart label aligned in text layout,
o-340b1656fe,usa-sec-owb-ar-2016,tips_received,FY2016,actual,agree,confirmed,1,1,"Appendix C, p. 33 (printed), chart labels (image)",1,1,PDF p. 37,FY2016 persons,medium,1,UKRAINE bar label 1,chart label read from OCR'd bar image glyph; printed p.33,
o-cad1f73348,usa-sec-owb-ar-2016,tips_received,2011-08-12/2016-09-30,actual,agree,confirmed,18334,1,p. 23 (printed),"18,334",1,PDF p. 27 (printed 23),Since August 2011 total,high,1,"the Commission has received a total of 18,334 whistleblower tips",,
o-61022b4cab,usa-sec-owb-ar-2016,tips_received,FY2016,actual,agree,confirmed,464,1,"Appendix C footnote, p. 33 (printed)",464,1,PDF p. 37 (printed 33),FY2016 persons from abroad,high,1,The total number of persons submitting WB TCRs from abroad during FY 2016 was 464,,
o-3beff0a5a5,usa-sec-owb-ar-2016,tips_received,FY2016,actual,agree,confirmed,1,1,"Appendix C, p. 33 (printed), chart labels (image)",1,1,PDF p. 37,FY2016 persons,medium,1,URUGUAY bar label 1,glyph read from bar-chart image,
o-e961e717a5,usa-sec-owb-ar-2016,tips_received,FY2016,actual,agree,confirmed,13,1,"Appendix C, p. 33 (printed), chart labels (image)",13,1,PDF p. 37,FY2016 persons,medium,1,TAIWAN 13,OCR label aligned by row position,
o-142aa65def,usa-sec-owb-ar-2016,tips_received,FY2016,actual,agree,confirmed,7,1,"Appendix C, p. 33 (printed), chart labels (image)",7,1,PDF p. 37,FY2016 persons,medium,1,MALAYSIA 7,glyph read from bar-chart image,
o-92dccb761e,usa-sec-owb-ar-2016,tips_received,FY2016,actual,agree,confirmed,6,1,"Appendix C, p. 33 (printed), chart labels (image)",6,1,PDF p. 37,FY2016 persons,medium,1,RUSSIA 6,glyph read from bar-chart image; could be 5 but shape is closed bowl (6),
o-d7410213b2,usa-sec-owb-ar-2017,tips_received,FY2017,actual,agree,confirmed,1,1,"Appendix C, p. 33 (printed)",1,1,PDF p. 37 (printed 33),Appendix C,high,1,MALAYSIA 1,,
o-6d12749fee,usa-sec-owb-ar-2017,tips_received,FY2017,actual,agree,confirmed,2,1,"Appendix C, p. 33 (printed)",2,1,PDF p. 37 (printed 33),Appendix C,high,1,IRAN 2,,
o-6688813ee9,usa-sec-owb-ar-2017,tips_received,FY2017,actual,agree,confirmed,14,1,"Appendix C, p. 33 (printed)",14,1,PDF p. 37 (printed 33),Appendix C,high,1,INDIA 14,,
o-08daf9cf08,usa-sec-owb-ar-2017,tips_received,FY2017,actual,agree,confirmed,1,1,"Appendix C, p. 33 (printed)",1,1,PDF p. 37 (printed 33),Appendix C,high,1,AZERBAIJAN 1,,
o-df8e30469b,usa-sec-owb-ar-2017,awards_paid_amount,2011-2017,actual,agree,confirmed,160,million,p. 10 (printed),160,million,PDF p. 14 (printed 10),,medium,1,"From program inception to end of Fiscal Year 2017, the SEC awarded approximately $160 million to 46 whistleblowers","Printed as awarded (inception to end FY2017), approx.; scale million",
o-d74f1c4ffe,usa-sec-owb-ar-2017,tips_received,FY2017,actual,agree,confirmed,3100,1,"Appendix B footnote, p. 32 (printed)","3,100",1,PDF p. 36 (printed 32),,medium,1,"total number of individuals submitting WB TCRs in the United States or a U.S. territory during FY 2017 exceeded 3,100","Printed as ""exceeded 3,100"" (individuals, US and territories); no exact figure",
o-b4b0f9314a,usa-sec-owb-ar-2017,awards_paid_amount,FY2017,actual,agree,confirmed,50,million,p. 10 (printed),50,million,PDF p. 14 (printed 10),,medium,1,"In FY 2017, the Commission ordered whistleblower awards of nearly $50 million to 12 individuals","""ordered"", not necessarily paid; approx.; scale million",
o-0338b177c0,usa-sec-owb-ar-2018,tips_received,FY2018,actual,agree,confirmed,12,1,"Appendix C, p. 34 (printed)",12,1,PDF p. 38 (printed 34),Singapore (individuals),high,1,SINGAPORE 12,,
o-fa501a060c,usa-sec-owb-ar-2018,tips_received,FY2018,actual,agree,confirmed,2,1,"Appendix C, p. 34 (printed)",2,1,PDF p. 38 (printed 34),Bulgaria (individuals),high,1,BULGARIA 2,,
o-ec9b6c9689,usa-sec-owb-ar-2018,tips_received,FY2018,actual,agree,confirmed,333,1,"p. 21 (printed), allegation chart",333,1,PDF p. 25 (printed 21),Trading and Pricing (FY2018 tips),medium,1,Trading and Pricing 333,bar chart; value matched to label by x position,
o-4baa854f53,usa-sec-owb-ar-2018,tips_received,FY2018,actual,agree,confirmed,2,1,"Appendix C, p. 34 (printed)",2,1,PDF p. 38 (printed 34),Indonesia (individuals),high,1,INDONESIA 2,,
o-92b03e27ae,usa-sec-owb-ar-2018,tips_received,FY2018,actual,agree,confirmed,1,1,"Appendix C, p. 34 (printed)",1,1,PDF p. 38 (printed 34),Iceland (individuals),high,1,ICELAND 1,,
o-99f943358f,usa-sec-owb-ar-2018,tips_received,FY2018,actual,agree,confirmed,4,1,"Appendix C, p. 34 (printed)",4,1,PDF p. 38 (printed 34),Austria (individuals),high,1,AUSTRIA 4,,
o-a3996bf2c5,usa-sec-owb-ar-2018,tips_received,FY2018,actual,agree,confirmed,2,1,"Appendix C, p. 34 (printed)",2,1,PDF p. 38 (printed 34),Panama (individuals),high,1,PANAMA 2,,
o-5c16468f6d,usa-sec-owb-ar-2018,individuals_awarded,FY2018,actual,agree,confirmed,13,1,p. 1,13,1,PDF p. 5 (printed 1),individuals awarded in FY2018,high,1,awarded more than $168 million in whistleblower awards to 13 individuals,59 individuals since inception,
o-98288702f6,usa-sec-owb-ar-2019,tips_received,FY2019,actual,agree,confirmed,1,1,"Appendix C, p. 33 (printed)",1,1,PDF p. 37,FY2019 tips by country,high,1,ARGENTINA 1,,
o-3a1ac6fd6b,usa-sec-owb-ar-2019,tips_received,FY2019,actual,agree,confirmed,131,1,"p. 24 (printed), allegation chart",131,1,PDF p. 27 (printed p. 23),Not Reported (allegation chart),medium,1,Not Reported 131,"Bar label 131 sits at x of 'Not Reported' by bbox; 1,614 is above 'Other'. Location said p.24 printed; found printed p.23.",
o-d9773aa63b,usa-sec-owb-ar-2019,tips_received,FY2019,actual,agree,confirmed,4,1,"Appendix C, p. 33 (printed)",4,1,PDF p. 37,FY2019 tips by country,high,1,SWITZERLAND 4,,
o-023888058d,usa-sec-owb-ar-2019,tips_received,FY2019,actual,agree,confirmed,2,1,"Appendix C, p. 33 (printed)",2,1,PDF p. 37,FY2019 tips by country,high,1,ROMANIA 2,,
o-f570c9986d,usa-sec-owb-ar-2019,tips_received,FY2019,actual,agree,confirmed,1,1,"Appendix C, p. 33 (printed)",1,1,PDF p. 37,FY2019 tips by country,high,1,CROATIA 1,,
o-84ea0e028d,usa-sec-owb-ar-2019,tips_received,FY2019,actual,agree,confirmed,7,1,"Appendix C, p. 33 (printed)",7,1,PDF p. 37,FY2019 tips by country,high,1,NORWAY 7,,
o-f8535d08d4,usa-sec-owb-ar-2019,tips_received,FY2019,actual,agree,confirmed,4,1,"Appendix C, p. 33 (printed)",4,1,PDF p. 37,FY2019 tips by country,high,1,JAPAN 4,,
o-ca08420b46,usa-sec-owb-ar-2020,tips_received,FY2020,actual,agree,confirmed,1,1,"Appendix C, p. 43 (printed)",1,1,PDF p. 46,FY 2020 tips by country,high,1,MONTENEGRO 1,Appendix C is printed p. 43 = PDF p. 46,
o-30352e3a2e,usa-sec-owb-ar-2020,tips_received,FY2020,actual,agree,confirmed,9,1,"Appendix C, p. 43 (printed)",9,1,PDF p. 46,FY 2020 tips by country,high,1,IRELAND 9,,
o-48d47a9628,usa-sec-owb-ar-2020,tips_received,FY2020,actual,agree,confirmed,7,1,"Appendix C, p. 43 (printed)",7,1,PDF p. 46,FY 2020 tips by country,high,1,SWITZERLAND 7,,
o-501ba24909,usa-sec-owb-ar-2020,tips_received,FY2020,actual,agree,confirmed,6,1,"Appendix C, p. 43 (printed)",6,1,PDF p. 46,FY 2020 tips by country,high,1,PHILIPPINES 6,,
o-3fcabba8ae,usa-sec-owb-ar-2020,claims_closed,FY2020,actual,agree,confirmed,197,1,p. 1,197,1,PDF p. 6,Final Orders for individual award claims,low,1,issued Final Orders for 197 individual award claims in FY 2020,"Printed p. 2 (not p. 1). Closest figure to claims closed; also 315 claims processed to Preliminary Determination, which is not a closure.",
o-9e77935af3,usa-sec-owb-ar-2020,tips_received,FY2020,actual,agree,confirmed,1078,1,"p. 28 (printed), allegation chart","1,078",1,PDF p. 32,Offering Fraud bar,high,1,"Offering Fraud 1,078",Allegation chart printed p. 28 = PDF p. 32; bar order matches labels,
o-15f1a08309,usa-sec-owb-ar-2020,tips_received,FY2020,actual,agree,confirmed,300,1,"p. 28 (printed), allegation chart",300,1,PDF p. 32,Trading and Pricing bar,medium,1,Trading and Pricing 300,"Bar values read in label order from text layer (1,710; 1,078; 942; 369; 345; 300...)",
o-bef1bcc789,usa-sec-owb-ar-2020,fund_balance,2020-09-30,actual,agree,confirmed,260281554.26,1,"p. 39 (printed), Fund table","$260,281,554.26",1,PDF p. 43,FY 2020 Balance of Fund at end of fiscal year,high,1,"Balance of Fund at end of fiscal year $ 260,281,554.26",Printed p. 39-40; PDF p. 43,
o-3633e0eedb,usa-sec-owb-ar-2021,tips_received,FY2021,actual,agree,confirmed,4,1,"Appendix C, pp. 38-39 (printed), chart image",4,1,PDF p. 42,HUNGARY,medium,1,4,"Appendix C bar chart, number printed at bar end (read by OCR/pixel measurement of bar length)",
o-890a489e10,usa-sec-owb-ar-2021,tips_received,FY2021,actual,agree,confirmed,1,1,"Appendix C, pp. 38-39 (printed), chart image",1,1,PDF p. 42,JORDAN,medium,1,1,"Appendix C bar chart, number printed at bar end (read by OCR/pixel measurement of bar length)",
o-84132ac33a,usa-sec-owb-ar-2021,tips_received,FY2021,actual,agree,confirmed,13,1,"Appendix C, pp. 38-39 (printed), chart image",13,1,PDF p. 43,TAIWAN,medium,1,13,"Appendix C bar chart, number printed at bar end (read by OCR/pixel measurement of bar length)",
o-a7a0179231,usa-sec-owb-ar-2021,tips_received,FY2021,actual,agree,confirmed,2,1,"Appendix C, pp. 38-39 (printed), chart image",2,1,PDF p. 42,BOTSWANA,medium,1,2,"Appendix C bar chart, number printed at bar end (read by OCR/pixel measurement of bar length)",
o-51eae01894,usa-sec-owb-ar-2021,tips_received,FY2021,actual,agree,confirmed,4,1,"Appendix C, pp. 38-39 (printed), chart image",4,1,PDF p. 43,LITHUANIA,medium,1,4,"Appendix C bar chart, number printed at bar end (read by OCR/pixel measurement of bar length)",
o-ab2c03fbd6,usa-sec-owb-ar-2021,tips_received,FY2021,actual,agree,confirmed,48,1,"Appendix C, pp. 38-39 (printed), chart image",48,1,PDF p. 43,RUSSIA,high,1,48,"Appendix C bar chart, number printed at bar end (read by OCR/pixel measurement of bar length)",
o-6e26140219,usa-sec-owb-ar-2021,tips_received,FY2021,actual,agree,confirmed,2,1,"Appendix C, pp. 38-39 (printed), chart image",2,1,PDF p. 42,CZECH REPUBLIC,medium,1,2,"Appendix C bar chart, number printed at bar end (read by OCR/pixel measurement of bar length)",
o-1edfc9e903,usa-sec-owb-ar-2021,tips_received,FY2021,actual,agree,confirmed,258,1,"p. 30 (printed), allegation chart",258,1,PDF p. 33,FCPA,high,1,"FCPA 258 (bar chart, descending order)","Chart is on printed p. 29 (PDF p. 33), not printed p. 30",
o-8721a36115,usa-sec-owb-ar-2021,individuals_awarded,2011-2021,actual,agree,confirmed,214,1,p. 1,214,1,PDF p. 5,,high,1,awarded more than $1.1 billion to 214 individuals,Text is on PDF p.5 (printed p. 1 of the report body),
o-66668618b3,usa-sec-owb-ar-2021,tips_received,FY2021,actual,agree,confirmed,1913,1,"p. 30 (printed), allegation chart","1,913",1,PDF p. 33,Corporate Disclosures and Financials,high,1,"Corporate Disclosures and Financials 1,913",Chart on printed p. 29 (PDF p. 33); text says 16%,
o-faa76bb3ac,usa-sec-owb-ar-2022,tips_received,FY2022,actual,agree,confirmed,202,1,"p. 6, allegation chart (image)",202,1,PDF p. 6,,medium,1,FCPA bar label 202,"chart bar label read by OCR of embedded image, matched to category by x-position",
o-8528598caf,usa-sec-owb-ar-2022,awards_paid_amount,2011-2022,actual,agree,confirmed,1.3,billion,p. 1,1.3,billion,PDF p. 1,,medium,1,the SEC has paid more than $1.3 billion in 328 awards,"Printed as ""more than $1.3 billion"" (lower bound), since beginning of program",
o-b8fd47d71a,usa-sec-owb-ar-2022,tips_received,FY2022,actual,agree,confirmed,2558,1,"p. 6, allegation chart (image)","2,558",1,PDF p. 6,,medium,1,"Manipulation bar label 2,558","chart bar label read by OCR of embedded image, matched to category by x-position; text says Manipulation 21%",
o-f7b353b47a,usa-sec-owb-ar-2022,tips_received,FY2022,actual,agree,confirmed,1718,1,"p. 6, allegation chart (image)","1,718",1,PDF p. 6,,medium,1,"Initial Coin Offerings and Cryptocurrencies bar label 1,718","chart bar label read by OCR of embedded image, matched to category by x-position; text says 14%",
o-125492e773,usa-sec-owb-ar-2022,awards_paid_amount,FY2022,actual,agree,confirmed,287212185.03,1,"p. 8, Fund table","$287,212,185.03",1,PDF p. 8,FY 2022,high,1,"Amounts paid from Fund during fiscal year to whistleblowers ($287,212,185.03)",,
o-6bbcc04e25,usa-sec-owb-ar-2022,awards_paid_amount,FY2022,actual,agree,confirmed,229,million,p. 1,229,million,PDF p. 1,,medium,1,"In FY 2022, the Commission awarded approximately $229 million in 103 awards","Approximate, ""awarded"" (not paid); 103 awards",
o-91d49023a5,usa-sec-owb-ar-2023,tips_received,FY2023,actual,agree,confirmed,4591,1,"p. 5, footnote 13","4,591",1,"PDF p. 5, fn 13","FY2023 tips, no allegation category",high,1,"There were also 4,591 whistleblower tips for which no allegation category was selected",,
o-c3709fc087,usa-sec-owb-ar-2023,tips_received,FY2023,actual,agree,confirmed,239,1,"p. 6, allegation chart (image)",239,1,PDF p. 6,Market Event bar label,medium,1,Market Event 239,"OCR of chart image (bar order Unregistered 318, Market Event 239, FCPA 237, Municipal 47); last digit checked on enlarged glyph.",
o-51bb2c0120,usa-sec-owb-ar-2023,tips_received,FY2023,actual,agree,confirmed,396,1,"p. 6, allegation chart (image)",396,1,PDF p. 6,Trading and Pricing bar label,medium,1,Trading and Pricing 396,"OCR of chart image; bar order Insider 485, Trading and Pricing 396.",
o-7bcd3afe89,usa-sec-owb-ar-2023,fund_balance,2023-09-30,actual,agree,confirmed,337707791.64,1,"p. 9, Fund table","$337,707,791.64",1,PDF p. 9,Balance of Fund at end of fiscal year,high,1,"Balance of Fund at end of fiscal year $337,707,791.64",,
o-c27755707a,usa-sec-owb-ar-2023,tips_received,FY2023,actual,agree,confirmed,237,1,"p. 6, allegation chart (image)",237,1,PDF p. 6,FCPA bar label,medium,1,FCPA 237,"OCR of chart image; third digit glyph matches the 7 of 4,337, not 1 or 9. Bar order Market Event 239, FCPA 237, Municipal 47.",
o-0c0d87bdd2,usa-sec-owb-ar-2023,individuals_awarded,2011-2023,actual,agree,confirmed,397,1,p. 1,397,1,PDF p. 1,individual whistleblowers since 2011,high,1,awarded more than $1.9 billion to 397 individual whistleblowers since the beginning of the Program in 2011,,
o-3b7014fde7,usa-sec-owb-ar-2024,tips_received,FY2024,actual,agree,confirmed,2069,1,"p. 12, allegation chart (image)","2,069",1,PDF p. 12,"Bar value label, Corporate Disclosure and Financials",medium,1,"allegation chart bar label 2,069 (above x-label Corporate Disclosure and Financials)","Image chart read by OCR; whether label prints with comma (2,069) is uncertain. Sanity: text says 8% of ~24,980 tips.",
o-737354ea8e,usa-sec-owb-ar-2024,tips_received,FY2023,actual,agree,confirmed,7000,1,"p. 11, footnote 32","nearly 7,000",1,PDF p. 11,footnote 32,high,1,"The same two individuals accounted for nearly 7,000 of the 18,354 whistleblower tips submitted in FY 2023.","Footnote 32 is attached to FY2024 text; the nearly 7,000 figure relates to FY2023.",
o-adc4502d9e,usa-sec-owb-ar-2024,tips_received,FY2024,actual,agree,confirmed,557,1,"p. 12, allegation chart (image)",557,1,PDF p. 12,"Bar value label, FCPA",medium,1,allegation chart bar label 557 above FCPA,"Image chart read by OCR; label read as 557 (low-contrast, small).",
o-7a031740ee,usa-sec-owb-ar-2024,tips_received,FY2024,actual,agree,confirmed,4200,1,"p. 11, footnote 34","approximately 4,200",1,PDF p. 11,footnote 34,high,1,"There were also approximately 4,200 whistleblower tips for which no allegation category was selected",Printed as approximate.,
o-16b952ff0c,usa-sec-owb-ar-2024,awards_paid_amount,FY2024,actual,agree,confirmed,575226473.4,1,"p. 13, Fund table (image)","(575,226,473.40)",1,PDF p. 13,Amounts paid from Fund during fiscal year to whistleblowers,medium,1,"Amounts paid from Fund during fiscal year to whistleblowers $ (575,226,473.40)","Image table read by OCR; digits cross-checked by arithmetic: fund lines (337,707,791.64 + 37,597,710.00 + 256,849,828.13 + 19,291,849.03 - 28,554,863.00 - X + 14,171,581.14 - 23,603.98) = 61,813,819.56 gives X = 575,226,473.40. Printed in parentheses (a deduction). The line Amounts estimated to be paid ... is separate (14,171,581.14).",
o-e78cf63a47,usa-sec-owb-ar-2024,claims_closed,FY2024,actual,agree,confirmed,163,1,p. 2,163,1,PDF p. 2,text,high,1,The Commission issued 163 Final Orders in FY 2024.,"Final Orders issued on award claims, as the unit says orders.",
o-0cc4e997c8,usa-sec-owb-ar-2025,award_claims_denied,FY2025,actual,agree,confirmed,275,1,p. 3,275,1,PDF p. 3,,high,1,the Commission issued Final Orders denying awards to 275 individuals,Final Orders denying awards to individuals,
o-6ea7823e41,usa-sec-owb-ar-2025,fund_balance,2025-09-30,actual,agree,confirmed,318540678.5,1,"p. 7, Fund table","$318,540,678.50",1,PDF p. 7,FY 2025,high,1,"Balance of Fund at end of the fiscal year $318,540,678.50",,
o-f96d13ec8f,usa-sec-owb-ar-2025,awards_paid_amount,FY2025,actual,agree,confirmed,60,million,p. 1,60,million,PDF p. 1,,high,1,awarded a total of more than $60 million to 48 individual whistleblowers,Printed as 'more than $60 million' (lower bound),
o-bdb3ebbc1d,usa-sec-owb-ar-2025,tips_received,FY2025,actual,agree,confirmed,27000,1,p. 4,"27,000",1,PDF p. 4,,high,1,"received approximately 27,000 whistleblower tips",Approximate,
o-b79bb8da9c,usa-sec-owb-ar-2025,tips_received,FY2025,actual,agree,confirmed,12000,1,p. 4,"12,000",1,PDF p. 4,,high,1,"Approximately 12,000 of the FY 2025 tips were attributable to two individuals",Approximate,
o-6e73abad1e,usa-sec-owb-ar-2025,awards_paid_amount,FY2025,actual,agree,confirmed,170221335.88,1,"pp. 6-7, Fund table","($170,221,335.88)",1,PDF p. 7,FY 2025,high,1,"Amounts paid from Fund during fiscal year to whistleblowers ($170,221,335.88)","Table spans pp.6-7; this line is on p.7. A further $104,916,973.96 is 'estimated to be paid'.",
o-72d9b257c0,usa-tigta-wbo-audit-2023,awards_paid_amount,2017-10/2021-06,actual,agree,confirmed,474.9,million,"PDF p. 16, Figure 7",$474.9,million,PDF p. 16,"Award Total (in millions), 7623(b)",high,1,7623(b) 126 17% $474.9 94%,,
o-5c003fad5f,usa-tigta-wbo-audit-2023,claims_referred_to_exam,FY2018-FY2021,actual,agree,confirmed,1243,1,"PDF p. 12, Figure 4","1,243",1,PDF p. 12,"Section 7623(b) Claims Referred, Total",high,1,"Total 41,069 2,909 7% 5,733 1,243 22%","Figure 4 total row; 5,733 claims submitted, 22% referred",
o-3f4ecd4774,usa-tigta-wbo-audit-2023,awards_paid_count,2017-10/2021-06,actual,agree,confirmed,126,1,"PDF p. 16, Figure 7 ""Whistleblower Awards Paid by I.R.C. Section, October 1, 2017, to June 30, 2021""",126,1,PDF p. 16,"Award Number, 7623(b)",high,1,7623(b) 126 17% $474.9 94%,,
o-a8f18ce3ab,usa-tigta-wbo-audit-2023,claims_referred_to_exam,FY2018-FY2021,actual,agree,confirmed,2909,1,"PDF p. 12, Figure 4","2,909",1,PDF p. 12,"Section 7623(a) Claims Referred, Total",high,1,"Total 41,069 2,909 7% 5,733 1,243 22%","Figure 4 total row; 41,069 claims submitted",
o-8871397af2,usa-tigta-wbo-audit-2023,awards_paid_count,2017-10/2021-06,actual,agree,confirmed,752,1,"PDF p. 16, Figure 7 ""Whistleblower Awards Paid by I.R.C. Section, October 1, 2017, to June 30, 2021""",752,1,PDF p. 16,"Award Number, Totals",high,1,Totals 752 100% $507.5 100%,,
o-1b94531949,usa-tigta-wbo-audit-2023,processing_time,2023,actual,agree,confirmed,9,1,"PDF p. 8, Whistleblower claims process",nine,1,PDF p. 8,"average years from submission to payment, Section 7623(a)",high,1,"The time from submission to payment averages nine and eleven years on Section 7623(a) and Section 7623(b) claims, respectively.",printed as word 'nine' (=9) years; submission to final award payment,
