case_id,jurisdiction,program_id,date,date_precision,whistleblower,target,summary,sanctions_amount,award_amount,award_pct,currency,outcome,source_id,location,quote,notes
c-8d4482243d,CAN,can-osc-wb,2019-02-27,day,,,"First awards by a Canadian securities regulator: three whistleblowers on separate matters, total CAD 7,499,000.",,7499000,,CAD,awarded,can-osc-nr-award-2019-02-27,"news release, para 1","The Ontario Securities Commission (OSC) announced today that it has awarded CAD $7,499,000 to three whistleblowers on separate matters.",Three separate matters announced together; per-matter split not published.
c-3806e64152,CAN,can-osc-wb,2020-04-06,day,,,Award to a company outsider who used industry expertise to identify irregularities.,,525000,,CAD,awarded,can-osc-nr-award-2020-04-06,"news release, para 1","The Ontario Securities Commission (OSC) has awarded CAD $525,000 to a company outsider who used their industry expertise to identify irregularities.",
c-999bcb7707,CAN,can-osc-wb,2020-11-17,day,,,Total award to three whistleblowers whose technical analysis opened or broadened investigations.,,585000,,CAD,awarded,can-osc-nr-award-2020-11-17,"news release, para 1","The Ontario Securities Commission (OSC) has awarded a total of CAD $585,000 to three whistleblowers",
c-eba8a023a1,CAN,can-osc-wb,2022-03-01,day,,,Award to joint whistleblowers outside Canada whose tip opened a new investigation.,,240000,,CAD,awarded,can-osc-nr-award-2022-03-01,"news release, para 1","The Ontario Securities Commission (OSC) has issued an award of $240,000 to joint whistleblowers",Tip originated from outside Canada.
c-af3cd21ca2,CAN,can-osc-wb,2023-03-20,day,,,Award to an insider whose detailed information led to a successful enforcement action.,,481000,,CAD,awarded,can-osc-nr-award-2023-03-20,"news release, para 1","The Ontario Securities Commission (OSC) has awarded approximately $481,000 to a whistleblower",Approximate amount.
c-aa2ac08c78,CAN,can-osc-wb,2024-02-27,day,,,Award to an insider whose non-public information broadened an existing investigation.,,1500000,,CAD,awarded,can-osc-nr-award-2024-02-27,"news release, para 1","The Ontario Securities Commission (OSC) issued an award of CAD $1,500,000 to a whistleblower",
c-1ba7593e69,CAN,can-osc-wb,2024-05-15,day,,,Award to a senior whistleblower whose information led the OSC to have a firm rectify a compliance issue.,,300000,,CAD,awarded,can-osc-nr-award-2024-05-15,"news release, para 1","The Ontario Securities Commission (OSC) has issued an award of $300,000 to a whistleblower",
c-087c769eba,CAN,can-osc-wb,2024-10-23,day,,,Award to an international whistleblower (not an employee) about issues at an early-stage firm.,,150000,,CAD,awarded,can-osc-nr-award-2024-10-23,"news release, para 1","The Ontario Securities Commission (OSC) has issued an award of nearly $150,000 to an international whistleblower","'nearly': the exact figure is a little below 150,000."
c-d829f84f66,CHE,,2015-11-27,day,Hervé Falciani,HSBC (Swiss private bank),"The Swiss Federal Criminal Court convicted former HSBC IT employee Hervé Falciani in his absence of aggravated economic espionage over the leaked client data ('HSBC files') and sentenced him to five years; he was acquitted of the other charges and lived in France, out of reach of extradition. No reward.",,,,CHF,reported,che-srf-falciani-2015,paras 1-4,Das Bundesstrafgericht hat den früheren HSBC-Mitarbeiter Hervé Falciani wegen Wirtschaftsspionage zu einer Freiheitsstrafe von fünf Jahren verurteilt.,"Contrast case: prosecuted, not rewarded. Court judgment itself (SK.2014.46) not retrieved."
c-e11d7a5976,CHE,,2018-10-10,day,Rudolf Elmer,Bank Julius Bär & Co. AG / Julius Baer Bank & Trust Company Ltd. (Cayman Islands),"Rudolf Elmer, former chief accountant of Julius Bär's Cayman Islands subsidiary, was prosecuted in Zurich for leaking client data to tax authorities, media and WikiLeaks. Zurich courts convicted him in 2011 and 2015 (suspended day-fines); in 2016 the Zurich High Court acquitted him of bank-secrecy offences but gave him a suspended 14-month sentence for threats and forgery, with 220 days already served in pre-trial detention. The Federal Supreme Court upheld the bank-secrecy acquittal in 2018. No reward.",,,,CHF,reported,che-bger-bge-145-iv-114-2018,Sachverhalt D.b (BGE 145 IV 114 S. 121-122),"fällte sie eine Freiheitsstrafe von 14 Monaten, wovon 220 Tage durch Untersuchungshaft erstanden seien.","The judgment is anonymised ('X.'); Elmer went public himself and is named for this ruling by law.ch (che-lawch-elmer-2018). Earlier sentences in the same judgment: 240 day-fines of CHF 30 (2011) and 300 day-fines of CHF 150 (2015), both suspended."
c-99fb9a7d63,KOR,kor-acrc-rewards,2015-07,month,,,"Largest reward in the system's history at the time, paid for a corruption report.",,1160000000,,KRW,awarded,kor-acrc-ar-2015,PDF p. 35,"In particular, with the payment of the largest reward in history (1.16 billion KRW) in July 2015, the amount of reward paid has increased significantly.",Case details not given in the report.
c-6d47d1bbf7,LUX,,2018-01-11,day,Antoine Deltour,PricewaterhouseCoopers (PwC) Luxembourg,"LuxLeaks: Antoine Deltour, the former PwC auditor who took the tax rulings, was convicted in 2016 (12-month suspended sentence and EUR 1,500 fine). On 11 January 2018 Luxembourg's Court of Cassation quashed his conviction on whistleblower grounds, and in May 2018 the Court of Appeal acquitted him of the offences linked to the documents given to the journalist. He was never before the ECHR: the 2023 Grand Chamber case was Halet's. No reward.",,,,EUR,reported,intl-echr-halet-gc-2023,paras 19 and 46-48,"A.D. was sentenced to a twelve-month prison term, suspended in its entirety, and to a fine of EUR 1,500.","The judgment calls him 'A.D.'; he went public himself and is named by Paperjam (lux-paperjam-halet-2023: 'Deltour was then recognised as a whistleblower by the Court of Cassation'). Correction to the brief: the 2023 ECHR acquittal-type ruling concerned Halet, not Deltour. A remaining conviction over internal training documents ended with the sentence suspended (para 48)."
c-9e138ebc5e,LUX,,2023-02-14,day,Raphaël Halet,PricewaterhouseCoopers (PwC) Luxembourg,"LuxLeaks: Raphaël Halet, a former PwC employee who passed tax returns to a journalist, was convicted in Luxembourg (fine of EUR 1,000 after appeal). The ECHR Grand Chamber held 12 votes to 5 that the conviction violated freedom of expression and awarded him EUR 15,000 for non-pecuniary damage and EUR 40,000 in costs. No reward.",,,,EUR,reported,intl-echr-halet-gc-2023,"operative provisions, points 1-2","Holds, by twelve votes to five, that there has been a violation of Article 10","Damages, not a reward. Halet is named in the judgment."
c-45df0336a3,USA,usa-fca-qui-tam,2003-06-26,day,,HCA Inc. (formerly Columbia/HCA),"Hospital cost-report fraud and kickbacks; $631 million civil FCA settlement (plus a separate $250 million CMS administrative settlement; $1.7 billion total recovered from HCA across the investigation). Whistleblowers received a combined $151,591,500, described as the highest combined qui tam award ever paid at the time; relators James Alderson and John Schilling received $100 million of it.",631000000,151591500,,USD,settled,usa-doj-pr-hca-2003,press release text,"Under the settlement, the whistleblowers will receive a combined share of $151,591,500, the highest combined qui tam award ever paid out by the government.","Relators Alderson and Schilling named by DOJ (they received $100 million combined); other relators not named in the release. Amounts written with a bare ""$"" in a U.S. Justice Department release; currency left unspecified per dataset rule (in practice U.S. dollars)."
c-f7b1de44ce,USA,usa-fca-qui-tam,2009-01-15,day,,Eli Lilly and Company,"Off-label promotion of Zyprexa; $1.415 billion total incl. up to $800 million civil settlement resolving four qui tam suits (federal share $438,171,544). Relators received $78,870,877 from the federal share.",800000000,78870877,,USD,settled,usa-doj-pr-lilly-2009,press release text,"The qui tam relators will receive $78,870,877 from the federal share of the settlement amount.","sanctions_amount = civil settlement ""up to $800 million"" (federal + participating states). Amounts written with a bare ""$"" in a U.S. Justice Department release; currency left unspecified per dataset rule (in practice U.S. dollars)."
c-f5822efab6,USA,usa-irs-wbo,2009-02-18,day,,UBS AG,"UBS, Switzerland's largest bank, entered a deferred prosecution agreement for helping US clients hide accounts from the IRS, agreed to hand over client names and to pay $780 million. The release also notes that former UBS banker Bradley Birkenfeld had pleaded guilty in June 2008.",780000000,,,USD,settled,usa-doj-ubs-dpa-pr-2009,para 2 (subheading and second paragraph),"As part of the deferred prosecution agreement, UBS has further agreed to pay $780 million in fines, penalties, interest and restitution.",Printed as '$780 million'. DOJ does not call Birkenfeld a whistleblower in this release; his information is credited in the IRS award (see AP row). Not itself a whistleblower award; listed as the case behind the IRS's largest award.
c-00f98c575e,USA,usa-sec-wb,2009-08-31,day,Harry Markopolos,Bernard L. Madoff Investment Securities (Bernard Madoff),"Harry Markopolos warned the SEC in May 2000, March 2001 and October 2005 ('The World's Largest Hedge Fund is a Fraud', about 30 red flags). The SEC's inspector general found the SEC never ran a competent investigation before Madoff confessed in December 2008. No reward: the SEC programme did not exist until 2010.",,,,USD,reported,usa-sec-oig-madoff-report-2009,"Executive summary, report p. 21 (PDF p. 41)",The complaint submitted in 2005 was entitled “The World’s Largest Hedge Fund is a Fraud” and detailed approximately 30 red flags indicating that Madoff was operating a Ponzi scheme,Markopolos is named throughout the OIG report. 'No reward' is a statement of context (the Dodd-Frank programme came in 2010); no award source exists.
c-194232530f,USA,usa-fca-qui-tam,2009-09-02,day,,Pfizer Inc. and Pharmacia & Upjohn Company Inc.,"Off-label promotion of Bextra, Geodon, Zyvox and Lyrica; $2.3 billion global resolution, of which $1 billion civil FCA settlement (federal share $668,514,830). Six whistleblowers (qui tam suits in D. Mass., E.D. Pa., E.D. Ky.) shared more than $102 million from the federal share.",1000000000,102000000,,USD,settled,usa-doj-pr-pfizer-2009,press release text,"As a part of today’s resolution, six whistleblowers will receive payments totaling more than $102 million from the federal share of the civil recovery.","sanctions_amount = civil FCA settlement ($1 billion: federal $668,514,830 + state Medicaid $331,485,170); criminal fine and forfeiture of $1.3 billion excluded. Award is ""more than $102 million"" (lower bound). Amounts written with a bare ""$"" in a U.S. Justice Department release; currency left unspecified per dataset rule (in practice U.S. dollars)."
c-bd5f36cd30,USA,usa-fca-qui-tam,2009-09-02,day,,Pfizer Inc. and Pharmacia & Upjohn Company Inc.,"Pfizer paid $2.3 billion over illegal promotion of Bextra and other drugs, then DOJ's largest health care fraud settlement, including a $1 billion civil False Claims Act settlement triggered by qui tam suits. Six whistleblowers received more than $102 million from the federal share.",2300000000,102000000,,USD,awarded,usa-doj-pfizer-pr-2009,paras 1 and 4,"As a part of today’s resolution, six whistleblowers will receive payments totaling more than $102 million from the federal share of the civil recovery.",Printed as '$2.3 billion' and 'more than $102 million' (six relators combined). Names not given by DOJ.
c-5deb7b6017,USA,usa-fca-qui-tam,2010-04-27,day,James Wetta,AstraZeneca LP and AstraZeneca Pharmaceuticals LP,"Off-label marketing of Seroquel; $520 million civil settlement (federal $301,907,007). The whistleblower, James Wetta (named by DOJ), received more than $45 million from the federal share.",520000000,45000000,,USD,settled,usa-doj-pr-astrazeneca-2010,press release text,"As part of today’s resolution, James Wetta, the whistleblower in that action, will receive more than $45 million from the federal share of the civil recovery.","Whistleblower named in the DOJ press release. Award is a lower bound (""more than""). Amounts written with a bare ""$"" in a U.S. Justice Department release; currency left unspecified per dataset rule (in practice U.S. dollars)."
c-59bcdae4ac,USA,usa-fca-qui-tam,2010-10-26,day,Cheryl Eckard,SB Pharmco Puerto Rico Inc. (GlaxoSmithKline),"GSK's subsidiary pleaded guilty over adulterated drugs from its Cidra, Puerto Rico plant; $150 million criminal fine and forfeiture plus a $600 million civil settlement. Whistleblower Cheryl Eckard, named by DOJ, received about $96 million.",750000000,96000000,,USD,awarded,usa-doj-gsk-sb-pharmco-pr-2010,paras 1 and 7,"As part of today’s resolution, the whistleblower - Cheryl Eckard - will receive approximately $96 million from the federal share of the settlement amount.",Printed as '$750 Million' (headline) and 'approximately $96 million'.
c-9d7cd3a234,USA,usa-fca-qui-tam,2012-05-07,day,,Abbott Laboratories Inc.,"Off-label promotion of Depakote; $1.5 billion global resolution incl. $800 million civil settlements (federal $560,851,357; states $239,148,643). Whistleblowers received $84 million from the federal share.",800000000,84000000,,USD,settled,usa-doj-pr-abbott-2012,press release text,"As part of today’s resolution, the whistleblowers will receive $84 million from the federal share of the settlement amount.","sanctions_amount = civil settlements (federal + states). Amounts written with a bare ""$"" in a U.S. Justice Department release; currency left unspecified per dataset rule (in practice U.S. dollars)."
c-a84d604404,USA,usa-fca-qui-tam,2012-07-02,day,,GlaxoSmithKline LLC,"Unlawful promotion of prescription drugs (Paxil, Wellbutrin, others), failure to report Avandia safety data, false price reporting; $3 billion total incl. $2 billion civil FCA and state settlements. Off-label part resolved four qui tam suits in D. Mass.",2000000000,,,USD,settled,usa-doj-pr-gsk-2012,press release text,"GSK will also pay $2 billion to resolve its civil liabilities with the federal government under the False Claims Act, as well as the states.","The DOJ release does not state the relators' share; not found in an official source in this pass. Criminal fine $956,814,400 and forfeiture $43,185,600 excluded from sanctions_amount. Amounts written with a bare ""$"" in a U.S. Justice Department release; currency left unspecified per dataset rule (in practice U.S. dollars)."
c-ddce0c7731,USA,usa-fca-qui-tam,2012-07-02,day,,GlaxoSmithKline LLC,"GSK pleaded guilty and paid $3 billion ($1 billion criminal, $2 billion civil) over off-label promotion of Paxil and Wellbutrin, Avandia safety data and price reporting, then the largest health care fraud settlement in US history. The off-label part resolved four qui tam suits.",3000000000,,,USD,settled,usa-doj-gsk-pr-2012,para 1; off-label section (paragraph after the $1.043 billion figure),"This off-label civil settlement resolves four lawsuits pending in federal court in the District of Massachusetts under the qui tam, or whistleblower, provisions of the False Claims Act",Printed as '$3 billion'. The DOJ release does not state the relators' share; see Management Today row.
c-67433ef9e7,USA,usa-fca-qui-tam,2012-07-04,day,Blair Hamrick; Thomas Gerahty; Matthew Burke; Greg Thorpe,GlaxoSmithKline LLC,Four former GSK employees were reported to share about $250 million from the 2012 settlement as qui tam relators.,3000000000,250000000,,USD,reported,gbr-managementtoday-gsk-relators-2012,paras 1-2,That's how much money four employees will share after giving evidence that helped US authorities build a case against GlaxoSmithKline's sales practices.,Award printed as '$250m' (headline and 'Stat of the day: $250m'). Secondary report; the names are as published by the magazine (the relators spoke publicly).
c-b92cc2b682,USA,usa-sec-wb,2012-08-21,day,,,"First SEC whistleblower award: 30% (the maximum) of sanctions collected in an action that stopped an ongoing multi-million dollar fraud; court ordered over $1 million in sanctions, about $150,000 collected by year end.",1000000,50000,30,USD,awarded,usa-sec-owb-ar-2012,"p. 8, Section V","on August 21, 2012, the whistleblower was paid nearly $50,000","Exchange Act Release No. 67698. Report says the award was ""nearly $50,000"" and sanctions ""more than $1 million"" (values here are those round figures); an additional payment of over $500 followed in Sept 2012. A second claimant was denied."
c-f856699308,USA,usa-irs-wbo,2012-08-27,day,,,"IRS paid a whistleblower award of US$104 million; the whistleblower gave a limited privacy waiver so the IRS could confirm the payment. Widely reported as Bradley Birkenfeld, the former UBS banker whose information exposed UBS secret Swiss accounts held by US taxpayers; the IRS report itself does not name him or the target.",,104,,USD,awarded,usa-irs-wbo-ar-fy2012,"PDF p. 10, footnote 11","One claim paid in FY 2012 was accompanied by a limited privacy waiver that permits the IRS to confirm that, on August 27, 2012, the IRS paid an award of $104 million to a whistleblower.",award_amount scale: million. Name and target (UBS) not in the IRS document; see the reported row for the identification.
c-365aae9cfc,USA,usa-irs-wbo,2012-09-11,day,Bradley Birkenfeld,UBS AG,"The IRS paid former UBS banker Bradley Birkenfeld $104 million for information on US tax evasion at UBS, then the largest IRS award. He had himself served about two and a half years in prison for conspiracy in the same matter. The IRS confirmed the award because he signed a disclosure waiver.",780000000,104000000,,USD,awarded,intl-csmonitor-ap-birkenfeld-award-2012,paras 1-2,The U.S. tax agency has awarded a former Swiss banker $104 million for providing information about overseas tax cheats — the largest amount ever awarded by the Internal Revenue Service,"Amounts as printed: '$104 million' award; '$780 million fine' against UBS. Reported by AP, announced by his lawyers; the IRS does not publish award orders. Prison: DOJ release of 2009-08-21 (40 months, see events)."
c-a54550e347,USA,usa-irs-wbo,2012-09-11,day,Bradley Birkenfeld,UBS AG,"Former UBS banker Bradley Birkenfeld, who exposed UBS help for US clients hiding money in Swiss accounts (and served prison time for helping a client evade tax), announced through his lawyer that the IRS awarded him US$104 million.",740,104,,USD,reported,usa-jurist-birkenfeld-2012,"Article, para. 1",An attorney for former UBS banker Bradley Birkenfeld announced on Tuesday that the US Internal Revenue Service (IRS) awarded Birkenfeld $104 million for information leading to an agreement between UBS and the IRS for $740 million in fines and penalties,Amounts in USD million. Birkenfeld went public himself. The IRS FY2012 report confirms a $104 million payment on 27 Aug 2012 under a privacy waiver (case irs-2012-08-27-104m). DOJ press release on the Feb 2009 UBS deferred prosecution agreement ($780 million) could not be fetched (bot check); the $740 million here is the reporter's figure.
c-8d3bdcc080,USA,usa-sec-wb,2013-06-12,day,,,Award to three whistleblowers who helped the SEC shut down a sham hedge fund; further payouts approved 30 Aug 2013 from money collected in a related criminal case.,,,,USD,awarded,usa-sec-owb-ar-2013,p. 16,"On June 12, 2013, the Commission announced it had issued an award to three whistleblowers who helped the Commission shut down a sham hedge fund",Amount not given in the annual report.
c-e21fb4c2e2,USA,usa-sec-wb,2013-10-01,day,,,"Largest award to that date: over $14 million to a whistleblower whose tip led, within six months, to an action that recovered substantial investor funds.",,14000000,,USD,awarded,usa-sec-owb-ar-2013,p. 16,"On October 1, 2013, the Commission announced it had made the largest whistleblower award to date, awarding over $14 million to a whistleblower",Report says 'over $14 million'. Award dated 30 Sept 2013 (p. 2).
c-322e0adc7d,USA,usa-sec-wb,2013-10-30,day,,,"$150,000 to a whistleblower whose tip let the SEC obtain emergency relief against a scheme defrauding investors.",,150000,,USD,awarded,usa-sec-owb-ar-2014,p. 12 (printed),"On October 30, 2013, the Commission awarded a whistleblower $150,000",
c-f9b11040bc,USA,usa-sec-wb,2013-10-30,day,,,Further award payment to a whistleblower whose information and cooperation halted an ongoing fraudulent scheme (paid after FY2013 end).,,,,USD,awarded,usa-sec-owb-ar-2013,p. 16,"On October 30, 2013, the Commission announced it made another award payment to a whistleblower",Amount not given in the report.
c-6de6a184aa,USA,usa-fca-qui-tam,2013-11-04,day,,"Johnson & Johnson, Janssen Pharmaceuticals, Scios","Off-label marketing and kickbacks (Risperdal, Invega, Natrecor; kickbacks to Omnicare); more than $2.2 billion global resolution incl. $1.72 billion civil settlements. Whistleblowers in E.D. Pa. ($112 million), D. Mass. ($27.7 million) and N.D. Cal. ($28 million) paid from the federal share.",1720000000,167700000,,USD,settled,usa-doj-pr-jnj-2013,press release text,"From the federal government’s share of the civil settlements announced today, the whistleblowers in the Eastern District of Pennsylvania will receive $112 million, the whistleblowers in the District of Massachusetts will receive $27.7 million and the whistleblower in the Northern District of California will receive $28 million.","award_amount is the sum of the three stated relator payments ($112M + $27.7M + $28M), computed here, not printed in the source. sanctions_amount = civil settlements with federal government and states ""totaling $1.72 billion"". Amounts written with a bare ""$"" in a U.S. Justice Department release; currency left unspecified per dataset rule (in practice U.S. dollars)."
c-5ffbfab918,USA,usa-cftc-wb,2014,year,,,"First CFTC whistleblower award, paid in FY2014 in an unlawful trading case.",,246000,,USD,awarded,usa-cftc-wb-ar-2014,p. 2 and p. 4,The Commission paid one whistleblower award during the Period in an unlawful trading case.,"Amount from the Fund table ('Amount paid from the Fund to whistleblowers during the Period: ($246,000)'). Exact date not given."
c-1e2eebd6bd,USA,usa-sec-wb,2014-05-12,day,,,"Final Order denying one individual's claims in 143 matters for false or frivolous submissions, and barring the person from future awards.",,,,USD,denied,usa-sec-owb-ar-2014,p. 14 (printed),a Final Order of the Commission was issued denying an individual's claims for award in connection with 143 different NoCAs,
c-11eb810f7e,USA,usa-cftc-wb,2014-05-19,day,,,CFTC Final Order/Award Determination granting an award (amount not listed; see redacted order).,,,,USD,awarded,usa-cftc-wb-orders-list-2026,whistleblower.gov/orders table,WB-APP 2014-02-19-01 Press Release: CFTC Issues First Whistleblower Award | 2014-05-19 | Granted,Order WB-APP 2014-02-19-01 Press Release: CFTC Issues First Whistleblower Award; result 'Granted'; released 02/28/2018; PDF https://www.whistleblower.gov/sites/whistleblower/files/Final%20Orders/wb-app-2014-02-19-01.pdf
c-3e44003f62,USA,usa-sec-wb,2014-06-03,day,,,"$875,000 shared evenly by two whistleblowers who acted together.",,875000,,USD,awarded,usa-sec-owb-ar-2014,p. 12 (printed),"On June 3, 2014, the Commission awarded a total of $875,000, to be shared by two whistleblowers.",
c-3a6c63ecc3,USA,usa-sec-wb,2014-07-22,day,,,"Three whistleblowers awarded collectively 30% of sanctions collected (15%, 10% and 5%).",,,30,USD,awarded,usa-sec-owb-ar-2014,pp. 11-12 (printed),the Commission awarded three whistleblowers collectively 30% of the recoveries in an SEC action,Dollar amount not given.
c-7c8ed17ced,USA,usa-sec-wb,2014-07-31,day,,,Award to a whistleblower who reported to the SEC after the company failed to fix the issue internally; SEC waived the 'voluntary' requirement.,,400000,,USD,awarded,usa-sec-owb-ar-2014,p. 11 (printed),"On July 31, 2014, the Commission awarded more than $400,000 to a whistleblower","SEC Rel. No. 72727, File No. 2014-8. 'More than $400,000'."
c-1087530faf,USA,usa-sec-wb,2014-08-29,day,,,Award to a person with compliance/internal audit duties who reported internally at least 120 days before going to the SEC; a second claimant was denied.,,300000,,USD,awarded,usa-sec-owb-ar-2014,p. 11 (printed),"the Commission had made an award of over $300,000 to a whistleblower","SEC Rel. No. 72947, File No. 2014-9. 'Over $300,000'."
c-85f2a1e850,USA,usa-sec-wb,2014-09-22,day,,,Largest award to that date: more than $30 million to a whistleblower living abroad whose information exposed a substantial ongoing fraud; award reduced for unreasonable delay in reporting.,,30000000,,USD,awarded,usa-sec-owb-ar-2014,pp. 10-11 (printed),"On September 22, 2014, the Commission authorized an award of more than $30 million to a whistleblower","SEC Rel. No. 73174, File No. 2014-10. 'More than $30 million'. Fourth award to a foreign resident."
c-1e8563401d,USA,usa-sec-wb,2015-03-02,day,,,Half-million dollar award to a former company officer (first award to an officer under the 120-day exception).,,500000,,USD,awarded,usa-sec-owb-ar-2015,p. 11 (printed),the Commission made a half-million dollar award to a former company officer,"Exchange Act Rel. No. 74404, File No. 2015-1."
c-b682d78217,USA,usa-sec-wb,2015-04-22,day,,,More than a million dollars to a compliance professional; first use of the 'substantial injury' exception.,,1000000,,USD,awarded,usa-sec-owb-ar-2015,p. 11 (printed),the Commission awarded more than a million dollars to a compliance professional,"Exchange Act Rel. No. 74781, File No. 2015-2. 'More than a million dollars'."
c-d6c52cb1b0,USA,usa-cftc-wb,2015-04-23,day,,Deutsche Bank AG,"The CFTC fined Deutsche Bank $800 million for manipulating and falsely reporting LIBOR and Euribor from at least 2005 to early 2011, then the largest fine in CFTC history; the CFTC said it had imposed over $4 billion in penalties on 13 banks and brokers for LIBOR and FX benchmark abuses.",800000000,,,USD,settled,usa-cftc-libor-deutsche-pr-7159-15,headline and para 2,This Order requires Deutsche Bank to pay a civil monetary penalty of $800 million,Printed as '$800 million'. The enforcement action reported to underlie the 2021 record CFTC award (not confirmed by the CFTC).
c-a75a2a8512,USA,usa-sec-wb,2015-04-28,day,,"Paradigm Capital Management, Inc. and Candace King Weir","Maximum 30% award in the Paradigm Capital Management case, the SEC's first anti-retaliation case; whistleblower received over $600,000.",,600000,30,USD,awarded,usa-sec-owb-ar-2015,p. 10 (printed),"The whistleblower received over $600,000 for providing key original information","Exchange Act Rel. No. 74826, File No. 2015-4. Case name public because the enforcement action was already public. 'Over $600,000'."
c-a6ab8b0f7a,USA,usa-sec-wb,2015-07-17,day,,,"Third-largest award to that date, to a company insider who exposed a complex fraud that also led to related actions.",,3000000,,USD,awarded,usa-sec-owb-ar-2015,p. 11 (printed),The whistleblower received an award exceeding $3 million.,"Exchange Act Rel. No. 75477, File No. 2015-5. 'Exceeding $3 million'."
c-ccba516d22,USA,usa-sec-wb,2015-08-05,day,,,Final Order denying one individual's claims in 25 matters for false statements and barring future awards.,,,,USD,denied,usa-sec-owb-ar-2015,p. 14 (printed),a Final Order of the Commission was issued denying another individual's claims in connection with 25 NoCAs,
c-b193e09c38,USA,usa-sec-wb,2015-09-28,day,,,Award of 20% to two foreign nationals who reported jointly (11% and 9%).,,,20,USD,awarded,usa-sec-owb-ar-2015,p. 12 (printed),the Commission issued an award of 20% to two foreign nationals who jointly reported information,Amount not given.
c-53de42f623,USA,usa-sec-wb,2015-09-29,day,,,Award of 28% to a whistleblower.,,,28,USD,awarded,usa-sec-owb-ar-2015,p. 12 (printed),the Commission issued a Final Order authorizing an award of 28% to a whistleblower,Amount not given.
c-c835b756ae,USA,usa-cftc-wb,2015-09-29,day,,,CFTC Final Order/Award Determination granting an award (amount not listed; see redacted order).,,,,USD,awarded,usa-cftc-wb-orders-list-2026,whistleblower.gov/orders table,"WB-APP Redacted Press Release: CFTC to Issue Whistleblower Award of Approximately $290,000 | 2015-09-29 | Granted; Denied","Order WB-APP Redacted Press Release: CFTC to Issue Whistleblower Award of Approximately $290,000; result 'Granted; Denied'; released 02/28/2018; PDF https://www.whistleblower.gov/sites/whistleblower/files/Final%20Orders/wb-app-redacted.pdf"
c-d31b48a0fd,USA,usa-cftc-wb,2015-09-29,day,,,"CFTC expects to award approximately $300,000 to a whistleblower for information about CEA violations.",,300000,,USD,awarded,usa-cftc-wb-ar-2015,"Financial statements, note on contingencies","On September 29, 2015, the Commission announced that it expects to make an award of approximately $300,000 to a whistleblower",'Approximately'.
c-ebe5ee6ad9,USA,usa-sec-wb,2015-11-04,day,,,"Award of over $325,000 to a whistleblower whose detailed information caused staff to open the investigation.",,325000,,USD,awarded,usa-sec-owb-ar-2015,p. 12 (printed),"the Commission issued a Final Order authorizing an award payment of over $325,000 to a whistleblower","'Over $325,000'."
c-1d9bb6b7f1,USA,usa-irs-wbo,2016,year,,,"Whistleblower 22716-13W v. Commissioner (146 T.C.): the information led to a small tax restitution and FBAR civil penalties over $2 million; the IRS denied the claim, saying FBAR penalties do not count toward the $2 million threshold.",,,,USD,denied,usa-ustc-wb21276-13w-2016,PDF p. 21-22,"the whistleblower’s claim did not meet the $2 million threshold of section 7623(b)(5)(B) because FBAR penalties do not constitute “tax, penalties, interest, additions to tax, * * * [or] additional amounts”",Described in 147 T.C. No. 4; the 22716-13W opinion itself not read. The 2018 BBA later counted reporting-requirement penalties as proceeds.
c-d05c00f4ef,USA,usa-cftc-wb,2016,year,,,CFTC award of over $10 million paid in FY2016 (then the largest CFTC award).,,10000000,,USD,awarded,usa-cftc-wb-ar-2016,"p. 3, Section II","including one award of over $10,000,000","'Over $10,000,000'. Date not given in report."
c-6bc606595c,USA,usa-sec-wb,2016-01-15,day,,,"More than $700,000 to a company outsider (industry expert) whose detailed analysis led to an action.",,700000,,USD,awarded,usa-sec-owb-ar-2016,pp. 11-13 (printed),"the SEC announced an award of more than $700,000 to a company outsider","Exchange Act Rel. No. 76921, File No. 2016-2; Press Rel. 2016-10. 'More than'."
c-658c318680,USA,usa-irs-wbo,2016-01-27,day,,"80 Swiss banks (DOJ Swiss Bank Program, Category 2)","Follow-on to the UBS case: under the Swiss Bank Program announced in August 2013, DOJ signed non-prosecution agreements with 80 Swiss banks and imposed more than $1.36 billion in penalties; the last Category 2 agreement (HSZH Verwaltungs AG) was announced on this date.",1360000000,,,USD,settled,usa-doj-swiss-bank-final-npa-pr-2016,para 1,"The department has executed agreements with 80 banks since March 30, 2015, when it announced the first Swiss Bank Program non-prosecution agreement with BSI SA.  The department has imposed a total of more than $1.36 billion in Swiss Bank penalties",Printed as 'more than $1.36 billion'. Not a whistleblower award; context for the UBS/Birkenfeld case. The DOJ programme page later lists further agreements and addenda up to 2020 (raw/usa-doj-swiss-bank-program-page-2025.html).
c-c26f31aeb0,USA,usa-sec-wb,2016-03-08,day,,,"Nearly $2 million to three whistleblowers: about $1.8 million to one, over $130,000 jointly to two others.",,2000000,,USD,awarded,usa-sec-owb-ar-2016,pp. 11-13 (printed),the SEC awarded nearly $2 million to three whistleblowers,"Exchange Act Rel. No. 77322, File No. 2016-4; Press Rel. 2016-41. 'Nearly $2 million'."
c-a048e29af8,USA,usa-cftc-wb,2016-03-28,day,,,CFTC Final Order/Award Determination granting an award (amount not listed; see redacted order).,,,,USD,awarded,usa-cftc-wb-orders-list-2026,whistleblower.gov/orders table,No. 16-WB-06 Press Release: CFTC Announces Whistleblower Award of More Than $10 Million | 2016-03-28 | Granted,Order No. 16-WB-06 Press Release: CFTC Announces Whistleblower Award of More Than $10 Million; result 'Granted'; released 02/28/2018; PDF https://www.whistleblower.gov/sites/whistleblower/files/Final%20Orders/16-WB-06.pdf
c-aefda0521f,USA,usa-cftc-wb,2016-04,month,,,Largest CFTC award to that date: more than $10 million.,,10000000,,USD,awarded,usa-cftc-wb-ar-2017,p. 4,"The largest award announced by the CFTC to date was in April 2016, in the amount of more than $10 million.","'More than'. Same award as the 'over $10,000,000' paid in FY2016 (FY2016 report)."
c-66850ea665,USA,usa-sec-wb,2016-04-05,day,,,"More than $275,000 for a tip that led to an SEC action and a related criminal action; offset by the whistleblower's unpaid judgment in an unrelated matter.",,275000,,USD,awarded,usa-sec-owb-ar-2016,pp. 11-13 (printed),"the Commission awarded a whistleblower more than $275,000","Exchange Act Rel. No. 77530, File No. 2016-7. 'More than'."
c-925a957bee,USA,usa-doj-apps,2016-04-25,day,,"Aquarosa Shipping A/S (owner, operator and chief engineer of the M/V Aquarosa)",Court order on a contested APPS whistleblower award after convictions for discharging waste oil and plastic and falsifying records; the court also rejected the whistleblower's attorney's contingency fee claim.,,550000,,USD,awarded,usa-doj-enrd-ecs-bulletin-2016-05,"PDF p. 3, Decisions","The court found that a substantial award of $550,000 was appropriate to provide a sufficient incentive for seamen to inform the United States of MARPOL violations.","United States v. Aquarosa Shipping A/S, No. 11-CR-00652 (D. Md.). The fine is not given in the bulletin. The bulletin's text layer has stray spaces inside words (OCR), so the quote may need a loose match."
c-b5088b29ea,USA,usa-fca-qui-tam,2016-04-27,day,,Wyeth and Pfizer Inc.,"Wyeth underpaid Medicaid drug rebates (Protonix); $784.6 million settlement ($413,248,820 federal, $371,351,180 state Medicaid). Relator share $98,058,190.",784600000,98058190,,USD,settled,usa-doj-pr-wyeth-2016,press release text,"The relator share in this case will be $98,058,190 and will be paid from the proceeds of the federal and state settlements.","Relator share paid from both federal and state proceeds. Amounts written with a bare ""$"" in a U.S. Justice Department release; currency left unspecified per dataset rule (in practice U.S. dollars)."
c-5692d468c8,USA,usa-sec-wb,2016-05-13,day,,,More than $3.5 million to an employee whose tip bolstered an ongoing investigation.,,3500000,,USD,awarded,usa-sec-owb-ar-2016,pp. 11-13 (printed),the Commission announced an award of more than $3.5 million to a company employee,"Exchange Act Rel. No. 77833, File No. 2016-9; Press Rel. 2016-88. 'More than'."
c-220741b33b,USA,usa-sec-wb,2016-05-17,day,,,Award expected to total $5-6 million to a former company insider.,,5000000,,USD,awarded,usa-sec-owb-ar-2016,pp. 11-13 (printed),the Commission issued an award that is expected to yield a total payout between $5-6 million to a former company insider,"Exchange Act Rel. No. 77843, File No. 2016-10; Press Rel. 2016-91. Report: 'between $5-6 million' (low end recorded)."
c-aa6bb85f10,USA,usa-sec-wb,2016-05-20,day,,,"Joint award of more than $450,000 to two individuals for a tip on corporate accounting.",,450000,,USD,awarded,usa-sec-owb-ar-2016,pp. 11-13 (printed),"the SEC issued a joint award of more than $450,000 to two individuals","Exchange Act Rel. No. 77873, File No. 2016-11; Press Rel. 2016-94. 'More than'."
c-227cd08d47,USA,usa-sec-wb,2016-06-09,day,,,More than $17 million to a former employee whose detailed tip substantially advanced the investigation.,,17000000,,USD,awarded,usa-sec-owb-ar-2016,pp. 11-13 (printed),the Commission issued an award of more than $17 million to a former company employee,"Exchange Act Rel. No. 78025, File No. 2016-13; Press Rel. 2016-114. 'More than'."
c-36d7fa5a2e,USA,usa-cftc-wb,2016-07-19,day,,,CFTC Final Order/Award Determination granting an award (amount not listed; see redacted order).,,,,USD,awarded,usa-cftc-wb-orders-list-2026,whistleblower.gov/orders table,No. 16-WB-08 Press Release: CFTC Announces Fourth Whistleblower Award | 2016-07-19 | Granted,Order No. 16-WB-08 Press Release: CFTC Announces Fourth Whistleblower Award; result 'Granted'; released 02/28/2018; PDF https://www.whistleblower.gov/sites/whistleblower/files/Final%20Orders/16-WB-08.pdf
c-f7096d3a7a,USA,usa-cftc-wb,2016-07-26,day,,,"Award of approximately $50,000 for key original information that led to a successful action.",,50000,,USD,awarded,usa-cftc-wb-ar-2017,p. 4,"The CFTC announced its most recent award on July 26, 2016—in an amount of approximately $50,000",'Approximately'.
c-09fa31dc53,USA,usa-irs-wbo,2016-08-03,day,,,"A husband and wife reported a taxpayer (a firm that later pleaded guilty to conspiracy) and were rejected as untimely; the Tax Court reversed in 2015, the parties agreed a 24% award, and in 2016 the Court held that the criminal fine and civil forfeitures, not just tax restitution, count as collected proceeds.",74131694,,24,USD,awarded,usa-ustc-wb21276-13w-2016,PDF p. 1 and p. 5,"parties subsequently agreed that Ps are eligible for an award of 24% ... The targeted taxpayer pleaded guilty to a violation of 18 U.S.C. sec. 371 and paid $74,131,694 in tax restitution, a criminal fine, and","Stipulated split (p. 5): tax restitution $20,000,001; criminal fine $22,050,000; civil forfeiture $15,821,000; relinquished forfeited funds $16,260,693. Award amount not stated in the opinion; media reported $17.8 million (see leads). Target unnamed in the opinion."
c-1102d81595,USA,usa-sec-wb,2016-08-30,day,,,Second-highest award to date: more than $22 million to a company insider who exposed a well-hidden violation.,,22000000,,USD,awarded,usa-sec-owb-ar-2016,pp. 11-13 (printed),the Commission authorized an award of more than $22 million to a company insider,"Exchange Act Rel. No. 78719, File No. 2016-16; Press Rel. 2016-172. 'More than'."
c-505cc8be86,USA,usa-sec-wb,2016-09-20,day,,,More than $4 million to a whistleblower whose information alerted the SEC to a fraud.,,4000000,,USD,awarded,usa-sec-owb-ar-2016,pp. 11-13 (printed),the Commission announced an award of more than $4 million to a whistleblower,"Exchange Act Rel. No. 78881, File No. 2016-17; Press Rel. 2016-188. 'More than'."
c-8aac85545e,USA,usa-sec-wb,2016-11-14,day,,,More than $20 million (third-highest to date) to a whistleblower whose prompt tip led to near total recovery of investor funds.,,20000000,,USD,awarded,usa-sec-owb-ar-2017,pp. 10-12 (printed),the Commission announced an award of more than $20 million to a whistleblower,"Exchange Act Rel. No. 79294, File No. 2017-1; Press Rel. 2016-237. 'More than'."
c-5818cb6e74,USA,usa-sec-wb,2016-12-05,day,,,Nearly $3.5 million to a whistleblower.,,3500000,,USD,awarded,usa-sec-owb-ar-2017,pp. 10-12 (printed),the Commission announced an award of nearly $3.5 million,"Exchange Act Rel. No. 79464, File No. 2017-2; Press Rel. 2016-255. 'Nearly'."
c-6bbeb04210,USA,usa-sec-wb,2016-12-09,day,,,"More than $900,000 to a whistleblower whose tip led to multiple actions.",,900000,,USD,awarded,usa-sec-owb-ar-2017,pp. 10-12 (printed),"the Commission announced an award of more than $900,000","Exchange Act Rel. No. 79517, File No. 2017-3; Press Rel. 2016-260. 'More than'."
c-10aaec7fd4,USA,usa-sec-wb,2017-01-06,day,,,More than $5.5 million to a company insider; ended a fraud targeting a vulnerable investor community.,,5500000,,USD,awarded,usa-sec-owb-ar-2017,pp. 10-12 (printed),the Commission announced an award of more than $5.5 million to a company insider,"Exchange Act Rel. No. 79747, File No. 2017-5; Press Rel. 2017-1. 'More than'."
c-703629d48d,USA,usa-sec-wb,2017-01-23,day,,,"More than $7 million to three whistleblowers who helped stop a scheme defrauding hundreds of investors; one got more than $4 million, two split more than $3 million.",,7000000,,USD,awarded,usa-sec-owb-ar-2017,pp. 10-12 (printed),the Commission announced an award of more than $7 million to three whistleblowers,"Exchange Act Rel. No. 79853, File No. 2017-6; Press Rel. 2017-27. 'More than'."
c-01893ff1ed,USA,usa-sec-wb,2017-02-28,day,,,Award of 20 percent of amounts collected or to be collected.,,,20,USD,awarded,usa-sec-owb-ar-2017,p. 12 (printed),the Commission announced a whistleblower award of 20 percent of amounts collected or to be collected,"Exchange Act Rel. No. 80115, File No. 2017-7. Amount not given."
c-e0038b4f02,USA,,2017-04-03,day,,Wells Fargo Bank N.A.,"OSHA ordered Wells Fargo to reinstate a Los Angeles-area branch manager fired in 2010 after reporting suspected bank, mail and wire fraud, and to pay back pay, damages and fees of about $5.4 million under Sarbanes-Oxley. This is retaliation relief, not a reward.",,,,USD,reported,usa-dol-osha-wells-fargo-pr-2017,paras 1-4,"Back pay, compensatory damages, and attorneys’ fees were together calculated at about $5.4 million.","About $5.4 million ordered as damages to the whistleblower (not a reward, so left out of award_amount). OSHA does not name complainants. Wells Fargo could appeal; outcome of any appeal not checked."
c-3ce6bbc5ed,USA,usa-sec-wb,2017-04-25,day,,,Almost $4 million to a whistleblower with industry-specific expertise.,,4000000,,USD,awarded,usa-sec-owb-ar-2017,pp. 10-12 (printed),the Commission announced an award of almost $4 million,"Exchange Act Rel. No. 80521, File No. 2017-8; Press Rel. 2017-84. 'Almost $4 million'."
c-62732dfdf4,USA,usa-sec-wb,2017-05-02,day,,,"More than $500,000 to a company insider for a hard-to-detect violation.",,500000,,USD,awarded,usa-sec-owb-ar-2017,pp. 10-12 (printed),"the Commission ordered an award of more than $500,000 to a company insider","Exchange Act Rel. No. 80571, File No. 2017-9; Press Rel. 2017-90. 'More than'."
c-30ce66216d,USA,usa-sec-wb,2017-07-25,day,,,Nearly $2.5 million to an employee of a domestic government agency whose tip launched an investigation.,,2500000,,USD,awarded,usa-sec-owb-ar-2017,pp. 10-12 (printed),the Commission announced an award of nearly $2.5 million to an employee of a domestic government agency,"Exchange Act Rel. No. 81200, File No. 2017-12; Press Rel. 2017-130. 'Nearly'."
c-c7ee42f7e0,USA,usa-sec-wb,2017-07-27,day,,,More than $1.7 million to a company insider; millions returned to investors.,,1700000,,USD,awarded,usa-sec-owb-ar-2017,pp. 10-12 (printed),the Commission announced a whistleblower award of more than $1.7 million to a company insider,"Exchange Act Rel. No. 81227, File No. 2017-13; Press Rel. 2017-134. 'More than'."
c-85afa3a189,USA,usa-sec-wb,2017-10-12,day,,,More than $1 million to a company outsider; violation by a registered entity affecting retail customers.,,1000000,,USD,awarded,usa-sec-owb-ar-2018,pp. 10-11 (printed),the Commission announced an award of more than $1 million to a company outsider,"Exchange Act Rel. No. 81857, File No. 2018-1; Press Rel. 2017-195. Whistleblowers: 1."
c-4d6d1cc354,USA,usa-sec-wb,2017-11-30,day,,,More than $16 million to two whistleblowers.,,16000000,,USD,awarded,usa-sec-owb-ar-2018,pp. 10-11 (printed),the Commission announced an award of more than $16 million to two whistleblowers,"Exchange Act Rel. No. 82181, File No. 2018-2. 'More than'. Whistleblowers: 2."
c-34d853e189,USA,usa-sec-wb,2017-12-05,day,,,"More than $4.1 million to a former company insider, a foreign national working outside the US.",,4100000,,USD,awarded,usa-sec-owb-ar-2018,pp. 10-11 (printed),the Commission announced an award of more than $4.1 million to a former company insider,"Exchange Act Rel. No. 82214, File No. 2018-3; Press Rel. 2017-222. Whistleblowers: 1."
c-61bff92b00,USA,usa-sec-wb,2018-03-19,day,,,"Then-largest awards: nearly $50 million shared jointly by two whistleblowers and more than $33 million to a third, about $83 million in total.",,83000000,,USD,awarded,usa-sec-owb-ar-2018,pp. 10-11 (printed),"the Commission announced two of its largest-ever whistleblower awards, with two individuals sharing a nearly $50 million joint award and another whistleblower receiving more than $33 million","Exchange Act Rel. No. 82897, File No. 2018-6; Press Rel. 2018-44. 'Almost $83 million'. Whistleblowers: 3."
c-9ac8a6c79c,USA,usa-sec-wb,2018-04-05,day,,,More than $2.2 million to a former insider who first reported to another federal agency; first award under the 120-day 'safe harbor' of Rule 21F-4(b)(7).,,2200000,,USD,awarded,usa-sec-owb-ar-2018,pp. 10-11 (printed),the Commission announced an award of more than $2.2 million to a former company insider,"Exchange Act Rel. No. 82996, File No. 2018-8; Press Rel. 2018-58. Whistleblowers: 1."
c-327de2210a,USA,usa-sec-wb,2018-04-12,day,,,More than $2.1 million to a former company insider whose information led to multiple actions.,,2100000,,USD,awarded,usa-sec-owb-ar-2018,pp. 10-11 (printed),the Commission announced an award of more than $2.1 million,"Exchange Act Rel. No. 83037, File No. 2018-9; Press Rel. 2018-64. Whistleblowers: 1."
c-d30dc6cf2d,USA,usa-cftc-wb,2018-07-12,day,,,Then-largest CFTC award: approximately $30 million to a whistleblower whose information opened and resolved an action.,,30000000,,USD,awarded,usa-cftc-wb-ar-2018,p. 3,"On July 12, 2018, the Commission announced an award of approximately $30 million to a whistleblower",Award Determination 18-WB-02; Press Rel. 7753-18.
c-0c78328504,USA,usa-cftc-wb,2018-07-16,day,,,"First CFTC award to a whistleblower living abroad: more than $70,000.",,70000,,USD,awarded,usa-cftc-wb-ar-2018,p. 3,"On July 16, 2018, the Commission announced an award of more than $70,000 to a whistleblower living in a foreign country","Award Determination 18-WB-01 (dated July 12, 2018); Press Rel. 7755-18."
c-aee16f0ea9,USA,usa-cftc-wb,2018-08-02,day,,,Awards totalling over $45 million in three actions opened on whistleblower information.,,45000000,,USD,awarded,usa-cftc-wb-ar-2018,p. 3,"On August 2, 2018, the Commission announced awards amounting to over $45 million.","Award Determinations 18-WB-03, 18-WB-04, 18-WB-05; Press Rel. 7767-18."
c-3260257f6f,USA,usa-sec-wb,2018-09-06,day,,,More than $54 million to two whistleblowers: $39 million and $15 million.,,54000000,,USD,awarded,usa-sec-owb-ar-2018,pp. 10-11 (printed),"the Commission announced an award of more than $54 million to two whistleblowers, $39 million to one whistleblower and $15 million to another","Exchange Act Rel. No. 84046, File No. 2018-11; Press Rel. 2018-179. The $39m was then the second-largest individual award. Whistleblowers: 2."
c-14f8ea4ca8,USA,usa-sec-wb,2018-09-14,day,,,More than $1.5 million (headline: approximately $1.5 million).,,1500000,,USD,awarded,usa-sec-owb-ar-2018,pp. 10-11 (printed),the Commission announced an award of more than $1.5 million,"Exchange Act Rel. No. 84125, File No. 2018-12; Press Rel. 2018-194. Whistleblowers: 1."
c-7cbd78489f,USA,usa-sec-wb,2018-09-24,day,,,Nearly $4 million to an overseas whistleblower.,,4000000,,USD,awarded,usa-sec-owb-ar-2018,pp. 10-11 (printed),the Commission announced an award of nearly $4 million to an overseas whistleblower,"Exchange Act Rel. No. 84270, File No. 2018-13; Press Rel. 2018-209. 'Nearly'. Whistleblowers: 1."
c-4300194c73,USA,usa-cftc-wb,2019-03-04,day,,,More than $2 million for independent analysis of market data; covered action plus a related action by another regulator.,,2000000,,USD,awarded,usa-cftc-wb-ar-2019,pp. 3-4,"On March 4, 2019, the Commission announced an award of more than $2 million",CFTC Award Determination 19-WB-01; Press Rel. 7882-19. Whistleblowers: 1.
c-7fac5b298b,USA,usa-sec-wb,2019-03-26,day,,,Awards totalling $50 million to two whistleblowers: $37 million (third-largest to date) and $13 million.,,50000000,,USD,awarded,usa-sec-owb-ar-2019,pp. 10-11 (printed),the Commission announced awards totaling $50 million to two whistleblowers,"Exchange Act Rel. No. 85412, File No. 2019-4; Press Rel. 2019-42. Whistleblowers: 2."
c-c95bc3ffd7,USA,usa-cftc-wb,2019-05-06,day,,,Approximately $1.5 million; covered and related action; whistleblower had tried to report internally.,,1500000,,USD,awarded,usa-cftc-wb-ar-2019,pp. 3-4,"On May 6, 2019, the Commission announced an award of approximately $1.5 million",CFTC Award Determination 19-WB-02; Press Rel. 7924-19. Whistleblowers: 1.
c-e759900ee5,USA,usa-sec-wb,2019-05-24,day,,,More than $4.5 million; first award where the whistleblower's internal report led the company to self-report (120-day internal reporting provision).,,4500000,,USD,awarded,usa-sec-owb-ar-2019,pp. 10-11 (printed),the Commission announced an award of more than $4.5 million to a whistleblower,"Exchange Act Rel. No. 85936, File No. 2019-6; Press Rel. 2019-76. Whistleblowers: 1."
c-ad7048428d,USA,usa-sec-wb,2019-06-03,day,,,$3 million to joint whistleblowers whose tip launched an investigation of a violation harming retail customers.,,3000000,,USD,awarded,usa-sec-owb-ar-2019,pp. 10-11 (printed),the Commission announced an award of $3 million to joint whistleblowers,"Exchange Act Rel. No. 86010, File No. 2019-7; Press Rel. 2019-81. Whistleblowers: 2."
c-439672edf2,USA,usa-cftc-wb,2019-06-24,day,,,"Roughly $2.5 million, reduced for delay in reporting.",,2500000,,USD,awarded,usa-cftc-wb-ar-2019,pp. 3-4,"On June 24, 2019, the Commission announced an award of roughly $2.5 million",CFTC Award Determination 19-WB-03; Press Rel. 7943-19. Whistleblowers: 1.
c-b7ef1d5d3d,USA,usa-cftc-wb,2019-07-01,day,,,Approximately $2 million to two joint whistleblowers.,,2000000,,USD,awarded,usa-cftc-wb-ar-2019,pp. 3-4,"On July 1, 2019, the Commission announced an award amounting to approximately $2 million to two whistleblowers",CFTC Award Determination 19-WB-04. Whistleblowers: 2.
c-d8de0a611b,USA,usa-sec-wb,2019-07-23,day,,,"$500,000 to an overseas whistleblower; misconduct abroad.",,500000,,USD,awarded,usa-sec-owb-ar-2019,pp. 10-11 (printed),"the Commission announced a $500,000 award to an overseas whistleblower","Exchange Act Rel. No. 86431, File No. 2019-8; Press Rel. 2019-138. Whistleblowers: 1."
c-cc7d6717c3,USA,usa-sec-wb,2019-08-29,day,,,More than $1.8 million for misconduct that occurred overseas.,,1800000,,USD,awarded,usa-sec-owb-ar-2019,pp. 10-11 (printed),the Commission announced an award of more than $1.8 million,"Exchange Act Rel. No. 86803, File No. 2019-9; Press Rel. 2019-165. Whistleblowers: 1."
c-e1a45ac212,USA,usa-sec-wb,2019-09-20,day,,,"More than $38,000; tip led to two actions involving harm to retail investors.",,38000,,USD,awarded,usa-sec-owb-ar-2019,pp. 10-11 (printed),"the Commission issued a Final Order for an award of more than $38,000","Exchange Act Rel. No. 87039, File No. 2019-11. Whistleblowers: 1."
c-4288c12589,USA,usa-cftc-wb,2019-09-27,day,,,Around $7 million to a whistleblower who caused an investigation to open.,,7000000,,USD,awarded,usa-cftc-wb-ar-2019,pp. 3-4,"On September 27, 2019, the Commission announced an award amounting to around $7 million",CFTC Award Determination 19-WB-05. Whistleblowers: 1.
c-7789045397,USA,usa-cftc-wb,2019-10-24,day,,,Award (amount not stated) reduced because the whistleblower declined to give a declaration.,,,,USD,awarded,usa-cftc-wb-ar-2020,pp. 3-7,"On October 24, 2019, the Commission issued an order for an award to a whistleblower",CFTC Award Determination 20-WB-01. Whistleblowers: 1.
c-9272430e91,USA,usa-sec-wb,2019-11-15,day,,,"Over $260,000 jointly to three individuals; fraud by recidivists targeting retail investors.",,260000,,USD,awarded,usa-sec-owb-ar-2020,pp. 10-17 (printed),"On November 15, 2019, the Commission announced a joint award of over $260,000 to three individuals who jointly submitted a tip alerting the agency to a well-concealed fraud operated by recidivist violators who targeted retail investors.","Exchange Act Rel. No. 87544, File No. 2020-1 (pairing of release numbers to awards follows the report's footnote order). Amount qualifiers ('more than', 'nearly') as in summary. Whistleblowers: 3."
c-ca68688afe,USA,usa-cftc-wb,2019-12-19,day,,,More than $1 million to a whistleblower who was the original source of information received via another regulator.,,1000000,,USD,awarded,usa-cftc-wb-ar-2020,pp. 3-7,"On December 19, 2019, the Commission issued an order for an award of more than $1 million",CFTC Award Determination 20-WB-02; Press Rel. 8098-19. Whistleblowers: 1.
c-1aab6ec971,USA,usa-sec-wb,2020-01-22,day,,,"More than $45,000; enabled asset recovery for victims.",,45000,,USD,awarded,usa-sec-owb-ar-2020,pp. 10-17 (printed),"On January 22, 2020, the Commission announced an award of more than $45,000 to a whistleblower who provided critical information that enabled the SEC staff to recover assets that were later returned to victims.","Exchange Act Rel. No. 88014, File No. 2020-5 (pairing of release numbers to awards follows the report's footnote order). Amount qualifiers ('more than', 'nearly') as in summary. Whistleblowers: 1."
c-24576e1171,USA,usa-sec-wb,2020-01-22,day,,,"More than $277,000; ongoing fraud preying on retail investors.",,277000,,USD,awarded,usa-sec-owb-ar-2020,pp. 10-17 (printed),"On January 22, 2020, the Commission announced an award of more than $277,000 to a whistleblower whose information alerted the agency to an ongoing fraudulent scheme that was preying on retail investors.","Exchange Act Rel. No. 88015, File No. 2020-6 (pairing of release numbers to awards follows the report's footnote order). Amount qualifiers ('more than', 'nearly') as in summary. Whistleblowers: 1."
c-ef23593325,USA,,2020-02-21,day,,"Wells Fargo & Company; Wells Fargo Bank, N.A.","Wells Fargo paid $3 billion (deferred prosecution agreement, FIRREA civil settlement and SEC proceedings) over 2002-2016 sales practices that opened millions of accounts without customer consent.",3000000000,,,USD,settled,usa-doj-wells-fargo-pr-2020,para 1,have agreed to pay $3 billion to resolve their potential criminal and civil liability stemming from a practice between 2002 and 2016,Printed as '$3 billion'. No whistleblower award linked to this resolution was found.
c-35ccafcc7f,USA,usa-sec-wb,2020-02-28,day,,,More than $7 million; action focused on serious financial abuses.,,7000000,,USD,awarded,usa-sec-owb-ar-2020,pp. 10-17 (printed),"On February 28, 2020, the Commission announced an award of more than $7 million to a whistleblower whose information and assistance were critically important to the success of an enforcement action that focused on serious financial abuses.","Exchange Act Rel. No. 88299, File No. 2020-7 (pairing of release numbers to awards follows the report's footnote order). Amount qualifiers ('more than', 'nearly') as in summary. Whistleblowers: 1."
c-071264fea0,USA,usa-sec-wb,2020-03-23,day,,,More than $1.6 million.,,1600000,,USD,awarded,usa-sec-owb-ar-2020,pp. 10-17 (printed),"On March 23, 2020, the Commission announced an award of more than $1.6 million to a whistleblower whose information tipped the agency to securities law violations and helped form part of the basis for charges brought in a successful enforcement action.","Exchange Act Rel. No. 88449, File No. 2020-8 (pairing of release numbers to awards follows the report's footnote order). Amount qualifiers ('more than', 'nearly') as in summary. Whistleblowers: 1."
c-63cceb9505,USA,usa-sec-wb,2020-03-24,day,,,"Over $570,000 to two whistleblowers (about $478,000 and about $94,000).",,570000,,USD,awarded,usa-sec-owb-ar-2020,pp. 10-17 (printed),"On March 24, 2020, the Commission announced awards totaling over $570,000 to two whistleblowers who provided significant information and assistance that helped the Commission bring multiple successful enforcement actions.","Exchange Act Rel. No. 88462, File No. 2020-9 (pairing of release numbers to awards follows the report's footnote order). Amount qualifiers ('more than', 'nearly') as in summary. Whistleblowers: 2."
c-981070a718,USA,usa-sec-wb,2020-03-30,day,,,"$450,000; helped focus an ongoing investigation.",,450000,,USD,awarded,usa-sec-owb-ar-2020,pp. 10-17 (printed),"On March 30, 2020, the Commission announced an award of $450,000 to a whistleblower whose significant information helped focus an ongoing investigation on the violations that were ultimately charged.","Exchange Act Rel. No. 88507, File No. 2020-11 (pairing of release numbers to awards follows the report's footnote order). Amount qualifiers ('more than', 'nearly') as in summary. Whistleblowers: 1."
c-5e29d935e8,USA,usa-sec-wb,2020-04-03,day,,,More than $27 million for misconduct occurring partly overseas.,,27000000,,USD,awarded,usa-sec-owb-ar-2020,pp. 10-17 (printed),"On April 3, 2020, the Commission announced an award of more than $27 million to a whistleblower who alerted the agency to misconduct occurring, in part, overseas.","Exchange Act Rel. No. 88658, File No. 2020-13 (pairing of release numbers to awards follows the report's footnote order). Amount qualifiers ('more than', 'nearly') as in summary. Whistleblowers: 1."
c-bc3a3b0e39,USA,usa-sec-wb,2020-04-03,day,,,Approximately $2 million; contributed to an ongoing investigation.,,2000000,,USD,awarded,usa-sec-owb-ar-2020,pp. 10-17 (printed),"On April 3, 2020, the Commission announced an award of approximately $2 million to a whistleblower who provided vital information and assistance that substantially contributed to an ongoing investigation.","Exchange Act Rel. No. 88547, File No. 2020-12 (pairing of release numbers to awards follows the report's footnote order). Amount qualifiers ('more than', 'nearly') as in summary. Whistleblowers: 1."
c-34c9b07ee8,USA,usa-sec-wb,2020-04-20,day,,,$5 million.,,5000000,,USD,awarded,usa-sec-owb-ar-2020,pp. 10-17 (printed),"On April 20, 2020, the Commission announced a $5 million award to a whistleblower who provided significant information that led to a successful enforcement action.","Exchange Act Rel. No. 88689, File No. 2020-15 (pairing of release numbers to awards follows the report's footnote order). Amount qualifiers ('more than', 'nearly') as in summary. Whistleblowers: 1."
c-72b0e2ab65,USA,usa-sec-wb,2020-04-20,day,,,Award (amount not stated in the report).,,,,USD,awarded,usa-sec-owb-ar-2020,p. 16 (printed),"On April 20, 2020, the Commission announced an award to a whistleblower","Exchange Act Rel. No. 88687, File No. 2020-16."
c-d8464ddd99,USA,usa-cftc-wb,2020-04-20,day,,,Award (amount not stated) for crucial information.,,,,USD,awarded,usa-cftc-wb-ar-2020,pp. 3-7,"On April 20, 2020, the Commission issued an order for an award to a whistleblower",CFTC Award Determination 20-WB-03. Whistleblowers: 1.
c-3dcb59b393,USA,usa-sec-wb,2020-04-28,day,,,More than $18 million; information prompted an examination leading to an enforcement action.,,18000000,,USD,awarded,usa-sec-owb-ar-2020,pp. 10-17 (printed),"On April 28, 2020, the Commission announced an award of more than $18 million to a whistleblower whose significant information prompted an examination that resulted in an important enforcement action.","Exchange Act Rel. No. 88759, File No. 2020-17 (pairing of release numbers to awards follows the report's footnote order). Amount qualifiers ('more than', 'nearly') as in summary. Whistleblowers: 1."
c-78cfd53f86,USA,usa-cftc-wb,2020-05-01,day,,,Award exceeding $2 million shared among four joint whistleblowers; covered and related actions.,,2000000,,USD,awarded,usa-cftc-wb-ar-2020,pp. 3-7,"On May 1, 2020, the Commission issued an order for an award exceeding $2 million to be shared among four whistleblowers",CFTC Award Determination 20-WB-04; Press Rel. 8159-20. Whistleblowers: 4.
c-3ad07475d1,USA,usa-sec-wb,2020-05-04,day,,,Nearly $2 million; investors recovered much of their money.,,2000000,,USD,awarded,usa-sec-owb-ar-2020,pp. 10-17 (printed),"On May 4, 2020, the Commission announced an award of nearly $2 million to a whistleblower whose information and assistance helped the agency bring a successful enforcement action and allowed investors to recover much of their money.","Exchange Act Rel. No. 88803, File No. 2020-18 (pairing of release numbers to awards follows the report's footnote order). Amount qualifiers ('more than', 'nearly') as in summary. Whistleblowers: 1."
c-de17a479bd,USA,usa-sec-wb,2020-06-04,day,,,Nearly $50 million to one individual (then the largest single award) for firsthand observations of company misconduct.,,50000000,,USD,awarded,usa-sec-owb-ar-2020,pp. 10-17 (printed),"On June 4, 2020, the Commission announced a nearly $50 million whistleblower award to an individual who provided detailed, firsthand observations of misconduct by a company, which resulted in a successful enforcement action that returned a significant amount of money to harmed investors.","Exchange Act Rel. No. 89002, File No. 2020-20 (pairing of release numbers to awards follows the report's footnote order). Amount qualifiers ('more than', 'nearly') as in summary. Whistleblowers: 1."
c-a72048a5c1,USA,usa-cftc-wb,2020-06-05,day,,,More than $6 million.,,6000000,,USD,awarded,usa-cftc-wb-ar-2020,pp. 3-7,"On June 5, 2020, the Commission issued an order for an award of more than $6 million",CFTC Award Determination 20-WB-05; Press Rel. 8175-20. Whistleblowers: 1.
c-05b9bbca0d,USA,usa-cftc-wb,2020-06-12,day,,,Award (amount not stated).,,,,USD,awarded,usa-cftc-wb-ar-2020,pp. 3-7,"On June 12, 2020, the Commission issued an order for an award to a whistleblower",CFTC Award Determination 20-WB-06. Whistleblowers: 1.
c-1cf9a4a4fd,USA,usa-sec-wb,2020-06-19,day,,,"Almost $700,000.",,700000,,USD,awarded,usa-sec-owb-ar-2020,pp. 10-17 (printed),"On June 19, 2020, the Commission announced an award of almost $700,000 to a whistleblower whose significant information helped the agency bring a successful enforcement action that resulted in the return of money to harmed investors.","Exchange Act Rel. No. 89102, File No. 2020-21 (pairing of release numbers to awards follows the report's footnote order). Amount qualifiers ('more than', 'nearly') as in summary. Whistleblowers: 1."
c-df106efa3e,USA,usa-sec-wb,2020-06-23,day,,,"About $125,000; helped the SEC and another agency.",,125000,,USD,awarded,usa-sec-owb-ar-2020,pp. 10-17 (printed),"On June 23, 2020, the Commission announced an award of about $125,000 to a whistleblower whose information and assistance helped both the SEC and another agency bring successful actions against the perpetrator of a fraudulent securities offering that preyed on a vulnerable investor community.","Exchange Act Rel. No. 89124, File No. 2020-22 (pairing of release numbers to awards follows the report's footnote order). Amount qualifiers ('more than', 'nearly') as in summary. Whistleblowers: 1."
c-c8331e93d5,USA,usa-sec-wb,2020-07-14,day,,,$3.8 million; helped disrupt an ongoing fraudulent scheme.,,3800000,,USD,awarded,usa-sec-owb-ar-2020,pp. 10-17 (printed),"On July 14, 2020, the Commission announced a $3.8 million award to a whistleblower who provided significant information that helped the SEC disrupt an ongoing fraudulent scheme.","Exchange Act Rel. No. 89311, File No. 2020-23 (pairing of release numbers to awards follows the report's footnote order). Amount qualifiers ('more than', 'nearly') as in summary. Whistleblowers: 1."
c-d5320d4a54,USA,usa-cftc-wb,2020-07-20,day,,,Award exceeding $1 million shared by two whistleblowers.,,1000000,,USD,awarded,usa-cftc-wb-ar-2020,pp. 3-7,"On July 20, 2020, the Commission issued an order for an award exceeding $1 million to be shared by two whistleblowers",CFTC Award Determination 20-WB-07; Press Rel. 8208-20. Whistleblowers: 2.
c-79935de3f1,USA,usa-sec-wb,2020-07-21,day,,,30% award to a whistleblower who reported an ongoing fraud the SEC did not know about.,,,30,USD,awarded,usa-sec-owb-ar-2020,p. 17 (printed),"On July 21, 2020, the Commission announced a 30% award to a whistleblower","Exchange Act Rel. No. 89355, File No. 2020-24."
c-9cc7f0d0d7,USA,usa-cftc-wb,2020-07-24,day,,,Approximately $9 million; one of the five largest CFTC awards.,,9000000,,USD,awarded,usa-cftc-wb-ar-2020,pp. 3-7,"On July 24, 2020, the Commission issued an order for an award of approximately $9 million",CFTC Award Determination 20-WB-08; Press Rel. 8213-20. Whistleblowers: 1.
c-5d2bc4a259,USA,usa-cftc-wb,2020-08-28,day,,,Award (amount not stated) for exposing ongoing fraud.,,,,USD,awarded,usa-cftc-wb-ar-2020,pp. 3-7,"On August 28, 2020, the Commission issued an order for an award to a whistleblower",CFTC Award Determination 20-WB-09; Press Rel. 8233-20. Whistleblowers: 1.
c-2e470c9921,USA,usa-sec-wb,2020-08-31,day,,,"Over $1.25 million; prompted a cause examination, millions returned.",,1250000,,USD,awarded,usa-sec-owb-ar-2020,pp. 10-17 (printed),"On August 31, 2020, the Commission announced an award of over $1.25 million to a whistleblower whose significant information prompted the agency to initiate a cause examination and bring an enforcement action that resulted in the return of millions of dollars to harmed investors.","Exchange Act Rel. No. 89712, File No. 2020-27 (pairing of release numbers to awards follows the report's footnote order). Amount qualifiers ('more than', 'nearly') as in summary. Whistleblowers: 1."
c-2476242537,USA,usa-sec-wb,2020-09-01,day,,,Over $2.5 million to joint whistleblowers whose independent analysis of a company's filings led to several actions.,,2500000,,USD,awarded,usa-sec-owb-ar-2020,pp. 10-17 (printed),"On September 1, 2020, the Commission announced an award of over $2.5 million to joint whistleblowers whose tip based largely on highly probative independent analysis of a public company’s filings led to several successful enforcement actions.","Exchange Act Rel. No. 89721, File No. 2020-28 (pairing of release numbers to awards follows the report's footnote order). Amount qualifiers ('more than', 'nearly') as in summary. Whistleblowers: 2."
c-25ebb8fa40,USA,usa-cftc-wb,2020-09-04,day,,,"Award (amount not stated) split by two whistleblowers, one in the US and one overseas.",,,,USD,awarded,usa-cftc-wb-ar-2020,pp. 3-7,"On September 4, 2020, the Commission issued an order for an award to two whistleblowers",CFTC Award Determination 20-WB-10; Press Rel. 8239-20. Whistleblowers: 2.
c-8c6935df8f,USA,usa-sec-wb,2020-09-08,day,,,"Almost $30,000.",,30000,,USD,awarded,usa-sec-owb-ar-2020,pp. 10-17 (printed),"On September 8, 2020, the Commission announced a whistleblower award of almost $30,000 to a whistleblower whose information alerted the Commission to violations that would have been difficult to detect in the absence of the information.","Exchange Act Rel. No. 89780, File No. 2020-29 (pairing of release numbers to awards follows the report's footnote order). Amount qualifiers ('more than', 'nearly') as in summary. Whistleblowers: 1."
c-8ef25ae956,USA,usa-sec-wb,2020-09-14,day,,,More than $10 million.,,10000000,,USD,awarded,usa-sec-owb-ar-2020,pp. 10-17 (printed),"On September 14, 2020, the Commission announced an award of more than $10 million to a whistleblower whose information and assistance were of crucial importance to a successful SEC enforcement action.","Exchange Act Rel. No. 89850, File No. 2020-30 (pairing of release numbers to awards follows the report's footnote order). Amount qualifiers ('more than', 'nearly') as in summary. Whistleblowers: 1."
c-7ef5a0fe21,USA,usa-sec-wb,2020-09-17,day,,,"Nearly $250,000 to joint whistleblowers.",,250000,,USD,awarded,usa-sec-owb-ar-2020,pp. 10-17 (printed),"On September 17, 2020, the Commission announced an award of nearly $250,000 to joint whistleblowers.","Exchange Act Rel. No. 89912, File No. 2020-31 (pairing of release numbers to awards follows the report's footnote order). Amount qualifiers ('more than', 'nearly') as in summary. Whistleblowers: 2."
c-2dd3967f54,USA,usa-sec-wb,2020-09-21,day,,,$2.4 million; stopped ongoing misconduct.,,2400000,,USD,awarded,usa-sec-owb-ar-2020,pp. 10-17 (printed),"On September 21, 2020, the Commission announced an award of $2.4 million to a whistleblower whose timely submission of information prompted the agency to initiate an investigation and bring an enforcement action that stopped ongoing misconduct, and whose assistance throughout the investigation contr","Exchange Act Rel. No. 89929, File No. 2020-32 (pairing of release numbers to awards follows the report's footnote order). Amount qualifiers ('more than', 'nearly') as in summary. Whistleblowers: 1."
c-3d59b0c2e7,USA,usa-sec-wb,2020-09-25,day,,,Over $1.8 million to a whistleblower who first reported internally.,,1800000,,USD,awarded,usa-sec-owb-ar-2020,pp. 10-17 (printed),"On September 25, 2020, the Commission announced an award of over $1.8 million to a whistleblower who took both personal and professional risks in reporting information through the internal compliance system at a company.","Exchange Act Rel. No. 89996, File No. 2020-34 (pairing of release numbers to awards follows the report's footnote order). Amount qualifiers ('more than', 'nearly') as in summary. Whistleblowers: 1."
c-8b19f780a1,USA,usa-sec-wb,2020-09-25,day,,,"$750,000 for securities violations occurring abroad.",,750000,,USD,awarded,usa-sec-owb-ar-2020,pp. 10-17 (printed),"On September 25, 2020, the Commission announced an award of $750,000 to a whistleblower who reported securities violations occurring abroad to the SEC, which caused the SEC to open an investigation that resulted in a successful enforcement action.","Exchange Act Rel. No. 89995, File No. 2020-33 (pairing of release numbers to awards follows the report's footnote order). Amount qualifiers ('more than', 'nearly') as in summary. Whistleblowers: 1."
c-18119500d3,USA,usa-sec-wb,2020-09-28,day,,,Over $1.8 million to a company outsider.,,1800000,,USD,awarded,usa-sec-owb-ar-2020,pp. 10-17 (printed),"On September 28, 2020, the Commission announced an award of over $1.8 million to a company outsider who expeditiously reported significant information to the Commission about ongoing securities law violations.","Exchange Act Rel. No. 90021, File No. 2020-34 (pairing of release numbers to awards follows the report's footnote order). Amount qualifiers ('more than', 'nearly') as in summary. Whistleblowers: 1."
c-e724829f1d,USA,usa-cftc-wb,2020-09-28,day,,,"Approximately $250,000, reduced for late reporting.",,250000,,USD,awarded,usa-cftc-wb-ar-2020,pp. 3-7,"On September 28, 2020, the Commission issued an order for an award of approximately $250,000",CFTC Award Determination 20-WB-11; Press Rel. 8262-20. Whistleblowers: 1.
c-280dd0f158,USA,usa-sec-wb,2020-09-30,day,,,Almost $30 million to two insider whistleblowers (about $22 million and about $7 million).,,30000000,,USD,awarded,usa-sec-owb-ar-2020,pp. 10-17 (printed),"On September 30, 2020, the Commission announced an award of almost $30 million to two insider whistleblowers whose tips led SEC staff to open an investigation.","Exchange Act Rel. No. 90049, File No. 2020-36 (pairing of release numbers to awards follows the report's footnote order). Amount qualifiers ('more than', 'nearly') as in summary. Whistleblowers: 2."
c-5a7281ff80,USA,usa-sec-wb,2020-09-30,day,,,"Nearly $400,000 to two joint whistleblowers.",,400000,,USD,awarded,usa-sec-owb-ar-2020,pp. 10-17 (printed),"On September 30, 2020, the Commission announced an award of nearly $400,000 to two whistleblowers who jointly provided a tip and gave continuing assistance during the course of the investigation.","Exchange Act Rel. No. 90054, File No. 2020-37 (pairing of release numbers to awards follows the report's footnote order). Amount qualifiers ('more than', 'nearly') as in summary. Whistleblowers: 2."
c-ae217156f7,USA,usa-sec-wb,2020-09-30,day,,,More than $1.7 million.,,1700000,,USD,awarded,usa-sec-owb-ar-2020,pp. 10-17 (printed),"On September 30, 2020, the Commission announced an award of more than $1.7 million to a whistleblower who provided extensive and ongoing assistance to the investigative team over the course of the investigation.","Exchange Act Rel. No. 90057, File No. 2020-38 (pairing of release numbers to awards follows the report's footnote order). Amount qualifiers ('more than', 'nearly') as in summary. Whistleblowers: 1."
c-c10093a343,USA,usa-sec-wb,2020-09-30,day,,,Nearly $2.9 million for hard-to-detect violations.,,2900000,,USD,awarded,usa-sec-owb-ar-2020,pp. 10-17 (printed),"On September 30, 2020, the Commission announced an award of nearly $2.9 million to a whistleblower who alerted the Commission to hard-to-detect violations.","Exchange Act Rel. No. 90059, File No. 2020-39 (pairing of release numbers to awards follows the report's footnote order). Amount qualifiers ('more than', 'nearly') as in summary. Whistleblowers: 1."
c-860602df03,USA,usa-sec-wb,2020-10-20,day,,,"Largest award to date: $114 million to one individual (about $52 million for the SEC action, about $62 million for a related action by another agency).",,114000000,,USD,awarded,usa-sec-owb-ar-2021,p. 11 (printed),"On October 20, 2020, the Commission announced a $114 million award to an individual, the largest award in the program’s history.","Exchange Act Rel. No. 90247, File No. 2021-2 (order dated Oct. 22, 2020; this report gives Oct. 20 as the announcement date)."
c-bf0349f168,USA,usa-sec-wb,2020-10-22,day,,,Largest award to that date: $114 million to one whistleblower (FY2021).,,114000000,,USD,awarded,usa-sec-owb-ar-2020,"p. 1, footnote 2","On October 22, 2020, after the end of FY 2020, the Commission issued the largest award to date under the program when it granted a $114 million award to a whistleblower.","Exchange Act Rel. No. 90247, File No. 2021-2."
c-2066c2fd31,USA,usa-sec-wb,2020-11-03,day,,,Over $28 million to a whistleblower whose internal report led the company to investigate.,,28000000,,USD,awarded,usa-sec-owb-ar-2021,p. 12 (printed),"On November 3, 2020, the Commission awarded over $28 million to a whistleblower whose internal report prompted the company to initiate an internal investigation and factored into the staff’s decision to open an investigation.","Exchange Act Rel. No. 90317, File No. 2021-4."
c-456971677e,USA,,2021-01-07,day,,The Boeing Company,"Boeing entered a deferred prosecution agreement on a charge of conspiracy to defraud the FAA over the 737 MAX (MCAS), paying over $2.5 billion: $243.6 million penalty, $1.77 billion to airline customers, $500 million fund for crash victims' heirs.",2500000000,,,USD,settled,usa-doj-boeing-dpa-pr-2021,para 1,"Boeing will pay a total criminal monetary amount of over $2.5 billion, composed of a criminal monetary penalty of $243.6 million, compensation payments to Boeing’s 737 MAX airline customers of $1.77 billion","Printed as 'over $2.5 billion'. No whistleblower reward applies (aviation whistleblowers have retaliation protection, not rewards)."
c-fdecd97c9b,USA,usa-sec-wb,2021-04-15,day,,,"Approximately $50 million to two joint whistleblowers; complex transactions, tens of millions returned to investors.",,50000000,,USD,awarded,usa-sec-owb-ar-2021,pp. 11-12 (printed),"On April 15, 2021, the Commission awarded two joint whistleblowers approximately $50 million.","Exchange Act Rel. No. 91568, File No. 2021-39. Whistleblowers: 2."
c-3e7f5fb098,USA,usa-cftc-wb,2021-04-16,day,,,"Award (amount not stated) for specific, credible and timely information.",,,,USD,awarded,usa-cftc-wb-ar-2021,p. 4,"On April 16, 2021, the CFTC issued an order for an award to a whistleblower",CFTC Award Determination 21-WB-01.
c-b594591d61,USA,usa-cftc-wb,2021-04-22,day,,,Approximately $3 million to a whistleblower whose information opened the investigation.,,3000000,,USD,awarded,usa-cftc-wb-ar-2021,p. 3,"On April 22, 2021, the CFTC issued an order for an award of approximately $3 million",CFTC Award Determination 21-WB-02; Press Rel. 8383-21.
c-c6d4288b7b,USA,usa-cftc-wb,2021-04-30,day,,,CFTC Final Order/Award Determination granting an award (amount not listed; see redacted order).,,,,USD,awarded,usa-cftc-wb-orders-list-2026,whistleblower.gov/orders table,No. 21-WB-04 | 2021-04-30 | Granted,Order No. 21-WB-04; result 'Granted'; released 05/03/2021; PDF https://www.whistleblower.govhttps://www.whistleblower.gov/sites/whistleblower/files/2021-05/No.%2021-WB-04.pdf
c-dde53449eb,USA,usa-cftc-wb,2021-04-30,day,,,"Awards to several whistleblowers who first reported to other authorities (e.g. SEC, NFA) before the CFTC (amounts not stated).",,,,USD,awarded,usa-cftc-wb-ar-2021,p. 4,"During the Period, the CFTC issued awards to multiple whistleblowers based on information the whistleblowers first provided to other authorities.","CFTC Award Determinations 21-WB-03, -04, -05 (Apr. 30, 2021) and 21-WB-06 (May 27, 2021)."
c-ce0fdf1732,USA,usa-sec-wb,2021-09-15,day,,,Almost $114 million to two whistleblowers: about $110 million (incl. ~$70 million on another agency's actions) and $4 million.,,114000000,,USD,awarded,usa-sec-owb-ar-2021,p. 11 (printed),"On September 15, 2021, the Commission awarded almost $114 million to two whistleblowers.","Exchange Act Rel. No. 92985, File No. 2021-91. Whistleblowers: 2. 'Almost'."
c-b7bc0426c8,USA,usa-sec-wb,2021-09-24,day,,,Approximately $36 million for an SEC action and related actions; reduced for unreasonable delay and involvement in the scheme.,,36000000,,USD,awarded,usa-sec-owb-ar-2021,p. 12 (printed),"On September 24, 2021, the Commission awarded a whistleblower approximately $36 million based upon a successful Commission action and related actions by another agency.","Exchange Act Rel. No. 93118, File No. 2021-96."
c-c8f4246f37,USA,usa-sec-wb,2021-10-15,day,,,Top five FY2022 awards: $40 million to two whistleblowers ($32 million / $8 million).,,40000000,,USD,awarded,usa-sec-owb-ar-2022,"p. 3, 'Top Five Awards of FY 2022' chart",$40 million to two Whistleblowers ($32/$8 million),Whistleblowers: 2. Order numbers not given in the report.
c-4fa26879ba,USA,usa-cftc-wb,2021-10-21,day,,,"The CFTC paid its largest award, nearly $200 million, to one whistleblower whose information significantly contributed to an open investigation and two related actions by a US federal regulator and a foreign regulator. The CFTC does not name the case (award order 21-WB-07).",,200000000,,USD,awarded,usa-cftc-wb-pr-8453-21,paras 1-2; sidebar 'WB Award No. 21-WB-07',The Commodity Futures Trading Commission today announced an award of nearly $200 million to a whistleblower,Printed as 'nearly $200 million'; the CFTC withholds the exact amount and the case name. Press reports link it to Deutsche Bank's Libor settlement (see City A.M. row). Order number 21-WB-07.
c-c50b15e913,USA,usa-cftc-wb,2021-10-21,day,,,Largest Dodd-Frank whistleblower award at the time: nearly $200 million to one whistleblower whose information contributed to a CFTC action and two related actions (another US regulator and a foreign regulator).,,200000000,,USD,awarded,usa-cftc-wb-ar-2022,p. 4,"On October 21, 2021, the Commission's Whistleblower Program made history with the announcement of an unprecedented award of nearly $200 million to a single whistleblower.",CFTC Award Determination 21-WB-07; Press Rel. 8453-21. 'Nearly'. Brief said ~US$200 million in 2021: confirmed.
c-d748c785ef,USA,usa-cftc-wb,2021-10-22,day,,Deutsche Bank AG,"Press reports, citing unnamed sources, identified the CFTC's record award as going to a former Deutsche Bank employee who raised the alarm about Libor rigging, tied to the bank's 2015 US settlement.",,200000000,,USD,reported,gbr-cityam-libor-wb-award-2021,paras 1-2,"sources familiar with the matter have identified them as a former Deutsche Bank employee, and the payout is understood to be related to the £2.5bn settlement the bank paid to US authorities in 2015.",Award printed as 'almost $200m'. Identification not confirmed by the CFTC. Note the article's '£2.5bn' (DOJ/CFTC/NYDFS/FCA total is usually given in US dollars).
c-ae2e194951,USA,usa-nhtsa-wb,2021-11-05,day,Kim Gwang-ho,"Hyundai Motor America, Inc.; Kia Motors America, Inc.","NHTSA's first whistleblower award: information on Hyundai and Kia's late Theta II engine recalls and inaccurate reporting led to two consent orders (23 Nov 2020). Award of the maximum 30 percent of the civil penalties collected, plus 30 percent of any 'Performance Obligation Amount' collected later.",,24300000,30,USD,awarded,usa-nhtsa-wb-award-2021-0001,PDF p. 2,"million and three hundred thousand dollars ($24,300,000). 3 This award is the maximum allowable thirty percent (30%) of the civil penalties that have been collected by the United States pursuant to the Consent Orders.","Whistleblower Award Request No. 2021-0001. The quote starts mid-sentence ('twenty-four' is on PDF p. 1) and the '3' is a footnote marker. Collected penalties per the order: Hyundai non-deferred $54,000,000 and Kia non-deferred $27,000,000 (PDF p. 3); abeyance and performance-obligation amounts not collected at the time. Date from NHTSA's award table (usa-nhtsa-wb-page-2026). The whistleblower, Kim Gwang-ho (Gwang-Ho Kim), a former Hyundai engineer in South Korea, went public himself (Reuters, 12 Nov 2021, cited in the final rule, footnote 11); name from usa-taf-nhtsa-rules-2024."
c-2fe1a61a52,USA,usa-nhtsa-wb,2021-11-09,day,,Hyundai Motor America; Kia Motors America,"NHTSA's first whistleblower award: more than $24 million, the maximum percentage allowed by law of the $81 million collected, for information on Theta II engine recalls; the 2020 consent orders carried $210 million in combined penalties.",81000000,24000000,,USD,awarded,usa-nhtsa-pr-first-wb-award-2021,para 1,This award is the maximum percentage allowed by law of the $81 million in cash collected by the United States and is the first award NHTSA has issued under its authority.,Award printed as 'more than $24 million'. NHTSA does not name the whistleblower; Kim Gwang-ho went public (see CNN row).
c-8a179e9336,USA,usa-nhtsa-wb,2021-11-09,day,Kim Gwang-ho,Hyundai Motor America; Kia Motors America,"The NHTSA award went to former Hyundai engineer Kim Gwang-ho, who reported the Theta II engine problems to NHTSA in 2016 and issued his own statement on the award.",,24000000,,USD,reported,usa-cnn-hyundai-wb-2021,paras 1-2,handing out more than $24 million to a former Hyundai employee who provided key information about safety lapses at the South Korean carmaker.,"Printed as 'more than $24 million'. CNN calls it the biggest auto-sector whistleblower award globally 'according to law firm Constantine Cannon, which represented Kim' (interested source)."
c-acde6dec05,USA,usa-nhtsa-wb,2021-11-09,day,Kim Gwang-ho,Hyundai Motor America; Kia Motors America,"Press release on the same award: more than $24 million, the maximum percentage of $81 million paid in cash out of $210 million in combined consent-order penalties.",81000000,24000000,30,USD,awarded,usa-nhtsa-pr-first-wb-award-2021,"press release, paras 1-2",NHTSA will give more than $24 million to a whistleblower in connection with information provided to NHTSA related to Hyundai Motor America (Hyundai) and Kia Motors America (Kia). This award is the maximum percentage allowed by law of the $81 million in cash collected by the United States,"Same award as usa-nhtsa-wb-2021-0001, as the press release describes it ('more than $24 million' is a lower bound; the order says $24,300,000). sanctions_amount is the cash collected; combined penalties were $210 million. award_pct 30 from 'maximum percentage allowed by law' and the release's statement that the maximum is 30%."
c-f6f443ae18,USA,usa-sec-wb,2021-11-10,day,,,Top five FY2022 awards: $15 million to two whistleblowers ($12.5 million / $2.5 million).,,15000000,,USD,awarded,usa-sec-owb-ar-2022,"p. 3, 'Top Five Awards of FY 2022' chart",$15 million to two Whistleblowers ($12.5/$2.5 million),Whistleblowers: 2. Order numbers not given in the report.
c-0a02a992f0,USA,usa-cftc-wb,2021-11-22,day,,,"Nearly $1 million to two whistleblowers, with a higher share for the one whose tip opened the case.",,1000000,,USD,awarded,usa-cftc-wb-ar-2022,p. 5,"On November 22, 2021, the CFTC announced awards totaling nearly $1 million to two whistleblowers",CFTC Award Determination 22-WB-01; Press Rel. 8463-21. Whistleblowers: 2.
c-ff9356f024,USA,usa-sec-wb,2022-01-21,day,,,Top five FY2022 awards: $37 million to two joint whistleblowers.,,37000000,,USD,awarded,usa-sec-owb-ar-2022,"p. 3, 'Top Five Awards of FY 2022' chart",$37 million to two joint Whistleblowers,Whistleblowers: 2. Order numbers not given in the report.
c-b981618fa0,USA,usa-cftc-wb,2022-03-10,day,,,CFTC Final Order/Award Determination granting an award (amount not listed; see redacted order).,,,,USD,awarded,usa-cftc-wb-orders-list-2026,whistleblower.gov/orders table,"No. 22-WB-02 CFTC Awards Approximately $500,000 to Two Whistleblowers | 2022-03-10 | Granted; Denied","Order No. 22-WB-02 CFTC Awards Approximately $500,000 to Two Whistleblowers; result 'Granted; Denied'; released 03/09/2022; PDF https://www.whistleblower.govhttps://www.whistleblower.gov/sites/whistleblower/files/2022-03/No.%2022-WB-02.pdf"
c-ac15330b5b,USA,usa-cftc-wb,2022-03-18,day,,,Approximately $10 million to a whistleblower whose information opened an investigation.,,10000000,,USD,awarded,usa-cftc-wb-ar-2022,p. 4,one of which was an award of approximately $10 million to a whistleblower,CFTC Award Determination 22-WB-03; Press Rel. 8502-22.
c-a7a29942a5,USA,usa-cftc-wb,2022-03-28,day,,,"Approximately $625,000 to four whistleblowers, three of them joint.",,625000,,USD,awarded,usa-cftc-wb-ar-2022,p. 5,"On March 28, 2022, the CFTC announced whistleblower awards of approximately $625,000 to four whistleblowers",CFTC Award Determination 22-WB-04; Press Rel. 8506-22. Whistleblowers: 4.
c-077373bb35,USA,usa-sec-wb,2022-07-19,day,,,Top five FY2022 awards: $17 million to one whistleblower.,,17000000,,USD,awarded,usa-sec-owb-ar-2022,"p. 3, 'Top Five Awards of FY 2022' chart",$17 million to one Whistleblower,Whistleblowers: 1. Order numbers not given in the report.
c-2c179d2801,USA,usa-sec-wb,2022-07-28,day,,,More than $5 million to an unrepresented whistleblower; TCR requirement waived under Rule 21F-9(e) because the TCR was filed within 30 days of learning of it.,,5000000,,USD,awarded,usa-sec-owb-ar-2022,p. 2,Whistleblower who expeditiously submitted TCR after learning of the requirement receives more than $5 million.,"Exchange Act Rel. No. 95384, File No. 2022-68."
c-0d4dcd2b4b,USA,usa-sec-wb,2022-08-09,day,,,Top five FY2022 awards: $16 million to two whistleblowers ($13 million / $3 million).,,16000000,,USD,awarded,usa-sec-owb-ar-2022,"p. 3, 'Top Five Awards of FY 2022' chart",$16 million to two Whistleblowers ($13/$3 million),Whistleblowers: 2. Order numbers not given in the report.
c-0d90318f95,USA,usa-sec-wb,2022-08-12,day,,,Claim denied: claimant whose information opened an investigation made materially false statements to the SEC.,,,,USD,denied,usa-sec-owb-ar-2022,p. 2,Denied claimant who made false statements to the Commission.,"Exchange Act Rel. No. 95486, File No. 2022-74."
c-491ac6631f,USA,usa-sec-wb,2022-12-12,day,,,$20 million to one whistleblower.,,20000000,,USD,awarded,usa-sec-owb-ar-2023,"pp. 2-3, 'Top Five Awards of FY 2023' chart and bullets",$20 million to one Whistleblower,"Exchange Act Rel. No. 96474, File No. 2023-20. Whistleblowers: 1."
c-e1ea0970cb,USA,,2022-12-13,day,,Danske Bank A/S,Danske Bank pleaded guilty to conspiracy to commit bank fraud over non-resident customers of its Estonian branch and agreed to forfeit $2.059 billion; DOJ credited about $850 million paid to the SEC and Danish authorities. DOJ says the bank knew of the problems by 2014 partly from 'an internal whistleblower'.,2059000000,,,USD,settled,usa-doj-danske-plea-pr-2022,"paragraph beginning 'Today, Danske Bank pleaded guilty'","Under the terms of the plea agreement, the company has agreed to criminal forfeiture of $2.059 billion.",Printed as '$2.059 billion'. DOJ does not name the whistleblower; Howard Wilkinson went public himself (see WNN row). Same release: SEC settlement 'approximately $413 million' including a $178.6 million civil penalty.
c-9a69632451,USA,usa-sec-wb,2022-12-19,day,,,$38 million to one whistleblower.,,38000000,,USD,awarded,usa-sec-owb-ar-2023,"pp. 2-3, 'Top Five Awards of FY 2023' chart and bullets",$38 million to one Whistleblower,"Exchange Act Rel. No. 96527, File No. 2023-21. Whistleblowers: 1."
c-5f230c0910,USA,usa-sec-wb,2023-01-24,day,,,$29 million to four whistleblowers.,,29000000,,USD,awarded,usa-sec-owb-ar-2023,"pp. 2-3, 'Top Five Awards of FY 2023' chart and bullets",$29 million to four Whistleblowers,"Exchange Act Rel. No. 96739, File No. 2023-32. Whistleblowers: 4."
c-ab6487c14f,USA,usa-cftc-wb,2023-02-21,day,,,Award (amount not stated) to a whistleblower who first reported to another agency.,,,,USD,awarded,usa-cftc-wb-ar-2023,pp. 4-6,"On February 21, 2023, the Commission announced an award to one whistleblower",CFTC Award Determination 23-WB-01. Whistleblowers: 1.
c-c5d9057797,USA,usa-sec-wb,2023-02-21,day,Howard Wilkinson,Danske Bank A/S,"Howard Wilkinson, former head of Danske Bank's Baltic trading unit, reported the Estonian branch's laundering internally in 2013-2014 and later went public. As of February 2023 no US whistleblower award had been paid in the case.",178600000,,,USD,reported,usa-wnn-danske-fairfund-2023,paras 2-3,"While no whistleblower award has been paid in connection with the case, it is public knowledge that the scheme was uncovered by Wilkinson’s whistleblowing.",Sanctions amount is the SEC civil penalty placed in a Fair Fund ('$178.6 million'). Outlet is linked to Wilkinson's lawyers; no later official statement on an award found. program_id usa-sec-wb only because the article discusses the SEC programme; no award claim is documented.
c-c42e3cdd26,USA,usa-sec-wb,2023-03-31,day,,,"$9 million to a persistent whistleblower who caused the investigation to open, and $3 million to a second whistleblower.",,12000000,,USD,awarded,usa-sec-owb-ar-2023,"pp. 2-3, 'Top Five Awards of FY 2023' chart and bullets","awarded $9 million; another whistleblower, who made an important, but lesser, contribution to the success of the investigation, was awarded $3 million","Exchange Act Rel. No. 97229, File No. 2023-48. Total = $9m + $3m as stated separately. Whistleblowers: 2."
c-740140ec2f,USA,usa-sec-wb,2023-05-05,day,,,"The SEC paid its largest award, nearly $279 million, to one whistleblower whose information and assistance led to SEC and related actions, more than double its previous record of $114 million (October 2020).",,279000000,,USD,awarded,usa-sec-wb-pr-2023-89,para 1,"The Securities and Exchange Commission today announced the largest-ever award, nearly $279 million, to a whistleblower",Printed as 'nearly $279 million'. The SEC does not name the case.
c-7962642f13,USA,usa-sec-wb,2023-05-05,day,,,Largest award in programme history: almost $279 million to one whistleblower who helped an SEC investigation and another federal agency's investigation.,,279000000,,USD,awarded,usa-sec-owb-ar-2023,"pp. 2-3, 'Top Five Awards of FY 2023' chart and bullets",$279 million to one Whistleblower,"Exchange Act Rel. No. 97438, File No. 2023-55. Text: 'almost $279 million'. Whistleblowers: 1."
c-1f4ddbafb1,USA,usa-sec-wb,2023-08-04,day,,,"$104 million shared by seven whistleblowers, including foreign nationals, for misconduct at an entity's subsidiaries in three jurisdictions; fourth largest total award.",,104000000,,USD,awarded,usa-sec-owb-ar-2023,"pp. 2-3, 'Top Five Awards of FY 2023' chart and bullets",$104 million to seven Whistleblowers,"Exchange Act Rel. No. 98054, File No. 2023-75. Whistleblowers: 7."
c-e6ac826394,USA,usa-cftc-wb,2023-08-11,day,,,Awards (amounts not stated) to three separate whistleblowers in one matter.,,,,USD,awarded,usa-cftc-wb-ar-2023,pp. 4-6,"On August 11, 2023, the Commission issued a Final Order granting awards to three whistleblowers",CFTC Award Determination 23-WB-04. Whistleblowers: 3.
c-5f9330d3b5,USA,usa-cftc-wb,2023-09-19,day,,,Approximately $15 million to a whistleblower whose information opened the investigation and who gave extensive support.,,15000000,,USD,awarded,usa-cftc-wb-ar-2023,pp. 4-6,"On September 19, 2023, the CFTC announced an award of approximately $15 million",CFTC Award Determination 23-WB-05; Press Rel. 8777-23. Whistleblowers: 1.
c-9d0d4cf8b1,USA,usa-cftc-wb,2023-09-19,day,,,"Approximately $300,000 to another whistleblower.",,300000,,USD,awarded,usa-cftc-wb-ar-2023,pp. 4-6,"another award to another whistleblower amounting to approximately $300,000",CFTC Award Determination 23-WB-06; Press Rel. 8777-23. Whistleblowers: 1.
c-2c0501ab3b,USA,usa-cftc-wb,2023-09-27,day,,,"More than $300,000 to a whistleblower whose information opened the investigation.",,300000,,USD,awarded,usa-cftc-wb-ar-2023,pp. 4-6,"On September 27, 2023, the Commission announced an award of more than $300,000",CFTC Award Determination 23-WB-07; Press Rel. 8788-23. Whistleblowers: 1.
c-0699159871,USA,usa-cftc-wb,2023-10-12,day,,,Over $18 million for nonpublic information plus independent analysis of public information; covered and related action.,,18000000,,USD,awarded,usa-cftc-wb-ar-2024,pp. 4-8,The CFTC awarded over $18 million to a whistleblower,CFTC Award Determination 24-WB-01; Press Rel. 8806-23. Whistleblowers: 1.
c-30e1fa5718,USA,usa-sec-wb,2023-12-22,day,,,More than $28 million shared by seven whistleblowers; millions returned to investors.,,28000000,,USD,awarded,usa-sec-owb-ar-2024,pp. 3-4,"$28,000,000 to seven Whistleblowers","Release printed as No. 9929 (URL 34-99229), File No. 2024-5. Whistleblowers: 7."
c-f90db49233,USA,usa-cftc-wb,2024-01-04,day,,,CFTC Final Order/Award Determination granting an award (amount not listed; see redacted order).,,,,USD,awarded,usa-cftc-wb-orders-list-2026,whistleblower.gov/orders table,No. 24-WB-02 | 2024-01-04 | Granted; Denied,Order No. 24-WB-02; result 'Granted; Denied'; released 01/05/2024; PDF https://www.whistleblower.govhttps://www.whistleblower.gov/sites/whistleblower/files/2024-01/No.%2024-WB-02_0.pdf
c-5dfde23d85,USA,usa-sec-wb,2024-01-11,day,,,$1.5 million to a whistleblower who reported conduct similar to a prior SEC action against another entity.,,1500000,,USD,awarded,usa-sec-owb-ar-2024,pp. 3-4,received an award of $1.5 million,"Exchange Act Rel. No. 99313, File No. 2024-8. Whistleblowers: 1."
c-3b4149e8ed,USA,usa-cftc-wb,2024-03-14,day,,,Approximately $1.25 million; first CFTC award to a compliance officer (120-day exception).,,1250000,,USD,awarded,usa-cftc-wb-ar-2024,pp. 4-8,The CFTC awarded approximately $1.25 million to a whistleblower,CFTC Award Determination 24-WB-04; Press Rel. 8878-24. Whistleblowers: 1.
c-d04e4b7c43,USA,,2024-04-17,day,Sam Salehpour; Ed Pierson; Joe Jacobsen; John Barnett,The Boeing Company,"A Senate subcommittee heard Boeing whistleblowers. The chair described harassment, isolation, transfers and threats against Sam Salehpour, thanked Ed Pierson and Joe Jacobsen, and noted that John Barnett, a former quality manager turned whistleblower, had died by suicide in March 2024.",,,,USD,reported,usa-senate-psi-boeing-opening-2024,p. 1,"These whistleblowers have come forward at great personal risk. In fact, a number of them and others have suffered harassment, isolation, transfers, and even threats of physical violence.",Names as given by the Senate chair; the statement spells Jacobsen both 'Jacobsen' and 'Jacobson'. No reward programme involved.
c-2e190b6a49,USA,usa-cftc-wb,2024-06-03,day,,,Over $4.5 million to a market participant (not an insider); high end of the range.,,4500000,,USD,awarded,usa-cftc-wb-ar-2024,pp. 4-8,the CFTC awarded over $4.5 million to a whistleblower,CFTC Award Determination 24-WB-05; Press Rel. 8917-24. Whistleblowers: 1.
c-2936f094df,USA,usa-sec-wb,2024-06-11,day,,,"More than $600,000; multiple tips initiated and expanded an investigation.",,600000,,USD,awarded,usa-sec-owb-ar-2024,pp. 3-4,"The whistleblower received an award of more than $600,000.","Exchange Act Rel. No. 100309, File No. 2024-23. Whistleblowers: 1."
c-d2c60fef51,USA,usa-cftc-wb,2024-06-17,day,,,Over $8 million to a culpable company insider; award reduced for culpability.,,8000000,,USD,awarded,usa-cftc-wb-ar-2024,pp. 4-8,The CFTC awarded over $8 million to a company insider,CFTC Award Determination 24-WB-06; Press Rel. 8922-24. Whistleblowers: 1.
c-ced0a81172,USA,usa-sec-wb,2024-07-17,day,,,$37 million to one whistleblower.,,37000000,,USD,awarded,usa-sec-owb-ar-2024,pp. 3-4,"$37,000,000 to one Whistleblower","Exchange Act Rel. No. 100543, File No. 2024-30. Whistleblowers: 1."
c-bc27f896e3,USA,usa-sec-wb,2024-07-26,day,,,More than $37 million to a whistleblower whose persistent internal reporting led the employer to self-report.,,37000000,,USD,awarded,usa-sec-owb-ar-2024,pp. 3-4,"$37,000,000 to one Whistleblower","Exchange Act Rel. No. 100605, File No. 2024-31 (footnote 11 gives File No. 2024-34). Whistleblowers: 1."
c-74a2c0af4e,USA,usa-cftc-wb,2024-08-08,day,,,Over $1 million for information on improper trading in digital asset markets.,,1000000,,USD,awarded,usa-cftc-wb-ar-2024,pp. 4-8,The CFTC awarded over $1 million to a whistleblower,CFTC Award Determination 24-WB-07; Press Rel. 8939-24. Whistleblowers: 1.
c-462385763e,USA,usa-sec-wb,2024-08-23,day,,,About $98 million to two whistleblowers (about $82 million and about $16 million) for an SEC action and another agency's action; fifth largest by covered action.,,98000000,,USD,awarded,usa-sec-owb-ar-2024,pp. 3-4,"$98,000,000 to two Whistleblowers","Exchange Act Rel. No. 100809, File No. 2024-37. Whistleblowers: 2."
c-0a8c5c5c65,USA,usa-sec-wb,2024-08-26,day,,,$24 million to two whistleblowers.,,24000000,,USD,awarded,usa-sec-owb-ar-2024,pp. 3-4,"$24,000,000.00 to two Whistleblowers","Exchange Act Rel. No. 100818, File No. 2024-38. Whistleblowers: 2."
c-cbf0b843c8,USA,usa-cftc-wb,2024-08-29,day,,,Over $4 million to a company insider despite unreasonable reporting delay.,,4000000,,USD,awarded,usa-cftc-wb-ar-2024,pp. 4-8,The CFTC awarded over $4 million to a whistleblower,CFTC Award Determination 24-WB-08; Press Rel. 8958-24. Whistleblowers: 1.
c-47c80dcffe,USA,usa-cftc-wb,2024-09-23,day,,,Four orders granting awards to seven whistleblowers in one day (most ever); amounts not stated.,,,,USD,awarded,usa-cftc-wb-ar-2024,pp. 4-8,"On September 23, 2024, the CFTC announced four orders granting awards to seven whistleblowers.",CFTC Award Determination Press Rel. 8974-24. Whistleblowers: 7.
c-481dddd90c,USA,usa-cftc-wb,2024-09-23,day,,,CFTC Final Order/Award Determination granting an award (amount not listed; see redacted order).,,,,USD,awarded,usa-cftc-wb-orders-list-2026,whistleblower.gov/orders table,No. 24-WB-09 CFTC Announces Four Orders Granting Whistleblower Awards – Marking the Most in a Single Day | 2024-09-23 | Granted,Order No. 24-WB-09 CFTC Announces Four Orders Granting Whistleblower Awards – Marking the Most in a Single Day; result 'Granted'; released 09/23/2024; PDF https://www.whistleblower.govhttps://www.whistleblower.gov/sites/whistleblower/files/2024-09/No.%2024-WB-09.pdf
c-304bbd5b14,USA,usa-sec-wb,2024-10-10,day,,,Approximately $12 million shared by joint whistleblowers whose assistance expanded the investigation; some suffered hardships.,,12000000,,USD,awarded,usa-sec-owb-ar-2025,p. 2,Joint Whistleblowers share approximately $12 million award.,"Exchange Act Rel. No. 101299, File No. 2025-3."
c-b7da33d2b8,USA,usa-cftc-wb,2024-11-08,day,,,Nearly $4 million to two whistleblowers; the earlier reporter received more.,,4000000,,USD,awarded,usa-cftc-wb-ar-2025,p. 4,The CFTC awarded nearly $4 million to two whistleblowers,CFTC Award Determination 25-WB-01; Press Rel. 9006-24. Whistleblowers: 2.
c-e884c095e7,USA,usa-sec-wb,2024-11-25,day,,,Approximately $2 million to a whistleblower whose information opened an investigation into ongoing investment fraud.,,2000000,,USD,awarded,usa-sec-owb-ar-2025,p. 2,A whistleblower was awarded approximately $2 million,"Exchange Act Rel. No. 101721, File No. 2025-7."
c-4f5b2d1696,USA,usa-cftc-wb,2025-05-29,day,,,"Approximately $700,000, reduced for unreasonable delay and culpability.",,700000,,USD,awarded,usa-cftc-wb-ar-2025,pp. 4-5,"The CFTC awarded approximately $700,000 to one whistleblower",CFTC Award Determination 25-WB-07; Press Rel. 9081-25.
c-f065517e98,USA,usa-sec-wb,2025-08-28,day,,,More than $4.5 million to joint whistleblowers who exposed their employer's misrepresentations about an investment project.,,4500000,,USD,awarded,usa-sec-owb-ar-2025,p. 2,The whistleblowers received an award totaling more than $4.5 million.,"Exchange Act Rel. No. 103808, File No. 2025-45."
c-88b76eefa2,USA,usa-cftc-wb,2025-12-17,day,,,CFTC Final Order/Award Determination granting an award (amount not listed; see redacted order).,,,,USD,awarded,usa-cftc-wb-orders-list-2026,whistleblower.gov/orders table,No. 26-WB-01 CFTC Awards Two Whistleblowers More Than $1.8M | 2025-12-17 | Granted; Denied,Order No. 26-WB-01 CFTC Awards Two Whistleblowers More Than $1.8M; result 'Granted; Denied'; released 12/17/2025; PDF https://www.whistleblower.gov/sites/whistleblower/files/2025-12/No.26-WB-01.pdf
c-e872d9906c,USA,usa-doj-atr-wb,2026-01-29,day,,EBLOCK Corporation,First award under the Antitrust Division/USPS Whistleblower Rewards Program: tip led to criminal antitrust (bid rigging) and wire-fraud (shill bidding) charges resolved by a deferred prosecution agreement over used-vehicle online auctions.,3280000,1000000,,USD,awarded,usa-doj-atr-pr-first-wb-award-2026,"press release, para 1","a $1 million reward to a whistleblower who provided information that led to EBLOCK Corporation resolving criminal antitrust and fraud charges through a deferred prosecution agreement, under which it has agreed to pay a $3.28 million criminal fine","Press release 26-71 (C.D. Cal.). Percentage not stated. The Division describes the scheme as a '$16 million scheme'. Paid about six months after the programme started, per the Chief Postal Inspector's quote."
c-17d21612b4,USA,usa-cftc-wb,2026-04-09,day,,,CFTC Final Order/Award Determination granting an award (amount not listed; see redacted order).,,,,USD,awarded,usa-cftc-wb-orders-list-2026,whistleblower.gov/orders table,No. 26-WB-02 | 2026-04-09 | Granted; Denied,Order No. 26-WB-02; result 'Granted; Denied'; released 04/09/2026; PDF https://www.whistleblower.govhttps://www.whistleblower.gov/sites/whistleblower/files/26-WB-02%20Final%20Order%20-%20PUBLIC_Redacted.pdf
c-3aa5179903,USA,usa-cftc-wb,2026-06-01,day,,,CFTC Final Order/Award Determination granting an award (amount not listed; see redacted order).,,,,USD,awarded,usa-cftc-wb-orders-list-2026,whistleblower.gov/orders table,No. 26-WB-07 CFTC Grants Five Whistleblower Awards Totaling Over $8M | 2026-06-01 | Granted,Order No. 26-WB-07 CFTC Grants Five Whistleblower Awards Totaling Over $8M; result 'Granted'; released 06/01/2026; PDF https://www.whistleblower.gov/sites/whistleblower/files/2026-06/No.%2026-WB-07.pdf
c-c4db979753,USA,usa-cftc-wb,2026-07-31,day,,,CFTC Final Order/Award Determination granting an award (amount not listed; see redacted order).,,,,USD,awarded,usa-cftc-wb-orders-list-2026,whistleblower.gov/orders table,No. 26-WB-20 | 2026-07-31 | Granted,Order No. 26-WB-20; result 'Granted'; released 07/31/2026; PDF https://www.whistleblower.gov/sites/whistleblower/files/2026-07/Final%20Order%20Public%2026-WB-20.pdf
c-ecf27733db,USA,usa-fca-qui-tam,2026-09-01,day,Clarissa Zafirov,"Florida Medical Associates, LLC (VipCare) and related entities","Dr Clarissa Zafirov's 2019 qui tam suit alleged false Medicare diagnosis codes. In 2024 the district court dismissed it, holding qui tam relators are unappointed officers in breach of the Appointments Clause. On 1 September 2026 the Eleventh Circuit vacated that ruling and remanded for the remaining constitutional arguments.",,,,USD,pending,usa-ca11-zafirov-2026,pp. 2-3,we vacate the district court’s order dismissing this case and remand for the district court to evaluate the defendants’ remaining constitutional arguments.,Case remains pending on Take Care and Vesting Clause arguments.
c-89fe917daa,USA,usa-cftc-wb,2026-09-11,day,,,CFTC Final Order/Award Determination granting an award (amount not listed; see redacted order).,,,,USD,awarded,usa-cftc-wb-orders-list-2026,whistleblower.gov/orders table,No. 26-WB-25 | 2026-09-11 | Granted; Denied,Order No. 26-WB-25; result 'Granted; Denied'; released 09/14/2026; PDF https://www.whistleblower.gov/sites/whistleblower/files/2026-09/26-WB-25%20Public%20Order.pdf
c-82dfd2bf92,USA,usa-cftc-wb,2026-09-14,day,,,CFTC Final Order/Award Determination granting an award (amount not listed; see redacted order).,,,,USD,awarded,usa-cftc-wb-orders-list-2026,whistleblower.gov/orders table,No. 26-WB-27 | 2026-09-14 | Granted; Denied,Order No. 26-WB-27; result 'Granted; Denied'; released 09/14/2026; PDF https://www.whistleblower.gov/sites/whistleblower/files/2026-09/26-WB-27%20Public%20Order.pdf
