source_id,source_type,stored,title,numbers,rules,events,cases,measures,splits,status,contains,to_do,reviewed_by,reviewed_on
aus-treasury-govt-response-pjc-whistleblower-2019,government,yes,Australian Government response to the Parliamentary Joint Committee on Corporations and Financial Services report into whistleblower protections in the corporat,0,0,2,0,,,not_reviewed,,"Priority review: described as holding statistics or tables, but only 0 number(s) extracted.",,
aus-treasury-review-whistleblowing-2026,government,yes,Statutory review of tax and corporate whistleblowing,0,0,1,0,,,not_reviewed,,,,
can-advisor-otip-2020,media,no,Whistleblowers lead CRA to assess nearly $60 million in offshore taxes,4,0,0,0,collections_attributable 1; informant_contracts 1; taxes_assessed_attributable 1; tips_received 1,,not_reviewed,,,,
can-bennettjones-otip-2019,industry,no,Whistleblowing Pays Off: New CRA Data on First Payments to Informants,5,0,0,0,awards_paid_amount 1; collections_attributable 1; informant_contracts 1; taxes_assessed_attributable 1; tips_received 1,,not_reviewed,,,,
can-canadianlawyer-otip-2019,media,no,Rewards rise for informants blowing whistle on offshore federal tax non-compliance,8,0,0,0,awards_paid_amount 2; informant_contracts 2; tips_received 2; collections_attributable 1; taxes_assessed_attributable 1,,not_reviewed,,,,
can-cra-otip-outcomes-2026,government,yes,Report offshore tax cheating: Outcomes (how rewards work),0,3,0,0,,,not_reviewed,,,,
can-cra-otip-overview-2026,government,yes,Offshore Tax Informant Program: Overview,0,0,0,0,,,not_reviewed,,,,
can-cra-otip-pia-2024,government,yes,Offshore Tax Informant Program v 3.0 (Privacy Impact Assessment summary),0,0,0,0,,,not_reviewed,,,,
can-osc-fs-2019,government,yes,"Ontario Securities Commission financial statements, fiscal year ended March 31, 2019 (OSC Annual Report)",1,0,0,0,awards_paid_amount 1,,not_reviewed,,"Priority review: described as holding statistics or tables, but only 1 number(s) extracted.",,
can-osc-fs-2020,government,yes,"Ontario Securities Commission financial statements, fiscal year ended March 31, 2020 (OSC Annual Report)",1,0,0,0,awards_paid_amount 1,,not_reviewed,,"Priority review: described as holding statistics or tables, but only 1 number(s) extracted.",,
can-osc-fs-2021,government,yes,"Ontario Securities Commission financial statements, fiscal year ended March 31, 2021 (OSC Annual Report)",1,0,0,0,awards_paid_amount 1,,not_reviewed,,"Priority review: described as holding statistics or tables, but only 1 number(s) extracted.",,
can-osc-fs-2022,government,yes,"Ontario Securities Commission financial statements, fiscal year ended March 31, 2022 (OSC Annual Report)",1,0,0,0,awards_paid_amount 1,,not_reviewed,,"Priority review: described as holding statistics or tables, but only 1 number(s) extracted.",,
can-osc-fs-2023,government,yes,"Ontario Securities Commission financial statements, fiscal year ended March 31, 2023 (OSC Annual Report)",1,0,0,0,awards_paid_amount 1,,not_reviewed,,"Priority review: described as holding statistics or tables, but only 1 number(s) extracted.",,
can-osc-fs-2024,government,yes,"Ontario Securities Commission financial statements, fiscal year ended March 31, 2024 (OSC Annual Report)",1,0,0,0,awards_paid_amount 1,,not_reviewed,,"Priority review: described as holding statistics or tables, but only 1 number(s) extracted.",,
can-osc-fs-2025,government,yes,"Ontario Securities Commission financial statements, fiscal year ended March 31, 2025 (OSC Annual Report)",1,0,0,0,awards_paid_amount 1,,not_reviewed,,"Priority review: described as holding statistics or tables, but only 1 number(s) extracted.",,
can-osc-fs-2026,government,yes,"Ontario Securities Commission financial statements, fiscal year ended March 31, 2026 (OSC Annual Report)",1,0,0,0,awards_paid_amount 1,,not_reviewed,,"Priority review: described as holding statistics or tables, but only 1 number(s) extracted.",,
can-osc-nr-award-2019-02-27,government,yes,OSC Awards $7.5 Million to Three Whistleblowers,0,0,1,1,,,not_reviewed,,,,
can-osc-nr-award-2020-04-06,government,yes,OSC awards over half a million to whistleblower,1,0,0,1,awards_paid_amount 1,,not_reviewed,,,,
can-osc-nr-award-2020-11-17,government,yes,OSC awards over half a million to three whistleblowers,1,0,0,1,awards_paid_amount 1,,not_reviewed,,,,
can-osc-nr-award-2022-03-01,government,yes,OSC issues whistleblower award totalling nearly a quarter of a million dollars,1,0,0,1,awards_paid_amount 1,,not_reviewed,,,,
can-osc-nr-award-2023-03-20,government,yes,OSC awards nearly half a million dollars to whistleblower,2,0,0,1,awards_paid_amount 1; sanctions_ordered 1,,not_reviewed,,,,
can-osc-nr-award-2024-02-27,government,yes,OSC awards $1.5 million to whistleblower,1,0,0,1,awards_paid_amount 1,,not_reviewed,,,,
can-osc-nr-award-2024-05-15,government,yes,"OSC awards $300,000 to whistleblower who uncovered complex misconduct",1,0,0,1,awards_paid_amount 1,,not_reviewed,,,,
can-osc-nr-award-2024-10-23,government,yes,"OSC announces $150,000 award to international whistleblower",1,0,0,1,awards_paid_amount 1,,not_reviewed,,,,
can-osc-wb-eligibility-2026,government,yes,Award eligibility and process,0,5,0,0,,,not_reviewed,,,,
can-osc-wb-page-2026,government,yes,OSC Whistleblower Program (programme page),0,0,0,0,,,not_reviewed,,,,
can-osc-wb-update-2022,government,yes,Update on the OSC Whistleblower Program 2016 to 2022,4,2,2,0,awards_paid_amount 1; individuals_awarded 1; sanctions_ordered 1; tips_received 1,,not_reviewed,,,,
che-bger-bge-145-iv-114-2018,court,yes,"BGE 145 IV 114 (Urteil 6B_1314/2016, 6B_1318/2016 vom 10. Oktober 2018)",0,0,0,1,,,not_reviewed,,,,
che-lawch-elmer-2018,media,no,Rudolf Elmer: Keine Verletzung des Bankgeheimnisses,0,0,1,0,,,not_reviewed,,,,
che-srf-falciani-2015,media,no,Bundesstrafgericht verurteilt Hervé Falciani zu fünf Jahren Haft,0,0,1,1,,,not_reviewed,,,,
euu-eurlex-directive-2019-1937,eu,yes,Directive (EU) 2019/1937 of the European Parliament and of the Council of 23 October 2019 on the protection of persons who report breaches of Union law,0,0,1,0,,,not_reviewed,,,,
gbr-accountancyage-hmrc-2014,media,no,HMRC pays out £400k to tax-dodge informants,1,0,0,0,awards_paid_amount 1,,not_reviewed,,,,
gbr-accountancyage-hmrc-2015,media,no,HMRC pays out highest-ever amount to tax whistleblowers,2,0,0,0,awards_paid_amount 2,,not_reviewed,,,,
gbr-cityam-libor-wb-award-2021,media,no,Deutsche Bank Libor whistleblower awarded record $200m payout,0,0,0,1,,,not_reviewed,,,,
gbr-cma-news-cartel-reward-2023,government,yes,Blowing the whistle on cartels,0,2,1,0,,,not_reviewed,,,,
gbr-cma-rewards-guidance-2014,government,yes,Rewards for information about cartels,0,1,0,0,,,not_reviewed,,,,
gbr-csw-hmrc-2019,media,no,"HMRC pays out £350,000 in a year for tax fraud tip-offs",1,0,0,0,awards_paid_amount 1,,not_reviewed,,,,
gbr-fca-pra-incentives-2014,government,yes,Financial Incentives for Whistleblowers: Note by the Financial Conduct Authority and the Prudential Regulation Authority for the Treasury Select Committee,0,0,2,0,,,not_reviewed,,,,
gbr-fisher-review-fraud-digital-age-2026,government,yes,"Independent Review of Disclosure and Fraud Offences: Fraud in the Digital Age (second report, CP 1600)",2,0,1,0,awards_paid_amount 2,,not_reviewed,,,,
gbr-hmrc-ar-2018-19,government,yes,HMRC Annual Report and Accounts 2018-19,1,0,0,0,awards_paid_amount 1,,not_reviewed,,"Priority review: described as holding statistics or tables, but only 1 number(s) extracted.",,
gbr-hmrc-ar-2019-20,government,yes,HMRC Annual Report and Accounts 2019 to 2020,1,0,0,0,awards_paid_amount 1,,not_reviewed,,"Priority review: described as holding statistics or tables, but only 1 number(s) extracted.",,
gbr-hmrc-ar-2020-21,government,yes,HMRC Annual Report and Accounts 2020 to 2021,2,0,0,0,awards_paid_amount 1; tips_received 1,,not_reviewed,,"Priority review: described as holding statistics or tables, but only 2 number(s) extracted.",,
gbr-hmrc-ar-2023-24,government,yes,HMRC annual report and accounts 2023 to 2024,2,0,0,0,awards_paid_amount 1; tips_received 1,,not_reviewed,,"Priority review: described as holding statistics or tables, but only 2 number(s) extracted.",,
gbr-hmrc-ar-2024-25,government,yes,HMRC annual report and accounts 2024 to 2025,2,0,0,0,awards_paid_amount 1; tips_received 1,,not_reviewed,,"Priority review: described as holding statistics or tables, but only 2 number(s) extracted.",,
gbr-hmrc-ar-2025-26,government,yes,HMRC annual report and accounts 2025 to 2026,2,0,0,0,awards_paid_amount 1; tips_received 1,,not_reviewed,,"Priority review: described as holding statistics or tables, but only 2 number(s) extracted.",,
gbr-hmrc-srs-draft-legislation-2026,legislation,yes,Draft Finance Bill measures: Deduction of income tax at source: informant rewards paid by HMRC,0,0,0,0,,,not_reviewed,,,,
gbr-hmrc-srs-guidance-2025,government,yes,Reporting serious tax avoidance or evasion (Strengthened Reward Scheme),0,5,1,0,,,not_reviewed,,,,
gbr-hmrc-srs-withholding-tiin-2026,government,yes,Withholding of tax for rewards received under the Strengthened Reward Scheme (tax information and impact note),0,0,1,0,,,not_reviewed,,,,
gbr-hmt-autumn-budget-2024,government,yes,Autumn Budget 2024 (HTML),0,0,1,0,,,not_reviewed,,,,
gbr-hmt-budget-2025,government,yes,Budget 2025 (HTML),0,0,0,0,,,not_reviewed,,,,
gbr-hmt-budget-2025-policy-costings,government,yes,Budget 2025: Policy costings,6,0,0,0,exchequer_yield_forecast 6,,not_reviewed,,,,
gbr-hmt-speech-hmrc20-2025,government,yes,Exchequer Secretary to the Treasury: 20 years of HMRC - reflections and looking ahead,0,0,1,0,,,not_reviewed,,,,
gbr-ho-anti-corruption-strategy-2025,government,yes,UK Anti-Corruption Strategy 2025,0,0,1,0,,,not_reviewed,,,,
gbr-managementtoday-gsk-relators-2012,media,no,Glaxo whistleblowers to pocket $250m for coming forward,0,0,0,1,,,not_reviewed,,,,
gbr-moneyweek-hmrc-2025,media,no,"HMRC rewarded tax informants with £850,000 as record fraud tip-offs sent to taxman last year",2,0,0,0,awards_paid_amount 1; tips_received 1,,not_reviewed,,,,
gbr-parliament-wq-93208-2025,government,yes,Written question UIN 93208: Revenue and Customs: Rewards (HMRC whistleblowing reward scheme),0,0,1,0,,,not_reviewed,,,,
gbr-sfo-news-plan-2025,government,yes,Serious Fraud Office sets out next steps in ambitious plan,0,0,1,0,,,not_reviewed,,,,
gbr-sfo-speech-conference-2026,government,yes,Director addresses global anti-corruption conference,0,0,1,0,,,not_reviewed,,,,
gbr-sfo-speech-rusi-2024,government,yes,Director Ephgrave's speech at RUSI 13 February 2024,0,0,1,0,,,not_reviewed,,,,
gbr-taxjournal-hmrc-2012,media,no,HMRC defends payments to informants,3,0,0,0,awards_paid_amount 3,,not_reviewed,,,,
gbr-wnn-hmrc-2025,media,no,The UK's Floating Commitment to Whistleblowers Abating Tax Fraud,3,0,0,0,awards_paid_amount 2; tips_received 1,,not_reviewed,,,,
gha-gna-amendment-2022,media,no,Reward systems for Whistleblowers to be introduced – AG,0,0,1,0,,,not_reviewed,,,,
gha-parliament-act720-2006,legislation,yes,"Whistleblower Act, 2006 (Act 720)",0,2,1,0,,,not_reviewed,,,,
hun-gvh-informant-reward-page-2026,government,yes,Gyakran feltett kérdések az informátori díjjal kapcsolatban (Informant reward FAQ),0,1,0,0,,,not_reviewed,,,,
hun-gvh-ogy-beszamolo-2010,government,yes,Beszámoló az Országgyűlés részére a Gazdasági Versenyhivatal 2010. évi tevékenységéről,1,2,1,0,tips_received 1,,not_reviewed,,,,
hun-gvh-ogy-beszamolo-2012,government,yes,Beszámoló az Országgyűlés részére a Gazdasági Versenyhivatal 2012. évi tevékenységéről,1,0,0,0,tips_received 1,,not_reviewed,,,,
hun-gvh-ogy-beszamolo-2013,government,yes,Beszámoló az Országgyűlés részére a Gazdasági Versenyhivatal 2013. évi tevékenységéről,2,0,0,1,award_applications_admitted 1; tips_received 1,,not_reviewed,,,,
hun-gvh-ogy-beszamolo-2014,government,yes,Beszámoló az Országgyűlés részére a Gazdasági Versenyhivatal 2014. évi tevékenységéről,2,0,1,0,award_applications_admitted 1; tips_received 1,,not_reviewed,,,,
hun-gvh-ogy-beszamolo-2015,government,yes,Beszámoló az Országgyűlés részére a Gazdasági Versenyhivatal 2015. évi tevékenységéről,2,0,0,0,award_applications_admitted 1; tips_received 1,,not_reviewed,,,,
hun-gvh-ogy-beszamolo-2016,government,yes,Beszámoló az Országgyűlés részére a Gazdasági Versenyhivatal 2016. évi tevékenységéről,0,0,0,0,,,not_reviewed,,,,
intl-csmonitor-ap-birkenfeld-award-2012,media,no,UBS whistleblower: IRS pays tax cheat informant $104M,0,0,1,1,,,not_reviewed,,,,
intl-echr-halet-gc-2023,court,yes,"Case of Halet v. Luxembourg (Application no. 21884/18), Grand Chamber judgment",0,0,3,2,,,not_reviewed,,,,
intl-eu-directive-2019-1937,eu,yes,Directive (EU) 2019/1937 of the European Parliament and of the Council of 23 October 2019 on the protection of persons who report breaches of Union law,0,0,1,0,,,not_reviewed,,,,
kor-acrc-ar-2010,government,yes,ACRC Korea Annual Report 2010,57,0,0,0,awards_paid_amount 17; awards_paid_count 14; award_applications_received 10; collections_attributable 10; award_claims_denied 6,category; item,not_reviewed,,,,
kor-acrc-ar-2011,government,yes,ACRC Korea Annual Report 2011,46,0,0,0,awards_paid_amount 18; awards_paid_count 17; collections_attributable 11,category; item,not_reviewed,,,,
kor-acrc-ar-2013,government,yes,ACRC Korea Annual Report 2013,8,0,0,0,awards_paid_amount 4; awards_paid_count 3; collections_attributable 1,category; item,not_reviewed,,,,
kor-acrc-ar-2014,government,yes,ACRC Korea Annual Report 2014,6,0,0,0,awards_paid_amount 3; awards_paid_count 2; collections_attributable 1,category; item,not_reviewed,,,,
kor-acrc-ar-2015,government,yes,ACRC Korea Annual Report 2015,9,3,3,1,awards_paid_amount 4; awards_paid_count 3; collections_attributable 1; individuals_awarded 1,category; item,not_reviewed,,,,
kor-acrc-ar-2016,government,yes,ACRC Korea Annual Report 2016,54,0,0,0,awards_paid_amount 16; awards_paid_count 15; collections_attributable 14; claims_closed 5; award_claims_denied 4,category; item,not_reviewed,,,,
kor-acrc-ar-2017,government,yes,ACRC Korea Annual Report 2017,9,0,0,0,awards_paid_amount 3; awards_paid_count 2; collections_attributable 2; award_claims_denied 1; claims_closed 1,category; item,not_reviewed,,,,
kor-acrc-ar-2018,government,yes,ACRC Korea Annual Report 2018,8,0,0,0,awards_paid_amount 4; awards_paid_count 2; collections_attributable 2,category; item,not_reviewed,,,,
kor-acrc-ar-2019,government,yes,ACRC Korea Annual Report 2019,10,0,0,0,awards_paid_amount 5; awards_paid_count 3; collections_attributable 2,category; item,not_reviewed,,,,
kor-acrc-ar-2020,government,yes,ACRC Korea Annual Report 2020,6,0,0,0,awards_paid_amount 2; awards_paid_count 2; collections_attributable 2,category,not_reviewed,,,,
kor-acrc-ar-2022,government,yes,ACRC Korea Annual Report 2022,66,0,0,0,awards_paid_amount 22; awards_paid_count 22; collections_attributable 22,category,not_reviewed,,,,
kor-acrc-ar-2023,government,yes,ACRC Korea Annual Report 2023,18,0,0,0,awards_paid_amount 6; awards_paid_count 6; collections_attributable 6,category,not_reviewed,,,,
kor-acrc-ar-2024,government,yes,ACRC Korea Annual Report 2024,60,0,0,0,awards_paid_amount 20; awards_paid_count 20; collections_attributable 20,category,not_reviewed,,,,
kor-acrc-ar-2025,government,yes,ACRC Korea Annual Report 2025,15,9,3,0,awards_paid_amount 7; awards_paid_count 7; collections_attributable 1,category; item,not_reviewed,,,,
kor-acrc-pr-2016-12-08,government,yes,"국민권익위, 부패신고자 25명에게 4억 7,700여만 원 보상·포상금 지급",2,0,0,0,awards_paid_amount 2,category; item,not_reviewed,,,,
kor-acrc-pr-2017-05-18,government,yes,"국민권익위, 부패·공익신고 보상금 17억 3천여만 원 지급",5,0,0,0,awards_paid_amount 3; collections_attributable 1; individuals_awarded 1,category,not_reviewed,,,,
kor-acrc-pr-2019-01-09,government,yes,"담합행위 신고한 공익신고자에게 역대 최고 보상금 6억 9,224만 원 지급",0,0,0,1,,,not_reviewed,,,,
kor-acrc-pr-2019-12-27,government,yes,올 한해 부패·공익신고자 312명에게 보상금 등 총 43억 2천여만 원 지급,5,0,0,1,awards_paid_amount 3; collections_attributable 1; individuals_awarded 1,category; item,not_reviewed,,,,
kor-acrc-pr-2020-09-28,government,yes,"[공익신고자 보호법 시행 9년] 보상ㆍ포상금 101억 원, 국가환수 1,370억 원",28,0,0,0,awards_paid_amount 16; collections_attributable 10; award_applications_received 1; awards_paid_count 1,category; item,not_reviewed,,,,
kor-acrc-pr-2021-01-01,government,yes,"국민권익위, 부패·공익 신고자들에게 보상금 등 5억 872만 원 지급",2,0,0,0,awards_paid_amount 1; awards_paid_count 1,item,not_reviewed,,,,
kor-acrc-pr-2021-01-28,government,yes,"국민권익위, 지난해 부패·공익 신고자 보상금 등 55억 2,740만 원 지급...약 712억 원 수입 회복",9,0,1,1,awards_paid_amount 5; awards_paid_count 2; collections_attributable 1; individuals_awarded 1,category; item,not_reviewed,,,,
kor-acrc-pr-2021-11-11,government,yes,"국민권익위, 부패·공익신고자에게 보상·포상금 367억 원 지급",2,0,0,1,awards_paid_amount 1; collections_attributable 1,item,not_reviewed,,,,
kor-acrc-pr-2022-05-02,government,yes,"국민권익위, ""지난 5년간 촘촘한 신고자 보호체계 만들고 보상금 대폭 상향해""",1,0,0,0,awards_paid_amount 1,item,not_reviewed,,,,
kor-acrc-pr-2022-05-09,government,yes,"국민권익위, ""부패･공익신고 보호･보상 일원화로 국제적 수준의 보호보상 체계 확립 추진""",1,0,0,0,awards_paid_amount 1,item,not_reviewed,,,,
kor-acrc-pr-2023-12-26,government,yes,"국민권익위, ""부패신고 보상금 역대 최고액 42억 4천만 원 집행""",7,0,0,0,awards_paid_amount 5; collections_attributable 1; individuals_awarded 1,category; item,not_reviewed,,,,
kor-acrc-pr-2024-01-15,government,yes,"""보상금 한도 없애고 내부 공익신고자 변호사비 지원한다""",0,0,1,0,,,not_reviewed,,,,
kor-acrc-pr-2024-04-23,government,yes,"부패‧공익신고자, 1분기 동안 보상금 8억2천만원 받았다",4,0,0,0,awards_paid_amount 1; awards_paid_count 1; collections_attributable 1; individuals_awarded 1,,not_reviewed,,,,
kor-acrc-pr-2024-07-18,government,yes,"국민권익위, 부패‧공익신고자에게 올해 2분기 보상금 10억9천만원 지급",4,0,0,0,awards_paid_amount 1; awards_paid_count 1; collections_attributable 1; individuals_awarded 1,,not_reviewed,,,,
kor-acrc-pr-2024-10-29,government,yes,3분기 신고자 보상금 10억 원… ‘인건비 부풀리기’ 1억4천만 원 최고액,4,0,0,0,awards_paid_amount 1; awards_paid_count 1; collections_attributable 1; individuals_awarded 1,,not_reviewed,,,,
kor-acrc-pr-2024-12-26,government,yes,"국민권익위, 부패·공익신고자 74명에 보상금 15억4천만 원 지급",5,0,0,0,awards_paid_amount 2; awards_paid_count 1; collections_attributable 1; individuals_awarded 1,item,not_reviewed,,,,
kor-acrc-pr-2025-05-01,government,yes,올해 1분기 부패·공익신고자 59명에 보상금 6억 3천여만원 지급,3,0,0,0,awards_paid_amount 1; collections_attributable 1; individuals_awarded 1,,not_reviewed,,,,
kor-acrc-pr-2025-07-17,government,yes,올해 2분기 부패·공익신고자 44명에 보상금 6억 5천만 원 지급,4,0,0,0,awards_paid_amount 2; collections_attributable 1; individuals_awarded 1,item,not_reviewed,,,,
kor-acrc-pr-2025-08-26,government,yes,"국민권익위, 부패·공익신고자 32명에게 보상금 약 3억 원 지급",3,0,0,0,awards_paid_amount 1; collections_attributable 1; individuals_awarded 1,,not_reviewed,,,,
kor-acrc-pr-2025-12-10,government,yes,"국민권익위, 부패행위 신고자에게 역대 최고 보상금 18억 2천만 원 지급",0,0,1,1,,,not_reviewed,,,,
kor-acrc-pr-2026-05-26,government,yes,"""올해 1분기 부패·공익신고자 64명에게 총 보상금 9억 1천여만 원 지급""",3,0,0,0,awards_paid_amount 1; collections_attributable 1; individuals_awarded 1,,not_reviewed,,,,
kor-acrc-pr-2026-07-14,government,yes,신고자 보상 대폭 강화‧‧‧ 수입회복액의 30% 보상금 지급 추진,0,0,0,0,,,not_reviewed,,,,
kor-acrc-pr-2026-09-22,government,yes,"신고자 보상금 30억 상한 폐지, 신고로 회복된 공공기관 수입의 30% 지급",0,0,1,0,,,not_reviewed,,,,
kor-acrc-workplan-2019,government,yes,2019년 국민권익위원회 주요업무 추진계획 (2019 ACRC major work plan),4,0,0,0,awards_paid_amount 2; awards_paid_count 2,category,not_reviewed,,,,
kor-asiae-decree-2026,media,no,부패방지법 등 3개 시행령 입법예고,0,0,1,0,,,not_reviewed,,,,
kor-moleg-acad-act-2001,legislation,yes,"부패방지법 (Anti-Corruption Act), 법률 제6494호, 2001. 7. 24. 제정, 2002. 1. 25. 시행",0,2,1,0,,,not_reviewed,,,,
kor-moleg-acad-decree-2002,legislation,yes,"부패방지법시행령 (Enforcement Decree of the Anti-Corruption Act), 대통령령 제17420호, 2001. 11. 29. 제정, 2002. 1. 25. 시행",0,3,0,0,,,not_reviewed,,,,
kor-moleg-acad-decree-2005,legislation,yes,"부패방지법시행령 일부개정령, 대통령령 제19238호, 2005. 12. 30. 시행",0,4,1,0,,,not_reviewed,,,,
kor-moleg-acrc-decree-2008,legislation,yes,"부패방지 및 국민권익위원회의 설치와 운영에 관한 법률 시행령, 대통령령 제20737호, 2008. 2. 29. 시행",0,0,0,0,,,not_reviewed,,,,
kor-moleg-acrc-decree-2014,legislation,yes,"부패방지 및 국민권익위원회의 설치와 운영에 관한 법률 시행령, 대통령령 제25751호, 2014. 11. 19. 시행",0,0,0,0,,,not_reviewed,,,,
kor-moleg-acrc-decree-2015,legislation,yes,"부패방지 및 국민권익위원회의 설치와 운영에 관한 법률 시행령 일부개정령, 대통령령 제26598호, 2015. 10. 20. 시행",0,2,1,0,,,not_reviewed,,,,
kor-moleg-acrc-decree-2026-03,legislation,yes,"부패방지 및 국민권익위원회의 설치와 운영에 관한 법률 시행령, 대통령령 제36161호, 2026. 3. 3. 시행",0,1,0,0,,,not_reviewed,,,,
kor-moleg-acrc-decree-2026-09,legislation,yes,"부패방지 및 국민권익위원회의 설치와 운영에 관한 법률 시행령 일부개정령, 대통령령 제36730호, 2026. 9. 29. 공포·시행",0,3,1,0,,,not_reviewed,,,,
kor-moleg-pfra-decree-2020,legislation,yes,"공공재정 부정청구 금지 및 부정이익 환수 등에 관한 법률 시행령 (Enforcement Decree of the Public Funds Recovery Act), 대통령령 제30309호, 2019. 12. 31. 제정, 2020. 1. 1. 시행",0,3,1,0,,,not_reviewed,,,,
kor-moleg-pfra-decree-2024,legislation,yes,"공공재정 부정청구 금지 및 부정이익 환수 등에 관한 법률 시행령 일부개정령, 대통령령 제34920호, 2024. 9. 27. 시행",0,0,1,0,,,not_reviewed,,,,
kor-moleg-pfra-decree-2026,legislation,yes,"공공재정 부정청구 금지 및 부정이익 환수 등에 관한 법률 시행령 일부개정령, 대통령령 제36732호, 2026. 9. 29. 공포·시행",0,3,0,0,,,not_reviewed,,,,
kor-moleg-piwpa-decree-2011,legislation,yes,"공익신고자 보호법 시행령 (Enforcement Decree of the Public Interest Whistleblower Protection Act), 대통령령 제23198호, 2011. 9. 30. 제정·시행",0,3,0,0,,,not_reviewed,,,,
kor-moleg-piwpa-decree-2016,legislation,yes,"공익신고자 보호법 시행령 일부개정령, 대통령령 제26934호, 2016. 1. 25. 시행",0,1,1,0,,,not_reviewed,,,,
kor-moleg-piwpa-decree-2018,legislation,yes,"공익신고자 보호법 시행령 일부개정령, 대통령령 제28849호, 2018. 5. 1. 시행",0,1,1,0,,,not_reviewed,,,,
kor-moleg-piwpa-decree-2023,legislation,yes,"공익신고자 보호법 시행령 일부개정령, 대통령령 제34016호, 2023. 12. 19. 시행",0,1,0,0,,,not_reviewed,,,,
kor-moleg-piwpa-decree-2024,legislation,yes,"공익신고자 보호법 시행령 일부개정령, 대통령령 제34783호, 2024. 8. 7. 시행",0,1,0,0,,,not_reviewed,,,,
kor-moleg-piwpa-decree-2026,legislation,yes,"공익신고자 보호법 시행령 일부개정령, 대통령령 제36731호, 2026. 9. 29. 공포·시행",0,2,0,0,,,not_reviewed,,,,
kor-sbs-decree-2026,media,no,부패 공익신고 보상금 '수입 회복액 30%'로…상한 '30억'도 폐지,0,3,1,0,,,not_reviewed,,,,
ltu-govt-resolution-1133-2018,legislation,yes,Vyriausybės nutarimas Nr. 1133 dėl Pranešėjų apsaugos įstatymo įgyvendinimo (Atlyginimo pranešėjams už vertingą informaciją tvarkos aprašas),0,0,0,0,,,not_reviewed,,,,
ltu-kt-news-law-amendments-2019,government,yes,Seimas adopted amendments to Lithuanian competition law,0,0,1,0,,,not_reviewed,,,,
ltu-kt-news-remuneration-procedure-2019,government,yes,Konkurencijos taryba approves whistleblower remuneration procedure,0,3,1,0,,,not_reviewed,,,,
ltu-kt-news-reward-2026,government,yes,Persons providing significant information about investigations already being conducted by the Competition Council may receive a monetary reward,0,0,0,0,,,not_reviewed,,,,
ltu-prokuratura-veikla-2023,government,yes,Lietuvos Respublikos prokuratūros veiklos 2023 metais ataskaita,4,0,0,0,award_applications_received 2; awards_paid_count 2,,not_reviewed,,,,
ltu-prokuratura-veikla-2024,government,yes,Lietuvos Respublikos prokuratūros veiklos 2024 metais ataskaita,3,0,0,0,award_applications_received 1; award_claims_denied 1; awards_paid_count 1,,not_reviewed,,,,
ltu-seimas-law-xiii-804-2017,legislation,yes,Lietuvos Respublikos pranešėjų apsaugos įstatymas Nr. XIII-804 (Law on the Protection of Whistleblowers),0,2,0,0,,,not_reviewed,,,,
ltu-ti-whistleblower-2023,ngo,no,Pranešėjų apsauga Lietuvoje: kaip gerai apsaugome pranešančius asmenis?,13,0,0,0,awards_paid_amount 5; award_applications_received 4; awards_paid_count 4,,not_reviewed,,,,
lux-paperjam-halet-2023,media,no,Luxembourg ordered to compensate whistleblower Raphaël Halet,0,0,0,0,,,not_reviewed,,,,
svk-pmu-vs-2014,government,yes,Výročná správa Protimonopolného úradu SR 2014 / Annual Report 2014,0,1,1,0,,,not_reviewed,,"Priority review: described as holding statistics or tables, but only 0 number(s) extracted.",,
svk-uoo-vs-2021,government,yes,Výročná správa Úradu na ochranu oznamovateľov za rok 2021,2,2,0,0,award_applications_received 1; award_claims_denied 1,,not_reviewed,,"Priority review: described as holding statistics or tables, but only 2 number(s) extracted.",,
svk-uoo-vs-2022,government,yes,Výročná správa Úradu na ochranu oznamovateľov za rok 2022,1,0,0,0,award_applications_received 1,,not_reviewed,,"Priority review: described as holding statistics or tables, but only 1 number(s) extracted.",,
svk-uoo-vs-2023,government,yes,Výročná správa Úradu na ochranu oznamovateľov za rok 2023,2,0,0,0,award_applications_received 1; award_claims_denied 1,,not_reviewed,,"Priority review: described as holding statistics or tables, but only 2 number(s) extracted.",,
svk-uoo-vs-2024,government,yes,Výročná správa Úradu na ochranu oznamovateľov za rok 2024,1,0,0,0,award_applications_received 1,,not_reviewed,,"Priority review: described as holding statistics or tables, but only 1 number(s) extracted.",,
svk-uoo-vs-2025,government,yes,Výročná správa Úradu na ochranu oznamovateľov za rok 2025,2,0,0,0,award_applications_received 1; award_claims_denied 1,,not_reviewed,,"Priority review: described as holding statistics or tables, but only 2 number(s) extracted.",,
svk-zz-2014-307-whistleblower-act,legislation,yes,Zákon č. 307/2014 Z. z. o niektorých opatreniach súvisiacich s oznamovaním protispoločenskej činnosti,0,3,1,0,,,not_reviewed,,,,
svk-zz-2021-187-competition-act,legislation,yes,Zákon č. 187/2021 Z. z. o ochrane hospodárskej súťaže,0,4,1,0,,,not_reviewed,,,,
twn-moj-reward-regulation-2019,legislation,yes,獎勵保護檢舉貪污瀆職辦法 (Anti-Corruption Informant Rewards and Protection Regulation),0,2,0,0,,,not_reviewed,,,,
twn-moj-reward-regulation-en-2019,legislation,yes,The Anti-Corruption Informant Rewards and Protection Regulation (English),0,0,0,0,,,not_reviewed,,,,
usa-ca11-zafirov-2026,court,yes,"Clarissa Zafirov v. Florida Medical Associates, LLC, No. 24-13581 (11th Cir. Sept. 1, 2026), opinion",0,0,2,1,,,not_reviewed,,,,
usa-ca11-zafirov-opinion-2026,court,yes,"Zafirov v. Florida Medical Associates, LLC, No. 24-13581 (11th Cir.), Opinion of the Court",0,0,1,0,,,not_reviewed,,,,
usa-caag-pr-fraud-recoveries-2026,government,yes,Attorney General Bonta Denounces Trump Administration's Political Weaponization of Fraud (California DOJ's ongoing work to tackle fraud led to recovery of nearl,1,0,0,0,recoveries_total 1,,not_reviewed,,,,
usa-cftc-libor-deutsche-pr-7159-15,government,yes,"Deutsche Bank to Pay $800 Million Penalty to Settle CFTC Charges of Manipulation, Attempted Manipulation, and False Reporting of LIBOR and Euribor (Release 7159",0,0,1,1,,,not_reviewed,,,,
usa-cftc-wb-ar-2011,government,yes,"CFTC Annual Report on the Whistleblower Program and Customer Education Initiatives, Fiscal Year 2011",2,3,2,0,awards_paid_count 1; fund_balance 1,,not_reviewed,,"Priority review: described as holding statistics or tables, but only 2 number(s) extracted.",,
usa-cftc-wb-ar-2012,government,yes,"CFTC Annual Report on the Whistleblower Program and Customer Education Initiatives, Fiscal Year 2012",4,0,0,0,award_claims_received 1; awards_paid_count 1; fund_balance 1; tips_received 1,,not_reviewed,,,,
usa-cftc-wb-ar-2013,government,yes,"CFTC Annual Report on the Whistleblower Program and Customer Education Initiatives, Fiscal Year 2013",5,0,0,0,award_claims_denied 1; award_claims_received 1; awards_paid_count 1; fund_balance 1; tips_received 1,,not_reviewed,,,,
usa-cftc-wb-ar-2014,government,yes,"CFTC Annual Report on the Whistleblower Program and Customer Education Initiatives, Fiscal Year 2014",6,0,1,1,award_claims_denied 1; award_claims_received 1; awards_paid_amount 1; awards_paid_count 1; fund_balance 1; tips_received 1,,not_reviewed,,,,
usa-cftc-wb-ar-2015,government,yes,"CFTC Annual Report on the Whistleblower Program and Customer Education Initiatives, Fiscal Year 2015",5,0,0,1,award_claims_denied 1; award_claims_received 1; awards_paid_count 1; fund_balance 1; tips_received 1,,not_reviewed,,,,
usa-cftc-wb-ar-2016,government,yes,"CFTC Annual Report on the Whistleblower Program and Customer Education Initiatives, Fiscal Year 2016",6,0,0,1,award_claims_denied 1; award_claims_received 1; awards_paid_amount 1; awards_paid_count 1; fund_balance 1; tips_received 1,,not_reviewed,,,,
usa-cftc-wb-ar-2017,government,yes,"CFTC Annual Report on the Whistleblower Program and Customer Education Initiatives, Fiscal Year 2017",7,0,1,2,awards_paid_count 2; award_claims_denied 1; award_claims_received 1; awards_paid_amount 1; fund_balance 1; tips_received 1,,not_reviewed,,,,
usa-cftc-wb-ar-2018,government,yes,"CFTC Annual Report on the Whistleblower Program and Customer Education Initiatives, Fiscal Year 2018",9,0,1,3,awards_paid_amount 3; awards_paid_count 2; award_claims_denied 1; award_claims_received 1; fund_balance 1; tips_received 1,,not_reviewed,,,,
usa-cftc-wb-ar-2019,government,yes,"CFTC Annual Report on the Whistleblower Program and Customer Education Initiatives, Fiscal Year 2019",10,0,0,5,awards_paid_amount 3; awards_paid_count 2; award_claims_denied 1; award_claims_received 1; fund_balance 1; sanctions_ordered 1; tips_received 1,,not_reviewed,,,,
usa-cftc-wb-ar-2020,government,yes,"CFTC Annual Report on the Whistleblower Program and Customer Education Initiatives, Fiscal Year 2020",10,0,0,11,awards_paid_amount 3; awards_paid_count 2; award_claims_denied 1; award_claims_received 1; fund_balance 1; sanctions_ordered 1; tips_received 1,,not_reviewed,,,,
usa-cftc-wb-ar-2021,government,yes,"CFTC Annual Report on the Whistleblower Program and Customer Education Initiatives, Fiscal Year 2021",11,0,1,3,awards_paid_amount 3; awards_paid_count 2; fund_balance 2; award_claims_denied 1; award_claims_received 1; sanctions_ordered 1; tips_received 1,item,not_reviewed,,,,
usa-cftc-wb-ar-2022,government,yes,"CFTC Annual Report on the Whistleblower Program and Customer Education Initiatives, Fiscal Year 2022",10,0,1,4,awards_paid_amount 3; awards_paid_count 2; award_claims_denied 1; award_claims_received 1; fund_balance 1; sanctions_ordered 1; tips_received 1,,not_reviewed,,,,
usa-cftc-wb-ar-2023,government,yes,"CFTC Annual Report on the Whistleblower Program and Customer Education Initiatives, Fiscal Year 2023",7,0,0,5,awards_paid_amount 2; fund_balance 2; award_claims_received 1; awards_paid_count 1; tips_received 1,,not_reviewed,,,,
usa-cftc-wb-ar-2024,government,yes,"CFTC Annual Report on the Whistleblower Program and Customer Education Initiatives, Fiscal Year 2024",26,0,1,7,tips_received 17; awards_paid_amount 3; awards_paid_count 2; award_claims_denied 1; collections_attributable 1; fund_balance 1; sanctions_ordered 1,category; country,not_reviewed,,,,
usa-cftc-wb-ar-2025,government,yes,"CFTC Annual Report on the Whistleblower Program and Customer Education Initiatives, Fiscal Year 2025",15,0,0,2,tips_received 5; award_claims_received 2; awards_paid_amount 2; awards_paid_count 2; award_claims_denied 1; collections_attributable 1; fund_balance 1; sanctions_ordered 1,category,not_reviewed,,,,
usa-cftc-wb-order-24-wb-02-2024,government,yes,CFTC Whistleblower Award Determination No. 24-WB-02 (public version),0,0,0,1,,,not_reviewed,,,,
usa-cftc-wb-order-24-wb-03-2024,government,yes,CFTC Whistleblower Award Determination No. 24-WB-03 (public version),0,0,0,1,,,not_reviewed,,,,
usa-cftc-wb-order-wbapp-2014-02-19-01-2014,government,yes,"Order, Whistleblower Award Claim of [Claimant], Form WB-APP 2014-02-19-01",0,0,0,1,,,not_reviewed,,,,
usa-cftc-wb-order-wbapp-redacted-2015,government,yes,"Order, Whistleblower Award Applications of [Applicant 1] and [Applicant 2] (redacted)",0,0,0,1,,,not_reviewed,,,,
usa-cftc-wb-orders-list-2026,government,yes,CFTC Whistleblower Program: Orders (list of Final Orders/Award Determinations),0,0,0,14,,,not_reviewed,,,,
usa-cftc-wb-pr-6933-14,government,yes,Press Release Number 6933-14: CFTC Issues First Whistleblower Award,0,0,0,1,,,not_reviewed,,,,
usa-cftc-wb-pr-7254-15,government,yes,"Press Release Number 7254-15: CFTC to Issue Whistleblower Award of Approximately $290,000",0,0,0,1,,,not_reviewed,,,,
usa-cftc-wb-pr-7351-16,government,yes,Press Release Number 7351-16: CFTC Announces Whistleblower Award of More Than $10 Million,0,0,0,1,,,not_reviewed,,,,
usa-cftc-wb-pr-7411-16,government,yes,Press Release Number 7411-16: CFTC Announces Fourth Whistleblower Award,0,0,0,1,,,not_reviewed,,,,
usa-cftc-wb-pr-8453-21,government,yes,CFTC Awards Nearly $200 Million to a Whistleblower (Release 8453-21),0,0,1,1,,,not_reviewed,,,,
usa-cftc-wb-pr-8500-22,government,yes,"Press Release Number 8500-22: CFTC Awards Approximately $500,000 to Two Whistleblowers",0,0,0,1,,,not_reviewed,,,,
usa-cftc-wb-pr-8974-24,government,yes,Press Release Number 8974-24: CFTC Announces Four Orders Granting Whistleblower Awards – Marking the Most in a Single Day,0,0,0,1,,,not_reviewed,,,,
usa-cftc-wb-pr-9159-25,government,yes,Press Release Number 9159-25: CFTC Awards Two Whistleblowers More Than $1.8M,0,0,0,1,,,not_reviewed,,,,
usa-cftc-wb-pr-9245-26,government,yes,Press Release Number 9245-26: CFTC Grants Five Whistleblower Awards Totaling Over $8M,0,0,0,1,,,not_reviewed,,,,
usa-cnn-hyundai-wb-2021,media,no,Whistleblower gets record $24 million for exposing Hyundai and Kia's safety lapses,0,0,0,1,,,not_reviewed,,,,
usa-congress-pl107-204-2002,legislation,yes,Public Law 107-204: Sarbanes-Oxley Act of 2002 (116 Stat. 745),0,0,1,0,,,not_reviewed,,,,
usa-congress-pl109-432-2006,legislation,yes,Public Law 109-432: Tax Relief and Health Care Act of 2006 (120 Stat. 2922),0,0,1,0,,,not_reviewed,,,,
usa-congress-pl111-203-2010,legislation,yes,Public Law 111-203: Dodd-Frank Wall Street Reform and Consumer Protection Act (124 Stat. 1376),0,0,2,0,,,not_reviewed,,,,
usa-congress-pl116-283-2021,legislation,yes,Public Law 116-283: William M. (Mac) Thornberry National Defense Authorization Act for Fiscal Year 2021 (134 Stat. 3388),0,0,1,0,,,not_reviewed,,,,
usa-congress-pl117-328-2022,legislation,yes,"Public Law 117-328: Consolidated Appropriations Act, 2023 (136 Stat. 4459); Division AA, Title IV: Anti-Money Laundering Whistleblower Improvement (sec. 401)",0,0,1,0,,,not_reviewed,,,,
usa-congress-pl99-562-1986,legislation,yes,Public Law 99-562: False Claims Amendments Act of 1986 (100 Stat. 3153),0,0,1,0,,,not_reviewed,,,,
usa-crowell-atr-first-award-2026,industry,no,DOJ Antitrust Division Issues First-Ever Award Under Whistleblower Rewards Program,0,0,1,0,,,not_reviewed,,,,
usa-crs-r40785-2021,government,yes,"Qui Tam: The False Claims Act and Related Federal Statutes (R40785, updated April 26, 2021)",0,5,4,0,,,not_reviewed,,,,
usa-doj-atr-pr-first-wb-award-2026,government,yes,Antitrust Division and U.S. Postal Service Make First-Ever Whistleblower Payment: $1M Awarded for Reporting Antitrust Crime (press release 26-71),0,0,1,1,,,not_reviewed,,,,
usa-doj-atr-usps-wb-mou-2025,government,yes,"Memorandum of Understanding regarding the Whistleblower Rewards Program and Procedures (Antitrust Division, USPS, USPS OIG)",0,4,1,0,,,not_reviewed,,,,
usa-doj-atr-wb-page-2026,government,yes,Whistleblower Rewards Program: Reporting Antitrust Crimes and Qualifying for Whistleblower Rewards (web page),0,0,0,0,,,not_reviewed,,,,
usa-doj-birkenfeld-sentencing-pr-2009,government,yes,Former UBS Banker Sentenced to 40 Months for Aiding American Billionaire Evade Taxes,0,0,2,0,,,not_reviewed,,,,
usa-doj-boeing-dpa-pr-2021,government,yes,Boeing Charged with 737 Max Fraud Conspiracy and Agrees to Pay over $2.5 Billion,0,0,1,1,,,not_reviewed,,,,
usa-doj-crm-memo-whitecollar-2025,government,yes,"Memorandum: Focus, Fairness, and Efficiency in the Fight Against White-Collar Crime",0,0,1,0,,,not_reviewed,,,,
usa-doj-cwap-factsheet-2024,government,yes,Corporate Whistleblower Awards Pilot Program fact sheet (2024),0,0,1,0,,,not_reviewed,,,,
usa-doj-cwap-factsheet-2026,government,yes,Corporate Whistleblower Awards Pilot Program fact sheet (August 2026),1,0,2,0,tips_received 1,,not_reviewed,,,,
usa-doj-cwap-guidance-2024,government,yes,"Department of Justice Corporate Whistleblower Awards Pilot Program (guidance, 1 August 2024)",0,6,0,0,,,not_reviewed,,,,
usa-doj-cwap-guidance-2026,government,yes,"Department of Justice Corporate Whistleblower Awards Pilot Program (guidance, revised 30 July 2026)",0,0,2,0,,,not_reviewed,,,,
usa-doj-cwap-page-2026,government,yes,Whistleblower Awards Pilot Program (web page),0,0,0,0,,,not_reviewed,,,,
usa-doj-danske-plea-pr-2022,government,yes,Danske Bank Pleads Guilty to Fraud on U.S. Banks in Multi-Billion Dollar Scheme to Access the U.S. Financial System,0,0,1,1,,,not_reviewed,,,,
usa-doj-enrd-ecs-bulletin-2016-05,government,yes,"Environmental Crimes Section Monthly Bulletin, May 2016",0,0,0,1,,,not_reviewed,,,,
usa-doj-fca-factsheet-2025,government,yes,Fact Sheet: False Claims Act Settlements and Judgments FY2025,0,0,1,0,,,not_reviewed,,,,
usa-doj-fca-page-2026,government,yes,Civil Division | The False Claims Act,0,0,1,0,,,not_reviewed,,,,
usa-doj-fca-pr-fy1998,government,yes,Justice Department Recovers More Than $2 Billion in False Claims Act Awards and Settlements (98-503),8,0,0,0,recoveries_whistleblower_cases 4; qui_tam_suits_filed 3; relator_share_awards 1,intervention,not_reviewed,,,,
usa-doj-fca-pr-fy2000,government,yes,Justice Recovers Record $1.5 Billion in Fraud Payments; Highest Ever for One Year Period (00-641),6,0,0,0,recoveries_total 4; recoveries_whistleblower_cases 1; relator_share_awards 1,agency; category,not_reviewed,,,,
usa-doj-fca-pr-fy2001,government,yes,Justice Recovers Record $1.6 Billion in Fraud Payments; Highest Ever for One Year Period (01-591),5,0,0,0,recoveries_total 3; recoveries_whistleblower_cases 1; relator_share_awards 1,category,not_reviewed,,,,
usa-doj-fca-pr-fy2003,government,yes,Justice Dept. Civil Fraud Recoveries Total $2.1 Billion for FY 2003; False Claims Act Recoveries Exceed $12 Billion Since 1986 (03-613),7,0,0,1,recoveries_total 5; recoveries_whistleblower_cases 1; relator_share_awards 1,agency; category,not_reviewed,,,,
usa-doj-fca-pr-fy2005,government,yes,Justice Department Recovers $1.4 Billion in Fraud & False Claims in Fiscal Year 2005; More Than $15 Billion Since 1986 (05-595),6,0,0,0,recoveries_total 4; recoveries_whistleblower_cases 1; relator_share_awards 1,agency; category,not_reviewed,,,,
usa-doj-fca-pr-fy2006,government,yes,Justice Department Recovers Record $3.1 Billion in Fraud and False Claims in Fiscal Year 2006 (06-783),8,0,0,0,recoveries_total 5; recoveries_non_whistleblower_cases 1; recoveries_whistleblower_cases 1; relator_share_awards 1,agency; category,not_reviewed,,,,
usa-doj-fca-pr-fy2007,government,yes,Justice Department Recovers $2 Billion for Fraud Against the Government in FY 2007; More Than $20 Billion Since 1986 (07-873),6,0,0,0,recoveries_total 4; recoveries_whistleblower_cases 1; relator_share_awards 1,agency; category,not_reviewed,,,,
usa-doj-fca-pr-fy2008,government,yes,More Than $1 Billion Recovered by Justice Department in Fraud and False Claims in Fiscal Year 2008 (08-992),6,0,0,10,recoveries_total 4; recoveries_whistleblower_cases 1; relator_share_awards 1,agency; category,not_reviewed,,,,
usa-doj-fca-pr-fy2009,government,yes,Justice Department Recovers $2.4 Billion in False Claims Cases in Fiscal Year 2009; More Than $24 Billion Since 1986 (09-1253),7,0,0,0,recoveries_total 5; recoveries_whistleblower_cases 1; relator_share_awards 1,agency; category,not_reviewed,,,,
usa-doj-fca-pr-fy2010,government,yes,Department of Justice Recovers $3 Billion in False Claims Cases in Fiscal Year 2010,7,0,0,0,recoveries_total 3; recoveries_whistleblower_cases 2; relator_share_awards 2,category,not_reviewed,,,,
usa-doj-fca-pr-fy2011,government,yes,Justice Department Recovers $3 Billion in False Claims Act Cases in Fiscal Year 2011,6,0,0,0,recoveries_total 3; qui_tam_suits_filed 2; recoveries_whistleblower_cases 1,category,not_reviewed,,,,
usa-doj-fca-pr-fy2012,government,yes,Justice Department Recovers Nearly $5 Billion in False Claims Act Cases in Fiscal Year 2012,8,0,0,0,qui_tam_suits_filed 2; recoveries_total 2; recoveries_whistleblower_cases 2; relator_share_awards 2,category,not_reviewed,,,,
usa-doj-fca-pr-fy2013,government,yes,Justice Department Recovers $3.8 Billion from False Claims Act Cases in Fiscal Year 2013,8,0,0,0,qui_tam_suits_filed 2; recoveries_total 2; recoveries_whistleblower_cases 2; relator_share_awards 2,category,not_reviewed,,,,
usa-doj-fca-pr-fy2014,government,yes,Justice Department Recovers Nearly $6 Billion from False Claims Act Cases in Fiscal Year 2014,6,0,0,0,recoveries_total 2; relator_share_awards 2; qui_tam_suits_filed 1; recoveries_whistleblower_cases 1,category,not_reviewed,,,,
usa-doj-fca-pr-fy2015,government,yes,Justice Department Recovers Over $3.5 Billion From False Claims Act Cases in Fiscal Year 2015,7,0,0,0,recoveries_total 2; recoveries_whistleblower_cases 2; relator_share_awards 2; qui_tam_suits_filed 1,category,not_reviewed,,,,
usa-doj-fca-pr-fy2016,government,yes,Justice Department Recovers Over $4.7 Billion From False Claims Act Cases in Fiscal Year 2016,7,0,0,0,recoveries_total 2; recoveries_whistleblower_cases 2; relator_share_awards 2; qui_tam_suits_filed 1,category,not_reviewed,,,,
usa-doj-fca-pr-fy2017,government,yes,Justice Department Recovers Over $3.7 Billion From False Claims Act Cases in Fiscal Year 2017,6,0,0,0,recoveries_total 3; qui_tam_suits_filed 1; recoveries_whistleblower_cases 1; relator_share_awards 1,category,not_reviewed,,,,
usa-doj-fca-pr-fy2018,government,yes,Justice Department Recovers Over $2.8 Billion from False Claims Act Cases in Fiscal Year 2018,6,0,0,0,recoveries_total 3; qui_tam_suits_filed 1; recoveries_whistleblower_cases 1; relator_share_awards 1,category,not_reviewed,,,,
usa-doj-fca-pr-fy2019,government,yes,Justice Department Recovers over $3 Billion from False Claims Act Cases in Fiscal Year 2019,6,0,0,0,recoveries_total 3; qui_tam_suits_filed 1; recoveries_whistleblower_cases 1; relator_share_awards 1,category,not_reviewed,,,,
usa-doj-fca-pr-fy2020,government,yes,Justice Department Recovers Over $2.2 Billion from False Claims Act Cases in Fiscal Year 2020,6,0,0,0,recoveries_total 3; qui_tam_suits_filed 1; recoveries_whistleblower_cases 1; relator_share_awards 1,category,not_reviewed,,,,
usa-doj-fca-pr-fy2021,government,yes,Justice Department's False Claims Act Settlements and Judgments Exceed $5.6 Billion in Fiscal Year 2021,6,0,0,0,recoveries_total 3; qui_tam_suits_filed 1; recoveries_whistleblower_cases 1; relator_share_awards 1,category,not_reviewed,,,,
usa-doj-fca-pr-fy2022,government,yes,False Claims Act Settlements and Judgments Exceed $2 Billion in Fiscal Year 2022,6,0,0,0,recoveries_total 3; qui_tam_suits_filed 1; recoveries_whistleblower_cases 1; relator_share_awards 1,category,not_reviewed,,,,
usa-doj-fca-pr-fy2023,government,yes,False Claims Act Settlements and Judgments Exceed $2.68 Billion in Fiscal Year 2023,6,0,0,0,recoveries_total 3; qui_tam_suits_filed 1; recoveries_whistleblower_cases 1; relator_share_awards 1,category,not_reviewed,,,,
usa-doj-fca-pr-fy2024,government,yes,False Claims Act Settlements and Judgments Exceed $2.9B in Fiscal Year 2024,6,0,0,0,recoveries_total 3; qui_tam_suits_filed 1; recoveries_whistleblower_cases 1; relator_share_awards 1,category,not_reviewed,,,,
usa-doj-fca-pr-fy2025,government,yes,False Claims Act Settlements and Judgments Exceed $6.8B in Fiscal Year 2025,7,0,1,0,recoveries_total 3; qui_tam_suits_filed 2; fca_non_qui_tam_matters_opened 1; recoveries_whistleblower_cases 1,category,not_reviewed,,,,
usa-doj-fca-stats-2023,government,yes,"Fraud Statistics - Overview, October 1, 1986 - September 30, 2023",88,0,0,0,recoveries_whistleblower_cases 29; relator_share_awards 29; recoveries_total 14; recoveries_non_whistleblower_cases 8; qui_tam_suits_filed 6; fca_non_qui_tam_matters_opened 2,intervention,not_reviewed,,,,
usa-doj-fca-stats-2024,government,yes,"Fraud Statistics - Overview, October 1, 1986 - September 30, 2024",208,0,0,0,recoveries_whistleblower_cases 66; relator_share_awards 61; recoveries_total 37; qui_tam_suits_filed 20; recoveries_non_whistleblower_cases 18; fca_non_qui_tam_matters_opened 6,agency; intervention,not_reviewed,,,,
usa-doj-fca-stats-2025,government,yes,"Fraud Statistics - Overview, October 1, 1986 - September 30, 2025",1600,0,0,0,recoveries_whistleblower_cases 480; relator_share_awards 480; fca_non_qui_tam_matters_opened 160; qui_tam_suits_filed 160; recoveries_non_whistleblower_cases 160; recoveries_total 160,agency; intervention,not_reviewed,,,,
usa-doj-gsk-offlabel-settlement-2012,government,yes,"Settlement Agreement between the United States, GlaxoSmithKline LLC and relators (off-label promotion civil settlement, 2012)",0,0,0,0,,,not_reviewed,,,,
usa-doj-gsk-pr-2012,government,yes,GlaxoSmithKline to Plead Guilty and Pay $3 Billion to Resolve Fraud Allegations and Failure to Report Safety Data,0,0,1,1,,,not_reviewed,,,,
usa-doj-gsk-sb-pharmco-pr-2010,government,yes,GlaxoSmithKline to Plead Guilty & Pay $750 Million to Resolve Criminal and Civil Liability Regarding Manufacturing Deficiencies at Puerto Rico Plant,0,0,1,1,,,not_reviewed,,,,
usa-doj-pfizer-pr-2009,government,yes,Justice Department Announces Largest Health Care Fraud Settlement in Its History,0,0,1,1,,,not_reviewed,,,,
usa-doj-pr-abbott-2012,government,yes,Abbott Labs to Pay $1.5 Billion to Resolve Criminal & Civil Investigations of Off-label Promotion of Depakote,0,0,0,1,,,not_reviewed,,,,
usa-doj-pr-astrazeneca-2010,government,yes,Pharmaceutical Giant AstraZeneca to Pay $520 Million for Off-label Drug Marketing,0,0,0,1,,,not_reviewed,,,,
usa-doj-pr-gsk-2012,government,yes,GlaxoSmithKline to Plead Guilty and Pay $3 Billion to Resolve Fraud Allegations and Failure to Report Safety Data,0,0,0,1,,,not_reviewed,,,,
usa-doj-pr-hca-2003,government,yes,Largest Health Care Fraud Case in U.S. History Settled: HCA Investigation Nets Record Total of $1.7 Billion (#386),0,0,1,1,,,not_reviewed,,,,
usa-doj-pr-jnj-2013,government,yes,Johnson & Johnson to Pay More Than $2.2 Billion to Resolve Criminal and Civil Investigations,0,0,0,1,,,not_reviewed,,,,
usa-doj-pr-lilly-2009,government,yes,Eli Lilly and Company Agrees to Pay $1.415 Billion to Resolve Allegations of Off-label Promotion of Zyprexa (#09-038),0,0,0,1,,,not_reviewed,,,,
usa-doj-pr-pfizer-2009,government,yes,Justice Department Announces Largest Health Care Fraud Settlement in Its History (Pfizer to Pay $2.3 Billion for Fraudulent Marketing),0,0,0,1,,,not_reviewed,,,,
usa-doj-pr-wyeth-2016,government,yes,Wyeth and Pfizer Agree to Pay $784.6 Million to Resolve Lawsuit Alleging That Wyeth Underpaid Drug Rebates to Medicaid,0,0,0,1,,,not_reviewed,,,,
usa-doj-swiss-bank-final-npa-pr-2016,government,yes,Justice Department Announces Final Swiss Bank Program Category 2 Resolution with HSZH Verwaltungs AG,0,0,2,1,,,not_reviewed,,,,
usa-doj-swiss-bank-program-page-2025,government,yes,Swiss Bank Program,0,0,0,0,,,not_reviewed,,,,
usa-doj-ubs-dpa-2009,government,yes,UBS Enters into Deferred Prosecution Agreement (Justice Department press release 09-tax-136),0,0,0,0,,,not_reviewed,,,,
usa-doj-ubs-dpa-pr-2009,government,yes,UBS Enters into Deferred Prosecution Agreement,0,0,1,1,,,not_reviewed,,,,
usa-doj-wells-fargo-pr-2020,government,yes,Wells Fargo Agrees to Pay $3 Billion to Resolve Criminal and Civil Investigations into Sales Practices Involving the Opening of Millions of Accounts without Cus,0,0,1,1,,,not_reviewed,,,,
usa-dol-osha-wells-fargo-pr-2017,government,yes,"OSHA orders Wells Fargo to reinstate whistleblower, fully restore lost earnings in banking industry",0,0,1,1,,,not_reviewed,,,,
usa-ecfr-17cfr165-2026,legislation,yes,"17 CFR Part 165, Whistleblower Rules (CFTC), eCFR as of 2026-09-01",0,4,1,0,,,not_reviewed,,,,
usa-ecfr-17cfr240-21f-2026,legislation,yes,"17 CFR 240.21F-1 to 21F-18, Securities Whistleblower Incentives and Protections (Regulation 21F), eCFR as of 2026-09-01",0,4,0,0,,,not_reviewed,,,,
usa-ecfr-26cfr301-7623-1-2026,legislation,yes,"26 CFR § 301.7623-1 General rules, submitting information on underpayments of tax or violations of the internal revenue laws, and filing claims for award (eCFR,",0,1,0,0,,,not_reviewed,,,,
usa-ecfr-26cfr301-7623-2-2026,legislation,yes,"26 CFR § 301.7623-2 Definitions (eCFR, current as of 1 Oct 2026)",0,1,0,0,,,not_reviewed,,,,
usa-ecfr-26cfr301-7623-4-2026,legislation,yes,"26 CFR § 301.7623-4 Amount and payment of award (eCFR, current as of 1 Oct 2026)",0,2,1,0,,,not_reviewed,,,,
usa-fincen-cj-fy2025,government,yes,FinCEN Congressional Budget Justification and Annual Performance Plan and Report FY 2025,0,0,0,0,,,not_reviewed,,,,
usa-fincen-pr-nprm-2026,government,yes,FinCEN Proposes Rule to Pay Whistleblowers (press release),0,0,1,0,,,not_reviewed,,,,
usa-fincen-wb-bulletin-fraud-2026,government,yes,FinCEN Whistleblower Bulletin: Blow the Whistle on Fraud-Related AML and Sanctions Violations,0,0,0,0,,,not_reviewed,,"Priority review: described as holding statistics or tables, but only 0 number(s) extracted.",,
usa-fincen-wb-bulletin-iran-2026,government,yes,FinCEN Whistleblower Bulletin: Blow the Whistle on Iran-Related Illicit Finance,0,0,0,0,,,not_reviewed,,"Priority review: described as holding statistics or tables, but only 0 number(s) extracted.",,
usa-fincen-wb-nprm-2026,government,yes,"Whistleblower Incentives and Protections (Notice of proposed rulemaking), 91 FR 16328",22,2,3,0,tips_received 17; award_applications_received 5,tip_type,not_reviewed,,,,
usa-fincen-wb-page-2026,government,yes,Whistleblower Program (web page),0,0,1,0,,,not_reviewed,,,,
usa-fincen-wb-updates-2026,government,yes,Whistleblower Program: Program Updates (web page),0,0,2,0,,,not_reviewed,,,,
usa-flmd-zafirov-order-2024,court,yes,"United States ex rel. Zafirov v. Florida Medical Associates, LLC, No. 8:19-cv-01236-KKM-SPF, Order (Doc. 346)",0,0,1,0,,,not_reviewed,,,,
usa-gao-11-683,government,yes,Tax Whistleblowers: Incomplete Data Hinders IRS's Ability to Manage Claim Processing Time and Enhance External Communication (GAO-11-683),20,0,0,0,claims_open 7; award_claims_received 6; claims_closed 6; tips_received 1,reason; subsection,not_reviewed,,,,
usa-gao-16-20,government,yes,"IRS Whistleblower Program: Billions Collected, but Timeliness and Communication Concerns May Discourage Whistleblowers (GAO-16-20)",25,0,1,0,claims_closed 12; award_claims_denied 3; awards_paid_amount 3; awards_paid_count 3; collections_attributable 3; claims_referred_to_exam 1,reason; subsection,not_reviewed,,,,
usa-gao-18-279-2018,government,yes,Combating Wildlife Trafficking: Opportunities Exist to Improve the Use of Financial Rewards (GAO-18-279),2,0,0,0,awards_paid_amount 1; awards_paid_count 1,,not_reviewed,,,,
usa-gao-18-698,government,yes,Whistleblower Program: IRS Needs to Improve Data Controls for Some Award Determinations (GAO-18-698),6,0,1,0,collections_attributable 4; awards_paid_amount 1; individuals_awarded 1,item,not_reviewed,,,,
usa-hhsoig-state-fca-reviews-2026,government,yes,State False Claims Act Reviews,0,0,4,0,,,not_reviewed,,,,
usa-house-rpt-119-370-2025,legislation,yes,"H. Rept. 119-370, Kleptocracy Asset Recovery Rewards Program Act (to accompany H.R. 5344)",0,0,2,0,,,not_reviewed,,,,
usa-ilag-pr-fca-amended-2010,government,yes,Madigan Heralds Newly Strengthened False Claims Act,0,0,1,0,,,not_reviewed,,,,
usa-irs-wbo-ar-fy2008,government,yes,"IRS Whistleblower Program Annual Report to the Congress Fiscal Year 2008 (Publication 5241, Rev. 8-2009)",24,0,1,0,tips_received 7; awards_paid_amount 6; awards_paid_count 6; collections_attributable 5,item; subsection,not_reviewed,,,,
usa-irs-wbo-ar-fy2009,government,yes,"IRS Whistleblower Program Fiscal Year 2009 Annual Report to Congress on the Use of Section 7623 (Publication 5241, Rev. 12-2010)",23,0,1,0,tips_received 7; awards_paid_amount 6; awards_paid_count 5; collections_attributable 5,item; subsection,not_reviewed,,,,
usa-irs-wbo-ar-fy2010,government,yes,IRS Whistleblower Program Fiscal Year 2010 Report to the Congress on the Use of Section 7623 (Publication 5241),30,2,2,0,tips_received 14; awards_paid_amount 6; awards_paid_count 5; collections_attributable 5,item; subsection,not_reviewed,,,,
usa-irs-wbo-ar-fy2011,government,yes,IRS Whistleblower Program Fiscal Year 2011 Report to the Congress on the Use of Section 7623 (Publication 5241),35,0,1,0,tips_received 17; awards_paid_amount 5; awards_paid_count 5; collections_attributable 5; claims_open 3,item; subsection,not_reviewed,,,,
usa-irs-wbo-ar-fy2012,government,yes,IRS Whistleblower Program Fiscal Year 2012 Report to the Congress on the Use of Section 7623 (Publication 5241),38,0,3,1,tips_received 18; awards_paid_count 7; awards_paid_amount 5; collections_attributable 5; claims_open 3,item; subsection,not_reviewed,,,,
usa-irs-wbo-ar-fy2013,government,yes,IRS Whistleblower Program Fiscal Year 2013 Report to the Congress on the Use of Section 7623 (Publication 5241),59,1,1,0,tips_received 14; claims_closed 13; claims_open 12; awards_paid_amount 8; awards_paid_count 7; collections_attributable 5,item; reason; subsection,not_reviewed,,,,
usa-irs-wbo-ar-fy2014,government,yes,IRS Whistleblower Program Fiscal Year 2014 Annual Report to the Congress (Publication 5241),54,1,2,0,claims_closed 13; tips_received 12; claims_open 10; awards_paid_amount 7; awards_paid_count 7; collections_attributable 5,item; reason; subsection,not_reviewed,,,,
usa-irs-wbo-ar-fy2015,government,yes,"IRS Whistleblower Program Fiscal Year 2015 Annual Report to the Congress (Publication 5241, Rev. 2-2016)",45,1,0,0,claims_closed 15; awards_paid_count 7; claims_open 6; awards_paid_amount 5; processing_time 5; collections_attributable 4; tips_received 3,item; reason; subsection,not_reviewed,,,,
usa-irs-wbo-ar-fy2016,government,yes,IRS Whistleblower Program Fiscal Year 2016 Annual Report to the Congress (Publication 5241),62,1,0,0,processing_time 17; claims_closed 14; awards_paid_count 8; tips_received 8; claims_open 6; awards_paid_amount 5; collections_attributable 4,item; reason; subsection,not_reviewed,,,,
usa-irs-wbo-ar-fy2017,government,yes,IRS Whistleblower Program Fiscal Year 2017 Annual Report to the Congress (Publication 5241),71,1,0,0,processing_time 21; claims_closed 19; awards_paid_count 9; tips_received 8; awards_paid_amount 5; claims_open 5; collections_attributable 4,item; reason; subsection,not_reviewed,,,,
usa-irs-wbo-ar-fy2018,government,yes,IRS Whistleblower Program Fiscal Year 2018 Annual Report to the Congress (Publication 5241),74,2,2,0,processing_time 21; claims_closed 19; awards_paid_count 9; tips_received 8; collections_attributable 6; awards_paid_amount 5; claims_open 5; claims_referred_to_exam 1,item; reason; subsection,not_reviewed,,,,
usa-irs-wbo-ar-fy2019,government,yes,"IRS Whistleblower Program Fiscal Year 2019 Annual Report to Congress (Publication 5241, Rev. 2-2020)",79,1,1,0,processing_time 23; claims_closed 21; awards_paid_count 9; tips_received 9; collections_attributable 6; awards_paid_amount 5; claims_open 5; claims_referred_to_exam 1,item; reason; region; subsection,not_reviewed,,,,
usa-irs-wbo-ar-fy2020,government,yes,"IRS Whistleblower Office Fiscal Year 2020 Annual Report to Congress (Publication 5241, Rev. 12-2020)",80,1,0,0,claims_closed 22; processing_time 20; tips_received 12; awards_paid_count 9; collections_attributable 6; awards_paid_amount 5; claims_open 5; claims_referred_to_exam 1,item; reason; region; subsection,not_reviewed,,,,
usa-irs-wbo-ar-fy2021,government,yes,"IRS Whistleblower Office Fiscal Year 2021 Annual Report to Congress (Publication 5241, Rev. 12-2021)",82,1,1,0,claims_closed 23; processing_time 23; tips_received 12; awards_paid_count 8; collections_attributable 6; awards_paid_amount 5; claims_open 3; claims_referred_to_exam 2,item; reason; region; subsection,not_reviewed,,,,
usa-irs-wbo-ar-fy2022,government,yes,IRS Whistleblower Office Fiscal Year 2022 Annual Report to Congress (Publication 5241),50,1,0,0,claims_closed 18; awards_paid_count 6; tips_received 6; awards_paid_amount 5; claims_open 5; collections_attributable 5; processing_time 4; claims_referred_to_exam 1,item; reason; region; subsection,not_reviewed,,,,
usa-irs-wbo-ar-fy2023,government,yes,IRS Whistleblower Office Annual Report to Congress Fiscal Year 2023 (Publication 5241),55,1,0,0,claims_closed 18; tips_received 12; awards_paid_amount 6; awards_paid_count 6; claims_open 5; collections_attributable 5; processing_time 2; claims_referred_to_exam 1,item; reason; region; subsection,not_reviewed,,,,
usa-irs-wbo-ar-fy2024,government,yes,IRS Whistleblower Office Annual Report to Congress Fiscal Year 2024 (Publication 5241),54,1,0,0,claims_closed 18; tips_received 11; awards_paid_amount 6; awards_paid_count 6; claims_open 5; collections_attributable 5; processing_time 2; claims_referred_to_exam 1,item; reason; region; subsection,not_reviewed,,,,
usa-irs-wbo-first-report-2008,government,yes,"IRS Whistleblower Program First Report to Congress (Publication 5241, 6-2008)",24,11,4,0,awards_paid_count 7; awards_paid_amount 6; tips_received 6; collections_attributable 5,item; subsection,not_reviewed,,,,
usa-irs-wbo-sequester-notice-fy2025,government,yes,FY25 Sequestration Rate for Whistleblower Awards (IRS notice),0,1,0,0,,,not_reviewed,,,,
usa-jurist-birkenfeld-2012,media,no,IRS awards $104 million to Swiss bank tax whistleblower,0,0,0,1,,,not_reviewed,,,,
usa-nhtsa-pr-first-wb-award-2021,government,yes,NHTSA Makes Its First Ever Whistleblower Award (press release),0,0,2,2,,,not_reviewed,,,,
usa-nhtsa-wb-award-2021-0001,government,yes,"Whistleblower Award Determination, Whistleblower Award Request No. 2021-0001 (Hyundai RQ17-004 and Kia RQ17-003)",0,0,0,1,,,not_reviewed,,,,
usa-nhtsa-wb-finalrule-2024,government,yes,"Implementing the Whistleblower Provisions of the Vehicle Safety Act (Final rule), 89 FR 101952",1,2,1,0,tips_received 1,,not_reviewed,,,,
usa-nhtsa-wb-nprm-2023,government,yes,"Implementing the Whistleblower Provisions of the Vehicle Safety Act (Proposed rule), 88 FR 23276",1,0,1,0,tips_received 1,,not_reviewed,,,,
usa-nhtsa-wb-page-2026,government,yes,Whistleblower Program (web page),0,0,0,0,,,not_reviewed,,"Priority review: described as holding statistics or tables, but only 0 number(s) extracted.",,
usa-nhtsa-wb-rule-2025,government,yes,"Implementing the Whistleblower Provisions of the Vehicle Safety Act (Notification of enforcement discretion), 90 FR 11029",0,0,1,0,,,not_reviewed,,,,
usa-nyag-mfcu-fca-letters-2019-2021,government,yes,"Annual reports of New York State False Claims Act recoveries by the Medicaid Fraud Control Unit, calendar years 2018-2020 (letters to the Legislature under Stat",3,0,0,0,recoveries_total 3,,not_reviewed,,,,
usa-nyag-nyfca-text-2018,legislation,yes,"New York False Claims Act, State Finance Law Art. 13, §§187-194 (with amendments through 2018)",0,5,0,0,,,not_reviewed,,,,
usa-pl-111-21-2009,legislation,yes,"Public Law 111-21, Fraud Enforcement and Recovery Act of 2009 (FERA)",0,0,0,0,,,not_reviewed,,,,
usa-pl-116-283-ndaa-fy2021,legislation,yes,"Public Law 116-283, William M. (Mac) Thornberry National Defense Authorization Act for Fiscal Year 2021",0,3,1,0,,,not_reviewed,,,,
usa-pl-99-562-1986,legislation,yes,"Public Law 99-562, False Claims Amendments Act of 1986 (100 Stat. 3153)",0,6,1,0,,,not_reviewed,,,,
usa-scotus-digital-realty-2018,court,yes,"Digital Realty Trust, Inc. v. Somers, No. 16-1276, 583 U.S. ___ (2018) (slip opinion)",0,0,1,0,,,not_reviewed,,,,
usa-scotus-polansky-2023,court,yes,"United States ex rel. Polansky v. Executive Health Resources, Inc., No. 21-1052, 599 U.S. ___ (2023) (slip opinion)",0,0,1,0,,,not_reviewed,,,,
usa-sec-oig-575-2022,government,yes,"SEC's Whistleblower Program: Additional Actions Are Needed To Better Prepare for Future Program Growth, Increase Efficiencies, and Enhance Program Management (R",9,0,1,0,award_claims_received 6; processing_time 3,,not_reviewed,,,,
usa-sec-oig-madoff-report-2009,government,yes,Investigation of Failure of the SEC to Uncover Bernard Madoff's Ponzi Scheme - Public Version (Report No. OIG-509),0,0,1,1,,,not_reviewed,,,,
usa-sec-owb-ar-2011,government,yes,"Annual Report on the Dodd-Frank Whistleblower Program, Fiscal Year 2011",28,5,4,0,tips_received 24; fund_balance 2; awards_paid_amount 1; awards_paid_count 1,category; country,not_reviewed,,,,
usa-sec-owb-ar-2012,government,yes,"Annual Report on the Dodd-Frank Whistleblower Program, Fiscal Year 2012",69,0,1,1,tips_received 64; award_claims_denied 1; awards_paid_amount 1; awards_paid_count 1; fund_balance 1; individuals_awarded 1,category; country,not_reviewed,,,,
usa-sec-owb-ar-2013,government,yes,"Annual Report on the Dodd-Frank Whistleblower Program, Fiscal Year 2013",74,0,2,3,tips_received 70; individuals_awarded 2; awards_paid_amount 1; fund_balance 1,category; country,not_reviewed,,,,
usa-sec-owb-ar-2014,government,yes,"Annual Report on the Dodd-Frank Whistleblower Program, Fiscal Year 2014",83,0,1,7,tips_received 76; award_claims_denied 3; individuals_awarded 2; awards_paid_amount 1; fund_balance 1,category; country; item,not_reviewed,,,,
usa-sec-owb-ar-2015,government,yes,"Annual Report on the Dodd-Frank Whistleblower Program, Fiscal Year 2015",84,0,1,8,tips_received 77; awards_paid_amount 2; claims_closed 2; individuals_awarded 2; fund_balance 1,category; country,not_reviewed,,,,
usa-sec-owb-ar-2016,government,yes,"Annual Report on the Dodd-Frank Whistleblower Program, Fiscal Year 2016",90,0,1,9,tips_received 83; awards_paid_amount 3; individuals_awarded 2; fund_balance 1; sanctions_ordered 1,category; country,not_reviewed,,,,
usa-sec-owb-ar-2017,government,yes,"Annual Report on the Dodd-Frank Whistleblower Program, Fiscal Year 2017",95,0,0,10,tips_received 88; awards_paid_amount 3; individuals_awarded 2; fund_balance 1; sanctions_ordered 1,category; country,not_reviewed,,,,
usa-sec-owb-ar-2018,government,yes,"Annual Report on the Dodd-Frank Whistleblower Program, Fiscal Year 2018",97,0,3,9,tips_received 89; awards_paid_amount 3; fund_balance 2; individuals_awarded 2; sanctions_ordered 1,category; country,not_reviewed,,,,
usa-sec-owb-ar-2019,government,yes,"Annual Report on the Dodd-Frank Whistleblower Program, Fiscal Year 2019",94,0,1,6,tips_received 87; awards_paid_amount 3; individuals_awarded 2; fund_balance 1; sanctions_ordered 1,category; country,not_reviewed,,,,
usa-sec-owb-ar-2020,government,yes,"Annual Report on the Dodd-Frank Whistleblower Program, Fiscal Year 2020",100,1,3,32,tips_received 93; awards_paid_amount 3; individuals_awarded 2; claims_closed 1; fund_balance 1,category; country,not_reviewed,,,,
usa-sec-owb-ar-2021,government,yes,"Annual Report on the Dodd-Frank Whistleblower Program, Fiscal Year 2021",122,0,1,5,tips_received 115; awards_paid_amount 3; individuals_awarded 2; claims_closed 1; fund_balance 1,category; country,not_reviewed,,,,
usa-sec-owb-ar-2022,government,yes,SEC Whistleblower Office Announces Results for FY 2022,20,1,1,7,tips_received 12; awards_paid_amount 3; awards_paid_count 2; fund_balance 2; sanctions_ordered 1,category,not_reviewed,,,,
usa-sec-owb-ar-2023,government,yes,Securities and Exchange Commission Office of the Whistleblower Annual Report to Congress for Fiscal Year 2023,18,0,2,6,tips_received 12; awards_paid_amount 3; individuals_awarded 2; fund_balance 1,category,not_reviewed,,,,
usa-sec-owb-ar-2024,government,yes,Securities and Exchange Commission Office of the Whistleblower Annual Report to Congress for Fiscal Year 2024,21,0,1,7,tips_received 14; awards_paid_amount 3; individuals_awarded 2; claims_closed 1; fund_balance 1,category; item,not_reviewed,,,,
usa-sec-owb-ar-2025,government,yes,Securities and Exchange Commission Office of the Whistleblower Annual Report to Congress for Fiscal Year 2025,7,0,0,3,awards_paid_amount 2; tips_received 2; award_claims_denied 1; fund_balance 1; individuals_awarded 1,item,not_reviewed,,,,
usa-sec-owb-final-orders-list-2025,government,yes,Final Orders of the Commission (Whistleblower Program),0,0,0,644,,,not_reviewed,,,,
usa-sec-owb-press-releases-list-2021,government,yes,Office of the Whistleblower: Press Releases (all years),0,0,0,2,,,not_reviewed,,,,
usa-sec-owb-press-releases-list-2026,government,yes,Office of the Whistleblower: Press Releases,0,0,0,0,,,not_reviewed,,,,
usa-sec-wb-order-34-100025,government,yes,"Order Determining Whistleblower Award Claim(s), Exchange Act Release No. 100025",0,0,0,1,,,not_reviewed,,,,
usa-sec-wb-order-34-100068,government,yes,"Order Determining Whistleblower Award Claim(s), Exchange Act Release No. 100068",0,0,0,1,,,not_reviewed,,,,
usa-sec-wb-order-34-100252,government,yes,"Order Determining Whistleblower Award Claim(s), Exchange Act Release No. 100252",0,0,0,1,,,not_reviewed,,,,
usa-sec-wb-order-34-100259,government,yes,"Order Determining Whistleblower Award Claim(s), Exchange Act Release No. 100259",0,0,0,1,,,not_reviewed,,,,
usa-sec-wb-order-34-100262,government,yes,"Order Determining Whistleblower Award Claim(s), Exchange Act Release No. 100262",0,0,0,1,,,not_reviewed,,,,
usa-sec-wb-order-34-100263,government,yes,"Order Determining Whistleblower Award Claim(s), Exchange Act Release No. 100263",0,0,0,1,,,not_reviewed,,,,
usa-sec-wb-order-34-100312,government,yes,"Order Determining Whistleblower Award Claim(s), Exchange Act Release No. 100312",0,0,0,1,,,not_reviewed,,,,
usa-sec-wb-order-34-100358,government,yes,"Order Determining Whistleblower Award Claim(s), Exchange Act Release No. 100358",0,0,0,2,,,not_reviewed,,,,
usa-sec-wb-order-34-100385,government,yes,"Order Determining Whistleblower Award Claim(s), Exchange Act Release No. 100385",0,0,0,1,,,not_reviewed,,,,
usa-sec-wb-order-34-100392,government,yes,"Order Determining Whistleblower Award Claim(s), Exchange Act Release No. 100392",0,0,0,1,,,not_reviewed,,,,
usa-sec-wb-order-34-100648,government,yes,"Order Determining Whistleblower Award Claim(s), Exchange Act Release No. 100648",0,0,0,1,,,not_reviewed,,,,
usa-sec-wb-order-34-100812,government,yes,"Order Determining Whistleblower Award Claim(s), Exchange Act Release No. 100812",0,0,0,2,,,not_reviewed,,,,
usa-sec-wb-order-34-101211,government,yes,"Order Determining Whistleblower Award Claim(s), Exchange Act Release No. 101211",0,0,0,1,,,not_reviewed,,,,
usa-sec-wb-order-34-101222,government,yes,"Order Determining Whistleblower Award Claim(s), Exchange Act Release No. 101222",0,0,0,1,,,not_reviewed,,,,
usa-sec-wb-order-34-101280,government,yes,"Order Determining Whistleblower Award Claim(s), Exchange Act Release No. 101280",0,0,0,3,,,not_reviewed,,,,
usa-sec-wb-order-34-102023,government,yes,"Order Determining Whistleblower Award Claim(s), Exchange Act Release No. 102023",0,0,0,2,,,not_reviewed,,,,
usa-sec-wb-order-34-102158,government,yes,"Order Determining Whistleblower Award Claim(s), Exchange Act Release No. 102158",0,0,0,1,,,not_reviewed,,,,
usa-sec-wb-order-34-102339,government,yes,"Order Determining Whistleblower Award Claim(s), Exchange Act Release No. 102339",0,0,0,1,,,not_reviewed,,,,
usa-sec-wb-order-34-102433,government,yes,"Order Determining Whistleblower Award Claim(s), Exchange Act Release No. 102433",0,0,0,1,,,not_reviewed,,,,
usa-sec-wb-order-34-102434,government,yes,"Order Determining Whistleblower Award Claim(s), Exchange Act Release No. 102434",0,0,0,1,,,not_reviewed,,,,
usa-sec-wb-order-34-102512,government,yes,"Order Determining Whistleblower Award Claim(s), Exchange Act Release No. 102512",0,0,0,1,,,not_reviewed,,,,
usa-sec-wb-order-34-102717,government,yes,"Order Determining Whistleblower Award Claim(s), Exchange Act Release No. 102717",0,0,0,1,,,not_reviewed,,,,
usa-sec-wb-order-34-102746,government,yes,"Order Determining Whistleblower Award Claim(s), Exchange Act Release No. 102746",0,0,0,2,,,not_reviewed,,,,
usa-sec-wb-order-34-102762,government,yes,"Order Determining Whistleblower Award Claim(s), Exchange Act Release No. 102762",0,0,0,1,,,not_reviewed,,,,
usa-sec-wb-order-34-102896,government,yes,"Order Determining Whistleblower Award Claim(s), Exchange Act Release No. 102896",0,0,0,1,,,not_reviewed,,,,
usa-sec-wb-order-34-103470,government,yes,"Order Determining Whistleblower Award Claim(s), Exchange Act Release No. 103470",0,0,0,1,,,not_reviewed,,,,
usa-sec-wb-order-34-103471,government,yes,"Order Determining Whistleblower Award Claim(s), Exchange Act Release No. 103471",0,0,0,1,,,not_reviewed,,,,
usa-sec-wb-order-34-103472,government,yes,"Order Determining Whistleblower Award Claim(s), Exchange Act Release No. 103472",0,0,0,2,,,not_reviewed,,,,
usa-sec-wb-order-34-103814,government,yes,"Order Determining Whistleblower Award Claim(s), Exchange Act Release No. 103814",0,0,0,1,,,not_reviewed,,,,
usa-sec-wb-order-34-103817,government,yes,"Order Determining Whistleblower Award Claim(s), Exchange Act Release No. 103817",0,0,0,1,,,not_reviewed,,,,
usa-sec-wb-order-34-103833,government,yes,"Order Determining Whistleblower Award Claim(s), Exchange Act Release No. 103833",0,0,0,1,,,not_reviewed,,,,
usa-sec-wb-order-34-103856,government,yes,"Order Determining Whistleblower Award Claim(s), Exchange Act Release No. 103856",0,0,0,1,,,not_reviewed,,,,
usa-sec-wb-order-34-103876,government,yes,"Order Determining Whistleblower Award Claim(s), Exchange Act Release No. 103876",0,0,0,1,,,not_reviewed,,,,
usa-sec-wb-order-34-104134,government,yes,"Order Determining Whistleblower Award Claim(s), Exchange Act Release No. 104134",0,0,0,2,,,not_reviewed,,,,
usa-sec-wb-order-34-104139,government,yes,"Order Determining Whistleblower Award Claim(s), Exchange Act Release No. 104139",0,0,0,1,,,not_reviewed,,,,
usa-sec-wb-order-34-104142,government,yes,"Order Determining Whistleblower Award Claim(s), Exchange Act Release No. 104142",0,0,0,1,,,not_reviewed,,,,
usa-sec-wb-order-34-104143,government,yes,"Order Determining Whistleblower Award Claim(s), Exchange Act Release No. 104143",0,0,0,1,,,not_reviewed,,,,
usa-sec-wb-order-34-104145,government,yes,"Order Determining Whistleblower Award Claim(s), Exchange Act Release No. 104145",0,0,0,1,,,not_reviewed,,,,
usa-sec-wb-order-34-69749,government,yes,"Order Determining Whistleblower Award Claim(s), Exchange Act Release No. 69749",0,0,0,1,,,not_reviewed,,,,
usa-sec-wb-order-34-70293,government,yes,"Order Determining Whistleblower Award Claim(s), Exchange Act Release No. 70293",0,0,0,1,,,not_reviewed,,,,
usa-sec-wb-order-34-70775,government,yes,"Order Determining Whistleblower Award Claim(s), Exchange Act Release No. 70775",0,0,0,1,,,not_reviewed,,,,
usa-sec-wb-order-34-72301,government,yes,"Order Determining Whistleblower Award Claim(s), Exchange Act Release No. 72301",0,0,0,1,,,not_reviewed,,,,
usa-sec-wb-order-34-72652,government,yes,"Order Determining Whistleblower Award Claim(s), Exchange Act Release No. 72652",0,0,0,1,,,not_reviewed,,,,
usa-sec-wb-order-34-76000,government,yes,"Order Determining Whistleblower Award Claim(s), Exchange Act Release No. 76000",0,0,0,1,,,not_reviewed,,,,
usa-sec-wb-order-34-76025,government,yes,"Order Determining Whistleblower Award Claim(s), Exchange Act Release No. 76025",0,0,0,1,,,not_reviewed,,,,
usa-sec-wb-order-34-80115,government,yes,"Order Determining Whistleblower Award Claim(s), Exchange Act Release No. 80115",0,0,0,1,,,not_reviewed,,,,
usa-sec-wb-order-34-88687,government,yes,"Order Determining Whistleblower Award Claim(s), Exchange Act Release No. 88687",0,0,0,1,,,not_reviewed,,,,
usa-sec-wb-order-34-89354,government,yes,"Order Determining Whistleblower Award Claim(s), Exchange Act Release No. 89354",0,0,0,1,,,not_reviewed,,,,
usa-sec-wb-order-34-89355,government,yes,"Order Determining Whistleblower Award Claim(s), Exchange Act Release No. 89355",0,0,0,1,,,not_reviewed,,,,
usa-sec-wb-order-34-90189,government,yes,"Order Determining Whistleblower Award Claim(s), Exchange Act Release No. 90189",0,0,0,1,,,not_reviewed,,,,
usa-sec-wb-order-34-90284,government,yes,"Order Determining Whistleblower Award Claim(s), Exchange Act Release No. 90284",0,0,0,1,,,not_reviewed,,,,
usa-sec-wb-order-34-90350,government,yes,"Order Determining Whistleblower Award Claim(s), Exchange Act Release No. 90350",0,0,0,1,,,not_reviewed,,,,
usa-sec-wb-order-34-90351,government,yes,"Order Determining Whistleblower Award Claim(s), Exchange Act Release No. 90351",0,0,0,1,,,not_reviewed,,,,
usa-sec-wb-order-34-90412,government,yes,"Order Determining Whistleblower Award Claim(s), Exchange Act Release No. 90412",0,0,0,1,,,not_reviewed,,,,
usa-sec-wb-order-34-90460,government,yes,"Order Determining Whistleblower Award Claim(s), Exchange Act Release No. 90460",0,0,0,1,,,not_reviewed,,,,
usa-sec-wb-order-34-90468,government,yes,"Order Determining Whistleblower Award Claim(s), Exchange Act Release No. 90468",0,0,0,1,,,not_reviewed,,,,
usa-sec-wb-order-34-90506,government,yes,"Order Determining Whistleblower Award Claim(s), Exchange Act Release No. 90506",0,0,0,1,,,not_reviewed,,,,
usa-sec-wb-order-34-90537,government,yes,"Order Determining Whistleblower Award Claim(s), Exchange Act Release No. 90537",0,0,0,1,,,not_reviewed,,,,
usa-sec-wb-order-34-90578,government,yes,"Order Determining Whistleblower Award Claim(s), Exchange Act Release No. 90578",0,0,0,1,,,not_reviewed,,,,
usa-sec-wb-order-34-90580,government,yes,"Order Determining Whistleblower Award Claim(s), Exchange Act Release No. 90580",0,0,0,2,,,not_reviewed,,,,
usa-sec-wb-order-34-90582,government,yes,"Order Determining Whistleblower Award Claim(s), Exchange Act Release No. 90582",0,0,0,1,,,not_reviewed,,,,
usa-sec-wb-order-34-90656,government,yes,"Order Determining Whistleblower Award Claim(s), Exchange Act Release No. 90656",0,0,0,1,,,not_reviewed,,,,
usa-sec-wb-order-34-90718,government,yes,"Order Determining Whistleblower Award Claim(s), Exchange Act Release No. 90718",0,0,0,1,,,not_reviewed,,,,
usa-sec-wb-order-34-90720,government,yes,"Order Determining Whistleblower Award Claim(s), Exchange Act Release No. 90720",0,0,0,1,,,not_reviewed,,,,
usa-sec-wb-order-34-90721,government,yes,"Order Determining Whistleblower Award Claim(s), Exchange Act Release No. 90721",0,0,0,1,,,not_reviewed,,,,
usa-sec-wb-order-34-90767,government,yes,"Order Determining Whistleblower Award Claim(s), Exchange Act Release No. 90767",0,0,0,1,,,not_reviewed,,,,
usa-sec-wb-order-34-90864,government,yes,"Order Determining Whistleblower Award Claim(s), Exchange Act Release No. 90864",0,0,0,1,,,not_reviewed,,,,
usa-sec-wb-order-34-90866,government,yes,"Order Determining Whistleblower Award Claim(s), Exchange Act Release No. 90866",0,0,0,1,,,not_reviewed,,,,
usa-sec-wb-order-34-90867,government,yes,"Order Determining Whistleblower Award Claim(s), Exchange Act Release No. 90867",0,0,0,1,,,not_reviewed,,,,
usa-sec-wb-order-34-90922,government,yes,"Order Determining Whistleblower Award Claim(s), Exchange Act Release No. 90922",0,0,0,1,,,not_reviewed,,,,
usa-sec-wb-order-34-91163,government,yes,"Order Determining Whistleblower Award Claim(s), Exchange Act Release No. 91163",0,0,0,1,,,not_reviewed,,,,
usa-sec-wb-order-34-91164,government,yes,"Order Determining Whistleblower Award Claim(s), Exchange Act Release No. 91164",0,0,0,1,,,not_reviewed,,,,
usa-sec-wb-order-34-91183,government,yes,"Order Determining Whistleblower Award Claim(s), Exchange Act Release No. 91183",0,0,0,1,,,not_reviewed,,,,
usa-sec-wb-order-34-91206,government,yes,"Order Determining Whistleblower Award Claim(s), Exchange Act Release No. 91206",0,0,0,1,,,not_reviewed,,,,
usa-sec-wb-order-34-91207,government,yes,"Order Determining Whistleblower Award Claim(s), Exchange Act Release No. 91207",0,0,0,1,,,not_reviewed,,,,
usa-sec-wb-order-34-91225,government,yes,"Order Determining Whistleblower Award Claim(s), Exchange Act Release No. 91225",0,0,0,1,,,not_reviewed,,,,
usa-sec-wb-order-34-91253,government,yes,"Order Determining Whistleblower Award Claim(s), Exchange Act Release No. 91253",0,0,0,1,,,not_reviewed,,,,
usa-sec-wb-order-34-91280,government,yes,"Order Determining Whistleblower Award Claim(s), Exchange Act Release No. 91280",0,0,0,1,,,not_reviewed,,,,
usa-sec-wb-order-34-91332,government,yes,"Order Determining Whistleblower Award Claim(s), Exchange Act Release No. 91332",0,0,0,1,,,not_reviewed,,,,
usa-sec-wb-order-34-91426,government,yes,"Order Determining Whistleblower Award Claim(s), Exchange Act Release No. 91426",0,0,0,1,,,not_reviewed,,,,
usa-sec-wb-order-34-91427,government,yes,"Order Determining Whistleblower Award Claim(s), Exchange Act Release No. 91427",0,0,0,1,,,not_reviewed,,,,
usa-sec-wb-order-34-91520,government,yes,"Order Determining Whistleblower Award Claim(s), Exchange Act Release No. 91520",0,0,0,1,,,not_reviewed,,,,
usa-sec-wb-order-34-91525,government,yes,"Order Determining Whistleblower Award Claim(s), Exchange Act Release No. 91525",0,0,0,1,,,not_reviewed,,,,
usa-sec-wb-order-34-91649,government,yes,"Order Determining Whistleblower Award Claim(s), Exchange Act Release No. 91649",0,0,0,1,,,not_reviewed,,,,
usa-sec-wb-order-34-91650,government,yes,"Order Determining Whistleblower Award Claim(s), Exchange Act Release No. 91650",0,0,0,1,,,not_reviewed,,,,
usa-sec-wb-order-34-91651,government,yes,"Order Determining Whistleblower Award Claim(s), Exchange Act Release No. 91651",0,0,0,1,,,not_reviewed,,,,
usa-sec-wb-order-34-91808,government,yes,"Order Determining Whistleblower Award Claim(s), Exchange Act Release No. 91808",0,0,0,2,,,not_reviewed,,,,
usa-sec-wb-order-34-91854,government,yes,"Order Determining Whistleblower Award Claim(s), Exchange Act Release No. 91854",0,0,0,1,,,not_reviewed,,,,
usa-sec-wb-order-34-91896,government,yes,"Order Determining Whistleblower Award Claim(s), Exchange Act Release No. 91896",0,0,0,1,,,not_reviewed,,,,
usa-sec-wb-order-34-91902,government,yes,"Order Determining Whistleblower Award Claim(s), Exchange Act Release No. 91902",0,0,0,1,,,not_reviewed,,,,
usa-sec-wb-order-34-91903,government,yes,"Order Determining Whistleblower Award Claim(s), Exchange Act Release No. 91903",0,0,0,2,,,not_reviewed,,,,
usa-sec-wb-order-34-91933,government,yes,"Order Determining Whistleblower Award Claim(s), Exchange Act Release No. 91933",0,0,0,1,,,not_reviewed,,,,
usa-sec-wb-order-34-92037,government,yes,"Order Determining Whistleblower Award Claim(s), Exchange Act Release No. 92037",0,0,0,1,,,not_reviewed,,,,
usa-sec-wb-order-34-92086,government,yes,"Order Determining Whistleblower Award Claim(s), Exchange Act Release No. 92086",0,0,0,2,,,not_reviewed,,,,
usa-sec-wb-order-34-92099,government,yes,"Order Determining Whistleblower Award Claim(s), Exchange Act Release No. 92099",0,0,0,1,,,not_reviewed,,,,
usa-sec-wb-order-34-92100,government,yes,"Order Determining Whistleblower Award Claim(s), Exchange Act Release No. 92100",0,0,0,1,,,not_reviewed,,,,
usa-sec-wb-order-34-92101,government,yes,"Order Determining Whistleblower Award Claim(s), Exchange Act Release No. 92101",0,0,0,1,,,not_reviewed,,,,
usa-sec-wb-order-34-92102,government,yes,"Order Determining Whistleblower Award Claim(s), Exchange Act Release No. 92102",0,0,0,1,,,not_reviewed,,,,
usa-sec-wb-order-34-92163,government,yes,"Order Determining Whistleblower Award Claim(s), Exchange Act Release No. 92163",0,0,0,1,,,not_reviewed,,,,
usa-sec-wb-order-34-92164,government,yes,"Order Determining Whistleblower Award Claim(s), Exchange Act Release No. 92164",0,0,0,1,,,not_reviewed,,,,
usa-sec-wb-order-34-92210,government,yes,"Order Determining Whistleblower Award Claim(s), Exchange Act Release No. 92210",0,0,0,1,,,not_reviewed,,,,
usa-sec-wb-order-34-92212,government,yes,"Order Determining Whistleblower Award Claim(s), Exchange Act Release No. 92212",0,0,0,2,,,not_reviewed,,,,
usa-sec-wb-order-34-92247,government,yes,"Order Determining Whistleblower Award Claim(s), Exchange Act Release No. 92247",0,0,0,1,,,not_reviewed,,,,
usa-sec-wb-order-34-92248,government,yes,"Order Determining Whistleblower Award Claim(s), Exchange Act Release No. 92248",0,0,0,1,,,not_reviewed,,,,
usa-sec-wb-order-34-92251,government,yes,"Order Determining Whistleblower Award Claim(s), Exchange Act Release No. 92251",0,0,0,1,,,not_reviewed,,,,
usa-sec-wb-order-34-92411,government,yes,"Order Determining Whistleblower Award Claim(s), Exchange Act Release No. 92411",0,0,0,1,,,not_reviewed,,,,
usa-sec-wb-order-34-92412,government,yes,"Order Determining Whistleblower Award Claim(s), Exchange Act Release No. 92412",0,0,0,1,,,not_reviewed,,,,
usa-sec-wb-order-34-92413,government,yes,"Order Determining Whistleblower Award Claim(s), Exchange Act Release No. 92413",0,0,0,1,,,not_reviewed,,,,
usa-sec-wb-order-34-92416,government,yes,"Order Determining Whistleblower Award Claim(s), Exchange Act Release No. 92416",0,0,0,1,,,not_reviewed,,,,
usa-sec-wb-order-34-92456,government,yes,"Order Determining Whistleblower Award Claim(s), Exchange Act Release No. 92456",0,0,0,1,,,not_reviewed,,,,
usa-sec-wb-order-34-92541,government,yes,"Order Determining Whistleblower Award Claim(s), Exchange Act Release No. 92541",0,0,0,2,,,not_reviewed,,,,
usa-sec-wb-order-34-92542,government,yes,"Order Determining Whistleblower Award Claim(s), Exchange Act Release No. 92542",0,0,0,2,,,not_reviewed,,,,
usa-sec-wb-order-34-92587,government,yes,"Order Determining Whistleblower Award Claim(s), Exchange Act Release No. 92587",0,0,0,1,,,not_reviewed,,,,
usa-sec-wb-order-34-92589,government,yes,"Order Determining Whistleblower Award Claim(s), Exchange Act Release No. 92589",0,0,0,2,,,not_reviewed,,,,
usa-sec-wb-order-34-92621,government,yes,"Order Determining Whistleblower Award Claim(s), Exchange Act Release No. 92621",0,0,0,1,,,not_reviewed,,,,
usa-sec-wb-order-34-92622,government,yes,"Order Determining Whistleblower Award Claim(s), Exchange Act Release No. 92622",0,0,0,1,,,not_reviewed,,,,
usa-sec-wb-order-34-92623,government,yes,"Order Determining Whistleblower Award Claim(s), Exchange Act Release No. 92623",0,0,0,1,,,not_reviewed,,,,
usa-sec-wb-order-34-92708,government,yes,"Order Determining Whistleblower Award Claim(s), Exchange Act Release No. 92708",0,0,0,1,,,not_reviewed,,,,
usa-sec-wb-order-34-92767,government,yes,"Order Determining Whistleblower Award Claim(s), Exchange Act Release No. 92767",0,0,0,1,,,not_reviewed,,,,
usa-sec-wb-order-34-92777,government,yes,"Order Determining Whistleblower Award Claim(s), Exchange Act Release No. 92777",0,0,0,1,,,not_reviewed,,,,
usa-sec-wb-order-34-92778,government,yes,"Order Determining Whistleblower Award Claim(s), Exchange Act Release No. 92778",0,0,0,1,,,not_reviewed,,,,
usa-sec-wb-order-34-92780,government,yes,"Order Determining Whistleblower Award Claim(s), Exchange Act Release No. 92780",0,0,0,1,,,not_reviewed,,,,
usa-sec-wb-order-34-92929,government,yes,"Order Determining Whistleblower Award Claim(s), Exchange Act Release No. 92929",0,0,0,1,,,not_reviewed,,,,
usa-sec-wb-order-34-92931,government,yes,"Order Determining Whistleblower Award Claim(s), Exchange Act Release No. 92931",0,0,0,1,,,not_reviewed,,,,
usa-sec-wb-order-34-93013,government,yes,"Order Determining Whistleblower Award Claim(s), Exchange Act Release No. 93013",0,0,0,1,,,not_reviewed,,,,
usa-sec-wb-order-34-93016,government,yes,"Order Determining Whistleblower Award Claim(s), Exchange Act Release No. 93016",0,0,0,1,,,not_reviewed,,,,
usa-sec-wb-order-34-93049,government,yes,"Order Determining Whistleblower Award Claim(s), Exchange Act Release No. 93049",0,0,0,2,,,not_reviewed,,,,
usa-sec-wb-order-34-93055,government,yes,"Order Determining Whistleblower Award Claim(s), Exchange Act Release No. 93055",0,0,0,1,,,not_reviewed,,,,
usa-sec-wb-order-34-93233,government,yes,"Order Determining Whistleblower Award Claim(s), Exchange Act Release No. 93233",0,0,0,1,,,not_reviewed,,,,
usa-sec-wb-order-34-93274,government,yes,"Order Determining Whistleblower Award Claim(s), Exchange Act Release No. 93274",0,0,0,1,,,not_reviewed,,,,
usa-sec-wb-order-34-93275,government,yes,"Order Determining Whistleblower Award Claim(s), Exchange Act Release No. 93275",0,0,0,1,,,not_reviewed,,,,
usa-sec-wb-order-34-93286,government,yes,"Order Determining Whistleblower Award Claim(s), Exchange Act Release No. 93286",0,0,0,1,,,not_reviewed,,,,
usa-sec-wb-order-34-93340,government,yes,"Order Determining Whistleblower Award Claim(s), Exchange Act Release No. 93340",0,0,0,1,,,not_reviewed,,,,
usa-sec-wb-order-34-93370,government,yes,"Order Determining Whistleblower Award Claim(s), Exchange Act Release No. 93370",0,0,0,1,,,not_reviewed,,,,
usa-sec-wb-order-34-93414,government,yes,"Order Determining Whistleblower Award Claim(s), Exchange Act Release No. 93414",0,0,0,1,,,not_reviewed,,,,
usa-sec-wb-order-34-93440,government,yes,"Order Determining Whistleblower Award Claim(s), Exchange Act Release No. 93440",0,0,0,1,,,not_reviewed,,,,
usa-sec-wb-order-34-93441,government,yes,"Order Determining Whistleblower Award Claim(s), Exchange Act Release No. 93441",0,0,0,1,,,not_reviewed,,,,
usa-sec-wb-order-34-93465,government,yes,"Order Determining Whistleblower Award Claim(s), Exchange Act Release No. 93465",0,0,0,1,,,not_reviewed,,,,
usa-sec-wb-order-34-93635,government,yes,"Order Determining Whistleblower Award Claim(s), Exchange Act Release No. 93635",0,0,0,2,,,not_reviewed,,,,
usa-sec-wb-order-34-93636,government,yes,"Order Determining Whistleblower Award Claim(s), Exchange Act Release No. 93636",0,0,0,2,,,not_reviewed,,,,
usa-sec-wb-order-34-93637,government,yes,"Order Determining Whistleblower Award Claim(s), Exchange Act Release No. 93637",0,0,0,1,,,not_reviewed,,,,
usa-sec-wb-order-34-93648,government,yes,"Order Determining Whistleblower Award Claim(s), Exchange Act Release No. 93648",0,0,0,1,,,not_reviewed,,,,
usa-sec-wb-order-34-93685,government,yes,"Order Determining Whistleblower Award Claim(s), Exchange Act Release No. 93685",0,0,0,1,,,not_reviewed,,,,
usa-sec-wb-order-34-93726,government,yes,"Order Determining Whistleblower Award Claim(s), Exchange Act Release No. 93726",0,0,0,1,,,not_reviewed,,,,
usa-sec-wb-order-34-93812,government,yes,"Order Determining Whistleblower Award Claim(s), Exchange Act Release No. 93812",0,0,0,1,,,not_reviewed,,,,
usa-sec-wb-order-34-93913,government,yes,"Order Determining Whistleblower Award Claim(s), Exchange Act Release No. 93913",0,0,0,1,,,not_reviewed,,,,
usa-sec-wb-order-34-93935,government,yes,"Order Determining Whistleblower Award Claim(s), Exchange Act Release No. 93935",0,0,0,1,,,not_reviewed,,,,
usa-sec-wb-order-34-93936,government,yes,"Order Determining Whistleblower Award Claim(s), Exchange Act Release No. 93936",0,0,0,1,,,not_reviewed,,,,
usa-sec-wb-order-34-93945,government,yes,"Order Determining Whistleblower Award Claim(s), Exchange Act Release No. 93945",0,0,0,1,,,not_reviewed,,,,
usa-sec-wb-order-34-93946,government,yes,"Order Determining Whistleblower Award Claim(s), Exchange Act Release No. 93946",0,0,0,1,,,not_reviewed,,,,
usa-sec-wb-order-34-93947,government,yes,"Order Determining Whistleblower Award Claim(s), Exchange Act Release No. 93947",0,0,0,1,,,not_reviewed,,,,
usa-sec-wb-order-34-93948,government,yes,"Order Determining Whistleblower Award Claim(s), Exchange Act Release No. 93948",0,0,0,1,,,not_reviewed,,,,
usa-sec-wb-order-34-94020,government,yes,"Order Determining Whistleblower Award Claim(s), Exchange Act Release No. 94020",0,0,0,1,,,not_reviewed,,,,
usa-sec-wb-order-34-94021,government,yes,"Order Determining Whistleblower Award Claim(s), Exchange Act Release No. 94021",0,0,0,1,,,not_reviewed,,,,
usa-sec-wb-order-34-94022,government,yes,"Order Determining Whistleblower Award Claim(s), Exchange Act Release No. 94022",0,0,0,1,,,not_reviewed,,,,
usa-sec-wb-order-34-94282,government,yes,"Order Determining Whistleblower Award Claim(s), Exchange Act Release No. 94282",0,0,0,2,,,not_reviewed,,,,
usa-sec-wb-order-34-94288,government,yes,"Order Determining Whistleblower Award Claim(s), Exchange Act Release No. 94288",0,0,0,1,,,not_reviewed,,,,
usa-sec-wb-order-34-94366,government,yes,"Order Determining Whistleblower Award Claim(s), Exchange Act Release No. 94366",0,0,0,1,,,not_reviewed,,,,
usa-sec-wb-order-34-94375,government,yes,"Order Determining Whistleblower Award Claim(s), Exchange Act Release No. 94375",0,0,0,1,,,not_reviewed,,,,
usa-sec-wb-order-34-94398,government,yes,"Order Determining Whistleblower Award Claim(s), Exchange Act Release No. 94398",0,0,0,1,,,not_reviewed,,,,
usa-sec-wb-order-34-94399,government,yes,"Order Determining Whistleblower Award Claim(s), Exchange Act Release No. 94399",0,0,0,1,,,not_reviewed,,,,
usa-sec-wb-order-34-94442,government,yes,"Order Determining Whistleblower Award Claim(s), Exchange Act Release No. 94442",0,0,0,1,,,not_reviewed,,,,
usa-sec-wb-order-34-94458,government,yes,"Order Determining Whistleblower Award Claim(s), Exchange Act Release No. 94458",0,0,0,1,,,not_reviewed,,,,
usa-sec-wb-order-34-94459,government,yes,"Order Determining Whistleblower Award Claim(s), Exchange Act Release No. 94459",0,0,0,1,,,not_reviewed,,,,
usa-sec-wb-order-34-94460,government,yes,"Order Determining Whistleblower Award Claim(s), Exchange Act Release No. 94460",0,0,0,1,,,not_reviewed,,,,
usa-sec-wb-order-34-94461,government,yes,"Order Determining Whistleblower Award Claim(s), Exchange Act Release No. 94461",0,0,0,1,,,not_reviewed,,,,
usa-sec-wb-order-34-94519,government,yes,"Order Determining Whistleblower Award Claim(s), Exchange Act Release No. 94519",0,0,0,1,,,not_reviewed,,,,
usa-sec-wb-order-34-94589,government,yes,"Order Determining Whistleblower Award Claim(s), Exchange Act Release No. 94589",0,0,0,2,,,not_reviewed,,,,
usa-sec-wb-order-34-94736,government,yes,"Order Determining Whistleblower Award Claim(s), Exchange Act Release No. 94736",0,0,0,1,,,not_reviewed,,,,
usa-sec-wb-order-34-94737,government,yes,"Order Determining Whistleblower Award Claim(s), Exchange Act Release No. 94737",0,0,0,1,,,not_reviewed,,,,
usa-sec-wb-order-34-94738,government,yes,"Order Determining Whistleblower Award Claim(s), Exchange Act Release No. 94738",0,0,0,1,,,not_reviewed,,,,
usa-sec-wb-order-34-94767,government,yes,"Order Determining Whistleblower Award Claim(s), Exchange Act Release No. 94767",0,0,0,1,,,not_reviewed,,,,
usa-sec-wb-order-34-94789,government,yes,"Order Determining Whistleblower Award Claim(s), Exchange Act Release No. 94789",0,0,0,1,,,not_reviewed,,,,
usa-sec-wb-order-34-94797,government,yes,"Order Determining Whistleblower Award Claim(s), Exchange Act Release No. 94797",0,0,0,1,,,not_reviewed,,,,
usa-sec-wb-order-34-94860,government,yes,"Order Determining Whistleblower Award Claim(s), Exchange Act Release No. 94860",0,0,0,2,,,not_reviewed,,,,
usa-sec-wb-order-34-94946,government,yes,"Order Determining Whistleblower Award Claim(s), Exchange Act Release No. 94946",0,0,0,1,,,not_reviewed,,,,
usa-sec-wb-order-34-95291,government,yes,"Order Determining Whistleblower Award Claim(s), Exchange Act Release No. 95291",0,0,0,1,,,not_reviewed,,,,
usa-sec-wb-order-34-95292,government,yes,"Order Determining Whistleblower Award Claim(s), Exchange Act Release No. 95292",0,0,0,1,,,not_reviewed,,,,
usa-sec-wb-order-34-95304,government,yes,"Order Determining Whistleblower Award Claim(s), Exchange Act Release No. 95304",0,0,0,1,,,not_reviewed,,,,
usa-sec-wb-order-34-95408,government,yes,"Order Determining Whistleblower Award Claim(s), Exchange Act Release No. 95408",0,0,0,1,,,not_reviewed,,,,
usa-sec-wb-order-34-95489,government,yes,"Order Determining Whistleblower Award Claim(s), Exchange Act Release No. 95489",0,0,0,2,,,not_reviewed,,,,
usa-sec-wb-order-34-95490,government,yes,"Order Determining Whistleblower Award Claim(s), Exchange Act Release No. 95490",0,0,0,1,,,not_reviewed,,,,
usa-sec-wb-order-34-95537,government,yes,"Order Determining Whistleblower Award Claim(s), Exchange Act Release No. 95537",0,0,0,2,,,not_reviewed,,,,
usa-sec-wb-order-34-95748,government,yes,"Order Determining Whistleblower Award Claim(s), Exchange Act Release No. 95748",0,0,0,1,,,not_reviewed,,,,
usa-sec-wb-order-34-95802,government,yes,"Order Determining Whistleblower Award Claim(s), Exchange Act Release No. 95802",0,0,0,1,,,not_reviewed,,,,
usa-sec-wb-order-34-95834,government,yes,"Order Determining Whistleblower Award Claim(s), Exchange Act Release No. 95834",0,0,0,1,,,not_reviewed,,,,
usa-sec-wb-order-34-96012,government,yes,"Order Determining Whistleblower Award Claim(s), Exchange Act Release No. 96012",0,0,0,1,,,not_reviewed,,,,
usa-sec-wb-order-34-96076,government,yes,"Order Determining Whistleblower Award Claim(s), Exchange Act Release No. 96076",0,0,0,2,,,not_reviewed,,,,
usa-sec-wb-order-34-96119,government,yes,"Order Determining Whistleblower Award Claim(s), Exchange Act Release No. 96119",0,0,0,1,,,not_reviewed,,,,
usa-sec-wb-order-34-96124,government,yes,"Order Determining Whistleblower Award Claim(s), Exchange Act Release No. 96124",0,0,0,2,,,not_reviewed,,,,
usa-sec-wb-order-34-96128,government,yes,"Order Determining Whistleblower Award Claim(s), Exchange Act Release No. 96128",0,0,0,2,,,not_reviewed,,,,
usa-sec-wb-order-34-96129,government,yes,"Order Determining Whistleblower Award Claim(s), Exchange Act Release No. 96129",0,0,0,1,,,not_reviewed,,,,
usa-sec-wb-order-34-96178,government,yes,"Order Determining Whistleblower Award Claim(s), Exchange Act Release No. 96178",0,0,0,1,,,not_reviewed,,,,
usa-sec-wb-order-34-96231,government,yes,"Order Determining Whistleblower Award Claim(s), Exchange Act Release No. 96231",0,0,0,1,,,not_reviewed,,,,
usa-sec-wb-order-34-96381,government,yes,"Order Determining Whistleblower Award Claim(s), Exchange Act Release No. 96381",0,0,0,1,,,not_reviewed,,,,
usa-sec-wb-order-34-96399,government,yes,"Order Determining Whistleblower Award Claim(s), Exchange Act Release No. 96399",0,0,0,1,,,not_reviewed,,,,
usa-sec-wb-order-34-96439,government,yes,"Order Determining Whistleblower Award Claim(s), Exchange Act Release No. 96439",0,0,0,1,,,not_reviewed,,,,
usa-sec-wb-order-34-96604,government,yes,"Order Determining Whistleblower Award Claim(s), Exchange Act Release No. 96604",0,0,0,1,,,not_reviewed,,,,
usa-sec-wb-order-34-96641,government,yes,"Order Determining Whistleblower Award Claim(s), Exchange Act Release No. 96641",0,0,0,1,,,not_reviewed,,,,
usa-sec-wb-order-34-96642,government,yes,"Order Determining Whistleblower Award Claim(s), Exchange Act Release No. 96642",0,0,0,1,,,not_reviewed,,,,
usa-sec-wb-order-34-96656,government,yes,"Order Determining Whistleblower Award Claim(s), Exchange Act Release No. 96656",0,0,0,1,,,not_reviewed,,,,
usa-sec-wb-order-34-96705,government,yes,"Order Determining Whistleblower Award Claim(s), Exchange Act Release No. 96705",0,0,0,1,,,not_reviewed,,,,
usa-sec-wb-order-34-96765,government,yes,"Order Determining Whistleblower Award Claim(s), Exchange Act Release No. 96765",0,0,0,1,,,not_reviewed,,,,
usa-sec-wb-order-34-96887,government,yes,"Order Determining Whistleblower Award Claim(s), Exchange Act Release No. 96887",0,0,0,1,,,not_reviewed,,,,
usa-sec-wb-order-34-96923,government,yes,"Order Determining Whistleblower Award Claim(s), Exchange Act Release No. 96923",0,0,0,1,,,not_reviewed,,,,
usa-sec-wb-order-34-97051,government,yes,"Order Determining Whistleblower Award Claim(s), Exchange Act Release No. 97051",0,0,0,1,,,not_reviewed,,,,
usa-sec-wb-order-34-97285,government,yes,"Order Determining Whistleblower Award Claim(s), Exchange Act Release No. 97285",0,0,0,1,,,not_reviewed,,,,
usa-sec-wb-order-34-97295,government,yes,"Order Determining Whistleblower Award Claim(s), Exchange Act Release No. 97295",0,0,0,1,,,not_reviewed,,,,
usa-sec-wb-order-34-97524,government,yes,"Order Determining Whistleblower Award Claim(s), Exchange Act Release No. 97524",0,0,0,1,,,not_reviewed,,,,
usa-sec-wb-order-34-97573,government,yes,"Order Determining Whistleblower Award Claim(s), Exchange Act Release No. 97573",0,0,0,1,,,not_reviewed,,,,
usa-sec-wb-order-34-97598,government,yes,"Order Determining Whistleblower Award Claim(s), Exchange Act Release No. 97598",0,0,0,2,,,not_reviewed,,,,
usa-sec-wb-order-34-97683,government,yes,"Order Determining Whistleblower Award Claim(s), Exchange Act Release No. 97683",0,0,0,1,,,not_reviewed,,,,
usa-sec-wb-order-34-97805,government,yes,"Order Determining Whistleblower Award Claim(s), Exchange Act Release No. 97805",0,0,0,2,,,not_reviewed,,,,
usa-sec-wb-order-34-97879,government,yes,"Order Determining Whistleblower Award Claim(s), Exchange Act Release No. 97879",0,0,0,1,,,not_reviewed,,,,
usa-sec-wb-order-34-98219,government,yes,"Order Determining Whistleblower Award Claim(s), Exchange Act Release No. 98219",0,0,0,1,,,not_reviewed,,,,
usa-sec-wb-order-34-98235,government,yes,"Order Determining Whistleblower Award Claim(s), Exchange Act Release No. 98235",0,0,0,1,,,not_reviewed,,,,
usa-sec-wb-order-34-98236,government,yes,"Order Determining Whistleblower Award Claim(s), Exchange Act Release No. 98236",0,0,0,1,,,not_reviewed,,,,
usa-sec-wb-order-34-98736,government,yes,"Order Determining Whistleblower Award Claim(s), Exchange Act Release No. 98736",0,0,0,1,,,not_reviewed,,,,
usa-sec-wb-order-34-98985,government,yes,"Order Determining Whistleblower Award Claim(s), Exchange Act Release No. 98985",0,0,0,1,,,not_reviewed,,,,
usa-sec-wb-order-34-99312,government,yes,"Order Determining Whistleblower Award Claim(s), Exchange Act Release No. 99312",0,0,0,1,,,not_reviewed,,,,
usa-sec-wb-order-34-99669,government,yes,"Order Determining Whistleblower Award Claim(s), Exchange Act Release No. 99669",0,0,0,1,,,not_reviewed,,,,
usa-sec-wb-order-34-99890,government,yes,"Order Determining Whistleblower Award Claim(s), Exchange Act Release No. 99890",0,0,0,2,,,not_reviewed,,,,
usa-sec-wb-order-34-99916,government,yes,"Order Determining Whistleblower Award Claim(s), Exchange Act Release No. 99916",0,0,0,2,,,not_reviewed,,,,
usa-sec-wb-order-34-99929,government,yes,"Order Determining Whistleblower Award Claim(s), Exchange Act Release No. 99929",0,0,0,1,,,not_reviewed,,,,
usa-sec-wb-order-files-award-and-denial-orders-32723,government,yes,Whistleblower award order(s) (files_award-and-denial-orders-32723.pdf),0,0,0,3,,,not_reviewed,,,,
usa-sec-wb-pr-2023-89,government,yes,SEC Issues Largest-Ever Whistleblower Award,0,0,1,1,,,not_reviewed,,,,
usa-senate-psi-boeing-opening-2024,government,yes,"Examining Boeing's Broken Safety Culture: Firsthand Accounts - Opening Statement, Chair Richard Blumenthal",0,0,1,1,,,not_reviewed,,,,
usa-taf-nhtsa-rules-2024,ngo,no,Life Is a Highway: NHTSA Finalizes Whistleblower Program Rules,0,0,0,0,,,not_reviewed,,,,
usa-tigta-wbo-audit-2009,government,yes,Deficiencies Exist in the Control and Timely Resolution of Whistleblower Claims (Reference Number 2009-30-114),5,0,1,0,award_claims_received 1; awards_paid_amount 1; claims_closed 1; claims_open 1; collections_attributable 1,reason; subsection,not_reviewed,,,,
usa-tigta-wbo-audit-2016,government,yes,"The Whistleblower Program Helps Identify Tax Noncompliance; However, Improvements Are Needed to Ensure That Claims Are Processed Appropriately and Expeditiously",30,0,1,0,awards_paid_count 9; awards_paid_amount 7; collections_attributable 7; tips_received 6; award_claims_received 1,subsection,not_reviewed,,,,
usa-tigta-wbo-audit-2023,government,yes,Additional Actions Are Needed to Improve Data Collection and Analysis of Whistleblower Claims and Ensure Full Compliance With the Taxpayer First Act (Report No.,13,0,1,0,awards_paid_amount 4; awards_paid_count 3; claims_referred_to_exam 3; processing_time 2; collections_attributable 1,subsection,not_reviewed,,,,
usa-treasury-karrp-page-2026,government,yes,Kleptocracy Asset Recovery Rewards Program (web page),0,0,1,0,,,not_reviewed,,,,
usa-tx-joint-coord-report-fy2016,government,yes,"Joint Annual Interagency Coordination Report, FY2015 and FY2016 (Texas Government Code 531.103)",2,0,0,0,recoveries_total 2,,not_reviewed,,,,
usa-tx-joint-coord-report-fy2017,government,yes,"Joint Annual Interagency Coordination Report, FY2017 (scanned) (Texas Government Code 531.103)",1,0,0,0,recoveries_total 1,,not_reviewed,,,,
usa-tx-joint-coord-report-fy2018,government,yes,"Joint Annual Interagency Coordination Report, FY2018 (Texas Government Code 531.103)",1,0,0,0,recoveries_total 1,,not_reviewed,,,,
usa-tx-joint-coord-report-fy2019,government,yes,"Joint Annual Interagency Coordination Report, FY2019 (Texas Government Code 531.103)",1,0,0,0,recoveries_total 1,,not_reviewed,,,,
usa-tx-joint-coord-report-fy2020,government,yes,"Joint Annual Interagency Coordination Report, FY2020 (Texas Government Code 531.103)",1,0,0,0,recoveries_total 1,,not_reviewed,,,,
usa-tx-joint-coord-report-fy2021,government,yes,"Joint Annual Interagency Coordination Report, FY2021 (Texas Government Code 531.103)",1,0,0,0,recoveries_total 1,,not_reviewed,,,,
usa-tx-joint-coord-report-fy2022,government,yes,"Joint Annual Interagency Coordination Report, FY2022 (Texas Government Code 531.103)",1,0,0,0,recoveries_total 1,,not_reviewed,,,,
usa-tx-joint-coord-report-fy2023,government,yes,"Joint Annual Interagency Coordination Report, FY2023 (Texas Government Code 531.103)",1,0,0,0,recoveries_total 1,,not_reviewed,,,,
usa-tx-joint-coord-report-fy2024,government,yes,"Joint Annual Interagency Coordination Report, FY2024 (Texas Government Code 531.103)",1,0,0,0,recoveries_total 1,,not_reviewed,,,,
usa-tx-joint-coord-report-fy2025,government,yes,"Joint Annual Interagency Coordination Report, FY2025 (Texas Government Code 531.103)",1,0,0,0,recoveries_total 1,,not_reviewed,,,,
usa-txag-pr-cmf-shire-2023,government,yes,Office of the Attorney General's Civil Medicaid Fraud Division Recovers $42.7 Million in Taxpayer Funds,1,0,0,0,recoveries_total 1,,not_reviewed,,,,
usa-uscode-12usc4201-2024,legislation,yes,"12 U.S.C. 4201 Filing of confidential declarations by private persons (United States Code, 2024 edition)",0,0,1,0,,,not_reviewed,,,,
usa-uscode-12usc4205-2024,legislation,yes,"12 U.S.C. 4205 Rights of declarants; participation in actions, awards (United States Code, 2024 edition)",0,3,0,0,,,not_reviewed,,,,
usa-uscode-15usc78u-6-2023,legislation,yes,"15 U.S.C. 78u-6, Securities whistleblower incentives and protection (United States Code, 2023 edition)",0,4,0,0,,,not_reviewed,,,,
usa-uscode-16usc3375-2024,legislation,yes,"16 U.S.C. 3375 Enforcement (Lacey Act Amendments of 1981; United States Code, 2024 edition)",0,1,0,0,,,not_reviewed,,,,
usa-uscode-26usc7623-2023,legislation,yes,"26 U.S.C. § 7623 Expenses of detection of underpayments and fraud, etc. (United States Code, 2023 edition)",0,8,2,0,,,not_reviewed,,,,
usa-uscode-31-3730-2023,legislation,yes,"31 U.S.C. 3730 - Civil actions for false claims (United States Code, 2023 Edition)",0,4,1,0,,,not_reviewed,,,,
usa-uscode-31usc5323-2018,legislation,yes,"31 U.S.C. 5323 Rewards for informants (United States Code, 2018 edition)",0,4,1,0,,,not_reviewed,,,,
usa-uscode-31usc5323-2021,legislation,yes,"31 U.S.C. 5323 Whistleblower incentives and protections (United States Code, 2021 edition)",0,3,0,0,,,not_reviewed,,,,
usa-uscode-31usc5323-2023,legislation,yes,"31 U.S.C. 5323 Whistleblower incentives and protections (United States Code, 2023 edition)",0,4,0,0,,,not_reviewed,,,,
usa-uscode-33usc1908-2023,legislation,yes,"33 U.S.C. 1908 Penalties for violations (Act to Prevent Pollution from Ships; United States Code, 2023 edition)",0,2,0,0,,,not_reviewed,,,,
usa-uscode-49usc30172-2023,legislation,yes,"49 U.S.C. 30172 Whistleblower incentives and protections (United States Code, 2023 edition)",0,4,1,0,,,not_reviewed,,,,
usa-uscode-7usc26-2023,legislation,yes,"7 U.S.C. 26, Commodity whistleblower incentives and protection (United States Code, 2023 edition)",0,2,0,0,,,not_reviewed,,,,
usa-ustc-wb21276-13w-2016,court,yes,"Whistleblower 21276-13W v. Commissioner, 147 T.C. No. 4 (Supplemental Opinion, Docket Nos. 21276-13W, 21277-13W)",0,0,1,2,,,not_reviewed,,,,
usa-wnn-danske-fairfund-2023,media,no,"Thanks to Danske Bank Whistleblower, SEC Sets Aside $178 Million for Harmed Investors",0,0,0,1,,,not_reviewed,,,,
