source_id,title,publisher,author,source_type,jurisdiction,published_date,accessed_date,url,archive_url,raw_file,sha256,covers,notes
aus-treasury-govt-response-pjc-whistleblower-2019,"Australian Government response to the Parliamentary Joint Committee on Corporations and Financial Services report into whistleblower protections in the corporate, public and not-for-profit sectors",Australian Government (The Treasury),,government,AUS,2019-04,2026-10-05,https://treasury.gov.au/sites/default/files/2019-04/p2019t375309.pdf,,raw/aus-treasury-govt-response-pjc-whistleblower-2019.pdf,4785e8ca75abf9943766a2256d1d52caa84d552927571b2e8f87d9a6f8ee4603,Committee recommendations 11.1-11.2 for a whistleblower reward system (report tabled 13 Sep 2017) and the government's 'Noted' response.,The committee report itself (aph.gov.au) returned 403; recommendations are quoted as reproduced in the response.
aus-treasury-review-whistleblowing-2026,Statutory review of tax and corporate whistleblowing,Australian Government (The Treasury),,government,AUS,2026,2026-10-05,https://treasury.gov.au/review/tax-corporate-whistleblowing-protections,,raw/aus-treasury-review-whistleblowing-2026.html,1d408c9e38d09d6477ed3e911c29b1c5a8cc6606ad7a9dba18347665aea4f7c3,"Review page: statutory review under s 1317AK Corporations Act, consultation open to 29 July 2026.",The consultation paper (consult.treasury.gov.au/c2026-676558) loads by script and was not read; media (Financial Standard) report that it discusses financial incentives.
can-advisor-otip-2020,Whistleblowers lead CRA to assess nearly $60 million in offshore taxes,Advisor.ca,Rudy Mezzetta,media,CAN,2020-11-27,2026-10-03,https://advisor.ca/industry-news/industry/whistleblowers-lead-cra-to-assess-nearly-60-million-in-offshore-taxes/,,,,Figures as of 31 Dec 2019 given by a CRA official at a STEP Canada event.,Media report of a CRA official's remarks.
can-bennettjones-otip-2019,Whistleblowing Pays Off: New CRA Data on First Payments to Informants,Bennett Jones LLP,,industry,CAN,2019-08-21,2026-10-03,https://www.bennettjones.com/Insights/Blogs/Whistleblowing-Pays-Off-New-CRA-Data-on-First-Payments-to-Informants,,,,OTIP figures to end-2018 obtained by the firm through an Access to Information Act request to the CRA.,Law-firm blog; it relays CRA data from an ATIP response that we have not seen. Not stored.
can-canadianlawyer-otip-2019,Rewards rise for informants blowing whistle on offshore federal tax non-compliance,Canadian Lawyer,Anita Balakrishnan,media,CAN,2019-08-30,2026-10-03,https://www.canadianlawyermag.com/practice-areas/tax/rewards-rise-for-informants-blowing-whistle-on-offshore-federal-tax-non-compliance/303592,,,,Reports the Bennett Jones ATIP figures (end-2018) and 2016 figures.,Media; author Anita Balakrishnan.
can-cra-otip-outcomes-2026,Report offshore tax cheating: Outcomes (how rewards work),Canada Revenue Agency,,government,CAN,2026-08-11,2026-10-04,https://www.canada.ca/en/revenue-agency/programs/about-canada-revenue-agency-cra/compliance/report-offshore-tax-cheating-how-reward.html,,raw/can-cra-otip-outcomes-2026.html,57a244f6af883520ff4fe6d8dcff141bd1bdbe7b3b1da459d8b16e8bf7d9672b,"Reward rules: 5-15% of federal tax collected when at least $100,000 is collected; tiers; rewards taxable.",scripted download blocked (canada.ca refused curl); read through WebFetch. Stored copy saved through a browser on 2026-10-04 (the site blocks scripted downloads).
can-cra-otip-overview-2026,Offshore Tax Informant Program: Overview,Canada Revenue Agency,,government,CAN,2026-08-11,2026-10-04,https://www.canada.ca/en/revenue-agency/programs/about-canada-revenue-agency-cra/compliance/offshore-tax-informant-program.html,,raw/can-cra-otip-overview-2026.html,422a8e1af05b0589588172e9cf3b50a73d7dc9e1faa10122972d9b4350f66cec,"Programme description; page modified 2026-08-11, no closure notice.",scripted download blocked: canada.ca refused scripted (curl) connections (HTTP/2 stream reset); read through WebFetch. No statistics on the page. Stored copy saved through a browser on 2026-10-04 (the site blocks scripted downloads).
can-cra-otip-pia-2024,Offshore Tax Informant Program v 3.0 (Privacy Impact Assessment summary),Canada Revenue Agency,,government,CAN,2024-11-12,2026-10-04,https://www.canada.ca/en/revenue-agency/services/about-canada-revenue-agency-cra/protecting-your-privacy/privacy-impact-assessment/offshore-tax-informant-program-v3.html,,raw/can-cra-otip-pia-2024.html,f0d791bdee2e99ae7396fcefae0d4c66c6f61ddbe866a599648a94a11dc55c62,"Rules (5-15% of additional federal tax assessed and collected; $100,000 threshold); system changes 2022-2025.",scripted download blocked (canada.ca refused curl); read through WebFetch. Stored copy saved through a browser on 2026-10-04 (the site blocks scripted downloads).
can-osc-fs-2019,"Ontario Securities Commission financial statements, fiscal year ended March 31, 2019 (OSC Annual Report)",Ontario Securities Commission,,government,CAN,2019,2026-10-05,https://www.osc.ca/sites/default/files/2020-11/Publications_rpt_2019_osc-financial_en.pdf,,raw/can-osc-fs-2019.pdf,c75457813ae4fac208c9ccc37be38d3867c28adb024983b9be652172dbb45dde,Note on funds held pursuant to settlements and orders: payments to whistleblowers in the fiscal year to 31 March 2019 (with prior-year comparative).,"Audited financial statements, in Canadian dollars. Payments made in the year, which can differ in timing from award announcements."
can-osc-fs-2020,"Ontario Securities Commission financial statements, fiscal year ended March 31, 2020 (OSC Annual Report)",Ontario Securities Commission,,government,CAN,2020,2026-10-05,https://www.osc.ca/sites/default/files/2020-11/Publications_rpt_2020_osc-financial_en.pdf,,raw/can-osc-fs-2020.pdf,397fcb93515e60df3aaa07654d58b222487f49b84985e59cb0e33214ad3004ce,Note on funds held pursuant to settlements and orders: payments to whistleblowers in the fiscal year to 31 March 2020 (with prior-year comparative).,"Audited financial statements, in Canadian dollars. Payments made in the year, which can differ in timing from award announcements."
can-osc-fs-2021,"Ontario Securities Commission financial statements, fiscal year ended March 31, 2021 (OSC Annual Report)",Ontario Securities Commission,,government,CAN,2021,2026-10-05,https://www.osc.ca/sites/default/files/2023-05/Publications_rpt_2021_osc-financial_en.pdf,,raw/can-osc-fs-2021.pdf,1369f47d22d01e542e38b23f10add0c12ff9572a09ed5f35dbe184e53f62457a,Note on funds held pursuant to settlements and orders: payments to whistleblowers in the fiscal year to 31 March 2021 (with prior-year comparative).,"Audited financial statements, in Canadian dollars. Payments made in the year, which can differ in timing from award announcements."
can-osc-fs-2022,"Ontario Securities Commission financial statements, fiscal year ended March 31, 2022 (OSC Annual Report)",Ontario Securities Commission,,government,CAN,2022,2026-10-05,https://www.osc.ca/sites/default/files/2023-07/publications_rpt_2022_osc-financial_en.pdf,,raw/can-osc-fs-2022.pdf,41fa164fb718d081b351f8182bc00ac016ab1eb9140e1282025eeb058f6d8b7a,Note on funds held pursuant to settlements and orders: payments to whistleblowers in the fiscal year to 31 March 2022 (with prior-year comparative).,"Audited financial statements, in Canadian dollars. Payments made in the year, which can differ in timing from award announcements."
can-osc-fs-2023,"Ontario Securities Commission financial statements, fiscal year ended March 31, 2023 (OSC Annual Report)",Ontario Securities Commission,,government,CAN,2023,2026-10-05,https://www.osc.ca/sites/default/files/2024-07/publications_rpt_2023_osc-financial_en.pdf,,raw/can-osc-fs-2023.pdf,fa4d0421a7e7c2f14b01b18bbe84524fa3509d20a2d69b89aa7e11a79c85c4e3,Note on funds held pursuant to settlements and orders: payments to whistleblowers in the fiscal year to 31 March 2023 (with prior-year comparative).,"Audited financial statements, in Canadian dollars. Payments made in the year, which can differ in timing from award announcements."
can-osc-fs-2024,"Ontario Securities Commission financial statements, fiscal year ended March 31, 2024 (OSC Annual Report)",Ontario Securities Commission,,government,CAN,2024,2026-10-05,https://www.osc.ca/sites/default/files/2024-08/publications_rpt_2024_osc-financials_en.pdf,,raw/can-osc-fs-2024.pdf,4e8314e5d6eaa496722f85c44fe1a93de2e83236a203f2213a0b412573109ec5,Note on funds held pursuant to settlements and orders: payments to whistleblowers in the fiscal year to 31 March 2024 (with prior-year comparative).,"Audited financial statements, in Canadian dollars. Payments made in the year, which can differ in timing from award announcements."
can-osc-fs-2025,"Ontario Securities Commission financial statements, fiscal year ended March 31, 2025 (OSC Annual Report)",Ontario Securities Commission,,government,CAN,2025,2026-10-05,https://www.osc.ca/sites/default/files/2025-08/publications_rpt_2025_osc-financials_en_0.pdf,,raw/can-osc-fs-2025.pdf,f54ac81269a5a4a14438566a8df443dabaf7a1e6259412aff219973c6943176a,Note on funds held pursuant to settlements and orders: payments to whistleblowers in the fiscal year to 31 March 2025 (with prior-year comparative).,"Audited financial statements, in Canadian dollars. Payments made in the year, which can differ in timing from award announcements."
can-osc-fs-2026,"Ontario Securities Commission financial statements, fiscal year ended March 31, 2026 (OSC Annual Report)",Ontario Securities Commission,,government,CAN,2026,2026-10-05,https://www.osc.ca/sites/default/files/2026-07/publications_rpt_2026_osc-financials_en.pdf,,raw/can-osc-fs-2026.pdf,6ac1ffbd2418bfa2064caf9626fb4a01ba5fb3ac4fe655371fc72cc51bfb7f77,Note on funds held pursuant to settlements and orders: payments to whistleblowers in the fiscal year to 31 March 2026 (with prior-year comparative).,"Audited financial statements, in Canadian dollars. Payments made in the year, which can differ in timing from award announcements."
can-osc-nr-award-2019-02-27,OSC Awards $7.5 Million to Three Whistleblowers,Ontario Securities Commission,,government,CAN,2019-02-27,2026-10-03,https://www.osc.ca/en/news-events/news/osc-awards-75-million-three-whistleblowers,,raw/can-osc-nr-award-2019-02-27.html,25ae5de1791d922525180fbeec87abda6e68d52c370290af61b893914adcbef7,News release announcing a whistleblower award; most give the programme's cumulative awards to date.,
can-osc-nr-award-2020-04-06,OSC awards over half a million to whistleblower,Ontario Securities Commission,,government,CAN,2020-04-06,2026-10-03,https://www.osc.ca/en/news-events/news/osc-awards-over-half-million-whistleblower,,raw/can-osc-nr-award-2020-04-06.html,0c7c5d6407e9a6015af8a8d145466168fb1915823b990b9421770450b592e0fd,News release announcing a whistleblower award; most give the programme's cumulative awards to date.,
can-osc-nr-award-2020-11-17,OSC awards over half a million to three whistleblowers,Ontario Securities Commission,,government,CAN,2020-11-17,2026-10-03,https://www.osc.ca/en/news-events/news/osc-awards-over-half-million-three-whistleblowers,,raw/can-osc-nr-award-2020-11-17.html,e7a0591e751284a321027c4036c0617c3903f290e597c15d9ecd28f6fd3a7982,News release announcing a whistleblower award; most give the programme's cumulative awards to date.,
can-osc-nr-award-2022-03-01,OSC issues whistleblower award totalling nearly a quarter of a million dollars,Ontario Securities Commission,,government,CAN,2022-03-01,2026-10-03,https://www.osc.ca/en/news-events/news/osc-issues-whistleblower-award-totalling-nearly-quarter-million-dollars,,raw/can-osc-nr-award-2022-03-01.html,bd036494a81b558407cdb34a63f1f399661fbe51916d4509c19b4e9f03ddff83,News release announcing a whistleblower award; most give the programme's cumulative awards to date.,
can-osc-nr-award-2023-03-20,OSC awards nearly half a million dollars to whistleblower,Ontario Securities Commission,,government,CAN,2023-03-20,2026-10-03,https://www.osc.ca/en/news-events/news/osc-awards-nearly-half-million-dollars-whistleblower,,raw/can-osc-nr-award-2023-03-20.html,e254e94f37083f1ca4e16f4c96213d0d65ebefee8ec9d6dae169824fc5e0b9b7,News release announcing a whistleblower award; most give the programme's cumulative awards to date.,
can-osc-nr-award-2024-02-27,OSC awards $1.5 million to whistleblower,Ontario Securities Commission,,government,CAN,2024-02-27,2026-10-03,https://www.osc.ca/en/news-events/news/osc-awards-1-5-million-whistleblower,,raw/can-osc-nr-award-2024-02-27.html,7d4dc9fa38fc3aebf0281ad94cc73b914bc67c0156f6448f075ee85aca2119c7,News release announcing a whistleblower award; most give the programme's cumulative awards to date.,
can-osc-nr-award-2024-05-15,"OSC awards $300,000 to whistleblower who uncovered complex misconduct",Ontario Securities Commission,,government,CAN,2024-05-15,2026-10-03,https://www.osc.ca/en/news-events/news/osc-awards-300000-whistleblower-who-uncovered-complex-misconduct,,raw/can-osc-nr-award-2024-05-15.html,69708bb073271cb46df5a10421068d199a1dfaaf760269c30c78db1a8eecae17,News release announcing a whistleblower award; most give the programme's cumulative awards to date.,
can-osc-nr-award-2024-10-23,"OSC announces $150,000 award to international whistleblower",Ontario Securities Commission,,government,CAN,2024-10-23,2026-10-03,https://www.osc.ca/en/news-events/news/osc-announces-150000-award-international-whistleblower,,raw/can-osc-nr-award-2024-10-23.html,f2467a4d0962241de9007c93b9bb6633d051b7364d2beed36b909258ab64add4,News release announcing a whistleblower award; most give the programme's cumulative awards to date.,
can-osc-wb-eligibility-2026,Award eligibility and process,Ontario Securities Commission,,government,CAN,2026,2026-10-03,https://www.osc.ca/en/enforcement/osc-whistleblower-program/award-eligibility-and-process,,raw/can-osc-wb-eligibility-2026.html,e82845a0fef2d8b7f1a7403a06228cc6951feb2be3751480eef603406a735caf,"Award rules under OSC Policy 15-601: 5-15%, cap $5 million, $1 million threshold, $1.5 million not contingent on collections, anonymous filing through lawyers, discretion.",Web page retrieved 2026-10-03.
can-osc-wb-page-2026,OSC Whistleblower Program (programme page),Ontario Securities Commission,,government,CAN,2026,2026-10-03,https://www.osc.ca/en/enforcement/osc-whistleblower-program,,raw/can-osc-wb-page-2026.html,8adddad5cfe222b6523e17bc62575c59c05fa02a7b347036381490a5ff913fb8,"Launch date (July 2016), award up to $5 million, latest award news.",Web page retrieved 2026-10-03.
can-osc-wb-update-2022,Update on the OSC Whistleblower Program 2016 to 2022,Ontario Securities Commission,,government,CAN,2022,2026-10-03,https://www.osc.ca/en/enforcement/osc-whistleblower-program/update-osc-whistleblower-program-2016-2022,,raw/can-osc-wb-update-2022.html,4f5720ba9d39376d1fde4eab29c2acbc3bd1df5c6f95bb7f5c86d285163a03e4,"Five-year review: awards paid ($9.33 million to 11 whistleblowers), sanctions in award cases (~$48 million), tips (797 as of 31 Mar 2022), award rules.","Data as of March 31, 2022. Amounts are Canadian dollars (OSC page; '$' in a Canadian regulator's text)."
che-bger-bge-145-iv-114-2018,"BGE 145 IV 114 (Urteil 6B_1314/2016, 6B_1318/2016 vom 10. Oktober 2018)",Schweizerisches Bundesgericht (Swiss Federal Supreme Court),,court,CHE,2018-10-10,2026-10-03,https://www.bger.ch/ext/eurospider/live/de/php/clir/http/index.php?highlight_docid=atf%3A%2F%2F145-IV-114%3Ade&lang=de&type=show_document,,raw/che-bger-bge-145-iv-114-2018.html,d8c20a6a4577c535b4422aff29fd38dce26fa83178b85af719dbb107a869cb78,Rudolf Elmer bank-secrecy case: lower-court sentences and Federal Supreme Court ruling,Published leading decision (anonymised: the defendant is 'X.'); converted from Latin-1 to UTF-8. Elmer is named in law.ch's report of the same ruling.
che-lawch-elmer-2018,Rudolf Elmer: Keine Verletzung des Bankgeheimnisses,LAW.CH Lawnews,,media,CHE,2018-10-10,2026-10-03,https://law.ch/lawnews/2018/10/rudolf-elmer-keine-verletzung-des-bankgeheimnisses/,https://web.archive.org/web/20240813181547/https://law.ch/lawnews/2018/10/rudolf-elmer-keine-verletzung-des-bankgeheimnisses/,,,Names Elmer as the defendant in 6B_1314/2016 (BGE 145 IV 114),Swiss legal news summary of the Federal Supreme Court press release.
che-srf-falciani-2015,Bundesstrafgericht verurteilt Hervé Falciani zu fünf Jahren Haft,SRF (Schweizer Radio und Fernsehen),,media,CHE,2015-11-27,2026-10-03,https://www.srf.ch/news/schweiz/bundesstrafgericht-verurteilt-herve-falciani-zu-fuenf-jahren-haft,https://web.archive.org/web/20220121205347/https://www.srf.ch/news/schweiz/bundesstrafgericht-verurteilt-herve-falciani-zu-fuenf-jahren-haft,,,Falciani convicted in absentia by the Swiss Federal Criminal Court,German-language public broadcaster report.
gbr-accountancyage-hmrc-2014,HMRC pays out £400k to tax-dodge informants,Accountancy Age / Professional Adviser,,media,GBR,2014-10-27,2026-10-03,https://www.accountancyage.com/aa/news/2377791/hmrc-pays-out-gbp400k-to-tax-dodge-informants,,,,"Informant payments in 2013 (~£400,000), from an FOI request by The Telegraph.",Media relaying another newspaper's FOI.
gbr-accountancyage-hmrc-2015,HMRC pays out highest-ever amount to tax whistleblowers,Accountancy Age,Calum Fuller,media,GBR,2015-06-15,2026-10-05,https://www.accountancyage.com/aa/news/2413066/hmrc-pays-out-highest-ever-amount-to-tax-whistleblowers,https://web.archive.org/web/20160122195031/http://www.accountancyage.com/aa/news/2413066/hmrc-pays-out-highest-ever-amount-to-tax-whistleblowers,,,"Informant payments in the years to 31 March 2015 and 2014, according to the law firm RPC.",Figures attributed to the law firm RPC (no FOI reference in the article). Not stored (media).
gbr-cityam-libor-wb-award-2021,Deutsche Bank Libor whistleblower awarded record $200m payout,City A.M.,,media,GBR,2021-10-22,2026-10-03,https://www.cityam.com/deutsche-bank-libor-whistleblower-awarded-record-200m-payout/,https://web.archive.org/web/20260315232943/https://www.cityam.com/deutsche-bank-libor-whistleblower-awarded-record-200m-payout/,,,Links the CFTC record award to Deutsche Bank / Libor through unnamed sources,Identification rests on unnamed sources; the CFTC itself does not name the case.
gbr-cma-news-cartel-reward-2023,Blowing the whistle on cartels,Competition and Markets Authority,,government,GBR,2023-06-06,2026-10-05,https://www.gov.uk/government/news/blowing-the-whistle-on-cartels,,raw/gbr-cma-news-cartel-reward-2023.html,b847a87e6bb3eb64fe47241a29925c0889b0711084c65a6a91de3447371c50bb,"Increase of the maximum cartel informant reward from £100,000 to £250,000.",
gbr-cma-rewards-guidance-2014,Rewards for information about cartels,Competition and Markets Authority,,government,GBR,2014-03-31,2026-10-05,https://www.gov.uk/government/publications/cartels-policy-for-witnessing-and-reporting/rewards-for-information-about-cartels,,raw/gbr-cma-rewards-guidance-2014.html,0693b56147fc0c351f786fd815b8d0b0b10a134b3d1745999ee84a6caaf5143b,"CMA guidance on informant rewards: maximum £250,000, discretionary, paid at the end of an investigation.","First published 31 Mar 2014; page updated (gov.uk 'first_published_at' of the HTML attachment 2022-01-10) and now states the £250,000 cap."
gbr-csw-hmrc-2019,"HMRC pays out £350,000 in a year for tax fraud tip-offs",Civil Service World,Beckie Smith,media,GBR,2019-04-26,2026-10-03,https://www.civilserviceworld.com/professions/article/hmrc-pays-out-350000-in-a-year-for-tax-fraud-tipoffs,,,,"2017-18 informant payments (£343,500) as reported by the head of the National Audit Office to an MP.",Media relaying an NAO letter not retrieved.
gbr-fca-pra-incentives-2014,Financial Incentives for Whistleblowers: Note by the Financial Conduct Authority and the Prudential Regulation Authority for the Treasury Select Committee,Financial Conduct Authority; Prudential Regulation Authority,,government,GBR,2014-07,2026-10-03,https://www.fca.org.uk/publication/financial-incentives-for-whistleblowers.pdf,,raw/gbr-fca-pra-incentives-2014.pdf,9087aeba024390004741e9cf48ab8b1a598232741e8d3e064b101770a0fec9d2,The UK regulators' conclusion not to introduce US-style financial incentives; mentions the BIS response of 25 June 2014.,
gbr-fisher-review-fraud-digital-age-2026,"Independent Review of Disclosure and Fraud Offences: Fraud in the Digital Age (second report, CP 1600)",Home Office,Jonathan Fisher KC,government,GBR,2026-07-14,2026-10-05,https://assets.publishing.service.gov.uk/media/6a561efb9e63154454413629/2025.12.31.Independent.Review.of.Disclosure.and.Fraud.Second.Report.Print.Version.CM.pdf,,raw/gbr-fisher-review-fraud-digital-age-2026.pdf,482373ae6f540c419b6f8d000fa4d45e2e6f2a43f1e1541b5dc86f4242cd7dd2,"Chapter 11 'Whistleblower Incentivisation': UK reward schemes (HMRC, CMA), HMRC payments 2022/23-2023/24, FCA stance, Recommendation 15 (SFO rewards).","Independent review led by Jonathan Fisher KC; report dated 31 Dec 2025, published by the Home Office on 14 July 2026. Its HMRC figures cite a law-firm bulletin (Park, 'Contentious Tax Bulletin November 2024'), so they are second-hand."
gbr-hmrc-ar-2018-19,HMRC Annual Report and Accounts 2018-19,HM Revenue & Customs,,government,GBR,2019-07,2026-10-05,https://assets.publishing.service.gov.uk/media/5d515d8340f0b659fb7c02ff/HMRC_Annual_Report_and_Accounts_2018-19__web_.pdf,,raw/gbr-hmrc-ar-2018-19.pdf,c3e098925f63b4baa845226c6ba4622f102dd6ee1c77d132485e99089f6b6595,Total rewards paid for information in 2018-19 (box 'In focus: Paying rewards for information').,First HMRC annual report found that prints the yearly total of informant rewards.
gbr-hmrc-ar-2019-20,HMRC Annual Report and Accounts 2019 to 2020,HM Revenue & Customs,,government,GBR,2020,2026-10-05,https://assets.publishing.service.gov.uk/media/5fa413948fa8f57896ad02a1/HMRC_Annual_Report_and_Accounts_2019_to_2020__Web_.pdf,,raw/gbr-hmrc-ar-2019-20.pdf,e576829452a512a1795f43470435263abe92001d98ec8bd026265e0267f14259,Total rewards paid for information in 2019-20 (box 'Rewards for information').,
gbr-hmrc-ar-2020-21,HMRC Annual Report and Accounts 2020 to 2021,HM Revenue & Customs,,government,GBR,2021,2026-10-05,https://assets.publishing.service.gov.uk/media/619e0aaae90e070445fd762a/HMRC_Annual_Report_and_Accounts_2020_to_2021_Web.pdf,,raw/gbr-hmrc-ar-2020-21.pdf,6095dbbf1d382e66b921ea0423c6d4d3a2ab8d3e0073731555b4cd069dc8ae3a,Rewards paid to informants and number of fraud reports received in 2020-21.,
gbr-hmrc-ar-2023-24,HMRC annual report and accounts 2023 to 2024,HM Revenue & Customs,,government,GBR,2024-07,2026-10-05,https://assets.publishing.service.gov.uk/media/66a8ebc349b9c0597fdb0784/HMRC_annual_report_and_accounts_2023_to_2024.pdf,,raw/gbr-hmrc-ar-2023-24.pdf,9cf4a8745eed6c0ab6a1756ecacd280a81477972640fa94c82fffc8e86e21cd8,Payments to informants and fraud reports received in 2023-24.,"Prints £989,256 for 2023-24, while the Price Bailey FOI (as reported by MoneyWeek/WNN) and the Fisher review give £978,256. The 2021-22 and 2022-23 annual reports were checked and do not print the figure."
gbr-hmrc-ar-2024-25,HMRC annual report and accounts 2024 to 2025,HM Revenue & Customs,,government,GBR,2025-07,2026-10-05,https://assets.publishing.service.gov.uk/media/687e5d318adf4250705c96d8/HMRC_annual_report_and_accounts_2024_to_2025.pdf,,raw/gbr-hmrc-ar-2024-25.pdf,329b0361592691407b6c1c11be52986cbca9e367405aa2112ba7ba626e69c6f7,Payments to informants and fraud reports received in 2024-25.,
gbr-hmrc-ar-2025-26,HMRC annual report and accounts 2025 to 2026,HM Revenue & Customs,,government,GBR,2026-07-09,2026-10-05,https://assets.publishing.service.gov.uk/media/6a4f66c406e7256c331df8a2/HMRC_annual_report_and_accounts_2025_to_2026.pdf,,raw/gbr-hmrc-ar-2025-26.pdf,60c3bf382903629b2b0506fa6d1c130e1c54ec6d07c994b9c539fffc6bd1bb07,Payments to informants and reports alleging non-compliance in 2025-26; description of the Strengthened Reward Scheme.,The 2025-26 total does not separate the standard scheme from the Strengthened Reward Scheme; no SRS-specific payment is reported.
gbr-hmrc-srs-draft-legislation-2026,Draft Finance Bill measures: Deduction of income tax at source: informant rewards paid by HMRC,HM Revenue & Customs,,legislation,GBR,2026-07-13,2026-10-05,https://assets.publishing.service.gov.uk/media/6a4f7aae1228eb26a4cab5f0/L-day_-_Informant_rewards_.pdf,,raw/gbr-hmrc-srs-draft-legislation-2026.pdf,a91e35578bbfbac394d5437f9110d7df4db3c0d50855cb683189dad8b60fb546,Draft new section 974A ITA 2007; defines the Strengthened Reward Scheme as published on 26 November 2025.,"Draft legislation, not enacted."
gbr-hmrc-srs-guidance-2025,Reporting serious tax avoidance or evasion (Strengthened Reward Scheme),HM Revenue & Customs,,government,GBR,2025-11-26,2026-10-03,https://www.gov.uk/guidance/reporting-serious-tax-avoidance-or-evasion,,raw/gbr-hmrc-srs-guidance-2025.html,c82ed7d5e9688469eca28b80c4405dc001a3c08340f2a9077d8779fd18acf4c6,Rules of HMRC's Strengthened Reward Scheme: 15-30% of tax collected when at least £1.5 million is collected; discretionary; no payment for anonymous reports.,"GOV.UK guidance, first published 26 Nov 2025 (Budget day). Does not state a start date."
gbr-hmrc-srs-withholding-tiin-2026,Withholding of tax for rewards received under the Strengthened Reward Scheme (tax information and impact note),HM Revenue & Customs,,government,GBR,2026-07-13,2026-10-05,https://www.gov.uk/government/publications/withholding-of-income-tax-for-rewards-received-under-the-strengthened-reward-scheme/withholding-of-tax-for-rewards-received-under-the-strengthened-reward-scheme,,raw/gbr-hmrc-srs-withholding-tiin-2026.html,78a7513bcdb07e7cec71681beb9dbbb72d1109ec0aa5d443e0b8e08c9b1c28b9,Planned 45% income tax withholding on SRS rewards; background on the scheme's announcement and launch.,Draft measure for Finance Bill 2026-27 (effective from Royal Assent).
gbr-hmt-autumn-budget-2024,Autumn Budget 2024 (HTML),HM Treasury,,government,GBR,2024-10-30,2026-10-05,https://www.gov.uk/government/publications/autumn-budget-2024/autumn-budget-2024-html,,raw/gbr-hmt-autumn-budget-2024.html,5afba2ccdd689971b9e70d8459670ad4d889fcf45872f721914afc821cbdae08,"Chapter 5, 'Closing the tax gap': commitment to strengthen HMRC's informant reward scheme.",
gbr-hmt-budget-2025,Budget 2025 (HTML),HM Treasury,,government,GBR,2025-11-26,2026-10-05,https://www.gov.uk/government/publications/budget-2025-document/budget-2025-html,,raw/gbr-hmt-budget-2025.html,3be0f150545539ee163619d7cac37d6d093f3c205cecdee8eeef41b905b4710f,Section 5.9 'Rewards for informants of high-value tax fraud' (immediate effect) and chapter text on the strengthened scheme.,
gbr-hmt-budget-2025-policy-costings,Budget 2025: Policy costings,HM Treasury,,government,GBR,2025-11-26,2026-10-05,https://assets.publishing.service.gov.uk/media/692872fd2a37784b16ecf676/Budget_2025-Policy_Costings.pdf,,raw/gbr-hmt-budget-2025-policy-costings.pdf,e4b87104f1a6cd1aeb7081e7815b604a7aa9ff1b760668e4a4c2e4719477fda4,Costing note 'Rewards for informants of high value tax fraud' (p. 104): effective date and Exchequer impact 2025-26 to 2030-31.,"Costings certified by the Office for Budget Responsibility; the yield comes from a behavioural response (more informants), not from rewards themselves."
gbr-hmt-speech-hmrc20-2025,Exchequer Secretary to the Treasury: 20 years of HMRC - reflections and looking ahead,HM Treasury,,government,GBR,2025-03-11,2026-10-05,https://www.gov.uk/government/speeches/exchequer-secretary-to-the-treasury-20-years-of-hmrc-reflections-and-looking-ahead,,raw/gbr-hmt-speech-hmrc20-2025.html,799637bf4dfd94cec07ee726f39a46297caa21ec83ea1cd1ca8461c4bed513ed,Announcement of a new percentage-based HMRC reward scheme for informants (delivered 11 March 2025).,gov.uk search shows the page published 12 March 2025; the page says delivered on 11 March 2025.
gbr-ho-anti-corruption-strategy-2025,UK Anti-Corruption Strategy 2025,Home Office (Joint Anti-Corruption Unit),,government,GBR,2025-12-08,2026-10-05,https://assets.publishing.service.gov.uk/media/6932caa7375aee4a15ee8c8c/36.37_HO_JACU-Strategy_v12b_FINAL_WEB.pdf,,raw/gbr-ho-anti-corruption-strategy-2025.pdf,6e9b05e2de91de12a9fc79f56746ea0d478e3c5b8f0947e09eed8f5b083ecd85,Commitment to assess the feasibility of financial incentive schemes for people reporting economic crime (para 39.III).,
gbr-managementtoday-gsk-relators-2012,Glaxo whistleblowers to pocket $250m for coming forward,Management Today,,media,GBR,2012-07-04,2026-10-03,https://www.managementtoday.co.uk/glaxo-whistleblowers-pocket-250m-coming-forward/article/1139488,https://web.archive.org/web/20221208103909/https://www.managementtoday.co.uk/glaxo-whistleblowers-pocket-250m-coming-forward/article/1139488,,,Reported relator share in the GSK 2012 settlement and the relators' names,Secondary; DOJ's release does not give the relators' share.
gbr-moneyweek-hmrc-2025,"HMRC rewarded tax informants with £850,000 as record fraud tip-offs sent to taxman last year",MoneyWeek,Daniel Hilton,media,GBR,2025-08-15,2026-10-03,https://moneyweek.com/personal-finance/tax/hmrc-tax-fraud-tip-off-rewards,,,,"HMRC informant rewards and tip-offs, 2023/24 and 2024/25, from an FOI request by accountants Price Bailey.",Media relaying an FOI response we have not seen.
gbr-parliament-wq-93208-2025,Written question UIN 93208: Revenue and Customs: Rewards (HMRC whistleblowing reward scheme),UK Parliament (House of Commons),,government,GBR,2025-11-27,2026-10-05,https://questions-statements.parliament.uk/written-questions/detail/2025-11-20/93208,,raw/gbr-parliament-wq-93208-2025.json,4704055e193cf7497f3fd4582b092d14c584da75ce8927fc2bec8dfcf6004705,"Treasury answer (Dan Tomlinson MP, 27 Nov 2025): launch date of the scheme and HMRC policy of publishing annual totals only.",Stored as the JSON record from the official Parliament written-questions API (questions-statements-api.parliament.uk/api/writtenquestions/questions/1855151); the HTML page returned 403 to scripts.
gbr-sfo-news-plan-2025,Serious Fraud Office sets out next steps in ambitious plan,Serious Fraud Office,,government,GBR,2025-04-03,2026-10-03,https://www.gov.uk/government/news/serious-fraud-office-sets-out-next-steps-in-ambitious-plan,,raw/gbr-sfo-news-plan-2025.html,18a53b8afe3982e0f5e0b73236ce491a937abedb7bb6db5a0f85d340df72c9e3,SFO 2025-26 business plan includes advancing plans for a whistleblower incentivisation scheme.,
gbr-sfo-speech-conference-2026,Director addresses global anti-corruption conference,Serious Fraud Office,,government,GBR,2026-06-03,2026-10-03,https://www.gov.uk/government/speeches/director-addresses-global-anti-corruption-conference,,raw/gbr-sfo-speech-conference-2026.html,4fcdd3ee2cd69f782697f9bb736bbd1814a0ab88b20407ac0004a831fdd54420,SFO Director supports a whistleblower incentivisation scheme for the SFO; over 700 UK nationals used US programmes 2012-2023.,
gbr-sfo-speech-rusi-2024,Director Ephgrave's speech at RUSI 13 February 2024,Serious Fraud Office,,government,GBR,2024-02-13,2026-10-03,https://www.gov.uk/government/speeches/director-ephgraves-speech-at-rusi-13-february-2024,,raw/gbr-sfo-speech-rusi-2024.html,11fa165d58864915e749775c29e068788a6603ecc253242033cae6423bfd22ea,SFO Director Nick Ephgrave: 'I think we should pay whistleblowers'.,
gbr-taxjournal-hmrc-2012,HMRC defends payments to informants,Tax Journal,Andrew Goodall,media,GBR,2012-07-31,2026-10-03,https://www.taxjournal.com/articles/hmrc-defends-payments-informants-31072012,,,,Informant payments 2007/08 and 2011/12 from an FOI disclosure.,Media relaying an FOI disclosure.
gbr-wnn-hmrc-2025,The UK's Floating Commitment to Whistleblowers Abating Tax Fraud,Whistleblower Network News,Agnes Jonsson,media,GBR,2025-11-21,2026-10-03,https://whistleblowersblog.org/global-whistleblowers/the-uks-floating-commitment-to-whistleblowers-abating-tax-fraud/,,,,Repeats the 2023/24 and 2024/25 HMRC reward totals (citing MoneyWeek).,Advocacy-linked news site (Whistleblower Network News); second-hand.
gha-gna-amendment-2022,Reward systems for Whistleblowers to be introduced – AG,Ghana News Agency,,media,GHA,2022-12-15,2026-10-03,https://gna.org.gh/2022/12/reward-systems-for-whistleblowers-to-be-introduced-ag/,,,,Cabinet approval of an amendment to operationalise the Whistleblower Reward Fund.,State news agency report.
gha-parliament-act720-2006,"Whistleblower Act, 2006 (Act 720)",Parliament of the Republic of Ghana,,legislation,GHA,2006-10-16,2026-10-03,https://www.osp.gov.gh/media/Resources/ghanawhitsleblowerAct.pdf,,raw/gha-parliament-act720-2006.pdf,e4cd40fffc33654b91bb1b971e8713e301dd6d7261a5214cfc1d5d43ccab99ec,"Full text: Whistleblower Reward Fund (ss. 20-27), reward of 10% of money recovered (s. 24).",Copy hosted by the Office of the Special Prosecutor.
hun-gvh-informant-reward-page-2026,Gyakran feltett kérdések az informátori díjjal kapcsolatban (Informant reward FAQ),Gazdasági Versenyhivatal (Hungarian Competition Authority),,government,HUN,2026,2026-10-05,https://www.gvh.hu/fogyasztoknak/informatori_dij,,raw/hun-gvh-informant-reward-page-2026.html,b12356d40b34db6a9fef91d14137dc4c40f0f46dc87f84510b6be4fc6879319d,"Current rules of the informant reward under Tpvt. § 79/A: 1% of the fine, max HUF 50 million, tax-free, decided within 30 days of the final decision.",
hun-gvh-ogy-beszamolo-2010,Beszámoló az Országgyűlés részére a Gazdasági Versenyhivatal 2010. évi tevékenységéről,Gazdasági Versenyhivatal (Hungarian Competition Authority),,government,HUN,2011,2026-10-05,https://www.gvh.hu/pfile/file?path=/gvh/orszaggyulesi_beszamolok/gvh_ogy_pb_2010_m_pdf.pdf&inline=true,,raw/hun-gvh-ogy-beszamolo-2010.pdf,8a325ddeb167aff7d270e30c9579dcb90d3c3290d4ca044ecc10b23702712180,Introduction of the informant reward on 1 April 2010; about 20 private persons came forward in its first year.,"Annual report to Parliament. Reports for 2017-2025 were scanned and mention the informant reward only as a tool, without counts or payments."
hun-gvh-ogy-beszamolo-2012,Beszámoló az Országgyűlés részére a Gazdasági Versenyhivatal 2012. évi tevékenységéről,Gazdasági Versenyhivatal (Hungarian Competition Authority),,government,HUN,2013,2026-10-05,https://www.gvh.hu/pfile/file?path=/gvh/orszaggyulesi_beszamolok/gvh_ogy_pb_2012&inline=true,,raw/hun-gvh-ogy-beszamolo-2012.pdf,b7fb4288153686c72f8440b8aaf537c5365d1357f0bfbf418355377da1076b90,"Informant inquiries in 2012 (nearly 20, as in 2011).","Annual report to Parliament. Reports for 2017-2025 were scanned and mention the informant reward only as a tool, without counts or payments."
hun-gvh-ogy-beszamolo-2013,Beszámoló az Országgyűlés részére a Gazdasági Versenyhivatal 2013. évi tevékenységéről,Gazdasági Versenyhivatal (Hungarian Competition Authority),,government,HUN,2014,2026-10-05,https://www.gvh.hu/pfile/file?path=/gvh/orszaggyulesi_beszamolok/gvh_ogy_pb_2013.pdf&inline=true,,raw/hun-gvh-ogy-beszamolo-2013.pdf,762f0a2756656a20a1c207cf095589fa858e87661e849161e354b0844d046a5f,"First case built on an informant (Vj-43/2011, office supplies), fine HUF 1,003.6 million, reward above HUF 10 million; 25-30 discussions, one application admitted.","Annual report to Parliament. Reports for 2017-2025 were scanned and mention the informant reward only as a tool, without counts or payments."
hun-gvh-ogy-beszamolo-2014,Beszámoló az Országgyűlés részére a Gazdasági Versenyhivatal 2014. évi tevékenységéről,Gazdasági Versenyhivatal (Hungarian Competition Authority),,government,HUN,2015,2026-10-05,https://www.gvh.hu/pfile/file?path=/gvh/orszaggyulesi_beszamolok/gvh_ogy_pb_2014&inline=true,,raw/hun-gvh-ogy-beszamolo-2014.pdf,7d1f1dd217c533097cda8d5dbfdd835191d713b506d9082896c2f356061e9df4,About 20 informant inquiries and 2 applications admitted in 2014; 24 January press conference on the first case with an informant reward payment.,"Annual report to Parliament. Reports for 2017-2025 were scanned and mention the informant reward only as a tool, without counts or payments."
hun-gvh-ogy-beszamolo-2015,Beszámoló az Országgyűlés részére a Gazdasági Versenyhivatal 2015. évi tevékenységéről,Gazdasági Versenyhivatal (Hungarian Competition Authority),,government,HUN,2016,2026-10-05,https://www.gvh.hu/pfile/file?path=/gvh/orszaggyulesi_beszamolok/gvh_ogy_pb_2015&inline=true,,raw/hun-gvh-ogy-beszamolo-2015.pdf,aa3b086fa5cb1482342c47e4203a57c83f8954d8444eb70c2a72ce2641353726,"20 informant inquiries, no new application admitted in 2015.","Annual report to Parliament. Reports for 2017-2025 were scanned and mention the informant reward only as a tool, without counts or payments."
hun-gvh-ogy-beszamolo-2016,Beszámoló az Országgyűlés részére a Gazdasági Versenyhivatal 2016. évi tevékenységéről,Gazdasági Versenyhivatal (Hungarian Competition Authority),,government,HUN,2017,2026-10-05,https://www.gvh.hu/pfile/file?path=/gvh/orszaggyulesi_beszamolok/gvh_ogy_pb_2016&inline=true,,raw/hun-gvh-ogy-beszamolo-2016.pdf,f9a8f31cfbbaff9d18ca92f3f9381a3452afa5f0743fef2971a6d95928626b2e,Informant reward led to one investigation being prepared in 2016.,"Annual report to Parliament. Reports for 2017-2025 were scanned and mention the informant reward only as a tool, without counts or payments."
euu-eurlex-directive-2019-1937,Directive (EU) 2019/1937 of the European Parliament and of the Council of 23 October 2019 on the protection of persons who report breaches of Union law,EUR-Lex (Publications Office of the EU),,eu,INTL,2019-11-26,2026-10-03,https://eur-lex.europa.eu/eli/dir/2019/1937/oj,https://web.archive.org/web/20250109131650/https://eur-lex.europa.eu/eli/dir/2019/1937/oj,raw/euu-eurlex-directive-2019-1937.html,c3632aad24c674cb5c50eb72ab783f453183817b7505f014dffe0298c976f555,"Text of the EU Whistleblowing Directive, transposition deadline","EUR-Lex returned a bot challenge (HTTP 202, empty) to scripts; copy from the Wayback raw capture of the ELI page. Jurisdiction INTL = European Union. Published in OJ L 305, 26.11.2019 (date from the OJ reference, not quoted here)."
intl-echr-halet-gc-2023,"Case of Halet v. Luxembourg (Application no. 21884/18), Grand Chamber judgment",European Court of Human Rights,,court,INTL,2023-02-14,2026-10-03,https://hudoc.echr.coe.int/eng?i=001-223259,,raw/intl-echr-halet-gc-2023.pdf,1a66d812d60ba9551a4f1b54852137c242729c08c8dcfa029ccf6d52eed80a40,"LuxLeaks: domestic proceedings against Halet and A.D. (Deltour), Court of Cassation 2018, Article 10 violation and damages",Downloaded through HUDOC's PDF conversion endpoint. The judgment refers to Antoine Deltour as 'A.D.'.
intl-eu-directive-2019-1937,Directive (EU) 2019/1937 of the European Parliament and of the Council of 23 October 2019 on the protection of persons who report breaches of Union law,European Parliament and Council of the European Union,,eu,INTL,2019-11-26,2026-10-03,https://www.legislation.gov.uk/eudr/2019/1937/pdfs/eudr_20191937_adopted_en.pdf,,raw/intl-eu-directive-2019-1937.pdf,5cfd8ec2a460fbe9e27c60bf14db4aae6b238f7fac4b36b07ff01f70cb01b7d0,Official Journal L 305/17 text; Article 26 transposition deadlines.,"OJ PDF as adopted, served by legislation.gov.uk (EUR-Lex returned a bot challenge to curl). Another agent stored the EUR-Lex HTML as raw/euu-eurlex-directive-2019-1937.html."
kor-acrc-ar-2010,ACRC Korea Annual Report 2010,국민권익위원회 (Anti-Corruption and Civil Rights Commission),,government,KOR,2011,2026-10-05,https://www.acrc.go.kr/boardDownload.es?bid=64&list_no=13278&seq=1,,raw/kor-acrc-ar-2010.pdf,26c87ba02bd9583ca9f9412b6aa52ee29d978b2cbba59e4ae29ab6cfb8eee97d,English annual report for 2010; reward and award statistics in the whistleblower protection and reward chapter (yearly tables).,Upload date on the ACRC board not shown; report covers 2010. English edition of the ACRC annual report (publications board bid=64).
kor-acrc-ar-2011,ACRC Korea Annual Report 2011,국민권익위원회 (Anti-Corruption and Civil Rights Commission),,government,KOR,2012,2026-10-05,https://www.acrc.go.kr/boardDownload.es?bid=64&list_no=13284&seq=2,,raw/kor-acrc-ar-2011.pdf,7d5416b70ae58120dd18a7de36e0674a0276d017c67d5df8b74805f5f29d914a,English annual report for 2011; reward and award statistics in the whistleblower protection and reward chapter (yearly tables).,Report covers 2011. English edition of the ACRC annual report (publications board bid=64).
kor-acrc-ar-2013,ACRC Korea Annual Report 2013,국민권익위원회 (Anti-Corruption and Civil Rights Commission),,government,KOR,2014-04,2026-10-05,https://www.acrc.go.kr/boardDownload.es?bid=64&list_no=13287&seq=1,,raw/kor-acrc-ar-2013.pdf,22a79d364270bf1a875c460df8b113bca68148085ab79debd72b67dd433aa4a6,English annual report for 2013; reward and award statistics in the whistleblower protection and reward chapter (yearly tables).,Board file name suggests upload 16 Apr 2014. English edition of the ACRC annual report (publications board bid=64).
kor-acrc-ar-2014,ACRC Korea Annual Report 2014,국민권익위원회 (Anti-Corruption and Civil Rights Commission),,government,KOR,2015-05,2026-10-05,https://www.acrc.go.kr/boardDownload.es?bid=64&list_no=13293&seq=2,,raw/kor-acrc-ar-2014.pdf,04faeeed6852170490a3663e2062a4b2b65d653f5a2c61f75ec652ca1911f90d,English annual report for 2014; reward and award statistics in the whistleblower protection and reward chapter (yearly tables).,Board file name suggests upload 12 May 2015. English edition of the ACRC annual report (publications board bid=64).
kor-acrc-ar-2015,ACRC Korea Annual Report 2015,Anti-Corruption and Civil Rights Commission,,government,KOR,2016,2026-10-03,https://www.theioi.org/downloads/u3vv/Korea_ACRC_Annual%20Report_2015_EN.pdf,,raw/kor-acrc-ar-2015.pdf,f76eba91113e41198c629be9fe77b595022dda8a39b138fb8a5259266801b783,"Reward rules (4-30%, cap 3 billion KRW, 2015 decree), cumulative corruption rewards 2008-2015, public-interest rewards 2015 and cumulative.","English annual report of the ACRC, downloaded from the International Ombudsman Institute site (theioi.org), which hosts members' reports. Publication year inferred as 2016 (report on 2015)."
kor-acrc-ar-2016,ACRC Korea Annual Report 2016,국민권익위원회 (Anti-Corruption and Civil Rights Commission),,government,KOR,2017-05,2026-10-05,https://www.acrc.go.kr/boardDownload.es?bid=64&list_no=13309&seq=1,,raw/kor-acrc-ar-2016.pdf,41b83bfd256628444fa6a510bbf85f28ec9b4bdf933018be8bb7dd8276db9415,English annual report for 2016; reward and award statistics in the whistleblower protection and reward chapter (yearly tables).,Board file name suggests upload 23 May 2017. English edition of the ACRC annual report (publications board bid=64).
kor-acrc-ar-2017,ACRC Korea Annual Report 2017,국민권익위원회 (Anti-Corruption and Civil Rights Commission),,government,KOR,2018-05,2026-10-05,https://www.acrc.go.kr/boardDownload.es?bid=64&list_no=13317&seq=1,,raw/kor-acrc-ar-2017.pdf,a560a7c8feabffef3474fdc148e1df16cd0e0dfc93b7f964e8ed865c5370b531,English annual report for 2017; reward and award statistics in the whistleblower protection and reward chapter (yearly tables).,Board file name suggests upload 11 May 2018. English edition of the ACRC annual report (publications board bid=64).
kor-acrc-ar-2018,ACRC Korea Annual Report 2018,국민권익위원회 (Anti-Corruption and Civil Rights Commission),,government,KOR,2019-06,2026-10-05,https://www.acrc.go.kr/boardDownload.es?bid=64&list_no=13322&seq=1,,raw/kor-acrc-ar-2018.pdf,75bdd20b49929ba8f830d4610abf2cf22bc279c5ad6dfdda2678cccc94b6e9cf,English annual report for 2018; reward and award statistics in the whistleblower protection and reward chapter (yearly tables).,Board file name suggests upload 4 Jun 2019. English edition of the ACRC annual report (publications board bid=64).
kor-acrc-ar-2019,ACRC Korea Annual Report 2019,국민권익위원회 (Anti-Corruption and Civil Rights Commission),,government,KOR,2020-07,2026-10-05,https://www.acrc.go.kr/boardDownload.es?bid=64&list_no=13330&seq=1,,raw/kor-acrc-ar-2019.pdf,a5ca77fbc00325a5748f6102980326ea820c8827bf47c5ed57126b774fdf1311,English annual report for 2019; reward and award statistics in the whistleblower protection and reward chapter (yearly tables).,Board file name suggests upload 8 Jul 2020. English edition of the ACRC annual report (publications board bid=64).
kor-acrc-ar-2020,ACRC Korea Annual Report 2020,국민권익위원회 (Anti-Corruption and Civil Rights Commission),,government,KOR,2021-07,2026-10-05,https://www.acrc.go.kr/boardDownload.es?bid=64&list_no=13332&seq=1,,raw/kor-acrc-ar-2020.pdf,a2419dd2d8d635241297b134f557e17769aa97777ba25432244013b25981af24,English annual report for 2020; reward and award statistics in the whistleblower protection and reward chapter (yearly tables).,Board file name suggests upload 2 Jul 2021. Its Table 3-13 runs to 2020. English edition of the ACRC annual report (publications board bid=64).
kor-acrc-ar-2022,ACRC Korea Annual Report 2022,국민권익위원회 (Anti-Corruption and Civil Rights Commission),,government,KOR,2023-07,2026-10-05,https://www.acrc.go.kr/boardDownload.es?bid=64&list_no=46007&seq=4,,raw/kor-acrc-ar-2022.pdf,469be683c4e7bd94cbd9db484c1e65ec314703cf8ec29d048385f3023ad0a005,English annual report for 2022; reward and award statistics in the whistleblower protection and reward chapter (yearly tables).,Board file name suggests upload 13 Jul 2023. English edition of the ACRC annual report (publications board bid=64).
kor-acrc-ar-2023,ACRC Korea Annual Report 2023,국민권익위원회 (Anti-Corruption and Civil Rights Commission),,government,KOR,2024-08,2026-10-05,https://www.acrc.go.kr/boardDownload.es?bid=64&list_no=76888&seq=1,,raw/kor-acrc-ar-2023.pdf,416bbe7021171ce7c54c8fb656789b345b5e86bb12028cd3d0eebf05e81ceee9,English annual report for 2023; reward and award statistics in the whistleblower protection and reward chapter (yearly tables).,Board file name suggests upload 20 Aug 2024. English edition of the ACRC annual report (publications board bid=64).
kor-acrc-ar-2024,ACRC Korea Annual Report 2024,국민권익위원회 (Anti-Corruption and Civil Rights Commission),,government,KOR,2025-08,2026-10-05,https://www.acrc.go.kr/boardDownload.es?bid=64&list_no=95833&seq=6,,raw/kor-acrc-ar-2024.pdf,d966ed93b5b84c80a0efda169cee02b3c1e50306273aaed53c8b8ec840c221df,English annual report for 2024; reward and award statistics in the whistleblower protection and reward chapter (yearly tables).,Board file name suggests upload 27 Aug 2025. English edition of the ACRC annual report (publications board bid=64).
kor-acrc-ar-2025,ACRC Korea Annual Report 2025,Anti-Corruption and Civil Rights Commission,,government,KOR,2026,2026-10-03,https://www.acrc.go.kr/boardDownload.es?bid=64&list_no=117667&seq=1,,raw/kor-acrc-ar-2025.pdf,4e61c4c415464de6ddcf1d27b1aac53c6b281c79fc461f6fce0b51901829585e,"Part 3, Section 3 (PDF pp. 86-91): rules and cumulative track record of rewards under the ACRC Act (corruption), the Public Interest Whistleblower Protection Act and the Public Funds Recovery Act; 2025 public-interest and public-funds rewards.","Official English annual report, linked from acrc.go.kr/en. Gives cumulative totals, not a year-by-year table."
kor-acrc-pr-2016-12-08,"국민권익위, 부패신고자 25명에게 4억 7,700여만 원 보상·포상금 지급",국민권익위원회 (Anti-Corruption and Civil Rights Commission),,government,KOR,2016-12-08,2026-10-05,https://www.acrc.go.kr/board.es?mid=a10402010000&bid=4A&act=view&list_no=7854,,raw/kor-acrc-pr-2016-12-08.html,dbc146c6d52fc808104701fe97161e0df12f133f19f2dc0df2552c9d8738bce2,Corruption rewards and awards decided 5 Dec 2016; year-to-date 2016 corruption reward and award totals.,ACRC press release (보도자료). Raw copy is the press-release web page; quotes are taken from the attached .hwp original (same text).
kor-acrc-pr-2017-05-18,"국민권익위, 부패·공익신고 보상금 17억 3천여만 원 지급",국민권익위원회 (Anti-Corruption and Civil Rights Commission),,government,KOR,2017-05-18,2026-10-05,https://www.acrc.go.kr/board.es?mid=a10402010000&bid=4A&act=view&list_no=7974,,raw/kor-acrc-pr-2017-05-18.html,deed31cbd4f2f163f0c9cfba19e51d95f7cfe5fd3140babfb784c8e25db301f9,"Rewards paid January-May 2017 (corruption and public interest), recovered revenue.",ACRC press release (보도자료). Raw copy is the press-release web page; quotes are taken from the attached .hwp original (same text).
kor-acrc-pr-2019-01-09,"담합행위 신고한 공익신고자에게 역대 최고 보상금 6억 9,224만 원 지급",국민권익위원회 (Anti-Corruption and Civil Rights Commission),,government,KOR,2019-01-09,2026-10-05,https://www.acrc.go.kr/board.es?mid=a10402010000&bid=4A&act=view&list_no=8587,,raw/kor-acrc-pr-2019-01-09.html,d01d1f5d39bf90eb10b220f76c10ed6eb5256f50ff0ad02fe652822bbc8e7417,"Record public-interest reward (cartel report, KRW 692.24 million).",ACRC press release (보도자료). Raw copy is the press-release web page; quotes are taken from the attached .hwp original (same text).
kor-acrc-pr-2019-12-27,올 한해 부패·공익신고자 312명에게 보상금 등 총 43억 2천여만 원 지급,국민권익위원회 (Anti-Corruption and Civil Rights Commission),,government,KOR,2019-12-27,2026-10-05,https://www.acrc.go.kr/board.es?mid=a10402010000&bid=4A&act=view&list_no=8979,,raw/kor-acrc-pr-2019-12-27.html,f6309c620f993fc86185a0cc71558be89c649d99f22b4f3ca0c87c5ef57a2806,Calendar 2019 totals of rewards and awards (corruption and public interest) and recovered revenue; record KRW 200 million award.,ACRC press release (보도자료). Raw copy is the press-release web page; quotes are taken from the attached .hwp original (same text).
kor-acrc-pr-2020-09-28,"[공익신고자 보호법 시행 9년] 보상ㆍ포상금 101억 원, 국가환수 1,370억 원",국민권익위원회 (Anti-Corruption and Civil Rights Commission),,government,KOR,2020-09-28,2026-10-05,https://www.acrc.go.kr/board.es?mid=a10402010000&bid=4A&act=view&list_no=9263,,raw/kor-acrc-pr-2020-09-28.html,dbe96dee771be821a78539ff9de43e45ff0fa17055dadc55804549d587303d6e,"Public Interest Whistleblower Protection Act, Sept 2011 to Aug 2020: requests, paid cases, rewards, awards, recoveries; yearly chart 2012-2020.8.","ACRC press release (보도자료). Raw copy is the press-release web page; quotes are taken from the attached .hwp original (same text). The yearly chart (연도별 공익신고 보‧포상금 지급 및 수입회복액 현황) is an image, stored as raw/kor-acrc-pr-2020-09-28-table1.jpg (https://www.acrc.go.kr/acrc/upload/20200928092816_48676.jpg)."
kor-acrc-pr-2021-01-01,"국민권익위, 부패·공익 신고자들에게 보상금 등 5억 872만 원 지급",국민권익위원회 (Anti-Corruption and Civil Rights Commission),,government,KOR,2021-01-01,2026-10-05,https://www.acrc.go.kr/board.es?mid=a10402010000&bid=4A&act=view&list_no=9458,,raw/kor-acrc-pr-2021-01-01.html,fd06d0f030069b33e0abd78c72c28d76c724924bd3ba186f2dcc1ca45b2b4dd5,"Calendar 2020 totals (441 cases, KRW 5,527.4 million, recoveries).",ACRC press release (보도자료). Raw copy is the press-release web page; quotes are taken from the attached .hwp original (same text).
kor-acrc-pr-2021-01-28,"국민권익위, 지난해 부패·공익 신고자 보상금 등 55억 2,740만 원 지급...약 712억 원 수입 회복",국민권익위원회 (Anti-Corruption and Civil Rights Commission),,government,KOR,2021-01-28,2026-10-05,https://www.acrc.go.kr/board.es?mid=a10402010000&bid=4A&act=view&list_no=9518,,raw/kor-acrc-pr-2021-01-28.html,711b3542498803e601c7009328c8e94a594bc9ab0c2243de3bf9d40c22ee91ce,"Calendar 2020 totals, split corruption/public interest, with tables of 2020 rewards by type.",ACRC press release (보도자료). Raw copy is the press-release web page; quotes are taken from the attached .hwp original (same text).
kor-acrc-pr-2021-11-11,"국민권익위, 부패·공익신고자에게 보상·포상금 367억 원 지급",국민권익위원회 (Anti-Corruption and Civil Rights Commission),,government,KOR,2021-11-11,2026-10-05,https://www.acrc.go.kr/board.es?mid=a10402010000&bid=4A&act=view&list_no=10166,,raw/kor-acrc-pr-2021-11-11.html,c5ed6adf296190686f35115293fb9d2f1f772fa7b8fc70f0e5a45e827af74026,Cumulative rewards and awards 2002-Oct 2021 and recovered revenue; record reward and award; rates and caps.,ACRC press release (보도자료). Raw copy is the press-release web page; quotes are taken from the attached .hwp original (same text).
kor-acrc-pr-2022-05-02,"국민권익위, ""지난 5년간 촘촘한 신고자 보호체계 만들고 보상금 대폭 상향해""",국민권익위원회 (Anti-Corruption and Civil Rights Commission),,government,KOR,2022-05-02,2026-10-05,https://www.acrc.go.kr/board.es?mid=a10402010000&bid=4A&act=view&list_no=38925,,raw/kor-acrc-pr-2022-05-02.html,0612ac84e6a73d09961077bde3fe456be9d1a935ea38a92ade600bdfb9bcab77,Five-year (2017-2022) totals of rewards and awards.,ACRC press release (보도자료). Raw copy is the press-release web page; quotes are taken from the attached .hwp original (same text).
kor-acrc-pr-2022-05-09,"국민권익위, ""부패･공익신고 보호･보상 일원화로 국제적 수준의 보호보상 체계 확립 추진""",국민권익위원회 (Anti-Corruption and Civil Rights Commission),,government,KOR,2022-05-09,2026-10-05,https://www.acrc.go.kr/board.es?mid=a10402010000&bid=4A&act=view&list_no=39022,,raw/kor-acrc-pr-2022-05-09.html,8bc4b25398ac4053ac1314a5a368bd2ec00b8bb7690c14217b8aab1c5a21929f,"Five-year totals again, with a different reward/award figure from the 2 May 2022 release.",ACRC press release (보도자료). Raw copy is the press-release web page; quotes are taken from the attached .hwp original (same text).
kor-acrc-pr-2023-12-26,"국민권익위, ""부패신고 보상금 역대 최고액 42억 4천만 원 집행""",국민권익위원회 (Anti-Corruption and Civil Rights Commission),,government,KOR,2023-12-26,2026-10-05,https://www.acrc.go.kr/board.es?mid=a10402010000&bid=4A&act=view&list_no=62899,,raw/kor-acrc-pr-2023-12-26.pdf,a929df07f8a35b7ac721eecf20ce2e657e01f70182b2a870ea441415c329b4e4,"Calendar 2023 rewards by law (corruption, public interest, public funds, Improper Solicitation Act) and recovered revenue.",ACRC press release (보도자료). Raw copy is the PDF attachment of the press-release page.
kor-acrc-pr-2024-01-15,"""보상금 한도 없애고 내부 공익신고자 변호사비 지원한다""",국민권익위원회 (Anti-Corruption and Civil Rights Commission),,government,KOR,2024-01-15,2026-10-05,https://www.acrc.go.kr/board.es?mid=a10402010000&bid=4A&act=view&list_no=64377,,raw/kor-acrc-pr-2024-01-15.pdf,51e837893d066e83d19ffa1e00eaf81e8b4cb5aaed3aefd9067c928610911271,Passage of the PIWPA amendment abolishing the KRW 3 billion cap on public-interest rewards.,ACRC press release (보도자료). Raw copy is the PDF attachment of the press-release page.
kor-acrc-pr-2024-04-23,"부패‧공익신고자, 1분기 동안 보상금 8억2천만원 받았다",국민권익위원회 (Anti-Corruption and Civil Rights Commission),,government,KOR,2024-04-23,2026-10-05,https://www.acrc.go.kr/board.es?mid=a10402010000&bid=4A&act=view&list_no=69384,,raw/kor-acrc-pr-2024-04-23.pdf,2e54aae2754cdad3d7bf891bbaac23f6b4f2aee44e70df572818f53dcc338c45,Rewards paid in Q1 2024.,"ACRC press release (보도자료). Raw copy is the PDF attachment of the press-release page. The PDF header prints the date as ""2023. 4. 23.(화)"", a typo: the attachment file name is (240423), the chair named is Yoo Chul-hwan (2024) and 23 Apr 2024 was a Tuesday."
kor-acrc-pr-2024-07-18,"국민권익위, 부패‧공익신고자에게 올해 2분기 보상금 10억9천만원 지급",국민권익위원회 (Anti-Corruption and Civil Rights Commission),,government,KOR,2024-07-18,2026-10-05,https://www.acrc.go.kr/board.es?mid=a10402010000&bid=4A&act=view&list_no=74978,,raw/kor-acrc-pr-2024-07-18.pdf,a0597cdb4b4613de4cfb22146633baf5189bcc6ebb364888a6a05f6186178e1c,Rewards paid in Q2 2024.,ACRC press release (보도자료). Raw copy is the PDF attachment of the press-release page.
kor-acrc-pr-2024-10-29,3분기 신고자 보상금 10억 원… ‘인건비 부풀리기’ 1억4천만 원 최고액,국민권익위원회 (Anti-Corruption and Civil Rights Commission),,government,KOR,2024-10-29,2026-10-05,https://www.acrc.go.kr/board.es?mid=a10402010000&bid=4A&act=view&list_no=80616,,raw/kor-acrc-pr-2024-10-29.pdf,6c845e77044f440e702f330fc8e74bf0a447f969b08e82ede4e13664c1abd4e7,Rewards paid in Q3 2024.,ACRC press release (보도자료). Raw copy is the PDF attachment of the press-release page.
kor-acrc-pr-2024-12-26,"국민권익위, 부패·공익신고자 74명에 보상금 15억4천만 원 지급",국민권익위원회 (Anti-Corruption and Civil Rights Commission),,government,KOR,2024-12-26,2026-10-05,https://www.acrc.go.kr/board.es?mid=a10402010000&bid=4A&act=view&list_no=83959,,raw/kor-acrc-pr-2024-12-26.pdf,06f0eef05234b1c20213a84fb76bb6b301547958a5078449a5a2647a5c8b2d90,Rewards paid in Q4 2024; awards (포상금) for H2 2024.,ACRC press release (보도자료). Raw copy is the PDF attachment of the press-release page.
kor-acrc-pr-2025-05-01,올해 1분기 부패·공익신고자 59명에 보상금 6억 3천여만원 지급,국민권익위원회 (Anti-Corruption and Civil Rights Commission),,government,KOR,2025-05-01,2026-10-05,https://www.acrc.go.kr/board.es?mid=a10402010000&bid=4A&act=view&list_no=90590,,raw/kor-acrc-pr-2025-05-01.pdf,001d3b6ebd33c0c5e3ce889ed6ef445e83227ee5ef6e6ccfd43a7764be2f0736,Rewards paid in Q1 2025.,ACRC press release (보도자료). Raw copy is the PDF attachment of the press-release page.
kor-acrc-pr-2025-07-17,올해 2분기 부패·공익신고자 44명에 보상금 6억 5천만 원 지급,국민권익위원회 (Anti-Corruption and Civil Rights Commission),,government,KOR,2025-07-17,2026-10-05,https://www.acrc.go.kr/board.es?mid=a10402010000&bid=4A&act=view&list_no=94328,,raw/kor-acrc-pr-2025-07-17.pdf,68dbb6169e3181c9afcf6e46698da2a73c7c2b3afb1ef23ee893c43fbe6c7a66,Rewards paid in Q2 2025; awards for H1 2025.,ACRC press release (보도자료). Raw copy is the PDF attachment of the press-release page.
kor-acrc-pr-2025-08-26,"국민권익위, 부패·공익신고자 32명에게 보상금 약 3억 원 지급",국민권익위원회 (Anti-Corruption and Civil Rights Commission),,government,KOR,2025-08-26,2026-10-05,https://www.acrc.go.kr/board.es?mid=a10402010000&bid=4A&act=view&list_no=96360,,raw/kor-acrc-pr-2025-08-26.pdf,1a79f20aaf3886e891834e3b950ae56c3aac9783023938ebf62e25003aae1295,Rewards paid in August 2025.,ACRC press release (보도자료). Raw copy is the PDF attachment of the press-release page.
kor-acrc-pr-2025-12-10,"국민권익위, 부패행위 신고자에게 역대 최고 보상금 18억 2천만 원 지급",국민권익위원회 (Anti-Corruption and Civil Rights Commission),,government,KOR,2025-12-10,2026-10-05,https://www.acrc.go.kr/board.es?mid=a10402010000&bid=4A&act=view&list_no=101467,,raw/kor-acrc-pr-2025-12-10.pdf,075ef460ae8fc510c88d072985488d956045568e94dbc0b6e71cea4d6d7c913e,Record corruption reward (KRW 1.82 billion).,ACRC press release (보도자료). Raw copy is the PDF attachment of the press-release page.
kor-acrc-pr-2026-05-26,"""올해 1분기 부패·공익신고자 64명에게 총 보상금 9억 1천여만 원 지급""",국민권익위원회 (Anti-Corruption and Civil Rights Commission),,government,KOR,2026-05-26,2026-10-05,https://www.acrc.go.kr/board.es?mid=a10402010000&bid=4A&act=view&list_no=112262,,raw/kor-acrc-pr-2026-05-26.pdf,74464451f86a1d21e9148cf1ae5d556341c19ab28fc7d01f558d646b62999994,Rewards paid in Q1 2026.,ACRC press release (보도자료). Raw copy is the PDF attachment of the press-release page.
kor-acrc-pr-2026-07-14,신고자 보상 대폭 강화‧‧‧ 수입회복액의 30% 보상금 지급 추진,국민권익위원회 (Anti-Corruption and Civil Rights Commission),,government,KOR,2026-07-14,2026-10-05,https://www.acrc.go.kr/board.es?mid=a10402010000&bid=4A&act=view&list_no=115101,,raw/kor-acrc-pr-2026-07-14.pdf,8c42a776f62501606066ec24fa917a8423e17deac6837ad7257e1fe7365a15d1,"Pre-announcement (입법예고, 14 Jul to 24 Aug 2026) of the three decrees for a flat 30% reward. Official source for the existing event e-6766b29f6f, now sourced to a news report (asiae).",ACRC press release (보도자료). Raw copy is the PDF attachment of the press-release page.
kor-acrc-pr-2026-09-22,"신고자 보상금 30억 상한 폐지, 신고로 회복된 공공기관 수입의 30% 지급",국민권익위원회 (Anti-Corruption and Civil Rights Commission),,government,KOR,2026-09-22,2026-10-05,https://www.acrc.go.kr/board.es?mid=a10402010000&bid=4A&act=view&list_no=118886,,raw/kor-acrc-pr-2026-09-22.pdf,85d9d33fb300aa96174477bedd9eb618adca8da2afd333869153c7176fb2d5c2,Cabinet approval of the three decrees; flat 30% with no cap from 29 Sep 2026.,ACRC press release (보도자료). Raw copy is the PDF attachment of the press-release page.
kor-acrc-workplan-2019,2019년 국민권익위원회 주요업무 추진계획 (2019 ACRC major work plan),국민권익위원회 (Anti-Corruption and Civil Rights Commission),,government,KOR,2019-02,2026-10-03,https://acrc.go.kr/plan/plan2019/file/2019_Report.pdf,,raw/kor-acrc-workplan-2019.pdf,c5c434fd5fa63918a814c5e060627157e0e5a8062b228ade2760d063a0e5b386,"Korean-language work plan; p. 1 gives corruption-report rewards for 2017 and 2018 (cases, amount in 억 won).",Official plan document; the past-year figures are the ACRC's own outturns.
kor-asiae-decree-2026,부패방지법 등 3개 시행령 입법예고,아시아경제 (Asia Economy),,media,KOR,2026-07-14,2026-10-03,https://view.asiae.co.kr/article/2026071408420297978,,,,"Pre-announcement of the decree amendments under three laws: current 4-30% sliding scale, planned flat 30%, cap abolition.",News report.
kor-moleg-acad-act-2001,"부패방지법 (Anti-Corruption Act), 법률 제6494호, 2001. 7. 24. 제정, 2002. 1. 25. 시행","법제처 국가법령정보센터 (Ministry of Government Legislation, National Law Information Center)",,legislation,KOR,2001-07-24,2026-10-05,https://www.law.go.kr/DRF/lawService.do?OC=test&target=law&MST=50293&type=XML,,raw/kor-moleg-acad-act-2001.xml,04af3790f078599d1a95348779812aebf4e9ba5402f7af47d12c70004177f9ea,Original Anti-Corruption Act: art. 36 creates rewards (보상금) for corruption reports that recover public revenue; art. 37 Reward Deliberation Committee.,"Official consolidated text as of this version, retrieved as XML from the law.go.kr open API (lawService, MST=50293); the same version is viewable at https://www.law.go.kr/LSW/lsInfoP.do?lsiSeq=50293. XML kept as the raw copy."
kor-moleg-acad-decree-2002,"부패방지법시행령 (Enforcement Decree of the Anti-Corruption Act), 대통령령 제17420호, 2001. 11. 29. 제정, 2002. 1. 25. 시행","법제처 국가법령정보센터 (Ministry of Government Legislation, National Law Information Center)",,legislation,KOR,2001-11-29,2026-10-05,https://www.law.go.kr/DRF/lawService.do?OC=test&target=law&MST=50185&type=XML,,raw/kor-moleg-acad-decree-2002.xml,00b85c2982d4792043f526943bc07f6538d4f61a6adb056e98f8cc2fa6ebd9b6,"Art. 40 and annex 1: first reward schedule (10% down to 2% marginal rates), cap KRW 200 million.","Official consolidated text as of this version, retrieved as XML from the law.go.kr open API (lawService, MST=50185); the same version is viewable at https://www.law.go.kr/LSW/lsInfoP.do?lsiSeq=50185. XML kept as the raw copy."
kor-moleg-acad-decree-2005,"부패방지법시행령 일부개정령, 대통령령 제19238호, 2005. 12. 30. 시행","법제처 국가법령정보센터 (Ministry of Government Legislation, National Law Information Center)",,legislation,KOR,2005-12-30,2026-10-05,https://www.law.go.kr/DRF/lawService.do?OC=test&target=law&MST=72581&type=XML,,raw/kor-moleg-acad-decree-2005.xml,68f14b17ef42fd82db969789e91075173c36180fe8ad14ef65ba1381dde3b305,"Raises the reward cap from KRW 200 million to 2 billion and the schedule to 20% down to 4%; creates monetary awards (포상금, art. 35, up to KRW 50 million).","Official consolidated text as of this version, retrieved as XML from the law.go.kr open API (lawService, MST=72581); the same version is viewable at https://www.law.go.kr/LSW/lsInfoP.do?lsiSeq=72581. XML kept as the raw copy."
kor-moleg-acrc-decree-2008,"부패방지 및 국민권익위원회의 설치와 운영에 관한 법률 시행령, 대통령령 제20737호, 2008. 2. 29. 시행","법제처 국가법령정보센터 (Ministry of Government Legislation, National Law Information Center)",,legislation,KOR,2008-02-29,2026-10-05,https://www.law.go.kr/DRF/lawService.do?OC=test&target=law&MST=85405&type=XML,,raw/kor-moleg-acrc-decree-2008.xml,dcf500f16f2c8beaae7ba5737ece682e6c2a68fce3f12fc575966542b705ff27,First decree of the ACRC Act (ACRC created 2008): art. 77 and annex 1 keep the 20%-4% schedule and KRW 2 billion cap.,"Official consolidated text as of this version, retrieved as XML from the law.go.kr open API (lawService, MST=85405); the same version is viewable at https://www.law.go.kr/LSW/lsInfoP.do?lsiSeq=85405. XML kept as the raw copy."
kor-moleg-acrc-decree-2014,"부패방지 및 국민권익위원회의 설치와 운영에 관한 법률 시행령, 대통령령 제25751호, 2014. 11. 19. 시행","법제처 국가법령정보센터 (Ministry of Government Legislation, National Law Information Center)",,legislation,KOR,2014-11-19,2026-10-05,https://www.law.go.kr/DRF/lawService.do?OC=test&target=law&MST=163563&type=XML,,raw/kor-moleg-acrc-decree-2014.xml,e6ccb5d0980fc0562f152ad77853e97b7b45b99514a350b1f1a22ba90c655dc7,"Last version before the 2015 change: 20%-4% schedule, KRW 2 billion cap still in force.","Official consolidated text as of this version, retrieved as XML from the law.go.kr open API (lawService, MST=163563); the same version is viewable at https://www.law.go.kr/LSW/lsInfoP.do?lsiSeq=163563. XML kept as the raw copy."
kor-moleg-acrc-decree-2015,"부패방지 및 국민권익위원회의 설치와 운영에 관한 법률 시행령 일부개정령, 대통령령 제26598호, 2015. 10. 20. 시행","법제처 국가법령정보센터 (Ministry of Government Legislation, National Law Information Center)",,legislation,KOR,2015-10-20,2026-10-05,https://www.law.go.kr/DRF/lawService.do?OC=test&target=law&MST=175596&type=XML,,raw/kor-moleg-acrc-decree-2015.xml,1de47381e0bc1c79545651d60d49a133a5829e2d83d15c4815b5ec8e34b25d5a,Raises corruption rewards to 30% down to 4% (annex 1) and the cap to KRW 3 billion (art. 77(3)).,"Official consolidated text as of this version, retrieved as XML from the law.go.kr open API (lawService, MST=175596); the same version is viewable at https://www.law.go.kr/LSW/lsInfoP.do?lsiSeq=175596. XML kept as the raw copy."
kor-moleg-acrc-decree-2026-03,"부패방지 및 국민권익위원회의 설치와 운영에 관한 법률 시행령, 대통령령 제36161호, 2026. 3. 3. 시행","법제처 국가법령정보센터 (Ministry of Government Legislation, National Law Information Center)",,legislation,KOR,2026-03-03,2026-10-05,https://www.law.go.kr/DRF/lawService.do?OC=test&target=law&MST=283781&type=XML,,raw/kor-moleg-acrc-decree-2026-03.xml,77cce7cecc8b7acbb6c59ab56f67715104eb6821fcde37ea9e86a717001930d5,"Version in force just before the flat-30% change: art. 77 and annex 2 (30%-4% schedule), cap KRW 3 billion.","Official consolidated text as of this version, retrieved as XML from the law.go.kr open API (lawService, MST=283781); the same version is viewable at https://www.law.go.kr/LSW/lsInfoP.do?lsiSeq=283781. XML kept as the raw copy."
kor-moleg-acrc-decree-2026-09,"부패방지 및 국민권익위원회의 설치와 운영에 관한 법률 시행령 일부개정령, 대통령령 제36730호, 2026. 9. 29. 공포·시행","법제처 국가법령정보센터 (Ministry of Government Legislation, National Law Information Center)",,legislation,KOR,2026-09-29,2026-10-05,https://www.law.go.kr/DRF/lawService.do?OC=test&target=law&MST=290539&type=XML,,raw/kor-moleg-acrc-decree-2026-09.xml,569dd1e9c8886f3f806cc17c489455aa663a3641d51ef24cdfac55359f018621,Flat 30% reward with no cap for corruption reports (art. 77(1); annex 2 deleted); transitional rule: applications filed before 29 Sep 2026 use the old schedule.,"Official consolidated text as of this version, retrieved as XML from the law.go.kr open API (lawService, MST=290539); the same version is viewable at https://www.law.go.kr/LSW/lsInfoP.do?lsiSeq=290539. XML kept as the raw copy."
kor-moleg-pfra-decree-2020,"공공재정 부정청구 금지 및 부정이익 환수 등에 관한 법률 시행령 (Enforcement Decree of the Public Funds Recovery Act), 대통령령 제30309호, 2019. 12. 31. 제정, 2020. 1. 1. 시행","법제처 국가법령정보센터 (Ministry of Government Legislation, National Law Information Center)",,legislation,KOR,2019-12-31,2026-10-05,https://www.law.go.kr/DRF/lawService.do?OC=test&target=law&MST=212863&type=XML,,raw/kor-moleg-pfra-decree-2020.xml,9e19a68bccc69c91c6ca265bd01aed6907ca990c488beacb9ab03bd83080a71c,"First Public Funds Recovery Act decree: art. 19, reward = 30% of the recovered amount, cap KRW 3 billion.","Official consolidated text as of this version, retrieved as XML from the law.go.kr open API (lawService, MST=212863); the same version is viewable at https://www.law.go.kr/LSW/lsInfoP.do?lsiSeq=212863. XML kept as the raw copy."
kor-moleg-pfra-decree-2024,"공공재정 부정청구 금지 및 부정이익 환수 등에 관한 법률 시행령 일부개정령, 대통령령 제34920호, 2024. 9. 27. 시행","법제처 국가법령정보센터 (Ministry of Government Legislation, National Law Information Center)",,legislation,KOR,2024-09-26,2026-10-05,https://www.law.go.kr/DRF/lawService.do?OC=test&target=law&MST=265453&type=XML,,raw/kor-moleg-pfra-decree-2024.xml,0421222b25394bbae7c6979e29135d4e9275ae4a19220c3ff14d83d12038c9d7,"Replaces the flat 30% with a sliding 30%-4% schedule (annex 2), cap KRW 3 billion kept.","Official consolidated text as of this version, retrieved as XML from the law.go.kr open API (lawService, MST=265453); the same version is viewable at https://www.law.go.kr/LSW/lsInfoP.do?lsiSeq=265453. XML kept as the raw copy."
kor-moleg-pfra-decree-2026,"공공재정 부정청구 금지 및 부정이익 환수 등에 관한 법률 시행령 일부개정령, 대통령령 제36732호, 2026. 9. 29. 공포·시행","법제처 국가법령정보센터 (Ministry of Government Legislation, National Law Information Center)",,legislation,KOR,2026-09-29,2026-10-05,https://www.law.go.kr/DRF/lawService.do?OC=test&target=law&MST=290581&type=XML,,raw/kor-moleg-pfra-decree-2026.xml,38443fa5b3981b4811f38ed3871ad55f260e6c129bc6cb72527facdf1f01c423,Flat 30% reward with no cap for fraudulent-claims reports (art. 19(1); cap in art. 19(5) deleted).,"Official consolidated text as of this version, retrieved as XML from the law.go.kr open API (lawService, MST=290581); the same version is viewable at https://www.law.go.kr/LSW/lsInfoP.do?lsiSeq=290581. XML kept as the raw copy."
kor-moleg-piwpa-decree-2011,"공익신고자 보호법 시행령 (Enforcement Decree of the Public Interest Whistleblower Protection Act), 대통령령 제23198호, 2011. 9. 30. 제정·시행","법제처 국가법령정보센터 (Ministry of Government Legislation, National Law Information Center)",,legislation,KOR,2011-09-30,2026-10-05,https://www.law.go.kr/DRF/lawService.do?OC=test&target=law&MST=117398&type=XML,,raw/kor-moleg-piwpa-decree-2011.xml,f93e4a3f5fcdabae92ade50299a6a616e790361d4ae4842bd500e6dcc326e1fb,"First PIWPA decree: art. 22 and annex 2, rewards 20% down to 4%, cap KRW 1 billion.","Official consolidated text as of this version, retrieved as XML from the law.go.kr open API (lawService, MST=117398); the same version is viewable at https://www.law.go.kr/LSW/lsInfoP.do?lsiSeq=117398. XML kept as the raw copy."
kor-moleg-piwpa-decree-2016,"공익신고자 보호법 시행령 일부개정령, 대통령령 제26934호, 2016. 1. 25. 시행","법제처 국가법령정보센터 (Ministry of Government Legislation, National Law Information Center)",,legislation,KOR,2016-01-22,2026-10-05,https://www.law.go.kr/DRF/lawService.do?OC=test&target=law&MST=180067&type=XML,,raw/kor-moleg-piwpa-decree-2016.xml,bd553694ac0394006047c3139ba9d7a233c9971b68a3d9117947a23e5b76c0f9,"Cap on public-interest rewards raised to KRW 2 billion; rewards limited to internal whistleblowers (law amendment, Act 13443).","Official consolidated text as of this version, retrieved as XML from the law.go.kr open API (lawService, MST=180067); the same version is viewable at https://www.law.go.kr/LSW/lsInfoP.do?lsiSeq=180067. XML kept as the raw copy."
kor-moleg-piwpa-decree-2018,"공익신고자 보호법 시행령 일부개정령, 대통령령 제28849호, 2018. 5. 1. 시행","법제처 국가법령정보센터 (Ministry of Government Legislation, National Law Information Center)",,legislation,KOR,2018-04-30,2026-10-05,https://www.law.go.kr/DRF/lawService.do?OC=test&target=law&MST=203428&type=XML,,raw/kor-moleg-piwpa-decree-2018.xml,5241d55b564b4c441d1e870e563ee330ba418fe6c1d8582943b2751afb5c082f,Cap on public-interest rewards raised from KRW 2 to 3 billion.,"Official consolidated text as of this version, retrieved as XML from the law.go.kr open API (lawService, MST=203428); the same version is viewable at https://www.law.go.kr/LSW/lsInfoP.do?lsiSeq=203428. XML kept as the raw copy."
kor-moleg-piwpa-decree-2023,"공익신고자 보호법 시행령 일부개정령, 대통령령 제34016호, 2023. 12. 19. 시행","법제처 국가법령정보센터 (Ministry of Government Legislation, National Law Information Center)",,legislation,KOR,2023-12-19,2026-10-05,https://www.law.go.kr/DRF/lawService.do?OC=test&target=law&MST=257065&type=XML,,raw/kor-moleg-piwpa-decree-2023.xml,e472b78aa243f6f6a960e7697d1a18d56daf5ed5e8076ae3f5f9e0aaa124e594,Public-interest reward schedule raised to 30% down to 4% (annex 2); award (포상금) cap raised from KRW 200 to 500 million.,"Official consolidated text as of this version, retrieved as XML from the law.go.kr open API (lawService, MST=257065); the same version is viewable at https://www.law.go.kr/LSW/lsInfoP.do?lsiSeq=257065. XML kept as the raw copy."
kor-moleg-piwpa-decree-2024,"공익신고자 보호법 시행령 일부개정령, 대통령령 제34783호, 2024. 8. 7. 시행","법제처 국가법령정보센터 (Ministry of Government Legislation, National Law Information Center)",,legislation,KOR,2024-07-30,2026-10-05,https://www.law.go.kr/DRF/lawService.do?OC=test&target=law&MST=264451&type=XML,,raw/kor-moleg-piwpa-decree-2024.xml,57dc109fa5871c1c1feb6b0f9f3f5f5d59e8eadd15c70bb0d675851f62b363f6,"Implements the abolition of the KRW 3 billion cap on public-interest rewards (Act 20243 of 6 Feb 2024, in force 7 Aug 2024).","Official consolidated text as of this version, retrieved as XML from the law.go.kr open API (lawService, MST=264451); the same version is viewable at https://www.law.go.kr/LSW/lsInfoP.do?lsiSeq=264451. XML kept as the raw copy."
kor-moleg-piwpa-decree-2026,"공익신고자 보호법 시행령 일부개정령, 대통령령 제36731호, 2026. 9. 29. 공포·시행","법제처 국가법령정보센터 (Ministry of Government Legislation, National Law Information Center)",,legislation,KOR,2026-09-29,2026-10-05,https://www.law.go.kr/DRF/lawService.do?OC=test&target=law&MST=290579&type=XML,,raw/kor-moleg-piwpa-decree-2026.xml,29b2503e6e50662eafd2068e9da093a924b5c10c31fc5958612dbfc6c8db377d,Flat 30% public-interest reward (art. 22(1)).,"Official consolidated text as of this version, retrieved as XML from the law.go.kr open API (lawService, MST=290579); the same version is viewable at https://www.law.go.kr/LSW/lsInfoP.do?lsiSeq=290579. XML kept as the raw copy."
kor-sbs-decree-2026,부패 공익신고 보상금 '수입 회복액 30%'로…상한 '30억'도 폐지,SBS Biz,,media,KOR,2026-09-22,2026-10-03,https://biz.sbs.co.kr/amp/article/20000336245,,,,"Cabinet approval (22 Sep 2026) of decree amendments: flat 30% reward, 3 billion won cap abolished, effective 29 Sep 2026.",News report of an ACRC announcement; ACRC press release not retrieved.
ltu-govt-resolution-1133-2018,Vyriausybės nutarimas Nr. 1133 dėl Pranešėjų apsaugos įstatymo įgyvendinimo (Atlyginimo pranešėjams už vertingą informaciją tvarkos aprašas),Lietuvos Respublikos Vyriausybė,,legislation,LTU,2018-11-14,2026-10-05,https://e-seimas.lrs.lt/rs/legalact/TAD/b146ff50ed8a11e89d4ad92e8434e309/format/ISO_PDF/,,raw/ltu-govt-resolution-1133-2018.pdf,5fd3a3eefffdb6cbc4b4e3aa1fa91a651da9849b05d665db2e4ba3d036eaad37,Government procedure for rewards: one-off payment set by a Prosecutor General's commission on reasonableness and proportionality; no percentage or cap.,"Original 2018 text; later amendments (drafts on lrv.lt, 2023) not read: lrv.lt returned 403."
ltu-kt-news-law-amendments-2019,Seimas adopted amendments to Lithuanian competition law,Konkurencijos taryba (Competition Council of the Republic of Lithuania),,government,LTU,2019-03-14,2026-10-05,https://www.kt.gov.lt/en/news/seimas-adopted-amendments-to-lithuanian-competition-law,,raw/ltu-kt-news-law-amendments-2019.html,4e01b457918300d6feec40c0adc2d0395ff793d3c013aa314b0f622651a296b4,"Law amendment allowing the Competition Council to pay whistleblowers 1% of fines (EUR 1,000-100,000).",
ltu-kt-news-remuneration-procedure-2019,Konkurencijos taryba approves whistleblower remuneration procedure,Konkurencijos taryba (Competition Council of the Republic of Lithuania),,government,LTU,2019-06-28,2026-10-05,https://www.kt.gov.lt/en/news/konkurencijos-taryba-approves-whistleblower-remuneration-procedure,,raw/ltu-kt-news-remuneration-procedure-2019.html,d21cd73fe111264fd9be7334a673ddead779ee06af1278d7ad07be0a6cfee089,Start date (1 July 2019) and amount rules of cartel whistleblower rewards.,
ltu-kt-news-reward-2026,Persons providing significant information about investigations already being conducted by the Competition Council may receive a monetary reward,Konkurencijos taryba (Competition Council of the Republic of Lithuania),,government,LTU,2026-05-13,2026-10-05,https://www.kt.gov.lt/en/news/persons-providing-significant-information-about-investigations-already-being-conducted-by-the-competition-council-may-receive-a-monetary-reward,,raw/ltu-kt-news-reward-2026.html,38f30eda80a515732f61223113335f41820e673a7fbd4294167ceaed60c9fd0e,"Rewards up to EUR 100,000 still offered in 2026; factors for setting the amount.",
ltu-prokuratura-veikla-2023,Lietuvos Respublikos prokuratūros veiklos 2023 metais ataskaita,Lietuvos Respublikos prokuratūra (Prosecutor General's Office),,government,LTU,2024-03-06,2026-10-05,https://www.prokuraturos.lt/data/public/uploads/2024/03/2023-m.-ataskaita-galutine.pdf,https://web.archive.org/web/20260918195710/https://www.prokuraturos.lt/data/public/uploads/2024/03/2023-m.-ataskaita-galutine.pdf,raw/ltu-prokuratura-veikla-2023.pdf,94a53d43af6a9e702401f0370d5fa67df92cea7e4c3cd1077fbc5db81d020065,"Requests for rewards for valuable information and rewards granted, 2023 with 2022 comparatives.",prokuraturos.lt returns 403 to scripts; downloaded from the Wayback Machine (id_ capture 20260918195710).
ltu-prokuratura-veikla-2024,Lietuvos Respublikos prokuratūros veiklos 2024 metais ataskaita,Lietuvos Respublikos prokuratūra (Prosecutor General's Office),,government,LTU,2025-03-27,2026-10-05,https://www.prokuraturos.lt/data/public/uploads/2025/04/metine-prokuraturos-ataskaita-2024-final.pdf,https://web.archive.org/web/20260918195749/https://www.prokuraturos.lt/data/public/uploads/2025/04/metine-prokuraturos-ataskaita-2024-final.pdf,raw/ltu-prokuratura-veikla-2024.pdf,b633ffd7af714b726a13bd664d4772fa7823c6d78c87e437fc4e50334d57904a,Requests for rewards for valuable information in 2024 and their outcome.,Downloaded from the Wayback Machine (id_ capture 20260918195749); the 2025 report was not archived.
ltu-seimas-law-xiii-804-2017,Lietuvos Respublikos pranešėjų apsaugos įstatymas Nr. XIII-804 (Law on the Protection of Whistleblowers),Lietuvos Respublikos Seimas,,legislation,LTU,2017-11-28,2026-10-05,https://e-seimas.lrs.lt/rs/legalact/TAD/3832a702d8ea11e782d4fd2c44cc67af/format/ISO_PDF/,,raw/ltu-seimas-law-xiii-804-2017.pdf,f2250ea6af3a04cc5df2d6ed1cc906e28898d9e010548e01dc61e3fe65efa077,"Original text as adopted (in force 1 Jan 2019). Art. 12: principles for rewards for valuable information (no maximum, proportional to damage).",Original 2017 text. The 2021 recast (draft XIVP-659(2) seen on e-seimas) keeps Art. 12 with the same principles ('nenustatomas maksimalus atlyginimas pranešėjui'); the consolidated current version was not stored.
ltu-ti-whistleblower-2023,Pranešėjų apsauga Lietuvoje: kaip gerai apsaugome pranešančius asmenis?,Transparency International Lietuvos skyrius,,ngo,LTU,2023-09,2026-10-03,https://transparency.lt/wp-content/uploads/2023/09/Praneseju-apsauga-Lietuvoje.pdf,,,,"Table 3 (p. 17): requests for rewards for valuable information 2019-2022, granted, amounts, taken from the Prosecutor General's Office activity reports.",NGO study prepared with the Prosecutor General's Office; relays official figures. Not stored (NGO).
lux-paperjam-halet-2023,Luxembourg ordered to compensate whistleblower Raphaël Halet,Paperjam,,media,LUX,2023-02,2026-10-03,https://en.paperjam.lu/article/luxembourg-must-compensate-whi,https://web.archive.org/web/20241226051958/https://en.paperjam.lu/article/luxembourg-must-compensate-whi,,,Names Antoine Deltour and Raphaël Halet; ECHR damages,
svk-pmu-vs-2014,Výročná správa Protimonopolného úradu SR 2014 / Annual Report 2014,Protimonopolný úrad Slovenskej republiky (Antimonopoly Office),,government,SVK,2015,2026-10-05,https://www.antimon.gov.sk/data/att/a2b/1665.dffa3b.pdf,,raw/svk-pmu-vs-2014.pdf,8c4ded633452ce98d5c264995303890f2e9d4b137426765298f06910656be43c,Introduction on 1 July 2014 (amendment to Act 136/2001) of the informant reward for cartel evidence.,Bilingual (Slovak/English). Later annual reports (2015-2024) were scanned: none reports a reward paid.
svk-uoo-vs-2021,Výročná správa Úradu na ochranu oznamovateľov za rok 2021,Úrad na ochranu oznamovateľov (Whistleblower Protection Office),,government,SVK,2022,2026-10-03,https://www.oznamovatelia.sk/wp-content/uploads/2024/10/vyrocna_sprava_UOO_za_rok_2021.pdf,,raw/svk-uoo-vs-2021.pdf,453b79ff84de018866f97379eeef06f64024d6bf43479646952235e654e6a2d6,"Annual report 2021: section on rewards (odmeny): rule (up to 50x minimum wage, not a legal entitlement) and number of reward requests and decisions.",Slovak original. 2021-2023 PDFs were uploaded in Oct 2024; published_date is approximate.
svk-uoo-vs-2022,Výročná správa Úradu na ochranu oznamovateľov za rok 2022,Úrad na ochranu oznamovateľov (Whistleblower Protection Office),,government,SVK,2023,2026-10-03,https://www.oznamovatelia.sk/wp-content/uploads/2024/10/vyrocna_sprava_UOO_za_rok_2022.pdf,,raw/svk-uoo-vs-2022.pdf,44c6765a2042b238aa6de464ad7e6bba0cd8af54cb0f00f3393ae4ad6151535d,"Annual report 2022: section on rewards (odmeny): rule (up to 50x minimum wage, not a legal entitlement) and number of reward requests and decisions.",Slovak original. 2021-2023 PDFs were uploaded in Oct 2024; published_date is approximate.
svk-uoo-vs-2023,Výročná správa Úradu na ochranu oznamovateľov za rok 2023,Úrad na ochranu oznamovateľov (Whistleblower Protection Office),,government,SVK,2024,2026-10-03,https://www.oznamovatelia.sk/wp-content/uploads/2024/10/vyrocna_sprava_UOO_za_rok_2023.pdf,,raw/svk-uoo-vs-2023.pdf,51bc1ea60327999074fd643d43a551dafddfc5e1d92564c27d1eda8ac2d7c25c,"Annual report 2023: section on rewards (odmeny): rule (up to 50x minimum wage, not a legal entitlement) and number of reward requests and decisions.",Slovak original. 2021-2023 PDFs were uploaded in Oct 2024; published_date is approximate.
svk-uoo-vs-2024,Výročná správa Úradu na ochranu oznamovateľov za rok 2024,Úrad na ochranu oznamovateľov (Whistleblower Protection Office),,government,SVK,2025-03,2026-10-03,https://www.oznamovatelia.sk/wp-content/uploads/2025/03/vyrocna_sprava_UOO_2024_SK.pdf,,raw/svk-uoo-vs-2024.pdf,65a448699816f61a5bfe537d02a51d4e38f4a1702ec73fdc12ac881d13f238d6,"Annual report 2024: section on rewards (odmeny): rule (up to 50x minimum wage, not a legal entitlement) and number of reward requests and decisions.",Slovak original. 2021-2023 PDFs were uploaded in Oct 2024; published_date is approximate.
svk-uoo-vs-2025,Výročná správa Úradu na ochranu oznamovateľov za rok 2025,Úrad na ochranu oznamovateľov (Whistleblower Protection Office),,government,SVK,2026-04,2026-10-03,https://www.oznamovatelia.sk/wp-content/uploads/2026/04/vyrocna_sprava_UOO_2025SVK.pdf,,raw/svk-uoo-vs-2025.pdf,1bfa52c4fe8fd1841939efe9292efaf5458df333dd713ea83363e9151e1e384e,"Annual report 2025: section on rewards (odmeny): rule (up to 50x minimum wage, not a legal entitlement) and number of reward requests and decisions.",Slovak original. 2021-2023 PDFs were uploaded in Oct 2024; published_date is approximate.
svk-zz-2014-307-whistleblower-act,Zákon č. 307/2014 Z. z. o niektorých opatreniach súvisiacich s oznamovaním protispoločenskej činnosti,Národná rada Slovenskej republiky (Slov-Lex),,legislation,SVK,2014,2026-10-05,https://www.slov-lex.sk/static/pdf/2014/307/ZZ_2014_307_20150101.pdf,,raw/svk-zz-2014-307-whistleblower-act.pdf,572add041bd7c6a5a1de735732d906037df2263070bd3ec1dd18306ad35a016b,§ 9: Ministry of Justice reward of up to 50 times the minimum wage after a final conviction or administrative decision; in force 1 Jan 2015.,Version in force from 1 Jan 2015.
svk-zz-2021-187-competition-act,Zákon č. 187/2021 Z. z. o ochrane hospodárskej súťaže,Národná rada Slovenskej republiky (Slov-Lex),,legislation,SVK,2021,2026-10-05,https://www.slov-lex.sk/static/pdf/2021/187/ZZ_2021_187_20210601.pdf,,raw/svk-zz-2021-187-competition-act.pdf,040cb9607182d5e9a660719e3f3e6c8ea2250b56b58dcf9789f898a9f994f5f1,"§ 53: reward for the first person to give the Antimonopoly Office decisive evidence of a cartel: 1% of fines, max EUR 100,000 (50%, max EUR 10,000, if fines unpaid). In force 1 June 2021.",
twn-moj-reward-regulation-2019,獎勵保護檢舉貪污瀆職辦法 (Anti-Corruption Informant Rewards and Protection Regulation),法務部 (Ministry of Justice),,legislation,TWN,2019-02-01,2026-10-03,https://law.moj.gov.tw/LawClass/LawAll.aspx?pcode=I0070003,,raw/twn-moj-reward-regulation-2019.html,852f63a9665cb6e8225ce11a27fd162601d589778d3bc7ec79bfeed934b4a5bc,"Current text (amended 2019-02-01): reward conditions, NT$10 million maximum, no reward for anonymous reports.","National Laws & Regulations Database. Reward schedule (附表) by sentence length is a separate attachment, not downloaded."
twn-moj-reward-regulation-en-2019,The Anti-Corruption Informant Rewards and Protection Regulation (English),Ministry of Justice,,legislation,TWN,2019-02-01,2026-10-03,https://law.moj.gov.tw/ENG/LawClass/LawAll.aspx?pcode=I0070003,,raw/twn-moj-reward-regulation-en-2019.html,d45505f2efa5961efc6a9b76c14ce3737559a7e8b6bca07e508a5f752790282c,Official English translation of the regulation.,
intl-csmonitor-ap-birkenfeld-award-2012,UBS whistleblower: IRS pays tax cheat informant $104M,The Christian Science Monitor (Associated Press wire),,media,USA,2012-09-11,2026-10-03,https://www.csmonitor.com/Business/Latest-News-Wires/2012/0911/UBS-whistleblower-IRS-pays-tax-cheat-informant-104M,https://web.archive.org/web/20240813083444/https://www.csmonitor.com/Business/Latest-News-Wires/2012/0911/UBS-whistleblower-IRS-pays-tax-cheat-informant-104M,,,"Birkenfeld IRS award, prison term, IRS confirmation through a waiver",AP story; the IRS confirmed the award because Birkenfeld signed a disclosure waiver (per the article).
usa-ca11-zafirov-2026,"Clarissa Zafirov v. Florida Medical Associates, LLC, No. 24-13581 (11th Cir. Sept. 1, 2026), opinion",U.S. Court of Appeals for the Eleventh Circuit,,court,USA,2026-09-01,2026-10-03,https://media.ca11.uscourts.gov/opinions/pub/files/202413581.pdf,,raw/usa-ca11-zafirov-2026.pdf,9705aa6b17568dada6eb038c9155abb38747e0bfb40814e8d94e56b96f10668b,Reverses the 2024 district court ruling that qui tam provisions violate the Appointments Clause,
usa-ca11-zafirov-opinion-2026,"Zafirov v. Florida Medical Associates, LLC, No. 24-13581 (11th Cir.), Opinion of the Court",U.S. Court of Appeals for the Eleventh Circuit,"Branch, Luck, Moreno (Branch, J., for the Court)",court,USA,2026-09-01,2026-10-03,https://media.ca11.uscourts.gov/opinions/pub/files/202413581.pdf,,raw/usa-ca11-zafirov-opinion-2026.pdf,9705aa6b17568dada6eb038c9155abb38747e0bfb40814e8d94e56b96f10668b,Published opinion vacating the district court: relators are not officers of the United States; qui tam provisions do not violate the Appointments Clause; remanded for Take Care and Vesting Clause arguments.,Byte-identical to raw/usa-ca11-zafirov-2026.pdf stored by another agent; merge may keep one id.
usa-caag-pr-fraud-recoveries-2026,Attorney General Bonta Denounces Trump Administration's Political Weaponization of Fraud (California DOJ's ongoing work to tackle fraud led to recovery of nearly $2.7 billion for California taxpayers),"California Department of Justice, Office of the Attorney General",,government,USA,2026-02-05,2026-10-05,https://oag.ca.gov/news/press-releases/attorney-general-bonta-denounces-trump-administration%E2%80%99s-political-weaponization,,raw/usa-caag-pr-fraud-recoveries-2026.html,355a30c0d176288e093da7227ca45764411f7f4c485c4ddc74a4e1a12daa6041,Ten-year cumulative California False Claims Act recoveries and investigations; Medi-Cal criminal recoveries,Political press release; figures rounded ('nearly'); the period is 'the last 10 years' without exact dates.
usa-cftc-libor-deutsche-pr-7159-15,"Deutsche Bank to Pay $800 Million Penalty to Settle CFTC Charges of Manipulation, Attempted Manipulation, and False Reporting of LIBOR and Euribor (Release 7159-15)",Commodity Futures Trading Commission,,government,USA,2015-04-23,2026-10-03,https://www.cftc.gov/PressRoom/PressReleases/7159-15,,raw/usa-cftc-libor-deutsche-pr-7159-15.html,568a97b19375d560ec533c6cc5b115239a2c7aefeb40849b9f17fc164c5e8588,Deutsche Bank Libor penalty; CFTC total over $4 billion against 13 banks and brokers for LIBOR and FX,
usa-cftc-wb-ar-2011,"CFTC Annual Report on the Whistleblower Program and Customer Education Initiatives, Fiscal Year 2011",U.S. Commodity Futures Trading Commission,,government,USA,2011-10,2026-10-03,https://www.whistleblower.gov/sites/whistleblower/files/Reports/wb_fy2011reporttocongress.pdf,,raw/usa-cftc-wb-ar-2011.pdf,a635321a9a0e51cc97ad0155857d6461a1656d3399289f3f91b23e4dd977963e,"CFTC whistleblower programme FY2011: Form TCR tips, award applications, awards, Final Orders/denials, Customer Protection Fund table and audited statements", Title wording varies by year (FY2025: 'Whistleblower & Customer Education Report').
usa-cftc-wb-ar-2012,"CFTC Annual Report on the Whistleblower Program and Customer Education Initiatives, Fiscal Year 2012",U.S. Commodity Futures Trading Commission,,government,USA,2012-10,2026-10-03,https://www.whistleblower.gov/sites/whistleblower/files/Reports/wb_fy2012reporttocongress.pdf,,raw/usa-cftc-wb-ar-2012.pdf,1dae707d779862fd39405002ff5c93a0260aa0e5a9cc4cd8cfeb168b80ba7e37,"CFTC whistleblower programme FY2012: Form TCR tips, award applications, awards, Final Orders/denials, Customer Protection Fund table and audited statements", Title wording varies by year (FY2025: 'Whistleblower & Customer Education Report').
usa-cftc-wb-ar-2013,"CFTC Annual Report on the Whistleblower Program and Customer Education Initiatives, Fiscal Year 2013",U.S. Commodity Futures Trading Commission,,government,USA,2013-10-30,2026-10-03,https://www.whistleblower.gov/sites/whistleblower/files/Reports/wb_fy2013reporttocongress.pdf,,raw/usa-cftc-wb-ar-2013.pdf,86cd68f27c463dc6dcdaa2d46eda56db9ed151f7a80c5454d5c4596db737fea8,"CFTC whistleblower programme FY2013: Form TCR tips, award applications, awards, Final Orders/denials, Customer Protection Fund table and audited statements", Title wording varies by year (FY2025: 'Whistleblower & Customer Education Report').
usa-cftc-wb-ar-2014,"CFTC Annual Report on the Whistleblower Program and Customer Education Initiatives, Fiscal Year 2014",U.S. Commodity Futures Trading Commission,,government,USA,2014-10-30,2026-10-03,https://www.whistleblower.gov/sites/whistleblower/files/Reports/wb_fy2014reporttocongress.pdf,,raw/usa-cftc-wb-ar-2014.pdf,e885fa7ff2e33132b1b59cbc88ac666b7f5260d9788b30da4af7236a1032fa74,"CFTC whistleblower programme FY2014: Form TCR tips, award applications, awards, Final Orders/denials, Customer Protection Fund table and audited statements", Title wording varies by year (FY2025: 'Whistleblower & Customer Education Report').
usa-cftc-wb-ar-2015,"CFTC Annual Report on the Whistleblower Program and Customer Education Initiatives, Fiscal Year 2015",U.S. Commodity Futures Trading Commission,,government,USA,2015-10-30,2026-10-03,https://www.whistleblower.gov/sites/whistleblower/files/Reports/wb_fy2015reporttocongress.pdf,,raw/usa-cftc-wb-ar-2015.pdf,ad4e4cd677fbb35621616ef9347178d10764594cffe7050363543349f1f56e19,"CFTC whistleblower programme FY2015: Form TCR tips, award applications, awards, Final Orders/denials, Customer Protection Fund table and audited statements", Title wording varies by year (FY2025: 'Whistleblower & Customer Education Report').
usa-cftc-wb-ar-2016,"CFTC Annual Report on the Whistleblower Program and Customer Education Initiatives, Fiscal Year 2016",U.S. Commodity Futures Trading Commission,,government,USA,2016,2026-10-03,https://www.whistleblower.gov/sites/whistleblower/files/Reports/wb_fy2016reporttocongress.pdf,,raw/usa-cftc-wb-ar-2016.pdf,1e607f0af2b50cb1299fc777473312ce84f38a92e3197417cd8575e6f8f0af65,"CFTC whistleblower programme FY2016: Form TCR tips, award applications, awards, Final Orders/denials, Customer Protection Fund table and audited statements", Title wording varies by year (FY2025: 'Whistleblower & Customer Education Report').
usa-cftc-wb-ar-2017,"CFTC Annual Report on the Whistleblower Program and Customer Education Initiatives, Fiscal Year 2017",U.S. Commodity Futures Trading Commission,,government,USA,2017-10,2026-10-03,https://www.whistleblower.gov/sites/whistleblower/files/Reports/wb_fy2017reporttocongress.pdf,,raw/usa-cftc-wb-ar-2017.pdf,7cabd5eabafd515d969a6233122e93f759c8778bef07bbfad1ba8604d62e3321,"CFTC whistleblower programme FY2017: Form TCR tips, award applications, awards, Final Orders/denials, Customer Protection Fund table and audited statements", Title wording varies by year (FY2025: 'Whistleblower & Customer Education Report').
usa-cftc-wb-ar-2018,"CFTC Annual Report on the Whistleblower Program and Customer Education Initiatives, Fiscal Year 2018",U.S. Commodity Futures Trading Commission,,government,USA,2018-10,2026-10-03,https://www.whistleblower.gov/sites/whistleblower/files/2018-10/FY18%20Annual%20Report%20to%20Congress%20Final.pdf,,raw/usa-cftc-wb-ar-2018.pdf,bff97ca463ccb03113cd26f702ed0d0899f22e5cc0e15499d2f276354d02790f,"CFTC whistleblower programme FY2018: Form TCR tips, award applications, awards, Final Orders/denials, Customer Protection Fund table and audited statements", Title wording varies by year (FY2025: 'Whistleblower & Customer Education Report').
usa-cftc-wb-ar-2019,"CFTC Annual Report on the Whistleblower Program and Customer Education Initiatives, Fiscal Year 2019",U.S. Commodity Futures Trading Commission,,government,USA,2019-10,2026-10-03,https://www.whistleblower.gov/sites/whistleblower/files/2019-10/FY19%20Annual%20Whistleblower%20Report%20to%20Congress%20Final.pdf,,raw/usa-cftc-wb-ar-2019.pdf,3832e60f7c0684f42d0e0aa4e717dc095f62a3412c70e6ffe4a3815e5225a8c1,"CFTC whistleblower programme FY2019: Form TCR tips, award applications, awards, Final Orders/denials, Customer Protection Fund table and audited statements", Title wording varies by year (FY2025: 'Whistleblower & Customer Education Report').
usa-cftc-wb-ar-2020,"CFTC Annual Report on the Whistleblower Program and Customer Education Initiatives, Fiscal Year 2020",U.S. Commodity Futures Trading Commission,,government,USA,2020-11,2026-10-03,https://www.whistleblower.gov/sites/whistleblower/files/2020-11/FY20%20Report%20to%20Congress.pdf,,raw/usa-cftc-wb-ar-2020.pdf,8ce8770bc0b01d86b281aee5b369d3f418785758b23cdcc91d7f0b078f8169e6,"CFTC whistleblower programme FY2020: Form TCR tips, award applications, awards, Final Orders/denials, Customer Protection Fund table and audited statements",published_date taken from the upload folder in the URL. Title wording varies by year (FY2025: 'Whistleblower & Customer Education Report').
usa-cftc-wb-ar-2021,"CFTC Annual Report on the Whistleblower Program and Customer Education Initiatives, Fiscal Year 2021",U.S. Commodity Futures Trading Commission,,government,USA,2021-10,2026-10-03,https://www.whistleblower.gov/sites/whistleblower/files/2021-10/FY21%20Customer%20Protection%20Fund%20Annual%20Report%20to%20Congress_0.pdf,,raw/usa-cftc-wb-ar-2021.pdf,e65c9d85bd1c65dc4b55978b8a0f055d3dcaad385c938031d955462a5fc829c7,"CFTC whistleblower programme FY2021: Form TCR tips, award applications, awards, Final Orders/denials, Customer Protection Fund table and audited statements", Title wording varies by year (FY2025: 'Whistleblower & Customer Education Report').
usa-cftc-wb-ar-2022,"CFTC Annual Report on the Whistleblower Program and Customer Education Initiatives, Fiscal Year 2022",U.S. Commodity Futures Trading Commission,,government,USA,2022-10,2026-10-03,https://www.whistleblower.gov/sites/whistleblower/files/2022-10/FY22%20Customer%20Protection%20Fund%20Annual%20Report%20to%20Congress.pdf,,raw/usa-cftc-wb-ar-2022.pdf,66dd0b63adc92e451d1ac4dd995a99f53af5cf6c46278050cb35ef9a22add5ea,"CFTC whistleblower programme FY2022: Form TCR tips, award applications, awards, Final Orders/denials, Customer Protection Fund table and audited statements",published_date taken from the upload folder in the URL. Title wording varies by year (FY2025: 'Whistleblower & Customer Education Report').
usa-cftc-wb-ar-2023,"CFTC Annual Report on the Whistleblower Program and Customer Education Initiatives, Fiscal Year 2023",U.S. Commodity Futures Trading Commission,,government,USA,2023-10,2026-10-03,https://www.whistleblower.gov/sites/whistleblower/files/2023-10/FY23%20Customer%20Protection%20Fund%20Annual%20Report%20to%20Congress.pdf,,raw/usa-cftc-wb-ar-2023.pdf,9c0159d4e8bbaf7df684e67c48c35f0a770ceda50e793a482ab094c91747b097,"CFTC whistleblower programme FY2023: Form TCR tips, award applications, awards, Final Orders/denials, Customer Protection Fund table and audited statements",published_date taken from the upload folder in the URL. Title wording varies by year (FY2025: 'Whistleblower & Customer Education Report').
usa-cftc-wb-ar-2024,"CFTC Annual Report on the Whistleblower Program and Customer Education Initiatives, Fiscal Year 2024",U.S. Commodity Futures Trading Commission,,government,USA,2024-11,2026-10-03,https://www.whistleblower.gov/sites/whistleblower/files/2024-11/FY24%20Customer%20Protection%20Fund%20Annual%20Report%20to%20Congress.pdf,,raw/usa-cftc-wb-ar-2024.pdf,30ca0a8179365959538aefc2c34f11eb2b8d8f1a33789d42225736eaf3d859b7,"CFTC whistleblower programme FY2024: Form TCR tips, award applications, awards, Final Orders/denials, Customer Protection Fund table and audited statements",published_date taken from the upload folder in the URL. Title wording varies by year (FY2025: 'Whistleblower & Customer Education Report').
usa-cftc-wb-ar-2025,"CFTC Annual Report on the Whistleblower Program and Customer Education Initiatives, Fiscal Year 2025",U.S. Commodity Futures Trading Commission,,government,USA,2026-02,2026-10-03,https://www.whistleblower.gov/sites/whistleblower/files/2026-02/FY%202025%20Whistleblower%20%26%20Customer%20Education%20Report.pdf,,raw/usa-cftc-wb-ar-2025.pdf,e9e5289bf5301ac173f2be016a16360ce8423c6fe5424335ebdb0e7e9c78e19c,"CFTC whistleblower programme FY2025: Form TCR tips, award applications, awards, Final Orders/denials, Customer Protection Fund table and audited statements", Title wording varies by year (FY2025: 'Whistleblower & Customer Education Report').
usa-cftc-wb-order-24-wb-02-2024,CFTC Whistleblower Award Determination No. 24-WB-02 (public version),Commodity Futures Trading Commission,,government,USA,2024-01-04,2026-10-05,https://www.whistleblower.gov/sites/whistleblower/files/2024-01/No.%2024-WB-02_0.pdf,,raw/usa-cftc-wb-order-24-wb-02-2024.pdf,0f99ec517502b57f3934f469b40d1d5d4a4d7e7b8a32027e9ebc2b296f7384f0,"Award to Claimant 1, denial of Claimant 2",
usa-cftc-wb-order-24-wb-03-2024,CFTC Whistleblower Award Determination No. 24-WB-03 (public version),Commodity Futures Trading Commission,,government,USA,2024-01-04,2026-10-05,https://www.whistleblower.gov/sites/whistleblower/files/2024-01/No.%2024-WB-03.pdf,,raw/usa-cftc-wb-order-24-wb-03-2024.pdf,d9a4326d619b5b7725a844b233192b0f6741f82130a234b902ca9711ee958724,Award to Claimant 1 on a covered action and a related action; denial of Claimant 2,
usa-cftc-wb-order-wbapp-2014-02-19-01-2014,"Order, Whistleblower Award Claim of [Claimant], Form WB-APP 2014-02-19-01",Commodity Futures Trading Commission,,government,USA,2014-05-19,2026-10-05,https://www.whistleblower.gov/sites/whistleblower/files/Final%20Orders/wb-app-2014-02-19-01.pdf,,raw/usa-cftc-wb-order-wbapp-2014-02-19-01-2014.pdf,9280983fa6071c00aeac265b1e2e1b12eaf18e27bd3ed69ea89a0a713d773adb,"First CFTC award order (scanned, OCR needed)","Scanned PDF with a text layer of poor quality (OCR artefacts such as ""monetaty"")."
usa-cftc-wb-order-wbapp-redacted-2015,"Order, Whistleblower Award Applications of [Applicant 1] and [Applicant 2] (redacted)",Commodity Futures Trading Commission,,government,USA,2015-09-29,2026-10-05,https://www.whistleblower.gov/sites/whistleblower/files/Final%20Orders/wb-app-redacted.pdf,,raw/usa-cftc-wb-order-wbapp-redacted-2015.pdf,01fde6c29a207fc2e0dc3feb146b3f47b56e5abfe39819a300a79e0804fc9e96,"Second CFTC award order: one award, one denial",Scanned PDF; date from the whistleblower.gov orders list.
usa-cftc-wb-orders-list-2026,CFTC Whistleblower Program: Orders (list of Final Orders/Award Determinations),"U.S. Commodity Futures Trading Commission, Whistleblower Office",,government,USA,2026-09-25,2026-10-03,https://www.whistleblower.gov/orders,,raw/usa-cftc-wb-orders-list-2026.html,919a98d436736c56b455740137b53fe721a567209e9ed5b939e4cf485a1cf8cd,170 Final Orders released Feb 2018 - Sept 2026 (orders dated from 2016) with result Granted/Denied and PDF links; amounts not listed,Snapshot of the web page; the list does not go back before orders dated 2016.
usa-cftc-wb-pr-6933-14,Press Release Number 6933-14: CFTC Issues First Whistleblower Award,Commodity Futures Trading Commission,,government,USA,2014-05-20,2026-10-05,https://www.cftc.gov/PressRoom/PressReleases/6933-14,,raw/usa-cftc-wb-pr-6933-14.html,c6f53d0052d8ee8f069fb62f16c996e44ea9aad31abf7b8e11637ff73a5c309d,"CFTC whistleblower award announcement: award amount as rounded by the CFTC, number of whistleblowers",Downloaded directly from cftc.gov. The CFTC does not name the enforcement action or give the exact amount.
usa-cftc-wb-pr-7254-15,"Press Release Number 7254-15: CFTC to Issue Whistleblower Award of Approximately $290,000",Commodity Futures Trading Commission,,government,USA,2015-09-29,2026-10-05,https://www.cftc.gov/PressRoom/PressReleases/7254-15,,raw/usa-cftc-wb-pr-7254-15.html,c6a1b3fe64cca18b7538f8324985d2c393634e6633f6c18bf9fd477b9da30667,"CFTC whistleblower award announcement: award amount as rounded by the CFTC, number of whistleblowers",Downloaded directly from cftc.gov. The CFTC does not name the enforcement action or give the exact amount.
usa-cftc-wb-pr-7351-16,Press Release Number 7351-16: CFTC Announces Whistleblower Award of More Than $10 Million,Commodity Futures Trading Commission,,government,USA,2016-04-04,2026-10-05,https://www.cftc.gov/PressRoom/PressReleases/7351-16,,raw/usa-cftc-wb-pr-7351-16.html,67380c266a4a623d18d7ec7bbd9ab0a6cb51cd0efbc7c2018d08823e9202fd6e,"CFTC whistleblower award announcement: award amount as rounded by the CFTC, number of whistleblowers",Downloaded directly from cftc.gov. The CFTC does not name the enforcement action or give the exact amount.
usa-cftc-wb-pr-7411-16,Press Release Number 7411-16: CFTC Announces Fourth Whistleblower Award,Commodity Futures Trading Commission,,government,USA,2016-07-26,2026-10-05,https://www.cftc.gov/PressRoom/PressReleases/7411-16,,raw/usa-cftc-wb-pr-7411-16.html,3efcd041e0c9f1216bb02a9927ba5274c1159ae5dd25b5f0946cc97bed6d2620,"CFTC whistleblower award announcement: award amount as rounded by the CFTC, number of whistleblowers",Downloaded directly from cftc.gov. The CFTC does not name the enforcement action or give the exact amount.
usa-cftc-wb-pr-8453-21,CFTC Awards Nearly $200 Million to a Whistleblower (Release 8453-21),Commodity Futures Trading Commission,,government,USA,2021-10-21,2026-10-03,https://www.cftc.gov/PressRoom/PressReleases/8453-21,,raw/usa-cftc-wb-pr-8453-21.html,a23e4700a21e5405079355fc00d52131096d36d710163cec0ac7c36ae8a39c31,Record CFTC award (order 21-WB-07); the CFTC does not name the case,
usa-cftc-wb-pr-8500-22,"Press Release Number 8500-22: CFTC Awards Approximately $500,000 to Two Whistleblowers",Commodity Futures Trading Commission,,government,USA,2022-03-10,2026-10-05,https://www.cftc.gov/PressRoom/PressReleases/8500-22,,raw/usa-cftc-wb-pr-8500-22.html,4507da9f2491cd4823e11108036e069555d7e4c853d466ffd1566768290161af,"CFTC whistleblower award announcement: award amount as rounded by the CFTC, number of whistleblowers",Downloaded directly from cftc.gov. The CFTC does not name the enforcement action or give the exact amount.
usa-cftc-wb-pr-8974-24,Press Release Number 8974-24: CFTC Announces Four Orders Granting Whistleblower Awards – Marking the Most in a Single Day,Commodity Futures Trading Commission,,government,USA,2024-09-23,2026-10-05,https://www.cftc.gov/PressRoom/PressReleases/8974-24,,raw/usa-cftc-wb-pr-8974-24.html,006f2c53db9cf57a72f586954c9132fc94f216caa88cb0eb95df1edcadfa2c80,"CFTC whistleblower award announcement: award amount as rounded by the CFTC, number of whistleblowers",Downloaded directly from cftc.gov. The CFTC does not name the enforcement action or give the exact amount.
usa-cftc-wb-pr-9159-25,Press Release Number 9159-25: CFTC Awards Two Whistleblowers More Than $1.8M,Commodity Futures Trading Commission,,government,USA,2025-12-19,2026-10-05,https://www.cftc.gov/PressRoom/PressReleases/9159-25,,raw/usa-cftc-wb-pr-9159-25.html,66b3436f3d23268c435541371787f95367aeaa3d6e47ce1f752494ecdcf7e114,"CFTC whistleblower award announcement: award amount as rounded by the CFTC, number of whistleblowers",Downloaded directly from cftc.gov. The CFTC does not name the enforcement action or give the exact amount.
usa-cftc-wb-pr-9245-26,Press Release Number 9245-26: CFTC Grants Five Whistleblower Awards Totaling Over $8M,Commodity Futures Trading Commission,,government,USA,2026-06-01,2026-10-05,https://www.cftc.gov/PressRoom/PressReleases/9245-26,,raw/usa-cftc-wb-pr-9245-26.html,1da7d2ce4151813d37405e7a4157bbd14aee658274c84bf4883a9f672da276d8,"CFTC whistleblower award announcement: award amount as rounded by the CFTC, number of whistleblowers",Downloaded directly from cftc.gov. The CFTC does not name the enforcement action or give the exact amount.
usa-cnn-hyundai-wb-2021,Whistleblower gets record $24 million for exposing Hyundai and Kia's safety lapses,CNN Business (syndicated by ABC17 News),,media,USA,2021-11-09,2026-10-03,https://abc17news.com/money/cnn-business-consumer/2021/11/09/whistleblower-gets-record-24-million-for-exposing-hyundai-and-kias-safety-lapses/,,,,"Names the NHTSA award recipient (Kim Gwang-ho), who made a public statement",No Wayback capture found for this syndicated copy.
usa-congress-pl107-204-2002,Public Law 107-204: Sarbanes-Oxley Act of 2002 (116 Stat. 745),U.S. Congress (via GovInfo),,legislation,USA,2002-07-30,2026-10-03,https://www.govinfo.gov/content/pkg/PLAW-107publ204/pdf/PLAW-107publ204.pdf,,raw/usa-congress-pl107-204-2002.pdf,f6666256313bbaddac941da3f5bda04645e5abaf08a6c53394eef2d26a93a127,Section 806 whistleblower protection,
usa-congress-pl109-432-2006,Public Law 109-432: Tax Relief and Health Care Act of 2006 (120 Stat. 2922),U.S. Congress (via GovInfo),,legislation,USA,2006-12-20,2026-10-03,https://www.govinfo.gov/content/pkg/PLAW-109publ432/pdf/PLAW-109publ432.pdf,,raw/usa-congress-pl109-432-2006.pdf,4a3b7e83d158cde8977780398922a8f5d54a266f2f992a86969f1bcb05fb1a1d,Section 406 IRS whistleblower reforms,
usa-congress-pl111-203-2010,Public Law 111-203: Dodd-Frank Wall Street Reform and Consumer Protection Act (124 Stat. 1376),U.S. Congress (via GovInfo),,legislation,USA,2010-07-21,2026-10-03,https://www.govinfo.gov/content/pkg/PLAW-111publ203/pdf/PLAW-111publ203.pdf,,raw/usa-congress-pl111-203-2010.pdf,8460069ded90a39c98fffe52d169d021b91335cf0540138f30f9778084271466,Sections 748 (CFTC) and 922 (SEC) whistleblower programmes,
usa-congress-pl116-283-2021,Public Law 116-283: William M. (Mac) Thornberry National Defense Authorization Act for Fiscal Year 2021 (134 Stat. 3388),U.S. Congress (via GovInfo),,legislation,USA,2021-01-01,2026-10-03,https://www.govinfo.gov/content/pkg/PLAW-116publ283/pdf/PLAW-116publ283.pdf,,raw/usa-congress-pl116-283-2021.pdf,e3bb777137273137b8623b6da52e64fc53b98c3a2648f6bb15351484e75830c2,"Division F (Anti-Money Laundering Act of 2020), section 6314 AML whistleblower awards",Another pass stored the same law as HTML (raw/usa-pl-116-283-ndaa-fy2021.htm); this is the signed PDF.
usa-congress-pl117-328-2022,"Public Law 117-328: Consolidated Appropriations Act, 2023 (136 Stat. 4459); Division AA, Title IV: Anti-Money Laundering Whistleblower Improvement (sec. 401)",U.S. Congress (via GovInfo),,legislation,USA,2022-12-29,2026-10-05,https://www.govinfo.gov/content/pkg/PLAW-117publ328/pdf/PLAW-117publ328.pdf,,raw/usa-congress-pl117-328-2022.pdf,6e063f9299ced82743d8b75c64fce8c63e7746add88b115ab111357ad0fb4e60,"Text of the AML Whistleblower Improvement Act (sec. 401 of Division AA): mandatory 10-30% awards, Financial Integrity Fund, extension to sanctions and Kingpin Act violations","Whole public law stored (1,653 pages); the whistleblower title is at PDF pp. 1078-1080 (136 Stat. 5536-5538)."
usa-congress-pl99-562-1986,Public Law 99-562: False Claims Amendments Act of 1986 (100 Stat. 3153),U.S. Congress (via GovInfo),,legislation,USA,1986-10-27,2026-10-03,https://www.govinfo.gov/content/pkg/STATUTE-100/pdf/STATUTE-100-Pg3153.pdf,,raw/usa-congress-pl99-562-1986.pdf,72c987e754226dcbe808105b4bec77cc843002c4205ce241ca44739f155b9c81,Relator shares 15-25% / 25-30%,Scanned Statutes at Large with an OCR text layer.
usa-crowell-atr-first-award-2026,DOJ Antitrust Division Issues First-Ever Award Under Whistleblower Rewards Program,Crowell & Moring LLP,,industry,USA,2026-02-04,2026-10-03,https://www.crowell.com/en/insights/client-alerts/doj-antitrust-division-issues-first-ever-award-under-whistleblower-rewards-program,,,,Law-firm alert; gives the programme's launch month (July 2025).,"Law firm; used only for the launch month, which no official page read here states. Read via WebFetch."
usa-crs-r40785-2021,"Qui Tam: The False Claims Act and Related Federal Statutes (R40785, updated April 26, 2021)",Congressional Research Service,Charles Doyle,government,USA,2021-04-26,2026-10-03,https://crsreports.congress.gov/product/pdf/R/R40785,,raw/usa-crs-r40785-2021.pdf,0d9e2de38b7ad16f26b87e87b060a99545b53425658a8ec02b8c02e22f92dd25,"Legislative history of the FCA: 1863 Act (relators got half), 1943 amendments (shares cut to max 25%/10%, government-knowledge bar), 1986, 2009 and 2010 amendments.",Author Charles Doyle. crsreports.congress.gov returned 403 to scripted download; copy taken from EveryCRSReport mirror https://www.everycrsreport.com/files/2021-04-26_R40785_4c2f57934fa8c0be16f5e0e5f76c0539e54ac8f9.pdf (identical CRS PDF).
usa-doj-atr-pr-first-wb-award-2026,Antitrust Division and U.S. Postal Service Make First-Ever Whistleblower Payment: $1M Awarded for Reporting Antitrust Crime (press release 26-71),"U.S. Department of Justice, Office of Public Affairs",,government,USA,2026-01-29,2026-10-03,https://www.justice.gov/opa/pr/antitrust-division-and-us-postal-service-award-first-ever-1m-payment-whistleblower-reporting,,raw/usa-doj-atr-pr-first-wb-award-2026.html,eae73e8e8639b46e1a31c11bc7f62630fe13cb698cbc7d2923df58fadaae32f0,First antitrust whistleblower award: $1 million; EBLOCK Corporation DPA with $3.28 million fine.,
usa-doj-atr-usps-wb-mou-2025,"Memorandum of Understanding regarding the Whistleblower Rewards Program and Procedures (Antitrust Division, USPS, USPS OIG)","U.S. Department of Justice, Antitrust Division",,government,USA,2025-05-07,2026-10-03,https://www.justice.gov/atr/media/1407261/dl?inline,,raw/usa-doj-atr-usps-wb-mou-2025.pdf,4fde1da25d98c2a3bc3d716eba4018ea1bd8b470ac97faadc837445ae0c27839,"Legal basis and terms of the antitrust whistleblower rewards: $1 million fine threshold, presumptive 15-30 percent, paid by the Postal Service.",Signature dates 5/7/2025 for two of three parties; the third (Chief Postal Inspector) date is blank in the published copy.
usa-doj-atr-wb-page-2026,Whistleblower Rewards Program: Reporting Antitrust Crimes and Qualifying for Whistleblower Rewards (web page),"U.S. Department of Justice, Antitrust Division",,government,USA,2026,2026-10-03,https://www.justice.gov/atr/whistleblower-rewards,,raw/usa-doj-atr-wb-page-2026.html,ff8abd9e2aa97ca66397ba7b41786ca26fdf8a06874e551c13ac8d9a2f1fb897,Programme page: threshold and 15-30 percent presumptive award.,
usa-doj-birkenfeld-sentencing-pr-2009,Former UBS Banker Sentenced to 40 Months for Aiding American Billionaire Evade Taxes,"U.S. Department of Justice, Office of Public Affairs",,government,USA,2009-08-21,2026-10-03,https://www.justice.gov/opa/pr/former-ubs-banker-sentenced-40-months-aiding-billionaire-american-evade-taxes,https://web.archive.org/web/20221202001820/https://www.justice.gov/opa/pr/former-ubs-banker-sentenced-40-months-aiding-billionaire-american-evade-taxes,raw/usa-doj-birkenfeld-sentencing-pr-2009.html,24a5318f4189215ff55b2ef5b24b529ef6104f26562233af2cd73464d7fd5493,"Birkenfeld sentence, plea date, UBS John Doe summons resolution (4,450 accounts)",Copy taken from the Wayback Machine raw capture (id_) because justice.gov now serves a bot-check page to scripts; the capture is the original DOJ page.
usa-doj-boeing-dpa-pr-2021,Boeing Charged with 737 Max Fraud Conspiracy and Agrees to Pay over $2.5 Billion,"U.S. Department of Justice, Office of Public Affairs",,government,USA,2021-01-07,2026-10-03,https://www.justice.gov/archives/opa/pr/boeing-charged-737-max-fraud-conspiracy-and-agrees-pay-over-25-billion,https://web.archive.org/web/20260927153649/https://www.justice.gov/archives/opa/pr/boeing-charged-737-max-fraud-conspiracy-and-agrees-pay-over-25-billion,raw/usa-doj-boeing-dpa-pr-2021.html,7316e7722b1d9b2c6a71f45a5c1329d39dc321792b413f8baba584cc6ccb22c6,Boeing DPA amounts,Copy taken from the Wayback Machine raw capture (id_) because justice.gov now serves a bot-check page to scripts; the capture is the original DOJ page.
usa-doj-crm-memo-whitecollar-2025,"Memorandum: Focus, Fairness, and Efficiency in the Fight Against White-Collar Crime","U.S. Department of Justice, Criminal Division",Matthew R. Galeotti,government,USA,2025-05-12,2026-10-03,https://www.justice.gov/criminal/media/1400046/dl?inline,,raw/usa-doj-crm-memo-whitecollar-2025.pdf,b4fc2e846aa22a2105311a206b2043813f5208c8140e65c87d74e8126bc5021d,"Amends the CWA pilot to add priority subject areas (cartels/TCOs, immigration, sanctions, procurement fraud, trade/tariff fraud...).",
usa-doj-cwap-factsheet-2024,Corporate Whistleblower Awards Pilot Program fact sheet (2024),U.S. Department of Justice,,government,USA,2024-08-01,2026-10-03,https://www.justice.gov/criminal/media/1362326/dl,,raw/usa-doj-cwap-factsheet-2024.pdf,a3487d87af03e3cfd948e02b76f712ab949d943a9ca1ba14da04218be56bad71,"Launch fact sheet: starting 1 August 2024, four initial subject areas.",
usa-doj-cwap-factsheet-2026,Corporate Whistleblower Awards Pilot Program fact sheet (August 2026),U.S. Department of Justice,,government,USA,2026-08,2026-10-03,https://www.justice.gov/criminal/media/1454731/dl?inline,,raw/usa-doj-cwap-factsheet-2026.pdf,9e4118be8d4391ac478f6a6e4094a6f3460c8790bac927e29c6c65022dd2c77d,"Over 1,800 tips since launch; new intake portal; programme summary.",
usa-doj-cwap-guidance-2024,"Department of Justice Corporate Whistleblower Awards Pilot Program (guidance, 1 August 2024)","U.S. Department of Justice, Criminal Division",,government,USA,2024-08-01,2026-10-03,https://www.justice.gov/criminal/media/1362321/dl,,raw/usa-doj-cwap-guidance-2024.pdf,958181ad4228d8126ca9c3d393e263a61665ea2bfb648d3d402794ba55d23f8e,"Original programme guidance: eligibility, $1,000,000 net-forfeiture threshold, award scale (30% of first $100m, 5% of $100m-$500m), anonymous filing via attorney, 90-day claim window.",
usa-doj-cwap-guidance-2026,"Department of Justice Corporate Whistleblower Awards Pilot Program (guidance, revised 30 July 2026)","U.S. Department of Justice, Criminal Division",,government,USA,2026-07-30,2026-10-03,https://www.justice.gov/criminal/media/1454776/dl?inline,,raw/usa-doj-cwap-guidance-2026.pdf,46c7d612ed85bcf31dee73382b50cabaadb6a8e23edb19f90e4f4344b8af238e,"Revised guidance: same award scale and threshold; eligibility no longer barred merely by eligibility under another programme; online intake portal; congressional notice for awards over $500,000.",
usa-doj-cwap-page-2026,Whistleblower Awards Pilot Program (web page),"U.S. Department of Justice, Criminal Division",,government,USA,2026-07-31,2026-10-03,https://www.justice.gov/criminal/criminal-division-corporate-whistleblower-awards-pilot-program,,raw/usa-doj-cwap-page-2026.html,85ed1b4561088e70d8002114cf24ca5db5f6023aa917af288487bec6bad50d0b,"Programme page (updated 31 July 2026); award claim forms 'available soon', i.e. no published award notices yet.",
usa-doj-danske-plea-pr-2022,Danske Bank Pleads Guilty to Fraud on U.S. Banks in Multi-Billion Dollar Scheme to Access the U.S. Financial System,"U.S. Department of Justice, Office of Public Affairs",,government,USA,2022-12-13,2026-10-03,https://www.justice.gov/archives/opa/pr/danske-bank-pleads-guilty-fraud-us-banks-multi-billion-dollar-scheme-access-us-financial,https://web.archive.org/web/20260915002111/https://www.justice.gov/archives/opa/pr/danske-bank-pleads-guilty-fraud-us-banks-multi-billion-dollar-scheme-access-us-financial,raw/usa-doj-danske-plea-pr-2022.html,ab9c938064b32e03eed954d76f1aaaef635b63af1ea069b6ea21e78d3d4d98ee,"Danske Bank plea, $2.059 billion forfeiture, SEC $413 million, mention of internal whistleblower",Copy taken from the Wayback Machine raw capture (id_) because justice.gov now serves a bot-check page to scripts; the capture is the original DOJ page.
usa-doj-enrd-ecs-bulletin-2016-05,"Environmental Crimes Section Monthly Bulletin, May 2016","U.S. Department of Justice, Environment and Natural Resources Division",,government,USA,2016-05,2026-10-03,https://www.justice.gov/enrd/page/file/851586/dl,,raw/usa-doj-enrd-ecs-bulletin-2016-05.pdf,45b46b0af16de2883c92417d479a28b96cb2a1f7a8b8695b120727a8929bc233,"Reports the April 2016 court order awarding $550,000 to the M/V Aquarosa whistleblower under APPS.",OCR-quality text layer with stray spaces inside words.
usa-doj-fca-factsheet-2025,Fact Sheet: False Claims Act Settlements and Judgments FY2025,U.S. Department of Justice,,government,USA,2026-01-16,2026-10-03,https://www.justice.gov/opa/media/1424126/dl,,raw/usa-doj-fca-factsheet-2025.pdf,1144e41e9d699e4842290e73ee798020be2eb77f33778cfc9d16c4281ef7969b,"Representative FY2025 FCA matters, incl. relator trial verdicts (Penelow v. Janssen, Behnke v. CVS Caremark).",Attachment to the FY2025 annual press release.
usa-doj-fca-page-2026,Civil Division | The False Claims Act,"U.S. Department of Justice, Civil Division",,government,USA,2026,2026-10-03,https://www.justice.gov/civil/false-claims-act,,raw/usa-doj-fca-page-2026.html,9070a392c1f30adfcb0a168156e56510d1b9552109a9347366b948b9d59c53e0,"Plain description of the FCA, its 1863 origin and qui tam",Fetched directly from justice.gov (no bot check on this page).
usa-doj-fca-pr-fy1998,Justice Department Recovers More Than $2 Billion in False Claims Act Awards and Settlements (98-503),"U.S. Department of Justice, Office of Public Affairs",,government,USA,1998-10-23,2026-10-05,http://www.usdoj.gov/opa/pr/1998/October/503_civ.htm,https://web.archive.org/web/2005/http://www.usdoj.gov/opa/pr/1998/October/503_civ.htm,raw/usa-doj-fca-pr-fy1998.html,cd137783524feb4d5d6ab9d592463665427318fd4585963c64d9f3f078214e92,"Cumulative qui tam suits, recoveries and relator awards since 1986 as of Oct 1998; suits filed FY1987 and FY1997",Retrieved from the Wayback Machine (id_ original file); justice.gov no longer hosts this page. Not an annual-results release in the later format: gives cumulative qui tam figures only.
usa-doj-fca-pr-fy2000,Justice Recovers Record $1.5 Billion in Fraud Payments; Highest Ever for One Year Period (00-641),"U.S. Department of Justice, Office of Public Affairs",,government,USA,2000-11-02,2026-10-05,http://www.usdoj.gov/opa/pr/2000/November/641civ.htm,https://web.archive.org/web/2005/http://www.usdoj.gov/opa/pr/2000/November/641civ.htm,raw/usa-doj-fca-pr-fy2000.html,4b98076b6fb5900464afe488ff6214e64454ab45c4db9c56a6e1becbbbbe54de,"FY2000 civil fraud recoveries, whistleblower-case recoveries and payments, health care, royalties, defense",Retrieved from the Wayback Machine (id_ original file); justice.gov no longer hosts this page.
usa-doj-fca-pr-fy2001,Justice Recovers Record $1.6 Billion in Fraud Payments; Highest Ever for One Year Period (01-591),"U.S. Department of Justice, Office of Public Affairs",,government,USA,2001-11-14,2026-10-05,http://www.usdoj.gov/opa/pr/2001/November/01_civ_591.htm,https://web.archive.org/web/2005/http://www.usdoj.gov/opa/pr/2001/November/01_civ_591.htm,raw/usa-doj-fca-pr-fy2001.html,4f5ca962b2b587c513313cdc711c4f8b96451483b26dbb906b17973774da3fc5,"FY2001 civil fraud recoveries, whistleblower-case recoveries and awards, health care, oil royalties",Retrieved from the Wayback Machine (id_ original file); justice.gov no longer hosts this page.
usa-doj-fca-pr-fy2003,Justice Dept. Civil Fraud Recoveries Total $2.1 Billion for FY 2003; False Claims Act Recoveries Exceed $12 Billion Since 1986 (03-613),"U.S. Department of Justice, Office of Public Affairs",,government,USA,2003-11-10,2026-10-05,http://www.usdoj.gov/opa/pr/2003/November/03_civ_613.htm,https://web.archive.org/web/2004/http://www.usdoj.gov/opa/pr/2003/November/03_civ_613.htm,raw/usa-doj-fca-pr-fy2003.html,dbc241f941a937db4f12cb87772909bc80a9900248f23d08d9ea4386aebf4bd6,"FY2003 (and FY2002) recoveries, qui tam recoveries, relator awards, health care, defense; HCA combined relator share",Retrieved from the Wayback Machine (id_ original file); justice.gov no longer hosts this page.
usa-doj-fca-pr-fy2005,Justice Department Recovers $1.4 Billion in Fraud & False Claims in Fiscal Year 2005; More Than $15 Billion Since 1986 (05-595),"U.S. Department of Justice, Office of Public Affairs",,government,USA,2005-11-07,2026-10-05,http://www.usdoj.gov/opa/pr/2005/November/05_civ_595.html,https://web.archive.org/web/2006/http://www.usdoj.gov/opa/pr/2005/November/05_civ_595.html,raw/usa-doj-fca-pr-fy2005.html,ecb4a8c345d00e2ae72ee23a3bf704660e17ffe8b920eaf3b565ac7a0931afdd,"FY2005 recoveries, qui tam recoveries, relator awards, health care, defense procurement",Retrieved from the Wayback Machine (id_ original file); justice.gov no longer hosts this page.
usa-doj-fca-pr-fy2006,Justice Department Recovers Record $3.1 Billion in Fraud and False Claims in Fiscal Year 2006 (06-783),"U.S. Department of Justice, Office of Public Affairs",,government,USA,2006-11-21,2026-10-05,http://www.justice.gov/opa/pr/2006/November/06_civ_783.html,https://web.archive.org/web/2010/http://www.justice.gov/opa/pr/2006/November/06_civ_783.html,raw/usa-doj-fca-pr-fy2006.html,74564a84b410f4d4899bed6c9e178f1bbe1e4b10d7a1169a0faa1fb8f586589e,"FY2006 recoveries split government-initiated vs qui tam, relator awards, health care, defense",Retrieved from the Wayback Machine (id_ original file); justice.gov no longer hosts this page.
usa-doj-fca-pr-fy2007,Justice Department Recovers $2 Billion for Fraud Against the Government in FY 2007; More Than $20 Billion Since 1986 (07-873),"U.S. Department of Justice, Office of Public Affairs",,government,USA,2007-11-01,2026-10-05,http://www.justice.gov/opa/pr/2007/November/07_civ_873.html,https://web.archive.org/web/2010/http://www.justice.gov/opa/pr/2007/November/07_civ_873.html,raw/usa-doj-fca-pr-fy2007.html,0f7dcb05148c5b6737878c78481b837a54e49e038336d97f29057fd8af6114f0,"FY2007 recoveries, qui tam recoveries, relator awards, health care, defense","Retrieved from the Wayback Machine (id_ original file); justice.gov no longer hosts this page. Some punctuation (dashes, apostrophes) is lost in the archived text."
usa-doj-fca-pr-fy2008,More Than $1 Billion Recovered by Justice Department in Fraud and False Claims in Fiscal Year 2008 (08-992),"U.S. Department of Justice, Office of Public Affairs",,government,USA,2008-11-10,2026-10-05,http://www.justice.gov/opa/pr/2008/November/08-civ-992.html,https://web.archive.org/web/2010/http://www.justice.gov/opa/pr/2008/November/08-civ-992.html,raw/usa-doj-fca-pr-fy2008.html,9bab05546bfebf8165608a34494be8c923f7767d7b3f129a43294774fbab4ecf,"FY2008 recoveries, qui tam share (percent), relator awards, health care, defense procurement; fact sheet of significant cases with relator shares",Retrieved from the Wayback Machine (id_ original file); justice.gov no longer hosts this page.
usa-doj-fca-pr-fy2009,Justice Department Recovers $2.4 Billion in False Claims Cases in Fiscal Year 2009; More Than $24 Billion Since 1986 (09-1253),"U.S. Department of Justice, Office of Public Affairs",,government,USA,2009-11-19,2026-10-05,http://www.justice.gov/opa/pr/2009/November/09-civ-1253.html,https://web.archive.org/web/2010/http://www.justice.gov/opa/pr/2009/November/09-civ-1253.html,raw/usa-doj-fca-pr-fy2009.html,c0aaf12cadfffbf39a260f9c4e51e70e23eedfd3b3aa609d1cc5bbf4f0150fcf,"FY2009 FCA recoveries, qui tam recoveries, relator awards, health care and procurement totals; cumulative since 1986",Retrieved from the Wayback Machine (id_ original file); justice.gov no longer hosts this page.
usa-doj-fca-pr-fy2010,Department of Justice Recovers $3 Billion in False Claims Cases in Fiscal Year 2010,"U.S. Department of Justice, Office of Public Affairs",,government,USA,2010-11-22,2026-10-03,https://www.justice.gov/archives/opa/pr/department-justice-recovers-3-billion-false-claims-cases-fiscal-year-2010,https://web.archive.org/web/20260530172413/https://www.justice.gov/archives/opa/pr/department-justice-recovers-3-billion-false-claims-cases-fiscal-year-2010,raw/usa-doj-fca-pr-fy2010.html,b2713d971660294301378f1ccf5bb6f21dd6a6c9c2cee0fef5ab594f21ce7d34,"Annual FCA results for FY2010: total settlements and judgments, qui tam suits filed, recoveries in qui tam suits, relator awards (most years), health care share.","Copy in raw/ is the Wayback Machine capture (archive_url); justice.gov served a bot-check page to scripted requests during this pass, which was not bypassed."
usa-doj-fca-pr-fy2011,Justice Department Recovers $3 Billion in False Claims Act Cases in Fiscal Year 2011,"U.S. Department of Justice, Office of Public Affairs",,government,USA,2011-12-19,2026-10-03,https://www.justice.gov/opa/pr/justice-department-recovers-3-billion-false-claims-act-cases-fiscal-year-2011,https://web.archive.org/web/20250421030516/https://www.justice.gov/archives/opa/pr/justice-department-recovers-3-billion-false-claims-act-cases-fiscal-year-2011,raw/usa-doj-fca-pr-fy2011.html,7bdf550f4bad7dbc65d622204a23bd61a6552eb8f16e97c6a9cb619ba98af529,"Annual FCA results for FY2011: total settlements and judgments, qui tam suits filed, recoveries in qui tam suits, relator awards (most years), health care share.","Copy in raw/ is the Wayback Machine capture (archive_url); justice.gov served a bot-check page to scripted requests during this pass, which was not bypassed."
usa-doj-fca-pr-fy2012,Justice Department Recovers Nearly $5 Billion in False Claims Act Cases in Fiscal Year 2012,"U.S. Department of Justice, Office of Public Affairs",,government,USA,2012-12-04,2026-10-03,https://www.justice.gov/opa/pr/justice-department-recovers-nearly-5-billion-false-claims-act-cases-fiscal-year-2012,https://web.archive.org/web/20150313065140/http://www.justice.gov/opa/pr/justice-department-recovers-nearly-5-billion-false-claims-act-cases-fiscal-year-2012,raw/usa-doj-fca-pr-fy2012.html,d80a7cd3ba52cb57b037fbddd9a79f26e50ce185636c6894327009d888ef73e7,"Annual FCA results for FY2012: total settlements and judgments, qui tam suits filed, recoveries in qui tam suits, relator awards (most years), health care share.","Copy in raw/ is the Wayback Machine capture (archive_url); justice.gov served a bot-check page to scripted requests during this pass, which was not bypassed."
usa-doj-fca-pr-fy2013,Justice Department Recovers $3.8 Billion from False Claims Act Cases in Fiscal Year 2013,"U.S. Department of Justice, Office of Public Affairs",,government,USA,2013-12-20,2026-10-03,https://www.justice.gov/opa/pr/justice-department-recovers-38-billion-false-claims-act-cases-fiscal-year-2013,https://web.archive.org/web/20260205023524/https://www.justice.gov/archives/opa/pr/justice-department-recovers-38-billion-false-claims-act-cases-fiscal-year-2013,raw/usa-doj-fca-pr-fy2013.html,35575d51aff0cdcf04ad27f21849c3e3a2e490028b729b1b95948aa36cb96399,"Annual FCA results for FY2013: total settlements and judgments, qui tam suits filed, recoveries in qui tam suits, relator awards (most years), health care share.","Copy in raw/ is the Wayback Machine capture (archive_url); justice.gov served a bot-check page to scripted requests during this pass, which was not bypassed."
usa-doj-fca-pr-fy2014,Justice Department Recovers Nearly $6 Billion from False Claims Act Cases in Fiscal Year 2014,"U.S. Department of Justice, Office of Public Affairs",,government,USA,2014-11-20,2026-10-03,https://www.justice.gov/opa/pr/justice-department-recovers-nearly-6-billion-false-claims-act-cases-fiscal-year-2014,https://web.archive.org/web/20150311003554/http://www.justice.gov/opa/pr/justice-department-recovers-nearly-6-billion-false-claims-act-cases-fiscal-year-2014,raw/usa-doj-fca-pr-fy2014.html,d5ac2f981ceb28024d72c26b83225c646d45f6d1e8fce8c1b9fb22e4b5278683,"Annual FCA results for FY2014: total settlements and judgments, qui tam suits filed, recoveries in qui tam suits, relator awards (most years), health care share.","Copy in raw/ is the Wayback Machine capture (archive_url); justice.gov served a bot-check page to scripted requests during this pass, which was not bypassed."
usa-doj-fca-pr-fy2015,Justice Department Recovers Over $3.5 Billion From False Claims Act Cases in Fiscal Year 2015,"U.S. Department of Justice, Office of Public Affairs",,government,USA,2015-12-03,2026-10-03,https://www.justice.gov/opa/pr/justice-department-recovers-over-35-billion-false-claims-act-cases-fiscal-year-2015,https://web.archive.org/web/20160205145611/http://www.justice.gov/opa/pr/justice-department-recovers-over-35-billion-false-claims-act-cases-fiscal-year-2015,raw/usa-doj-fca-pr-fy2015.html,ee832bb77bce777356f77968af6133ac01a349ab0dbdb745d6996fb1e7d470e9,"Annual FCA results for FY2015: total settlements and judgments, qui tam suits filed, recoveries in qui tam suits, relator awards (most years), health care share.","Copy in raw/ is the Wayback Machine capture (archive_url); justice.gov served a bot-check page to scripted requests during this pass, which was not bypassed."
usa-doj-fca-pr-fy2016,Justice Department Recovers Over $4.7 Billion From False Claims Act Cases in Fiscal Year 2016,"U.S. Department of Justice, Office of Public Affairs",,government,USA,2016-12-14,2026-10-03,https://www.justice.gov/opa/pr/justice-department-recovers-over-47-billion-false-claims-act-cases-fiscal-year-2016,https://web.archive.org/web/20170129041236/https://www.justice.gov/opa/pr/justice-department-recovers-over-47-billion-false-claims-act-cases-fiscal-year-2016,raw/usa-doj-fca-pr-fy2016.html,b3336b23eeef35c2ade22fc2ee60db0560470e78feba06df6b546e52b03caea1,"Annual FCA results for FY2016: total settlements and judgments, qui tam suits filed, recoveries in qui tam suits, relator awards (most years), health care share.","Copy in raw/ is the Wayback Machine capture (archive_url); justice.gov served a bot-check page to scripted requests during this pass, which was not bypassed."
usa-doj-fca-pr-fy2017,Justice Department Recovers Over $3.7 Billion From False Claims Act Cases in Fiscal Year 2017,"U.S. Department of Justice, Office of Public Affairs",,government,USA,2017-12-21,2026-10-03,https://www.justice.gov/opa/pr/justice-department-recovers-over-37-billion-false-claims-act-cases-fiscal-year-2017,https://web.archive.org/web/20260929203545/https://www.justice.gov/archives/opa/pr/justice-department-recovers-over-37-billion-false-claims-act-cases-fiscal-year-2017,raw/usa-doj-fca-pr-fy2017.html,d9dfa92d84b20baa75a291fdd1bad026f42d19af48a7255c9ab54d9a28039448,"Annual FCA results for FY2017: total settlements and judgments, qui tam suits filed, recoveries in qui tam suits, relator awards (most years), health care share.","Copy in raw/ is the Wayback Machine capture (archive_url); justice.gov served a bot-check page to scripted requests during this pass, which was not bypassed."
usa-doj-fca-pr-fy2018,Justice Department Recovers Over $2.8 Billion from False Claims Act Cases in Fiscal Year 2018,"U.S. Department of Justice, Office of Public Affairs",,government,USA,2018-12-21,2026-10-03,https://www.justice.gov/opa/pr/justice-department-recovers-over-28-billion-false-claims-act-cases-fiscal-year-2018,https://web.archive.org/web/20190211184432/https://www.justice.gov/opa/pr/justice-department-recovers-over-28-billion-false-claims-act-cases-fiscal-year-2018,raw/usa-doj-fca-pr-fy2018.html,dfac688fcaaba58dda54ccaf9a8f2be28082289246b8d9b4bf87e631938b115b,"Annual FCA results for FY2018: total settlements and judgments, qui tam suits filed, recoveries in qui tam suits, relator awards (most years), health care share.","Copy in raw/ is the Wayback Machine capture (archive_url); justice.gov served a bot-check page to scripted requests during this pass, which was not bypassed."
usa-doj-fca-pr-fy2019,Justice Department Recovers over $3 Billion from False Claims Act Cases in Fiscal Year 2019,"U.S. Department of Justice, Office of Public Affairs",,government,USA,2020-01-09,2026-10-03,https://www.justice.gov/opa/pr/justice-department-recovers-over-3-billion-false-claims-act-cases-fiscal-year-2019,https://web.archive.org/web/20200227112352/https://www.justice.gov/opa/pr/justice-department-recovers-over-3-billion-false-claims-act-cases-fiscal-year-2019,raw/usa-doj-fca-pr-fy2019.html,4323a6dbfafca2503027cffe1e88ffe78a8fdd9989b6e6bf33f96956432c46df,"Annual FCA results for FY2019: total settlements and judgments, qui tam suits filed, recoveries in qui tam suits, relator awards (most years), health care share.","Copy in raw/ is the Wayback Machine capture (archive_url); justice.gov served a bot-check page to scripted requests during this pass, which was not bypassed."
usa-doj-fca-pr-fy2020,Justice Department Recovers Over $2.2 Billion from False Claims Act Cases in Fiscal Year 2020,"U.S. Department of Justice, Office of Public Affairs",,government,USA,2021-01-14,2026-10-03,https://www.justice.gov/opa/pr/justice-department-recovers-over-22-billion-false-claims-act-cases-fiscal-year-2020,https://web.archive.org/web/20260727163812/https://www.justice.gov/archives/opa/pr/justice-department-recovers-over-22-billion-false-claims-act-cases-fiscal-year-2020,raw/usa-doj-fca-pr-fy2020.html,9709f61b6f5a7032bfa97942d30b6ce01d1c672c68c09e9ca73dcfdefe659b53,"Annual FCA results for FY2020: total settlements and judgments, qui tam suits filed, recoveries in qui tam suits, relator awards (most years), health care share.","Copy in raw/ is the Wayback Machine capture (archive_url); justice.gov served a bot-check page to scripted requests during this pass, which was not bypassed."
usa-doj-fca-pr-fy2021,Justice Department's False Claims Act Settlements and Judgments Exceed $5.6 Billion in Fiscal Year 2021,"U.S. Department of Justice, Office of Public Affairs",,government,USA,2022-02-01,2026-10-03,https://www.justice.gov/opa/pr/justice-department-s-false-claims-act-settlements-and-judgments-exceed-56-billion-fiscal-year,https://web.archive.org/web/20220305000031/https://www.justice.gov/opa/pr/justice-department-s-false-claims-act-settlements-and-judgments-exceed-56-billion-fiscal-year,raw/usa-doj-fca-pr-fy2021.html,e00680e6ac714d494453abb23fb679e4ce210f0eee479688a6057d46ac5f3924,"Annual FCA results for FY2021: total settlements and judgments, qui tam suits filed, recoveries in qui tam suits, relator awards (most years), health care share.","Copy in raw/ is the Wayback Machine capture (archive_url); justice.gov served a bot-check page to scripted requests during this pass, which was not bypassed."
usa-doj-fca-pr-fy2022,False Claims Act Settlements and Judgments Exceed $2 Billion in Fiscal Year 2022,"U.S. Department of Justice, Office of Public Affairs",,government,USA,2023-02-07,2026-10-03,https://www.justice.gov/opa/pr/false-claims-act-settlements-and-judgments-exceed-2-billion-fiscal-year-2022,https://web.archive.org/web/20260713171845/https://www.justice.gov/archives/opa/pr/false-claims-act-settlements-and-judgments-exceed-2-billion-fiscal-year-2022,raw/usa-doj-fca-pr-fy2022.html,2c5849846ceec3b4a6c7f1708d96a2449dbfa68b193b336fa3a9ec58d90482fc,"Annual FCA results for FY2022: total settlements and judgments, qui tam suits filed, recoveries in qui tam suits, relator awards (most years), health care share.","Copy in raw/ is the Wayback Machine capture (archive_url); justice.gov served a bot-check page to scripted requests during this pass, which was not bypassed."
usa-doj-fca-pr-fy2023,False Claims Act Settlements and Judgments Exceed $2.68 Billion in Fiscal Year 2023,"U.S. Department of Justice, Office of Public Affairs",,government,USA,2024-02-22,2026-10-03,https://www.justice.gov/opa/pr/false-claims-act-settlements-and-judgments-exceed-268-billion-fiscal-year-2023,https://web.archive.org/web/20240229234959/https://www.justice.gov/opa/pr/false-claims-act-settlements-and-judgments-exceed-268-billion-fiscal-year-2023,raw/usa-doj-fca-pr-fy2023.html,40b2e54883ffdcc05f16345be27fb001ef42f993719730578221e3d317ff0f30,"Annual FCA results for FY2023: total settlements and judgments, qui tam suits filed, recoveries in qui tam suits, relator awards (most years), health care share.","Copy in raw/ is the Wayback Machine capture (archive_url); justice.gov served a bot-check page to scripted requests during this pass, which was not bypassed."
usa-doj-fca-pr-fy2024,False Claims Act Settlements and Judgments Exceed $2.9B in Fiscal Year 2024,"U.S. Department of Justice, Office of Public Affairs",,government,USA,2025-01-15,2026-10-03,https://www.justice.gov/opa/pr/false-claims-act-settlements-and-judgments-exceed-29b-fiscal-year-2024,https://web.archive.org/web/20250201090245/https://www.justice.gov/opa/pr/false-claims-act-settlements-and-judgments-exceed-29b-fiscal-year-2024,raw/usa-doj-fca-pr-fy2024.html,0057ce1f06b7d89b30644fc06310b900f79ec674424566512dd65a4dd213e65b,"Annual FCA results for FY2024: total settlements and judgments, qui tam suits filed, recoveries in qui tam suits, relator awards (most years), health care share.","Copy in raw/ is the Wayback Machine capture (archive_url); justice.gov served a bot-check page to scripted requests during this pass, which was not bypassed."
usa-doj-fca-pr-fy2025,False Claims Act Settlements and Judgments Exceed $6.8B in Fiscal Year 2025,"U.S. Department of Justice, Office of Public Affairs",,government,USA,2026-01-16,2026-10-03,https://www.justice.gov/opa/pr/false-claims-act-settlements-and-judgments-exceed-68b-fiscal-year-2025,,raw/usa-doj-fca-pr-fy2025.html,6fb84652546e9d2e20c1f8101096ac65023383b37ecc9f01d958ac91a8991c94,"Annual FCA results for FY2025: total settlements and judgments, qui tam suits filed, recoveries in qui tam suits, relator awards (most years), health care share.",Fetched directly from justice.gov.
usa-doj-fca-stats-2023,"Fraud Statistics - Overview, October 1, 1986 - September 30, 2023","U.S. Department of Justice, Civil Division",,government,USA,2024-02,2026-10-03,https://www.justice.gov/opa/media/1339306/dl?inline,,raw/usa-doj-fca-stats-2023.pdf,ab7ac655901ec7dbccadbab5086ed0d985126fcadde7e8f17847af0bb64a5d42,"Edition published with the FY2023 annual release, FY1987-FY2023. Only Overview-table cells that differ from the FY2025 edition are recorded here.","PDF created 2024-02-08. Cited by the Zafirov district court order as ""2023 FCA Stats""."
usa-doj-fca-stats-2024,"Fraud Statistics - Overview, October 1, 1986 - September 30, 2024","U.S. Department of Justice, Civil Division",,government,USA,2025-01-15,2026-10-03,https://www.justice.gov/opa/media/1384546/dl,,raw/usa-doj-fca-stats-2024.pdf,35935dd2b0725dd39bd7b3d07104619aa5142b012e4e6f026e9e39bd5512985b,"Previous edition, FY1987-FY2024, same four tables. Only cells that differ from the FY2025 edition are recorded here.","Still linked (Oct 2026) from https://www.justice.gov/civil/false-claims-act as ""Fraud Recovery Statistics"". PDF created 2024-12-18, modified 2025-01-15."
usa-doj-fca-stats-2025,"Fraud Statistics - Overview, October 1, 1986 - September 30, 2025","U.S. Department of Justice, Civil Division",,government,USA,2026-01-16,2026-10-03,https://www.justice.gov/opa/media/1424121/dl,,raw/usa-doj-fca-stats-2025.pdf,bdabe317fa31e7f881022c17cdd30c0d187769e7fc98939510d8b68d60e2eb51,"Latest edition. FY1987-FY2025, four tables (Overview; HHS; DoD; Other non-HHS non-DoD): new matters (non qui tam, qui tam), settlements and judgments (non qui tam; qui tam intervened/declined/total; total), relator share awards (intervened/declined/total), plus cumulative totals.","Linked as ""statistics sheet"" from the FY2025 annual press release. PDF created 2026-01-08, modified 2026-01-16. Revises many earlier-year figures (compared with the FY2024 and FY2023 editions). Note 3 (numbered 3 in this edition, 4 in FY2024): from October 1, 2019 non qui tam figures include U.S. Attorneys' Office matters reported to the Civil Division, so non qui tam and total columns are not comparable across that break."
usa-doj-gsk-offlabel-settlement-2012,"Settlement Agreement between the United States, GlaxoSmithKline LLC and relators (off-label promotion civil settlement, 2012)",U.S. Department of Justice,,government,USA,2012-07-02,2026-10-05,http://www.justice.gov/opa/documents/gsk/off-label-agreement.pdf,https://web.archive.org/web/2012/http://www.justice.gov/opa/documents/gsk/off-label-agreement.pdf,raw/usa-doj-gsk-offlabel-settlement-2012.pdf,543ad893574d41c5caee80980d584277ff4aadfa45b4f52732a628f993d40280,GSK off-label civil settlement terms,"Scanned; read by OCR. It explicitly leaves the relators' share open ('This agreement does not cover the claims of any Relator to a share of the proceeds ... under 31 U.S.C. § 3730(d)'), so it cannot give the relator share. The Avandia and nominal-pricing agreements (same DOJ page) were also checked and do not state shares."
usa-doj-gsk-pr-2012,GlaxoSmithKline to Plead Guilty and Pay $3 Billion to Resolve Fraud Allegations and Failure to Report Safety Data,"U.S. Department of Justice, Office of Public Affairs",,government,USA,2012-07-02,2026-10-03,https://www.justice.gov/opa/pr/glaxosmithkline-plead-guilty-and-pay-3-billion-resolve-fraud-allegations-and-failure-report,https://web.archive.org/web/20230101054014/https://www.justice.gov/opa/pr/glaxosmithkline-plead-guilty-and-pay-3-billion-resolve-fraud-allegations-and-failure-report,raw/usa-doj-gsk-pr-2012.html,ba9efae7fda66261c286766646d459b4d4caf9b3b57997eecb4eb024e4213c03,GSK $3 billion criminal and civil resolution; four qui tam suits. Does not state the relators' share.,Copy taken from the Wayback Machine raw capture (id_) because justice.gov now serves a bot-check page to scripts; the capture is the original DOJ page.
usa-doj-gsk-sb-pharmco-pr-2010,GlaxoSmithKline to Plead Guilty & Pay $750 Million to Resolve Criminal and Civil Liability Regarding Manufacturing Deficiencies at Puerto Rico Plant,"U.S. Department of Justice, Office of Public Affairs",,government,USA,2010-10-26,2026-10-03,https://www.justice.gov/archives/opa/pr/glaxosmithkline-plead-guilty-pay-750-million-resolve-criminal-and-civil-liability-regarding,https://web.archive.org/web/20260526192840/https://www.justice.gov/archives/opa/pr/glaxosmithkline-plead-guilty-pay-750-million-resolve-criminal-and-civil-liability-regarding,raw/usa-doj-gsk-sb-pharmco-pr-2010.html,c7f22968f547f8f0539899d10d279c0a2573f6c19b2d8f5f44c243829dd8ea4c,SB Pharmco / GSK $750 million; Cheryl Eckard relator share,Copy taken from the Wayback Machine raw capture (id_) because justice.gov now serves a bot-check page to scripts; the capture is the original DOJ page.
usa-doj-pfizer-pr-2009,Justice Department Announces Largest Health Care Fraud Settlement in Its History,"U.S. Department of Justice, Office of Public Affairs",,government,USA,2009-09-02,2026-10-03,https://www.justice.gov/archives/opa/pr/justice-department-announces-largest-health-care-fraud-settlement-its-history,https://web.archive.org/web/20260913212500/https://www.justice.gov/archives/opa/pr/justice-department-announces-largest-health-care-fraud-settlement-its-history,raw/usa-doj-pfizer-pr-2009.html,0d3642d06a165c22c8df8411a50546f53163523725e5b4b5c84500a875942055,Pfizer $2.3 billion; six whistleblowers' payments,Copy taken from the Wayback Machine raw capture (id_) because justice.gov now serves a bot-check page to scripts; the capture is the original DOJ page.
usa-doj-pr-abbott-2012,Abbott Labs to Pay $1.5 Billion to Resolve Criminal & Civil Investigations of Off-label Promotion of Depakote,"U.S. Department of Justice, Office of Public Affairs",,government,USA,2012-05-07,2026-10-03,https://www.justice.gov/opa/pr/abbott-labs-pay-15-billion-resolve-criminal-civil-investigations-label-promotion-depakote,https://web.archive.org/web/20151226020917/http://www.justice.gov/opa/pr/abbott-labs-pay-15-billion-resolve-criminal-civil-investigations-label-promotion-depakote,raw/usa-doj-pr-abbott-2012.html,5cb9695749ed5f74eca6462e9cb70bbfbf5cd377dc41f2dcd9d80efaeff2572d,Settlement announcement incl. federal share and (where stated) the relator share.,"Copy in raw/ is the Wayback Machine capture (archive_url); justice.gov served a bot-check page to scripted requests, not bypassed."
usa-doj-pr-astrazeneca-2010,Pharmaceutical Giant AstraZeneca to Pay $520 Million for Off-label Drug Marketing,"U.S. Department of Justice, Office of Public Affairs",,government,USA,2010-04-27,2026-10-03,https://www.justice.gov/opa/pr/2010/April/10-civ-487.html,https://web.archive.org/web/20130112005300/http://www.justice.gov/opa/pr/2010/April/10-civ-487.html,raw/usa-doj-pr-astrazeneca-2010.html,70972fef20ac44fe4f605e1dedf6319c47c4ac7ac888352d962301de1efdb2d6,Settlement announcement incl. federal share and (where stated) the relator share.,"Copy in raw/ is the Wayback Machine capture (archive_url); justice.gov served a bot-check page to scripted requests, not bypassed."
usa-doj-pr-gsk-2012,GlaxoSmithKline to Plead Guilty and Pay $3 Billion to Resolve Fraud Allegations and Failure to Report Safety Data,"U.S. Department of Justice, Office of Public Affairs",,government,USA,2012-07-02,2026-10-03,https://www.justice.gov/opa/pr/glaxosmithkline-plead-guilty-and-pay-3-billion-resolve-fraud-allegations-and-failure-report,https://web.archive.org/web/20160102213338/http://www.justice.gov/opa/pr/glaxosmithkline-plead-guilty-and-pay-3-billion-resolve-fraud-allegations-and-failure-report,raw/usa-doj-pr-gsk-2012.html,0952feba9218fbcc794796964209e57990c1f3829938a14200e257fcc19a8b47,Settlement announcement incl. federal share and (where stated) the relator share.,"Copy in raw/ is the Wayback Machine capture (archive_url); justice.gov served a bot-check page to scripted requests, not bypassed."
usa-doj-pr-hca-2003,Largest Health Care Fraud Case in U.S. History Settled: HCA Investigation Nets Record Total of $1.7 Billion (#386),"U.S. Department of Justice, Office of Public Affairs",,government,USA,2003-06-26,2026-10-03,https://www.justice.gov/opa/pr/2003/June/03_civ_386.htm,https://web.archive.org/web/20101129163832/http://www.justice.gov/opa/pr/2003/June/03_civ_386.htm,raw/usa-doj-pr-hca-2003.html,1501e4f88481467342f8bdd70c023c3182e3cc48294ec8501ede89dad032f559,Settlement announcement incl. federal share and (where stated) the relator share.,"Copy in raw/ is the Wayback Machine capture (archive_url); justice.gov served a bot-check page to scripted requests, not bypassed."
usa-doj-pr-jnj-2013,Johnson & Johnson to Pay More Than $2.2 Billion to Resolve Criminal and Civil Investigations,"U.S. Department of Justice, Office of Public Affairs",,government,USA,2013-11-04,2026-10-03,https://www.justice.gov/opa/pr/johnson-johnson-pay-more-22-billion-resolve-criminal-and-civil-investigations,https://web.archive.org/web/20160102233734/http://www.justice.gov/opa/pr/johnson-johnson-pay-more-22-billion-resolve-criminal-and-civil-investigations,raw/usa-doj-pr-jnj-2013.html,f8ea9487e4d7ed75b1ce91e9f32e1c5955b18af670c673af4ac34d059dfc7511,Settlement announcement incl. federal share and (where stated) the relator share.,"Copy in raw/ is the Wayback Machine capture (archive_url); justice.gov served a bot-check page to scripted requests, not bypassed."
usa-doj-pr-lilly-2009,Eli Lilly and Company Agrees to Pay $1.415 Billion to Resolve Allegations of Off-label Promotion of Zyprexa (#09-038),"U.S. Department of Justice, Office of Public Affairs",,government,USA,2009-01-15,2026-10-03,https://www.justice.gov/archive/opa/pr/2009/January/09-civ-038.html,https://web.archive.org/web/20141227231139/http://www.justice.gov/archive/opa/pr/2009/January/09-civ-038.html,raw/usa-doj-pr-lilly-2009.html,f9e11cef1bea5192694be7d4e1b015e42489cb1177b949055a35db42efc9569f,Settlement announcement incl. federal share and (where stated) the relator share.,"Copy in raw/ is the Wayback Machine capture (archive_url); justice.gov served a bot-check page to scripted requests, not bypassed."
usa-doj-pr-pfizer-2009,Justice Department Announces Largest Health Care Fraud Settlement in Its History (Pfizer to Pay $2.3 Billion for Fraudulent Marketing),"U.S. Department of Justice, Office of Public Affairs",,government,USA,2009-09-02,2026-10-03,https://www.justice.gov/opa/pr/justice-department-announces-largest-health-care-fraud-settlement-its-history,https://web.archive.org/web/20151231134229/http://www.justice.gov/opa/pr/justice-department-announces-largest-health-care-fraud-settlement-its-history,raw/usa-doj-pr-pfizer-2009.html,a38cba867d3e72d751b3955607df21072ce69dab441c6f5670b8c50b7e5342a6,Settlement announcement incl. federal share and (where stated) the relator share.,"Copy in raw/ is the Wayback Machine capture (archive_url); justice.gov served a bot-check page to scripted requests, not bypassed."
usa-doj-pr-wyeth-2016,Wyeth and Pfizer Agree to Pay $784.6 Million to Resolve Lawsuit Alleging That Wyeth Underpaid Drug Rebates to Medicaid,"U.S. Department of Justice, Office of Public Affairs",,government,USA,2016-04-27,2026-10-03,https://www.justice.gov/opa/pr/wyeth-and-pfizer-agree-pay-7846-million-resolve-lawsuit-alleging-wyeth-underpaid-drug-rebates,https://web.archive.org/web/20170629095529/https://www.justice.gov/opa/pr/wyeth-and-pfizer-agree-pay-7846-million-resolve-lawsuit-alleging-wyeth-underpaid-drug-rebates,raw/usa-doj-pr-wyeth-2016.html,e7439e3c2b6f3123eecb39d3e0bf8f094b9e28d5ae6585d8af00488023e5196e,Settlement announcement incl. federal share and (where stated) the relator share.,"Copy in raw/ is the Wayback Machine capture (archive_url); justice.gov served a bot-check page to scripted requests, not bypassed."
usa-doj-swiss-bank-final-npa-pr-2016,Justice Department Announces Final Swiss Bank Program Category 2 Resolution with HSZH Verwaltungs AG,"U.S. Department of Justice, Office of Public Affairs",,government,USA,2016-01-27,2026-10-03,https://www.justice.gov/opa/pr/justice-department-announces-final-swiss-bank-program-category-2-resolution-hszh-verwaltungs,https://web.archive.org/web/20221230023234/https://www.justice.gov/opa/pr/justice-department-announces-final-swiss-bank-program-category-2-resolution-hszh-verwaltungs,raw/usa-doj-swiss-bank-final-npa-pr-2016.html,dcef75babfb9a44a1f966153aaa3c4d0f2e622639b3cb0ba1af1a40d8b159f57,"Swiss Bank Program totals: 80 banks, more than $1.36 billion in penalties",Copy taken from the Wayback Machine raw capture (id_) because justice.gov now serves a bot-check page to scripts; the capture is the original DOJ page.
usa-doj-swiss-bank-program-page-2025,Swiss Bank Program,"U.S. Department of Justice, Tax Division",,government,USA,2025-09-25,2026-10-03,https://www.justice.gov/archives/tax/swiss-bank-program,https://web.archive.org/web/20260714170838/https://www.justice.gov/archives/tax/swiss-bank-program,raw/usa-doj-swiss-bank-program-page-2025.html,06c60905aafcb2501e0bc871cd1a269b5744324ee8f6eb3abd3f377da414d67d,"Programme terms and the list of non-prosecution agreements (2015-2020, incl. addenda)","Archived DOJ page ('Updated September 25, 2025'). Copy taken from the Wayback Machine raw capture (id_) because justice.gov now serves a bot-check page to scripts; the capture is the original DOJ page."
usa-doj-ubs-dpa-2009,UBS Enters into Deferred Prosecution Agreement (Justice Department press release 09-tax-136),U.S. Department of Justice,,government,USA,2009-02-18,2026-10-03,https://www.justice.gov/archives/opa/pr/ubs-enters-deferred-prosecution-agreement,https://web.archive.org/web/2009id_/http://www.justice.gov/opa/pr/2009/February/09-tax-136.html,raw/usa-doj-ubs-dpa-2009.html,6bc47205e60313f37ecf8fa4f504273a899cddf045ecb50420cd3d47c8f40567,UBS deferred prosecution agreement (reportedly $780 million).,download blocked (justice.gov returned a bot-check interstitial); nothing read or quoted from it. Stored copy from the Wayback Machine (https://web.archive.org/web/2009id_/http://www.justice.gov/opa/pr/2009/February/09-tax-136.html); the official site blocks scripted downloads.
usa-doj-ubs-dpa-pr-2009,UBS Enters into Deferred Prosecution Agreement,"U.S. Department of Justice, Office of Public Affairs",,government,USA,2009-02-18,2026-10-03,https://www.justice.gov/opa/pr/ubs-enters-deferred-prosecution-agreement,https://web.archive.org/web/20230207113118/https://www.justice.gov/opa/pr/ubs-enters-deferred-prosecution-agreement,raw/usa-doj-ubs-dpa-pr-2009.html,e766de236b4ddf76573bcf7165a9209c0ed2127c1a14744e731a04c9fc8a0815,"UBS DPA, $780 million payment, Birkenfeld guilty plea June 2008",Copy taken from the Wayback Machine raw capture (id_) because justice.gov now serves a bot-check page to scripts; the capture is the original DOJ page.
usa-doj-wells-fargo-pr-2020,Wells Fargo Agrees to Pay $3 Billion to Resolve Criminal and Civil Investigations into Sales Practices Involving the Opening of Millions of Accounts without Customer Authorization,"U.S. Department of Justice, Office of Public Affairs",,government,USA,2020-02-21,2026-10-03,https://www.justice.gov/opa/pr/wells-fargo-agrees-pay-3-billion-resolve-criminal-and-civil-investigations-sales-practices,https://web.archive.org/web/20221228140831/https://www.justice.gov/opa/pr/wells-fargo-agrees-pay-3-billion-resolve-criminal-and-civil-investigations-sales-practices,raw/usa-doj-wells-fargo-pr-2020.html,7c95d01d2b4b2b8d4f760225f7d8e8cd9fef0bd4c01dff464d9325b8b8477e9b,Wells Fargo $3 billion DPA/FIRREA/SEC resolution,Copy taken from the Wayback Machine raw capture (id_) because justice.gov now serves a bot-check page to scripts; the capture is the original DOJ page.
usa-dol-osha-wells-fargo-pr-2017,"OSHA orders Wells Fargo to reinstate whistleblower, fully restore lost earnings in banking industry","U.S. Department of Labor, OSHA",,government,USA,2017-04-03,2026-10-03,https://www.dol.gov/newsroom/releases/osha/osha20170403,https://web.archive.org/web/20230929195726/https://www.dol.gov/newsroom/releases/osha/osha20170403,raw/usa-dol-osha-wells-fargo-pr-2017.html,c1671cc9af44548d9aacbc1aeb27226b22c5902bc208398e4af9578159eb6a40,"SOX retaliation order against Wells Fargo, about $5.4 million",dol.gov returned 403 to scripts; copy from the Wayback Machine raw capture.
usa-ecfr-17cfr165-2026,"17 CFR Part 165, Whistleblower Rules (CFTC), eCFR as of 2026-09-01",Office of the Federal Register (eCFR),,legislation,USA,2026-09-01,2026-10-03,https://www.ecfr.gov/api/versioner/v1/full/2026-09-01/title-17.xml?part=165,,raw/usa-ecfr-17cfr165-2026.xml,e3107979a597950bfa1bfac15162772a2fd3a909d39e518da9264551e81a19b7,Current text of CFTC whistleblower rules,"Amendment citations: 76 FR 53200 (Aug. 25, 2011), 82 FR 24487 (May 30, 2017), 89 FR 71820 (Sept. 4, 2024)."
usa-ecfr-17cfr240-21f-2026,"17 CFR 240.21F-1 to 21F-18, Securities Whistleblower Incentives and Protections (Regulation 21F), eCFR as of 2026-09-01",Office of the Federal Register (eCFR),,legislation,USA,2026-09-01,2026-10-03,https://www.ecfr.gov/api/versioner/v1/full/2026-09-01/title-17.xml?part=240&subject_group=ECFR821bdfb7bc8017f,,raw/usa-ecfr-17cfr240-21f-2026.xml,54b5674546ada20aeee9d3b80a0efd83bb64be0c2c79be1c26653cde9b97c609,Current text of SEC whistleblower rules incl. 2020 and 2022 amendments,"Point-in-time text; amendment citations: 76 FR 34363 (June 13, 2011), 85 FR 70943 (Nov. 5, 2020), 87 FR 54150 (Sept. 2, 2022)."
usa-ecfr-26cfr301-7623-1-2026,"26 CFR § 301.7623-1 General rules, submitting information on underpayments of tax or violations of the internal revenue laws, and filing claims for award (eCFR, current as of 1 Oct 2026)",Office of the Federal Register (eCFR),,legislation,USA,2014-08-12,2026-10-03,https://www.ecfr.gov/current/title-26/chapter-I/subchapter-F/part-301/subject-group-ECFR4bd1c3b2d0ff5e0/section-301.7623-1,,raw/usa-ecfr-26cfr301-7623-1-2026.xml,2217bef80d007eeb16b333f8f48b4a149024032d64049e000708c42b538dbb86,"Filing rules: Form 211, penalty-of-perjury declaration.","Downloaded via eCFR versioner API (XML), point-in-time 2026-10-01. T.D. 9687, 79 FR 47264."
usa-ecfr-26cfr301-7623-2-2026,"26 CFR § 301.7623-2 Definitions (eCFR, current as of 1 Oct 2026)",Office of the Federal Register (eCFR),,legislation,USA,2014-08-12,2026-10-03,https://www.ecfr.gov/current/title-26/part-301/section-301.7623-2,,raw/usa-ecfr-26cfr301-7623-2-2026.xml,5b973b5579fc2bbe296679ecf6d0623901ce756a7f9bfa8fecde2e437c35278b,Definitions incl. amount in dispute and gross income thresholds.,"Regulation text still says ""tax, penalties, interest, additions to tax, and additional amounts in dispute exceed $2,000,000"" (pre-2018 wording). T.D. 9687, 79 FR 47266."
usa-ecfr-26cfr301-7623-4-2026,"26 CFR § 301.7623-4 Amount and payment of award (eCFR, current as of 1 Oct 2026)",Office of the Federal Register (eCFR),,legislation,USA,2014-08-12,2026-10-03,https://www.ecfr.gov/current/title-26/part-301/section-301.7623-4,,raw/usa-ecfr-26cfr301-7623-4-2026.xml,a04620b8a921bd2ea56383d3377ffc6bf553724dc6c9a64097ff78f727dd0e09,"Award percentage framework (15/22/30, reductions to 26/22/18/15), less-substantial-contribution awards, payment timing.","T.D. 9687, 79 FR 47270. Applies to information submitted on or after 12 Aug 2014 and open 7623(b) claims."
usa-fincen-cj-fy2025,FinCEN Congressional Budget Justification and Annual Performance Plan and Report FY 2025,Financial Crimes Enforcement Network,,government,USA,2024,2026-10-03,https://home.treasury.gov/system/files/266/12.-FinCEN-FY-2025-CJ.pdf,,raw/usa-fincen-cj-fy2025.pdf,aa7e2b36206d5b44c8becc6e03b83a4fcc88e0bf95319b13ac4b0643102a6fc2,"Describes the Office of the Whistleblower, the $300 million Financial Integrity Fund and plans; says tips were reviewed in FY2023 but gives no counts.",Cited by the NPRM (footnote 91). No whistleblower statistics.
usa-fincen-pr-nprm-2026,FinCEN Proposes Rule to Pay Whistleblowers (press release),Financial Crimes Enforcement Network,,government,USA,2026-03-30,2026-10-03,https://www.fincen.gov/news/news-releases/fincen-proposes-rule-pay-whistleblowers,,raw/usa-fincen-pr-nprm-2026.html,bb5031bb0d1cfcf8b607dd5a1778ad9db3d8cbf3c0af03db24a57fad346102dd,Announcement of the NPRM; proposed 10-30 percent awards; programme currently accepting tips; new portal.,
usa-fincen-wb-bulletin-fraud-2026,FinCEN Whistleblower Bulletin: Blow the Whistle on Fraud-Related AML and Sanctions Violations,Financial Crimes Enforcement Network,,government,USA,2026-02-13,2026-10-03,https://www.fincen.gov/system/files/2026-02/owb-whistleblower-bulletin.pdf,,raw/usa-fincen-wb-bulletin-fraud-2026.pdf,bcde69e3896eea35cdd73c513d92b5eef5cdff1af56a5921bc340e8c01a61fc7,Outreach bulletin asking for fraud-related BSA/sanctions tips. No statistics.,Date from the Program Updates page.
usa-fincen-wb-bulletin-iran-2026,FinCEN Whistleblower Bulletin: Blow the Whistle on Iran-Related Illicit Finance,Financial Crimes Enforcement Network,,government,USA,2026-09-10,2026-10-03,https://www.fincen.gov/system/files/2026-09/Iran-FinCEN-WB-Bulletin-RE-Iran.pdf,,raw/usa-fincen-wb-bulletin-iran-2026.pdf,28eeb6cd9dd1177fde952f7bc3cf3f0d30d5684e2c37ecb275d4d815a9816a1b,Outreach bulletin asking for Iran-related tips. No statistics.,Date from the Program Updates page.
usa-fincen-wb-nprm-2026,"Whistleblower Incentives and Protections (Notice of proposed rulemaking), 91 FR 16328","Financial Crimes Enforcement Network, U.S. Department of the Treasury",,government,USA,2026-04-01,2026-10-03,https://www.govinfo.gov/content/pkg/FR-2026-04-01/pdf/2026-06271.pdf,,raw/usa-fincen-wb-nprm-2026.pdf,d741d177c685f28a347b3ef73b03d90e68f793bf3d03836b706b26c60e15ff04,Proposed rules for the AML/sanctions whistleblower programme; Table 3 and Table 4 give tips received (new and supplemental) and award applications by calendar year 2021-2024 with a 2025 projection; cost estimates.,"Federal Register document 2026-06271, RIN 1506-AB57. Tables 3 and 4 (PDF pp. 24-25) are images, so their figures were read from the rendered page and will not be found by text search. Locations give the PDF page and the Federal Register page."
usa-fincen-wb-page-2026,Whistleblower Program (web page),Financial Crimes Enforcement Network,,government,USA,2026,2026-10-03,https://www.fincen.gov/whistleblower-program,,raw/usa-fincen-wb-page-2026.html,8e07ef10cb8e2910e0de0ce0314ceaf6be6f4de9e370cfb9e68098091fa6f6f4,"Programme page: covered statutes, $1,000,000 threshold, statement that awards will be paid only once the regulation is final.","Undated page, accessed 2026-10-03; mentions the 1 April 2026 NPRM."
usa-fincen-wb-updates-2026,Whistleblower Program: Program Updates (web page),Financial Crimes Enforcement Network,,government,USA,2026,2026-10-03,https://www.fincen.gov/whistleblower-program/program-updates,,raw/usa-fincen-wb-updates-2026.html,af9b66f09286576f4aa5cc3830f611b1006d034285ae21278efaabd0ba457f64,"List of programme bulletins, press releases and rulemakings with dates (2026).",
usa-flmd-zafirov-order-2024,"United States ex rel. Zafirov v. Florida Medical Associates, LLC, No. 8:19-cv-01236-KKM-SPF, Order (Doc. 346)","U.S. District Court, Middle District of Florida",Judge Kathryn Kimball Mizelle,court,USA,2024-09-30,2026-10-03,https://storage.courtlistener.com/recap/gov.uscourts.flmd.364103/gov.uscourts.flmd.364103.346.0.pdf,,raw/usa-flmd-zafirov-order-2024.pdf,02aa4ed13689c78340c55b1614078255bb4f023393ba51f1ec62a993140a9086,Order holding the FCA qui tam provision violates the Appointments Clause and dismissing the relator's case; reported at 751 F. Supp. 3d 1293.,PACER copy via CourtListener RECAP archive.
usa-gao-11-683,Tax Whistleblowers: Incomplete Data Hinders IRS's Ability to Manage Claim Processing Time and Enhance External Communication (GAO-11-683),U.S. Government Accountability Office,,government,USA,2011-08-10,2026-10-03,https://www.gao.gov/products/gao-11-683,https://web.archive.org/web/2026id_/https://www.gao.gov/assets/gao-11-683.pdf,raw/usa-gao-11-683.pdf,543718086b55e84d00df2a385db37daa958e5be11a4a6b294e181afa154f3b41,Status of 7623(b) claims from FY2007-2008 as of April 2011.,download blocked (gao.gov returned HTTP 403 to curl). Quotes taken from the product page highlights via WebFetch; check against the PDF. Stored copy from the Wayback Machine (https://web.archive.org/web/2026id_/https://www.gao.gov/assets/gao-11-683.pdf); the official site blocks scripted downloads.
usa-gao-16-20,"IRS Whistleblower Program: Billions Collected, but Timeliness and Communication Concerns May Discourage Whistleblowers (GAO-16-20)",U.S. Government Accountability Office,,government,USA,2015-10-29,2026-10-03,https://www.gao.gov/products/gao-16-20,https://web.archive.org/web/2026id_/https://www.gao.gov/assets/gao-16-20.pdf,raw/usa-gao-16-20.pdf,321f582f58857ccf4d7c2f757636dc581697e60ed575bc4f039332d81eca34ba,Awards by subsection FY2011 to 30 June 2015; award errors in 17 paid 7623(b) files.,download blocked (HTTP 403). Figures quoted from the product page via WebFetch; verify against the PDF. Stored copy from the Wayback Machine (https://web.archive.org/web/2026id_/https://www.gao.gov/assets/gao-16-20.pdf); the official site blocks scripted downloads.
usa-gao-18-279-2018,Combating Wildlife Trafficking: Opportunities Exist to Improve the Use of Financial Rewards (GAO-18-279),U.S. Government Accountability Office,,government,USA,2018-04-23,2026-10-04,https://www.gao.gov/products/gao-18-279,,raw/usa-gao-18-279-2018.pdf,fc5bad2b6e1d4b2edcd2c21b25ddc332cd4d4ff3db707d8cc93ad52d36e44943,"FWS and NOAA rewards for wildlife-trafficking information, FY2007-FY2017.",scripted download blocked: gao.gov returned HTTP 403 to curl; the 'What GAO Found' summary was read via WebFetch. PDF at https://www.gao.gov/assets/gao-18-279.pdf. Stored copy saved through a browser on 2026-10-04 (the site blocks scripted downloads).
usa-gao-18-698,Whistleblower Program: IRS Needs to Improve Data Controls for Some Award Determinations (GAO-18-698),U.S. Government Accountability Office,,government,USA,2018-09-28,2026-10-03,https://www.gao.gov/products/gao-18-698,https://web.archive.org/web/2026id_/https://www.gao.gov/assets/gao-18-698.pdf,raw/usa-gao-18-698.pdf,4e352d398002e4691130d3ff76d8fe936f703872b8ec64c879de4f56c9e5dede,FBAR penalties in whistleblower claims before the 2018 change; cumulative collections.,download blocked (HTTP 403). Publicly released 29 Oct 2018. Quotes via WebFetch of the product page. Stored copy from the Wayback Machine (https://web.archive.org/web/2026id_/https://www.gao.gov/assets/gao-18-698.pdf); the official site blocks scripted downloads.
usa-hhsoig-state-fca-reviews-2026,State False Claims Act Reviews,"U.S. Department of Health and Human Services, Office of Inspector General",,government,USA,2026,2026-10-03,https://oig.hhs.gov/fraud/state-false-claims-act-reviews/,,raw/usa-hhsoig-state-fca-reviews-2026.html,141a9a9fb315ee52d1979a829e64ed6c8174a2d3b616e9adb0819110f4c84e84,"List of state false claims acts reviewed by HHS-OIG for the Social Security Act section 1909 incentive: 24 approved, 5 states not approved (with review dates).",Covers only states that submitted their Medicaid false claims laws for review; it is not a complete list of state false claims acts (e.g. DC and states that never applied are absent).
usa-house-rpt-119-370-2025,"H. Rept. 119-370, Kleptocracy Asset Recovery Rewards Program Act (to accompany H.R. 5344)","U.S. House of Representatives, Committee on Financial Services",,legislation,USA,2025-11-04,2026-10-03,https://www.congress.gov/119/crpt/hrpt370/CRPT-119hrpt370.pdf,,raw/usa-house-rpt-119-370-2025.pdf,89c0ac78c74a89984f3687e6c435d2e798112367d9153ecf2babd3547a7d4968,"History of the KARRP pilot (launched March 2022, lapsed 1 Jan 2024) and the bill to re-establish it.",
usa-ilag-pr-fca-amended-2010,Madigan Heralds Newly Strengthened False Claims Act,Illinois Attorney General,,government,USA,2010-07-28,2026-10-05,https://illinoisattorneygeneral.gov/News-Room/2006-2018-Press-Archive/201007-28%20NEWLY%20STRENGTHENED%20FALSE%20CLAIMS%20ACT.pdf,,raw/usa-ilag-pr-fca-amended-2010.pdf,10f302bd5e93a8f39cec271104dde2786a6dacab8d3a8a4007e8f9e557d4f3a1,Enactment of HB 5951 amending the Illinois False Claims Act,Archive PDF printed from the AG website in 2023; no recovery figures.
usa-irs-wbo-ar-fy2008,"IRS Whistleblower Program Annual Report to the Congress Fiscal Year 2008 (Publication 5241, Rev. 8-2009)",Internal Revenue Service,,government,USA,2009-08,2026-10-03,https://www.irs.gov/pub/irs-prior/p5241--2009.pdf,,raw/usa-irs-wbo-ar-fy2008.pdf,b8187d4dc50e1b1d3e33f0c5ee93fb612600c607589f4ee2ce52b6ab28d253e2,FY2008: 7623(b)-qualifying submissions and taxpayers by month; awards paid and collections FY2004-FY2008 (all under 7623(a)).,
usa-irs-wbo-ar-fy2009,"IRS Whistleblower Program Fiscal Year 2009 Annual Report to Congress on the Use of Section 7623 (Publication 5241, Rev. 12-2010)",Internal Revenue Service,,government,USA,2010-12,2026-10-03,https://www.irs.gov/pub/irs-prior/p5241--2010.pdf,,raw/usa-irs-wbo-ar-fy2009.pdf,50cfd55b67acdff37f25dc47b1f0d19d2fa523c2788aafd6d3d3612bda8d9eb7,FY2009: 7623(b) submissions and taxpayers by month; 7623(a) awards and collections FY2005-FY2009.,
usa-irs-wbo-ar-fy2010,IRS Whistleblower Program Fiscal Year 2010 Report to the Congress on the Use of Section 7623 (Publication 5241),Internal Revenue Service,,government,USA,2011,2026-10-03,https://www.irs.gov/pub/irs-prior/p5241--2011.pdf,,raw/usa-irs-wbo-ar-fy2010.pdf,8371cb29815ed28148d92a6021a2fda95a66e4fe7c36ab2f679575159c61ca9a,FY2010: 7623(b) submissions and taxpayers by fiscal year FY2007-FY2010 (revised); 7623(a) awards and collections FY2006-FY2010.,"Footnote 12: 7623(b) counts are revised each year as classification changes, so earlier reports do not match."
usa-irs-wbo-ar-fy2011,IRS Whistleblower Program Fiscal Year 2011 Report to the Congress on the Use of Section 7623 (Publication 5241),Internal Revenue Service,,government,USA,2012,2026-10-03,https://www.irs.gov/pub/irs-prior/p5241--2012.pdf,,raw/usa-irs-wbo-ar-fy2011.pdf,7b025448185791223c32422039245bbee8b69bf58f5fecea1c787d2c2775b0d1,FY2011: first 7623(b) awards paid; 7623(b) submissions FY2007-2011 (revised); open 7623(b) claims by status and days in status; awards and collections FY2007-2011.,From this report the award table covers 7623(a) and (b) combined; 7623(b) awards were too few to report separately.
usa-irs-wbo-ar-fy2012,IRS Whistleblower Program Fiscal Year 2012 Report to the Congress on the Use of Section 7623 (Publication 5241),Internal Revenue Service,,government,USA,2013,2026-10-03,https://www.irs.gov/pub/irs-prior/p5241--2013.pdf,,raw/usa-irs-wbo-ar-fy2012.pdf,37bbd4c093a642a3256cb4323db67bdefc17231670812968efbb1569ad574b92,FY2012: 7623(b) submissions FY2007-2012; open 7623(b) claims by status (10 Dec 2012); days in status; awards and collections FY2008-2012; confirmation of the $104 million award of 27 Aug 2012.,
usa-irs-wbo-ar-fy2013,IRS Whistleblower Program Fiscal Year 2013 Report to the Congress on the Use of Section 7623 (Publication 5241),Internal Revenue Service,,government,USA,2014,2026-10-03,https://www.irs.gov/pub/irs-prior/p5241--2014.pdf,,raw/usa-irs-wbo-ar-fy2013.pdf,1e457a0773c8af5b12ee8a13dbde078b24f19bb2a6527025bd7c9a22df85dc93,FY2013: claims received and open by year of receipt (pre-2007 to 2013); FY2013 receipts by operating division and claim type; FY2013 closures by reason; open 7623(b) claims (6 Mar 2014); awards paid FY2009-2013.,"From this report claims are counted per taxpayer identified (a submission naming 100 taxpayers = 100 claims). The text says $55 million in awards; the table says $53,054,302."
usa-irs-wbo-ar-fy2014,IRS Whistleblower Program Fiscal Year 2014 Annual Report to the Congress (Publication 5241),Internal Revenue Service,,government,USA,2015,2026-10-03,https://www.irs.gov/pub/irs-prior/p5241--2015.pdf,,raw/usa-irs-wbo-ar-fy2014.pdf,d217cd4833a0938dbaabd81fb9ced99486e86522784561815d9eff1eeaa5a5d8,"FY2014: all claims received and open, FY2010-2014 (as of 14 May 2015); FY2014 receipts by division; FY2014 closures by reason; open 7623(b) claims; awards paid FY2010-2014.",Award amounts in the table for FY2014 are before sequestration.
usa-irs-wbo-ar-fy2015,"IRS Whistleblower Program Fiscal Year 2015 Annual Report to the Congress (Publication 5241, Rev. 2-2016)",Internal Revenue Service,,government,USA,2016-02,2026-10-03,https://www.irs.gov/pub/irs-prior/p5241--2016.pdf,,raw/usa-irs-wbo-ar-fy2015.pdf,ad7399fa7176f8da8b75af18cdb6016485e3098e01d08d6791bb1b2505149282,FY2013-2015: awards paid and collections (revised); average days to process paid claims by 7623(a)/(b); claims received/open/closed; open claims by phase; FY2015 closures by reason. Cumulative awards and collections since 2007.,First report on a strict Oct-Sep three-year basis; FY2013 figures revised as of 30 Sep 2015 (footnote 5).
usa-irs-wbo-ar-fy2016,IRS Whistleblower Program Fiscal Year 2016 Annual Report to the Congress (Publication 5241),Internal Revenue Service,,government,USA,2017,2026-10-03,https://www.irs.gov/pub/irs-prior/p5241--2017.pdf,,raw/usa-irs-wbo-ar-fy2016.pdf,6d4fd12814aea1f22fb1c10e9f8306ca3db7502fb635e1b14118f74aad9783c8,FY2014-2016 awards and collections; 7623(b) award counts; processing days; FY2016 receipts by division; claims received/open/closed; open claims by phase; FY2016 closures by reason with days from receipt to closure.,
usa-irs-wbo-ar-fy2017,IRS Whistleblower Program Fiscal Year 2017 Annual Report to the Congress (Publication 5241),Internal Revenue Service,,government,USA,2018,2026-10-03,https://www.irs.gov/pub/irs-prior/p5241--2018.pdf,,raw/usa-irs-wbo-ar-fy2017.pdf,7a2e7ebe97489f97f841c89f087e7b30b0ae20582db3cf1be755f0f4e1a42120,FY2015-2017 awards and collections; processing days; FY2017 receipts by division; claims issued/open/closed; open claims by phase; FY2017 closures by reason with average days.,
usa-irs-wbo-ar-fy2018,IRS Whistleblower Program Fiscal Year 2018 Annual Report to the Congress (Publication 5241),Internal Revenue Service,,government,USA,2019,2026-10-03,https://www.irs.gov/pub/irs-prior/p5241--2019.pdf,,raw/usa-irs-wbo-ar-fy2018.pdf,a789486ffdbaa49f56c7204fed670430c211b11a0cc8cc0c6f21bc6db420c1a7,"FY2016-2018 awards and collections (record FY2018, incl. non-Title 26 proceeds after BBA 2018); processing days; FY2018 receipts by division; claims referred to examination; claims issued/open/closed; FY2018 closures by reason.",
usa-irs-wbo-ar-fy2019,"IRS Whistleblower Program Fiscal Year 2019 Annual Report to Congress (Publication 5241, Rev. 2-2020)",Internal Revenue Service,,government,USA,2020-02-03,2026-10-03,https://www.irs.gov/pub/irs-prior/p5241--2020.pdf,,raw/usa-irs-wbo-ar-fy2019.pdf,780ea488822cbefe05c7fa5f00e79eac649405744f056cb7518b69ad0dbc8f95,FY2017-2019 awards and collections; processing days; FY2019 receipts by division; referrals to examination; claims issued/open/closed; whistleblowers abroad; FY2019 closures by reason.,"Extracted from the PDF portfolio p5241--2020.pdf, which holds both the FY2019 (Rev. 2-2020) and FY2020 (Rev. 12-2020) reports; the irs.gov archive page links the FY2019 entry to this portfolio. Figure 2 revised 3 Feb 2020."
usa-irs-wbo-ar-fy2020,"IRS Whistleblower Office Fiscal Year 2020 Annual Report to Congress (Publication 5241, Rev. 12-2020)",Internal Revenue Service,,government,USA,2020-12,2026-10-03,https://www.irs.gov/pub/irs-prior/p5241--2020.pdf,,raw/usa-irs-wbo-ar-fy2020.pdf,dc75ca398c6860a42efbb78ddc7e99bcc76229d3304ab1936a40e83a9094e9c3,FY2018-2020 awards and collections; processing years by claim type; FY2020 receipts by division; referrals; claims issued/open/closed; hotline calls; whistleblowers by region; FY2020 closures by reason.,Extracted from the PDF portfolio p5241--2020.pdf (embedded file p5241--2020-12-00.pdf). Two printed pages per PDF page; locations are PDF pages. Figure 2 day counts are graphics; only the years labels are in the text layer.
usa-irs-wbo-ar-fy2021,"IRS Whistleblower Office Fiscal Year 2021 Annual Report to Congress (Publication 5241, Rev. 12-2021)",Internal Revenue Service,,government,USA,2022,2026-10-03,https://www.irs.gov/pub/irs-prior/p5241--2021.pdf,,raw/usa-irs-wbo-ar-fy2021.pdf,a0aa94b457159de4febbf50449e75553a15eb157bb647431c35042e804cfb05e,FY2021 only: awards and collections split by 7623(a)/(b); payment timeliness and years from claim to payment; top allegations; Taxpayer First Act disclosures; receipts by division; referrals; claims issued/open/closed FY2019-2021; whistleblowers by region; closures by reason.,"Despite the Rev. 12-2021 label, the Director message mentions 9 May 2022, so it was published in 2022. Two printed pages per PDF page; locations are PDF pages. From this year Table 1 covers one year only, split by subsection."
usa-irs-wbo-ar-fy2022,IRS Whistleblower Office Fiscal Year 2022 Annual Report to Congress (Publication 5241),Internal Revenue Service,,government,USA,2023,2026-10-03,https://www.irs.gov/pub/irs-prior/p5241--2023.pdf,,raw/usa-irs-wbo-ar-fy2022.pdf,d6d6cd26f2832bf87419cc629ef4fd1384555be6e7e317aeef045ac2a29c25d2,FY2022: awards and collections by 7623(a)/(b); years from claim to payment; payment timeliness; submissions and claims built; top allegations; TFA disclosures; whistleblowers by region; open claims by phase and subsection; closures by reason.,No non-Title 26 split and no referral-to-field table this year. The archive page labels this file the FY2022 report.
usa-irs-wbo-ar-fy2023,IRS Whistleblower Office Annual Report to Congress Fiscal Year 2023 (Publication 5241),Internal Revenue Service,,government,USA,2024,2026-10-03,https://www.irs.gov/pub/irs-prior/p5241--2024.pdf,,raw/usa-irs-wbo-ar-fy2023.pdf,06b0bfc1cb03338d3cb398e471f0178d19450fb0208bbe1876099ac06f8a1bcc,FY2023: awards and collections by 7623(a)/(b); payment timeliness; submissions and claims built; top allegations; TFA disclosures; whistleblowers by US region and by continent; open claims by phase; closures by reason.,"Figure 4 (average years from claim to payment) has no numbers in the text layer; only the percentage changes (+0.4% for 7623(b), +5.9% for 7623(a)) are stated."
usa-irs-wbo-ar-fy2024,IRS Whistleblower Office Annual Report to Congress Fiscal Year 2024 (Publication 5241),Internal Revenue Service,,government,USA,2025,2026-10-03,https://www.irs.gov/pub/irs-pdf/p5241.pdf,,raw/usa-irs-wbo-ar-fy2024.pdf,3234d360e5b233a939e74b20f04c6753873af8502ba75646443f1ffacb495a90,FY2024: awards and collections by 7623(a)/(b); payment timeliness; submissions and claims built; TFA disclosures; whistleblowers by US region and continent; open claims by phase; closures by reason. Latest report on irs.gov as of Oct 2026.,Current-revision URL (/pub/irs-pdf/p5241.pdf) will be replaced when the FY2025 report is published. Figure 5 (years from claim to payment) has no numbers in the text layer.
usa-irs-wbo-first-report-2008,"IRS Whistleblower Program First Report to Congress (Publication 5241, 6-2008)",Internal Revenue Service,,government,USA,2008-06-24,2026-10-03,https://www.irs.gov/pub/irs-prior/p5241--2008.pdf,,raw/usa-irs-wbo-first-report-2008.pdf,7184740b380c0c76166be49da0d86fe35eb21e6a43a62a63bd9a5c80f3a2f5c0,"First 12 months of the Whistleblower Office (to 31 Jan 2008); table of informant claims received, awards paid and collections FY2003-FY2007 (pre-2006 law).",All FY2003-2007 awards paid under the old discretionary informant-reward policy. The irs.gov archive page links this report incorrectly; the file is at /pub/irs-prior/p5241--2008.pdf.
usa-irs-wbo-sequester-notice-fy2025,FY25 Sequestration Rate for Whistleblower Awards (IRS notice),Internal Revenue Service,,government,USA,2024-10,2026-10-03,https://www.irs.gov/pub/whistleblower/fy-2026-sequester-notice.pdf,,raw/usa-irs-wbo-sequester-notice-fy2025.pdf,d6e9dda955abb527c6d048d3dd11359b099e96b7b27dde9a386e30c61d64f4c3,Sequestration rate applied to award payments in FY2025.,"The file is named fy-2026-sequester-notice.pdf and linked from the Whistleblower Office page as the FY2026 notice, but its text states the FY2025 rate. Published date approximate."
usa-jurist-birkenfeld-2012,IRS awards $104 million to Swiss bank tax whistleblower,JURIST,Jerry Votava,media,USA,2012-09-11,2026-10-03,https://www.jurist.org/news/2012/09/irs-awards-104-million-to-swiss-bank-tax-whistleblower,,,,Identifies the 27 Aug 2012 $104 million award as Bradley Birkenfeld's.,News; not stored. Birkenfeld and his lawyers announced the award publicly.
usa-nhtsa-pr-first-wb-award-2021,NHTSA Makes Its First Ever Whistleblower Award (press release),National Highway Traffic Safety Administration,,government,USA,2021-11-09,2026-10-03,https://www.nhtsa.gov/press-releases/first-whistleblower-award,https://web.archive.org/web/20230102144731/https://www.nhtsa.gov/press-releases/first-whistleblower-award,raw/usa-nhtsa-pr-first-wb-award-2021.html,fdbceb8816e2cfada6e8a33fd3bfd948722e82a14d1c559fbd598e5f79c91d31,"First NHTSA award: more than $24 million, 30 percent of $81 million collected from Hyundai and Kia; combined penalties $210 million.",nhtsa.gov returns HTTP 403 to automated requests; the stored copy is the Wayback Machine capture of 2 Jan 2023 (no bot check bypassed).
usa-nhtsa-wb-award-2021-0001,"Whistleblower Award Determination, Whistleblower Award Request No. 2021-0001 (Hyundai RQ17-004 and Kia RQ17-003)",National Highway Traffic Safety Administration,,government,USA,2021-11-05,2026-10-03,https://www.nhtsa.gov/sites/nhtsa.gov/files/2022-02/whistleblower-decision-letter-RQ17-003-Kia-RQ17-004-Hyundai_web.pdf,https://web.archive.org/web/20231109153543/https://www.nhtsa.gov/sites/nhtsa.gov/files/2022-02/whistleblower-decision-letter-RQ17-003-Kia-RQ17-004-Hyundai_web.pdf,raw/usa-nhtsa-wb-award-2021-0001.pdf,67e74feb7b345950ecc947a32f5f5d75e9625f55300a8df1d2a40a4696490fe1,"Redacted award order: $24,300,000, the maximum 30 percent of civil penalties collected; amounts of the Hyundai and Kia consent orders.",Date 5 Nov 2021 from NHTSA's award-decision table (usa-nhtsa-wb-page-2026); the order itself is undated in the text layer. nhtsa.gov blocks automated downloads (403); stored copy is the Wayback Machine capture of 9 Nov 2023.
usa-nhtsa-wb-finalrule-2024,"Implementing the Whistleblower Provisions of the Vehicle Safety Act (Final rule), 89 FR 101952",National Highway Traffic Safety Administration,,government,USA,2024-12-17,2026-10-03,https://www.govinfo.gov/content/pkg/FR-2024-12-17/pdf/2024-29268.pdf,,raw/usa-nhtsa-wb-finalrule-2024.pdf,a152c4875d0605bd66fb22e732ec846d248c8ea15f6488f615b5119b336d5ba7,"Final 49 CFR Part 513 (effective 16 Jan 2025): anonymous filing via legal representative, 90-day claim deadline; approx. 300 submissions since 2015.",Federal Register document 2024-29268. The PDF also contains the start of an unrelated NOAA rule on its last page.
usa-nhtsa-wb-nprm-2023,"Implementing the Whistleblower Provisions of the Vehicle Safety Act (Proposed rule), 88 FR 23276",National Highway Traffic Safety Administration,,government,USA,2023-04-14,2026-10-03,https://www.govinfo.gov/content/pkg/FR-2023-04-14/pdf/2023-06894.pdf,,raw/usa-nhtsa-wb-nprm-2023.pdf,d2503466b2f0139b518eff5bcc651c1d63178afbfc961fc15ee11497efa56a71,Proposed 49 CFR Part 513; count of whistleblower submissions since 2015 (over 150); description of the first award.,Federal Register document 2023-06894.
usa-nhtsa-wb-page-2026,Whistleblower Program (web page),National Highway Traffic Safety Administration,,government,USA,2026,2026-10-03,https://www.nhtsa.gov/laws-regulations/whistleblower-program,https://web.archive.org/web/20260919000526/https://www.nhtsa.gov/laws-regulations/whistleblower-program,raw/usa-nhtsa-wb-page-2026.html,64a0e615dd55a3be1b557ed3255d0ee83a38aad6c689e199da24fa49ad5f5362,"Award-decision table (one decision, 11/5/2021, $24,300,000 (30%)); FAQ on 10-30 percent range.","nhtsa.gov blocks automated requests (403); stored copy is the Wayback Machine capture of 19 Sep 2026. The FAQ text still says there is no required form, which predates the 2025 rule, so parts of the page may be stale."
usa-nhtsa-wb-rule-2025,"Implementing the Whistleblower Provisions of the Vehicle Safety Act (Notification of enforcement discretion), 90 FR 11029",National Highway Traffic Safety Administration,,government,USA,2025-03-03,2026-10-03,https://www.govinfo.gov/content/pkg/FR-2025-03-03/pdf/2025-03355.pdf,,raw/usa-nhtsa-wb-rule-2025.pdf,876eb8c66c52601b5c0ebc41d6b79c095f62e5a8917ac03f747e8a47946d95ab,NHTSA will not enforce the final rule until 20 March 2025.,The PDF also contains an unrelated HHS policy statement on PDF p. 1.
usa-nyag-mfcu-fca-letters-2019-2021,"Annual reports of New York State False Claims Act recoveries by the Medicaid Fraud Control Unit, calendar years 2018-2020 (letters to the Legislature under State Finance Law 190-b, dated 15 Apr 2019, 11 May 2020 and 15 Apr 2021)","New York State Office of the Attorney General, Medicaid Fraud Control Unit",,government,USA,2021-04-15,2026-10-05,https://www.falseclaimsact.com/wp-content/uploads/2022/01/NY-AG-Reports.pdf,,raw/usa-nyag-mfcu-fca-letters-2019-2021.pdf,38c7023eb3be37a55d97f23e997ee30e1ca502d7ba11ab0fb2de6fdae7747922,"MFCU recoveries under the New York False Claims Act for 2018, 2019, 2020 and the extra share kept thanks to HHS-OIG approval","Official letters released under FOIL (stamp 'FOIL G000767-122121'), found only on a law-firm website (falseclaimsact.com, Tycko & Zavareei), not on ag.ny.gov. Reports for 2021 onward not found."
usa-nyag-nyfca-text-2018,"New York False Claims Act, State Finance Law Art. 13, §§187-194 (with amendments through 2018)",New York State Office of the Attorney General,,legislation,USA,2018-10,2026-10-05,https://ag.ny.gov/sites/default/files/pdfs/bureaus/whistleblowers/NYS_FALSE_CLAIMS_ACT.pdf,,raw/usa-nyag-nyfca-text-2018.pdf,72d58f3df84b8e436862c7f917cb5d9c974190c02d3021d20677883ccad9e007,Text of the New York False Claims Act including qui tam award shares (§190(6)),Unofficial compilation published by the Attorney General (PDF created Oct 2018); not the official consolidated law.
usa-pl-111-21-2009,"Public Law 111-21, Fraud Enforcement and Recovery Act of 2009 (FERA)",U.S. Congress (via govinfo),,legislation,USA,2009-05-20,2026-10-03,https://www.govinfo.gov/content/pkg/PLAW-111publ21/pdf/PLAW-111publ21.pdf,,raw/usa-pl-111-21-2009.pdf,7530136eb501923d96815507d0a01861d663e3c769ba1fc697daf03b496f9e96,"FERA, incl. section 4 amendments to the False Claims Act (31 U.S.C. 3729-3733).",
usa-pl-116-283-ndaa-fy2021,"Public Law 116-283, William M. (Mac) Thornberry National Defense Authorization Act for Fiscal Year 2021",U.S. Government Publishing Office,,legislation,USA,2021-01-01,2026-10-03,https://www.govinfo.gov/content/pkg/PLAW-116publ283/html/PLAW-116publ283.htm,,raw/usa-pl-116-283-ndaa-fy2021.htm,499516f34b0f3f1ffb9de0b0b2c5687f24b6a9e9b35bb9d66afc553e37b20350,"Contains the AML Act of 2020 (Division F) and the Kleptocracy Asset Recovery Rewards Act (Title XCVII, Subtitle A, sec. 9703; 134 Stat. 4834-4837).",Large file (5.5 MB HTML). The HTML escapes angle brackets (&lt;&lt;NOTE...&gt;&gt;); quotes avoid those markers.
usa-pl-99-562-1986,"Public Law 99-562, False Claims Amendments Act of 1986 (100 Stat. 3153)",U.S. Congress (via govinfo),,legislation,USA,1986-10-27,2026-10-03,https://www.govinfo.gov/content/pkg/STATUTE-100/pdf/STATUTE-100-Pg3153.pdf,,raw/usa-pl-99-562-1986.pdf,72c987e754226dcbe808105b4bec77cc843002c4205ce241ca44739f155b9c81,Enacted text of the 1986 amendments incl. the 15-25% / 25-30% / 10% relator shares and the original public-disclosure jurisdictional bar.,Scanned Statutes at Large; OCR text has minor errors. Another agent stored the same file as raw/usa-congress-pl99-562-1986.pdf.
usa-scotus-digital-realty-2018,"Digital Realty Trust, Inc. v. Somers, No. 16-1276, 583 U.S. ___ (2018) (slip opinion)",Supreme Court of the United States,,court,USA,2018-02-21,2026-10-05,https://www.supremecourt.gov/opinions/17pdf/16-1276_b0nd.pdf,https://web.archive.org/web/2018/https://www.supremecourt.gov/opinions/17pdf/16-1276_b0nd.pdf,raw/usa-scotus-digital-realty-2018.pdf,e191967029b9cac59e11b1f43c14849e2d06a994ec3080260c0ccbdfbfdae800,Holding that Dodd-Frank anti-retaliation protection requires reporting to the SEC,supremecourt.gov returned 404 to scripts at this URL; Wayback copy (id_).
usa-scotus-polansky-2023,"United States ex rel. Polansky v. Executive Health Resources, Inc., No. 21-1052, 599 U.S. ___ (2023) (slip opinion)",Supreme Court of the United States,,court,USA,2023-06-16,2026-10-05,https://www.supremecourt.gov/opinions/22pdf/21-1052_fd9g.pdf,,raw/usa-scotus-polansky-2023.pdf,5e1d8971e154134df07edd2fb60aa3c021c677197e5bdc0b9a19c2a29a18a380,Government's power to dismiss qui tam suits after intervening; Thomas dissent and Kavanaugh concurrence on Article II,Downloaded directly from supremecourt.gov (the _5h26 URL tried in wave 1 was wrong).
usa-sec-oig-575-2022,"SEC's Whistleblower Program: Additional Actions Are Needed To Better Prepare for Future Program Growth, Increase Efficiencies, and Enhance Program Management (Report No. 575)","U.S. Securities and Exchange Commission, Office of Inspector General",,government,USA,2022-12-19,2026-10-03,https://www.oversight.gov/sites/default/files/documents/reports/2023-03/SECs-Whistleblower-Program-Additional-Actions-Needed-Report-No-575.pdf,,raw/usa-sec-oig-575-2022.pdf,43e2292814ffc4d13bfa5e8ec0af1464d9e22e9bfbb41418fcf9c44d71bad0f4,"Audit of the SEC whistleblower programme FY2017-2021: claims received, processing times, control findings","Redacted public version, obtained from oversight.gov (sec.gov copy not downloadable)."
usa-sec-oig-madoff-report-2009,Investigation of Failure of the SEC to Uncover Bernard Madoff's Ponzi Scheme - Public Version (Report No. OIG-509),"U.S. Securities and Exchange Commission, Office of Inspector General",,government,USA,2009-08-31,2026-10-03,https://www.sec.gov/files/oig-509.pdf,,raw/usa-sec-oig-madoff-report-2009.pdf,73f741e658cd6f44df0192210b53040f98891966a686a0a614a2340f749e601d,"Complaints to the SEC about Madoff 1992-2008, incl. Markopolos submissions 2000, 2001, 2005",Page numbers: report page / PDF page.
usa-sec-owb-ar-2011,"Annual Report on the Dodd-Frank Whistleblower Program, Fiscal Year 2011","U.S. Securities and Exchange Commission, Office of the Whistleblower",,government,USA,2011-11,2026-10-03,https://www.sec.gov/about/offices/owb/whistleblower-annual-report-2011.pdf,https://web.archive.org/web/20260226122029/https://www.sec.gov/about/offices/owb/whistleblower-annual-report-2011.pdf,raw/usa-sec-owb-ar-2011.pdf,292edf43aa5fa541bdd30028ed90c483ff73295357c51ce80c9b8ddf2fef3ac1,"SEC whistleblower programme FY2011: tips (total, by allegation type, by country where given), awards, Investor Protection Fund table","sec.gov download blocked: sec.gov returns HTTP 403 to automated downloads (undeclared-tool policy), so no copy stored in raw/. Text and tables were read from the Wayback Machine copy at archive_url (an exact copy of the PDF). Page numbers given as printed in the report. Stored copy: the identical file as archived by the Wayback Machine (https://web.archive.org/web/20260226122029/https://www.sec.gov/about/offices/owb/whistleblower-annual-report-2011.pdf), downloaded with the id_ form that returns the original bytes; sec.gov blocks scripted downloads."
usa-sec-owb-ar-2012,"Annual Report on the Dodd-Frank Whistleblower Program, Fiscal Year 2012","U.S. Securities and Exchange Commission, Office of the Whistleblower",,government,USA,2012-11,2026-10-03,https://www.sec.gov/about/offices/owb/annual-report-2012.pdf,https://web.archive.org/web/20260224153135/https://www.sec.gov/about/offices/owb/annual-report-2012.pdf,raw/usa-sec-owb-ar-2012.pdf,5821ee5793653aa99dd545927c990524bb93e5e981183ae0509683e615bf3a4c,"SEC whistleblower programme FY2012: tips (total, by allegation type, by country where given), awards, Investor Protection Fund table","sec.gov download blocked: sec.gov returns HTTP 403 to automated downloads (undeclared-tool policy), so no copy stored in raw/. Text and tables were read from the Wayback Machine copy at archive_url (an exact copy of the PDF). Page numbers given as printed in the report. Stored copy: the identical file as archived by the Wayback Machine (https://web.archive.org/web/20260224153135/https://www.sec.gov/about/offices/owb/annual-report-2012.pdf), downloaded with the id_ form that returns the original bytes; sec.gov blocks scripted downloads."
usa-sec-owb-ar-2013,"Annual Report on the Dodd-Frank Whistleblower Program, Fiscal Year 2013","U.S. Securities and Exchange Commission, Office of the Whistleblower",,government,USA,2013,2026-10-03,https://www.sec.gov/about/offices/owb/annual-report-2013.pdf,https://web.archive.org/web/20260306205405/https://www.sec.gov/about/offices/owb/annual-report-2013.pdf,raw/usa-sec-owb-ar-2013.pdf,2d335d19993fec580916e1dde37a900c62a7ee9b3aafe565a6f0883aff4bb55b,"SEC whistleblower programme FY2013: tips (total, by allegation type, by country where given), awards, Investor Protection Fund table","sec.gov download blocked: sec.gov returns HTTP 403 to automated downloads (undeclared-tool policy), so no copy stored in raw/. Text and tables were read from the Wayback Machine copy at archive_url (an exact copy of the PDF). Page numbers given as printed in the report. published_date: year of fiscal year only; exact release date not printed on the cover. Stored copy: the identical file as archived by the Wayback Machine (https://web.archive.org/web/20260306205405/https://www.sec.gov/about/offices/owb/annual-report-2013.pdf), downloaded with the id_ form that returns the original bytes; sec.gov blocks scripted downloads."
usa-sec-owb-ar-2014,"Annual Report on the Dodd-Frank Whistleblower Program, Fiscal Year 2014","U.S. Securities and Exchange Commission, Office of the Whistleblower",,government,USA,2014,2026-10-03,https://www.sec.gov/about/offices/owb/annual-report-2014.pdf,https://web.archive.org/web/20260212023947/https://www.sec.gov/about/offices/owb/annual-report-2014.pdf,raw/usa-sec-owb-ar-2014.pdf,ceec22ba108b3327b97353ef21dbc3a94beefd3e9c415e45ca7b97c9fd3a4057,"SEC whistleblower programme FY2014: tips (total, by allegation type, by country where given), awards, Investor Protection Fund table","sec.gov download blocked: sec.gov returns HTTP 403 to automated downloads (undeclared-tool policy), so no copy stored in raw/. Text and tables were read from the Wayback Machine copy at archive_url (an exact copy of the PDF). Page numbers given as printed in the report. published_date: year of fiscal year only; exact release date not printed on the cover. Stored copy: the identical file as archived by the Wayback Machine (https://web.archive.org/web/20260212023947/https://www.sec.gov/about/offices/owb/annual-report-2014.pdf), downloaded with the id_ form that returns the original bytes; sec.gov blocks scripted downloads."
usa-sec-owb-ar-2015,"Annual Report on the Dodd-Frank Whistleblower Program, Fiscal Year 2015","U.S. Securities and Exchange Commission, Office of the Whistleblower",,government,USA,2015,2026-10-03,https://www.sec.gov/whistleblower/reportspubs/annual-reports/owb-annual-report-2015.pdf,https://web.archive.org/web/20260303125516/https://www.sec.gov/whistleblower/reportspubs/annual-reports/owb-annual-report-2015.pdf,raw/usa-sec-owb-ar-2015.pdf,76d35aa4afb7e1da21ca5cafd38fa228cddd7851734607d28b8f1c72585314f8,"SEC whistleblower programme FY2015: tips (total, by allegation type, by country where given), awards, Investor Protection Fund table","sec.gov download blocked: sec.gov returns HTTP 403 to automated downloads (undeclared-tool policy), so no copy stored in raw/. Text and tables were read from the Wayback Machine copy at archive_url (an exact copy of the PDF). Page numbers given as printed in the report. published_date: year of fiscal year only; exact release date not printed on the cover. Stored copy: the identical file as archived by the Wayback Machine (https://web.archive.org/web/20260303125516/https://www.sec.gov/whistleblower/reportspubs/annual-reports/owb-annual-report-2015.pdf), downloaded with the id_ form that returns the original bytes; sec.gov blocks scripted downloads."
usa-sec-owb-ar-2016,"Annual Report on the Dodd-Frank Whistleblower Program, Fiscal Year 2016","U.S. Securities and Exchange Commission, Office of the Whistleblower",,government,USA,2016,2026-10-03,https://www.sec.gov/whistleblower/reportspubs/annual-reports/owb-annual-report-2016.pdf,https://web.archive.org/web/20260825074507/https://www.sec.gov/whistleblower/reportspubs/annual-reports/owb-annual-report-2016.pdf,raw/usa-sec-owb-ar-2016.pdf,79198942de3341852b8a2fb8aa92e150973c6413d5b5c5ecdc5b46da1a60cd42,"SEC whistleblower programme FY2016: tips (total, by allegation type, by country where given), awards, Investor Protection Fund table","sec.gov download blocked: sec.gov returns HTTP 403 to automated downloads (undeclared-tool policy), so no copy stored in raw/. Text and tables were read from the Wayback Machine copy at archive_url (an exact copy of the PDF). Page numbers given as printed in the report. published_date: year of fiscal year only; exact release date not printed on the cover. Stored copy: the identical file as archived by the Wayback Machine (https://web.archive.org/web/20260825074507/https://www.sec.gov/whistleblower/reportspubs/annual-reports/owb-annual-report-2016.pdf), downloaded with the id_ form that returns the original bytes; sec.gov blocks scripted downloads."
usa-sec-owb-ar-2017,"Annual Report on the Dodd-Frank Whistleblower Program, Fiscal Year 2017","U.S. Securities and Exchange Commission, Office of the Whistleblower",,government,USA,2017,2026-10-03,https://www.sec.gov/files/sec-2017-annual-report-whistleblower-program.pdf,https://web.archive.org/web/20260918134232/https://www.sec.gov/files/sec-2017-annual-report-whistleblower-program.pdf,raw/usa-sec-owb-ar-2017.pdf,83c8de2487c146bb0662411c31de52f037a589cc0f680198000fcca6b88a7939,"SEC whistleblower programme FY2017: tips (total, by allegation type, by country where given), awards, Investor Protection Fund table","sec.gov download blocked: sec.gov returns HTTP 403 to automated downloads (undeclared-tool policy), so no copy stored in raw/. Text and tables were read from the Wayback Machine copy at archive_url (an exact copy of the PDF). Page numbers given as printed in the report. published_date: year of fiscal year only; exact release date not printed on the cover. Stored copy: the identical file as archived by the Wayback Machine (https://web.archive.org/web/20260918134232/https://www.sec.gov/files/sec-2017-annual-report-whistleblower-program.pdf), downloaded with the id_ form that returns the original bytes; sec.gov blocks scripted downloads."
usa-sec-owb-ar-2018,"Annual Report on the Dodd-Frank Whistleblower Program, Fiscal Year 2018","U.S. Securities and Exchange Commission, Office of the Whistleblower",,government,USA,2018,2026-10-03,https://www.sec.gov/files/sec-2018-annual-report-whistleblower-program.pdf,https://web.archive.org/web/20260714005249/https://www.sec.gov/files/sec-2018-annual-report-whistleblower-program.pdf,raw/usa-sec-owb-ar-2018.pdf,5e9e41217fbf34a3570b0fa58562c8cffedf6826ad90542b85b09296a5dd8bb4,"SEC whistleblower programme FY2018: tips (total, by allegation type, by country where given), awards, Investor Protection Fund table","sec.gov download blocked: sec.gov returns HTTP 403 to automated downloads (undeclared-tool policy), so no copy stored in raw/. Text and tables were read from the Wayback Machine copy at archive_url (an exact copy of the PDF). Page numbers given as printed in the report. published_date: year of fiscal year only; exact release date not printed on the cover. Stored copy: the identical file as archived by the Wayback Machine (https://web.archive.org/web/20260714005249/https://www.sec.gov/files/sec-2018-annual-report-whistleblower-program.pdf), downloaded with the id_ form that returns the original bytes; sec.gov blocks scripted downloads."
usa-sec-owb-ar-2019,"Annual Report on the Dodd-Frank Whistleblower Program, Fiscal Year 2019","U.S. Securities and Exchange Commission, Office of the Whistleblower",,government,USA,2019,2026-10-03,https://www.sec.gov/files/sec-2019-annual-report-whistleblower-program.pdf,https://web.archive.org/web/20260424130241/https://www.sec.gov/files/sec-2019-annual-report-whistleblower-program.pdf,raw/usa-sec-owb-ar-2019.pdf,a40ad66eb02f6bf10b5e62d8d2337389c311ded50f6b9394905b19c7c84098bf,"SEC whistleblower programme FY2019: tips (total, by allegation type, by country where given), awards, Investor Protection Fund table","sec.gov download blocked: sec.gov returns HTTP 403 to automated downloads (undeclared-tool policy), so no copy stored in raw/. Text and tables were read from the Wayback Machine copy at archive_url (an exact copy of the PDF). Page numbers given as printed in the report. published_date: year of fiscal year only; exact release date not printed on the cover. Stored copy: the identical file as archived by the Wayback Machine (https://web.archive.org/web/20260424130241/https://www.sec.gov/files/sec-2019-annual-report-whistleblower-program.pdf), downloaded with the id_ form that returns the original bytes; sec.gov blocks scripted downloads."
usa-sec-owb-ar-2020,"Annual Report on the Dodd-Frank Whistleblower Program, Fiscal Year 2020","U.S. Securities and Exchange Commission, Office of the Whistleblower",,government,USA,2020,2026-10-03,https://www.sec.gov/files/2020%20Annual%20Report_0.pdf,https://web.archive.org/web/20261001150616/https://www.sec.gov/files/2020%20Annual%20Report_0.pdf,raw/usa-sec-owb-ar-2020.pdf,ece0de8099502313e025b900e67c1260f5bc54295d3672259904f5b26ef33d5e,"SEC whistleblower programme FY2020: tips (total, by allegation type, by country where given), awards, Investor Protection Fund table","sec.gov download blocked: sec.gov returns HTTP 403 to automated downloads (undeclared-tool policy), so no copy stored in raw/. Text and tables were read from the Wayback Machine copy at archive_url (an exact copy of the PDF). Page numbers given as printed in the report. published_date: year of fiscal year only; exact release date not printed on the cover. Stored copy: the identical file as archived by the Wayback Machine (https://web.archive.org/web/20261001150616/https://www.sec.gov/files/2020%20Annual%20Report_0.pdf), downloaded with the id_ form that returns the original bytes; sec.gov blocks scripted downloads."
usa-sec-owb-ar-2021,"Annual Report on the Dodd-Frank Whistleblower Program, Fiscal Year 2021","U.S. Securities and Exchange Commission, Office of the Whistleblower",,government,USA,2021,2026-10-03,https://www.sec.gov/files/2021_ow_ar_508.pdf,https://web.archive.org/web/20260820081958/https://www.sec.gov/files/2021_ow_ar_508.pdf,raw/usa-sec-owb-ar-2021.pdf,be1fb612da5fea15af81b12aa05993a87b1574dff5164b15acd5cc210bf5c67f,"SEC whistleblower programme FY2021: tips (total, by allegation type, by country where given), awards, Investor Protection Fund table","sec.gov download blocked: sec.gov returns HTTP 403 to automated downloads (undeclared-tool policy), so no copy stored in raw/. Text and tables were read from the Wayback Machine copy at archive_url (an exact copy of the PDF). Page numbers given as printed in the report. published_date: year of fiscal year only; exact release date not printed on the cover. Stored copy: the identical file as archived by the Wayback Machine (https://web.archive.org/web/20260820081958/https://www.sec.gov/files/2021_ow_ar_508.pdf), downloaded with the id_ form that returns the original bytes; sec.gov blocks scripted downloads."
usa-sec-owb-ar-2022,SEC Whistleblower Office Announces Results for FY 2022,"U.S. Securities and Exchange Commission, Office of the Whistleblower",,government,USA,2022-11-15,2026-10-03,https://www.sec.gov/files/2022_ow_ar.pdf,https://web.archive.org/web/20260824201955/https://www.sec.gov/files/2022_ow_ar.pdf,raw/usa-sec-owb-ar-2022.pdf,2043cec7235a9e9568f941797d7f6f45be267a2dc8240620390ddff466557077,"SEC whistleblower programme FY2022: tips (total, by allegation type, by country where given), awards, Investor Protection Fund table; FY2022 report is a short 9-page format","sec.gov download blocked: sec.gov returns HTTP 403 to automated downloads (undeclared-tool policy), so no copy stored in raw/. Text and tables were read from the Wayback Machine copy at archive_url (an exact copy of the PDF). Page numbers given as printed in the report. Stored copy: the identical file as archived by the Wayback Machine (https://web.archive.org/web/20260824201955/https://www.sec.gov/files/2022_ow_ar.pdf), downloaded with the id_ form that returns the original bytes; sec.gov blocks scripted downloads."
usa-sec-owb-ar-2023,Securities and Exchange Commission Office of the Whistleblower Annual Report to Congress for Fiscal Year 2023,"U.S. Securities and Exchange Commission, Office of the Whistleblower",,government,USA,2023-11-14,2026-10-03,https://www.sec.gov/files/fy23-annual-report.pdf,https://web.archive.org/web/20231119201237/https://www.sec.gov/files/fy23-annual-report.pdf,raw/usa-sec-owb-ar-2023.pdf,984e53c7c0607f2049c82d23ae1ad5f83b1083da0cfbedd4f45a092cbeb6241a,"SEC whistleblower programme FY2023: tips (total, by allegation type, by country where given), awards, Investor Protection Fund table","sec.gov download blocked: sec.gov returns HTTP 403 to automated downloads (undeclared-tool policy), so no copy stored in raw/. Text and tables were read from the Wayback Machine copy at archive_url (an exact copy of the PDF). Page numbers given as printed in the report. Stored copy: the identical file as archived by the Wayback Machine (https://web.archive.org/web/20231119201237/https://www.sec.gov/files/fy23-annual-report.pdf), downloaded with the id_ form that returns the original bytes; sec.gov blocks scripted downloads."
usa-sec-owb-ar-2024,Securities and Exchange Commission Office of the Whistleblower Annual Report to Congress for Fiscal Year 2024,"U.S. Securities and Exchange Commission, Office of the Whistleblower",,government,USA,2024-11-15,2026-10-03,https://www.sec.gov/files/fy24-annual-whistleblower-report.pdf,https://web.archive.org/web/20260903121131/https://www.sec.gov/files/fy24-annual-whistleblower-report.pdf,raw/usa-sec-owb-ar-2024.pdf,a77d3a900aa9f6a364a3169c16fbd0c32cccaf9bc4372907ae121892cfb5525a,"SEC whistleblower programme FY2024: tips (total, by allegation type, by country where given), awards, Investor Protection Fund table","sec.gov download blocked: sec.gov returns HTTP 403 to automated downloads (undeclared-tool policy), so no copy stored in raw/. Text and tables were read from the Wayback Machine copy at archive_url (an exact copy of the PDF). Page numbers given as printed in the report. Stored copy: the identical file as archived by the Wayback Machine (https://web.archive.org/web/20260903121131/https://www.sec.gov/files/fy24-annual-whistleblower-report.pdf), downloaded with the id_ form that returns the original bytes; sec.gov blocks scripted downloads."
usa-sec-owb-ar-2025,Securities and Exchange Commission Office of the Whistleblower Annual Report to Congress for Fiscal Year 2025,"U.S. Securities and Exchange Commission, Office of the Whistleblower",,government,USA,2026-02-11,2026-10-03,https://www.sec.gov/files/fy25-annual-whistleblower-report.pdf,https://web.archive.org/web/20260927120835/https://www.sec.gov/files/fy25-annual-whistleblower-report.pdf,raw/usa-sec-owb-ar-2025.pdf,a9624d397b585f6b371e13074300d9f73264963542c91eb4b698b46ac5b03163,"SEC whistleblower programme FY2025: tips (total, by allegation type, by country where given), awards, Investor Protection Fund table","sec.gov download blocked: sec.gov returns HTTP 403 to automated downloads (undeclared-tool policy), so no copy stored in raw/. Text and tables were read from the Wayback Machine copy at archive_url (an exact copy of the PDF). Page numbers given as printed in the report. Stored copy: the identical file as archived by the Wayback Machine (https://web.archive.org/web/20260927120835/https://www.sec.gov/files/fy25-annual-whistleblower-report.pdf), downloaded with the id_ form that returns the original bytes; sec.gov blocks scripted downloads."
usa-sec-owb-final-orders-list-2025,Final Orders of the Commission (Whistleblower Program),"U.S. Securities and Exchange Commission, Office of the Whistleblower",,government,USA,2025-11-10,2026-10-05,https://www.sec.gov/enforcement-litigation/whistleblower-program/final-orders-of-commission,https://web.archive.org/web/20251110133701/https://www.sec.gov/enforcement-litigation/whistleblower-program/final-orders-of-commission,raw/usa-sec-owb-final-orders-list-2025.html,23c126088fff0f2bf1f76c8a03f30c069c45cb8ffd2e45f1b135f303120d163a,"Every final order on whistleblower award claims from July 2012 to 30 Sept 2025 (970 links: award orders, denial orders, combined orders, bar orders), with date and PDF link. No amounts, no counts.","sec.gov blocks scripted downloads; stored copy is the Wayback Machine capture of 10 Nov 2025 (id_ form, original bytes). Latest capture available; orders issued after 30 Sept 2025 are not covered. Dates are the posting dates shown on the page. An earlier capture (6 Feb 2024, old URL sec.gov/whistleblower/final-orders) lists the same orders up to Jan 2024 except one relabelled document."
usa-sec-owb-press-releases-list-2021,Office of the Whistleblower: Press Releases (all years),"U.S. Securities and Exchange Commission, Office of the Whistleblower",,government,USA,2021-06-07,2026-10-05,https://www.sec.gov/whistleblower/pressreleases?year=All&month=All&items_per_page=All,https://web.archive.org/web/20210607231917/https://www.sec.gov/whistleblower/pressreleases?year=All&month=All&items_per_page=All,raw/usa-sec-owb-press-releases-list-2021.html,c8722ba5a5783e558f73e706272889789dc2219f3d7b7d9fe9e52610d490d89d,"All whistleblower press releases from August 2012 to June 2021: date, headline, release number.",Wayback Machine capture (id_ form).
usa-sec-owb-press-releases-list-2026,Office of the Whistleblower: Press Releases,"U.S. Securities and Exchange Commission, Office of the Whistleblower",,government,USA,2026-01-30,2026-10-05,https://www.sec.gov/whistleblower/pressreleases,https://web.archive.org/web/20260130173759/https://www.sec.gov/whistleblower/pressreleases,raw/usa-sec-owb-press-releases-list-2026.html,92d20d5deb53d4ca6fefb256bdfacd5c19b171819891784af7a5cba88d0e4a3f,"The 100 most recent whistleblower press releases and statements (June 2020 to April 2025): date, headline, release number.",Wayback Machine capture (id_ form). The SEC issued no whistleblower award press release after April 2025 up to this capture.
usa-sec-wb-order-34-100025,"Order Determining Whistleblower Award Claim(s), Exchange Act Release No. 100025",U.S. Securities and Exchange Commission,,government,USA,2024-04-25,2026-10-05,https://www.sec.gov/files/rules/other/2024/34-100025.pdf,https://web.archive.org/web/2025/https://www.sec.gov/files/rules/other/2024/34-100025.pdf,raw/usa-sec-wb-order-34-100025.pdf,76cd2494522a1f9fa98ab1bbd9602d3592b980292b98ae64443c86c1c7438b2c,"SEC whistleblower award order (redacted public version): award amount and/or percentage, claimants, related actions","sec.gov blocks scripted downloads; stored copy is the Wayback Machine capture of the PDF fetched with the id_ form (original bytes). Listed on the SEC ""Final Orders of the Commission"" page."
usa-sec-wb-order-34-100068,"Order Determining Whistleblower Award Claim(s), Exchange Act Release No. 100068",U.S. Securities and Exchange Commission,,government,USA,2024-05-07,2026-10-05,https://www.sec.gov/files/rules/other/2024/34-100068_0.pdf,https://web.archive.org/web/2025/https://www.sec.gov/files/rules/other/2024/34-100068_0.pdf,raw/usa-sec-wb-order-34-100068.pdf,e10a1f609abd4bf1ec68b534043824b952e5c0f41d11582d604e250ac80fb6da,"SEC whistleblower award order (redacted public version): award amount and/or percentage, claimants, related actions","sec.gov blocks scripted downloads; stored copy is the Wayback Machine capture of the PDF fetched with the id_ form (original bytes). Listed on the SEC ""Final Orders of the Commission"" page."
usa-sec-wb-order-34-100252,"Order Determining Whistleblower Award Claim(s), Exchange Act Release No. 100252",U.S. Securities and Exchange Commission,,government,USA,2024-05-31,2026-10-05,https://www.sec.gov/files/rules/other/2024/34-100252.pdf,https://web.archive.org/web/2025/https://www.sec.gov/files/rules/other/2024/34-100252.pdf,raw/usa-sec-wb-order-34-100252.pdf,c8c447bebb57fbf665b2af65df62387848876bf816f158f78509e5aae99470d7,"SEC whistleblower award order (redacted public version): award amount and/or percentage, claimants, related actions","sec.gov blocks scripted downloads; stored copy is the Wayback Machine capture of the PDF fetched with the id_ form (original bytes). Listed on the SEC ""Final Orders of the Commission"" page."
usa-sec-wb-order-34-100259,"Order Determining Whistleblower Award Claim(s), Exchange Act Release No. 100259",U.S. Securities and Exchange Commission,,government,USA,2024-06-03,2026-10-05,https://www.sec.gov/files/rules/other/2024/34-100259.pdf,https://web.archive.org/web/2025/https://www.sec.gov/files/rules/other/2024/34-100259.pdf,raw/usa-sec-wb-order-34-100259.pdf,5a04580e21b180dd21a4e5bd443fa1949b39793f39d3d4d95e6dec3c8fde2e77,"SEC whistleblower award order (redacted public version): award amount and/or percentage, claimants, related actions","sec.gov blocks scripted downloads; stored copy is the Wayback Machine capture of the PDF fetched with the id_ form (original bytes). Listed on the SEC ""Final Orders of the Commission"" page."
usa-sec-wb-order-34-100262,"Order Determining Whistleblower Award Claim(s), Exchange Act Release No. 100262",U.S. Securities and Exchange Commission,,government,USA,2024-06-04,2026-10-05,https://www.sec.gov/files/rules/other/2024/34-100262.pdf,https://web.archive.org/web/2025/https://www.sec.gov/files/rules/other/2024/34-100262.pdf,raw/usa-sec-wb-order-34-100262.pdf,d1b082b9057fbb9b60ee5b87cda641d1d96ddd82c273e1d229bb5d1e2661688f,"SEC whistleblower award order (redacted public version): award amount and/or percentage, claimants, related actions","sec.gov blocks scripted downloads; stored copy is the Wayback Machine capture of the PDF fetched with the id_ form (original bytes). Listed on the SEC ""Final Orders of the Commission"" page."
usa-sec-wb-order-34-100263,"Order Determining Whistleblower Award Claim(s), Exchange Act Release No. 100263",U.S. Securities and Exchange Commission,,government,USA,2024-06-04,2026-10-05,https://www.sec.gov/files/rules/other/2024/34-100263.pdf,https://web.archive.org/web/2025/https://www.sec.gov/files/rules/other/2024/34-100263.pdf,raw/usa-sec-wb-order-34-100263.pdf,e5e0ebfc434bb7b2104545835a446e68299e7de9f1dc3f7f635a98b569b3faff,"SEC whistleblower award order (redacted public version): award amount and/or percentage, claimants, related actions","sec.gov blocks scripted downloads; stored copy is the Wayback Machine capture of the PDF fetched with the id_ form (original bytes). Listed on the SEC ""Final Orders of the Commission"" page."
usa-sec-wb-order-34-100312,"Order Determining Whistleblower Award Claim(s), Exchange Act Release No. 100312",U.S. Securities and Exchange Commission,,government,USA,2024-06-11,2026-10-05,https://www.sec.gov/files/award-order-61124.pdf,https://web.archive.org/web/2025/https://www.sec.gov/files/award-order-61124.pdf,raw/usa-sec-wb-order-34-100312.pdf,7d54adf2dced997090dfc83bbfffae1aadc5a9666cedab8e47ce30483da8e525,"SEC whistleblower award order (redacted public version): award amount and/or percentage, claimants, related actions","sec.gov blocks scripted downloads; stored copy is the Wayback Machine capture of the PDF fetched with the id_ form (original bytes). Listed on the SEC ""Final Orders of the Commission"" page."
usa-sec-wb-order-34-100358,"Order Determining Whistleblower Award Claim(s), Exchange Act Release No. 100358",U.S. Securities and Exchange Commission,,government,USA,2024-06-17,2026-10-05,https://www.sec.gov/files/rules/other/2024/34-100358.pdf,https://web.archive.org/web/2025/https://www.sec.gov/files/rules/other/2024/34-100358.pdf,raw/usa-sec-wb-order-34-100358.pdf,48102e71c90c45f54994754941e159bdc2b47f9f60d903936db472e744a12259,"SEC whistleblower award order (redacted public version): award amount and/or percentage, claimants, related actions","sec.gov blocks scripted downloads; stored copy is the Wayback Machine capture of the PDF fetched with the id_ form (original bytes). Listed on the SEC ""Final Orders of the Commission"" page."
usa-sec-wb-order-34-100385,"Order Determining Whistleblower Award Claim(s), Exchange Act Release No. 100385",U.S. Securities and Exchange Commission,,government,USA,2024-06-20,2026-10-05,https://www.sec.gov/files/rules/other/2024/34-100385.pdf,https://web.archive.org/web/2025/https://www.sec.gov/files/rules/other/2024/34-100385.pdf,raw/usa-sec-wb-order-34-100385.pdf,c66699887dbcc186eb92986a5ec4eee51cce778420d13d26da48ecfa288045f8,"SEC whistleblower award order (redacted public version): award amount and/or percentage, claimants, related actions","sec.gov blocks scripted downloads; stored copy is the Wayback Machine capture of the PDF fetched with the id_ form (original bytes). Listed on the SEC ""Final Orders of the Commission"" page."
usa-sec-wb-order-34-100392,"Order Determining Whistleblower Award Claim(s), Exchange Act Release No. 100392",U.S. Securities and Exchange Commission,,government,USA,2024-06-21,2026-10-05,https://www.sec.gov/files/rules/other/2024/34-100392.pdf,https://web.archive.org/web/2025/https://www.sec.gov/files/rules/other/2024/34-100392.pdf,raw/usa-sec-wb-order-34-100392.pdf,1121c89e09af14c36fd5bdaa83b1f3b6c04f4bb9e53e51233fb1640bcc3f32b0,"SEC whistleblower award order (redacted public version): award amount and/or percentage, claimants, related actions","sec.gov blocks scripted downloads; stored copy is the Wayback Machine capture of the PDF fetched with the id_ form (original bytes). Listed on the SEC ""Final Orders of the Commission"" page."
usa-sec-wb-order-34-100648,"Order Determining Whistleblower Award Claim(s), Exchange Act Release No. 100648",U.S. Securities and Exchange Commission,,government,USA,2024-08-05,2026-10-05,https://www.sec.gov/files/rules/other/2024/34-100648.pdf,https://web.archive.org/web/2025/https://www.sec.gov/files/rules/other/2024/34-100648.pdf,raw/usa-sec-wb-order-34-100648.pdf,a3e5a7305fdfeb8eefc0417bc7f211f5125879958841e77fd821f952c014e03c,"SEC whistleblower award order (redacted public version): award amount and/or percentage, claimants, related actions","sec.gov blocks scripted downloads; stored copy is the Wayback Machine capture of the PDF fetched with the id_ form (original bytes). Listed on the SEC ""Final Orders of the Commission"" page."
usa-sec-wb-order-34-100812,"Order Determining Whistleblower Award Claim(s), Exchange Act Release No. 100812",U.S. Securities and Exchange Commission,,government,USA,2024-08-23,2026-10-05,https://www.sec.gov/files/rules/other/2024/34-100812.pdf,https://web.archive.org/web/2025/https://www.sec.gov/files/rules/other/2024/34-100812.pdf,raw/usa-sec-wb-order-34-100812.pdf,a9d62a8f3e3a33f02a9a40ad265f883c625ac0f3982df3a3b4ff914872c1805e,"SEC whistleblower award order (redacted public version): award amount and/or percentage, claimants, related actions","sec.gov blocks scripted downloads; stored copy is the Wayback Machine capture of the PDF fetched with the id_ form (original bytes). Listed on the SEC ""Final Orders of the Commission"" page."
usa-sec-wb-order-34-101211,"Order Determining Whistleblower Award Claim(s), Exchange Act Release No. 101211",U.S. Securities and Exchange Commission,,government,USA,2024-09-27,2026-10-05,https://www.sec.gov/files/rules/other/2024/34-101211.pdf,https://web.archive.org/web/2025/https://www.sec.gov/files/rules/other/2024/34-101211.pdf,raw/usa-sec-wb-order-34-101211.pdf,a01b0b653b3b1f806495b239299129c98ab3be03c1679ecac8edfd3af2905205,"SEC whistleblower award order (redacted public version): award amount and/or percentage, claimants, related actions","sec.gov blocks scripted downloads; stored copy is the Wayback Machine capture of the PDF fetched with the id_ form (original bytes). Listed on the SEC ""Final Orders of the Commission"" page."
usa-sec-wb-order-34-101222,"Order Determining Whistleblower Award Claim(s), Exchange Act Release No. 101222",U.S. Securities and Exchange Commission,,government,USA,2024-10-01,2026-10-05,https://www.sec.gov/files/rules/other/2023/34-101222.pdf,https://web.archive.org/web/2025/https://www.sec.gov/files/rules/other/2023/34-101222.pdf,raw/usa-sec-wb-order-34-101222.pdf,c627d6c5ac63c2fa9cb317f769d0a8eab4832582811037ec41efbf8312803dc8,"SEC whistleblower award order (redacted public version): award amount and/or percentage, claimants, related actions","sec.gov blocks scripted downloads; stored copy is the Wayback Machine capture of the PDF fetched with the id_ form (original bytes). Listed on the SEC ""Final Orders of the Commission"" page."
usa-sec-wb-order-34-101280,"Order Determining Whistleblower Award Claim(s), Exchange Act Release No. 101280",U.S. Securities and Exchange Commission,,government,USA,2024-10-08,2026-10-05,https://www.sec.gov/files/rules/other/2024/34-101280.pdf,https://web.archive.org/web/2025/https://www.sec.gov/files/rules/other/2024/34-101280.pdf,raw/usa-sec-wb-order-34-101280.pdf,0c8f1aa1f4714eee75dbe4b3b9fc03be643ed16bfeb0e4e5aaa2b820428cf0df,"SEC whistleblower award order (redacted public version): award amount and/or percentage, claimants, related actions","sec.gov blocks scripted downloads; stored copy is the Wayback Machine capture of the PDF fetched with the id_ form (original bytes). Listed on the SEC ""Final Orders of the Commission"" page."
usa-sec-wb-order-34-102023,"Order Determining Whistleblower Award Claim(s), Exchange Act Release No. 102023",U.S. Securities and Exchange Commission,,government,USA,2024-12-20,2026-10-05,https://www.sec.gov/files/rules/other/2024/34-102023.pdf,https://web.archive.org/web/2025/https://www.sec.gov/files/rules/other/2024/34-102023.pdf,raw/usa-sec-wb-order-34-102023.pdf,7e7c14927d218190b8114adc9b02d41ad4a33eda10312a1c2c0953e31871643a,"SEC whistleblower award order (redacted public version): award amount and/or percentage, claimants, related actions","sec.gov blocks scripted downloads; stored copy is the Wayback Machine capture of the PDF fetched with the id_ form (original bytes). Listed on the SEC ""Final Orders of the Commission"" page."
usa-sec-wb-order-34-102158,"Order Determining Whistleblower Award Claim(s), Exchange Act Release No. 102158",U.S. Securities and Exchange Commission,,government,USA,2025-01-13,2026-10-05,https://www.sec.gov/files/rules/other/2025/34-102158.pdf,https://web.archive.org/web/2025/https://www.sec.gov/files/rules/other/2025/34-102158.pdf,raw/usa-sec-wb-order-34-102158.pdf,9c08e0e3ac952c472ea51bc29bd632ffc52b93ce14c014352071b4a738385bbb,"SEC whistleblower award order (redacted public version): award amount and/or percentage, claimants, related actions","sec.gov blocks scripted downloads; stored copy is the Wayback Machine capture of the PDF fetched with the id_ form (original bytes). Listed on the SEC ""Final Orders of the Commission"" page."
usa-sec-wb-order-34-102339,"Order Determining Whistleblower Award Claim(s), Exchange Act Release No. 102339",U.S. Securities and Exchange Commission,,government,USA,2025-02-04,2026-10-05,https://www.sec.gov/files/rules/other/2025/34-102339.pdf,https://web.archive.org/web/2025/https://www.sec.gov/files/rules/other/2025/34-102339.pdf,raw/usa-sec-wb-order-34-102339.pdf,aa9c87532c3cc7bcda21553c66ca10cd01716bbb6ec0d2666e5e3060725a15a6,"SEC whistleblower award order (redacted public version): award amount and/or percentage, claimants, related actions","sec.gov blocks scripted downloads; stored copy is the Wayback Machine capture of the PDF fetched with the id_ form (original bytes). Listed on the SEC ""Final Orders of the Commission"" page."
usa-sec-wb-order-34-102433,"Order Determining Whistleblower Award Claim(s), Exchange Act Release No. 102433",U.S. Securities and Exchange Commission,,government,USA,2025-02-18,2026-10-05,https://www.sec.gov/files/rules/other/2025/34-102433.pdf,https://web.archive.org/web/2025/https://www.sec.gov/files/rules/other/2025/34-102433.pdf,raw/usa-sec-wb-order-34-102433.pdf,ec61260a98f9bda3fde7ba6c574b1ae944a96a304dbd97e1338c4cc95053880f,"SEC whistleblower award order (redacted public version): award amount and/or percentage, claimants, related actions","sec.gov blocks scripted downloads; stored copy is the Wayback Machine capture of the PDF fetched with the id_ form (original bytes). Listed on the SEC ""Final Orders of the Commission"" page."
usa-sec-wb-order-34-102434,"Order Determining Whistleblower Award Claim(s), Exchange Act Release No. 102434",U.S. Securities and Exchange Commission,,government,USA,2025-02-18,2026-10-05,https://www.sec.gov/files/rules/other/2025/34-102434.pdf,https://web.archive.org/web/2025/https://www.sec.gov/files/rules/other/2025/34-102434.pdf,raw/usa-sec-wb-order-34-102434.pdf,c0b08e74a275b8ea8cc411510917b97403f9a9cde28b62b0d33e2fd11f1fb3e1,"SEC whistleblower award order (redacted public version): award amount and/or percentage, claimants, related actions","sec.gov blocks scripted downloads; stored copy is the Wayback Machine capture of the PDF fetched with the id_ form (original bytes). Listed on the SEC ""Final Orders of the Commission"" page."
usa-sec-wb-order-34-102512,"Order Determining Whistleblower Award Claim(s), Exchange Act Release No. 102512",U.S. Securities and Exchange Commission,,government,USA,2025-03-03,2026-10-05,https://www.sec.gov/files/rules/other/2025/34-102512.pdf,https://web.archive.org/web/2025/https://www.sec.gov/files/rules/other/2025/34-102512.pdf,raw/usa-sec-wb-order-34-102512.pdf,f1e48560a32759226ab1a4de4744a58bd5ba91f052999a53700afa455c912045,"SEC whistleblower award order (redacted public version): award amount and/or percentage, claimants, related actions","sec.gov blocks scripted downloads; stored copy is the Wayback Machine capture of the PDF fetched with the id_ form (original bytes). Listed on the SEC ""Final Orders of the Commission"" page."
usa-sec-wb-order-34-102717,"Order Determining Whistleblower Award Claim(s), Exchange Act Release No. 102717",U.S. Securities and Exchange Commission,,government,USA,2025-03-24,2026-10-05,https://www.sec.gov/files/rules/other/2025/34-102717.pdf,https://web.archive.org/web/2025/https://www.sec.gov/files/rules/other/2025/34-102717.pdf,raw/usa-sec-wb-order-34-102717.pdf,ccda64e4b32a8c5b5ae2610ad203952f5c70ff9ec4740e9817d017267bd46c04,"SEC whistleblower award order (redacted public version): award amount and/or percentage, claimants, related actions","sec.gov blocks scripted downloads; stored copy is the Wayback Machine capture of the PDF fetched with the id_ form (original bytes). Listed on the SEC ""Final Orders of the Commission"" page."
usa-sec-wb-order-34-102746,"Order Determining Whistleblower Award Claim(s), Exchange Act Release No. 102746",U.S. Securities and Exchange Commission,,government,USA,2025-03-31,2026-10-05,https://www.sec.gov/files/rules/other/2025/34-102746.pdf,https://web.archive.org/web/2025/https://www.sec.gov/files/rules/other/2025/34-102746.pdf,raw/usa-sec-wb-order-34-102746.pdf,959da0cc077b43e7dde01e8e0bda87d23fa3e0edd0d1e9817f7273e54b53c2a9,"SEC whistleblower award order (redacted public version): award amount and/or percentage, claimants, related actions","sec.gov blocks scripted downloads; stored copy is the Wayback Machine capture of the PDF fetched with the id_ form (original bytes). Listed on the SEC ""Final Orders of the Commission"" page."
usa-sec-wb-order-34-102762,"Order Determining Whistleblower Award Claim(s), Exchange Act Release No. 102762",U.S. Securities and Exchange Commission,,government,USA,2025-04-03,2026-10-05,https://www.sec.gov/files/rules/other/2025/34-102762.pdf,https://web.archive.org/web/2025/https://www.sec.gov/files/rules/other/2025/34-102762.pdf,raw/usa-sec-wb-order-34-102762.pdf,8c6a7fa962acaf786749e86ce64c17345082dd6380a2d963836cf3fb0e06747c,"SEC whistleblower award order (redacted public version): award amount and/or percentage, claimants, related actions","sec.gov blocks scripted downloads; stored copy is the Wayback Machine capture of the PDF fetched with the id_ form (original bytes). Listed on the SEC ""Final Orders of the Commission"" page."
usa-sec-wb-order-34-102896,"Order Determining Whistleblower Award Claim(s), Exchange Act Release No. 102896",U.S. Securities and Exchange Commission,,government,USA,2025-04-21,2026-10-05,https://www.sec.gov/files/rules/other/2025/34-102896.pdf,https://web.archive.org/web/2025/https://www.sec.gov/files/rules/other/2025/34-102896.pdf,raw/usa-sec-wb-order-34-102896.pdf,10602b77651fb556b18595208c8c830e52ae07eee6ce6d41baaaea369dd64915,"SEC whistleblower award order (redacted public version): award amount and/or percentage, claimants, related actions","sec.gov blocks scripted downloads; stored copy is the Wayback Machine capture of the PDF fetched with the id_ form (original bytes). Listed on the SEC ""Final Orders of the Commission"" page."
usa-sec-wb-order-34-103470,"Order Determining Whistleblower Award Claim(s), Exchange Act Release No. 103470",U.S. Securities and Exchange Commission,,government,USA,2025-07-16,2026-10-05,https://www.sec.gov/files/rules/other/2025/34-103470_0.pdf,https://web.archive.org/web/2025/https://www.sec.gov/files/rules/other/2025/34-103470_0.pdf,raw/usa-sec-wb-order-34-103470.pdf,94a58acf8bd99fd9f76144eeb7e3db04ef0b986359b62709b249fe6cd08591bf,"SEC whistleblower award order (redacted public version): award amount and/or percentage, claimants, related actions","sec.gov blocks scripted downloads; stored copy is the Wayback Machine capture of the PDF fetched with the id_ form (original bytes). Listed on the SEC ""Final Orders of the Commission"" page."
usa-sec-wb-order-34-103471,"Order Determining Whistleblower Award Claim(s), Exchange Act Release No. 103471",U.S. Securities and Exchange Commission,,government,USA,2025-07-16,2026-10-05,https://www.sec.gov/files/rules/other/2025/34-103471.pdf,https://web.archive.org/web/2025/https://www.sec.gov/files/rules/other/2025/34-103471.pdf,raw/usa-sec-wb-order-34-103471.pdf,a15c998ceb631a986746800d27d6d48963f65f7b8eaef362c5746f1688fe0abb,"SEC whistleblower award order (redacted public version): award amount and/or percentage, claimants, related actions","sec.gov blocks scripted downloads; stored copy is the Wayback Machine capture of the PDF fetched with the id_ form (original bytes). Listed on the SEC ""Final Orders of the Commission"" page."
usa-sec-wb-order-34-103472,"Order Determining Whistleblower Award Claim(s), Exchange Act Release No. 103472",U.S. Securities and Exchange Commission,,government,USA,2025-07-16,2026-10-05,https://www.sec.gov/files/rules/other/2025/34-103472.pdf,https://web.archive.org/web/2025/https://www.sec.gov/files/rules/other/2025/34-103472.pdf,raw/usa-sec-wb-order-34-103472.pdf,d7ceff1676da3bbc8f1eb932102ccab39cf01849ff72f056d1be730bde9599b8,"SEC whistleblower award order (redacted public version): award amount and/or percentage, claimants, related actions","sec.gov blocks scripted downloads; stored copy is the Wayback Machine capture of the PDF fetched with the id_ form (original bytes). Listed on the SEC ""Final Orders of the Commission"" page."
usa-sec-wb-order-34-103814,"Order Determining Whistleblower Award Claim(s), Exchange Act Release No. 103814",U.S. Securities and Exchange Commission,,government,USA,2025-09-02,2026-10-05,https://www.sec.gov/files/rules/other/2025/34-103814.pdf,https://web.archive.org/web/2025/https://www.sec.gov/files/rules/other/2025/34-103814.pdf,raw/usa-sec-wb-order-34-103814.pdf,fef0f49c6e2daae9801342fda0e63b9e2465dc1db387e4ab3193b823b13e3b81,"SEC whistleblower award order (redacted public version): award amount and/or percentage, claimants, related actions","sec.gov blocks scripted downloads; stored copy is the Wayback Machine capture of the PDF fetched with the id_ form (original bytes). Listed on the SEC ""Final Orders of the Commission"" page."
usa-sec-wb-order-34-103817,"Order Determining Whistleblower Award Claim(s), Exchange Act Release No. 103817",U.S. Securities and Exchange Commission,,government,USA,2025-09-02,2026-10-05,https://www.sec.gov/files/rules/other/2025/34-103817.pdf,https://web.archive.org/web/2025/https://www.sec.gov/files/rules/other/2025/34-103817.pdf,raw/usa-sec-wb-order-34-103817.pdf,1d118c27e43d3df8110678fbf366d1b06249582106b0f7d73b31b088f8970cbb,"SEC whistleblower award order (redacted public version): award amount and/or percentage, claimants, related actions","sec.gov blocks scripted downloads; stored copy is the Wayback Machine capture of the PDF fetched with the id_ form (original bytes). Listed on the SEC ""Final Orders of the Commission"" page."
usa-sec-wb-order-34-103833,"Order Determining Whistleblower Award Claim(s), Exchange Act Release No. 103833",U.S. Securities and Exchange Commission,,government,USA,2025-09-03,2026-10-05,https://www.sec.gov/files/rules/other/2025/34-103833.pdf,https://web.archive.org/web/2025/https://www.sec.gov/files/rules/other/2025/34-103833.pdf,raw/usa-sec-wb-order-34-103833.pdf,d17b57fcde3ee40bd5779bf541845606789951eda25c01c86b07c9cdf2a641c0,"SEC whistleblower award order (redacted public version): award amount and/or percentage, claimants, related actions","sec.gov blocks scripted downloads; stored copy is the Wayback Machine capture of the PDF fetched with the id_ form (original bytes). Listed on the SEC ""Final Orders of the Commission"" page."
usa-sec-wb-order-34-103856,"Order Determining Whistleblower Award Claim(s), Exchange Act Release No. 103856",U.S. Securities and Exchange Commission,,government,USA,2025-09-04,2026-10-05,https://www.sec.gov/files/rules/other/2025/34-103856.pdf,https://web.archive.org/web/2025/https://www.sec.gov/files/rules/other/2025/34-103856.pdf,raw/usa-sec-wb-order-34-103856.pdf,65ba7d2628e0e18aae7f9d1ee517e7623e359e6d226a8d3a494afb03c010bd04,"SEC whistleblower award order (redacted public version): award amount and/or percentage, claimants, related actions","sec.gov blocks scripted downloads; stored copy is the Wayback Machine capture of the PDF fetched with the id_ form (original bytes). Listed on the SEC ""Final Orders of the Commission"" page."
usa-sec-wb-order-34-103876,"Order Determining Whistleblower Award Claim(s), Exchange Act Release No. 103876",U.S. Securities and Exchange Commission,,government,USA,2025-09-05,2026-10-05,https://www.sec.gov/files/rules/other/2025/34-103876.pdf,https://web.archive.org/web/2025/https://www.sec.gov/files/rules/other/2025/34-103876.pdf,raw/usa-sec-wb-order-34-103876.pdf,f8854ee20616d3a3ffcabf64952a06e17b4bf919735dc3f0a1ea3227793069e4,"SEC whistleblower award order (redacted public version): award amount and/or percentage, claimants, related actions","sec.gov blocks scripted downloads; stored copy is the Wayback Machine capture of the PDF fetched with the id_ form (original bytes). Listed on the SEC ""Final Orders of the Commission"" page."
usa-sec-wb-order-34-104134,"Order Determining Whistleblower Award Claim(s), Exchange Act Release No. 104134",U.S. Securities and Exchange Commission,,government,USA,2025-09-29,2026-10-05,https://www.sec.gov/files/rules/other/2025/34-104134.pdf,https://web.archive.org/web/2025/https://www.sec.gov/files/rules/other/2025/34-104134.pdf,raw/usa-sec-wb-order-34-104134.pdf,f1aa4b65ebfe6dbc97153cc14dffdde41104fb390e880fbe38404e0ccfd6c4f3,"SEC whistleblower award order (redacted public version): award amount and/or percentage, claimants, related actions","sec.gov blocks scripted downloads; stored copy is the Wayback Machine capture of the PDF fetched with the id_ form (original bytes). Listed on the SEC ""Final Orders of the Commission"" page."
usa-sec-wb-order-34-104139,"Order Determining Whistleblower Award Claim(s), Exchange Act Release No. 104139",U.S. Securities and Exchange Commission,,government,USA,2025-09-30,2026-10-05,https://www.sec.gov/files/rules/other/2025/34-104139.pdf,https://web.archive.org/web/2025/https://www.sec.gov/files/rules/other/2025/34-104139.pdf,raw/usa-sec-wb-order-34-104139.pdf,478b02620f97907fa452056a71788692bc0fa8407f10537a16e9a9b42d267dbb,"SEC whistleblower award order (redacted public version): award amount and/or percentage, claimants, related actions","sec.gov blocks scripted downloads; stored copy is the Wayback Machine capture of the PDF fetched with the id_ form (original bytes). Listed on the SEC ""Final Orders of the Commission"" page."
usa-sec-wb-order-34-104142,"Order Determining Whistleblower Award Claim(s), Exchange Act Release No. 104142",U.S. Securities and Exchange Commission,,government,USA,2025-09-30,2026-10-05,https://www.sec.gov/files/rules/other/2025/34-104142.pdf,https://web.archive.org/web/2025/https://www.sec.gov/files/rules/other/2025/34-104142.pdf,raw/usa-sec-wb-order-34-104142.pdf,cbdebde20f51270f7c284af0359c9d9d640403be000c21aec268fb331f4d8d4e,"SEC whistleblower award order (redacted public version): award amount and/or percentage, claimants, related actions","sec.gov blocks scripted downloads; stored copy is the Wayback Machine capture of the PDF fetched with the id_ form (original bytes). Listed on the SEC ""Final Orders of the Commission"" page."
usa-sec-wb-order-34-104143,"Order Determining Whistleblower Award Claim(s), Exchange Act Release No. 104143",U.S. Securities and Exchange Commission,,government,USA,2025-09-30,2026-10-05,https://www.sec.gov/files/rules/other/2025/34-104143.pdf,https://web.archive.org/web/2025/https://www.sec.gov/files/rules/other/2025/34-104143.pdf,raw/usa-sec-wb-order-34-104143.pdf,aeb6c6d1bdb1e1d091a1c9f7a6f99f5cc9400374cbdb963f9cf6f5090cdce828,"SEC whistleblower award order (redacted public version): award amount and/or percentage, claimants, related actions","sec.gov blocks scripted downloads; stored copy is the Wayback Machine capture of the PDF fetched with the id_ form (original bytes). Listed on the SEC ""Final Orders of the Commission"" page."
usa-sec-wb-order-34-104145,"Order Determining Whistleblower Award Claim(s), Exchange Act Release No. 104145",U.S. Securities and Exchange Commission,,government,USA,2025-09-30,2026-10-05,https://www.sec.gov/files/rules/other/2025/34-104145.pdf,https://web.archive.org/web/2025/https://www.sec.gov/files/rules/other/2025/34-104145.pdf,raw/usa-sec-wb-order-34-104145.pdf,e738c55b0de49d6f6f2c3542e39b8548e1c9297808e3dfdc07ec241c2ddeb528,"SEC whistleblower award order (redacted public version): award amount and/or percentage, claimants, related actions","sec.gov blocks scripted downloads; stored copy is the Wayback Machine capture of the PDF fetched with the id_ form (original bytes). Listed on the SEC ""Final Orders of the Commission"" page."
usa-sec-wb-order-34-69749,"Order Determining Whistleblower Award Claim(s), Exchange Act Release No. 69749",U.S. Securities and Exchange Commission,,government,USA,2013-06-12,2026-10-05,https://www.sec.gov/rules/other/2013/34-69749.pdf,https://web.archive.org/web/2025/https://www.sec.gov/rules/other/2013/34-69749.pdf,raw/usa-sec-wb-order-34-69749.pdf,d48fd0d7320cc0f9bc9c70a4a944a0da701fc9d548ca9c71aaef66594ebf25c1,"SEC whistleblower award order (redacted public version): award amount and/or percentage, claimants, related actions","sec.gov blocks scripted downloads; stored copy is the Wayback Machine capture of the PDF fetched with the id_ form (original bytes). Listed on the SEC ""Final Orders of the Commission"" page."
usa-sec-wb-order-34-70293,"Order Determining Whistleblower Award Claim(s), Exchange Act Release No. 70293",U.S. Securities and Exchange Commission,,government,USA,2013-08-30,2026-10-05,https://www.sec.gov/rules/other/2013/34-70293.pdf,https://web.archive.org/web/2025/https://www.sec.gov/rules/other/2013/34-70293.pdf,raw/usa-sec-wb-order-34-70293.pdf,fe77439dbe9f61c6fe22109e11cb64a1b53e7ff0917906b71852bd9eec759ef2,"SEC whistleblower award order (redacted public version): award amount and/or percentage, claimants, related actions","sec.gov blocks scripted downloads; stored copy is the Wayback Machine capture of the PDF fetched with the id_ form (original bytes). Listed on the SEC ""Final Orders of the Commission"" page."
usa-sec-wb-order-34-70775,"Order Determining Whistleblower Award Claim(s), Exchange Act Release No. 70775",U.S. Securities and Exchange Commission,,government,USA,2013-10-30,2026-10-05,https://www.sec.gov/rules/other/2013/34-70775.pdf,https://web.archive.org/web/2025/https://www.sec.gov/rules/other/2013/34-70775.pdf,raw/usa-sec-wb-order-34-70775.pdf,b525f40c1b3f428126cd3300090f6218899819e4834f7e06d824a02f39e0123f,"SEC whistleblower award order (redacted public version): award amount and/or percentage, claimants, related actions","sec.gov blocks scripted downloads; stored copy is the Wayback Machine capture of the PDF fetched with the id_ form (original bytes). Listed on the SEC ""Final Orders of the Commission"" page."
usa-sec-wb-order-34-72301,"Order Determining Whistleblower Award Claim(s), Exchange Act Release No. 72301",U.S. Securities and Exchange Commission,,government,USA,2014-06-03,2026-10-05,https://www.sec.gov/rules/other/2014/34-72301.pdf,https://web.archive.org/web/2025/https://www.sec.gov/rules/other/2014/34-72301.pdf,raw/usa-sec-wb-order-34-72301.pdf,3b62adcce2b3753180b90f1c322ade92075af159102a7eac125289cd8c24b1cc,"SEC whistleblower award order (redacted public version): award amount and/or percentage, claimants, related actions","sec.gov blocks scripted downloads; stored copy is the Wayback Machine capture of the PDF fetched with the id_ form (original bytes). Listed on the SEC ""Final Orders of the Commission"" page."
usa-sec-wb-order-34-72652,"Order Determining Whistleblower Award Claim(s), Exchange Act Release No. 72652",U.S. Securities and Exchange Commission,,government,USA,2014-07-22,2026-10-05,https://www.sec.gov/rules/other/2014/34-72652.pdf,https://web.archive.org/web/2025/https://www.sec.gov/rules/other/2014/34-72652.pdf,raw/usa-sec-wb-order-34-72652.pdf,939250f4bb2ed9de76ae7a564b434cbf0f30717054cd54da3d6ef84798eaa200,"SEC whistleblower award order (redacted public version): award amount and/or percentage, claimants, related actions","sec.gov blocks scripted downloads; stored copy is the Wayback Machine capture of the PDF fetched with the id_ form (original bytes). Listed on the SEC ""Final Orders of the Commission"" page."
usa-sec-wb-order-34-76000,"Order Determining Whistleblower Award Claim(s), Exchange Act Release No. 76000",U.S. Securities and Exchange Commission,,government,USA,2015-09-28,2026-10-05,https://www.sec.gov/rules/other/2015/34-76000.pdf,https://web.archive.org/web/2025/https://www.sec.gov/rules/other/2015/34-76000.pdf,raw/usa-sec-wb-order-34-76000.pdf,3e97c8e35eb9c1cf954ae36a37dde2e139a79cd1a5ec77e57a53af8b3abcb83e,"SEC whistleblower award order (redacted public version): award amount and/or percentage, claimants, related actions","sec.gov blocks scripted downloads; stored copy is the Wayback Machine capture of the PDF fetched with the id_ form (original bytes). Listed on the SEC ""Final Orders of the Commission"" page."
usa-sec-wb-order-34-76025,"Order Determining Whistleblower Award Claim(s), Exchange Act Release No. 76025",U.S. Securities and Exchange Commission,,government,USA,2015-09-29,2026-10-05,https://www.sec.gov/rules/other/2015/34-76025.pdf,https://web.archive.org/web/2025/https://www.sec.gov/rules/other/2015/34-76025.pdf,raw/usa-sec-wb-order-34-76025.pdf,eb782279d852ce9c528adbd9f3c11be61aff6e331d853a71d98a626dddf6bd2b,"SEC whistleblower award order (redacted public version): award amount and/or percentage, claimants, related actions","sec.gov blocks scripted downloads; stored copy is the Wayback Machine capture of the PDF fetched with the id_ form (original bytes). Listed on the SEC ""Final Orders of the Commission"" page."
usa-sec-wb-order-34-80115,"Order Determining Whistleblower Award Claim(s), Exchange Act Release No. 80115",U.S. Securities and Exchange Commission,,government,USA,2017-02-28,2026-10-05,https://www.sec.gov/rules/other/2017/34-80115.pdf,https://web.archive.org/web/2025/https://www.sec.gov/rules/other/2017/34-80115.pdf,raw/usa-sec-wb-order-34-80115.pdf,83add06c46c8da6a5c5dae2a8b38896e7f2da814573baa950c8758e8f6868da0,"SEC whistleblower award order (redacted public version): award amount and/or percentage, claimants, related actions","sec.gov blocks scripted downloads; stored copy is the Wayback Machine capture of the PDF fetched with the id_ form (original bytes). Listed on the SEC ""Final Orders of the Commission"" page."
usa-sec-wb-order-34-88687,"Order Determining Whistleblower Award Claim(s), Exchange Act Release No. 88687",U.S. Securities and Exchange Commission,,government,USA,2020-04-20,2026-10-05,https://www.sec.gov/rules/other/2020/34-88687.pdf,https://web.archive.org/web/2025/https://www.sec.gov/rules/other/2020/34-88687.pdf,raw/usa-sec-wb-order-34-88687.pdf,40918746a329d05382d9c1b1f006f48e4ed5d333f3cac2e879be7dae8d33003a,"SEC whistleblower award order (redacted public version): award amount and/or percentage, claimants, related actions","sec.gov blocks scripted downloads; stored copy is the Wayback Machine capture of the PDF fetched with the id_ form (original bytes). Listed on the SEC ""Final Orders of the Commission"" page."
usa-sec-wb-order-34-89354,"Order Determining Whistleblower Award Claim(s), Exchange Act Release No. 89354",U.S. Securities and Exchange Commission,,government,USA,2020-07-21,2026-10-05,https://www.sec.gov/rules/other/2020/34-89354.pdf,https://web.archive.org/web/2025/https://www.sec.gov/rules/other/2020/34-89354.pdf,raw/usa-sec-wb-order-34-89354.pdf,75fc7599f0986835390642a0bf13cafb17bf4eeeeb9c58a54aa6f346400790a1,"SEC whistleblower award order (redacted public version): award amount and/or percentage, claimants, related actions","sec.gov blocks scripted downloads; stored copy is the Wayback Machine capture of the PDF fetched with the id_ form (original bytes). Listed on the SEC ""Final Orders of the Commission"" page."
usa-sec-wb-order-34-89355,"Order Determining Whistleblower Award Claim(s), Exchange Act Release No. 89355",U.S. Securities and Exchange Commission,,government,USA,2020-07-21,2026-10-05,https://www.sec.gov/rules/other/2020/34-89355.pdf,https://web.archive.org/web/2025/https://www.sec.gov/rules/other/2020/34-89355.pdf,raw/usa-sec-wb-order-34-89355.pdf,e6d2a046eef6fd6066d45ae155add0bdda9e322f52acb7a132a493ec9fec54e9,"SEC whistleblower award order (redacted public version): award amount and/or percentage, claimants, related actions","sec.gov blocks scripted downloads; stored copy is the Wayback Machine capture of the PDF fetched with the id_ form (original bytes). Listed on the SEC ""Final Orders of the Commission"" page."
usa-sec-wb-order-34-90189,"Order Determining Whistleblower Award Claim(s), Exchange Act Release No. 90189",U.S. Securities and Exchange Commission,,government,USA,2020-10-15,2026-10-05,https://www.sec.gov/rules/other/2020/34-90189.pdf,https://web.archive.org/web/2025/https://www.sec.gov/rules/other/2020/34-90189.pdf,raw/usa-sec-wb-order-34-90189.pdf,39ad0a4cbacb96f81c6b680eb58eda0350b4838c9ab0abe91cfdabc80c6f8e68,"SEC whistleblower award order (redacted public version): award amount and/or percentage, claimants, related actions","sec.gov blocks scripted downloads; stored copy is the Wayback Machine capture of the PDF fetched with the id_ form (original bytes). Listed on the SEC ""Final Orders of the Commission"" page."
usa-sec-wb-order-34-90284,"Order Determining Whistleblower Award Claim(s), Exchange Act Release No. 90284",U.S. Securities and Exchange Commission,,government,USA,2020-10-29,2026-10-05,https://www.sec.gov/rules/other/2020/34-90284.pdf,https://web.archive.org/web/2025/https://www.sec.gov/rules/other/2020/34-90284.pdf,raw/usa-sec-wb-order-34-90284.pdf,c165503d4103c8a999577b3ef8245ae32d0deefb31b19c8ed57131195a670ffd,"SEC whistleblower award order (redacted public version): award amount and/or percentage, claimants, related actions","sec.gov blocks scripted downloads; stored copy is the Wayback Machine capture of the PDF fetched with the id_ form (original bytes). Listed on the SEC ""Final Orders of the Commission"" page."
usa-sec-wb-order-34-90350,"Order Determining Whistleblower Award Claim(s), Exchange Act Release No. 90350",U.S. Securities and Exchange Commission,,government,USA,2020-11-05,2026-10-05,https://www.sec.gov/rules/other/2020/34-90350.pdf,https://web.archive.org/web/2025/https://www.sec.gov/rules/other/2020/34-90350.pdf,raw/usa-sec-wb-order-34-90350.pdf,897611b7c1725e5b167632999de9f8120cbdcd43a41e7ffee51b41bd18195ffe,"SEC whistleblower award order (redacted public version): award amount and/or percentage, claimants, related actions","sec.gov blocks scripted downloads; stored copy is the Wayback Machine capture of the PDF fetched with the id_ form (original bytes). Listed on the SEC ""Final Orders of the Commission"" page."
usa-sec-wb-order-34-90351,"Order Determining Whistleblower Award Claim(s), Exchange Act Release No. 90351",U.S. Securities and Exchange Commission,,government,USA,2020-11-05,2026-10-05,https://www.sec.gov/rules/other/2020/34-90351.pdf,https://web.archive.org/web/2025/https://www.sec.gov/rules/other/2020/34-90351.pdf,raw/usa-sec-wb-order-34-90351.pdf,833cefe372774cd2352742187189379e86b718d70f31f9ae184f0d0896046247,"SEC whistleblower award order (redacted public version): award amount and/or percentage, claimants, related actions","sec.gov blocks scripted downloads; stored copy is the Wayback Machine capture of the PDF fetched with the id_ form (original bytes). Listed on the SEC ""Final Orders of the Commission"" page."
usa-sec-wb-order-34-90412,"Order Determining Whistleblower Award Claim(s), Exchange Act Release No. 90412",U.S. Securities and Exchange Commission,,government,USA,2020-11-13,2026-10-05,https://www.sec.gov/rules/other/2020/34-90412.pdf,https://web.archive.org/web/2025/https://www.sec.gov/rules/other/2020/34-90412.pdf,raw/usa-sec-wb-order-34-90412.pdf,cea80756d8006b726f5fba6020c5e9ae2f64c7f069d9c174442af51bf5cc8445,"SEC whistleblower award order (redacted public version): award amount and/or percentage, claimants, related actions","sec.gov blocks scripted downloads; stored copy is the Wayback Machine capture of the PDF fetched with the id_ form (original bytes). Listed on the SEC ""Final Orders of the Commission"" page."
usa-sec-wb-order-34-90460,"Order Determining Whistleblower Award Claim(s), Exchange Act Release No. 90460",U.S. Securities and Exchange Commission,,government,USA,2020-11-19,2026-10-05,https://www.sec.gov/rules/other/2020/34-90460.pdf,https://web.archive.org/web/2025/https://www.sec.gov/rules/other/2020/34-90460.pdf,raw/usa-sec-wb-order-34-90460.pdf,5ce7ce50b716f9b90e47966df6a8ddceefed54403448f8a7853a6a81e2a35052,"SEC whistleblower award order (redacted public version): award amount and/or percentage, claimants, related actions","sec.gov blocks scripted downloads; stored copy is the Wayback Machine capture of the PDF fetched with the id_ form (original bytes). Listed on the SEC ""Final Orders of the Commission"" page."
usa-sec-wb-order-34-90468,"Order Determining Whistleblower Award Claim(s), Exchange Act Release No. 90468",U.S. Securities and Exchange Commission,,government,USA,2020-11-20,2026-10-05,https://www.sec.gov/rules/other/2020/34-90468.pdf,https://web.archive.org/web/2025/https://www.sec.gov/rules/other/2020/34-90468.pdf,raw/usa-sec-wb-order-34-90468.pdf,3be6524612e540aa6d7abfcdc2e0dd28e895905f9615a81c5e75b00880d6086d,"SEC whistleblower award order (redacted public version): award amount and/or percentage, claimants, related actions","sec.gov blocks scripted downloads; stored copy is the Wayback Machine capture of the PDF fetched with the id_ form (original bytes). Listed on the SEC ""Final Orders of the Commission"" page."
usa-sec-wb-order-34-90506,"Order Determining Whistleblower Award Claim(s), Exchange Act Release No. 90506",U.S. Securities and Exchange Commission,,government,USA,2020-11-24,2026-10-05,https://www.sec.gov/rules/other/2020/34-90506.pdf,https://web.archive.org/web/2025/https://www.sec.gov/rules/other/2020/34-90506.pdf,raw/usa-sec-wb-order-34-90506.pdf,4f75103010b617a2862947d652b20a6af0b42bd69dd9f9c8c3ed5ac4b6f79168,"SEC whistleblower award order (redacted public version): award amount and/or percentage, claimants, related actions","sec.gov blocks scripted downloads; stored copy is the Wayback Machine capture of the PDF fetched with the id_ form (original bytes). Listed on the SEC ""Final Orders of the Commission"" page."
usa-sec-wb-order-34-90537,"Order Determining Whistleblower Award Claim(s), Exchange Act Release No. 90537",U.S. Securities and Exchange Commission,,government,USA,2020-12-01,2026-10-05,https://www.sec.gov/rules/other/2020/34-90537.pdf,https://web.archive.org/web/2025/https://www.sec.gov/rules/other/2020/34-90537.pdf,raw/usa-sec-wb-order-34-90537.pdf,bbd1d5934932ff15446674ec99c7ad66091e4c788b3d3ce98f935ef175dd6299,"SEC whistleblower award order (redacted public version): award amount and/or percentage, claimants, related actions","sec.gov blocks scripted downloads; stored copy is the Wayback Machine capture of the PDF fetched with the id_ form (original bytes). Listed on the SEC ""Final Orders of the Commission"" page."
usa-sec-wb-order-34-90578,"Order Determining Whistleblower Award Claim(s), Exchange Act Release No. 90578",U.S. Securities and Exchange Commission,,government,USA,2020-12-07,2026-10-05,https://www.sec.gov/rules/other/2020/34-90578.pdf,https://web.archive.org/web/2025/https://www.sec.gov/rules/other/2020/34-90578.pdf,raw/usa-sec-wb-order-34-90578.pdf,cefcb2c59537ad1535698f6302447705387c34c524be6b2e8a49a1519fe1d0da,"SEC whistleblower award order (redacted public version): award amount and/or percentage, claimants, related actions","sec.gov blocks scripted downloads; stored copy is the Wayback Machine capture of the PDF fetched with the id_ form (original bytes). Listed on the SEC ""Final Orders of the Commission"" page."
usa-sec-wb-order-34-90580,"Order Determining Whistleblower Award Claim(s), Exchange Act Release No. 90580",U.S. Securities and Exchange Commission,,government,USA,2020-12-07,2026-10-05,https://www.sec.gov/rules/other/2020/34-90580.pdf,https://web.archive.org/web/2025/https://www.sec.gov/rules/other/2020/34-90580.pdf,raw/usa-sec-wb-order-34-90580.pdf,fa465f9ef58b6c23069a1417dc12b315acf0cecdd6f227caf77ecbdf2e6fc751,"SEC whistleblower award order (redacted public version): award amount and/or percentage, claimants, related actions","sec.gov blocks scripted downloads; stored copy is the Wayback Machine capture of the PDF fetched with the id_ form (original bytes). Listed on the SEC ""Final Orders of the Commission"" page."
usa-sec-wb-order-34-90582,"Order Determining Whistleblower Award Claim(s), Exchange Act Release No. 90582",U.S. Securities and Exchange Commission,,government,USA,2020-12-07,2026-10-05,https://www.sec.gov/rules/other/2020/34-90582.pdf,https://web.archive.org/web/2025/https://www.sec.gov/rules/other/2020/34-90582.pdf,raw/usa-sec-wb-order-34-90582.pdf,469a4e64b73afc78ecd261675c9b7b7d9af73a3fdd433ce8de2394ad4cc19881,"SEC whistleblower award order (redacted public version): award amount and/or percentage, claimants, related actions","sec.gov blocks scripted downloads; stored copy is the Wayback Machine capture of the PDF fetched with the id_ form (original bytes). Listed on the SEC ""Final Orders of the Commission"" page."
usa-sec-wb-order-34-90656,"Order Determining Whistleblower Award Claim(s), Exchange Act Release No. 90656",U.S. Securities and Exchange Commission,,government,USA,2020-12-14,2026-10-05,https://www.sec.gov/rules/other/2020/34-90656.pdf,https://web.archive.org/web/2025/https://www.sec.gov/rules/other/2020/34-90656.pdf,raw/usa-sec-wb-order-34-90656.pdf,037308d7ae6ed4c42eab18129eea5a384dd37916630617ac920238b9fdbf6e82,"SEC whistleblower award order (redacted public version): award amount and/or percentage, claimants, related actions","sec.gov blocks scripted downloads; stored copy is the Wayback Machine capture of the PDF fetched with the id_ form (original bytes). Listed on the SEC ""Final Orders of the Commission"" page."
usa-sec-wb-order-34-90718,"Order Determining Whistleblower Award Claim(s), Exchange Act Release No. 90718",U.S. Securities and Exchange Commission,,government,USA,2020-12-18,2026-10-05,https://www.sec.gov/rules/other/2020/34-90718.pdf,https://web.archive.org/web/2025/https://www.sec.gov/rules/other/2020/34-90718.pdf,raw/usa-sec-wb-order-34-90718.pdf,ac7846c7d5d86019ea5de00463332b984d2dabc5dd80bcb3db6705c38678fdfe,"SEC whistleblower award order (redacted public version): award amount and/or percentage, claimants, related actions","sec.gov blocks scripted downloads; stored copy is the Wayback Machine capture of the PDF fetched with the id_ form (original bytes). Listed on the SEC ""Final Orders of the Commission"" page."
usa-sec-wb-order-34-90720,"Order Determining Whistleblower Award Claim(s), Exchange Act Release No. 90720",U.S. Securities and Exchange Commission,,government,USA,2020-12-18,2026-10-05,https://www.sec.gov/rules/other/2020/34-90720.pdf,https://web.archive.org/web/2025/https://www.sec.gov/rules/other/2020/34-90720.pdf,raw/usa-sec-wb-order-34-90720.pdf,be3a9c43a25ab571b8d02a1a4e54b6595ea2d44b2d928cfd39c370a96ac6a144,"SEC whistleblower award order (redacted public version): award amount and/or percentage, claimants, related actions","sec.gov blocks scripted downloads; stored copy is the Wayback Machine capture of the PDF fetched with the id_ form (original bytes). Listed on the SEC ""Final Orders of the Commission"" page."
usa-sec-wb-order-34-90721,"Order Determining Whistleblower Award Claim(s), Exchange Act Release No. 90721",U.S. Securities and Exchange Commission,,government,USA,2020-12-18,2026-10-05,https://www.sec.gov/rules/other/2020/34-90721.pdf,https://web.archive.org/web/2025/https://www.sec.gov/rules/other/2020/34-90721.pdf,raw/usa-sec-wb-order-34-90721.pdf,eeb0b7fdb81ab0782c0cc2d67d7f7bbe174a5076ba1699815c578c3514807936,"SEC whistleblower award order (redacted public version): award amount and/or percentage, claimants, related actions","sec.gov blocks scripted downloads; stored copy is the Wayback Machine capture of the PDF fetched with the id_ form (original bytes). Listed on the SEC ""Final Orders of the Commission"" page."
usa-sec-wb-order-34-90767,"Order Determining Whistleblower Award Claim(s), Exchange Act Release No. 90767",U.S. Securities and Exchange Commission,,government,USA,2020-12-22,2026-10-05,https://www.sec.gov/rules/other/2020/34-90767.pdf,https://web.archive.org/web/2025/https://www.sec.gov/rules/other/2020/34-90767.pdf,raw/usa-sec-wb-order-34-90767.pdf,e5459ec08011ff947df81404c8561d724e0c243972aa9de3e327a733a53cf211,"SEC whistleblower award order (redacted public version): award amount and/or percentage, claimants, related actions","sec.gov blocks scripted downloads; stored copy is the Wayback Machine capture of the PDF fetched with the id_ form (original bytes). Listed on the SEC ""Final Orders of the Commission"" page."
usa-sec-wb-order-34-90864,"Order Determining Whistleblower Award Claim(s), Exchange Act Release No. 90864",U.S. Securities and Exchange Commission,,government,USA,2021-01-07,2026-10-05,https://www.sec.gov/rules/other/2021/34-90864.pdf,https://web.archive.org/web/2025/https://www.sec.gov/rules/other/2021/34-90864.pdf,raw/usa-sec-wb-order-34-90864.pdf,45c45ca43f45c1c8c2280b4643849b41df6cd5ca7328f2bbb9f413a3b37682d5,"SEC whistleblower award order (redacted public version): award amount and/or percentage, claimants, related actions","sec.gov blocks scripted downloads; stored copy is the Wayback Machine capture of the PDF fetched with the id_ form (original bytes). Listed on the SEC ""Final Orders of the Commission"" page."
usa-sec-wb-order-34-90866,"Order Determining Whistleblower Award Claim(s), Exchange Act Release No. 90866",U.S. Securities and Exchange Commission,,government,USA,2021-01-07,2026-10-05,https://www.sec.gov/rules/other/2021/34-90866.pdf,https://web.archive.org/web/2025/https://www.sec.gov/rules/other/2021/34-90866.pdf,raw/usa-sec-wb-order-34-90866.pdf,f359d447ef1d92deb4874d13fe82cc57e051f7627a6b2c63f2522920b7e47d4c,"SEC whistleblower award order (redacted public version): award amount and/or percentage, claimants, related actions","sec.gov blocks scripted downloads; stored copy is the Wayback Machine capture of the PDF fetched with the id_ form (original bytes). Listed on the SEC ""Final Orders of the Commission"" page."
usa-sec-wb-order-34-90867,"Order Determining Whistleblower Award Claim(s), Exchange Act Release No. 90867",U.S. Securities and Exchange Commission,,government,USA,2021-01-07,2026-10-05,https://www.sec.gov/rules/other/2021/34-90867.pdf,https://web.archive.org/web/2025/https://www.sec.gov/rules/other/2021/34-90867.pdf,raw/usa-sec-wb-order-34-90867.pdf,29f1a885b3366309410395d5c5d325ba78b664eab5e146471bbd8af1e4057b8f,"SEC whistleblower award order (redacted public version): award amount and/or percentage, claimants, related actions","sec.gov blocks scripted downloads; stored copy is the Wayback Machine capture of the PDF fetched with the id_ form (original bytes). Listed on the SEC ""Final Orders of the Commission"" page."
usa-sec-wb-order-34-90922,"Order Determining Whistleblower Award Claim(s), Exchange Act Release No. 90922",U.S. Securities and Exchange Commission,,government,USA,2021-01-14,2026-10-05,https://www.sec.gov/rules/other/2021/34-90922.pdf,https://web.archive.org/web/2025/https://www.sec.gov/rules/other/2021/34-90922.pdf,raw/usa-sec-wb-order-34-90922.pdf,707cd277944dcbb742f19040d79ec91fa3f9b953758a91fea6260933fbdabce2,"SEC whistleblower award order (redacted public version): award amount and/or percentage, claimants, related actions","sec.gov blocks scripted downloads; stored copy is the Wayback Machine capture of the PDF fetched with the id_ form (original bytes). Listed on the SEC ""Final Orders of the Commission"" page."
usa-sec-wb-order-34-91163,"Order Determining Whistleblower Award Claim(s), Exchange Act Release No. 91163",U.S. Securities and Exchange Commission,,government,USA,2021-02-19,2026-10-05,https://www.sec.gov/rules/other/2021/34-91163.pdf,https://web.archive.org/web/2025/https://www.sec.gov/rules/other/2021/34-91163.pdf,raw/usa-sec-wb-order-34-91163.pdf,e78041bd6b050267db880628511af03ea52b6196fffb6b0cf94a4fcc1a6aa5bf,"SEC whistleblower award order (redacted public version): award amount and/or percentage, claimants, related actions","sec.gov blocks scripted downloads; stored copy is the Wayback Machine capture of the PDF fetched with the id_ form (original bytes). Listed on the SEC ""Final Orders of the Commission"" page."
usa-sec-wb-order-34-91164,"Order Determining Whistleblower Award Claim(s), Exchange Act Release No. 91164",U.S. Securities and Exchange Commission,,government,USA,2021-02-19,2026-10-05,https://www.sec.gov/rules/other/2021/34-91164.pdf,https://web.archive.org/web/2025/https://www.sec.gov/rules/other/2021/34-91164.pdf,raw/usa-sec-wb-order-34-91164.pdf,a4f44021ae3073665ac51e0fee32f76c216a1b1cfbcad90a7f86fbd7e8ed6f96,"SEC whistleblower award order (redacted public version): award amount and/or percentage, claimants, related actions","sec.gov blocks scripted downloads; stored copy is the Wayback Machine capture of the PDF fetched with the id_ form (original bytes). Listed on the SEC ""Final Orders of the Commission"" page."
usa-sec-wb-order-34-91183,"Order Determining Whistleblower Award Claim(s), Exchange Act Release No. 91183",U.S. Securities and Exchange Commission,,government,USA,2021-02-23,2026-10-05,https://www.sec.gov/rules/other/2021/34-91183.pdf,https://web.archive.org/web/2025/https://www.sec.gov/rules/other/2021/34-91183.pdf,raw/usa-sec-wb-order-34-91183.pdf,6a3b87b57cf281f750558628615e707a97b13f9314da0d7163a6036752c9c610,"SEC whistleblower award order (redacted public version): award amount and/or percentage, claimants, related actions","sec.gov blocks scripted downloads; stored copy is the Wayback Machine capture of the PDF fetched with the id_ form (original bytes). Listed on the SEC ""Final Orders of the Commission"" page."
usa-sec-wb-order-34-91206,"Order Determining Whistleblower Award Claim(s), Exchange Act Release No. 91206",U.S. Securities and Exchange Commission,,government,USA,2021-02-25,2026-10-05,https://www.sec.gov/rules/other/2021/34-91206.pdf,https://web.archive.org/web/2025/https://www.sec.gov/rules/other/2021/34-91206.pdf,raw/usa-sec-wb-order-34-91206.pdf,6947db5a750fafc6abe746a88da186e58231c210cc9cdc5f5af78cf791f765f3,"SEC whistleblower award order (redacted public version): award amount and/or percentage, claimants, related actions","sec.gov blocks scripted downloads; stored copy is the Wayback Machine capture of the PDF fetched with the id_ form (original bytes). Listed on the SEC ""Final Orders of the Commission"" page."
usa-sec-wb-order-34-91207,"Order Determining Whistleblower Award Claim(s), Exchange Act Release No. 91207",U.S. Securities and Exchange Commission,,government,USA,2021-02-25,2026-10-05,https://www.sec.gov/rules/other/2021/34-91207.pdf,https://web.archive.org/web/2025/https://www.sec.gov/rules/other/2021/34-91207.pdf,raw/usa-sec-wb-order-34-91207.pdf,6ce905b0f0a13fe0ecffc0e6d5d8d83e4dd01e10a6c4553c801dc18da82a9ae2,"SEC whistleblower award order (redacted public version): award amount and/or percentage, claimants, related actions","sec.gov blocks scripted downloads; stored copy is the Wayback Machine capture of the PDF fetched with the id_ form (original bytes). Listed on the SEC ""Final Orders of the Commission"" page."
usa-sec-wb-order-34-91225,"Order Determining Whistleblower Award Claim(s), Exchange Act Release No. 91225",U.S. Securities and Exchange Commission,,government,USA,2021-03-01,2026-10-05,https://www.sec.gov/rules/other/2021/34-91225.pdf,https://web.archive.org/web/2025/https://www.sec.gov/rules/other/2021/34-91225.pdf,raw/usa-sec-wb-order-34-91225.pdf,08f8ca4d929244de16ab4df4c5a405d983f1d98cdaf5c2ab08d46e722c0cc27e,"SEC whistleblower award order (redacted public version): award amount and/or percentage, claimants, related actions","sec.gov blocks scripted downloads; stored copy is the Wayback Machine capture of the PDF fetched with the id_ form (original bytes). Listed on the SEC ""Final Orders of the Commission"" page."
usa-sec-wb-order-34-91253,"Order Determining Whistleblower Award Claim(s), Exchange Act Release No. 91253",U.S. Securities and Exchange Commission,,government,USA,2021-03-04,2026-10-05,https://www.sec.gov/rules/other/2021/34-91253.pdf,https://web.archive.org/web/2025/https://www.sec.gov/rules/other/2021/34-91253.pdf,raw/usa-sec-wb-order-34-91253.pdf,45861ae609d1fe27145ea3cac4710a715564c7c1cd87af7cf199253593110318,"SEC whistleblower award order (redacted public version): award amount and/or percentage, claimants, related actions","sec.gov blocks scripted downloads; stored copy is the Wayback Machine capture of the PDF fetched with the id_ form (original bytes). Listed on the SEC ""Final Orders of the Commission"" page."
usa-sec-wb-order-34-91280,"Order Determining Whistleblower Award Claim(s), Exchange Act Release No. 91280",U.S. Securities and Exchange Commission,,government,USA,2021-03-09,2026-10-05,https://www.sec.gov/rules/other/2021/34-91280.pdf,https://web.archive.org/web/2025/https://www.sec.gov/rules/other/2021/34-91280.pdf,raw/usa-sec-wb-order-34-91280.pdf,cef9330f76fd081a00aca004b5e6757d4a839631071754fda00d0dcc75214c36,"SEC whistleblower award order (redacted public version): award amount and/or percentage, claimants, related actions","sec.gov blocks scripted downloads; stored copy is the Wayback Machine capture of the PDF fetched with the id_ form (original bytes). Listed on the SEC ""Final Orders of the Commission"" page."
usa-sec-wb-order-34-91332,"Order Determining Whistleblower Award Claim(s), Exchange Act Release No. 91332",U.S. Securities and Exchange Commission,,government,USA,2021-03-16,2026-10-05,https://www.sec.gov/rules/other/2021/34-91332.pdf,https://web.archive.org/web/2025/https://www.sec.gov/rules/other/2021/34-91332.pdf,raw/usa-sec-wb-order-34-91332.pdf,d2cedddb042bde15a5eafa880f1dbc25c5a079c888989e5b859091ff3dd2ea97,"SEC whistleblower award order (redacted public version): award amount and/or percentage, claimants, related actions","sec.gov blocks scripted downloads; stored copy is the Wayback Machine capture of the PDF fetched with the id_ form (original bytes). Listed on the SEC ""Final Orders of the Commission"" page."
usa-sec-wb-order-34-91426,"Order Determining Whistleblower Award Claim(s), Exchange Act Release No. 91426",U.S. Securities and Exchange Commission,,government,USA,2021-03-29,2026-10-05,https://www.sec.gov/rules/other/2021/34-91426.pdf,https://web.archive.org/web/2025/https://www.sec.gov/rules/other/2021/34-91426.pdf,raw/usa-sec-wb-order-34-91426.pdf,1ace8a4f54cfe9f991973fb661bc8aab187b62dd815fa9aa073c575f6d9b7b49,"SEC whistleblower award order (redacted public version): award amount and/or percentage, claimants, related actions","sec.gov blocks scripted downloads; stored copy is the Wayback Machine capture of the PDF fetched with the id_ form (original bytes). Listed on the SEC ""Final Orders of the Commission"" page."
usa-sec-wb-order-34-91427,"Order Determining Whistleblower Award Claim(s), Exchange Act Release No. 91427",U.S. Securities and Exchange Commission,,government,USA,2021-03-29,2026-10-05,https://www.sec.gov/rules/other/2021/34-91427.pdf,https://web.archive.org/web/2025/https://www.sec.gov/rules/other/2021/34-91427.pdf,raw/usa-sec-wb-order-34-91427.pdf,67b959533959e2ca7cbf3c712d8561f6a035f70513ae8b0f5a45b265f1ae196f,"SEC whistleblower award order (redacted public version): award amount and/or percentage, claimants, related actions","sec.gov blocks scripted downloads; stored copy is the Wayback Machine capture of the PDF fetched with the id_ form (original bytes). Listed on the SEC ""Final Orders of the Commission"" page."
usa-sec-wb-order-34-91520,"Order Determining Whistleblower Award Claim(s), Exchange Act Release No. 91520",U.S. Securities and Exchange Commission,,government,USA,2021-04-09,2026-10-05,https://www.sec.gov/rules/other/2021/34-91520.pdf,https://web.archive.org/web/2025/https://www.sec.gov/rules/other/2021/34-91520.pdf,raw/usa-sec-wb-order-34-91520.pdf,0832bc2bbda818ba312b0cb4bb7a705bedea09ba0f539c5f4c741aed2f996c38,"SEC whistleblower award order (redacted public version): award amount and/or percentage, claimants, related actions","sec.gov blocks scripted downloads; stored copy is the Wayback Machine capture of the PDF fetched with the id_ form (original bytes). Listed on the SEC ""Final Orders of the Commission"" page."
usa-sec-wb-order-34-91525,"Order Determining Whistleblower Award Claim(s), Exchange Act Release No. 91525",U.S. Securities and Exchange Commission,,government,USA,2021-04-09,2026-10-05,https://www.sec.gov/rules/other/2021/34-91525.pdf,https://web.archive.org/web/2025/https://www.sec.gov/rules/other/2021/34-91525.pdf,raw/usa-sec-wb-order-34-91525.pdf,68e57a81f6ca750d52ac63648d1adc89e833f2d50a9573a2fa6598c880b1a9c5,"SEC whistleblower award order (redacted public version): award amount and/or percentage, claimants, related actions","sec.gov blocks scripted downloads; stored copy is the Wayback Machine capture of the PDF fetched with the id_ form (original bytes). Listed on the SEC ""Final Orders of the Commission"" page."
usa-sec-wb-order-34-91649,"Order Determining Whistleblower Award Claim(s), Exchange Act Release No. 91649",U.S. Securities and Exchange Commission,,government,USA,2021-04-23,2026-10-05,https://www.sec.gov/rules/other/2021/34-91649.pdf,https://web.archive.org/web/2025/https://www.sec.gov/rules/other/2021/34-91649.pdf,raw/usa-sec-wb-order-34-91649.pdf,41a6cd567617cd4cc486551217eebda1f3dfbbd786775a29023d5ca08fd3afe6,"SEC whistleblower award order (redacted public version): award amount and/or percentage, claimants, related actions","sec.gov blocks scripted downloads; stored copy is the Wayback Machine capture of the PDF fetched with the id_ form (original bytes). Listed on the SEC ""Final Orders of the Commission"" page."
usa-sec-wb-order-34-91650,"Order Determining Whistleblower Award Claim(s), Exchange Act Release No. 91650",U.S. Securities and Exchange Commission,,government,USA,2021-04-23,2026-10-05,https://www.sec.gov/rules/other/2021/34-91650.pdf,https://web.archive.org/web/2025/https://www.sec.gov/rules/other/2021/34-91650.pdf,raw/usa-sec-wb-order-34-91650.pdf,e7a168d42a3d59a1721373c445718651cfb39dbb086cad407f8971f7f72c52ff,"SEC whistleblower award order (redacted public version): award amount and/or percentage, claimants, related actions","sec.gov blocks scripted downloads; stored copy is the Wayback Machine capture of the PDF fetched with the id_ form (original bytes). Listed on the SEC ""Final Orders of the Commission"" page."
usa-sec-wb-order-34-91651,"Order Determining Whistleblower Award Claim(s), Exchange Act Release No. 91651",U.S. Securities and Exchange Commission,,government,USA,2021-04-23,2026-10-05,https://www.sec.gov/rules/other/2021/34-91651.pdf,https://web.archive.org/web/2025/https://www.sec.gov/rules/other/2021/34-91651.pdf,raw/usa-sec-wb-order-34-91651.pdf,6b983ef9b6b9bfc7ec46f1f3b6476f6568985c5286711ea207f16beca959f719,"SEC whistleblower award order (redacted public version): award amount and/or percentage, claimants, related actions","sec.gov blocks scripted downloads; stored copy is the Wayback Machine capture of the PDF fetched with the id_ form (original bytes). Listed on the SEC ""Final Orders of the Commission"" page."
usa-sec-wb-order-34-91808,"Order Determining Whistleblower Award Claim(s), Exchange Act Release No. 91808",U.S. Securities and Exchange Commission,,government,USA,2021-05-10,2026-10-05,https://www.sec.gov/rules/other/2021/34-91808.pdf,https://web.archive.org/web/2025/https://www.sec.gov/rules/other/2021/34-91808.pdf,raw/usa-sec-wb-order-34-91808.pdf,2ce60ff68e97a25d934056e698381b9d71402be1fc657f1af0e56fe197937692,"SEC whistleblower award order (redacted public version): award amount and/or percentage, claimants, related actions","sec.gov blocks scripted downloads; stored copy is the Wayback Machine capture of the PDF fetched with the id_ form (original bytes). Listed on the SEC ""Final Orders of the Commission"" page."
usa-sec-wb-order-34-91854,"Order Determining Whistleblower Award Claim(s), Exchange Act Release No. 91854",U.S. Securities and Exchange Commission,,government,USA,2021-05-12,2026-10-05,https://www.sec.gov/rules/other/2021/34-91854.pdf,https://web.archive.org/web/2025/https://www.sec.gov/rules/other/2021/34-91854.pdf,raw/usa-sec-wb-order-34-91854.pdf,3e9d0a813df319ae7c1af4abacaf2464eaed3008de911817fa2fb43e6d15421b,"SEC whistleblower award order (redacted public version): award amount and/or percentage, claimants, related actions","sec.gov blocks scripted downloads; stored copy is the Wayback Machine capture of the PDF fetched with the id_ form (original bytes). Listed on the SEC ""Final Orders of the Commission"" page."
usa-sec-wb-order-34-91896,"Order Determining Whistleblower Award Claim(s), Exchange Act Release No. 91896",U.S. Securities and Exchange Commission,,government,USA,2021-05-14,2026-10-05,https://www.sec.gov/rules/other/2021/34-91896.pdf,https://web.archive.org/web/2025/https://www.sec.gov/rules/other/2021/34-91896.pdf,raw/usa-sec-wb-order-34-91896.pdf,cd754a7f352eec6782fe5800aa03f184beaac6ad571acceaae209be3caee870f,"SEC whistleblower award order (redacted public version): award amount and/or percentage, claimants, related actions","sec.gov blocks scripted downloads; stored copy is the Wayback Machine capture of the PDF fetched with the id_ form (original bytes). Listed on the SEC ""Final Orders of the Commission"" page."
usa-sec-wb-order-34-91902,"Order Determining Whistleblower Award Claim(s), Exchange Act Release No. 91902",U.S. Securities and Exchange Commission,,government,USA,2021-05-17,2026-10-05,https://www.sec.gov/rules/other/2021/34-91902.pdf,https://web.archive.org/web/2025/https://www.sec.gov/rules/other/2021/34-91902.pdf,raw/usa-sec-wb-order-34-91902.pdf,067495df6175175c2e5985aaa0c9606a353b67cba8ad32fbfeeb591ed7011b07,"SEC whistleblower award order (redacted public version): award amount and/or percentage, claimants, related actions","sec.gov blocks scripted downloads; stored copy is the Wayback Machine capture of the PDF fetched with the id_ form (original bytes). Listed on the SEC ""Final Orders of the Commission"" page."
usa-sec-wb-order-34-91903,"Order Determining Whistleblower Award Claim(s), Exchange Act Release No. 91903",U.S. Securities and Exchange Commission,,government,USA,2021-05-17,2026-10-05,https://www.sec.gov/rules/other/2021/34-91903.pdf,https://web.archive.org/web/2025/https://www.sec.gov/rules/other/2021/34-91903.pdf,raw/usa-sec-wb-order-34-91903.pdf,b7c364c5837ef7d7c562fb9b1a9c216871934d3a50e25e9acb834ec14ad65db6,"SEC whistleblower award order (redacted public version): award amount and/or percentage, claimants, related actions","sec.gov blocks scripted downloads; stored copy is the Wayback Machine capture of the PDF fetched with the id_ form (original bytes). Listed on the SEC ""Final Orders of the Commission"" page."
usa-sec-wb-order-34-91933,"Order Determining Whistleblower Award Claim(s), Exchange Act Release No. 91933",U.S. Securities and Exchange Commission,,government,USA,2021-05-19,2026-10-05,https://www.sec.gov/rules/other/2021/34-91933.pdf,https://web.archive.org/web/2025/https://www.sec.gov/rules/other/2021/34-91933.pdf,raw/usa-sec-wb-order-34-91933.pdf,8e5f67033f35601b72b58b79b1979c1280116487525fe4372246ec61d7c89eca,"SEC whistleblower award order (redacted public version): award amount and/or percentage, claimants, related actions","sec.gov blocks scripted downloads; stored copy is the Wayback Machine capture of the PDF fetched with the id_ form (original bytes). Listed on the SEC ""Final Orders of the Commission"" page."
usa-sec-wb-order-34-92037,"Order Determining Whistleblower Award Claim(s), Exchange Act Release No. 92037",U.S. Securities and Exchange Commission,,government,USA,2021-05-27,2026-10-05,https://www.sec.gov/rules/other/2021/34-92037.pdf,https://web.archive.org/web/2025/https://www.sec.gov/rules/other/2021/34-92037.pdf,raw/usa-sec-wb-order-34-92037.pdf,321b95995477ea089fc2b9d6980be0a0fbf5c3de5404d5a50488fb6fdfaca427,"SEC whistleblower award order (redacted public version): award amount and/or percentage, claimants, related actions","sec.gov blocks scripted downloads; stored copy is the Wayback Machine capture of the PDF fetched with the id_ form (original bytes). Listed on the SEC ""Final Orders of the Commission"" page."
usa-sec-wb-order-34-92086,"Order Determining Whistleblower Award Claim(s), Exchange Act Release No. 92086",U.S. Securities and Exchange Commission,,government,USA,2021-06-02,2026-10-05,https://www.sec.gov/rules/other/2021/34-92086.pdf,https://web.archive.org/web/2025/https://www.sec.gov/rules/other/2021/34-92086.pdf,raw/usa-sec-wb-order-34-92086.pdf,481aeb90d7fd01ffeb35ee138ee43d6a8dd6767337977d226344dba346226787,"SEC whistleblower award order (redacted public version): award amount and/or percentage, claimants, related actions","sec.gov blocks scripted downloads; stored copy is the Wayback Machine capture of the PDF fetched with the id_ form (original bytes). Listed on the SEC ""Final Orders of the Commission"" page."
usa-sec-wb-order-34-92099,"Order Determining Whistleblower Award Claim(s), Exchange Act Release No. 92099",U.S. Securities and Exchange Commission,,government,USA,2021-06-03,2026-10-05,https://www.sec.gov/rules/other/2021/34-92099.pdf,https://web.archive.org/web/2025/https://www.sec.gov/rules/other/2021/34-92099.pdf,raw/usa-sec-wb-order-34-92099.pdf,d8ebfcd9186eac6879f0ec0d0c8f80ec7873d6b5764096d675221e54f54c47ff,"SEC whistleblower award order (redacted public version): award amount and/or percentage, claimants, related actions","sec.gov blocks scripted downloads; stored copy is the Wayback Machine capture of the PDF fetched with the id_ form (original bytes). Listed on the SEC ""Final Orders of the Commission"" page."
usa-sec-wb-order-34-92100,"Order Determining Whistleblower Award Claim(s), Exchange Act Release No. 92100",U.S. Securities and Exchange Commission,,government,USA,2021-06-03,2026-10-05,https://www.sec.gov/rules/other/2021/34-92100.pdf,https://web.archive.org/web/2025/https://www.sec.gov/rules/other/2021/34-92100.pdf,raw/usa-sec-wb-order-34-92100.pdf,2123de2c5b15a4999799131b3069fa766b5a08988d6fb891408507c6383f5a1a,"SEC whistleblower award order (redacted public version): award amount and/or percentage, claimants, related actions","sec.gov blocks scripted downloads; stored copy is the Wayback Machine capture of the PDF fetched with the id_ form (original bytes). Listed on the SEC ""Final Orders of the Commission"" page."
usa-sec-wb-order-34-92101,"Order Determining Whistleblower Award Claim(s), Exchange Act Release No. 92101",U.S. Securities and Exchange Commission,,government,USA,2021-06-03,2026-10-05,https://www.sec.gov/rules/other/2021/34-92101.pdf,https://web.archive.org/web/2025/https://www.sec.gov/rules/other/2021/34-92101.pdf,raw/usa-sec-wb-order-34-92101.pdf,975796513e1fe049a82d4b9d8751499913aac5cc94ebf23a01321855095b39b1,"SEC whistleblower award order (redacted public version): award amount and/or percentage, claimants, related actions","sec.gov blocks scripted downloads; stored copy is the Wayback Machine capture of the PDF fetched with the id_ form (original bytes). Listed on the SEC ""Final Orders of the Commission"" page."
usa-sec-wb-order-34-92102,"Order Determining Whistleblower Award Claim(s), Exchange Act Release No. 92102",U.S. Securities and Exchange Commission,,government,USA,2021-06-03,2026-10-05,https://www.sec.gov/rules/other/2021/34-92102.pdf,https://web.archive.org/web/2025/https://www.sec.gov/rules/other/2021/34-92102.pdf,raw/usa-sec-wb-order-34-92102.pdf,4b92093168ba7093359604d2697caa52340aad585b548733cbece09f9a3a6487,"SEC whistleblower award order (redacted public version): award amount and/or percentage, claimants, related actions","sec.gov blocks scripted downloads; stored copy is the Wayback Machine capture of the PDF fetched with the id_ form (original bytes). Listed on the SEC ""Final Orders of the Commission"" page."
usa-sec-wb-order-34-92163,"Order Determining Whistleblower Award Claim(s), Exchange Act Release No. 92163",U.S. Securities and Exchange Commission,,government,USA,2021-06-14,2026-10-05,https://www.sec.gov/rules/other/2021/34-92163.pdf,https://web.archive.org/web/2025/https://www.sec.gov/rules/other/2021/34-92163.pdf,raw/usa-sec-wb-order-34-92163.pdf,4f1e75c1cfc13573b5b39261d568168e1cf63c6f894d3763b4fc81328a162b04,"SEC whistleblower award order (redacted public version): award amount and/or percentage, claimants, related actions","sec.gov blocks scripted downloads; stored copy is the Wayback Machine capture of the PDF fetched with the id_ form (original bytes). Listed on the SEC ""Final Orders of the Commission"" page."
usa-sec-wb-order-34-92164,"Order Determining Whistleblower Award Claim(s), Exchange Act Release No. 92164",U.S. Securities and Exchange Commission,,government,USA,2021-06-14,2026-10-05,https://www.sec.gov/rules/other/2021/34-92164.pdf,https://web.archive.org/web/2025/https://www.sec.gov/rules/other/2021/34-92164.pdf,raw/usa-sec-wb-order-34-92164.pdf,c0f5123898ec95e71a0c3ba76bdd0cd66fec9cc23ab0b7896247ddffa3ab2d21,"SEC whistleblower award order (redacted public version): award amount and/or percentage, claimants, related actions","sec.gov blocks scripted downloads; stored copy is the Wayback Machine capture of the PDF fetched with the id_ form (original bytes). Listed on the SEC ""Final Orders of the Commission"" page."
usa-sec-wb-order-34-92210,"Order Determining Whistleblower Award Claim(s), Exchange Act Release No. 92210",U.S. Securities and Exchange Commission,,government,USA,2021-06-21,2026-10-05,https://www.sec.gov/rules/other/2021/34-92210.pdf,https://web.archive.org/web/2025/https://www.sec.gov/rules/other/2021/34-92210.pdf,raw/usa-sec-wb-order-34-92210.pdf,2a6f1343a63a0801c7a2d5d3054c7a320f64fd1b026b628bcf134b9b666c70f6,"SEC whistleblower award order (redacted public version): award amount and/or percentage, claimants, related actions","sec.gov blocks scripted downloads; stored copy is the Wayback Machine capture of the PDF fetched with the id_ form (original bytes). Listed on the SEC ""Final Orders of the Commission"" page."
usa-sec-wb-order-34-92212,"Order Determining Whistleblower Award Claim(s), Exchange Act Release No. 92212",U.S. Securities and Exchange Commission,,government,USA,2021-06-21,2026-10-05,https://www.sec.gov/rules/other/2021/34-92212.pdf,https://web.archive.org/web/2025/https://www.sec.gov/rules/other/2021/34-92212.pdf,raw/usa-sec-wb-order-34-92212.pdf,c6390b292955794af57b525beda6188cd461c79a287cc9600bbe4d417dbff42b,"SEC whistleblower award order (redacted public version): award amount and/or percentage, claimants, related actions","sec.gov blocks scripted downloads; stored copy is the Wayback Machine capture of the PDF fetched with the id_ form (original bytes). Listed on the SEC ""Final Orders of the Commission"" page."
usa-sec-wb-order-34-92247,"Order Determining Whistleblower Award Claim(s), Exchange Act Release No. 92247",U.S. Securities and Exchange Commission,,government,USA,2021-06-24,2026-10-05,https://www.sec.gov/rules/other/2021/34-92247.pdf,https://web.archive.org/web/2025/https://www.sec.gov/rules/other/2021/34-92247.pdf,raw/usa-sec-wb-order-34-92247.pdf,052b5cc60ff11762cb2e22aab55d87363889a4211acfbe9026a0cfe34edba2ba,"SEC whistleblower award order (redacted public version): award amount and/or percentage, claimants, related actions","sec.gov blocks scripted downloads; stored copy is the Wayback Machine capture of the PDF fetched with the id_ form (original bytes). Listed on the SEC ""Final Orders of the Commission"" page."
usa-sec-wb-order-34-92248,"Order Determining Whistleblower Award Claim(s), Exchange Act Release No. 92248",U.S. Securities and Exchange Commission,,government,USA,2021-06-24,2026-10-05,https://www.sec.gov/rules/other/2021/34-92248.pdf,https://web.archive.org/web/2025/https://www.sec.gov/rules/other/2021/34-92248.pdf,raw/usa-sec-wb-order-34-92248.pdf,5f340da537e77e98023d15cbce3c37aaafdfd679215f06849183f11183be7f18,"SEC whistleblower award order (redacted public version): award amount and/or percentage, claimants, related actions","sec.gov blocks scripted downloads; stored copy is the Wayback Machine capture of the PDF fetched with the id_ form (original bytes). Listed on the SEC ""Final Orders of the Commission"" page."
usa-sec-wb-order-34-92251,"Order Determining Whistleblower Award Claim(s), Exchange Act Release No. 92251",U.S. Securities and Exchange Commission,,government,USA,2021-06-24,2026-10-05,https://www.sec.gov/rules/other/2021/34-92251.pdf,https://web.archive.org/web/2025/https://www.sec.gov/rules/other/2021/34-92251.pdf,raw/usa-sec-wb-order-34-92251.pdf,d3c720a6f1194bdcf3f4d566fa35b1dd870af8bba79b2066dcbf3664ddfae815,"SEC whistleblower award order (redacted public version): award amount and/or percentage, claimants, related actions","sec.gov blocks scripted downloads; stored copy is the Wayback Machine capture of the PDF fetched with the id_ form (original bytes). Listed on the SEC ""Final Orders of the Commission"" page."
usa-sec-wb-order-34-92411,"Order Determining Whistleblower Award Claim(s), Exchange Act Release No. 92411",U.S. Securities and Exchange Commission,,government,USA,2021-07-15,2026-10-05,https://www.sec.gov/rules/other/2021/34-92411.pdf,https://web.archive.org/web/2025/https://www.sec.gov/rules/other/2021/34-92411.pdf,raw/usa-sec-wb-order-34-92411.pdf,7ff093ffed52e98905d5362da8470236426ee4e123a7b429fa678111e7618735,"SEC whistleblower award order (redacted public version): award amount and/or percentage, claimants, related actions","sec.gov blocks scripted downloads; stored copy is the Wayback Machine capture of the PDF fetched with the id_ form (original bytes). Listed on the SEC ""Final Orders of the Commission"" page."
usa-sec-wb-order-34-92412,"Order Determining Whistleblower Award Claim(s), Exchange Act Release No. 92412",U.S. Securities and Exchange Commission,,government,USA,2021-07-15,2026-10-05,https://www.sec.gov/rules/other/2021/34-92412.pdf,https://web.archive.org/web/2025/https://www.sec.gov/rules/other/2021/34-92412.pdf,raw/usa-sec-wb-order-34-92412.pdf,57174d971894e2a2dcac9ad3c5e14e14745f5401f1ef00158ae931bc3fb3c16c,"SEC whistleblower award order (redacted public version): award amount and/or percentage, claimants, related actions","sec.gov blocks scripted downloads; stored copy is the Wayback Machine capture of the PDF fetched with the id_ form (original bytes). Listed on the SEC ""Final Orders of the Commission"" page."
usa-sec-wb-order-34-92413,"Order Determining Whistleblower Award Claim(s), Exchange Act Release No. 92413",U.S. Securities and Exchange Commission,,government,USA,2021-07-15,2026-10-05,https://www.sec.gov/rules/other/2021/34-92413.pdf,https://web.archive.org/web/2025/https://www.sec.gov/rules/other/2021/34-92413.pdf,raw/usa-sec-wb-order-34-92413.pdf,cf157534fbb6a7dd61b1f4015a5d69d933daf381cda8be95abd9e8bafd256aa1,"SEC whistleblower award order (redacted public version): award amount and/or percentage, claimants, related actions","sec.gov blocks scripted downloads; stored copy is the Wayback Machine capture of the PDF fetched with the id_ form (original bytes). Listed on the SEC ""Final Orders of the Commission"" page."
usa-sec-wb-order-34-92416,"Order Determining Whistleblower Award Claim(s), Exchange Act Release No. 92416",U.S. Securities and Exchange Commission,,government,USA,2021-07-16,2026-10-05,https://www.sec.gov/rules/other/2021/34-92416.pdf,https://web.archive.org/web/2025/https://www.sec.gov/rules/other/2021/34-92416.pdf,raw/usa-sec-wb-order-34-92416.pdf,18c3031144fa0b6b7dcf35a905a28cc8abec32004d18e44241c23f59e1676e44,"SEC whistleblower award order (redacted public version): award amount and/or percentage, claimants, related actions","sec.gov blocks scripted downloads; stored copy is the Wayback Machine capture of the PDF fetched with the id_ form (original bytes). Listed on the SEC ""Final Orders of the Commission"" page."
usa-sec-wb-order-34-92456,"Order Determining Whistleblower Award Claim(s), Exchange Act Release No. 92456",U.S. Securities and Exchange Commission,,government,USA,2021-07-21,2026-10-05,https://www.sec.gov/rules/other/2021/34-92456.pdf,https://web.archive.org/web/2025/https://www.sec.gov/rules/other/2021/34-92456.pdf,raw/usa-sec-wb-order-34-92456.pdf,31721b22bafe7c6bb14b281f852dbc41d75aeed7d3485350873cbf270db49b23,"SEC whistleblower award order (redacted public version): award amount and/or percentage, claimants, related actions","sec.gov blocks scripted downloads; stored copy is the Wayback Machine capture of the PDF fetched with the id_ form (original bytes). Listed on the SEC ""Final Orders of the Commission"" page."
usa-sec-wb-order-34-92541,"Order Determining Whistleblower Award Claim(s), Exchange Act Release No. 92541",U.S. Securities and Exchange Commission,,government,USA,2021-08-02,2026-10-05,https://www.sec.gov/rules/other/2021/34-92541.pdf,https://web.archive.org/web/2025/https://www.sec.gov/rules/other/2021/34-92541.pdf,raw/usa-sec-wb-order-34-92541.pdf,e3dfe842ecba31a9153e4cd232b1a45b5a58ea9d9c71f480bc92ba7f00054a7e,"SEC whistleblower award order (redacted public version): award amount and/or percentage, claimants, related actions","sec.gov blocks scripted downloads; stored copy is the Wayback Machine capture of the PDF fetched with the id_ form (original bytes). Listed on the SEC ""Final Orders of the Commission"" page."
usa-sec-wb-order-34-92542,"Order Determining Whistleblower Award Claim(s), Exchange Act Release No. 92542",U.S. Securities and Exchange Commission,,government,USA,2021-08-02,2026-10-05,https://www.sec.gov/rules/other/2021/34-92542.pdf,https://web.archive.org/web/2025/https://www.sec.gov/rules/other/2021/34-92542.pdf,raw/usa-sec-wb-order-34-92542.pdf,ec1a6c460abd41aaae6ac6fbc3849725e0db530536a38bf96e846f23095133e9,"SEC whistleblower award order (redacted public version): award amount and/or percentage, claimants, related actions","sec.gov blocks scripted downloads; stored copy is the Wayback Machine capture of the PDF fetched with the id_ form (original bytes). Listed on the SEC ""Final Orders of the Commission"" page."
usa-sec-wb-order-34-92587,"Order Determining Whistleblower Award Claim(s), Exchange Act Release No. 92587",U.S. Securities and Exchange Commission,,government,USA,2021-08-06,2026-10-05,https://www.sec.gov/rules/other/2021/34-92587.pdf,https://web.archive.org/web/2025/https://www.sec.gov/rules/other/2021/34-92587.pdf,raw/usa-sec-wb-order-34-92587.pdf,3ddfaa4a6da068c1640e4a877584ac4dfe5e1114472e3872ec8644a61b5b1780,"SEC whistleblower award order (redacted public version): award amount and/or percentage, claimants, related actions","sec.gov blocks scripted downloads; stored copy is the Wayback Machine capture of the PDF fetched with the id_ form (original bytes). Listed on the SEC ""Final Orders of the Commission"" page."
usa-sec-wb-order-34-92589,"Order Determining Whistleblower Award Claim(s), Exchange Act Release No. 92589",U.S. Securities and Exchange Commission,,government,USA,2021-08-06,2026-10-05,https://www.sec.gov/rules/other/2021/34-92589.pdf,https://web.archive.org/web/2025/https://www.sec.gov/rules/other/2021/34-92589.pdf,raw/usa-sec-wb-order-34-92589.pdf,c6160a1c39538d11e63958062eab2124188a87a95afba8d1c2103cf897fb4c26,"SEC whistleblower award order (redacted public version): award amount and/or percentage, claimants, related actions","sec.gov blocks scripted downloads; stored copy is the Wayback Machine capture of the PDF fetched with the id_ form (original bytes). Listed on the SEC ""Final Orders of the Commission"" page."
usa-sec-wb-order-34-92621,"Order Determining Whistleblower Award Claim(s), Exchange Act Release No. 92621",U.S. Securities and Exchange Commission,,government,USA,2021-08-10,2026-10-05,https://www.sec.gov/rules/other/2021/34-92621.pdf,https://web.archive.org/web/2025/https://www.sec.gov/rules/other/2021/34-92621.pdf,raw/usa-sec-wb-order-34-92621.pdf,d1a6ebb25cfc082a9662e306e36497d874d329ea2833ed1f599060cdcdd3c750,"SEC whistleblower award order (redacted public version): award amount and/or percentage, claimants, related actions","sec.gov blocks scripted downloads; stored copy is the Wayback Machine capture of the PDF fetched with the id_ form (original bytes). Listed on the SEC ""Final Orders of the Commission"" page."
usa-sec-wb-order-34-92622,"Order Determining Whistleblower Award Claim(s), Exchange Act Release No. 92622",U.S. Securities and Exchange Commission,,government,USA,2021-08-10,2026-10-05,https://www.sec.gov/rules/other/2021/34-92622.pdf,https://web.archive.org/web/2025/https://www.sec.gov/rules/other/2021/34-92622.pdf,raw/usa-sec-wb-order-34-92622.pdf,a791fae785579332cd744d43bad27c8ddf16b3c864672d39d5e1a3ef444a1de6,"SEC whistleblower award order (redacted public version): award amount and/or percentage, claimants, related actions","sec.gov blocks scripted downloads; stored copy is the Wayback Machine capture of the PDF fetched with the id_ form (original bytes). Listed on the SEC ""Final Orders of the Commission"" page."
usa-sec-wb-order-34-92623,"Order Determining Whistleblower Award Claim(s), Exchange Act Release No. 92623",U.S. Securities and Exchange Commission,,government,USA,2021-08-10,2026-10-05,https://www.sec.gov/rules/other/2021/34-92623.pdf,https://web.archive.org/web/2025/https://www.sec.gov/rules/other/2021/34-92623.pdf,raw/usa-sec-wb-order-34-92623.pdf,096a7e732b89081699addd13126b4a93986fee85af330ff73c7018a362647a7f,"SEC whistleblower award order (redacted public version): award amount and/or percentage, claimants, related actions","sec.gov blocks scripted downloads; stored copy is the Wayback Machine capture of the PDF fetched with the id_ form (original bytes). Listed on the SEC ""Final Orders of the Commission"" page."
usa-sec-wb-order-34-92708,"Order Determining Whistleblower Award Claim(s), Exchange Act Release No. 92708",U.S. Securities and Exchange Commission,,government,USA,2021-08-19,2026-10-05,https://www.sec.gov/rules/other/2021/34-92708.pdf,https://web.archive.org/web/2025/https://www.sec.gov/rules/other/2021/34-92708.pdf,raw/usa-sec-wb-order-34-92708.pdf,815406c673a7f7701bd8409bb4ccbe6307fbad78fac12296d30833c2408aee32,"SEC whistleblower award order (redacted public version): award amount and/or percentage, claimants, related actions","sec.gov blocks scripted downloads; stored copy is the Wayback Machine capture of the PDF fetched with the id_ form (original bytes). Listed on the SEC ""Final Orders of the Commission"" page."
usa-sec-wb-order-34-92767,"Order Determining Whistleblower Award Claim(s), Exchange Act Release No. 92767",U.S. Securities and Exchange Commission,,government,USA,2021-08-26,2026-10-05,https://www.sec.gov/rules/other/2021/34-92767.pdf,https://web.archive.org/web/2025/https://www.sec.gov/rules/other/2021/34-92767.pdf,raw/usa-sec-wb-order-34-92767.pdf,e12897abf5e30d0f1ec906cb8d37a5d42ec4b16b0a70000bf156b44bceb24853,"SEC whistleblower award order (redacted public version): award amount and/or percentage, claimants, related actions","sec.gov blocks scripted downloads; stored copy is the Wayback Machine capture of the PDF fetched with the id_ form (original bytes). Listed on the SEC ""Final Orders of the Commission"" page."
usa-sec-wb-order-34-92777,"Order Determining Whistleblower Award Claim(s), Exchange Act Release No. 92777",U.S. Securities and Exchange Commission,,government,USA,2021-08-27,2026-10-05,https://www.sec.gov/rules/other/2021/34-92777.pdf,https://web.archive.org/web/2025/https://www.sec.gov/rules/other/2021/34-92777.pdf,raw/usa-sec-wb-order-34-92777.pdf,8edb375e2d5e69c8077073c1cece50aca7402879b987daaafff7fc5f64276cf3,"SEC whistleblower award order (redacted public version): award amount and/or percentage, claimants, related actions","sec.gov blocks scripted downloads; stored copy is the Wayback Machine capture of the PDF fetched with the id_ form (original bytes). Listed on the SEC ""Final Orders of the Commission"" page."
usa-sec-wb-order-34-92778,"Order Determining Whistleblower Award Claim(s), Exchange Act Release No. 92778",U.S. Securities and Exchange Commission,,government,USA,2021-08-27,2026-10-05,https://www.sec.gov/rules/other/2021/34-92778.pdf,https://web.archive.org/web/2025/https://www.sec.gov/rules/other/2021/34-92778.pdf,raw/usa-sec-wb-order-34-92778.pdf,5c29dbf330c7e900f2eb972f3a2204510319638850861b3d4e786fd30a6318e8,"SEC whistleblower award order (redacted public version): award amount and/or percentage, claimants, related actions","sec.gov blocks scripted downloads; stored copy is the Wayback Machine capture of the PDF fetched with the id_ form (original bytes). Listed on the SEC ""Final Orders of the Commission"" page."
usa-sec-wb-order-34-92780,"Order Determining Whistleblower Award Claim(s), Exchange Act Release No. 92780",U.S. Securities and Exchange Commission,,government,USA,2021-08-27,2026-10-05,https://www.sec.gov/rules/other/2021/34-92780.pdf,https://web.archive.org/web/2025/https://www.sec.gov/rules/other/2021/34-92780.pdf,raw/usa-sec-wb-order-34-92780.pdf,1c127a567e0d37433a870a2c44f3dd40c8e6154977549d65b60d24d3cb80c90d,"SEC whistleblower award order (redacted public version): award amount and/or percentage, claimants, related actions","sec.gov blocks scripted downloads; stored copy is the Wayback Machine capture of the PDF fetched with the id_ form (original bytes). Listed on the SEC ""Final Orders of the Commission"" page."
usa-sec-wb-order-34-92929,"Order Determining Whistleblower Award Claim(s), Exchange Act Release No. 92929",U.S. Securities and Exchange Commission,,government,USA,2021-09-10,2026-10-05,https://www.sec.gov/rules/other/2021/34-92929.pdf,https://web.archive.org/web/2025/https://www.sec.gov/rules/other/2021/34-92929.pdf,raw/usa-sec-wb-order-34-92929.pdf,3e419c61713ea27a0487d73534d63f869fa151eee4f817419c0f8a98bfd0e032,"SEC whistleblower award order (redacted public version): award amount and/or percentage, claimants, related actions","sec.gov blocks scripted downloads; stored copy is the Wayback Machine capture of the PDF fetched with the id_ form (original bytes). Listed on the SEC ""Final Orders of the Commission"" page."
usa-sec-wb-order-34-92931,"Order Determining Whistleblower Award Claim(s), Exchange Act Release No. 92931",U.S. Securities and Exchange Commission,,government,USA,2021-09-10,2026-10-05,https://www.sec.gov/rules/other/2021/34-92931.pdf,https://web.archive.org/web/2025/https://www.sec.gov/rules/other/2021/34-92931.pdf,raw/usa-sec-wb-order-34-92931.pdf,547ff6b703f8a25d81ddad2d8667a72c81d96a8036662ed79dc3dc90cab22039,"SEC whistleblower award order (redacted public version): award amount and/or percentage, claimants, related actions","sec.gov blocks scripted downloads; stored copy is the Wayback Machine capture of the PDF fetched with the id_ form (original bytes). Listed on the SEC ""Final Orders of the Commission"" page."
usa-sec-wb-order-34-93013,"Order Determining Whistleblower Award Claim(s), Exchange Act Release No. 93013",U.S. Securities and Exchange Commission,,government,USA,2021-09-16,2026-10-05,https://www.sec.gov/rules/other/2021/34-93013.pdf,https://web.archive.org/web/2025/https://www.sec.gov/rules/other/2021/34-93013.pdf,raw/usa-sec-wb-order-34-93013.pdf,2b84bd989307fcb2b298a17c513b023c3724d71ecadfe325d766ec146bbe1e45,"SEC whistleblower award order (redacted public version): award amount and/or percentage, claimants, related actions","sec.gov blocks scripted downloads; stored copy is the Wayback Machine capture of the PDF fetched with the id_ form (original bytes). Listed on the SEC ""Final Orders of the Commission"" page."
usa-sec-wb-order-34-93016,"Order Determining Whistleblower Award Claim(s), Exchange Act Release No. 93016",U.S. Securities and Exchange Commission,,government,USA,2021-09-16,2026-10-05,https://www.sec.gov/rules/other/2021/34-93016.pdf,https://web.archive.org/web/2025/https://www.sec.gov/rules/other/2021/34-93016.pdf,raw/usa-sec-wb-order-34-93016.pdf,fcb84538bb0c5d0e2c74d6dbd15fb0ad810ac88f11fcaee0495125223ca0985d,"SEC whistleblower award order (redacted public version): award amount and/or percentage, claimants, related actions","sec.gov blocks scripted downloads; stored copy is the Wayback Machine capture of the PDF fetched with the id_ form (original bytes). Listed on the SEC ""Final Orders of the Commission"" page."
usa-sec-wb-order-34-93049,"Order Determining Whistleblower Award Claim(s), Exchange Act Release No. 93049",U.S. Securities and Exchange Commission,,government,USA,2021-09-17,2026-10-05,https://www.sec.gov/rules/other/2021/34-93049.pdf,https://web.archive.org/web/2025/https://www.sec.gov/rules/other/2021/34-93049.pdf,raw/usa-sec-wb-order-34-93049.pdf,d2a15a46307d33f167b3dadf3ef169a2fafd53a4929da3541ea11f624de9b449,"SEC whistleblower award order (redacted public version): award amount and/or percentage, claimants, related actions","sec.gov blocks scripted downloads; stored copy is the Wayback Machine capture of the PDF fetched with the id_ form (original bytes). Listed on the SEC ""Final Orders of the Commission"" page."
usa-sec-wb-order-34-93055,"Order Determining Whistleblower Award Claim(s), Exchange Act Release No. 93055",U.S. Securities and Exchange Commission,,government,USA,2021-09-20,2026-10-05,https://www.sec.gov/rules/other/2021/34-93055.pdf,https://web.archive.org/web/2025/https://www.sec.gov/rules/other/2021/34-93055.pdf,raw/usa-sec-wb-order-34-93055.pdf,5baa6bcb9711f66c037aac7df67902bc707b2e94f43382745eafaa0ba9833bc0,"SEC whistleblower award order (redacted public version): award amount and/or percentage, claimants, related actions","sec.gov blocks scripted downloads; stored copy is the Wayback Machine capture of the PDF fetched with the id_ form (original bytes). Listed on the SEC ""Final Orders of the Commission"" page."
usa-sec-wb-order-34-93233,"Order Determining Whistleblower Award Claim(s), Exchange Act Release No. 93233",U.S. Securities and Exchange Commission,,government,USA,2021-10-01,2026-10-05,https://www.sec.gov/rules/other/2021/34-93233.pdf,https://web.archive.org/web/2025/https://www.sec.gov/rules/other/2021/34-93233.pdf,raw/usa-sec-wb-order-34-93233.pdf,ac18131fc09bdf9093a00999a8042d82208d7613bc6f1f209824ec5ee3bfe723,"SEC whistleblower award order (redacted public version): award amount and/or percentage, claimants, related actions","sec.gov blocks scripted downloads; stored copy is the Wayback Machine capture of the PDF fetched with the id_ form (original bytes). Listed on the SEC ""Final Orders of the Commission"" page."
usa-sec-wb-order-34-93274,"Order Determining Whistleblower Award Claim(s), Exchange Act Release No. 93274",U.S. Securities and Exchange Commission,,government,USA,2021-10-08,2026-10-05,https://www.sec.gov/rules/other/2021/34-93274.pdf,https://web.archive.org/web/2025/https://www.sec.gov/rules/other/2021/34-93274.pdf,raw/usa-sec-wb-order-34-93274.pdf,7bfbbc7de5420b621153a069738fb51346809ed1bbea444c558db4726671c3c4,"SEC whistleblower award order (redacted public version): award amount and/or percentage, claimants, related actions","sec.gov blocks scripted downloads; stored copy is the Wayback Machine capture of the PDF fetched with the id_ form (original bytes). Listed on the SEC ""Final Orders of the Commission"" page."
usa-sec-wb-order-34-93275,"Order Determining Whistleblower Award Claim(s), Exchange Act Release No. 93275",U.S. Securities and Exchange Commission,,government,USA,2021-10-08,2026-10-05,https://www.sec.gov/rules/other/2021/34-93275.pdf,https://web.archive.org/web/2025/https://www.sec.gov/rules/other/2021/34-93275.pdf,raw/usa-sec-wb-order-34-93275.pdf,3d066da161f77977c49efb609fd2be007fb1cbbacb5b1323738bf188e4125375,"SEC whistleblower award order (redacted public version): award amount and/or percentage, claimants, related actions","sec.gov blocks scripted downloads; stored copy is the Wayback Machine capture of the PDF fetched with the id_ form (original bytes). Listed on the SEC ""Final Orders of the Commission"" page."
usa-sec-wb-order-34-93286,"Order Determining Whistleblower Award Claim(s), Exchange Act Release No. 93286",U.S. Securities and Exchange Commission,,government,USA,2021-10-12,2026-10-05,https://www.sec.gov/rules/other/2021/34-93286.pdf,https://web.archive.org/web/2025/https://www.sec.gov/rules/other/2021/34-93286.pdf,raw/usa-sec-wb-order-34-93286.pdf,fc469b9abc6989bbeae6eebd3a7b711e2a2af2f3f1e4bd081d4f6e37676e5dcb,"SEC whistleblower award order (redacted public version): award amount and/or percentage, claimants, related actions","sec.gov blocks scripted downloads; stored copy is the Wayback Machine capture of the PDF fetched with the id_ form (original bytes). Listed on the SEC ""Final Orders of the Commission"" page."
usa-sec-wb-order-34-93340,"Order Determining Whistleblower Award Claim(s), Exchange Act Release No. 93340",U.S. Securities and Exchange Commission,,government,USA,2021-10-15,2026-10-05,https://www.sec.gov/rules/other/2021/34-93340.pdf,https://web.archive.org/web/2025/https://www.sec.gov/rules/other/2021/34-93340.pdf,raw/usa-sec-wb-order-34-93340.pdf,c31d7e07de3deada51b21cc2942bb0ea2adbe6147a03564f4925adc42a740f92,"SEC whistleblower award order (redacted public version): award amount and/or percentage, claimants, related actions","sec.gov blocks scripted downloads; stored copy is the Wayback Machine capture of the PDF fetched with the id_ form (original bytes). Listed on the SEC ""Final Orders of the Commission"" page."
usa-sec-wb-order-34-93370,"Order Determining Whistleblower Award Claim(s), Exchange Act Release No. 93370",U.S. Securities and Exchange Commission,,government,USA,2021-10-18,2026-10-05,https://www.sec.gov/rules/other/2021/34-93370.pdf,https://web.archive.org/web/2025/https://www.sec.gov/rules/other/2021/34-93370.pdf,raw/usa-sec-wb-order-34-93370.pdf,0416315bb85f0a5ebc9aa046fc34b715d6fb4ebf48fbf17438cd9d2c321ee06d,"SEC whistleblower award order (redacted public version): award amount and/or percentage, claimants, related actions","sec.gov blocks scripted downloads; stored copy is the Wayback Machine capture of the PDF fetched with the id_ form (original bytes). Listed on the SEC ""Final Orders of the Commission"" page."
usa-sec-wb-order-34-93414,"Order Determining Whistleblower Award Claim(s), Exchange Act Release No. 93414",U.S. Securities and Exchange Commission,,government,USA,2021-10-25,2026-10-05,https://www.sec.gov/rules/other/2021/34-93414.pdf,https://web.archive.org/web/2025/https://www.sec.gov/rules/other/2021/34-93414.pdf,raw/usa-sec-wb-order-34-93414.pdf,3b5343f8f56c4d1a875880dc1eda163fb7046531f3a16e556d0303903d5432ef,"SEC whistleblower award order (redacted public version): award amount and/or percentage, claimants, related actions","sec.gov blocks scripted downloads; stored copy is the Wayback Machine capture of the PDF fetched with the id_ form (original bytes). Listed on the SEC ""Final Orders of the Commission"" page."
usa-sec-wb-order-34-93440,"Order Determining Whistleblower Award Claim(s), Exchange Act Release No. 93440",U.S. Securities and Exchange Commission,,government,USA,2021-10-28,2026-10-05,https://www.sec.gov/rules/other/2021/34-93440.pdf,https://web.archive.org/web/2025/https://www.sec.gov/rules/other/2021/34-93440.pdf,raw/usa-sec-wb-order-34-93440.pdf,7ead38c588140a7c2d72505f13148831250f0f0000559c985137f479bf1c13bc,"SEC whistleblower award order (redacted public version): award amount and/or percentage, claimants, related actions","sec.gov blocks scripted downloads; stored copy is the Wayback Machine capture of the PDF fetched with the id_ form (original bytes). Listed on the SEC ""Final Orders of the Commission"" page."
usa-sec-wb-order-34-93441,"Order Determining Whistleblower Award Claim(s), Exchange Act Release No. 93441",U.S. Securities and Exchange Commission,,government,USA,2021-10-28,2026-10-05,https://www.sec.gov/rules/other/2021/34-93441.pdf,https://web.archive.org/web/2025/https://www.sec.gov/rules/other/2021/34-93441.pdf,raw/usa-sec-wb-order-34-93441.pdf,67c485f326a372d322d553c1bd187daf6ad6e937422b5df55d3f3b6062e9ab4a,"SEC whistleblower award order (redacted public version): award amount and/or percentage, claimants, related actions","sec.gov blocks scripted downloads; stored copy is the Wayback Machine capture of the PDF fetched with the id_ form (original bytes). Listed on the SEC ""Final Orders of the Commission"" page."
usa-sec-wb-order-34-93465,"Order Determining Whistleblower Award Claim(s), Exchange Act Release No. 93465",U.S. Securities and Exchange Commission,,government,USA,2021-10-29,2026-10-05,https://www.sec.gov/rules/other/2021/34-93465.pdf,https://web.archive.org/web/2025/https://www.sec.gov/rules/other/2021/34-93465.pdf,raw/usa-sec-wb-order-34-93465.pdf,c16e50a2c81615d556d1307dcd39f12fb11e797827e53b34333011c656329085,"SEC whistleblower award order (redacted public version): award amount and/or percentage, claimants, related actions","sec.gov blocks scripted downloads; stored copy is the Wayback Machine capture of the PDF fetched with the id_ form (original bytes). Listed on the SEC ""Final Orders of the Commission"" page."
usa-sec-wb-order-34-93635,"Order Determining Whistleblower Award Claim(s), Exchange Act Release No. 93635",U.S. Securities and Exchange Commission,,government,USA,2021-11-22,2026-10-05,https://www.sec.gov/rules/other/2021/34-93635.pdf,https://web.archive.org/web/2025/https://www.sec.gov/rules/other/2021/34-93635.pdf,raw/usa-sec-wb-order-34-93635.pdf,a9b6e7f9f1f09726117f1898880beec4b8d3280e308fff4002ee7439724d82c5,"SEC whistleblower award order (redacted public version): award amount and/or percentage, claimants, related actions","sec.gov blocks scripted downloads; stored copy is the Wayback Machine capture of the PDF fetched with the id_ form (original bytes). Listed on the SEC ""Final Orders of the Commission"" page."
usa-sec-wb-order-34-93636,"Order Determining Whistleblower Award Claim(s), Exchange Act Release No. 93636",U.S. Securities and Exchange Commission,,government,USA,2021-11-22,2026-10-05,https://www.sec.gov/rules/other/2021/34-93636.pdf,https://web.archive.org/web/2025/https://www.sec.gov/rules/other/2021/34-93636.pdf,raw/usa-sec-wb-order-34-93636.pdf,3ff16c1fd9e12d1324b9e0ea416be8e93d83d54c5070c93dfecc5f2db9a62d6b,"SEC whistleblower award order (redacted public version): award amount and/or percentage, claimants, related actions","sec.gov blocks scripted downloads; stored copy is the Wayback Machine capture of the PDF fetched with the id_ form (original bytes). Listed on the SEC ""Final Orders of the Commission"" page."
usa-sec-wb-order-34-93637,"Order Determining Whistleblower Award Claim(s), Exchange Act Release No. 93637",U.S. Securities and Exchange Commission,,government,USA,2021-11-22,2026-10-05,https://www.sec.gov/rules/other/2021/34-93637.pdf,https://web.archive.org/web/2025/https://www.sec.gov/rules/other/2021/34-93637.pdf,raw/usa-sec-wb-order-34-93637.pdf,f3e6a9fd8faa70ff83d2e483e16624696b7ab7236a910429664f2258ca7d8bc2,"SEC whistleblower award order (redacted public version): award amount and/or percentage, claimants, related actions","sec.gov blocks scripted downloads; stored copy is the Wayback Machine capture of the PDF fetched with the id_ form (original bytes). Listed on the SEC ""Final Orders of the Commission"" page."
usa-sec-wb-order-34-93648,"Order Determining Whistleblower Award Claim(s), Exchange Act Release No. 93648",U.S. Securities and Exchange Commission,,government,USA,2021-11-23,2026-10-05,https://www.sec.gov/rules/other/2021/34-93648.pdf,https://web.archive.org/web/2025/https://www.sec.gov/rules/other/2021/34-93648.pdf,raw/usa-sec-wb-order-34-93648.pdf,92695c54d4ef422da242c8be901f71deed6f4b8a4c8fc7876d0eb936f87a08c9,"SEC whistleblower award order (redacted public version): award amount and/or percentage, claimants, related actions","sec.gov blocks scripted downloads; stored copy is the Wayback Machine capture of the PDF fetched with the id_ form (original bytes). Listed on the SEC ""Final Orders of the Commission"" page."
usa-sec-wb-order-34-93685,"Order Determining Whistleblower Award Claim(s), Exchange Act Release No. 93685",U.S. Securities and Exchange Commission,,government,USA,2021-12-01,2026-10-05,https://www.sec.gov/rules/other/2021/34-93685.pdf,https://web.archive.org/web/2025/https://www.sec.gov/rules/other/2021/34-93685.pdf,raw/usa-sec-wb-order-34-93685.pdf,52296be59ec91efc2f295dbc96415dcb84ccbbb4bc2c7ed1585eaaf1a3a2ec79,"SEC whistleblower award order (redacted public version): award amount and/or percentage, claimants, related actions","sec.gov blocks scripted downloads; stored copy is the Wayback Machine capture of the PDF fetched with the id_ form (original bytes). Listed on the SEC ""Final Orders of the Commission"" page."
usa-sec-wb-order-34-93726,"Order Determining Whistleblower Award Claim(s), Exchange Act Release No. 93726",U.S. Securities and Exchange Commission,,government,USA,2021-12-07,2026-10-05,https://www.sec.gov/rules/other/2021/34-93726.pdf,https://web.archive.org/web/2025/https://www.sec.gov/rules/other/2021/34-93726.pdf,raw/usa-sec-wb-order-34-93726.pdf,3a82a3a765ad95e6be807e94e412e000254ead2f84a9ed0adbe8e8840a0100c8,"SEC whistleblower award order (redacted public version): award amount and/or percentage, claimants, related actions","sec.gov blocks scripted downloads; stored copy is the Wayback Machine capture of the PDF fetched with the id_ form (original bytes). Listed on the SEC ""Final Orders of the Commission"" page."
usa-sec-wb-order-34-93812,"Order Determining Whistleblower Award Claim(s), Exchange Act Release No. 93812",U.S. Securities and Exchange Commission,,government,USA,2021-12-17,2026-10-05,https://www.sec.gov/rules/other/2021/34-93812.pdf,https://web.archive.org/web/2025/https://www.sec.gov/rules/other/2021/34-93812.pdf,raw/usa-sec-wb-order-34-93812.pdf,a65df2c2d7bc6dc3ca9b024b09845f0747b42aad36924358d4e2ea90f909593f,"SEC whistleblower award order (redacted public version): award amount and/or percentage, claimants, related actions","sec.gov blocks scripted downloads; stored copy is the Wayback Machine capture of the PDF fetched with the id_ form (original bytes). Listed on the SEC ""Final Orders of the Commission"" page."
usa-sec-wb-order-34-93913,"Order Determining Whistleblower Award Claim(s), Exchange Act Release No. 93913",U.S. Securities and Exchange Commission,,government,USA,2022-01-06,2026-10-05,https://www.sec.gov/rules/other/2022/34-93913.pdf,https://web.archive.org/web/2025/https://www.sec.gov/rules/other/2022/34-93913.pdf,raw/usa-sec-wb-order-34-93913.pdf,553b5cb814129d8a51537e150bc605f4ca56185fd0a72af32f7cc9d605ead977,"SEC whistleblower award order (redacted public version): award amount and/or percentage, claimants, related actions","sec.gov blocks scripted downloads; stored copy is the Wayback Machine capture of the PDF fetched with the id_ form (original bytes). Listed on the SEC ""Final Orders of the Commission"" page."
usa-sec-wb-order-34-93935,"Order Determining Whistleblower Award Claim(s), Exchange Act Release No. 93935",U.S. Securities and Exchange Commission,,government,USA,2022-01-10,2026-10-05,https://www.sec.gov/rules/other/2022/34-93935.pdf,https://web.archive.org/web/2025/https://www.sec.gov/rules/other/2022/34-93935.pdf,raw/usa-sec-wb-order-34-93935.pdf,623f50ff67c5dfbc78ade0c5f6a739b27e5edaeff0421a62290338a6b93a3b7c,"SEC whistleblower award order (redacted public version): award amount and/or percentage, claimants, related actions","sec.gov blocks scripted downloads; stored copy is the Wayback Machine capture of the PDF fetched with the id_ form (original bytes). Listed on the SEC ""Final Orders of the Commission"" page."
usa-sec-wb-order-34-93936,"Order Determining Whistleblower Award Claim(s), Exchange Act Release No. 93936",U.S. Securities and Exchange Commission,,government,USA,2022-01-10,2026-10-05,https://www.sec.gov/rules/other/2022/34-93936.pdf,https://web.archive.org/web/2025/https://www.sec.gov/rules/other/2022/34-93936.pdf,raw/usa-sec-wb-order-34-93936.pdf,9996fad01f237d9eced7ac445de8bbb6a64c1dfe567252fd9031d18a7182b3d9,"SEC whistleblower award order (redacted public version): award amount and/or percentage, claimants, related actions","sec.gov blocks scripted downloads; stored copy is the Wayback Machine capture of the PDF fetched with the id_ form (original bytes). Listed on the SEC ""Final Orders of the Commission"" page."
usa-sec-wb-order-34-93945,"Order Determining Whistleblower Award Claim(s), Exchange Act Release No. 93945",U.S. Securities and Exchange Commission,,government,USA,2022-01-11,2026-10-05,https://www.sec.gov/rules/other/2022/34-93945.pdf,https://web.archive.org/web/2025/https://www.sec.gov/rules/other/2022/34-93945.pdf,raw/usa-sec-wb-order-34-93945.pdf,e54eeec680e0efa7ea613a47462aeec68b312b42aea50ec9509b544358aa1fa3,"SEC whistleblower award order (redacted public version): award amount and/or percentage, claimants, related actions","sec.gov blocks scripted downloads; stored copy is the Wayback Machine capture of the PDF fetched with the id_ form (original bytes). Listed on the SEC ""Final Orders of the Commission"" page."
usa-sec-wb-order-34-93946,"Order Determining Whistleblower Award Claim(s), Exchange Act Release No. 93946",U.S. Securities and Exchange Commission,,government,USA,2022-01-11,2026-10-05,https://www.sec.gov/rules/other/2022/34-93946.pdf,https://web.archive.org/web/2025/https://www.sec.gov/rules/other/2022/34-93946.pdf,raw/usa-sec-wb-order-34-93946.pdf,e75823157bc298edc3eebfb0c66d127837a3582070bbe7c09b1f2c076c2e3861,"SEC whistleblower award order (redacted public version): award amount and/or percentage, claimants, related actions","sec.gov blocks scripted downloads; stored copy is the Wayback Machine capture of the PDF fetched with the id_ form (original bytes). Listed on the SEC ""Final Orders of the Commission"" page."
usa-sec-wb-order-34-93947,"Order Determining Whistleblower Award Claim(s), Exchange Act Release No. 93947",U.S. Securities and Exchange Commission,,government,USA,2022-01-11,2026-10-05,https://www.sec.gov/rules/other/2022/34-93947.pdf,https://web.archive.org/web/2025/https://www.sec.gov/rules/other/2022/34-93947.pdf,raw/usa-sec-wb-order-34-93947.pdf,ce2b2aa5ad2edf900ab8449e31032522c7be19fbcaa1f8581b0ba974a5d459ad,"SEC whistleblower award order (redacted public version): award amount and/or percentage, claimants, related actions","sec.gov blocks scripted downloads; stored copy is the Wayback Machine capture of the PDF fetched with the id_ form (original bytes). Listed on the SEC ""Final Orders of the Commission"" page."
usa-sec-wb-order-34-93948,"Order Determining Whistleblower Award Claim(s), Exchange Act Release No. 93948",U.S. Securities and Exchange Commission,,government,USA,2022-01-11,2026-10-05,https://www.sec.gov/rules/other/2022/34-93948.pdf,https://web.archive.org/web/2025/https://www.sec.gov/rules/other/2022/34-93948.pdf,raw/usa-sec-wb-order-34-93948.pdf,1ed7ceea3675a31e92c855d37fb5ff18a2630e7e0dd2253e3dc2deb64489245a,"SEC whistleblower award order (redacted public version): award amount and/or percentage, claimants, related actions","sec.gov blocks scripted downloads; stored copy is the Wayback Machine capture of the PDF fetched with the id_ form (original bytes). Listed on the SEC ""Final Orders of the Commission"" page."
usa-sec-wb-order-34-94020,"Order Determining Whistleblower Award Claim(s), Exchange Act Release No. 94020",U.S. Securities and Exchange Commission,,government,USA,2022-01-21,2026-10-05,https://www.sec.gov/rules/other/2022/34-94020.pdf,https://web.archive.org/web/2025/https://www.sec.gov/rules/other/2022/34-94020.pdf,raw/usa-sec-wb-order-34-94020.pdf,a188d1f57feb6e5b30d0922e57e4b3525ca05023930a7fc40e0183b040a6d232,"SEC whistleblower award order (redacted public version): award amount and/or percentage, claimants, related actions","sec.gov blocks scripted downloads; stored copy is the Wayback Machine capture of the PDF fetched with the id_ form (original bytes). Listed on the SEC ""Final Orders of the Commission"" page."
usa-sec-wb-order-34-94021,"Order Determining Whistleblower Award Claim(s), Exchange Act Release No. 94021",U.S. Securities and Exchange Commission,,government,USA,2022-01-21,2026-10-05,https://www.sec.gov/rules/other/2022/34-94021.pdf,https://web.archive.org/web/2025/https://www.sec.gov/rules/other/2022/34-94021.pdf,raw/usa-sec-wb-order-34-94021.pdf,466ef1d5136ee5b98b7277e047cdb4470af144aa728993c565d343d88744fcc1,"SEC whistleblower award order (redacted public version): award amount and/or percentage, claimants, related actions","sec.gov blocks scripted downloads; stored copy is the Wayback Machine capture of the PDF fetched with the id_ form (original bytes). Listed on the SEC ""Final Orders of the Commission"" page."
usa-sec-wb-order-34-94022,"Order Determining Whistleblower Award Claim(s), Exchange Act Release No. 94022",U.S. Securities and Exchange Commission,,government,USA,2022-01-21,2026-10-05,https://www.sec.gov/rules/other/2022/34-94022.pdf,https://web.archive.org/web/2025/https://www.sec.gov/rules/other/2022/34-94022.pdf,raw/usa-sec-wb-order-34-94022.pdf,07f3cdc3bfb8bf107d3bc61f034989fcba243e152fcbd49d2d3c8f212bceeb80,"SEC whistleblower award order (redacted public version): award amount and/or percentage, claimants, related actions","sec.gov blocks scripted downloads; stored copy is the Wayback Machine capture of the PDF fetched with the id_ form (original bytes). Listed on the SEC ""Final Orders of the Commission"" page."
usa-sec-wb-order-34-94282,"Order Determining Whistleblower Award Claim(s), Exchange Act Release No. 94282",U.S. Securities and Exchange Commission,,government,USA,2022-02-18,2026-10-05,https://www.sec.gov/rules/other/2022/34-94282.pdf,https://web.archive.org/web/2025/https://www.sec.gov/rules/other/2022/34-94282.pdf,raw/usa-sec-wb-order-34-94282.pdf,5001f9ae63ec40abdd1af9bb643aaf44a4ac6fcaf4526b03828ce956fc06f0a6,"SEC whistleblower award order (redacted public version): award amount and/or percentage, claimants, related actions","sec.gov blocks scripted downloads; stored copy is the Wayback Machine capture of the PDF fetched with the id_ form (original bytes). Listed on the SEC ""Final Orders of the Commission"" page."
usa-sec-wb-order-34-94288,"Order Determining Whistleblower Award Claim(s), Exchange Act Release No. 94288",U.S. Securities and Exchange Commission,,government,USA,2022-02-22,2026-10-05,https://www.sec.gov/rules/other/2022/34-94288.pdf,https://web.archive.org/web/2025/https://www.sec.gov/rules/other/2022/34-94288.pdf,raw/usa-sec-wb-order-34-94288.pdf,11575ad1eee4f25f55d3c15c4cdb64edc7b83be7af73d24e12dcbc34906caab6,"SEC whistleblower award order (redacted public version): award amount and/or percentage, claimants, related actions","sec.gov blocks scripted downloads; stored copy is the Wayback Machine capture of the PDF fetched with the id_ form (original bytes). Listed on the SEC ""Final Orders of the Commission"" page."
usa-sec-wb-order-34-94366,"Order Determining Whistleblower Award Claim(s), Exchange Act Release No. 94366",U.S. Securities and Exchange Commission,,government,USA,2022-03-07,2026-10-05,https://www.sec.gov/rules/other/2022/34-94366.pdf,https://web.archive.org/web/2025/https://www.sec.gov/rules/other/2022/34-94366.pdf,raw/usa-sec-wb-order-34-94366.pdf,3f65ea62ad84fff8f4091318212a9782b652a8cbe9b5aa7c07c439b14fed3fba,"SEC whistleblower award order (redacted public version): award amount and/or percentage, claimants, related actions","sec.gov blocks scripted downloads; stored copy is the Wayback Machine capture of the PDF fetched with the id_ form (original bytes). Listed on the SEC ""Final Orders of the Commission"" page."
usa-sec-wb-order-34-94375,"Order Determining Whistleblower Award Claim(s), Exchange Act Release No. 94375",U.S. Securities and Exchange Commission,,government,USA,2022-03-08,2026-10-05,https://www.sec.gov/rules/other/2022/34-94375.pdf,https://web.archive.org/web/2025/https://www.sec.gov/rules/other/2022/34-94375.pdf,raw/usa-sec-wb-order-34-94375.pdf,3d2ffe9a88df263d067af942d2bf087381666478f89aeaa1c8e2bfe91b0174aa,"SEC whistleblower award order (redacted public version): award amount and/or percentage, claimants, related actions","sec.gov blocks scripted downloads; stored copy is the Wayback Machine capture of the PDF fetched with the id_ form (original bytes). Listed on the SEC ""Final Orders of the Commission"" page."
usa-sec-wb-order-34-94398,"Order Determining Whistleblower Award Claim(s), Exchange Act Release No. 94398",U.S. Securities and Exchange Commission,,government,USA,2022-03-11,2026-10-05,https://www.sec.gov/rules/other/2022/34-94398.pdf,https://web.archive.org/web/2025/https://www.sec.gov/rules/other/2022/34-94398.pdf,raw/usa-sec-wb-order-34-94398.pdf,dc11b949fb202014d42b4c6640b9bade632e687c64b043d5323800c4aac9b599,"SEC whistleblower award order (redacted public version): award amount and/or percentage, claimants, related actions","sec.gov blocks scripted downloads; stored copy is the Wayback Machine capture of the PDF fetched with the id_ form (original bytes). Listed on the SEC ""Final Orders of the Commission"" page."
usa-sec-wb-order-34-94399,"Order Determining Whistleblower Award Claim(s), Exchange Act Release No. 94399",U.S. Securities and Exchange Commission,,government,USA,2022-03-11,2026-10-05,https://www.sec.gov/rules/other/2022/34-94399.pdf,https://web.archive.org/web/2025/https://www.sec.gov/rules/other/2022/34-94399.pdf,raw/usa-sec-wb-order-34-94399.pdf,9a671036d5f21fd10cedc61e64df6e99e5a917c0211d1504cbd18267bcb9e7bb,"SEC whistleblower award order (redacted public version): award amount and/or percentage, claimants, related actions","sec.gov blocks scripted downloads; stored copy is the Wayback Machine capture of the PDF fetched with the id_ form (original bytes). Listed on the SEC ""Final Orders of the Commission"" page."
usa-sec-wb-order-34-94442,"Order Determining Whistleblower Award Claim(s), Exchange Act Release No. 94442",U.S. Securities and Exchange Commission,,government,USA,2022-03-17,2026-10-05,https://www.sec.gov/rules/other/2022/34-94442.pdf,https://web.archive.org/web/2025/https://www.sec.gov/rules/other/2022/34-94442.pdf,raw/usa-sec-wb-order-34-94442.pdf,33c1d4869e1fb69d8ab877cc1e8708b5259e10fe1f356df427db71e17dbd8c4f,"SEC whistleblower award order (redacted public version): award amount and/or percentage, claimants, related actions","sec.gov blocks scripted downloads; stored copy is the Wayback Machine capture of the PDF fetched with the id_ form (original bytes). Listed on the SEC ""Final Orders of the Commission"" page."
usa-sec-wb-order-34-94458,"Order Determining Whistleblower Award Claim(s), Exchange Act Release No. 94458",U.S. Securities and Exchange Commission,,government,USA,2022-03-18,2026-10-05,https://www.sec.gov/rules/other/2022/34-94458.pdf,https://web.archive.org/web/2025/https://www.sec.gov/rules/other/2022/34-94458.pdf,raw/usa-sec-wb-order-34-94458.pdf,10aba745e9efad82aac9ee803a360f95fe0fddd3d7e75960b791c155977889ec,"SEC whistleblower award order (redacted public version): award amount and/or percentage, claimants, related actions","sec.gov blocks scripted downloads; stored copy is the Wayback Machine capture of the PDF fetched with the id_ form (original bytes). Listed on the SEC ""Final Orders of the Commission"" page."
usa-sec-wb-order-34-94459,"Order Determining Whistleblower Award Claim(s), Exchange Act Release No. 94459",U.S. Securities and Exchange Commission,,government,USA,2022-03-18,2026-10-05,https://www.sec.gov/rules/other/2022/34-94459.pdf,https://web.archive.org/web/2025/https://www.sec.gov/rules/other/2022/34-94459.pdf,raw/usa-sec-wb-order-34-94459.pdf,a71f16df4134cf4b8fa4d85874406938e9cc65cba682cceda23c59e9b8f8d2e5,"SEC whistleblower award order (redacted public version): award amount and/or percentage, claimants, related actions","sec.gov blocks scripted downloads; stored copy is the Wayback Machine capture of the PDF fetched with the id_ form (original bytes). Listed on the SEC ""Final Orders of the Commission"" page."
usa-sec-wb-order-34-94460,"Order Determining Whistleblower Award Claim(s), Exchange Act Release No. 94460",U.S. Securities and Exchange Commission,,government,USA,2022-03-18,2026-10-05,https://www.sec.gov/rules/other/2022/34-94460.pdf,https://web.archive.org/web/2025/https://www.sec.gov/rules/other/2022/34-94460.pdf,raw/usa-sec-wb-order-34-94460.pdf,1cab94ef1c5554ff3e9b02f8167dec0bac270b5497e763795c058fda43b687bc,"SEC whistleblower award order (redacted public version): award amount and/or percentage, claimants, related actions","sec.gov blocks scripted downloads; stored copy is the Wayback Machine capture of the PDF fetched with the id_ form (original bytes). Listed on the SEC ""Final Orders of the Commission"" page."
usa-sec-wb-order-34-94461,"Order Determining Whistleblower Award Claim(s), Exchange Act Release No. 94461",U.S. Securities and Exchange Commission,,government,USA,2022-03-18,2026-10-05,https://www.sec.gov/rules/other/2022/34-94461.pdf,https://web.archive.org/web/2025/https://www.sec.gov/rules/other/2022/34-94461.pdf,raw/usa-sec-wb-order-34-94461.pdf,6e53c73f11087f4edf0a04de13b9878c953a30a119a45d0b4987ea99aa5c88a2,"SEC whistleblower award order (redacted public version): award amount and/or percentage, claimants, related actions","sec.gov blocks scripted downloads; stored copy is the Wayback Machine capture of the PDF fetched with the id_ form (original bytes). Listed on the SEC ""Final Orders of the Commission"" page."
usa-sec-wb-order-34-94519,"Order Determining Whistleblower Award Claim(s), Exchange Act Release No. 94519",U.S. Securities and Exchange Commission,,government,USA,2022-03-25,2026-10-05,https://www.sec.gov/rules/other/2022/34-94519.pdf,https://web.archive.org/web/2025/https://www.sec.gov/rules/other/2022/34-94519.pdf,raw/usa-sec-wb-order-34-94519.pdf,34894a4c4b094d53480cd7d7e38a0bec17bb9cce463b0afaf4688111172b24b5,"SEC whistleblower award order (redacted public version): award amount and/or percentage, claimants, related actions","sec.gov blocks scripted downloads; stored copy is the Wayback Machine capture of the PDF fetched with the id_ form (original bytes). Listed on the SEC ""Final Orders of the Commission"" page."
usa-sec-wb-order-34-94589,"Order Determining Whistleblower Award Claim(s), Exchange Act Release No. 94589",U.S. Securities and Exchange Commission,,government,USA,2022-04-04,2026-10-05,https://www.sec.gov/rules/other/2022/34-94589.pdf,https://web.archive.org/web/2025/https://www.sec.gov/rules/other/2022/34-94589.pdf,raw/usa-sec-wb-order-34-94589.pdf,16061c201bdc9ca35d4676bfbf78b75528ce0f133cdcf0c9bd7d539c12230367,"SEC whistleblower award order (redacted public version): award amount and/or percentage, claimants, related actions","sec.gov blocks scripted downloads; stored copy is the Wayback Machine capture of the PDF fetched with the id_ form (original bytes). Listed on the SEC ""Final Orders of the Commission"" page."
usa-sec-wb-order-34-94736,"Order Determining Whistleblower Award Claim(s), Exchange Act Release No. 94736",U.S. Securities and Exchange Commission,,government,USA,2022-04-18,2026-10-05,https://www.sec.gov/rules/other/2022/34-94736.pdf,https://web.archive.org/web/2025/https://www.sec.gov/rules/other/2022/34-94736.pdf,raw/usa-sec-wb-order-34-94736.pdf,5d2627262203167b8806557638579b369036978ce89f4e759ac7b588ed14467e,"SEC whistleblower award order (redacted public version): award amount and/or percentage, claimants, related actions","sec.gov blocks scripted downloads; stored copy is the Wayback Machine capture of the PDF fetched with the id_ form (original bytes). Listed on the SEC ""Final Orders of the Commission"" page."
usa-sec-wb-order-34-94737,"Order Determining Whistleblower Award Claim(s), Exchange Act Release No. 94737",U.S. Securities and Exchange Commission,,government,USA,2022-04-18,2026-10-05,https://www.sec.gov/rules/other/2022/34-94737.pdf,https://web.archive.org/web/2025/https://www.sec.gov/rules/other/2022/34-94737.pdf,raw/usa-sec-wb-order-34-94737.pdf,8ebe2ea6475ce5a7a614c3bbdea5f8fb91b9536f02fd92a5c4b81404f5f57d5f,"SEC whistleblower award order (redacted public version): award amount and/or percentage, claimants, related actions","sec.gov blocks scripted downloads; stored copy is the Wayback Machine capture of the PDF fetched with the id_ form (original bytes). Listed on the SEC ""Final Orders of the Commission"" page."
usa-sec-wb-order-34-94738,"Order Determining Whistleblower Award Claim(s), Exchange Act Release No. 94738",U.S. Securities and Exchange Commission,,government,USA,2022-04-18,2026-10-05,https://www.sec.gov/rules/other/2022/34-94738.pdf,https://web.archive.org/web/2025/https://www.sec.gov/rules/other/2022/34-94738.pdf,raw/usa-sec-wb-order-34-94738.pdf,6aacf247343055fa04bffa1883a48c22bc5c1b506c039b04729e35c5edf38cef,"SEC whistleblower award order (redacted public version): award amount and/or percentage, claimants, related actions","sec.gov blocks scripted downloads; stored copy is the Wayback Machine capture of the PDF fetched with the id_ form (original bytes). Listed on the SEC ""Final Orders of the Commission"" page."
usa-sec-wb-order-34-94767,"Order Determining Whistleblower Award Claim(s), Exchange Act Release No. 94767",U.S. Securities and Exchange Commission,,government,USA,2022-04-21,2026-10-05,https://www.sec.gov/rules/other/2022/34-94767.pdf,https://web.archive.org/web/2025/https://www.sec.gov/rules/other/2022/34-94767.pdf,raw/usa-sec-wb-order-34-94767.pdf,b778431a4022bc17edefdf11b17b801a79610f9e6a3b70980e8ddb28994092c0,"SEC whistleblower award order (redacted public version): award amount and/or percentage, claimants, related actions","sec.gov blocks scripted downloads; stored copy is the Wayback Machine capture of the PDF fetched with the id_ form (original bytes). Listed on the SEC ""Final Orders of the Commission"" page."
usa-sec-wb-order-34-94789,"Order Determining Whistleblower Award Claim(s), Exchange Act Release No. 94789",U.S. Securities and Exchange Commission,,government,USA,2022-04-25,2026-10-05,https://www.sec.gov/rules/other/2022/34-94789.pdf,https://web.archive.org/web/2025/https://www.sec.gov/rules/other/2022/34-94789.pdf,raw/usa-sec-wb-order-34-94789.pdf,d026504c3caaf97b2f1273bd2f88942fd86b5a1bbdc72d8d3aed43eb4f6848c6,"SEC whistleblower award order (redacted public version): award amount and/or percentage, claimants, related actions","sec.gov blocks scripted downloads; stored copy is the Wayback Machine capture of the PDF fetched with the id_ form (original bytes). Listed on the SEC ""Final Orders of the Commission"" page."
usa-sec-wb-order-34-94797,"Order Determining Whistleblower Award Claim(s), Exchange Act Release No. 94797",U.S. Securities and Exchange Commission,,government,USA,2022-04-27,2026-10-05,https://www.sec.gov/rules/other/2022/34-94797.pdf,https://web.archive.org/web/2025/https://www.sec.gov/rules/other/2022/34-94797.pdf,raw/usa-sec-wb-order-34-94797.pdf,0cbef58b2f79df7c2b563b9d0b83596ca606fb5046586efd0fd98016620a3d61,"SEC whistleblower award order (redacted public version): award amount and/or percentage, claimants, related actions","sec.gov blocks scripted downloads; stored copy is the Wayback Machine capture of the PDF fetched with the id_ form (original bytes). Listed on the SEC ""Final Orders of the Commission"" page."
usa-sec-wb-order-34-94860,"Order Determining Whistleblower Award Claim(s), Exchange Act Release No. 94860",U.S. Securities and Exchange Commission,,government,USA,2022-05-06,2026-10-05,https://www.sec.gov/rules/other/2022/34-94860.pdf,https://web.archive.org/web/2025/https://www.sec.gov/rules/other/2022/34-94860.pdf,raw/usa-sec-wb-order-34-94860.pdf,c2b1b6dae88f1b8fae3cb13bd73f34850a5e3bf18433a16cbf04429862678615,"SEC whistleblower award order (redacted public version): award amount and/or percentage, claimants, related actions","sec.gov blocks scripted downloads; stored copy is the Wayback Machine capture of the PDF fetched with the id_ form (original bytes). Listed on the SEC ""Final Orders of the Commission"" page."
usa-sec-wb-order-34-94946,"Order Determining Whistleblower Award Claim(s), Exchange Act Release No. 94946",U.S. Securities and Exchange Commission,,government,USA,2022-05-19,2026-10-05,https://www.sec.gov/rules/other/2022/34-94946.pdf,https://web.archive.org/web/2025/https://www.sec.gov/rules/other/2022/34-94946.pdf,raw/usa-sec-wb-order-34-94946.pdf,db34d279c9005f55cccb96a42d1bde5431d2daee55046fd94697fd8e89b34d37,"SEC whistleblower award order (redacted public version): award amount and/or percentage, claimants, related actions","sec.gov blocks scripted downloads; stored copy is the Wayback Machine capture of the PDF fetched with the id_ form (original bytes). Listed on the SEC ""Final Orders of the Commission"" page."
usa-sec-wb-order-34-95291,"Order Determining Whistleblower Award Claim(s), Exchange Act Release No. 95291",U.S. Securities and Exchange Commission,,government,USA,2022-07-15,2026-10-05,https://www.sec.gov/rules/other/2022/34-95291.pdf,https://web.archive.org/web/2025/https://www.sec.gov/rules/other/2022/34-95291.pdf,raw/usa-sec-wb-order-34-95291.pdf,8559d8debffe995a54e631ee0abed5ad1836540e4e2a3c23cda56592a520eaaa,"SEC whistleblower award order (redacted public version): award amount and/or percentage, claimants, related actions","sec.gov blocks scripted downloads; stored copy is the Wayback Machine capture of the PDF fetched with the id_ form (original bytes). Listed on the SEC ""Final Orders of the Commission"" page."
usa-sec-wb-order-34-95292,"Order Determining Whistleblower Award Claim(s), Exchange Act Release No. 95292",U.S. Securities and Exchange Commission,,government,USA,2022-07-15,2026-10-05,https://www.sec.gov/rules/other/2022/34-95292.pdf,https://web.archive.org/web/2025/https://www.sec.gov/rules/other/2022/34-95292.pdf,raw/usa-sec-wb-order-34-95292.pdf,cdb52522a7518cdd6d72bafc5b5b7cbb9955d8695cffa90adb2b647ca6406ca4,"SEC whistleblower award order (redacted public version): award amount and/or percentage, claimants, related actions","sec.gov blocks scripted downloads; stored copy is the Wayback Machine capture of the PDF fetched with the id_ form (original bytes). Listed on the SEC ""Final Orders of the Commission"" page."
usa-sec-wb-order-34-95304,"Order Determining Whistleblower Award Claim(s), Exchange Act Release No. 95304",U.S. Securities and Exchange Commission,,government,USA,2022-07-18,2026-10-05,https://www.sec.gov/rules/other/2022/34-95304.pdf,https://web.archive.org/web/2025/https://www.sec.gov/rules/other/2022/34-95304.pdf,raw/usa-sec-wb-order-34-95304.pdf,a13861be38f7ed6df92c93ce966a4046b4526e2eaaaade1f4b8a1e2c275c1239,"SEC whistleblower award order (redacted public version): award amount and/or percentage, claimants, related actions","sec.gov blocks scripted downloads; stored copy is the Wayback Machine capture of the PDF fetched with the id_ form (original bytes). Listed on the SEC ""Final Orders of the Commission"" page."
usa-sec-wb-order-34-95408,"Order Determining Whistleblower Award Claim(s), Exchange Act Release No. 95408",U.S. Securities and Exchange Commission,,government,USA,2022-08-02,2026-10-05,https://www.sec.gov/rules/other/2022/34-95408.pdf,https://web.archive.org/web/2025/https://www.sec.gov/rules/other/2022/34-95408.pdf,raw/usa-sec-wb-order-34-95408.pdf,42a60f75a0738b1453c23d0dd0fddaa5462ba4c07144f8af3119640a86356663,"SEC whistleblower award order (redacted public version): award amount and/or percentage, claimants, related actions","sec.gov blocks scripted downloads; stored copy is the Wayback Machine capture of the PDF fetched with the id_ form (original bytes). Listed on the SEC ""Final Orders of the Commission"" page."
usa-sec-wb-order-34-95489,"Order Determining Whistleblower Award Claim(s), Exchange Act Release No. 95489",U.S. Securities and Exchange Commission,,government,USA,2022-08-12,2026-10-05,https://www.sec.gov/rules/other/2022/34-95489.pdf,https://web.archive.org/web/2025/https://www.sec.gov/rules/other/2022/34-95489.pdf,raw/usa-sec-wb-order-34-95489.pdf,e0820b9ce19c23edff2c68aa7d5f6d005f8de72db3de72371684ee18335570aa,"SEC whistleblower award order (redacted public version): award amount and/or percentage, claimants, related actions","sec.gov blocks scripted downloads; stored copy is the Wayback Machine capture of the PDF fetched with the id_ form (original bytes). Listed on the SEC ""Final Orders of the Commission"" page."
usa-sec-wb-order-34-95490,"Order Determining Whistleblower Award Claim(s), Exchange Act Release No. 95490",U.S. Securities and Exchange Commission,,government,USA,2022-08-12,2026-10-05,https://www.sec.gov/rules/other/2022/34-95490.pdf,https://web.archive.org/web/2025/https://www.sec.gov/rules/other/2022/34-95490.pdf,raw/usa-sec-wb-order-34-95490.pdf,ee5ffac0c6078994e1291255f04c3458aa77110f0eae109866bcd5d0f133934f,"SEC whistleblower award order (redacted public version): award amount and/or percentage, claimants, related actions","sec.gov blocks scripted downloads; stored copy is the Wayback Machine capture of the PDF fetched with the id_ form (original bytes). Listed on the SEC ""Final Orders of the Commission"" page."
usa-sec-wb-order-34-95537,"Order Determining Whistleblower Award Claim(s), Exchange Act Release No. 95537",U.S. Securities and Exchange Commission,,government,USA,2022-08-18,2026-10-05,https://www.sec.gov/rules/other/2022/34-95537.pdf,https://web.archive.org/web/2025/https://www.sec.gov/rules/other/2022/34-95537.pdf,raw/usa-sec-wb-order-34-95537.pdf,6b2abc23f4064edafd080895140c2057d5d4db4ba9675e8aa9b53f82903f9743,"SEC whistleblower award order (redacted public version): award amount and/or percentage, claimants, related actions","sec.gov blocks scripted downloads; stored copy is the Wayback Machine capture of the PDF fetched with the id_ form (original bytes). Listed on the SEC ""Final Orders of the Commission"" page."
usa-sec-wb-order-34-95748,"Order Determining Whistleblower Award Claim(s), Exchange Act Release No. 95748",U.S. Securities and Exchange Commission,,government,USA,2022-09-13,2026-10-05,https://www.sec.gov/rules/other/2022/34-95748.pdf,https://web.archive.org/web/2025/https://www.sec.gov/rules/other/2022/34-95748.pdf,raw/usa-sec-wb-order-34-95748.pdf,9bcd4bf51c64e246354528e63f22393eca8aff980e71dc5fe53a01de5d8ee796,"SEC whistleblower award order (redacted public version): award amount and/or percentage, claimants, related actions","sec.gov blocks scripted downloads; stored copy is the Wayback Machine capture of the PDF fetched with the id_ form (original bytes). Listed on the SEC ""Final Orders of the Commission"" page."
usa-sec-wb-order-34-95802,"Order Determining Whistleblower Award Claim(s), Exchange Act Release No. 95802",U.S. Securities and Exchange Commission,,government,USA,2022-09-16,2026-10-05,https://www.sec.gov/rules/other/2022/34-95802.pdf,https://web.archive.org/web/2025/https://www.sec.gov/rules/other/2022/34-95802.pdf,raw/usa-sec-wb-order-34-95802.pdf,184570a83f79c94e6370acdc9c8fa519300f561568830c3322abd1a664c1efd5,"SEC whistleblower award order (redacted public version): award amount and/or percentage, claimants, related actions","sec.gov blocks scripted downloads; stored copy is the Wayback Machine capture of the PDF fetched with the id_ form (original bytes). Listed on the SEC ""Final Orders of the Commission"" page."
usa-sec-wb-order-34-95834,"Order Determining Whistleblower Award Claim(s), Exchange Act Release No. 95834",U.S. Securities and Exchange Commission,,government,USA,2022-09-20,2026-10-05,https://www.sec.gov/rules/other/2022/34-95834.pdf,https://web.archive.org/web/2025/https://www.sec.gov/rules/other/2022/34-95834.pdf,raw/usa-sec-wb-order-34-95834.pdf,27204ba66f43518c90d0728dc06b1c2554c20c13af60814ff2ff065118652981,"SEC whistleblower award order (redacted public version): award amount and/or percentage, claimants, related actions","sec.gov blocks scripted downloads; stored copy is the Wayback Machine capture of the PDF fetched with the id_ form (original bytes). Listed on the SEC ""Final Orders of the Commission"" page."
usa-sec-wb-order-34-96012,"Order Determining Whistleblower Award Claim(s), Exchange Act Release No. 96012",U.S. Securities and Exchange Commission,,government,USA,2022-10-11,2026-10-05,https://www.sec.gov/rules/other/2022/34-96012.pdf,https://web.archive.org/web/2025/https://www.sec.gov/rules/other/2022/34-96012.pdf,raw/usa-sec-wb-order-34-96012.pdf,25e99c32cc717725febb37fbc5747a7805705569b72bce52f248c6cc0de81a67,"SEC whistleblower award order (redacted public version): award amount and/or percentage, claimants, related actions","sec.gov blocks scripted downloads; stored copy is the Wayback Machine capture of the PDF fetched with the id_ form (original bytes). Listed on the SEC ""Final Orders of the Commission"" page."
usa-sec-wb-order-34-96076,"Order Determining Whistleblower Award Claim(s), Exchange Act Release No. 96076",U.S. Securities and Exchange Commission,,government,USA,2022-10-14,2026-10-05,https://www.sec.gov/rules/other/2022/34-96076.pdf,https://web.archive.org/web/2025/https://www.sec.gov/rules/other/2022/34-96076.pdf,raw/usa-sec-wb-order-34-96076.pdf,e9e7f2018f8c46f6faf31f5c8a5e9f406328660be6be672e39952ef574fc4ca2,"SEC whistleblower award order (redacted public version): award amount and/or percentage, claimants, related actions","sec.gov blocks scripted downloads; stored copy is the Wayback Machine capture of the PDF fetched with the id_ form (original bytes). Listed on the SEC ""Final Orders of the Commission"" page."
usa-sec-wb-order-34-96119,"Order Determining Whistleblower Award Claim(s), Exchange Act Release No. 96119",U.S. Securities and Exchange Commission,,government,USA,2022-10-21,2026-10-05,https://www.sec.gov/rules/other/2022/34-96119.pdf,https://web.archive.org/web/2025/https://www.sec.gov/rules/other/2022/34-96119.pdf,raw/usa-sec-wb-order-34-96119.pdf,e6418539e74e1fcd0fd312fc582950bff8cde6e6a7cb12bc3592003ab67d92e9,"SEC whistleblower award order (redacted public version): award amount and/or percentage, claimants, related actions","sec.gov blocks scripted downloads; stored copy is the Wayback Machine capture of the PDF fetched with the id_ form (original bytes). Listed on the SEC ""Final Orders of the Commission"" page."
usa-sec-wb-order-34-96124,"Order Determining Whistleblower Award Claim(s), Exchange Act Release No. 96124",U.S. Securities and Exchange Commission,,government,USA,2022-11-03,2026-10-05,https://www.sec.gov/rules/other/2022/34-96124.pdf,https://web.archive.org/web/2025/https://www.sec.gov/rules/other/2022/34-96124.pdf,raw/usa-sec-wb-order-34-96124.pdf,9114c2c98d55fe5b161a3f3f12572a956bb671cfca2e6708216f54c4648e7450,"SEC whistleblower award order (redacted public version): award amount and/or percentage, claimants, related actions","sec.gov blocks scripted downloads; stored copy is the Wayback Machine capture of the PDF fetched with the id_ form (original bytes). Listed on the SEC ""Final Orders of the Commission"" page."
usa-sec-wb-order-34-96128,"Order Determining Whistleblower Award Claim(s), Exchange Act Release No. 96128",U.S. Securities and Exchange Commission,,government,USA,2022-10-24,2026-10-05,https://www.sec.gov/rules/other/2022/34-96128.pdf,https://web.archive.org/web/2025/https://www.sec.gov/rules/other/2022/34-96128.pdf,raw/usa-sec-wb-order-34-96128.pdf,65797421316d6b2ad81bd5de9de73452918422b805086787a794248ddaa8d313,"SEC whistleblower award order (redacted public version): award amount and/or percentage, claimants, related actions","sec.gov blocks scripted downloads; stored copy is the Wayback Machine capture of the PDF fetched with the id_ form (original bytes). Listed on the SEC ""Final Orders of the Commission"" page."
usa-sec-wb-order-34-96129,"Order Determining Whistleblower Award Claim(s), Exchange Act Release No. 96129",U.S. Securities and Exchange Commission,,government,USA,2022-10-24,2026-10-05,https://www.sec.gov/rules/other/2022/34-96129.pdf,https://web.archive.org/web/2025/https://www.sec.gov/rules/other/2022/34-96129.pdf,raw/usa-sec-wb-order-34-96129.pdf,9985e6ee070ce831b4d04c97f68a77eb160f2d9e8332b8c890928621fa5f7cde,"SEC whistleblower award order (redacted public version): award amount and/or percentage, claimants, related actions","sec.gov blocks scripted downloads; stored copy is the Wayback Machine capture of the PDF fetched with the id_ form (original bytes). Listed on the SEC ""Final Orders of the Commission"" page."
usa-sec-wb-order-34-96178,"Order Determining Whistleblower Award Claim(s), Exchange Act Release No. 96178",U.S. Securities and Exchange Commission,,government,USA,2022-10-31,2026-10-05,https://www.sec.gov/rules/other/2022/34-96178.pdf,https://web.archive.org/web/2025/https://www.sec.gov/rules/other/2022/34-96178.pdf,raw/usa-sec-wb-order-34-96178.pdf,f33e385dff4c303bc5b6381a82bb023e0c5f0119853d5c593e99c82ac8b66e12,"SEC whistleblower award order (redacted public version): award amount and/or percentage, claimants, related actions","sec.gov blocks scripted downloads; stored copy is the Wayback Machine capture of the PDF fetched with the id_ form (original bytes). Listed on the SEC ""Final Orders of the Commission"" page."
usa-sec-wb-order-34-96231,"Order Determining Whistleblower Award Claim(s), Exchange Act Release No. 96231",U.S. Securities and Exchange Commission,,government,USA,2022-11-04,2026-10-05,https://www.sec.gov/rules/other/2022/34-96231.pdf,https://web.archive.org/web/2025/https://www.sec.gov/rules/other/2022/34-96231.pdf,raw/usa-sec-wb-order-34-96231.pdf,d1777e818ee4b34da4bcd97fceae37a1614d464d59feafb6d2e0e3144d92ec96,"SEC whistleblower award order (redacted public version): award amount and/or percentage, claimants, related actions","sec.gov blocks scripted downloads; stored copy is the Wayback Machine capture of the PDF fetched with the id_ form (original bytes). Listed on the SEC ""Final Orders of the Commission"" page."
usa-sec-wb-order-34-96381,"Order Determining Whistleblower Award Claim(s), Exchange Act Release No. 96381",U.S. Securities and Exchange Commission,,government,USA,2022-11-28,2026-10-05,https://www.sec.gov/rules/other/2022/34-96381.pdf,https://web.archive.org/web/2025/https://www.sec.gov/rules/other/2022/34-96381.pdf,raw/usa-sec-wb-order-34-96381.pdf,1904ad764567ffa3f2608263818bfe86c495f99591c7e870f0e37335abd5fb1b,"SEC whistleblower award order (redacted public version): award amount and/or percentage, claimants, related actions","sec.gov blocks scripted downloads; stored copy is the Wayback Machine capture of the PDF fetched with the id_ form (original bytes). Listed on the SEC ""Final Orders of the Commission"" page."
usa-sec-wb-order-34-96399,"Order Determining Whistleblower Award Claim(s), Exchange Act Release No. 96399",U.S. Securities and Exchange Commission,,government,USA,2022-11-29,2026-10-05,https://www.sec.gov/rules/other/2022/34-96399.pdf,https://web.archive.org/web/2025/https://www.sec.gov/rules/other/2022/34-96399.pdf,raw/usa-sec-wb-order-34-96399.pdf,8ee5f99ad3d0ba84ce26261aed3ce02fdaca47302fa1d33ceb57b682b94117e5,"SEC whistleblower award order (redacted public version): award amount and/or percentage, claimants, related actions","sec.gov blocks scripted downloads; stored copy is the Wayback Machine capture of the PDF fetched with the id_ form (original bytes). Listed on the SEC ""Final Orders of the Commission"" page."
usa-sec-wb-order-34-96439,"Order Determining Whistleblower Award Claim(s), Exchange Act Release No. 96439",U.S. Securities and Exchange Commission,,government,USA,2022-12-02,2026-10-05,https://www.sec.gov/rules/other/2022/34-96439.pdf,https://web.archive.org/web/2025/https://www.sec.gov/rules/other/2022/34-96439.pdf,raw/usa-sec-wb-order-34-96439.pdf,2c3e7dd469dcae62d2bf1c7d93773831f3b8aeb43884aca1cc1c4e59f9bf820d,"SEC whistleblower award order (redacted public version): award amount and/or percentage, claimants, related actions","sec.gov blocks scripted downloads; stored copy is the Wayback Machine capture of the PDF fetched with the id_ form (original bytes). Listed on the SEC ""Final Orders of the Commission"" page."
usa-sec-wb-order-34-96604,"Order Determining Whistleblower Award Claim(s), Exchange Act Release No. 96604",U.S. Securities and Exchange Commission,,government,USA,2023-01-06,2026-10-05,https://www.sec.gov/rules/other/2023/34-96604.pdf,https://web.archive.org/web/2025/https://www.sec.gov/rules/other/2023/34-96604.pdf,raw/usa-sec-wb-order-34-96604.pdf,9b6ea69e6984aa2aef8a1cfe158d6b1a34c0ee6dcf41918f40c69e1c41128b35,"SEC whistleblower award order (redacted public version): award amount and/or percentage, claimants, related actions","sec.gov blocks scripted downloads; stored copy is the Wayback Machine capture of the PDF fetched with the id_ form (original bytes). Listed on the SEC ""Final Orders of the Commission"" page."
usa-sec-wb-order-34-96641,"Order Determining Whistleblower Award Claim(s), Exchange Act Release No. 96641",U.S. Securities and Exchange Commission,,government,USA,2023-01-12,2026-10-05,https://www.sec.gov/rules/other/2023/34-96641.pdf,https://web.archive.org/web/2025/https://www.sec.gov/rules/other/2023/34-96641.pdf,raw/usa-sec-wb-order-34-96641.pdf,2e1c1f0e2a6e1977c6ba2106c0f4d4a2bab305131cc6d1d216e6219470be7e3a,"SEC whistleblower award order (redacted public version): award amount and/or percentage, claimants, related actions","sec.gov blocks scripted downloads; stored copy is the Wayback Machine capture of the PDF fetched with the id_ form (original bytes). Listed on the SEC ""Final Orders of the Commission"" page."
usa-sec-wb-order-34-96642,"Order Determining Whistleblower Award Claim(s), Exchange Act Release No. 96642",U.S. Securities and Exchange Commission,,government,USA,2023-01-12,2026-10-05,https://www.sec.gov/rules/other/2023/34-96642.pdf,https://web.archive.org/web/2025/https://www.sec.gov/rules/other/2023/34-96642.pdf,raw/usa-sec-wb-order-34-96642.pdf,0f5e811ecb3a378f45d1fb8e84dfebd54a2e4839b86be75d97c86d0e93701163,"SEC whistleblower award order (redacted public version): award amount and/or percentage, claimants, related actions","sec.gov blocks scripted downloads; stored copy is the Wayback Machine capture of the PDF fetched with the id_ form (original bytes). Listed on the SEC ""Final Orders of the Commission"" page."
usa-sec-wb-order-34-96656,"Order Determining Whistleblower Award Claim(s), Exchange Act Release No. 96656",U.S. Securities and Exchange Commission,,government,USA,2023-01-13,2026-10-05,https://www.sec.gov/rules/other/2023/34-96656.pdf,https://web.archive.org/web/2025/https://www.sec.gov/rules/other/2023/34-96656.pdf,raw/usa-sec-wb-order-34-96656.pdf,fd17d7f8dba7b9b73bf8ffb11a1853972cd4daf350386d6df985c7134fc254d1,"SEC whistleblower award order (redacted public version): award amount and/or percentage, claimants, related actions","sec.gov blocks scripted downloads; stored copy is the Wayback Machine capture of the PDF fetched with the id_ form (original bytes). Listed on the SEC ""Final Orders of the Commission"" page."
usa-sec-wb-order-34-96705,"Order Determining Whistleblower Award Claim(s), Exchange Act Release No. 96705",U.S. Securities and Exchange Commission,,government,USA,2023-01-19,2026-10-05,https://www.sec.gov/rules/other/2023/34-96705.pdf,https://web.archive.org/web/2025/https://www.sec.gov/rules/other/2023/34-96705.pdf,raw/usa-sec-wb-order-34-96705.pdf,1b6c93b2ca25c86e639565930f87760e0cbf3ed1a1de460f759761d5bb813362,"SEC whistleblower award order (redacted public version): award amount and/or percentage, claimants, related actions","sec.gov blocks scripted downloads; stored copy is the Wayback Machine capture of the PDF fetched with the id_ form (original bytes). Listed on the SEC ""Final Orders of the Commission"" page."
usa-sec-wb-order-34-96765,"Order Determining Whistleblower Award Claim(s), Exchange Act Release No. 96765",U.S. Securities and Exchange Commission,,government,USA,2023-01-30,2026-10-05,https://www.sec.gov/rules/other/2023/34-96765.pdf,https://web.archive.org/web/2025/https://www.sec.gov/rules/other/2023/34-96765.pdf,raw/usa-sec-wb-order-34-96765.pdf,c2f9091003904016927d44890008e8389f4e63509662f3c0d11bb53d75455eda,"SEC whistleblower award order (redacted public version): award amount and/or percentage, claimants, related actions","sec.gov blocks scripted downloads; stored copy is the Wayback Machine capture of the PDF fetched with the id_ form (original bytes). Listed on the SEC ""Final Orders of the Commission"" page."
usa-sec-wb-order-34-96887,"Order Determining Whistleblower Award Claim(s), Exchange Act Release No. 96887",U.S. Securities and Exchange Commission,,government,USA,2023-02-13,2026-10-05,https://www.sec.gov/rules/other/2023/34-96887.pdf,https://web.archive.org/web/2025/https://www.sec.gov/rules/other/2023/34-96887.pdf,raw/usa-sec-wb-order-34-96887.pdf,04104d2012c22800c24b8fa252182d4c6f7b17e5c6e9e8b4c49431e9a3235632,"SEC whistleblower award order (redacted public version): award amount and/or percentage, claimants, related actions","sec.gov blocks scripted downloads; stored copy is the Wayback Machine capture of the PDF fetched with the id_ form (original bytes). Listed on the SEC ""Final Orders of the Commission"" page."
usa-sec-wb-order-34-96923,"Order Determining Whistleblower Award Claim(s), Exchange Act Release No. 96923",U.S. Securities and Exchange Commission,,government,USA,2023-02-14,2026-10-05,https://www.sec.gov/rules/other/2023/34-96923.pdf,https://web.archive.org/web/2025/https://www.sec.gov/rules/other/2023/34-96923.pdf,raw/usa-sec-wb-order-34-96923.pdf,53dd096d6275a5f9d189bb2d04bd44f512258777eaa040cbeea75f5f5fef4777,"SEC whistleblower award order (redacted public version): award amount and/or percentage, claimants, related actions","sec.gov blocks scripted downloads; stored copy is the Wayback Machine capture of the PDF fetched with the id_ form (original bytes). Listed on the SEC ""Final Orders of the Commission"" page."
usa-sec-wb-order-34-97051,"Order Determining Whistleblower Award Claim(s), Exchange Act Release No. 97051",U.S. Securities and Exchange Commission,,government,USA,2023-03-07,2026-10-05,https://www.sec.gov/rules/other/2023/34-97051.pdf,https://web.archive.org/web/2025/https://www.sec.gov/rules/other/2023/34-97051.pdf,raw/usa-sec-wb-order-34-97051.pdf,1f10c07b72ac7c941d099861df68e2640ec4d00591819e3cef5593dd0fa05fc1,"SEC whistleblower award order (redacted public version): award amount and/or percentage, claimants, related actions","sec.gov blocks scripted downloads; stored copy is the Wayback Machine capture of the PDF fetched with the id_ form (original bytes). Listed on the SEC ""Final Orders of the Commission"" page."
usa-sec-wb-order-34-97285,"Order Determining Whistleblower Award Claim(s), Exchange Act Release No. 97285",U.S. Securities and Exchange Commission,,government,USA,2023-04-11,2026-10-05,https://www.sec.gov/rules/other/2023/34-97285.pdf,https://web.archive.org/web/2025/https://www.sec.gov/rules/other/2023/34-97285.pdf,raw/usa-sec-wb-order-34-97285.pdf,3805ea76b98604070d233eca52dfb4eb81163755f4ce432085be86c108784c73,"SEC whistleblower award order (redacted public version): award amount and/or percentage, claimants, related actions","sec.gov blocks scripted downloads; stored copy is the Wayback Machine capture of the PDF fetched with the id_ form (original bytes). Listed on the SEC ""Final Orders of the Commission"" page."
usa-sec-wb-order-34-97295,"Order Determining Whistleblower Award Claim(s), Exchange Act Release No. 97295",U.S. Securities and Exchange Commission,,government,USA,2023-04-13,2026-10-05,https://www.sec.gov/rules/other/2023/34-97295.pdf,https://web.archive.org/web/2025/https://www.sec.gov/rules/other/2023/34-97295.pdf,raw/usa-sec-wb-order-34-97295.pdf,eec61dd8ed99c10535f5c6b97bdafd58fc92e1a32e40f96bc9b9b028a2cf3b06,"SEC whistleblower award order (redacted public version): award amount and/or percentage, claimants, related actions","sec.gov blocks scripted downloads; stored copy is the Wayback Machine capture of the PDF fetched with the id_ form (original bytes). Listed on the SEC ""Final Orders of the Commission"" page."
usa-sec-wb-order-34-97524,"Order Determining Whistleblower Award Claim(s), Exchange Act Release No. 97524",U.S. Securities and Exchange Commission,,government,USA,2023-05-18,2026-10-05,https://www.sec.gov/rules/other/2023/34-97524.pdf,https://web.archive.org/web/2025/https://www.sec.gov/rules/other/2023/34-97524.pdf,raw/usa-sec-wb-order-34-97524.pdf,450442c581182fed159434b44d57fac5100605335fd49fa9fc6c691717e6763a,"SEC whistleblower award order (redacted public version): award amount and/or percentage, claimants, related actions","sec.gov blocks scripted downloads; stored copy is the Wayback Machine capture of the PDF fetched with the id_ form (original bytes). Listed on the SEC ""Final Orders of the Commission"" page."
usa-sec-wb-order-34-97573,"Order Determining Whistleblower Award Claim(s), Exchange Act Release No. 97573",U.S. Securities and Exchange Commission,,government,USA,2023-05-25,2026-10-05,https://www.sec.gov/files/rules/other/2023/34-97573.pdf,https://web.archive.org/web/2025/https://www.sec.gov/files/rules/other/2023/34-97573.pdf,raw/usa-sec-wb-order-34-97573.pdf,6dbcde0c7c46bfb04337c9ae62cf340f0554234e107ddbbb883c88e86e35e616,"SEC whistleblower award order (redacted public version): award amount and/or percentage, claimants, related actions","sec.gov blocks scripted downloads; stored copy is the Wayback Machine capture of the PDF fetched with the id_ form (original bytes). Listed on the SEC ""Final Orders of the Commission"" page."
usa-sec-wb-order-34-97598,"Order Determining Whistleblower Award Claim(s), Exchange Act Release No. 97598",U.S. Securities and Exchange Commission,,government,USA,2023-05-26,2026-10-05,https://www.sec.gov/rules/other/2023/34-97598.pdf,https://web.archive.org/web/2025/https://www.sec.gov/rules/other/2023/34-97598.pdf,raw/usa-sec-wb-order-34-97598.pdf,d3c6b253f9c92757730bb077485b4dacdfb1dbeb8722dd2e4f86e0a3b154c81b,"SEC whistleblower award order (redacted public version): award amount and/or percentage, claimants, related actions","sec.gov blocks scripted downloads; stored copy is the Wayback Machine capture of the PDF fetched with the id_ form (original bytes). Listed on the SEC ""Final Orders of the Commission"" page."
usa-sec-wb-order-34-97683,"Order Determining Whistleblower Award Claim(s), Exchange Act Release No. 97683",U.S. Securities and Exchange Commission,,government,USA,2023-06-09,2026-10-05,https://www.sec.gov/rules/other/2023/34-97683.pdf,https://web.archive.org/web/2025/https://www.sec.gov/rules/other/2023/34-97683.pdf,raw/usa-sec-wb-order-34-97683.pdf,e70a50fd0f95bfba47479ce0ace5249e95009952973efc82e9e663525fb2e465,"SEC whistleblower award order (redacted public version): award amount and/or percentage, claimants, related actions","sec.gov blocks scripted downloads; stored copy is the Wayback Machine capture of the PDF fetched with the id_ form (original bytes). Listed on the SEC ""Final Orders of the Commission"" page."
usa-sec-wb-order-34-97805,"Order Determining Whistleblower Award Claim(s), Exchange Act Release No. 97805",U.S. Securities and Exchange Commission,,government,USA,2023-06-27,2026-10-05,https://www.sec.gov/rules/other/2023/34-97805.pdf,https://web.archive.org/web/2025/https://www.sec.gov/rules/other/2023/34-97805.pdf,raw/usa-sec-wb-order-34-97805.pdf,9c5d1356aa4c54f918eac67e6c7ea07cee7c91d5de9bbc85929771e56b106965,"SEC whistleblower award order (redacted public version): award amount and/or percentage, claimants, related actions","sec.gov blocks scripted downloads; stored copy is the Wayback Machine capture of the PDF fetched with the id_ form (original bytes). Listed on the SEC ""Final Orders of the Commission"" page."
usa-sec-wb-order-34-97879,"Order Determining Whistleblower Award Claim(s), Exchange Act Release No. 97879",U.S. Securities and Exchange Commission,,government,USA,2023-07-12,2026-10-05,https://www.sec.gov/rules/other/2023/34-97879.pdf,https://web.archive.org/web/2025/https://www.sec.gov/rules/other/2023/34-97879.pdf,raw/usa-sec-wb-order-34-97879.pdf,b3c8b9d08dc6096884a63f5769e40edaaea6cf04434ada689f93deaec394d9e0,"SEC whistleblower award order (redacted public version): award amount and/or percentage, claimants, related actions","sec.gov blocks scripted downloads; stored copy is the Wayback Machine capture of the PDF fetched with the id_ form (original bytes). Listed on the SEC ""Final Orders of the Commission"" page."
usa-sec-wb-order-34-98219,"Order Determining Whistleblower Award Claim(s), Exchange Act Release No. 98219",U.S. Securities and Exchange Commission,,government,USA,2023-08-25,2026-10-05,https://www.sec.gov/rules/other/2023/34-98219.pdf,https://web.archive.org/web/2025/https://www.sec.gov/rules/other/2023/34-98219.pdf,raw/usa-sec-wb-order-34-98219.pdf,88bd0eb98f6f6775af350e86a4741885d9ddde1142c37109a2ef864b66d33da6,"SEC whistleblower award order (redacted public version): award amount and/or percentage, claimants, related actions","sec.gov blocks scripted downloads; stored copy is the Wayback Machine capture of the PDF fetched with the id_ form (original bytes). Listed on the SEC ""Final Orders of the Commission"" page."
usa-sec-wb-order-34-98235,"Order Determining Whistleblower Award Claim(s), Exchange Act Release No. 98235",U.S. Securities and Exchange Commission,,government,USA,2023-08-29,2026-10-05,https://www.sec.gov/files/rules/other/2023/34-98235.pdf,https://web.archive.org/web/2025/https://www.sec.gov/files/rules/other/2023/34-98235.pdf,raw/usa-sec-wb-order-34-98235.pdf,0fef9fbb3125d22f928aa07ad4ae522c3f98f4ddccba41e91b4d631e47f06faf,"SEC whistleblower award order (redacted public version): award amount and/or percentage, claimants, related actions","sec.gov blocks scripted downloads; stored copy is the Wayback Machine capture of the PDF fetched with the id_ form (original bytes). Listed on the SEC ""Final Orders of the Commission"" page."
usa-sec-wb-order-34-98236,"Order Determining Whistleblower Award Claim(s), Exchange Act Release No. 98236",U.S. Securities and Exchange Commission,,government,USA,2023-08-29,2026-10-05,https://www.sec.gov/files/rules/other/2023/34-98236.pdf,https://web.archive.org/web/2025/https://www.sec.gov/files/rules/other/2023/34-98236.pdf,raw/usa-sec-wb-order-34-98236.pdf,a4ddd21af0387d6cf710fbefb1636136813bc8c5b1cdabe379337c2bf2966292,"SEC whistleblower award order (redacted public version): award amount and/or percentage, claimants, related actions","sec.gov blocks scripted downloads; stored copy is the Wayback Machine capture of the PDF fetched with the id_ form (original bytes). Listed on the SEC ""Final Orders of the Commission"" page."
usa-sec-wb-order-34-98736,"Order Determining Whistleblower Award Claim(s), Exchange Act Release No. 98736",U.S. Securities and Exchange Commission,,government,USA,2023-10-13,2026-10-05,https://www.sec.gov/files/rules/other/2023/34-98736.pdf,https://web.archive.org/web/2025/https://www.sec.gov/files/rules/other/2023/34-98736.pdf,raw/usa-sec-wb-order-34-98736.pdf,dc2b87f3492105189b407f423ab5bbb501e16a96d21a7cbb1446922e7a7b1ffc,"SEC whistleblower award order (redacted public version): award amount and/or percentage, claimants, related actions","sec.gov blocks scripted downloads; stored copy is the Wayback Machine capture of the PDF fetched with the id_ form (original bytes). Listed on the SEC ""Final Orders of the Commission"" page."
usa-sec-wb-order-34-98985,"Order Determining Whistleblower Award Claim(s), Exchange Act Release No. 98985",U.S. Securities and Exchange Commission,,government,USA,2023-11-20,2026-10-05,https://www.sec.gov/rules/other/2023/34-98985.pdf,https://web.archive.org/web/2025/https://www.sec.gov/rules/other/2023/34-98985.pdf,raw/usa-sec-wb-order-34-98985.pdf,08080e9ab516173e9835256fae07a1aa8d22d19567f27c9325239615ceddb1db,"SEC whistleblower award order (redacted public version): award amount and/or percentage, claimants, related actions","sec.gov blocks scripted downloads; stored copy is the Wayback Machine capture of the PDF fetched with the id_ form (original bytes). Listed on the SEC ""Final Orders of the Commission"" page."
usa-sec-wb-order-34-99312,"Order Determining Whistleblower Award Claim(s), Exchange Act Release No. 99312",U.S. Securities and Exchange Commission,,government,USA,2024-01-11,2026-10-05,https://www.sec.gov/files/rules/other/2024/34-99312.pdf,https://web.archive.org/web/2025/https://www.sec.gov/files/rules/other/2024/34-99312.pdf,raw/usa-sec-wb-order-34-99312.pdf,0aa1c6f163748d6b611156b2eb4fc7eab9bab18ae834b82c9f34adf409f30749,"SEC whistleblower award order (redacted public version): award amount and/or percentage, claimants, related actions","sec.gov blocks scripted downloads; stored copy is the Wayback Machine capture of the PDF fetched with the id_ form (original bytes). Listed on the SEC ""Final Orders of the Commission"" page."
usa-sec-wb-order-34-99669,"Order Determining Whistleblower Award Claim(s), Exchange Act Release No. 99669",U.S. Securities and Exchange Commission,,government,USA,2024-03-05,2026-10-05,https://www.sec.gov/files/rules/other/2024/34-99669.pdf,https://web.archive.org/web/2025/https://www.sec.gov/files/rules/other/2024/34-99669.pdf,raw/usa-sec-wb-order-34-99669.pdf,8b1559361db4ac2dd28c91c82998ea999614e62c38f767dd24db9b93bc59f630,"SEC whistleblower award order (redacted public version): award amount and/or percentage, claimants, related actions","sec.gov blocks scripted downloads; stored copy is the Wayback Machine capture of the PDF fetched with the id_ form (original bytes). Listed on the SEC ""Final Orders of the Commission"" page."
usa-sec-wb-order-34-99890,"Order Determining Whistleblower Award Claim(s), Exchange Act Release No. 99890",U.S. Securities and Exchange Commission,,government,USA,2024-04-03,2026-10-05,https://www.sec.gov/files/rules/other/2024/34-99890.pdf,https://web.archive.org/web/2025/https://www.sec.gov/files/rules/other/2024/34-99890.pdf,raw/usa-sec-wb-order-34-99890.pdf,82d45d34deb0c8c45dba786349f566c0a23b0b241b3e9fba9bd2b7363e1154a9,"SEC whistleblower award order (redacted public version): award amount and/or percentage, claimants, related actions","sec.gov blocks scripted downloads; stored copy is the Wayback Machine capture of the PDF fetched with the id_ form (original bytes). Listed on the SEC ""Final Orders of the Commission"" page."
usa-sec-wb-order-34-99916,"Order Determining Whistleblower Award Claim(s), Exchange Act Release No. 99916",U.S. Securities and Exchange Commission,,government,USA,2024-04-08,2026-10-05,https://www.sec.gov/files/rules/other/2024/34-99916.pdf,https://web.archive.org/web/2025/https://www.sec.gov/files/rules/other/2024/34-99916.pdf,raw/usa-sec-wb-order-34-99916.pdf,b5a57d41e516f10cea8749d3c50e57bc584e4a3b491c47e07716fc5bd85cd70f,"SEC whistleblower award order (redacted public version): award amount and/or percentage, claimants, related actions","sec.gov blocks scripted downloads; stored copy is the Wayback Machine capture of the PDF fetched with the id_ form (original bytes). Listed on the SEC ""Final Orders of the Commission"" page."
usa-sec-wb-order-34-99929,"Order Determining Whistleblower Award Claim(s), Exchange Act Release No. 99929",U.S. Securities and Exchange Commission,,government,USA,2024-04-09,2026-10-05,https://www.sec.gov/files/rules/other/2024/34-99929.pdf,https://web.archive.org/web/2025/https://www.sec.gov/files/rules/other/2024/34-99929.pdf,raw/usa-sec-wb-order-34-99929.pdf,127ac652dd24f4e3d7a19fb677ce33a5e6c0ab4eb7ff02befc3246948e2381dc,"SEC whistleblower award order (redacted public version): award amount and/or percentage, claimants, related actions","sec.gov blocks scripted downloads; stored copy is the Wayback Machine capture of the PDF fetched with the id_ form (original bytes). Listed on the SEC ""Final Orders of the Commission"" page."
usa-sec-wb-order-files-award-and-denial-orders-32723,Whistleblower award order(s) (files_award-and-denial-orders-32723.pdf),U.S. Securities and Exchange Commission,,government,USA,2023-03-27,2026-10-05,https://www.sec.gov/files/award-and-denial-orders-32723.pdf,https://web.archive.org/web/2025/https://www.sec.gov/files/award-and-denial-orders-32723.pdf,raw/usa-sec-wb-order-files-award-and-denial-orders-32723.pdf,079fa1683c54543d5f05cb7ccac2397d6c4dee370c97472efe20026a7d1f453e,"SEC whistleblower award order (redacted public version): award amount and/or percentage, claimants, related actions","sec.gov blocks scripted downloads; stored copy is the Wayback Machine capture of the PDF fetched with the id_ form (original bytes). Listed on the SEC ""Final Orders of the Commission"" page."
usa-sec-wb-pr-2023-89,SEC Issues Largest-Ever Whistleblower Award,U.S. Securities and Exchange Commission,,government,USA,2023-05-05,2026-10-03,https://www.sec.gov/news/press-release/2023-89,,raw/usa-sec-wb-pr-2023-89.html,eb4a446015dc4907687a8b7e71ae703d1d3145fc0906322f359b82409aa86adb,Record SEC award of nearly $279 million; previous record $114 million (Oct 2020),
usa-senate-psi-boeing-opening-2024,"Examining Boeing's Broken Safety Culture: Firsthand Accounts - Opening Statement, Chair Richard Blumenthal",U.S. Senate Permanent Subcommittee on Investigations,,government,USA,2024-04-17,2026-10-03,https://www.hsgac.senate.gov/wp-content/uploads/2024.04.17-Blumenthal-Opening-Statement.pdf,https://web.archive.org/web/20241207000621/https://www.hsgac.senate.gov/wp-content/uploads/2024.04.17-Blumenthal-Opening-Statement.pdf,raw/usa-senate-psi-boeing-opening-2024.pdf,5614a5a804e86f0dfae57f09bc612c7fe72fcda80851f8a075ac356bc72cdc79,"Names Boeing whistleblowers Salehpour, Pierson, Jacobsen, Barnett; retaliation",hsgac.senate.gov returned 403 to scripts; copy from Wayback raw capture.
usa-taf-nhtsa-rules-2024,Life Is a Highway: NHTSA Finalizes Whistleblower Program Rules,The Anti-Fraud Coalition (TAF Coalition),Grace Swindler,ngo,USA,2024-12-16,2026-10-03,https://www.taf.org/nhtsa-whistleblower-program-rules/,,,,"Advocacy article naming the Hyundai/Kia whistleblower (Gwang-Ho Kim), who went public.",Advocacy group; used only for the whistleblower's public name. Read via WebFetch.
usa-tigta-wbo-audit-2009,Deficiencies Exist in the Control and Timely Resolution of Whistleblower Claims (Reference Number 2009-30-114),Treasury Inspector General for Tax Administration,,government,USA,2009-08-20,2026-10-05,http://www.treasury.gov/tigta/auditreports/2009reports/200930114fr.pdf,https://web.archive.org/web/2012/http://www.treasury.gov/tigta/auditreports/2009reports/200930114fr.pdf,raw/usa-tigta-wbo-audit-2009.pdf,e55f6042989baa0ebb39cb1e46863251701c2b1f0ae052a7050e955e0e75f94d,Status of 7623(b) claims at 30 Mar 2009; pre-2006 Informant Rewards Program totals FY2001-2005; recommendation for anti-retaliation protection,"Retrieved from the Wayback Machine (id_). Cites an earlier TIGTA report on the Informant Rewards Program (2006-30-092, 6 June 2006), not retrieved."
usa-tigta-wbo-audit-2016,"The Whistleblower Program Helps Identify Tax Noncompliance; However, Improvements Are Needed to Ensure That Claims Are Processed Appropriately and Expeditiously (Reference Number 2016-30-059)",Treasury Inspector General for Tax Administration,,government,USA,2016-08-30,2026-10-05,https://www.oversight.gov/sites/default/files/oig-reports/201630059fr.pdf,,raw/usa-tigta-wbo-audit-2016.pdf,9c354f887bf1d5b7550138185dbc919286bc58a6de89aaaec47f569dec5b6098,Collected proceeds and awards FY2011-Feb 2016; submissions per year FY2011-Mar 2016; claims per whistleblower FY2013-2015; processing backlogs,Downloaded from oversight.gov. Figure 7 relays the WO annual reports for FY2011-2015.
usa-tigta-wbo-audit-2023,Additional Actions Are Needed to Improve Data Collection and Analysis of Whistleblower Claims and Ensure Full Compliance With the Taxpayer First Act (Report No. 2023-35-031),Treasury Inspector General for Tax Administration,,government,USA,2023-06-08,2026-10-03,https://www.oversight.gov/sites/default/files/documents/reports/2023-06/202335031fr.pdf,,raw/usa-tigta-wbo-audit-2023.pdf,7260b6284375ccaed35cd3f1b98393b5fa6f9e20ae0999397b0e5296443fa161,FY2017-2021 awards; claims referred by division and subsection FY2018-2021; e-Trak awards Oct 2017-Jun 2021 by subsection; average years to payment.,tigta.gov returned a 404 page to scripted requests; copy downloaded from oversight.gov.
usa-treasury-karrp-page-2026,Kleptocracy Asset Recovery Rewards Program (web page),U.S. Department of the Treasury,,government,USA,2026,2026-10-03,https://home.treasury.gov/about/offices/terrorism-and-financial-intelligence/terrorist-financing-and-financial-crimes/kleptocracy-asset-recovery-rewards-program,,raw/usa-treasury-karrp-page-2026.html,1752aa6e6446a28a25a73779627a4fa83f51f700af66eff0f734203c3498f401,States the programme lapsed on 1 January 2024.,
usa-tx-joint-coord-report-fy2016,"Joint Annual Interagency Coordination Report, FY2015 and FY2016 (Texas Government Code 531.103)",Texas Health and Human Services Office of Inspector General and Texas Office of the Attorney General,,government,USA,2016,2026-10-05,https://oig.hhs.texas.gov/sites/default/files/documents/Joint-Annual-OIG-MFCU-Report-2015-16.pdf,https://web.archive.org/web/2026/https://oig.hhs.texas.gov/sites/default/files/documents/Joint-Annual-OIG-MFCU-Report-2015-16.pdf,raw/usa-tx-joint-coord-report-fy2016.pdf,0233e659aba2bcd57f587febf5d860ccb722cb5245582ff297b70c6114b60471,"Texas Medicaid fraud enforcement for FY2015 and FY2016: OIG, Medicaid Fraud Control Unit and the Attorney General's Civil Medicaid Fraud Division (cases opened/closed/pending, total amount recovered, significant TMFPA settlements)",oig.hhs.texas.gov did not answer scripted requests; copy retrieved from the Wayback Machine (id_). Publication month not printed; year given.
usa-tx-joint-coord-report-fy2017,"Joint Annual Interagency Coordination Report, FY2017 (scanned) (Texas Government Code 531.103)",Texas Health and Human Services Office of Inspector General and Texas Office of the Attorney General,,government,USA,2017,2026-10-05,https://oig.hhs.texas.gov/sites/default/files/documents/Joint-Annual-IG-MFCU-Report-2017.pdf,https://web.archive.org/web/2026/https://oig.hhs.texas.gov/sites/default/files/documents/Joint-Annual-IG-MFCU-Report-2017.pdf,raw/usa-tx-joint-coord-report-fy2017.pdf,b431ba614f2e2eb8eb855f6b63e13a3ce9557f19876486295dce0f4051683ccd,"Texas Medicaid fraud enforcement for FY2017 (scanned): OIG, Medicaid Fraud Control Unit and the Attorney General's Civil Medicaid Fraud Division (cases opened/closed/pending, total amount recovered, significant TMFPA settlements)",oig.hhs.texas.gov did not answer scripted requests; copy retrieved from the Wayback Machine (id_). Publication month not printed; year given.
usa-tx-joint-coord-report-fy2018,"Joint Annual Interagency Coordination Report, FY2018 (Texas Government Code 531.103)",Texas Health and Human Services Office of Inspector General and Texas Office of the Attorney General,,government,USA,2018,2026-10-05,https://oig.hhs.texas.gov/sites/default/files/documents/Joint-Annual-OIG-MFCU-Report-2018.pdf,https://web.archive.org/web/2026/https://oig.hhs.texas.gov/sites/default/files/documents/Joint-Annual-OIG-MFCU-Report-2018.pdf,raw/usa-tx-joint-coord-report-fy2018.pdf,91abb62a83c30349c99c08455e0ac32a6cfff28fd4270cd70d38618a3d71e360,"Texas Medicaid fraud enforcement for FY2018: OIG, Medicaid Fraud Control Unit and the Attorney General's Civil Medicaid Fraud Division (cases opened/closed/pending, total amount recovered, significant TMFPA settlements)",oig.hhs.texas.gov did not answer scripted requests; copy retrieved from the Wayback Machine (id_). Publication month not printed; year given.
usa-tx-joint-coord-report-fy2019,"Joint Annual Interagency Coordination Report, FY2019 (Texas Government Code 531.103)",Texas Health and Human Services Office of Inspector General and Texas Office of the Attorney General,,government,USA,2019,2026-10-05,https://oig.hhs.texas.gov/sites/default/files/documents/Joint-Annual-OIG-MFCU-Report-2019.pdf,https://web.archive.org/web/2026/https://oig.hhs.texas.gov/sites/default/files/documents/Joint-Annual-OIG-MFCU-Report-2019.pdf,raw/usa-tx-joint-coord-report-fy2019.pdf,3e7a3b0b7ac65b482095530f86746538fdb9990019c275a26f2f425381a154ce,"Texas Medicaid fraud enforcement for FY2019: OIG, Medicaid Fraud Control Unit and the Attorney General's Civil Medicaid Fraud Division (cases opened/closed/pending, total amount recovered, significant TMFPA settlements)",oig.hhs.texas.gov did not answer scripted requests; copy retrieved from the Wayback Machine (id_). Publication month not printed; year given.
usa-tx-joint-coord-report-fy2020,"Joint Annual Interagency Coordination Report, FY2020 (Texas Government Code 531.103)",Texas Health and Human Services Office of Inspector General and Texas Office of the Attorney General,,government,USA,2020,2026-10-05,https://oig.hhs.texas.gov/sites/default/files/documents/joint-annual-coordination-report-fy-2020-final.pdf,https://web.archive.org/web/2026/https://oig.hhs.texas.gov/sites/default/files/documents/joint-annual-coordination-report-fy-2020-final.pdf,raw/usa-tx-joint-coord-report-fy2020.pdf,37317ef4fea1981d7ce98f976730874c5113ad220df4d703b6eb4378398c4c30,"Texas Medicaid fraud enforcement for FY2020: OIG, Medicaid Fraud Control Unit and the Attorney General's Civil Medicaid Fraud Division (cases opened/closed/pending, total amount recovered, significant TMFPA settlements)",oig.hhs.texas.gov did not answer scripted requests; copy retrieved from the Wayback Machine (id_). Publication month not printed; year given.
usa-tx-joint-coord-report-fy2021,"Joint Annual Interagency Coordination Report, FY2021 (Texas Government Code 531.103)",Texas Health and Human Services Office of Inspector General and Texas Office of the Attorney General,,government,USA,2021,2026-10-05,https://oig.hhs.texas.gov/sites/default/files/documents/joint-annual-coordination-report-fy-2021-final.pdf,https://web.archive.org/web/2026/https://oig.hhs.texas.gov/sites/default/files/documents/joint-annual-coordination-report-fy-2021-final.pdf,raw/usa-tx-joint-coord-report-fy2021.pdf,f5466702226341a4c842d4f8d2c0ffbf3ea12e807f6a320c7dc9698cdf3867c6,"Texas Medicaid fraud enforcement for FY2021: OIG, Medicaid Fraud Control Unit and the Attorney General's Civil Medicaid Fraud Division (cases opened/closed/pending, total amount recovered, significant TMFPA settlements)",oig.hhs.texas.gov did not answer scripted requests; copy retrieved from the Wayback Machine (id_). Publication month not printed; year given.
usa-tx-joint-coord-report-fy2022,"Joint Annual Interagency Coordination Report, FY2022 (Texas Government Code 531.103)",Texas Health and Human Services Office of Inspector General and Texas Office of the Attorney General,,government,USA,2022,2026-10-05,https://oig.hhs.texas.gov/sites/default/files/documents/joint-annual-coordination-report-fy-2022-final.pdf,https://web.archive.org/web/2026/https://oig.hhs.texas.gov/sites/default/files/documents/joint-annual-coordination-report-fy-2022-final.pdf,raw/usa-tx-joint-coord-report-fy2022.pdf,36afdc7444561595f5d8e4adc440fea7eb130413c65f55468aa4b2b37a2366fd,"Texas Medicaid fraud enforcement for FY2022: OIG, Medicaid Fraud Control Unit and the Attorney General's Civil Medicaid Fraud Division (cases opened/closed/pending, total amount recovered, significant TMFPA settlements)",oig.hhs.texas.gov did not answer scripted requests; copy retrieved from the Wayback Machine (id_). Publication month not printed; year given.
usa-tx-joint-coord-report-fy2023,"Joint Annual Interagency Coordination Report, FY2023 (Texas Government Code 531.103)",Texas Health and Human Services Office of Inspector General and Texas Office of the Attorney General,,government,USA,2023,2026-10-05,https://oig.hhs.texas.gov/sites/default/files/documents/joint-annual-coordination-report-fy-2023-final.pdf,https://web.archive.org/web/2026/https://oig.hhs.texas.gov/sites/default/files/documents/joint-annual-coordination-report-fy-2023-final.pdf,raw/usa-tx-joint-coord-report-fy2023.pdf,719e257a6a885191b25aaebd11a3466723595344845cbf508f79e81617c8fdf7,"Texas Medicaid fraud enforcement for FY2023: OIG, Medicaid Fraud Control Unit and the Attorney General's Civil Medicaid Fraud Division (cases opened/closed/pending, total amount recovered, significant TMFPA settlements)",oig.hhs.texas.gov did not answer scripted requests; copy retrieved from the Wayback Machine (id_). Publication month not printed; year given.
usa-tx-joint-coord-report-fy2024,"Joint Annual Interagency Coordination Report, FY2024 (Texas Government Code 531.103)",Texas Health and Human Services Office of Inspector General and Texas Office of the Attorney General,,government,USA,2024,2026-10-05,https://oig.hhs.texas.gov/sites/default/files/documents/fy2024-joint-annual-interagency-coordination-report_0.pdf,https://web.archive.org/web/2026/https://oig.hhs.texas.gov/sites/default/files/documents/fy2024-joint-annual-interagency-coordination-report_0.pdf,raw/usa-tx-joint-coord-report-fy2024.pdf,7aa0f5853f60d886b868c86b8c98974fd0d15136bb32eb6aae3be3acece98b07,"Texas Medicaid fraud enforcement for FY2024: OIG, Medicaid Fraud Control Unit and the Attorney General's Civil Medicaid Fraud Division (cases opened/closed/pending, total amount recovered, significant TMFPA settlements)",oig.hhs.texas.gov did not answer scripted requests; copy retrieved from the Wayback Machine (id_). Publication month not printed; year given.
usa-tx-joint-coord-report-fy2025,"Joint Annual Interagency Coordination Report, FY2025 (Texas Government Code 531.103)",Texas Health and Human Services Office of Inspector General and Texas Office of the Attorney General,,government,USA,2025,2026-10-05,https://oig.hhs.texas.gov/sites/default/files/documents/fy2025_joint_annual_interagency_coordination_report.pdf,https://web.archive.org/web/2026/https://oig.hhs.texas.gov/sites/default/files/documents/fy2025_joint_annual_interagency_coordination_report.pdf,raw/usa-tx-joint-coord-report-fy2025.pdf,d352261360d012c55859559a9ea150f80309eee8c1d05c0c7fb347deac184746,"Texas Medicaid fraud enforcement for FY2025: OIG, Medicaid Fraud Control Unit and the Attorney General's Civil Medicaid Fraud Division (cases opened/closed/pending, total amount recovered, significant TMFPA settlements)",oig.hhs.texas.gov did not answer scripted requests; copy retrieved from the Wayback Machine (id_). Publication month not printed; year given.
usa-txag-pr-cmf-shire-2023,Office of the Attorney General's Civil Medicaid Fraud Division Recovers $42.7 Million in Taxpayer Funds,Office of the Attorney General of Texas,,government,USA,2023-08-08,2026-10-05,https://www.texasattorneygeneral.gov/news/releases/office-attorney-generals-civil-medicaid-fraud-division-recovers-427-million-taxpayer-funds,https://web.archive.org/web/2024/https://www.texasattorneygeneral.gov/news/releases/office-attorney-generals-civil-medicaid-fraud-division-recovers-427-million-taxpayer-funds,raw/usa-txag-pr-cmf-shire-2023.html,ac44d3b19d045f7dd623bfb34fe964801229833738aa3a863947f47c25c9f2cc,Shire/Takeda TMFPA settlement from a qui tam; cumulative CMF recoveries since 2000,texasattorneygeneral.gov did not answer scripted requests; Wayback copy.
usa-uscode-12usc4201-2024,"12 U.S.C. 4201 Filing of confidential declarations by private persons (United States Code, 2024 edition)",U.S. Government Publishing Office,,legislation,USA,2025,2026-10-03,https://www.govinfo.gov/content/pkg/USCODE-2024-title12/html/USCODE-2024-title12-chap43-subchapI-sec4201.htm,,raw/usa-uscode-12usc4201-2024.htm,9adb88456f40f843055b98e4c82300a33fe39eb63bba76985853d5247175f279,"Declarations to the Attorney General; short title note (Pub. L. 101-647, 29 Nov 1990).",
usa-uscode-12usc4205-2024,"12 U.S.C. 4205 Rights of declarants; participation in actions, awards (United States Code, 2024 edition)",U.S. Government Publishing Office,,legislation,USA,2025,2026-10-03,https://www.govinfo.gov/content/pkg/USCODE-2024-title12/html/USCODE-2024-title12-chap43-subchapI-sec4205.htm,,raw/usa-uscode-12usc4205-2024.htm,eb9983c14b812393f117b26b0696a0d34826dce8d0f47b714cf7ab4ea70f34ee,Financial Institutions Anti-Fraud Enforcement Act of 1990: declarant's share of recoveries (sliding scale) and discretionary rewards for convictions.,
usa-uscode-15usc78u-6-2023,"15 U.S.C. 78u-6, Securities whistleblower incentives and protection (United States Code, 2023 edition)",U.S. Government Publishing Office (govinfo),,legislation,USA,2023,2026-10-03,https://www.govinfo.gov/content/pkg/USCODE-2023-title15/html/USCODE-2023-title15-chap2B-sec78u-6.htm,,raw/usa-uscode-15usc78u-6-2023.htm,0ed63f1d5bad84efb086f549127e734af330c550c1eda0d141f4112d9483d603,"Statutory SEC award range, $1m threshold, Investor Protection Fund rules",uscode.house.gov was under maintenance; govinfo USCODE edition used. This file may also be used by other research passes.
usa-uscode-16usc3375-2024,"16 U.S.C. 3375 Enforcement (Lacey Act Amendments of 1981; United States Code, 2024 edition)",U.S. Government Publishing Office,,legislation,USA,2025,2026-10-03,https://www.govinfo.gov/content/pkg/USCODE-2024-title16/html/USCODE-2024-title16-chap53-sec3375.htm,,raw/usa-uscode-16usc3375-2024.htm,2ae263040d6c5e889123d7323dc321bade86881f542264998c4433c919b4bd37,"Subsection (d): rewards from fines, penalties and forfeitures for information on Lacey Act violations.",
usa-uscode-26usc7623-2023,"26 U.S.C. § 7623 Expenses of detection of underpayments and fraud, etc. (United States Code, 2023 edition)",U.S. Government Publishing Office / Office of the Law Revision Counsel,,legislation,USA,2024,2026-10-03,https://www.govinfo.gov/content/pkg/USCODE-2023-title26/pdf/USCODE-2023-title26-subtitleF-chap78-subchapB-sec7623.pdf,,raw/usa-uscode-26usc7623-2023.pdf,4294a8a89d038e0df9b6f8505e978fb77a0e92daf1c30e3dfd4258f8fe62cd00,"Current text of section 7623 (a)-(d) with amendment notes: 1996, 2006 (TRHCA), 2018 (BBA, proceeds), 2019 (Taxpayer First Act, anti-retaliation).",Official GPO edition. Two-column layout: quoted sentences run across column breaks in the PDF text layer.
usa-uscode-31-3730-2023,"31 U.S.C. 3730 - Civil actions for false claims (United States Code, 2023 Edition)",U.S. Government Publishing Office (govinfo),,legislation,USA,2023,2026-10-03,https://www.govinfo.gov/content/pkg/USCODE-2023-title31/pdf/USCODE-2023-title31-subtitleIII-chap37-subchapIII-sec3730.pdf,,raw/usa-uscode-31-3730-2023.pdf,a674a6a03050d839c9a1160f460de0dfa24e69895a5085163b21e30ae59269a5,"Current text of 3730 incl. (d) relator shares, (e)(4) public-disclosure bar as amended 2010, amendment notes (2009, 2010, 2022) and historical notes (1943 restatement date).","HTML version: https://www.govinfo.gov/content/pkg/USCODE-2023-title31/html/USCODE-2023-title31-subtitleIII-chap37-subchapIII-sec3730.htm (quotes taken from it; same text). uscode.house.gov was ""Under Maintenance"" during this pass."
usa-uscode-31usc5323-2018,"31 U.S.C. 5323 Rewards for informants (United States Code, 2018 edition)",U.S. Government Publishing Office,,legislation,USA,2019,2026-10-03,https://www.govinfo.gov/content/pkg/USCODE-2018-title31/html/USCODE-2018-title31-subtitleIV-chap53-subchapII-sec5323.htm,,raw/usa-uscode-31usc5323-2018.htm,4760e6272f3b151dc17b66ac70bd9bd8ce89115f402cea7ae107c131d5ec5f5b,Pre-2021 text of the BSA informant-reward provision (added 1984).,Text as in force before the AML Act of 2020.
usa-uscode-31usc5323-2021,"31 U.S.C. 5323 Whistleblower incentives and protections (United States Code, 2021 edition)",U.S. Government Publishing Office,,legislation,USA,2022,2026-10-03,https://www.govinfo.gov/content/pkg/USCODE-2021-title31/html/USCODE-2021-title31-subtitleIV-chap53-subchapII-sec5323.htm,,raw/usa-uscode-31usc5323-2021.htm,df162ced2f35ca12b813595385b131289b7f6eba2d7c3106642f6f2903c8a38d,Section 5323 as rewritten by the AML Act of 2020 (before the December 2022 amendment).,
usa-uscode-31usc5323-2023,"31 U.S.C. 5323 Whistleblower incentives and protections (United States Code, 2023 edition)",U.S. Government Publishing Office,,legislation,USA,2024,2026-10-03,https://www.govinfo.gov/content/pkg/USCODE-2023-title31/html/USCODE-2023-title31-subtitleIV-chap53-subchapII-sec5323.htm,,raw/usa-uscode-31usc5323-2023.htm,9b084829db6e4f93d567316728018704140a0429a04702300547cd8ab446cb04,"Section 5323 as amended by the AML Whistleblower Improvement Act (Pub. L. 117-328): 10-30 percent, Financial Integrity Fund, amendment notes.",
usa-uscode-33usc1908-2023,"33 U.S.C. 1908 Penalties for violations (Act to Prevent Pollution from Ships; United States Code, 2023 edition)",U.S. Government Publishing Office,,legislation,USA,2024,2026-10-03,https://www.govinfo.gov/content/pkg/USCODE-2023-title33/html/USCODE-2023-title33-chap33-sec1908.htm,,raw/usa-uscode-33usc1908-2023.htm,e1247ae449c9d34a8e3497183406eb392ece88346897e13bf7986b65d459956d,Court may pay up to half of a criminal fine (and the Secretary up to half of a civil penalty) to the person giving information.,
usa-uscode-49usc30172-2023,"49 U.S.C. 30172 Whistleblower incentives and protections (United States Code, 2023 edition)",U.S. Government Publishing Office,,legislation,USA,2024,2026-10-03,https://www.govinfo.gov/content/pkg/USCODE-2023-title49/html/USCODE-2023-title49-subtitleVI-partA-chap301-subchapIV-sec30172.htm,,raw/usa-uscode-49usc30172-2023.htm,23cfa332508e4fc2296df1c1fb0d16373d95015ebde2fdcf7e9f11ede2c02952,"Motor Vehicle Safety Whistleblower Act as codified (FAST Act, Pub. L. 114-94, sec. 24352, 4 Dec 2015).",
usa-uscode-7usc26-2023,"7 U.S.C. 26, Commodity whistleblower incentives and protection (United States Code, 2023 edition)",U.S. Government Publishing Office (govinfo),,legislation,USA,2023,2026-10-03,https://www.govinfo.gov/content/pkg/USCODE-2023-title7/html/USCODE-2023-title7-chap1-sec26.htm,,raw/usa-uscode-7usc26-2023.htm,41cc691953170ad4315ed3d8b748457fc165c5f839e776c818e9b598ed400020,"Statutory CFTC award range, $1m threshold, Customer Protection Fund $100m rule",
usa-ustc-wb21276-13w-2016,"Whistleblower 21276-13W v. Commissioner, 147 T.C. No. 4 (Supplemental Opinion, Docket Nos. 21276-13W, 21277-13W)",United States Tax Court,,court,USA,2016-08-03,2026-10-03,https://kkc.com/wp-content/uploads/2019/06/147tcno4.pdf,,raw/usa-ustc-wb21276-13w-2016.pdf,b95c95565c0c111d7e61b5b450b24b41752b8dc6d838b097109a2e2af9416937,Tax Court holds criminal fines and civil forfeitures are collected proceeds; 24% award agreed; also describes Whistleblower 22716-13W (FBAR penalties not counted toward the $2 million threshold).,"Official Tax Court opinion; copy obtained from a law-firm website (Kohn, Kohn & Colapinto) because the Tax Court site has no static URL. Whistleblowers anonymous by court order."
usa-wnn-danske-fairfund-2023,"Thanks to Danske Bank Whistleblower, SEC Sets Aside $178 Million for Harmed Investors",Whistleblower Network News,,media,USA,2023-02-21,2026-10-03,https://whistleblowersblog.org/corporate-whistleblowers/sec-whistleblowers/thanks-to-danske-bank-whistleblower-sec-sets-aside-178-million-for-harmed-investors/,https://web.archive.org/web/20260905011316/https://whistleblowersblog.org/corporate-whistleblowers/sec-whistleblowers/thanks-to-danske-bank-whistleblower-sec-sets-aside-178-million-for-harmed-investors/,,,Howard Wilkinson; no whistleblower award paid as of Feb 2023,"Advocacy-linked outlet that quotes Wilkinson's own lawyer (Kohn, Kohn & Colapinto); treat as interested."
