jurisdiction,program_id,indicator,period,unit,value,scale,normalised_value,status,source_id,publisher,published_date,spread_percent,kind,obs_id
ATG,atg-cbi,applications_rejected,2024,applications,23,1,23.0,reported,intl-ec-com-2024-571,European Commission,2024-12-06,23.3,revision,o-c3cb7be547
ATG,atg-cbi,applications_rejected,2024,applications,30,1,30.0,reported,intl-ec-swd-2025-429,European Commission,2025-12-19,23.3,revision,o-74b84cf193
ATG,atg-cbi,cbi_fiscal_revenue,2022,XCD,68,million,68000000.0,actual,atg-imf-art4-2025,International Monetary Fund,2025-04,23.4,conflict,o-c53c17bb9d
ATG,atg-cbi,cbi_fiscal_revenue,2022,XCD,68,million,68000000.0,actual,atg-imf-art4-2026,International Monetary Fund,2026-05,23.4,conflict,o-978fffb8b8
ATG,atg-cbi,cbi_fiscal_revenue,2022,XCD,86,million,86000000.0,provisional,atg-imf-art4-2023,International Monetary Fund,2024-01,23.4,conflict,o-32c16c793d
ATG,atg-cbi,cbi_fiscal_revenue,2022,XCD,88.8,million,88800000.0,provisional,atg-mof-budget-2023,"Government of Antigua and Barbuda, Ministry of Finance",2023-03-02,23.4,conflict,o-673c6f842b
ATG,atg-cbi,cbi_fiscal_revenue,2023,XCD,62,million,62000000.0,actual,atg-imf-art4-2025,International Monetary Fund,2025-04,7.5,conflict,o-3b818b7e5f
ATG,atg-cbi,cbi_fiscal_revenue,2023,XCD,62,million,62000000.0,actual,atg-imf-art4-2026,International Monetary Fund,2026-05,7.5,conflict,o-ace16917df
ATG,atg-cbi,cbi_fiscal_revenue,2023,XCD,67,million,67000000.0,estimate,atg-mof-budget-2024,"Government of Antigua and Barbuda, Ministry of Finance",2023-12-15,7.5,conflict,o-bbb0e8fda8
ATG,atg-cbi,cbi_fiscal_revenue,2024,XCD,74,million,74000000.0,estimate,atg-imf-art4-2025,International Monetary Fund,2025-04,43.1,vintage,o-6ed22be9f1
ATG,atg-cbi,cbi_fiscal_revenue,2024,XCD,74,million,74000000.0,actual,atg-imf-art4-2026,International Monetary Fund,2026-05,43.1,vintage,o-b3c112e5a5
ATG,atg-cbi,cbi_fiscal_revenue,2024,XCD,130,million,130000000.0,budget,atg-mof-budget-2024,"Government of Antigua and Barbuda, Ministry of Finance",2023-12-15,43.1,vintage,o-3b6928dc7a
ATG,atg-cbi,cbi_fiscal_revenue,2025,XCD,157,million,157000000.0,estimate,atg-mof-budget-2026,"Government of Antigua and Barbuda, Ministry of Finance",2025-12-04,0.6,conflict,o-f5d241e55a
ATG,atg-cbi,cbi_fiscal_revenue,2025,XCD,158,million,158000000.0,estimate,atg-imf-art4-2026,International Monetary Fund,2026-05,0.6,conflict,o-a82afe0a68
ATG,atg-cbi,cbi_fiscal_revenue,2026,XCD,120,million,120000000.0,projection,atg-imf-art4-2026,International Monetary Fund,2026-05,23.6,vintage,o-143724274a
ATG,atg-cbi,cbi_fiscal_revenue,2026,XCD,120,million,120000000.0,budget,atg-mof-budget-2026,"Government of Antigua and Barbuda, Ministry of Finance",2025-12-04,23.6,vintage,o-0ddd9eb734
ATG,atg-cbi,cbi_fiscal_revenue,2026,XCD,157,million,157000000.0,budget,atg-imidaily-2026-07,IMI Daily,2026-07-02,23.6,vintage,o-82119659e1
ATG,atg-cbi,passports_issued,2014,persons,233,1,233.0,actual,atg-ciu-6m-2017h2,"Citizenship by Investment Unit (CIU), Government of Antigua and Barbuda",2018-01-05,41.9,revision,o-f32ac906bf
ATG,atg-cbi,passports_issued,2014,persons,252,1,252.0,actual,atg-ciu-6m-2016h2,"Citizenship by Investment Unit (CIU), Government of Antigua and Barbuda",2017-01-13,41.9,revision,o-5b57ef83f2
ATG,atg-cbi,passports_issued,2014,persons,252,1,252.0,actual,atg-ciu-6m-2019h2,"Citizenship by Investment Unit (CIU), Government of Antigua and Barbuda",2020-01-17,41.9,revision,o-0ff3b2dcae
ATG,atg-cbi,passports_issued,2014,persons,401,1,401.0,actual,atg-ciu-6m-2024h1,"Citizenship by Investment Unit (CIU), Government of Antigua and Barbuda",2024-07-18,41.9,revision,o-8352c88a61
ATG,atg-cbi,passports_issued,2015,persons,401,1,401.0,actual,atg-ciu-6m-2017h2,"Citizenship by Investment Unit (CIU), Government of Antigua and Barbuda",2018-01-05,38.8,revision,o-a72eddfbc3
ATG,atg-cbi,passports_issued,2015,persons,655,1,655.0,actual,atg-ciu-6m-2016h2,"Citizenship by Investment Unit (CIU), Government of Antigua and Barbuda",2017-01-13,38.8,revision,o-2030f37f39
ATG,atg-cbi,passports_issued,2015,persons,655,1,655.0,actual,atg-ciu-6m-2019h2,"Citizenship by Investment Unit (CIU), Government of Antigua and Barbuda",2020-01-17,38.8,revision,o-e17898f7b3
ATG,atg-cbi,passports_issued,2015,persons,655,1,655.0,actual,atg-ciu-6m-2024h1,"Citizenship by Investment Unit (CIU), Government of Antigua and Barbuda",2024-07-18,38.8,revision,o-ec06ae5c6b
ATG,atg-cbi,passports_issued,2016,persons,116,1,116.0,actual,atg-ciu-6m-2024h1,"Citizenship by Investment Unit (CIU), Government of Antigua and Barbuda",2024-07-18,88.6,revision,o-8c59be8c87
ATG,atg-cbi,passports_issued,2016,persons,314,1,314.0,actual,atg-ciu-6m-2017h2,"Citizenship by Investment Unit (CIU), Government of Antigua and Barbuda",2018-01-05,88.6,revision,o-b81f438676
ATG,atg-cbi,passports_issued,2016,persons,1016,1,1016.0,actual,atg-ciu-6m-2016h2,"Citizenship by Investment Unit (CIU), Government of Antigua and Barbuda",2017-01-13,88.6,revision,o-02a5d29e29
ATG,atg-cbi,passports_issued,2016,persons,1016,1,1016.0,actual,atg-ciu-6m-2019h2,"Citizenship by Investment Unit (CIU), Government of Antigua and Barbuda",2020-01-17,88.6,revision,o-82b6dd72fc
AUS,aus-biip,applications_pending_incl_family,2015-06-30,persons,10321,1,10321.0,actual,aus-dha-mp-report-2014-15,Department of Immigration and Border Protection (Australia),2015,1.2,revision,o-4ede003b68
AUS,aus-biip,applications_pending_incl_family,2015-06-30,persons,10451,1,10451.0,actual,aus-dha-mp-report-2015-16,Department of Immigration and Border Protection (Australia),2016,1.2,revision,o-b5179c1968
AUS,aus-biip,applications_pending_incl_family,2019-06-30,persons,23002,1,23002.0,actual,aus-dha-mp-report-2018-19,Department of Home Affairs (Australia),2019,1.0,revision,o-221ba9249d
AUS,aus-biip,applications_pending_incl_family,2019-06-30,persons,23223,1,23223.0,actual,aus-dha-mp-report-2019-20,Department of Home Affairs (Australia),2020,1.0,revision,o-40c05b0b6a
AUS,aus-biip,applications_received,FY2014/15,persons,12107,1,12107.0,actual,aus-dha-mp-report-2014-15,Department of Immigration and Border Protection (Australia),2015,1.0,revision,o-65ca02680e
AUS,aus-biip,applications_received,FY2014/15,persons,12225,1,12225.0,actual,aus-dha-mp-report-2015-16,Department of Immigration and Border Protection (Australia),2016,1.0,revision,o-d6a7309cc9
AUS,aus-biip,applications_received,FY2017/18,persons,14259,1,14259.0,actual,aus-dha-mp-report-2018-19,Department of Home Affairs (Australia),2019,15.2,revision,o-1ad8f7abff
AUS,aus-biip,applications_received,FY2017/18,persons,16816,1,16816.0,actual,aus-dha-mp-report-2017-18,Department of Home Affairs (Australia),2018,15.2,revision,o-604605b2e7
AUS,aus-siv,main_applicants_approved,FY2013/14,persons,282,1,282.0,actual,aus-aph-se14-446-2014,"Parliament of Australia, Senate Legal and Constitutional Affairs Legislation Committee (answer by the Department of Immigration and Border Protection)",2014,1.4,conflict,o-6ab8c364c8
AUS,aus-siv,main_applicants_approved,FY2013/14,persons,286,1,286.0,actual,aus-dha-foi-170600834-2017,Department of Home Affairs (Freedom of Information disclosure log),2017,1.4,conflict,o-2fa1a65a71
AUS,aus-siv,main_applicants_approved,FY2018/19,persons,183,1,183.0,actual,aus-dha-bp0068-2025,Department of Home Affairs (Australia),2025,4.2,conflict,o-aee065b4cc
AUS,aus-siv,main_applicants_approved,FY2018/19,persons,191,1,191.0,actual,aus-dha-foi-201101057-2020,Department of Home Affairs (Freedom of Information disclosure log),2020,4.2,conflict,o-742a955407
AUS,aus-siv,main_applicants_approved,FY2019/20,persons,130,1,130.0,actual,aus-dha-bp0068-2025,Department of Home Affairs (Australia),2025,3.7,conflict,o-e04f94eda5
AUS,aus-siv,main_applicants_approved,FY2019/20,persons,135,1,135.0,actual,aus-dha-foi-201101057-2020,Department of Home Affairs (Freedom of Information disclosure log),2020,3.7,conflict,o-95323b84ea
BRA,bra-investor-residence,rbi_investment_total [route=real_estate],2024,BRL,283.2,million,283200000.0,reported,bra-agenciagov-imoveis-2024,Agência Gov (via Ministério da Justiça e Segurança Pública),2024-12-03,21.9,conflict,o-c2e6932b63
BRA,bra-investor-residence,rbi_investment_total [route=real_estate],2024,BRL,362610096,1,362610096.0,actual,bra-obmigra-relatorio-anual-2025,Observatório das Migrações Internacionais (OBMigra) / Ministério da Justiça e Segurança Pública,2026,21.9,conflict,o-77b7f9d20c
COM,com-ecp,cbi_fiscal_revenue,2012,unspecified,33.6,million,33600000.0,reported,com-guardian-2015,The Guardian,2015-11-11,26.3,same_source,o-e8dca58755
COM,com-ecp,cbi_fiscal_revenue,2012,unspecified,45.6,million,45600000.0,reported,com-guardian-2015,The Guardian,2015-11-11,26.3,same_source,o-13428e5331
COM,com-ecp,cbi_fiscal_revenue_pct_gdp,2012,percent_of_gdp,1.4,1,1.4,budget,com-imf-art4-2012,International Monetary Fund,2013-02-08,76.7,same_source,o-a98cf229af
COM,com-ecp,cbi_fiscal_revenue_pct_gdp,2012,percent_of_gdp,3,1,3.0,estimate,com-imf-art4-2012,International Monetary Fund,2013-02-08,76.7,same_source,o-0e64521d37
COM,com-ecp,cbi_fiscal_revenue_pct_gdp,2012,percent_of_gdp,4.5,1,4.5,estimate,com-imf-art4-2012,International Monetary Fund,2013-02-08,76.7,same_source,o-af83db0cb7
COM,com-ecp,cbi_fiscal_revenue_pct_gdp,2012,percent_of_gdp,4.5,1,4.5,estimate,com-imf-art4-2012,International Monetary Fund,2013-02-08,76.7,same_source,o-5341330f0c
COM,com-ecp,cbi_fiscal_revenue_pct_gdp,2012,percent_of_gdp,6,1,6.0,estimate,com-imf-art4-2014,International Monetary Fund,2015-02-13,76.7,same_source,o-deab5f76ef
COM,com-ecp,passports_issued,2008-2017,passports,47950,1,47950.0,reported,com-voa-2018-04-10,VOA Afrique (AFP),2018-04-10,0.1,conflict,o-2f5a85790a
COM,com-ecp,passports_issued,2008-2017,passports,48000,1,48000.0,reported,com-reuters-2018-03-23,Reuters,2018-03-23,0.1,conflict,o-e5f6e475d8
DMA,dma-cbi,cbi_fiscal_revenue,FY2012/13,XCD,26000000,1,26000000.0,budget,dma-mof-estimates-2013-14,"Ministry of Finance, Commonwealth of Dominica",2013-07,1.4,conflict,o-185c5c1fb0
DMA,dma-cbi,cbi_fiscal_revenue,FY2012/13,XCD,50000000,1,50000000.0,estimate,dma-mof-estimates-2013-14,"Ministry of Finance, Commonwealth of Dominica",2013-07,1.4,conflict,o-694c90eecd
DMA,dma-cbi,cbi_fiscal_revenue,FY2012/13,XCD,50.7,million,50700000.0,estimate,dma-imf-art4-2018,International Monetary Fund,2018-09-05,1.4,conflict,o-c3250a9f83
DMA,dma-cbi,cbi_fiscal_revenue,FY2013/14,XCD,49.7,million,49700000.0,estimate,dma-imf-art4-2018,International Monetary Fund,2018-09-05,19.3,vintage,o-3a3e089c7e
DMA,dma-cbi,cbi_fiscal_revenue,FY2013/14,XCD,61600000,1,61600000.0,budget,dma-mof-estimates-2013-14,"Ministry of Finance, Commonwealth of Dominica",2013-07,19.3,vintage,o-e6c6ca40c0
DMA,dma-cbi,cbi_fiscal_revenue,FY2015/16,XCD,67.0,million,67000000.0,estimate,dma-imf-art4-2016,International Monetary Fund,2016-07,75.0,conflict,o-167b9907ef
DMA,dma-cbi,cbi_fiscal_revenue,FY2015/16,XCD,70.0,million,70000000.0,budget,dma-budget-address-2015-16,"Government of the Commonwealth of Dominica, Ministry of Finance",2015,75.0,conflict,o-0870ab4e52
DMA,dma-cbi,cbi_fiscal_revenue,FY2015/16,XCD,72.7,million,72700000.0,estimate,dma-imf-art4-2018,International Monetary Fund,2018-09-05,75.0,conflict,o-075753e0ea
DMA,dma-cbi,cbi_fiscal_revenue,FY2015/16,XCD,99.0,million,99000000.0,provisional,dma-budget-address-2016-17,"Government of the Commonwealth of Dominica, Ministry of Finance",2016,75.0,conflict,o-c863b2f119
DMA,dma-cbi,cbi_fiscal_revenue,FY2015/16,XCD,99047300,1,99047300.0,estimate,dma-mof-estimates-2016-17,"Ministry of Finance, Commonwealth of Dominica",2016-07,75.0,conflict,o-32aa5ad369
DMA,dma-cbi,cbi_fiscal_revenue,FY2015/16,XCD,200,million,200000000.0,claim,dma-budget-address-2016-17,"Government of the Commonwealth of Dominica, Ministry of Finance",2016,75.0,conflict,o-16eabb8186
DMA,dma-cbi,cbi_fiscal_revenue,FY2015/16,XCD,267520714,1,267520714.0,actual,dma-mof-estimates-2017-18,"Ministry of Finance, Commonwealth of Dominica",2017-07,75.0,conflict,o-9bee3351f9
DMA,dma-cbi,cbi_fiscal_revenue,FY2016/17,XCD,50.0,million,50000000.0,projection,dma-imf-art4-2016,International Monetary Fund,2016-07,34.5,conflict,o-63d371b1ca
DMA,dma-cbi,cbi_fiscal_revenue,FY2016/17,XCD,136.0,million,136000000.0,projection,dma-imf-art4-2017,International Monetary Fund,2017-12,34.5,conflict,o-2ebbc56eee
DMA,dma-cbi,cbi_fiscal_revenue,FY2016/17,XCD,166.0,million,166000000.0,budget,dma-imf-art4-2016,International Monetary Fund,2016-07,34.5,conflict,o-6a03601f57
DMA,dma-cbi,cbi_fiscal_revenue,FY2016/17,XCD,201.8,million,201800000.0,budget,dma-budget-address-2016-17,"Government of the Commonwealth of Dominica, Ministry of Finance",2016,34.5,conflict,o-7cf52e41bd
DMA,dma-cbi,cbi_fiscal_revenue,FY2016/17,XCD,201806400,1,201806400.0,budget,dma-mof-estimates-2016-17,"Ministry of Finance, Commonwealth of Dominica",2016-07,34.5,conflict,o-e2df874317
DMA,dma-cbi,cbi_fiscal_revenue,FY2016/17,XCD,331.8,million,331800000.0,estimate,dma-imf-art4-2018,International Monetary Fund,2018-09-05,34.5,conflict,o-148bf28430
DMA,dma-cbi,cbi_fiscal_revenue,FY2016/17,XCD,334.0,million,334000000.0,provisional,dma-budget-address-2017-18,"Government of the Commonwealth of Dominica, Ministry of Finance",2017-07-27,34.5,conflict,o-a327fbba2a
DMA,dma-cbi,cbi_fiscal_revenue,FY2016/17,XCD,491155897,1,491155897.0,actual,dma-mof-estimates-2018-19,"Ministry of Finance, Commonwealth of Dominica",2018-07,34.5,conflict,o-9f923d2eba
DMA,dma-cbi,cbi_fiscal_revenue,FY2016/17,XCD,491.2,million,491200000.0,estimate,dma-imf-art4-2021,International Monetary Fund,2022-02-14,34.5,conflict,o-ccfba347c5
DMA,dma-cbi,cbi_fiscal_revenue,FY2016/17,XCD,506931907,1,506931907.0,estimate,dma-mof-estimates-2017-18,"Ministry of Finance, Commonwealth of Dominica",2017-07,34.5,conflict,o-8943dccda0
DMA,dma-cbi,cbi_fiscal_revenue,FY2017/18,XCD,195.0,million,195000000.0,estimate,dma-imf-art4-2018,International Monetary Fund,2018-09-05,38.2,conflict,o-420077f35e
DMA,dma-cbi,cbi_fiscal_revenue,FY2017/18,XCD,315.4,million,315400000.0,estimate,dma-imf-art4-2021,International Monetary Fund,2022-02-14,38.2,conflict,o-5ed2ef16fd
DMA,dma-cbi,cbi_fiscal_revenue,FY2017/18,XCD,315404263,1,315404263.0,estimate,dma-mof-estimates-2018-19,"Ministry of Finance, Commonwealth of Dominica",2018-07,38.2,conflict,o-a0e2c3c0ba
DMA,dma-cbi,cbi_fiscal_revenue,FY2017/18,XCD,315404263,1,315404263.0,actual,dma-mof-estimates-2019-20,"Ministry of Finance, Commonwealth of Dominica",2019-07,38.2,conflict,o-a8ec7b2429
DMA,dma-cbi,cbi_fiscal_revenue,FY2017/18,XCD,399.9,million,399900000.0,budget,dma-budget-address-2017-18,"Government of the Commonwealth of Dominica, Ministry of Finance",2017-07-27,38.2,conflict,o-e7eb71c751
DMA,dma-cbi,cbi_fiscal_revenue,FY2017/18,XCD,399996296,1,399996296.0,budget,dma-mof-estimates-2017-18,"Ministry of Finance, Commonwealth of Dominica",2017-07,38.2,conflict,o-67d4ae78e7
DMA,dma-cbi,cbi_fiscal_revenue,FY2018/19,XCD,107.9,million,107900000.0,projection,dma-imf-art4-2018,International Monetary Fund,2018-09-05,7.8,conflict,o-9f00f03a73
DMA,dma-cbi,cbi_fiscal_revenue,FY2018/19,XCD,208.3,million,208300000.0,estimate,dma-imf-art4-2021,International Monetary Fund,2022-02-14,7.8,conflict,o-9c3a4f6218
DMA,dma-cbi,cbi_fiscal_revenue,FY2018/19,XCD,224333596,1,224333596.0,actual,dma-mof-estimates-2020-21,"Ministry of Finance, Commonwealth of Dominica",2020-07,7.8,conflict,o-c2f0ec43ff
DMA,dma-cbi,cbi_fiscal_revenue,FY2018/19,XCD,226029364,1,226029364.0,estimate,dma-mof-estimates-2019-20,"Ministry of Finance, Commonwealth of Dominica",2019-07,7.8,conflict,o-f3c51737d8
DMA,dma-cbi,cbi_fiscal_revenue,FY2018/19,XCD,406.6,million,406600000.0,budget,dma-budget-address-2018-19,"Government of the Commonwealth of Dominica, Ministry of Finance",2018,7.8,conflict,o-249f297c9f
DMA,dma-cbi,cbi_fiscal_revenue,FY2018/19,XCD,406640526,1,406640526.0,budget,dma-mof-estimates-2018-19,"Ministry of Finance, Commonwealth of Dominica",2018-07,7.8,conflict,o-5cea8b261f
DMA,dma-cbi,cbi_fiscal_revenue,FY2019/20,XCD,151129461,1,151129461.0,estimate,dma-mof-estimates-2020-21,"Ministry of Finance, Commonwealth of Dominica",2020-07,17.1,conflict,o-8f2da59431
DMA,dma-cbi,cbi_fiscal_revenue,FY2019/20,XCD,182355035,1,182355035.0,actual,dma-mof-estimates-2021-22,"Ministry of Finance, Commonwealth of Dominica",2021-07,17.1,conflict,o-99bf9bb1ab
DMA,dma-cbi,cbi_fiscal_revenue,FY2019/20,XCD,182.4,million,182400000.0,estimate,dma-imf-art4-2024,International Monetary Fund,2024-06-27,17.1,conflict,o-c9a2966091
DMA,dma-cbi,cbi_fiscal_revenue,FY2019/20,XCD,417.5,million,417500000.0,budget,dma-budget-address-2019-20,"Government of the Commonwealth of Dominica, Ministry of Finance",2019-07-30,17.1,conflict,o-7d038640fe
DMA,dma-cbi,cbi_fiscal_revenue,FY2019/20,XCD,417500000,1,417500000.0,budget,dma-mof-estimates-2019-20,"Ministry of Finance, Commonwealth of Dominica",2019-07,17.1,conflict,o-0eeec5a4bd
DMA,dma-cbi,cbi_fiscal_revenue,FY2020/21,XCD,296573154,1,296573154.0,estimate,dma-mof-estimates-2021-22,"Ministry of Finance, Commonwealth of Dominica",2021-07,33.8,conflict,o-491eb8bc04
DMA,dma-cbi,cbi_fiscal_revenue,FY2020/21,XCD,309550000,1,309550000.0,budget,dma-mof-estimates-2020-21,"Ministry of Finance, Commonwealth of Dominica",2020-07,33.8,conflict,o-f1ff48da34
DMA,dma-cbi,cbi_fiscal_revenue,FY2020/21,XCD,447968115,1,447968115.0,actual,dma-mof-estimates-2022-23,"Ministry of Finance, Commonwealth of Dominica",2022-07,33.8,conflict,o-be32017d01
DMA,dma-cbi,cbi_fiscal_revenue,FY2020/21,XCD,448.0,million,448000000.0,estimate,dma-imf-art4-2025,International Monetary Fund,2025-06-12,33.8,conflict,o-9a145e3c49
DMA,dma-cbi,cbi_fiscal_revenue,FY2021/22,XCD,404.0,million,404000000.0,projection,dma-imf-art4-2021,International Monetary Fund,2022-02-14,1.3,conflict,o-569a971ab3
DMA,dma-cbi,cbi_fiscal_revenue,FY2021/22,XCD,452690895,1,452690895.0,estimate,dma-mof-estimates-2022-23,"Ministry of Finance, Commonwealth of Dominica",2022-07,1.3,conflict,o-6d7f965603
DMA,dma-cbi,cbi_fiscal_revenue,FY2021/22,XCD,458.6,million,458600000.0,estimate,dma-imf-art4-2026,International Monetary Fund,2026-06-02,1.3,conflict,o-ee87b024cf
DMA,dma-cbi,cbi_fiscal_revenue,FY2021/22,XCD,458646969,1,458646969.0,actual,dma-mof-estimates-2023-24,"Ministry of Finance, Commonwealth of Dominica",2023-07,1.3,conflict,o-6456925b76
DMA,dma-cbi,cbi_fiscal_revenue,FY2021/22,XCD,463354283,1,463354283.0,budget,dma-mof-estimates-2021-22,"Ministry of Finance, Commonwealth of Dominica",2021-07,1.3,conflict,o-5671689e7d
DMA,dma-cbi,cbi_fiscal_revenue,FY2022/23,XCD,323.6,million,323600000.0,projection,dma-imf-art4-2023,International Monetary Fund,2023-07-05,0.5,conflict,o-77282f3b91
DMA,dma-cbi,cbi_fiscal_revenue,FY2022/23,XCD,492154103,1,492154103.0,budget,dma-mof-estimates-2022-23,"Ministry of Finance, Commonwealth of Dominica",2022-07,0.5,conflict,o-cf76375c30
DMA,dma-cbi,cbi_fiscal_revenue,FY2022/23,XCD,622170022,1,622170022.0,estimate,dma-mof-estimates-2023-24,"Ministry of Finance, Commonwealth of Dominica",2023-07,0.5,conflict,o-04f4e8a012
DMA,dma-cbi,cbi_fiscal_revenue,FY2022/23,XCD,625.3,million,625300000.0,estimate,dma-imf-art4-2026,International Monetary Fund,2026-06-02,0.5,conflict,o-6a7e5c9fa8
DMA,dma-cbi,cbi_fiscal_revenue,FY2022/23,XCD,625338931,1,625338931.0,actual,dma-mof-estimates-2023-24-final,"Ministry of Finance, Commonwealth of Dominica",2023,0.5,conflict,o-848e9b05d1
DMA,dma-cbi,cbi_fiscal_revenue,FY2023/24,XCD,331.0,million,331000000.0,provisional,dma-imf-art4-2024,International Monetary Fund,2024-06-27,46.8,conflict,o-a23524d41e
DMA,dma-cbi,cbi_fiscal_revenue,FY2023/24,XCD,602.3,million,602300000.0,estimate,dma-imf-art4-2026,International Monetary Fund,2026-06-02,46.8,conflict,o-73ad1f4d41
DMA,dma-cbi,cbi_fiscal_revenue,FY2023/24,XCD,617400000,1,617400000.0,budget,dma-mof-estimates-2023-24,"Ministry of Finance, Commonwealth of Dominica",2023-07,46.8,conflict,o-bcf88d6c35
DMA,dma-cbi,cbi_fiscal_revenue,FY2023/24,XCD,622115570,1,622115570.0,actual,dma-mof-estimates-2024-25,"Ministry of Finance, Commonwealth of Dominica",2024-07,46.8,conflict,o-d15c4718e9
DMA,dma-cbi,cbi_fiscal_revenue,FY2024/25,XCD,304.2,million,304200000.0,projection,dma-imf-art4-2024,International Monetary Fund,2024-06-27,12.7,conflict,o-aef000b0f6
DMA,dma-cbi,cbi_fiscal_revenue,FY2024/25,XCD,585.6,million,585600000.0,estimate,dma-imf-art4-2025,International Monetary Fund,2025-06-12,12.7,conflict,o-c6df6e5a5d
DMA,dma-cbi,cbi_fiscal_revenue,FY2024/25,XCD,619050095,1,619050095.0,estimate,dma-mof-estimates-2025-26,"Ministry of Finance, Commonwealth of Dominica",2025-07,12.7,conflict,o-2936cc0721
DMA,dma-cbi,cbi_fiscal_revenue,FY2024/25,XCD,670.5,million,670500000.0,estimate,dma-imf-art4-2026,International Monetary Fund,2026-06-02,12.7,conflict,o-c3f839f344
DMA,dma-cbi,cbi_fiscal_revenue,FY2024/25,XCD,760.0,million,760000000.0,budget,dma-budget-address-2024-25,"Government of the Commonwealth of Dominica, Ministry of Finance",2024-07,12.7,conflict,o-b8c70aba95
DMA,dma-cbi,cbi_fiscal_revenue,FY2024/25,XCD,760000000,1,760000000.0,budget,dma-mof-estimates-2024-25,"Ministry of Finance, Commonwealth of Dominica",2024-07,12.7,conflict,o-6735607454
DMA,dma-cbi,cbi_fiscal_revenue,FY2025/26,XCD,491.0,million,491000000.0,projection,dma-imf-art4-2025,International Monetary Fund,2025-06-12,22.7,vintage,o-e478a1dfbd
DMA,dma-cbi,cbi_fiscal_revenue,FY2025/26,XCD,569.9,million,569900000.0,projection,dma-imf-art4-2026,International Monetary Fund,2026-06-02,22.7,vintage,o-de4c14115b
DMA,dma-cbi,cbi_fiscal_revenue,FY2025/26,XCD,635.0,million,635000000.0,budget,dma-budget-address-2025-26,"Government of the Commonwealth of Dominica, Ministry of Finance",2025,22.7,vintage,o-f7eb5fdfc3
DMA,dma-cbi,cbi_fiscal_revenue,FY2025/26,XCD,635000000,1,635000000.0,budget,dma-mof-estimates-2025-26,"Ministry of Finance, Commonwealth of Dominica",2025-07,22.7,vintage,o-660d5a3d9f
DMA,dma-cbi,cbi_fiscal_revenue_pct_gdp,FY2014/15,percent_of_gdp,1.6,1,1.6,estimate,dma-imf-art4-2018,International Monetary Fund,2018-09-05,5.9,revision,o-68bf6356f4
DMA,dma-cbi,cbi_fiscal_revenue_pct_gdp,FY2014/15,percent_of_gdp,1.7,1,1.7,estimate,dma-imf-art4-2016,International Monetary Fund,2016-07,5.9,revision,o-9b23156c51
DMA,dma-cbi,cbi_fiscal_revenue_pct_gdp,FY2015/16,percent_of_gdp,4.8,1,4.8,estimate,dma-imf-art4-2018,International Monetary Fund,2018-09-05,7.7,revision,o-b020814ad6
DMA,dma-cbi,cbi_fiscal_revenue_pct_gdp,FY2015/16,percent_of_gdp,4.9,1,4.9,estimate,dma-imf-art4-2016,International Monetary Fund,2016-07,7.7,revision,o-c2853ecb0d
DMA,dma-cbi,cbi_fiscal_revenue_pct_gdp,FY2015/16,percent_of_gdp,5.2,1,5.2,estimate,dma-imf-art4-2017,International Monetary Fund,2017-12,7.7,revision,o-edb5294600
DMA,dma-cbi,cbi_fiscal_revenue_pct_gdp,FY2016/17,percent_of_gdp,3.6,1,3.6,projection,dma-imf-art4-2016,International Monetary Fund,2016-07,33.7,revision,o-48bf12fa36
DMA,dma-cbi,cbi_fiscal_revenue_pct_gdp,FY2016/17,percent_of_gdp,9.4,1,9.4,projection,dma-imf-art4-2017,International Monetary Fund,2017-12,33.7,revision,o-687ecd3a24
DMA,dma-cbi,cbi_fiscal_revenue_pct_gdp,FY2016/17,percent_of_gdp,11.9,1,11.9,budget,dma-imf-art4-2016,International Monetary Fund,2016-07,33.7,revision,o-4b84f1918e
DMA,dma-cbi,cbi_fiscal_revenue_pct_gdp,FY2016/17,percent_of_gdp,21.6,1,21.6,estimate,dma-imf-art4-2018,International Monetary Fund,2018-09-05,33.7,revision,o-8e312a66b8
DMA,dma-cbi,cbi_fiscal_revenue_pct_gdp,FY2016/17,percent_of_gdp,32.6,1,32.6,estimate,dma-imf-art4-2021,International Monetary Fund,2022-02-14,33.7,revision,o-d500cf737b
DMA,dma-cbi,cbi_fiscal_revenue_pct_gdp,FY2017/18,percent_of_gdp,13.9,1,13.9,estimate,dma-imf-art4-2018,International Monetary Fund,2018-09-05,34.4,revision,o-3d15781e26
DMA,dma-cbi,cbi_fiscal_revenue_pct_gdp,FY2017/18,percent_of_gdp,21.2,1,21.2,estimate,dma-imf-art4-2021,International Monetary Fund,2022-02-14,34.4,revision,o-e81ece04f6
DMA,dma-cbi,cbi_fiscal_revenue_pct_gdp,FY2018/19,percent_of_gdp,7.8,1,7.8,projection,dma-imf-art4-2018,International Monetary Fund,2018-09-05,40.5,vintage,o-25d51122eb
DMA,dma-cbi,cbi_fiscal_revenue_pct_gdp,FY2018/19,percent_of_gdp,13.1,1,13.1,estimate,dma-imf-art4-2021,International Monetary Fund,2022-02-14,40.5,vintage,o-31cf4f5084
DMA,dma-cbi,cbi_fiscal_revenue_pct_gdp,FY2019/20,percent_of_gdp,11.6,1,11.6,estimate,dma-imf-art4-2021,International Monetary Fund,2022-02-14,4.1,revision,o-e0baa8f899
DMA,dma-cbi,cbi_fiscal_revenue_pct_gdp,FY2019/20,percent_of_gdp,12.1,1,12.1,estimate,dma-imf-art4-2024,International Monetary Fund,2024-06-27,4.1,revision,o-823f478953
DMA,dma-cbi,cbi_fiscal_revenue_pct_gdp,FY2020/21,percent_of_gdp,29.5,1,29.5,provisional,dma-imf-art4-2021,International Monetary Fund,2022-02-14,5.8,revision,o-322c75aa96
DMA,dma-cbi,cbi_fiscal_revenue_pct_gdp,FY2020/21,percent_of_gdp,31.3,1,31.3,estimate,dma-imf-art4-2025,International Monetary Fund,2025-06-12,5.8,revision,o-10a473b838
DMA,dma-cbi,cbi_fiscal_revenue_pct_gdp,FY2021/22,percent_of_gdp,24.5,1,24.5,projection,dma-imf-art4-2021,International Monetary Fund,2022-02-14,2.1,revision,o-50f74f94a8
DMA,dma-cbi,cbi_fiscal_revenue_pct_gdp,FY2021/22,percent_of_gdp,28.6,1,28.6,provisional,dma-imf-art4-2023,International Monetary Fund,2023-07-05,2.1,revision,o-959892f5ce
DMA,dma-cbi,cbi_fiscal_revenue_pct_gdp,FY2021/22,percent_of_gdp,29.2,1,29.2,estimate,dma-imf-art4-2026,International Monetary Fund,2026-06-02,2.1,revision,o-0424407cae
DMA,dma-cbi,cbi_fiscal_revenue_pct_gdp,FY2022/23,percent_of_gdp,18.0,1,18.0,projection,dma-imf-art4-2023,International Monetary Fund,2023-07-05,1.1,conflict,o-50157fc62d
DMA,dma-cbi,cbi_fiscal_revenue_pct_gdp,FY2022/23,percent_of_gdp,36.6,1,36.6,estimate,dma-imf-art4-2026,International Monetary Fund,2026-06-02,1.1,conflict,o-fff3aabbb9
DMA,dma-cbi,cbi_fiscal_revenue_pct_gdp,FY2022/23,percent_of_gdp,36.7,1,36.7,estimate,dma-imf-art4-2025,International Monetary Fund,2025-06-12,1.1,conflict,o-82f0eedc93
DMA,dma-cbi,cbi_fiscal_revenue_pct_gdp,FY2022/23,percent_of_gdp,37,1,37.0,reported,dma-imidaily-2024-09,IMI Daily,2024-09-30,1.1,conflict,o-a0075d8a70
DMA,dma-cbi,cbi_fiscal_revenue_pct_gdp,FY2023/24,percent_of_gdp,18.0,1,18.0,provisional,dma-imf-art4-2024,International Monetary Fund,2024-06-27,45.6,revision,o-8afa3f1565
DMA,dma-cbi,cbi_fiscal_revenue_pct_gdp,FY2023/24,percent_of_gdp,33.0,1,33.0,estimate,dma-imf-art4-2025,International Monetary Fund,2025-06-12,45.6,revision,o-57a0b91275
DMA,dma-cbi,cbi_fiscal_revenue_pct_gdp,FY2023/24,percent_of_gdp,33.1,1,33.1,estimate,dma-imf-art4-2026,International Monetary Fund,2026-06-02,45.6,revision,o-225c58e661
DMA,dma-cbi,cbi_fiscal_revenue_pct_gdp,FY2024/25,percent_of_gdp,15.4,1,15.4,projection,dma-imf-art4-2024,International Monetary Fund,2024-06-27,13.5,revision,o-e255dfd4b8
DMA,dma-cbi,cbi_fiscal_revenue_pct_gdp,FY2024/25,percent_of_gdp,30.0,1,30.0,estimate,dma-imf-art4-2025,International Monetary Fund,2025-06-12,13.5,revision,o-67a4bb9bb1
DMA,dma-cbi,cbi_fiscal_revenue_pct_gdp,FY2024/25,percent_of_gdp,34.7,1,34.7,estimate,dma-imf-art4-2026,International Monetary Fund,2026-06-02,13.5,revision,o-1546c19e71
DMA,dma-cbi,cbi_fiscal_revenue_pct_gdp,FY2025/26,percent_of_gdp,23.6,1,23.6,projection,dma-imf-art4-2025,International Monetary Fund,2025-06-12,14.2,vintage,o-0b1269905a
DMA,dma-cbi,cbi_fiscal_revenue_pct_gdp,FY2025/26,percent_of_gdp,27.5,1,27.5,projection,dma-imf-art4-2026,International Monetary Fund,2026-06-02,14.2,vintage,o-fc1babb747
DMA,dma-cbi,cbi_inflows,2023,USD,177.1,million,177100000.0,estimate,dma-imf-art4-2024,International Monetary Fund,2024-06-27,22.1,revision,o-0982b5d356
DMA,dma-cbi,cbi_inflows,2023,USD,227.3,million,227300000.0,estimate,dma-imf-art4-2026,International Monetary Fund,2026-06-02,22.1,revision,o-914bf92a32
DMA,dma-cbi,cbi_inflows,2024,USD,117.6,million,117600000.0,projection,dma-imf-art4-2024,International Monetary Fund,2024-06-27,6.7,revision,o-f82e239a97
DMA,dma-cbi,cbi_inflows,2024,USD,220.0,million,220000000.0,provisional,dma-imf-art4-2025,International Monetary Fund,2025-06-12,6.7,revision,o-2eb2fb9fcd
DMA,dma-cbi,cbi_inflows,2024,USD,235.7,million,235700000.0,estimate,dma-imf-art4-2026,International Monetary Fund,2026-06-02,6.7,revision,o-8c8a40d210
DMA,dma-cbi,cbi_inflows,2025,USD,199.4,million,199400000.0,projection,dma-imf-art4-2025,International Monetary Fund,2025-06-12,13.2,vintage,o-642c1776dc
DMA,dma-cbi,cbi_inflows,2025,USD,229.7,million,229700000.0,provisional,dma-imf-art4-2026,International Monetary Fund,2026-06-02,13.2,vintage,o-6ffd2167ce
DMA,dma-cbi,cbi_inflows_pct_gdp,2022,percent_of_gdp,33.0,1,33.0,estimate,dma-imf-art4-2024,International Monetary Fund,2024-06-27,0.3,revision,o-1008705ae2
DMA,dma-cbi,cbi_inflows_pct_gdp,2022,percent_of_gdp,33.1,1,33.1,estimate,dma-imf-art4-2026,International Monetary Fund,2026-06-02,0.3,revision,o-44ab717b9c
DMA,dma-cbi,cbi_inflows_pct_gdp,2023,percent_of_gdp,26.9,1,26.9,estimate,dma-imf-art4-2024,International Monetary Fund,2024-06-27,22.7,revision,o-96b3051ad2
DMA,dma-cbi,cbi_inflows_pct_gdp,2023,percent_of_gdp,34.5,1,34.5,estimate,dma-imf-art4-2026,International Monetary Fund,2026-06-02,22.7,revision,o-4694ee62e6
DMA,dma-cbi,cbi_inflows_pct_gdp,2023,percent_of_gdp,34.8,1,34.8,estimate,dma-imf-art4-2025,International Monetary Fund,2025-06-12,22.7,revision,o-25237c0d92
DMA,dma-cbi,cbi_inflows_pct_gdp,2024,percent_of_gdp,16.6,1,16.6,projection,dma-imf-art4-2024,International Monetary Fund,2024-06-27,7.9,revision,o-55588efcbe
DMA,dma-cbi,cbi_inflows_pct_gdp,2024,percent_of_gdp,31.5,1,31.5,provisional,dma-imf-art4-2025,International Monetary Fund,2025-06-12,7.9,revision,o-bf5ccf7639
DMA,dma-cbi,cbi_inflows_pct_gdp,2024,percent_of_gdp,34.2,1,34.2,estimate,dma-imf-art4-2026,International Monetary Fund,2026-06-02,7.9,revision,o-d2d1ecc2b3
DMA,dma-cbi,cbi_inflows_pct_gdp,2025,percent_of_gdp,26.7,1,26.7,projection,dma-imf-art4-2025,International Monetary Fund,2025-06-12,13.6,vintage,o-9419e0c65b
DMA,dma-cbi,cbi_inflows_pct_gdp,2025,percent_of_gdp,30.9,1,30.9,provisional,dma-imf-art4-2026,International Monetary Fund,2026-06-02,13.6,vintage,o-0ec73752ed
ESP,esp-golden-visa,investor_visas_issued [route=real_estate],2013,visas,1,1,1.0,actual,esp-congreso-resp-184-6938-2024,"Gobierno de España, Secretaría de Estado de Relaciones con las Cortes y Asuntos Constitucionales (Congreso de los Diputados, XV Legislatura)",2024-05-17,50.0,conflict,o-8bd5ad7405
ESP,esp-golden-visa,investor_visas_issued [route=real_estate],2013,visas,2,1,2.0,actual,esp-congreso-resp-184-44882-2019,"Gobierno de España, Secretaría de Estado de Relaciones con las Cortes (Congreso de los Diputados, XII Legislatura)",2019-03-04,50.0,conflict,o-11e6029eb1
ESP,esp-golden-visa,investor_visas_issued [route=real_estate],2014,visas,487,1,487.0,actual,esp-congreso-resp-184-6938-2024,"Gobierno de España, Secretaría de Estado de Relaciones con las Cortes y Asuntos Constitucionales (Congreso de los Diputados, XV Legislatura)",2024-05-17,0.4,conflict,o-d468d5ac14
ESP,esp-golden-visa,investor_visas_issued [route=real_estate],2014,visas,489,1,489.0,actual,esp-congreso-resp-184-44882-2019,"Gobierno de España, Secretaría de Estado de Relaciones con las Cortes (Congreso de los Diputados, XII Legislatura)",2019-03-04,0.4,conflict,o-777a80305b
ESP,esp-golden-visa,investor_visas_issued [route=real_estate],2016,visas,660,1,660.0,actual,esp-congreso-resp-184-6938-2024,"Gobierno de España, Secretaría de Estado de Relaciones con las Cortes y Asuntos Constitucionales (Congreso de los Diputados, XV Legislatura)",2024-05-17,0.2,conflict,o-d6166a5764
ESP,esp-golden-visa,investor_visas_issued [route=real_estate],2016,visas,661,1,661.0,actual,esp-congreso-resp-184-44882-2019,"Gobierno de España, Secretaría de Estado de Relaciones con las Cortes (Congreso de los Diputados, XII Legislatura)",2019-03-04,0.2,conflict,o-da64bcce84
ESP,esp-golden-visa,investor_visas_issued [route=real_estate],2017,visas,575,1,575.0,actual,esp-congreso-resp-184-44882-2019,"Gobierno de España, Secretaría de Estado de Relaciones con las Cortes (Congreso de los Diputados, XII Legislatura)",2019-03-04,0.2,conflict,o-e7f19e99a4
ESP,esp-golden-visa,investor_visas_issued [route=real_estate],2017,visas,576,1,576.0,actual,esp-congreso-resp-184-6938-2024,"Gobierno de España, Secretaría de Estado de Relaciones con las Cortes y Asuntos Constitucionales (Congreso de los Diputados, XV Legislatura)",2024-05-17,0.2,conflict,o-5975cfa05b
ESP,esp-golden-visa,investor_visas_issued [route=real_estate],2018,visas,599,1,599.0,actual,esp-congreso-resp-184-44882-2019,"Gobierno de España, Secretaría de Estado de Relaciones con las Cortes (Congreso de los Diputados, XII Legislatura)",2019-03-04,1.5,conflict,o-17d94a154e
ESP,esp-golden-visa,investor_visas_issued [route=real_estate],2018,visas,608,1,608.0,actual,esp-congreso-resp-184-6938-2024,"Gobierno de España, Secretaría de Estado de Relaciones con las Cortes y Asuntos Constitucionales (Congreso de los Diputados, XV Legislatura)",2024-05-17,1.5,conflict,o-197c0ad51b
GRC,grc-golden-visa,applications_pending,2024-12-31,applications,12087,1,12087.0,reported,grc-gtp-2025-02-13,GTP Headlines,2025-02-13,21.6,conflict,o-0cd2c5d163
GRC,grc-golden-visa,applications_pending,2024-12-31,applications,15420,1,15420.0,actual,grc-mma-legal-migration-2024-12-annexb,Υπουργείο Μετανάστευσης και Ασύλου (Ministry of Migration and Asylum),2025-01,21.6,conflict,o-62cf1f0db2
GRC,grc-golden-visa,applications_received,2022,applications,4264,1,4264.0,provisional,grc-mma-legal-migration-2022-12-annexb,Υπουργείο Μετανάστευσης και Ασύλου (Ministry of Migration and Asylum),2023-02,2.0,revision,o-e497ea64f3
GRC,grc-golden-visa,applications_received,2022,applications,4353,1,4353.0,actual,grc-mma-legal-migration-2024-12-annexb,Υπουργείο Μετανάστευσης και Ασύλου (Ministry of Migration and Asylum),2025-01,2.0,revision,o-c28983bb05
GRC,grc-golden-visa,applications_received,2023,applications,8351,1,8351.0,provisional,grc-mma-legal-migration-2023-12-annexb,Υπουργείο Μετανάστευσης και Ασύλου (Ministry of Migration and Asylum),2024-01,1.5,revision,o-dc8a73c3a0
GRC,grc-golden-visa,applications_received,2023,applications,8477,1,8477.0,provisional,grc-mma-legal-migration-2024-12-annexb,Υπουργείο Μετανάστευσης και Ασύλου (Ministry of Migration and Asylum),2025-01,1.5,revision,o-beaa597f4e
GRC,grc-golden-visa,applications_received,2024,applications,9289,1,9289.0,reported,grc-gtp-2025-02-13,GTP Headlines,2025-02-13,1.1,conflict,o-53bd7f0255
GRC,grc-golden-visa,applications_received,2024,applications,9289,1,9289.0,provisional,grc-mma-legal-migration-2024-12-annexb,Υπουργείο Μετανάστευσης και Ασύλου (Ministry of Migration and Asylum),2025-01,1.1,conflict,o-02d04f48d6
GRC,grc-golden-visa,applications_received,2024,applications,9372,1,9372.0,actual,grc-mma-legal-migration-2026-08-annexb,Υπουργείο Μετανάστευσης και Ασύλου (Ministry of Migration and Asylum),2026-09,1.1,conflict,o-08e0c3b4c2
GRC,grc-golden-visa,applications_received,2024,applications,9391,1,9391.0,provisional,grc-mma-legal-migration-2025-12-annexb,Υπουργείο Μετανάστευσης και Ασύλου (Ministry of Migration and Asylum),2026-01,1.1,conflict,o-41e75a3d04
GRC,grc-golden-visa,applications_received,2025,applications,6978,1,6978.0,provisional,grc-mma-legal-migration-2025-12-annexb,Υπουργείο Μετανάστευσης και Ασύλου (Ministry of Migration and Asylum),2026-01,0.7,conflict,o-a2bad68968
GRC,grc-golden-visa,applications_received,2025,applications,7021,1,7021.0,provisional,grc-mma-legal-migration-2026-08-annexb,Υπουργείο Μετανάστευσης και Ασύλου (Ministry of Migration and Asylum),2026-09,0.7,conflict,o-c5e24e9cc0
GRC,grc-golden-visa,applications_received,2025,applications,7025,1,7025.0,reported,grc-movingto-2026-07-10,Movingto,2026-07-10,0.7,conflict,o-d01a691fb3
GRD,grd-cbi,applications_rejected,2024,applications,34,1,34.0,reported,intl-ec-com-2024-571,European Commission,2024-12-06,63.4,conflict,o-9f67244a26
GRD,grd-cbi,applications_rejected,2024,applications,93,1,93.0,actual,grd-ima-stats-2024q4,Investment Migration Agency Grenada,2025-01,63.4,conflict,o-af70bd5b55
GRD,grd-cbi,applications_rejected,2024,applications,93,1,93.0,reported,intl-ec-swd-2025-429,European Commission,2025-12-19,63.4,conflict,o-6c06f88902
GRD,grd-cbi,cbi_fiscal_revenue,2016,XCD,3100000,1,3100000.0,provisional,grd-mof-estimates-2017,"Ministry of Finance, Government of Grenada",2016-12,8.8,conflict,o-464a1aabee
GRD,grd-cbi,cbi_fiscal_revenue,2016,XCD,3.4,million,3400000.0,actual,grd-imf-art4-2019,International Monetary Fund,2019-07,8.8,conflict,o-9a9ac90506
GRD,grd-cbi,cbi_fiscal_revenue,2016,XCD,8437500,1,8437500.0,budget,grd-mof-estimates-2017,"Ministry of Finance, Government of Grenada",2016-12,8.8,conflict,o-7f0ae37e70
GRD,grd-cbi,cbi_fiscal_revenue,2017,XCD,2835000,1,2835000.0,budget,grd-mof-estimates-2017,"Ministry of Finance, Government of Grenada",2016-12,5.5,conflict,o-0aeac1bd84
GRD,grd-cbi,cbi_fiscal_revenue,2017,XCD,4.9,million,4900000.0,actual,grd-imf-art4-2019,International Monetary Fund,2019-07,5.5,conflict,o-2f591bcf67
GRD,grd-cbi,cbi_fiscal_revenue,2017,XCD,5185000,1,5185000.0,provisional,grd-mof-estimates-2018,"Ministry of Finance, Government of Grenada",2017-12,5.5,conflict,o-a1d0147a62
GRD,grd-cbi,cbi_fiscal_revenue,2018,XCD,3.3,million,3300000.0,estimate,grd-imf-art4-2019,International Monetary Fund,2019-07,39.4,vintage,o-15fd615569
GRD,grd-cbi,cbi_fiscal_revenue,2018,XCD,5441881,1,5441881.0,budget,grd-mof-estimates-2018,"Ministry of Finance, Government of Grenada",2017-12,39.4,vintage,o-30da3c5765
GRD,grd-cbi,cbi_fiscal_revenue,2019,XCD,3.1,million,3100000.0,budget,grd-imf-art4-2019,International Monetary Fund,2019-07,96.8,same_source,o-bfeb14b14b
GRD,grd-cbi,cbi_fiscal_revenue,2019,XCD,8.0,million,8000000.0,estimate,grd-imf-art4-2024,International Monetary Fund,2025-02,96.8,same_source,o-994939c35d
GRD,grd-cbi,cbi_fiscal_revenue,2019,XCD,96.1,million,96100000.0,estimate,grd-imf-art4-2024,International Monetary Fund,2025-02,96.8,same_source,o-7e3825b735
GRD,grd-cbi,cbi_fiscal_revenue,2020,XCD,4126285,1,4126285.0,budget,grd-mof-estimates-2021,"Ministry of Finance, Government of Grenada",2020-12,95.9,same_source,o-a8ddf47306
GRD,grd-cbi,cbi_fiscal_revenue,2020,XCD,12703992,1,12703992.0,provisional,grd-mof-estimates-2021,"Ministry of Finance, Government of Grenada",2020-12,95.9,same_source,o-f0ab73b23f
GRD,grd-cbi,cbi_fiscal_revenue,2020,XCD,17.3,million,17300000.0,estimate,grd-imf-art4-2024,International Monetary Fund,2025-02,95.9,same_source,o-b925ba4be5
GRD,grd-cbi,cbi_fiscal_revenue,2020,XCD,101.5,million,101500000.0,estimate,grd-imf-art4-2024,International Monetary Fund,2025-02,95.9,same_source,o-fe790bd36c
GRD,grd-cbi,cbi_fiscal_revenue,2020,XCD,101.5,million,101500000.0,estimate,grd-imf-art4-2025,International Monetary Fund,2026-01,95.9,same_source,o-f5a5231596
GRD,grd-cbi,cbi_fiscal_revenue,2021,XCD,13648845,1,13648845.0,budget,grd-mof-estimates-2021,"Ministry of Finance, Government of Grenada",2020-12,43.2,vintage,o-c43cdfd5d6
GRD,grd-cbi,cbi_fiscal_revenue,2021,XCD,24042264,1,24042264.0,provisional,grd-mof-estimates-2022,"Ministry of Finance, Government of Grenada",2021-12,43.2,vintage,o-3f25476a3d
GRD,grd-cbi,cbi_fiscal_revenue,2022,XCD,25712200,1,25712200.0,budget,grd-mof-estimates-2022,"Ministry of Finance, Government of Grenada",2021-12,67.4,vintage,o-8794f653ca
GRD,grd-cbi,cbi_fiscal_revenue,2022,XCD,78822511,1,78822511.0,provisional,grd-mof-estimates-2023,"Government of Grenada, Ministry of Finance",2022-12,67.4,vintage,o-ba6af38b66
GRD,grd-cbi,cbi_fiscal_revenue,2023,XCD,240461920,1,240461920.0,budget,grd-mof-estimates-2023,"Government of Grenada, Ministry of Finance",2022-12,47.5,same_source,o-327f7a123b
GRD,grd-cbi,cbi_fiscal_revenue,2023,XCD,375269871,1,375269871.0,provisional,grd-mof-estimates-2024,"Government of Grenada, Ministry of Finance",2023-12,47.5,same_source,o-bb1ffff518
GRD,grd-cbi,cbi_fiscal_revenue,2023,XCD,381.6,million,381600000.0,estimate,grd-imf-art4-2024,International Monetary Fund,2025-02,47.5,same_source,o-6de65b6a26
GRD,grd-cbi,cbi_fiscal_revenue,2023,XCD,381.6,million,381600000.0,actual,grd-mof-mtefs-2025,"Government of Grenada, Ministry of Finance",2025,47.5,same_source,o-fd9e533b2e
GRD,grd-cbi,cbi_fiscal_revenue,2023,XCD,457.3,million,457300000.0,estimate,grd-imf-art4-2024,International Monetary Fund,2025-02,47.5,same_source,o-a3d6fca9e2
GRD,grd-cbi,cbi_fiscal_revenue,2023,XCD,457.3,million,457300000.0,estimate,grd-imf-art4-2025,International Monetary Fund,2026-01,47.5,same_source,o-ea4cfa188a
GRD,grd-cbi,cbi_fiscal_revenue,2023,XCD,458.3,million,458300000.0,actual,grd-mof-mtefs-2025,"Government of Grenada, Ministry of Finance",2025,47.5,same_source,o-fb4a2e6795
GRD,grd-cbi,cbi_fiscal_revenue,2024,XCD,280697921,1,280697921.0,budget,grd-mof-estimates-2024,"Government of Grenada, Ministry of Finance",2023-12,49.5,same_source,o-dd04dcf42c
GRD,grd-cbi,cbi_fiscal_revenue,2024,XCD,280.7,million,280700000.0,budget,grd-mof-mtefs-2025,"Government of Grenada, Ministry of Finance",2025,49.5,same_source,o-ba5c937138
GRD,grd-cbi,cbi_fiscal_revenue,2024,XCD,398.5,million,398500000.0,estimate,grd-mof-mtff-2024,"Government of Grenada, Ministry of Finance",2024-09,49.5,same_source,o-78543bd925
GRD,grd-cbi,cbi_fiscal_revenue,2024,XCD,451.3,million,451300000.0,estimate,grd-imf-art4-2024,International Monetary Fund,2025-02,49.5,same_source,o-553c5e810e
GRD,grd-cbi,cbi_fiscal_revenue,2024,XCD,472981142,1,472981142.0,actual,grd-ima-stats-2024q4,Investment Migration Agency Grenada,2025-01,49.5,same_source,o-c58ec9a346
GRD,grd-cbi,cbi_fiscal_revenue,2024,XCD,473.0,million,473000000.0,actual,grd-mof-mtefs-2025,"Government of Grenada, Ministry of Finance",2025,49.5,same_source,o-5d6357dfe7
GRD,grd-cbi,cbi_fiscal_revenue,2024,XCD,553.7,million,553700000.0,estimate,grd-imf-art4-2025,International Monetary Fund,2026-01,49.5,same_source,o-4b20117357
GRD,grd-cbi,cbi_fiscal_revenue,2024,XCD,553.7,million,553700000.0,actual,grd-mof-mtefs-2025,"Government of Grenada, Ministry of Finance",2025,49.5,same_source,o-63a62abd87
GRD,grd-cbi,cbi_fiscal_revenue,2024,XCD,553710178,1,553710178.0,provisional,grd-mof-estimates-2025,"Government of Grenada, Ministry of Finance",2025-03,49.5,same_source,o-d206eb6b87
GRD,grd-cbi,cbi_fiscal_revenue,2024,XCD,555.8,million,555800000.0,estimate,grd-imf-art4-2024,International Monetary Fund,2025-02,49.5,same_source,o-f8b1679fa3
GRD,grd-cbi,cbi_fiscal_revenue,2025,XCD,140417136,1,140417136.0,budget,grd-mof-estimates-2025,"Government of Grenada, Ministry of Finance",2025-03,12.9,conflict,o-e66c2cc906
GRD,grd-cbi,cbi_fiscal_revenue,2025,XCD,152999122,1,152999122.0,actual,grd-ima-stats-2025q4,Investment Migration Agency Grenada,2026-02,12.9,conflict,o-9b60acfb68
GRD,grd-cbi,cbi_fiscal_revenue,2025,XCD,165906890,1,165906890.0,provisional,grd-mof-estimates-2026,"Government of Grenada, Ministry of Finance",2025-12,12.9,conflict,o-468e8e6659
GRD,grd-cbi,cbi_fiscal_revenue,2025,XCD,175.6,million,175600000.0,estimate,grd-imf-art4-2025,International Monetary Fund,2026-01,12.9,conflict,o-82e6916f53
GRD,grd-cbi,cbi_fiscal_revenue,2026,XCD,143.8,million,143800000.0,projection,grd-imf-art4-2025,International Monetary Fund,2026-01,17.3,vintage,o-ecc27e56af
GRD,grd-cbi,cbi_fiscal_revenue,2026,XCD,173973807,1,173973807.0,budget,grd-mof-estimates-2026,"Government of Grenada, Ministry of Finance",2025-12,17.3,vintage,o-07a91e889a
GRD,grd-cbi,cbi_fiscal_revenue_pct_gdp,2015,percent_of_gdp,0.5,1,0.5,reported,grd-imf-art4-2016,International Monetary Fund,2016-05,28.6,revision,o-8317016017
GRD,grd-cbi,cbi_fiscal_revenue_pct_gdp,2015,percent_of_gdp,0.7,1,0.7,actual,grd-imf-art4-2016,International Monetary Fund,2016-05,28.6,revision,o-af27040fd7
GRD,grd-cbi,cbi_fiscal_revenue_pct_gdp,2020,percent_of_gdp,0.6,1,0.6,estimate,grd-imf-art4-2024,International Monetary Fund,2025-02,83.3,revision,o-407b084d99
GRD,grd-cbi,cbi_fiscal_revenue_pct_gdp,2020,percent_of_gdp,3.6,1,3.6,estimate,grd-imf-art4-2025,International Monetary Fund,2026-01,83.3,revision,o-38712a5786
GRD,grd-cbi,cbi_fiscal_revenue_pct_gdp,2024,percent_of_gdp,12.0,1,12.0,estimate,grd-imf-art4-2024,International Monetary Fund,2025-02,18.4,revision,o-c87be382da
GRD,grd-cbi,cbi_fiscal_revenue_pct_gdp,2024,percent_of_gdp,14.7,1,14.7,estimate,grd-imf-art4-2025,International Monetary Fund,2026-01,18.4,revision,o-84bce4e99e
GRD,grd-cbi,cbi_inflows_pct_gdp,2021,percent_of_gdp,4,1,4.0,estimate,grd-imf-art4-2022,International Monetary Fund,2022-05,57.0,revision,o-956a833cc9
GRD,grd-cbi,cbi_inflows_pct_gdp,2021,percent_of_gdp,9.3,1,9.3,estimate,grd-imf-art4-2024,International Monetary Fund,2025-02,57.0,revision,o-efc1fdb97a
GRD,grd-cbi,cbi_inflows_pct_gdp,2023,percent_of_gdp,31.3,1,31.3,estimate,grd-imf-art4-2025,International Monetary Fund,2026-01,0.9,revision,o-3929404316
GRD,grd-cbi,cbi_inflows_pct_gdp,2023,percent_of_gdp,31.6,1,31.6,estimate,grd-imf-art4-2024,International Monetary Fund,2025-02,0.9,revision,o-b9f854db98
GRD,grd-cbi,cbi_inflows_pct_gdp,2024,percent_of_gdp,29.6,1,29.6,estimate,grd-imf-art4-2025,International Monetary Fund,2026-01,5.1,revision,o-1e76f430f4
GRD,grd-cbi,cbi_inflows_pct_gdp,2024,percent_of_gdp,31.2,1,31.2,estimate,grd-imf-art4-2024,International Monetary Fund,2025-02,5.1,revision,o-883af41271
GRD,grd-cbi,cbi_inflows_pct_gdp,2025,percent_of_gdp,10.2,1,10.2,estimate,grd-imf-art4-2025,International Monetary Fund,2026-01,8.1,vintage,o-1a7bb51cbb
GRD,grd-cbi,cbi_inflows_pct_gdp,2025,percent_of_gdp,11.1,1,11.1,projection,grd-imf-art4-2024,International Monetary Fund,2025-02,8.1,vintage,o-b351fef4e6
GRD,grd-cbi,persons_naturalised,2023-Q2,persons,1031,1,1031.0,provisional,grd-mof-cbistats-2023q2-v1,"Government of Grenada, Ministry of Finance",2023-08,32.9,revision,o-99e3f078a1
GRD,grd-cbi,persons_naturalised,2023-Q2,persons,1536,1,1536.0,actual,grd-mof-cbistats-2023q2-v2,"Government of Grenada, Ministry of Finance",2024,32.9,revision,o-9d3bc4c0ce
HKG,hkg-cies,rbi_investment_total,2003-10/2009-11,HKD,36.6,billion,36600000000.0,actual,hkg-legco-lcq13-cies-2009,"Hong Kong SAR Government (written reply to a Legislative Council question, issued by the Information Services Department)",2009-12-02,8.8,conflict,o-f2eb645446
HKG,hkg-cies,rbi_investment_total,2003-10/2009-11,HKD,40124.8,million,40124800000.0,actual,hkg-legco-se-paper-cies-2010,"Security Bureau, Hong Kong SAR Government (paper to the Legislative Council Panel on Security)",2010-01-05,8.8,conflict,o-ff515978ad
HKG,hkg-cies,rbi_investment_total [route=real_estate],2003-10/2009-11,HKD,10.4,billion,10400000000.0,actual,hkg-legco-lcq13-cies-2009,"Hong Kong SAR Government (written reply to a Legislative Council question, issued by the Information Services Department)",2009-12-02,10.9,conflict,o-4a7c4b9f8b
HKG,hkg-cies,rbi_investment_total [route=real_estate],2003-10/2009-11,HKD,11671.5,million,11671500000.0,actual,hkg-legco-se-paper-cies-2010,"Security Bureau, Hong Kong SAR Government (paper to the Legislative Council Panel on Security)",2010-01-05,10.9,conflict,o-d434209f62
HKG,hkg-new-cies,rbi_investment_total,2024-03-01/2025-02-28,HKD,10548,million,10548000000.0,actual,hkg-legco-lcq9-new-cies-2025,"Hong Kong SAR Government (written reply to a Legislative Council question, issued by the Information Services Department)",2025-03-26,60.9,vintage,o-5da2ec74c2
HKG,hkg-new-cies,rbi_investment_total,2024-03-01/2025-02-28,HKD,27,billion,27000000000.0,projection,hkg-legco-lcq9-new-cies-2025,"Hong Kong SAR Government (written reply to a Legislative Council question, issued by the Information Services Department)",2025-03-26,60.9,vintage,o-38efc8df57
HKG,hkg-new-cies,rbi_investment_total,2024-03-01/2025-04-30,HKD,16485,million,16485000000.0,actual,hkg-investhk-pr-new-cies-first-year-2025,"Invest Hong Kong (InvestHK), Hong Kong SAR Government",2025-05-25,55.4,vintage,o-9de3e25ecd
HKG,hkg-new-cies,rbi_investment_total,2024-03-01/2025-04-30,HKD,37,billion,37000000000.0,projection,hkg-investhk-pr-new-cies-first-year-2025,"Invest Hong Kong (InvestHK), Hong Kong SAR Government",2025-05-25,55.4,vintage,o-1f990d4545
HKG,hkg-new-cies,rbi_investment_total,2024-03-01/2026-02-28,HKD,55636,million,55636000000.0,actual,hkg-investhk-pr-new-cies-two-year-2026,"Invest Hong Kong (InvestHK), Hong Kong SAR Government",2026-03-02,41.4,vintage,o-658d3ca1b1
HKG,hkg-new-cies,rbi_investment_total,2024-03-01/2026-02-28,HKD,95,billion,95000000000.0,projection,hkg-investhk-pr-new-cies-two-year-2026,"Invest Hong Kong (InvestHK), Hong Kong SAR Government",2026-03-02,41.4,vintage,o-a62bbc3afe
HUN,hun-residency-bond,residence_permits_issued,2013-2017,persons,19838,1,19838.0,reported,hun-444-revocations-2018,444.hu,2018-12-06,0.2,conflict,o-e43b14fe23
HUN,hun-residency-bond,residence_permits_issued,2013-2017,persons,19885,1,19885.0,reported,hun-index-bmh-2017-12,Index.hu,2017-12-07,0.2,conflict,o-68ed04f55c
HUN,hun-residency-bond,residence_permits_issued [applicant=investor],2013-2017,persons,6538,1,6538.0,reported,hun-index-bmh-2017-12,Index.hu,2017-12-07,0.7,same_source,o-b0596cc007
HUN,hun-residency-bond,residence_permits_issued [applicant=investor],2013-2017,persons,6585,1,6585.0,reported,hun-index-bmh-2017-12,Index.hu,2017-12-07,0.7,same_source,o-c425108d6a
INTL,,cbi_rbi_investment,2008-2018,EUR,9217474822,1,9217474822.0,estimate,intl-eprs-cbi-rbi-2018,European Parliamentary Research Service (Ex-Post Evaluation Unit and European Added Value Unit),2018-10,63.1,conflict,o-61c62d8ad2
INTL,,cbi_rbi_investment,2008-2018,EUR,25,billion,25000000000.0,reported,intl-ti-gw-european-getaway-2018,Transparency International and Global Witness,2018-10-10,63.1,conflict,o-6a03ef445c
INTL,,cbi_rbi_investment,2011-2019,EUR,21374,million,21374000000.0,estimate,intl-eprs-eava-cbi-rbi-2021,European Parliamentary Research Service (European Added Value Unit),2021-10,2.0,same_source,o-2e08c8b720
INTL,,cbi_rbi_investment,2011-2019,EUR,21.4,billion,21400000000.0,reported,intl-ep-res-2022-0065,"European Parliament (Official Journal C 347, 9.9.2022, p. 97)",2022-03-09,2.0,same_source,o-f495fd1d6a
INTL,,cbi_rbi_investment,2011-2019,EUR,21.4,billion,21400000000.0,reported,intl-fatf-oecd-cbi-rbi-2023,Financial Action Task Force and OECD,2023-11,2.0,same_source,o-ae5f01590e
INTL,,cbi_rbi_investment,2011-2019,EUR,21.8,billion,21800000000.0,estimate,intl-eprs-eava-cbi-rbi-2021,European Parliamentary Research Service (European Added Value Unit),2021-10,2.0,same_source,o-037b592efa
INTL,,cbi_rbi_persons,2011-2019,persons,132000,1,132000.0,reported,intl-ep-res-2022-0065,"European Parliament (Official Journal C 347, 9.9.2022, p. 97)",2022-03-09,0.1,conflict,o-5e60027a86
INTL,,cbi_rbi_persons,2011-2019,persons,132000,1,132000.0,reported,intl-fatf-oecd-cbi-rbi-2023,Financial Action Task Force and OECD,2023-11,0.1,conflict,o-c36e44e076
INTL,,cbi_rbi_persons,2011-2019,persons,132143,1,132143.0,estimate,intl-eprs-eava-cbi-rbi-2021,European Parliamentary Research Service (European Added Value Unit),2021-10,0.1,conflict,o-1380deb08d
INTL,,passports_issued,to 2025,passports,107000,1,107000.0,estimate,intl-ec-com-2025-792,European Commission,2025-12-19,0.6,revision,o-46f18788cc
INTL,,passports_issued,to 2025,passports,107625,1,107625.0,estimate,intl-ec-swd-2025-429,European Commission,2025-12-19,0.6,revision,o-f2f94fd50a
IRL,irl-ibn,applications_approved,1992,applications,17,1,17.0,actual,irl-dail-wa-1994-06-14,Houses of the Oireachtas,1994-06-14,15.0,revision,o-e3fa100678
IRL,irl-ibn,applications_approved,1992,applications,20,1,20.0,actual,irl-dail-pq-1994-10-25,Houses of the Oireachtas,1994-10-25,15.0,revision,o-d1258728d8
IRL,irl-iip,applications_approved,2015,applications,67,1,67.0,provisional,irl-oir-wa-2026-03-18,Houses of the Oireachtas,2026-03-18,4.3,revision,o-eb8e10c834
IRL,irl-iip,applications_approved,2015,applications,70,1,70.0,provisional,irl-oir-wa-2023-02-28,Houses of the Oireachtas,2023-02-28,4.3,revision,o-f6568be0d6
IRL,irl-iip,applications_approved,2017,applications,360,1,360.0,provisional,irl-oir-wa-2026-03-18,Houses of the Oireachtas,2026-03-18,2.7,revision,o-d2b5fc91b7
IRL,irl-iip,applications_approved,2017,applications,369,1,369.0,provisional,irl-oir-wa-2023-02-28,Houses of the Oireachtas,2023-02-28,2.7,revision,o-5c4d51b1d8
IRL,irl-iip,applications_approved,2017,applications,370,1,370.0,provisional,irl-oir-wa-2019-11-06,Houses of the Oireachtas,2019-11-06,2.7,revision,o-9741cf5d68
IRL,irl-iip,applications_approved,2018,applications,145,1,145.0,provisional,irl-oir-wa-2026-03-18,Houses of the Oireachtas,2026-03-18,19.9,revision,o-b08f08b998
IRL,irl-iip,applications_approved,2018,applications,155,1,155.0,provisional,irl-oir-wa-2023-02-28,Houses of the Oireachtas,2023-02-28,19.9,revision,o-aa4057327a
IRL,irl-iip,applications_approved,2018,applications,181,1,181.0,provisional,irl-oir-wa-2019-11-06,Houses of the Oireachtas,2019-11-06,19.9,revision,o-96411de52c
IRL,irl-iip,applications_approved,2019,applications,222,1,222.0,provisional,irl-oir-wa-2026-03-18,Houses of the Oireachtas,2026-03-18,6.3,revision,o-d317185b39
IRL,irl-iip,applications_approved,2019,applications,237,1,237.0,provisional,irl-oir-wa-2023-02-28,Houses of the Oireachtas,2023-02-28,6.3,revision,o-39d991d75a
IRL,irl-iip,applications_approved,2020,applications,267,1,267.0,provisional,irl-oir-wa-2026-03-18,Houses of the Oireachtas,2026-03-18,1.1,revision,o-a41327b141
IRL,irl-iip,applications_approved,2020,applications,270,1,270.0,provisional,irl-oir-wa-2023-02-28,Houses of the Oireachtas,2023-02-28,1.1,revision,o-4912d3a70b
IRL,irl-iip,applications_approved,2021,applications,264,1,264.0,provisional,irl-oir-wa-2023-02-28,Houses of the Oireachtas,2023-02-28,0.8,revision,o-fbf4829516
IRL,irl-iip,applications_approved,2021,applications,266,1,266.0,provisional,irl-oir-wa-2026-03-18,Houses of the Oireachtas,2026-03-18,0.8,revision,o-1cd74f3ee7
IRL,irl-iip,applications_approved,2022,applications,306,1,306.0,provisional,irl-oir-wa-2023-02-28,Houses of the Oireachtas,2023-02-28,0.3,revision,o-7f87b6ab80
IRL,irl-iip,applications_approved,2022,applications,307,1,307.0,provisional,irl-oir-wa-2026-03-18,Houses of the Oireachtas,2026-03-18,0.3,revision,o-b7b563dc46
IRL,irl-iip,applications_received,2013,applications,18,1,18.0,provisional,irl-oir-wa-2023-02-28,Houses of the Oireachtas,2023-02-28,10.0,conflict,o-c3bf47ffa5
IRL,irl-iip,applications_received,2013,applications,18,1,18.0,provisional,irl-oir-wa-2026-03-18,Houses of the Oireachtas,2026-03-18,10.0,conflict,o-6d2bfa34a2
IRL,irl-iip,applications_received,2013,applications,20,1,20.0,actual,irl-doj-iip-interim-eval,Department of Justice and Equality (IGEES unit),2017-08,10.0,conflict,o-5a6212fec3
IRL,irl-iip,applications_received,2014,applications,30,1,30.0,provisional,irl-oir-wa-2023-02-28,Houses of the Oireachtas,2023-02-28,9.1,conflict,o-dbf0a1e25d
IRL,irl-iip,applications_received,2014,applications,30,1,30.0,provisional,irl-oir-wa-2026-03-18,Houses of the Oireachtas,2026-03-18,9.1,conflict,o-4fb228bf79
IRL,irl-iip,applications_received,2014,applications,33,1,33.0,actual,irl-doj-iip-interim-eval,Department of Justice and Equality (IGEES unit),2017-08,9.1,conflict,o-706f50ba12
IRL,irl-iip,applications_received,2015,applications,66,1,66.0,actual,irl-doj-iip-interim-eval,Department of Justice and Equality (IGEES unit),2017-08,12.0,conflict,o-3b0978daf9
IRL,irl-iip,applications_received,2015,applications,67,1,67.0,reported,intl-ec-swd-2019-5,European Commission,2019-01-23,12.0,conflict,o-4e0be201b3
IRL,irl-iip,applications_received,2015,applications,75,1,75.0,provisional,irl-oir-wa-2023-02-28,Houses of the Oireachtas,2023-02-28,12.0,conflict,o-530ca1bb6a
IRL,irl-iip,applications_received,2015,applications,75,1,75.0,provisional,irl-oir-wa-2026-03-18,Houses of the Oireachtas,2026-03-18,12.0,conflict,o-37f8cc4b72
IRL,irl-iip,applications_received,2016,applications,317,1,317.0,reported,intl-ec-swd-2019-5,European Commission,2019-01-23,5.1,conflict,o-7f4716709a
IRL,irl-iip,applications_received,2016,applications,329,1,329.0,actual,irl-doj-iip-interim-eval,Department of Justice and Equality (IGEES unit),2017-08,5.1,conflict,o-6c6d07a4f3
IRL,irl-iip,applications_received,2016,applications,334,1,334.0,provisional,irl-oir-wa-2023-02-28,Houses of the Oireachtas,2023-02-28,5.1,conflict,o-16cf74e45d
IRL,irl-iip,applications_received,2016,applications,334,1,334.0,provisional,irl-oir-wa-2026-03-18,Houses of the Oireachtas,2026-03-18,5.1,conflict,o-80589f0673
IRL,irl-iip,applications_received,2017,applications,324,1,324.0,provisional,irl-oir-wa-2023-02-28,Houses of the Oireachtas,2023-02-28,3.0,conflict,o-5299e47c4f
IRL,irl-iip,applications_received,2017,applications,324,1,324.0,provisional,irl-oir-wa-2026-03-18,Houses of the Oireachtas,2026-03-18,3.0,conflict,o-58a66c35f9
IRL,irl-iip,applications_received,2017,applications,326,1,326.0,provisional,irl-oir-wa-2019-11-06,Houses of the Oireachtas,2019-11-06,3.0,conflict,o-539ae97cb2
IRL,irl-iip,applications_received,2017,applications,334,1,334.0,reported,intl-ec-swd-2019-5,European Commission,2019-01-23,3.0,conflict,o-31ad99893d
IRL,irl-iip,applications_received,2018,applications,423,1,423.0,provisional,irl-oir-wa-2023-02-28,Houses of the Oireachtas,2023-02-28,0.2,revision,o-832bb5ec12
IRL,irl-iip,applications_received,2018,applications,423,1,423.0,provisional,irl-oir-wa-2026-03-18,Houses of the Oireachtas,2026-03-18,0.2,revision,o-1352a71eb1
IRL,irl-iip,applications_received,2018,applications,424,1,424.0,provisional,irl-oir-wa-2019-11-06,Houses of the Oireachtas,2019-11-06,0.2,revision,o-d73040c8b6
IRL,irl-iip,applications_received,2019,applications,443,1,443.0,provisional,irl-oir-wa-2023-02-28,Houses of the Oireachtas,2023-02-28,0.4,revision,o-d5440b2025
IRL,irl-iip,applications_received,2019,applications,445,1,445.0,provisional,irl-oir-wa-2026-03-18,Houses of the Oireachtas,2026-03-18,0.4,revision,o-6c82311832
IRL,irl-iip,applications_received,2021,applications,258,1,258.0,provisional,irl-oir-wa-2023-02-28,Houses of the Oireachtas,2023-02-28,0.4,revision,o-14b64eb20f
IRL,irl-iip,applications_received,2021,applications,259,1,259.0,provisional,irl-oir-wa-2026-03-18,Houses of the Oireachtas,2026-03-18,0.4,revision,o-8978353835
IRL,irl-iip,applications_received,2022,applications,1316,1,1316.0,provisional,irl-oir-wa-2023-02-28,Houses of the Oireachtas,2023-02-28,2.0,revision,o-19cff1757e
IRL,irl-iip,applications_received,2022,applications,1343,1,1343.0,provisional,irl-oir-wa-2026-03-18,Houses of the Oireachtas,2026-03-18,2.0,revision,o-037e97cbef
IRL,irl-iip,applications_received [nationality=CHN],2018,applications,297,1,297.0,reported,irl-doj-iip-review-phase1,Ernst & Young for the Irish Naturalisation and Immigration Service,2020-04-24,27.9,conflict,o-1d58f1888e
IRL,irl-iip,applications_received [nationality=CHN],2018,applications,412,1,412.0,provisional,irl-oir-wa-2022-03-22,Houses of the Oireachtas,2022-03-22,27.9,conflict,o-c9da2bb6c3
IRL,irl-iip,rbi_investment_total,2012,EUR,1500000,1,1500000.0,provisional,irl-oir-wa-2023-02-28,Houses of the Oireachtas,2023-02-28,40.0,conflict,o-be31db8dfc
IRL,irl-iip,rbi_investment_total,2012,EUR,1500000,1,1500000.0,provisional,irl-oir-wa-2026-03-18,Houses of the Oireachtas,2026-03-18,40.0,conflict,o-0bf756bec5
IRL,irl-iip,rbi_investment_total,2012,EUR,2500000,1,2500000.0,actual,irl-doj-iip-interim-eval,Department of Justice and Equality (IGEES unit),2017-08,40.0,conflict,o-b4db785e5f
IRL,irl-iip,rbi_investment_total,2013,EUR,12200000,1,12200000.0,provisional,irl-oir-wa-2023-02-28,Houses of the Oireachtas,2023-02-28,3.6,conflict,o-d400fff515
IRL,irl-iip,rbi_investment_total,2013,EUR,12200000,1,12200000.0,provisional,irl-oir-wa-2026-03-18,Houses of the Oireachtas,2026-03-18,3.6,conflict,o-8f2bd8ddfb
IRL,irl-iip,rbi_investment_total,2013,EUR,12650000,1,12650000.0,actual,irl-doj-iip-interim-eval,Department of Justice and Equality (IGEES unit),2017-08,3.6,conflict,o-e22dd2ea81
IRL,irl-iip,rbi_investment_total,2014,EUR,2950000,1,2950000.0,provisional,irl-oir-wa-2023-02-28,Houses of the Oireachtas,2023-02-28,78.9,conflict,o-771b207b69
IRL,irl-iip,rbi_investment_total,2014,EUR,2950000,1,2950000.0,provisional,irl-oir-wa-2026-03-18,Houses of the Oireachtas,2026-03-18,78.9,conflict,o-ca6e98b3a1
IRL,irl-iip,rbi_investment_total,2014,EUR,13950000,1,13950000.0,actual,irl-doj-iip-interim-eval,Department of Justice and Equality (IGEES unit),2017-08,78.9,conflict,o-0a2753d239
IRL,irl-iip,rbi_investment_total,2015,EUR,36250000,1,36250000.0,actual,irl-doj-iip-interim-eval,Department of Justice and Equality (IGEES unit),2017-08,5.4,conflict,o-a35e81dcc6
IRL,irl-iip,rbi_investment_total,2015,EUR,36800000,1,36800000.0,provisional,irl-oir-wa-2026-03-18,Houses of the Oireachtas,2026-03-18,5.4,conflict,o-a382b55511
IRL,irl-iip,rbi_investment_total,2015,EUR,38300000,1,38300000.0,provisional,irl-oir-wa-2023-02-28,Houses of the Oireachtas,2023-02-28,5.4,conflict,o-0b0863e812
IRL,irl-iip,rbi_investment_total,2016,EUR,18750000,1,18750000.0,provisional,irl-oir-wa-2023-02-28,Houses of the Oireachtas,2023-02-28,87.0,conflict,o-2d34261ca7
IRL,irl-iip,rbi_investment_total,2016,EUR,18750000,1,18750000.0,provisional,irl-oir-wa-2026-03-18,Houses of the Oireachtas,2026-03-18,87.0,conflict,o-26c3973f44
IRL,irl-iip,rbi_investment_total,2016,EUR,144300000,1,144300000.0,actual,irl-doj-iip-interim-eval,Department of Justice and Equality (IGEES unit),2017-08,87.0,conflict,o-78549707cb
IRL,irl-iip,rbi_investment_total,2017,EUR,244200000,1,244200000.0,provisional,irl-oir-wa-2026-03-18,Houses of the Oireachtas,2026-03-18,2.6,revision,o-9381540ac4
IRL,irl-iip,rbi_investment_total,2017,EUR,250700000,1,250700000.0,provisional,irl-oir-wa-2023-02-28,Houses of the Oireachtas,2023-02-28,2.6,revision,o-f2fa160e5d
IRL,irl-iip,rbi_investment_total,2018,EUR,128850000,1,128850000.0,provisional,irl-oir-wa-2026-03-18,Houses of the Oireachtas,2026-03-18,7.1,revision,o-b5a8118ba0
IRL,irl-iip,rbi_investment_total,2018,EUR,138750000,1,138750000.0,provisional,irl-oir-wa-2023-02-28,Houses of the Oireachtas,2023-02-28,7.1,revision,o-dbec29bcf9
IRL,irl-iip,rbi_investment_total,2019,EUR,194200000,1,194200000.0,provisional,irl-oir-wa-2026-03-18,Houses of the Oireachtas,2026-03-18,7.2,revision,o-687298ecbd
IRL,irl-iip,rbi_investment_total,2019,EUR,209300000,1,209300000.0,provisional,irl-oir-wa-2023-02-28,Houses of the Oireachtas,2023-02-28,7.2,revision,o-52d745ac3c
IRL,irl-iip,rbi_investment_total,2020,EUR,186200000,1,186200000.0,provisional,irl-oir-wa-2026-03-18,Houses of the Oireachtas,2026-03-18,1.0,revision,o-6f7c9d19c9
IRL,irl-iip,rbi_investment_total,2020,EUR,188000000,1,188000000.0,provisional,irl-oir-wa-2023-02-28,Houses of the Oireachtas,2023-02-28,1.0,revision,o-bdfa53d74f
IRL,irl-iip,rbi_investment_total,2021,EUR,185700000,1,185700000.0,provisional,irl-oir-wa-2023-02-28,Houses of the Oireachtas,2023-02-28,1.1,revision,o-53c5d3f6bc
IRL,irl-iip,rbi_investment_total,2021,EUR,187700000,1,187700000.0,provisional,irl-oir-wa-2026-03-18,Houses of the Oireachtas,2026-03-18,1.1,revision,o-b16abfa026
IRL,irl-iip,rbi_investment_total,2022,EUR,205900000,1,205900000.0,provisional,irl-oir-wa-2023-02-28,Houses of the Oireachtas,2023-02-28,0.5,revision,o-6ae4ce7d4f
IRL,irl-iip,rbi_investment_total,2022,EUR,206900000,1,206900000.0,provisional,irl-oir-wa-2026-03-18,Houses of the Oireachtas,2026-03-18,0.5,revision,o-0d59157937
KNA,,sugar_industry_employment,2005,persons,1400,1,1400.0,estimate,kna-sugar-imf-cr07141,International Monetary Fund,2007-04,0.4,revision,o-d6ac0d06ab
KNA,,sugar_industry_employment,2005,persons,1406,1,1406.0,reported,kna-sugar-imf-cr07141,International Monetary Fund,2007-04,0.4,revision,o-86419fadf5
KNA,,sugar_severance_cost,2005,XCD,27.4,million,27400000.0,reported,kna-sugar-imf-cr07141,International Monetary Fund,2007-04,37.7,conflict,o-29464df62d
KNA,,sugar_severance_cost,2005,XCD,44,million,44000000.0,reported,kna-sugar-oecs-retraining-2005,Organisation of Eastern Caribbean States Secretariat,2005-10,37.7,conflict,o-058c872e54
KNA,kna-cbi,applications_rejected,2024,applications,4,1,4.0,reported,intl-ec-com-2024-571,European Commission,2024-12-06,95.9,revision,o-4b8d1e8f13
KNA,kna-cbi,applications_rejected,2024,applications,98,1,98.0,reported,intl-ec-swd-2025-429,European Commission,2025-12-19,95.9,revision,o-3739022de4
KNA,kna-cbi,applications_rejected,2024,applications,98,1,98.0,reported,kna-ec-swd-2025-429,European Commission,2025-12-19,95.9,revision,o-397c99ac44
KNA,kna-cbi,cbi_fiscal_revenue,2009,XCD,8147397,1,8147397.0,budget,kna-mof-estimates-2010-v1,"Ministry of Finance, Federal Government of St. Kitts and Nevis",2009-12,42.7,vintage,o-ce49b1f04e
KNA,kna-cbi,cbi_fiscal_revenue,2009,XCD,14212675,1,14212675.0,actual,kna-mof-estimates-2011-v1,"Ministry of Finance, Federal Government of St. Kitts and Nevis",2010-12,42.7,vintage,o-0f19a78de1
KNA,kna-cbi,cbi_fiscal_revenue,2010,XCD,27317601,1,27317601.0,budget,kna-mof-estimates-2010-v1,"Ministry of Finance, Federal Government of St. Kitts and Nevis",2009-12,5.3,revision,o-f58b8a98a5
KNA,kna-cbi,cbi_fiscal_revenue,2010,XCD,39858865,1,39858865.0,estimate,kna-mof-estimates-2011-v1,"Ministry of Finance, Federal Government of St. Kitts and Nevis",2010-12,5.3,revision,o-1cd8800afd
KNA,kna-cbi,cbi_fiscal_revenue,2010,XCD,42072043,1,42072043.0,actual,kna-mof-estimates-2012-v1,"Ministry of Finance, Federal Government of St. Kitts and Nevis",2011-12,5.3,revision,o-dab8765c0f
KNA,kna-cbi,cbi_fiscal_revenue,2011,XCD,20000000,1,20000000.0,budget,kna-mof-estimates-2011-v1,"Ministry of Finance, Federal Government of St. Kitts and Nevis",2010-12,22.8,revision,o-60ca90c4ce
KNA,kna-cbi,cbi_fiscal_revenue,2011,XCD,68564445,1,68564445.0,estimate,kna-mof-estimates-2012-v1,"Ministry of Finance, Federal Government of St. Kitts and Nevis",2011-12,22.8,revision,o-30336ed2fd
KNA,kna-cbi,cbi_fiscal_revenue,2011,XCD,88812489,1,88812489.0,actual,kna-mof-estimates-2013-v1,"Ministry of Finance, Federal Government of St. Kitts and Nevis",2012-12,22.8,revision,o-0a6256f434
KNA,kna-cbi,cbi_fiscal_revenue,2012,XCD,25000000,1,25000000.0,budget,kna-mof-estimates-2012-v1,"Ministry of Finance, Federal Government of St. Kitts and Nevis",2011-12,82.3,vintage,o-4a1b442b10
KNA,kna-cbi,cbi_fiscal_revenue,2012,XCD,141002887,1,141002887.0,estimate,kna-mof-estimates-2013-v1,"Ministry of Finance, Federal Government of St. Kitts and Nevis",2012-12,82.3,vintage,o-eb488fb0b8
KNA,kna-cbi,cbi_fiscal_revenue,2012,XCD,141002887,1,141002887.0,actual,kna-mof-estimates-2014-v1,"Ministry of Finance, Federal Government of St. Kitts and Nevis",2013-12,82.3,vintage,o-323a81e217
KNA,kna-cbi,cbi_fiscal_revenue,2013,XCD,70000000,1,70000000.0,budget,kna-mof-estimates-2013-v1,"Ministry of Finance, Federal Government of St. Kitts and Nevis",2012-12,10.6,revision,o-bd148f7179
KNA,kna-cbi,cbi_fiscal_revenue,2013,XCD,247570375,1,247570375.0,estimate,kna-mof-estimates-2014-v1,"Ministry of Finance, Federal Government of St. Kitts and Nevis",2013-12,10.6,revision,o-0827860ad5
KNA,kna-cbi,cbi_fiscal_revenue,2013,XCD,276932002,1,276932002.0,actual,kna-mof-estimates-2015-v1,"Ministry of Finance, Federal Government of St. Kitts and Nevis",2014-12,10.6,revision,o-b239dc7a93
KNA,kna-cbi,cbi_fiscal_revenue,2014,XCD,100000000,1,100000000.0,budget,kna-mof-estimates-2014-v1,"Ministry of Finance, Federal Government of St. Kitts and Nevis",2013-12,9.9,revision,o-1b19c10d36
KNA,kna-cbi,cbi_fiscal_revenue,2014,XCD,293280816,1,293280816.0,estimate,kna-mof-estimates-2015-v1,"Ministry of Finance, Federal Government of St. Kitts and Nevis",2014-12,9.9,revision,o-f23aa1356b
KNA,kna-cbi,cbi_fiscal_revenue,2014,XCD,325408073,1,325408073.0,actual,kna-mof-estimates-2016-v1,"Ministry of Finance, Federal Government of St. Kitts and Nevis",2015-12,9.9,revision,o-5fc96c2a8c
KNA,kna-cbi,cbi_fiscal_revenue,2015,XCD,200000000,1,200000000.0,budget,kna-mof-estimates-2015-v1,"Ministry of Finance, Federal Government of St. Kitts and Nevis",2014-12,3.0,revision,o-a18f792e5a
KNA,kna-cbi,cbi_fiscal_revenue,2015,XCD,284628449,1,284628449.0,estimate,kna-mof-estimates-2016-v1,"Ministry of Finance, Federal Government of St. Kitts and Nevis",2015-12,3.0,revision,o-0df09c5e20
KNA,kna-cbi,cbi_fiscal_revenue,2015,XCD,293436274,1,293436274.0,actual,kna-mof-estimates-2017-v1,"Ministry of Finance, Federal Government of St. Kitts and Nevis",2016-12,3.0,revision,o-1bd267e50c
KNA,kna-cbi,cbi_fiscal_revenue,2016,XCD,150000000,1,150000000.0,budget,kna-mof-estimates-2016-v1,"Ministry of Finance, Federal Government of St. Kitts and Nevis",2015-12,8.5,conflict,o-a2afeae11e
KNA,kna-cbi,cbi_fiscal_revenue,2016,XCD,175,million,175000000.0,actual,kna-audit-report-2016,St. Kitts and Nevis National Audit Office,2018-02,8.5,conflict,o-8bbe961f37
KNA,kna-cbi,cbi_fiscal_revenue,2016,XCD,175263635,1,175263635.0,actual,kna-mof-estimates-2018-v1,"Government of St. Kitts and Nevis, Ministry of Finance",2017-12,8.5,conflict,o-b802d1f501
KNA,kna-cbi,cbi_fiscal_revenue,2016,XCD,191163365,1,191163365.0,estimate,kna-mof-estimates-2017-v1,"Ministry of Finance, Federal Government of St. Kitts and Nevis",2016-12,8.5,conflict,o-53a6729002
KNA,kna-cbi,cbi_fiscal_revenue,2017,XCD,140146855,1,140146855.0,estimate,kna-mof-estimates-2018-v1,"Government of St. Kitts and Nevis, Ministry of Finance",2017-12,6.2,revision,o-9ad7ead992
KNA,kna-cbi,cbi_fiscal_revenue,2017,XCD,149411767,1,149411767.0,actual,kna-mof-estimates-2019-v1,"Government of St. Kitts and Nevis, Ministry of Finance",2018-12,6.2,revision,o-db44171e72
KNA,kna-cbi,cbi_fiscal_revenue,2017,XCD,170000000,1,170000000.0,budget,kna-mof-estimates-2017-v1,"Ministry of Finance, Federal Government of St. Kitts and Nevis",2016-12,6.2,revision,o-584d6c690a
KNA,kna-cbi,cbi_fiscal_revenue,2018,XCD,168000000,1,168000000.0,budget,kna-mof-estimates-2018-v1,"Government of St. Kitts and Nevis, Ministry of Finance",2017-12,13.0,conflict,o-dda9b7bc45
KNA,kna-cbi,cbi_fiscal_revenue,2018,XCD,363756282,1,363756282.0,estimate,kna-mof-estimates-2019-v1,"Government of St. Kitts and Nevis, Ministry of Finance",2018-12,13.0,conflict,o-4173f44f10
KNA,kna-cbi,cbi_fiscal_revenue,2018,XCD,418,million,418000000.0,actual,kna-audit-report-2018,St. Kitts and Nevis National Audit Office,2019-12,13.0,conflict,o-1367509813
KNA,kna-cbi,cbi_fiscal_revenue,2019,XCD,230000000,1,230000000.0,budget,kna-mof-estimates-2019-v1,"Government of St. Kitts and Nevis, Ministry of Finance",2018-12,48.1,vintage,o-f1e37627d9
KNA,kna-cbi,cbi_fiscal_revenue,2019,XCD,442.6,million,442600000.0,estimate,kna-imf-art4-2023,International Monetary Fund,2023-03,48.1,vintage,o-409b1f842b
KNA,kna-cbi,cbi_fiscal_revenue,2019,XCD,442617122,1,442617122.0,actual,kna-mof-estimates-2021-v1,"Government of St. Kitts and Nevis, Ministry of Finance",2020-12,48.1,vintage,o-fb8d3a4738
KNA,kna-cbi,cbi_fiscal_revenue,2019,XCD,443,million,443000000.0,actual,kna-audit-report-2019,St. Kitts and Nevis National Audit Office,2020-12,48.1,vintage,o-d375d49436
KNA,kna-cbi,cbi_fiscal_revenue,2019,XCD,443,million,443000000.0,actual,kna-imf-art4-2021,International Monetary Fund,2021-10,48.1,vintage,o-b95dabdc63
KNA,kna-cbi,cbi_fiscal_revenue,2019,XCD,443,million,443000000.0,claim,kna-sknis-pm-cbi-speech-2024-10-17,"St. Kitts and Nevis Information Service (SKNIS), Government of St. Kitts and Nevis",2024-10-17,48.1,vintage,o-862dcf628b
KNA,kna-cbi,cbi_fiscal_revenue,2020,XCD,259,million,259000000.0,actual,kna-imf-art4-2021,International Monetary Fund,2021-10,13.1,same_source,o-ded0820035
KNA,kna-cbi,cbi_fiscal_revenue,2020,XCD,261444997,1,261444997.0,estimate,kna-mof-estimates-2021-v1,"Government of St. Kitts and Nevis, Ministry of Finance",2020-12,13.1,same_source,o-8ebe38704d
KNA,kna-cbi,cbi_fiscal_revenue,2020,XCD,270,million,270000000.0,actual,kna-audit-report-2020,St. Kitts and Nevis National Audit Office,2021-12,13.1,same_source,o-fbe8da0cfe
KNA,kna-cbi,cbi_fiscal_revenue,2020,XCD,270.8,million,270800000.0,estimate,kna-imf-art4-2023,International Monetary Fund,2023-03,13.1,same_source,o-4b794b070e
KNA,kna-cbi,cbi_fiscal_revenue,2020,XCD,270807661,1,270807661.0,actual,kna-mof-estimates-2022-v1,"Government of St. Kitts and Nevis, Ministry of Finance",2021-12,13.1,same_source,o-ca5c817a11
KNA,kna-cbi,cbi_fiscal_revenue,2020,XCD,271,million,271000000.0,claim,kna-sknis-pm-cbi-speech-2024-10-17,"St. Kitts and Nevis Information Service (SKNIS), Government of St. Kitts and Nevis",2024-10-17,13.1,same_source,o-610e4bbeb8
KNA,kna-cbi,cbi_fiscal_revenue,2020,XCD,295,million,295000000.0,budget,kna-imf-art4-2021,International Monetary Fund,2021-10,13.1,same_source,o-40ff4ef339
KNA,kna-cbi,cbi_fiscal_revenue,2020,XCD,295000000,1,295000000.0,budget,kna-mof-estimates-2021-v1,"Government of St. Kitts and Nevis, Ministry of Finance",2020-12,13.1,same_source,o-1c700b8ebb
KNA,kna-cbi,cbi_fiscal_revenue,2020,XCD,298,million,298000000.0,budget,kna-imf-art4-2021,International Monetary Fund,2021-10,13.1,same_source,o-9bf4796533
KNA,kna-cbi,cbi_fiscal_revenue,2021,XCD,250000000,1,250000000.0,budget,kna-mof-estimates-2022-v1,"Government of St. Kitts and Nevis, Ministry of Finance",2021-12,7.9,conflict,o-1ba5cf61a2
KNA,kna-cbi,cbi_fiscal_revenue,2021,XCD,350,million,350000000.0,projection,kna-imf-art4-2021,International Monetary Fund,2021-10,7.9,conflict,o-3f9d6f45e5
KNA,kna-cbi,cbi_fiscal_revenue,2021,XCD,500000000,1,500000000.0,estimate,kna-mof-estimates-2022-v1,"Government of St. Kitts and Nevis, Ministry of Finance",2021-12,7.9,conflict,o-362129b0e0
KNA,kna-cbi,cbi_fiscal_revenue,2021,XCD,542553639,1,542553639.0,actual,kna-mof-estimates-2023-v1,"Government of St. Kitts and Nevis, Ministry of Finance",2022-12,7.9,conflict,o-c3adfcc543
KNA,kna-cbi,cbi_fiscal_revenue,2021,XCD,542.6,million,542600000.0,estimate,kna-imf-art4-2023,International Monetary Fund,2023-03,7.9,conflict,o-74872bc76d
KNA,kna-cbi,cbi_fiscal_revenue,2021,XCD,543,million,543000000.0,actual,kna-audit-report-2021,St. Kitts and Nevis National Audit Office,2022-12,7.9,conflict,o-ac49dc136f
KNA,kna-cbi,cbi_fiscal_revenue,2021,XCD,543,million,543000000.0,claim,kna-sknis-pm-cbi-speech-2024-10-17,"St. Kitts and Nevis Information Service (SKNIS), Government of St. Kitts and Nevis",2024-10-17,7.9,conflict,o-0cb9df5005
KNA,kna-cbi,cbi_fiscal_revenue,2022,XCD,400000000,1,400000000.0,budget,kna-mof-estimates-2023-v1,"Government of St. Kitts and Nevis, Ministry of Finance",2022-12,1.4,conflict,o-1293c9e44b
KNA,kna-cbi,cbi_fiscal_revenue,2022,XCD,669,million,669000000.0,actual,kna-audit-report-2022,St. Kitts and Nevis National Audit Office,2023,1.4,conflict,o-3297b70493
KNA,kna-cbi,cbi_fiscal_revenue,2022,XCD,669,million,669000000.0,claim,kna-sknis-pm-cbi-speech-2024-10-17,"St. Kitts and Nevis Information Service (SKNIS), Government of St. Kitts and Nevis",2024-10-17,1.4,conflict,o-19645af41e
KNA,kna-cbi,cbi_fiscal_revenue,2022,XCD,669358624,1,669358624.0,actual,kna-mof-estimates-2024-v1,"Government of St. Kitts and Nevis, Ministry of Finance",2023-12,1.4,conflict,o-b84eb460b0
KNA,kna-cbi,cbi_fiscal_revenue,2022,XCD,678.2,million,678200000.0,estimate,kna-imf-art4-2023,International Monetary Fund,2023-03,1.4,conflict,o-4381a1fe02
KNA,kna-cbi,cbi_fiscal_revenue,2022,XCD,678240618,1,678240618.0,estimate,kna-mof-estimates-2023-v1,"Government of St. Kitts and Nevis, Ministry of Finance",2022-12,1.4,conflict,o-f12b44db7f
KNA,kna-cbi,cbi_fiscal_revenue,2023,XCD,518315789,1,518315789.0,budget,kna-mof-estimates-2024-v1,"Government of St. Kitts and Nevis, Ministry of Finance",2023-12,1.8,conflict,o-9b6e214fd3
KNA,kna-cbi,cbi_fiscal_revenue,2023,XCD,610000000,1,610000000.0,estimate,kna-mof-estimates-2024-v1,"Government of St. Kitts and Nevis, Ministry of Finance",2023-12,1.8,conflict,o-0033ed9a20
KNA,kna-cbi,cbi_fiscal_revenue,2023,XCD,620,million,620000000.0,claim,kna-sknis-pm-cbi-speech-2024-10-17,"St. Kitts and Nevis Information Service (SKNIS), Government of St. Kitts and Nevis",2024-10-17,1.8,conflict,o-c2af9b00e8
KNA,kna-cbi,cbi_fiscal_revenue,2023,XCD,620754504,1,620754504.0,actual,kna-mof-estimates-2025-v1,"Government of St. Kitts and Nevis, Ministry of Finance",2024-12,1.8,conflict,o-ab9a6a22f7
KNA,kna-cbi,cbi_fiscal_revenue,2023,XCD,621,million,621000000.0,actual,kna-audit-report-2023,St. Kitts and Nevis National Audit Office,2024-12,1.8,conflict,o-8c848a6b8f
KNA,kna-cbi,cbi_fiscal_revenue,2024,XCD,244157349,1,244157349.0,actual,kna-mof-estimates-2026-v1,"Government of St. Kitts and Nevis, Ministry of Finance",2025-12,20.2,revision,o-626f8919a1
KNA,kna-cbi,cbi_fiscal_revenue,2024,XCD,305838741,1,305838741.0,estimate,kna-mof-estimates-2025-v1,"Government of St. Kitts and Nevis, Ministry of Finance",2024-12,20.2,revision,o-089eb6eca9
KNA,kna-cbi,cbi_fiscal_revenue,2024,XCD,540000000,1,540000000.0,budget,kna-mof-estimates-2025-v1,"Government of St. Kitts and Nevis, Ministry of Finance",2024-12,20.2,revision,o-436cef5a8c
KNA,kna-cbi,cbi_fiscal_revenue,2025,XCD,124468926,1,124468926.0,estimate,kna-mof-estimates-2026-v1,"Government of St. Kitts and Nevis, Ministry of Finance",2025-12,74.9,vintage,o-5d38b3b392
KNA,kna-cbi,cbi_fiscal_revenue,2025,XCD,495000000,1,495000000.0,budget,kna-mof-estimates-2026-v1,"Government of St. Kitts and Nevis, Ministry of Finance",2025-12,74.9,vintage,o-4f4d5a4f58
KNA,kna-cbi,cbi_fiscal_revenue_pct_gdp,2015,percent_of_gdp,11.6,1,11.6,estimate,kna-imf-pr-2018,International Monetary Fund,2022-11-21,6.5,revision,o-c6de4bc97e
KNA,kna-cbi,cbi_fiscal_revenue_pct_gdp,2015,percent_of_gdp,12.4,1,12.4,estimate,kna-imf-pr-2017,International Monetary Fund,2017-07-05,6.5,revision,o-8884ae579f
KNA,kna-cbi,cbi_fiscal_revenue_pct_gdp,2016,percent_of_gdp,6.8,1,6.8,estimate,kna-imf-pr-2018,International Monetary Fund,2022-11-21,5.6,revision,o-504bbb5bf7
KNA,kna-cbi,cbi_fiscal_revenue_pct_gdp,2016,percent_of_gdp,7.2,1,7.2,estimate,kna-imf-pr-2017,International Monetary Fund,2017-07-05,5.6,revision,o-1313ac110e
KNA,kna-cbi,cbi_fiscal_revenue_pct_gdp,2017,percent_of_gdp,3.9,1,3.9,projection,kna-imf-pr-2017,International Monetary Fund,2017-07-05,31.6,vintage,o-53184d1054
KNA,kna-cbi,cbi_fiscal_revenue_pct_gdp,2017,percent_of_gdp,5.7,1,5.7,estimate,kna-imf-pr-2018,International Monetary Fund,2022-11-21,31.6,vintage,o-d8837c675c
KNA,kna-cbi,cbi_fiscal_revenue_pct_gdp,2018,percent_of_gdp,3.7,1,3.7,projection,kna-imf-pr-2017,International Monetary Fund,2017-07-05,74.1,vintage,o-033f3ad97d
KNA,kna-cbi,cbi_fiscal_revenue_pct_gdp,2018,percent_of_gdp,7.4,1,7.4,projection,kna-imf-pr-2018,International Monetary Fund,2022-11-21,74.1,vintage,o-aa3eb5a17b
KNA,kna-cbi,cbi_fiscal_revenue_pct_gdp,2018,percent_of_gdp,14.3,1,14.3,estimate,kna-imf-pr-2021,International Monetary Fund,2021-10-30,74.1,vintage,o-6a8dfe9f48
KNA,kna-cbi,cbi_fiscal_revenue_pct_gdp,2019,percent_of_gdp,1.8,1,1.8,projection,kna-imf-pr-2017,International Monetary Fund,2017-07-05,4.7,revision,o-49d7c77973
KNA,kna-cbi,cbi_fiscal_revenue_pct_gdp,2019,percent_of_gdp,14.1,1,14.1,estimate,kna-imf-pr-2021,International Monetary Fund,2021-10-30,4.7,revision,o-8158f86529
KNA,kna-cbi,cbi_fiscal_revenue_pct_gdp,2019,percent_of_gdp,14.8,1,14.8,estimate,kna-imf-art4-2023,International Monetary Fund,2023-03,4.7,revision,o-471ef33c7c
KNA,kna-cbi,cbi_fiscal_revenue_pct_gdp,2019,percent_of_gdp,14.8,1,14.8,estimate,kna-imf-art4-2025,International Monetary Fund,2025-05,4.7,revision,o-2638b0240f
KNA,kna-cbi,cbi_fiscal_revenue_pct_gdp,2019,percent_of_gdp,14.8,1,14.8,estimate,kna-imf-pr-2024,International Monetary Fund,2024-05-15,4.7,revision,o-d0a3f9b0df
KNA,kna-cbi,cbi_fiscal_revenue_pct_gdp,2020,percent_of_gdp,9.8,1,9.8,estimate,kna-imf-pr-2021,International Monetary Fund,2021-10-30,13.3,revision,o-d5e05f0bad
KNA,kna-cbi,cbi_fiscal_revenue_pct_gdp,2020,percent_of_gdp,11.3,1,11.3,estimate,kna-imf-art4-2023,International Monetary Fund,2023-03,13.3,revision,o-21866ef513
KNA,kna-cbi,cbi_fiscal_revenue_pct_gdp,2020,percent_of_gdp,11.3,1,11.3,estimate,kna-imf-art4-2025,International Monetary Fund,2025-05,13.3,revision,o-8128bd00b3
KNA,kna-cbi,cbi_fiscal_revenue_pct_gdp,2020,percent_of_gdp,11.3,1,11.3,estimate,kna-imf-pr-2024,International Monetary Fund,2024-05-15,13.3,revision,o-75acedd97e
KNA,kna-cbi,cbi_fiscal_revenue_pct_gdp,2021,percent_of_gdp,13.3,1,13.3,projection,kna-imf-pr-2021,International Monetary Fund,2021-10-30,2.1,revision,o-9404ae7cb1
KNA,kna-cbi,cbi_fiscal_revenue_pct_gdp,2021,percent_of_gdp,23.3,1,23.3,estimate,kna-imf-art4-2023,International Monetary Fund,2023-03,2.1,revision,o-e9be74368e
KNA,kna-cbi,cbi_fiscal_revenue_pct_gdp,2021,percent_of_gdp,23.4,1,23.4,estimate,kna-imf-art4-2025,International Monetary Fund,2025-05,2.1,revision,o-27c5a3b011
KNA,kna-cbi,cbi_fiscal_revenue_pct_gdp,2021,percent_of_gdp,23.4,1,23.4,estimate,kna-imf-pr-2024,International Monetary Fund,2024-05-15,2.1,revision,o-dc4318a4a5
KNA,kna-cbi,cbi_fiscal_revenue_pct_gdp,2021,percent_of_gdp,23.8,1,23.8,estimate,kna-imf-pr-2026,International Monetary Fund,2026-05-07,2.1,revision,o-b90156f61b
KNA,kna-cbi,cbi_fiscal_revenue_pct_gdp,2022,percent_of_gdp,25.3,1,25.3,estimate,kna-imf-art4-2025,International Monetary Fund,2025-05,1.9,revision,o-af7f791b46
KNA,kna-cbi,cbi_fiscal_revenue_pct_gdp,2022,percent_of_gdp,25.5,1,25.5,estimate,kna-imf-pr-2024,International Monetary Fund,2024-05-15,1.9,revision,o-b19e7884d4
KNA,kna-cbi,cbi_fiscal_revenue_pct_gdp,2022,percent_of_gdp,25.8,1,25.8,estimate,kna-imf-art4-2023,International Monetary Fund,2023-03,1.9,revision,o-ff1c94fd07
KNA,kna-cbi,cbi_fiscal_revenue_pct_gdp,2022,percent_of_gdp,25.8,1,25.8,estimate,kna-imf-pr-2026,International Monetary Fund,2026-05-07,1.9,revision,o-f79a3bc5ce
KNA,kna-cbi,cbi_fiscal_revenue_pct_gdp,2023,percent_of_gdp,19.0,1,19.0,projection,kna-imf-art4-2023,International Monetary Fund,2023-03,3.2,revision,o-1b80c12da5
KNA,kna-cbi,cbi_fiscal_revenue_pct_gdp,2023,percent_of_gdp,21.5,1,21.5,estimate,kna-imf-pr-2024,International Monetary Fund,2024-05-15,3.2,revision,o-e2195ace55
KNA,kna-cbi,cbi_fiscal_revenue_pct_gdp,2023,percent_of_gdp,21.7,1,21.7,estimate,kna-imf-art4-2025,International Monetary Fund,2025-05,3.2,revision,o-cfbfdef1a4
KNA,kna-cbi,cbi_fiscal_revenue_pct_gdp,2023,percent_of_gdp,22.2,1,22.2,estimate,kna-imf-pr-2026,International Monetary Fund,2026-05-07,3.2,revision,o-122c6304fb
KNA,kna-cbi,cbi_fiscal_revenue_pct_gdp,2024,percent_of_gdp,8.1,1,8.1,estimate,kna-imf-art4-2025,International Monetary Fund,2025-05,5.8,revision,o-a003977f61
KNA,kna-cbi,cbi_fiscal_revenue_pct_gdp,2024,percent_of_gdp,8.6,1,8.6,estimate,kna-imf-pr-2026,International Monetary Fund,2026-05-07,5.8,revision,o-88a6dfee0c
KNA,kna-cbi,cbi_fiscal_revenue_pct_gdp,2024,percent_of_gdp,18.0,1,18.0,projection,kna-imf-pr-2024,International Monetary Fund,2024-05-15,5.8,revision,o-361880e0fa
KNA,kna-cbi,cbi_fiscal_revenue_pct_gdp,2025,percent_of_gdp,5.3,1,5.3,estimate,kna-imf-pr-2026,International Monetary Fund,2026-05-07,66.9,vintage,o-8281a524e5
KNA,kna-cbi,cbi_fiscal_revenue_pct_gdp,2025,percent_of_gdp,9.0,1,9.0,projection,kna-imf-art4-2025,International Monetary Fund,2025-05,66.9,vintage,o-0929d320aa
KNA,kna-cbi,cbi_fiscal_revenue_pct_gdp,2025,percent_of_gdp,16,1,16.0,budget,kna-imf-art4-2025,International Monetary Fund,2025-05,66.9,vintage,o-63eca6b3a7
KNA,kna-cbi,cbi_fiscal_revenue_pct_gdp,2025,percent_of_gdp,16.0,1,16.0,projection,kna-imf-pr-2024,International Monetary Fund,2024-05-15,66.9,vintage,o-43d7391692
KNA,kna-cbi,cbi_fiscal_revenue_pct_revenue,2021,percent,54.9,1,54.9,provisional,kna-mof-budget-address-2023,"Government of St. Kitts and Nevis, Ministry of Finance",2022-12,3.7,conflict,o-8219163366
KNA,kna-cbi,cbi_fiscal_revenue_pct_revenue,2021,percent,57,1,57.0,actual,kna-audit-report-2021,St. Kitts and Nevis National Audit Office,2022-12,3.7,conflict,o-328dd2acc9
KNA,kna-cbi,ndf_assets_pct_gdp,2013,percent_of_gdp,24,1,24.0,estimate,intl-imf-wp-15-93,International Monetary Fund,2015-05,4.0,same_source,o-633c7ab4c7
KNA,kna-cbi,ndf_assets_pct_gdp,2013,percent_of_gdp,25,1,25.0,estimate,intl-imf-wp-15-93,International Monetary Fund,2015-05,4.0,same_source,o-da2d719173
LCA,lca-cbi,applications_received,FY2020/21,applications,383,1,383.0,actual,lca-ciu-ar-2023-24,"Citizenship by Investment Unit (CIU), Saint Lucia",2025,6.1,revision,o-469390b784
LCA,lca-cbi,applications_received,FY2020/21,applications,383,1,383.0,actual,lca-ciu-ar-2024-25,"Citizenship by Investment Unit (CIU), Saint Lucia",2026,6.1,revision,o-51ca9000fb
LCA,lca-cbi,applications_received,FY2020/21,applications,408,1,408.0,actual,lca-ciu-ar-2020-21,"Citizenship by Investment Unit (CIU), Saint Lucia",2021,6.1,revision,o-f51df7c2b2
LCA,lca-cbi,applications_rejected,2024,applications,81,1,81.0,reported,intl-ec-com-2024-571,European Commission,2024-12-06,64.3,revision,o-3c26e71d73
LCA,lca-cbi,applications_rejected,2024,applications,227,1,227.0,reported,intl-ec-swd-2025-429,European Commission,2025-12-19,64.3,revision,o-0e5394a13a
LCA,lca-cbi,applications_rejected,FY2021/22,applications,9,1,9.0,actual,lca-ciu-ar-2024-25,"Citizenship by Investment Unit (CIU), Saint Lucia",2026,10.0,revision,o-b38bc28eca
LCA,lca-cbi,applications_rejected,FY2021/22,applications,10,1,10.0,actual,lca-ciu-ar-2021-22,"Citizenship by Investment Unit (CIU), Saint Lucia",2022,10.0,revision,o-63fbc2f73e
LCA,lca-cbi,applications_rejected,FY2022/23,applications,6,1,6.0,actual,lca-ciu-ar-2024-25,"Citizenship by Investment Unit (CIU), Saint Lucia",2026,25.0,revision,o-d20c47d47c
LCA,lca-cbi,applications_rejected,FY2022/23,applications,8,1,8.0,actual,lca-ciu-ar-2022-23,"Citizenship by Investment Unit (CIU), Saint Lucia",2023-08,25.0,revision,o-9c5975cbe7
LCA,lca-cbi,cbi_bond_purchases,FY2022/23,XCD,42295519,1,42295519.0,actual,lca-ciu-ar-2022-23,"Citizenship by Investment Unit (CIU), Saint Lucia",2023-08,11.3,same_source,o-7eeb302e24
LCA,lca-cbi,cbi_bond_purchases,FY2022/23,XCD,47695500,1,47695500.0,actual,lca-ciu-ar-2022-23,"Citizenship by Investment Unit (CIU), Saint Lucia",2023-08,11.3,same_source,o-2e7e48c1be
LCA,lca-cbi,cbi_fiscal_revenue,FY2015/16,XCD,0,1,0.0,estimate,lca-mof-estimates-2016-17,"Department of Finance, Government of Saint Lucia",2016-04,100.0,vintage,o-f79ac21319
LCA,lca-cbi,cbi_fiscal_revenue,FY2015/16,XCD,12000000,1,12000000.0,budget,lca-mof-estimates-2016-17,"Department of Finance, Government of Saint Lucia",2016-04,100.0,vintage,o-b9d931e57a
LCA,lca-cbi,cbi_fiscal_revenue,FY2016/17,XCD,3.6,million,3600000.0,estimate,lca-imf-art4-2017,International Monetary Fund,2017-03,39.3,conflict,o-640ac804a9
LCA,lca-cbi,cbi_fiscal_revenue,FY2016/17,XCD,5.9,million,5900000.0,actual,lca-imf-art4-2018,International Monetary Fund,2018-06,39.3,conflict,o-4a37b35ae5
LCA,lca-cbi,cbi_fiscal_revenue,FY2016/17,XCD,5935546,1,5935546.0,estimate,lca-mof-estimates-2017-18,"Department of Finance, Government of Saint Lucia",2017-04,39.3,conflict,o-8c26c09e42
LCA,lca-cbi,cbi_fiscal_revenue,FY2016/17,XCD,5935546,1,5935546.0,actual,lca-mof-estimates-2018-19,"Department of Finance, Government of Saint Lucia",2018-04,39.3,conflict,o-b3f7af154d
LCA,lca-cbi,cbi_fiscal_revenue,FY2016/17,XCD,16.0,million,16000000.0,budget,lca-imf-art4-2017,International Monetary Fund,2017-03,39.3,conflict,o-d389250610
LCA,lca-cbi,cbi_fiscal_revenue,FY2016/17,XCD,24000000,1,24000000.0,budget,lca-mof-estimates-2016-17,"Department of Finance, Government of Saint Lucia",2016-04,39.3,conflict,o-8a1bb82a88
LCA,lca-cbi,cbi_fiscal_revenue,FY2017/18,XCD,16.0,million,16000000.0,projection,lca-imf-art4-2017,International Monetary Fund,2017-03,23.1,conflict,o-9299dbe752
LCA,lca-cbi,cbi_fiscal_revenue,FY2017/18,XCD,21408825,1,21408825.0,estimate,lca-mof-estimates-2018-19,"Department of Finance, Government of Saint Lucia",2018-04,23.1,conflict,o-fee53cb6d6
LCA,lca-cbi,cbi_fiscal_revenue,FY2017/18,XCD,27.8,million,27800000.0,estimate,lca-imf-art4-2018,International Monetary Fund,2018-06,23.1,conflict,o-67c98083a6
LCA,lca-cbi,cbi_fiscal_revenue,FY2017/18,XCD,27.8,million,27800000.0,actual,lca-imf-art4-2019,International Monetary Fund,2020-02,23.1,conflict,o-74b45c4d84
LCA,lca-cbi,cbi_fiscal_revenue,FY2017/18,XCD,27828246,1,27828246.0,actual,lca-mof-estimates-2019-20,"Department of Finance, Government of Saint Lucia",2019-04,23.1,conflict,o-43a29a2d08
LCA,lca-cbi,cbi_fiscal_revenue,FY2017/18,XCD,43.0,million,43000000.0,budget,lca-imf-art4-2018,International Monetary Fund,2018-06,23.1,conflict,o-c519db9c10
LCA,lca-cbi,cbi_fiscal_revenue,FY2017/18,XCD,43011200,1,43011200.0,budget,lca-mof-estimates-2017-18,"Department of Finance, Government of Saint Lucia",2017-04,23.1,conflict,o-3268f39c97
LCA,lca-cbi,cbi_fiscal_revenue,FY2018/19,XCD,29.0,million,29000000.0,projection,lca-imf-art4-2018,International Monetary Fund,2018-06,0.9,conflict,o-f60a1c6bd0
LCA,lca-cbi,cbi_fiscal_revenue,FY2018/19,XCD,29032560,1,29032560.0,budget,lca-mof-estimates-2018-19,"Department of Finance, Government of Saint Lucia",2018-04,0.9,conflict,o-2a471cd01e
LCA,lca-cbi,cbi_fiscal_revenue,FY2018/19,XCD,66373417,1,66373417.0,estimate,lca-mof-estimates-2019-20,"Department of Finance, Government of Saint Lucia",2019-04,0.9,conflict,o-8239c8a1dd
LCA,lca-cbi,cbi_fiscal_revenue,FY2018/19,XCD,67.0,million,67000000.0,actual,lca-imf-art4-2019,International Monetary Fund,2020-02,0.9,conflict,o-1e94f0c096
LCA,lca-cbi,cbi_fiscal_revenue,FY2018/19,XCD,67000716,1,67000716.0,actual,lca-mof-estimates-2020-21,"Department of Finance, Government of Saint Lucia",2020-04,0.9,conflict,o-71c13db400
LCA,lca-cbi,cbi_fiscal_revenue,FY2019/20,XCD,4.4,million,4400000.0,actual,lca-imf-art4-2022,International Monetary Fund,2022-11,85.5,conflict,o-31087cd8b9
LCA,lca-cbi,cbi_fiscal_revenue,FY2019/20,XCD,28107819,1,28107819.0,estimate,lca-mof-estimates-2020-21,"Department of Finance, Government of Saint Lucia",2020-04,85.5,conflict,o-c7e134f470
LCA,lca-cbi,cbi_fiscal_revenue,FY2019/20,XCD,28107819,1,28107819.0,actual,lca-mof-estimates-2021-22,"Department of Finance, Government of Saint Lucia",2021-04,85.5,conflict,o-6201842f8d
LCA,lca-cbi,cbi_fiscal_revenue,FY2019/20,XCD,30.4,million,30400000.0,estimate,lca-imf-rcf-2020,International Monetary Fund,2020-05,85.5,conflict,o-34b8cad3e7
LCA,lca-cbi,cbi_fiscal_revenue,FY2019/20,XCD,33.5,million,33500000.0,projection,lca-imf-art4-2019,International Monetary Fund,2020-02,85.5,conflict,o-9b110627a2
LCA,lca-cbi,cbi_fiscal_revenue,FY2019/20,XCD,65549069,1,65549069.0,budget,lca-mof-estimates-2019-20,"Department of Finance, Government of Saint Lucia",2019-04,85.5,conflict,o-1b40f4be54
LCA,lca-cbi,cbi_fiscal_revenue,FY2020/21,XCD,0,1,0.0,budget,lca-mof-estimates-2020-21,"Department of Finance, Government of Saint Lucia",2020-04,100.0,vintage,o-e7bb911a3d
LCA,lca-cbi,cbi_fiscal_revenue,FY2020/21,XCD,22.7,million,22700000.0,actual,lca-imf-art4-2022,International Monetary Fund,2022-11,100.0,vintage,o-63dda6c317
LCA,lca-cbi,cbi_fiscal_revenue,FY2020/21,XCD,25.0,million,25000000.0,projection,lca-imf-rcf-2020,International Monetary Fund,2020-05,100.0,vintage,o-226a6a03d3
LCA,lca-cbi,cbi_fiscal_revenue,FY2022/23,XCD,32.5,million,32500000.0,projection,lca-imf-art4-2022,International Monetary Fund,2022-11,50.0,vintage,o-bf11165eb6
LCA,lca-cbi,cbi_fiscal_revenue,FY2022/23,XCD,65.0,million,65000000.0,estimate,lca-imf-art4-2023,International Monetary Fund,2024-03,50.0,vintage,o-e89fb18b67
LCA,lca-cbi,cbi_transfers_to_government,2016-2021,XCD,160901673.36,1,160901673.36,actual,lca-ciu-ar-2020-21,"Citizenship by Investment Unit (CIU), Saint Lucia",2021,14.2,same_source,o-5ebed2a385
LCA,lca-cbi,cbi_transfers_to_government,2016-2021,XCD,187568616,1,187568616.0,actual,lca-ciu-ar-2020-21,"Citizenship by Investment Unit (CIU), Saint Lucia",2021,14.2,same_source,o-90edb4a6c8
LCA,lca-cbi,cbi_transfers_to_government,FY2017/18,XCD,27828246,1,27828246.0,actual,lca-ciu-ar-2017-18,"Citizenship by Investment Unit (CIU), Saint Lucia",2018,35.3,vintage,o-1c0963998b
LCA,lca-cbi,cbi_transfers_to_government,FY2017/18,XCD,43011200,1,43011200.0,budget,lca-ciu-ar-2017-18,"Citizenship by Investment Unit (CIU), Saint Lucia",2018,35.3,vintage,o-3cca5ef4b5
LCA,lca-cbi,cbi_transfers_to_government,FY2023/24,XCD,58619887,1,58619887.0,actual,lca-ciu-ar-2023-24,"Citizenship by Investment Unit (CIU), Saint Lucia",2025,8.6,same_source,o-5784c86ceb
LCA,lca-cbi,cbi_transfers_to_government,FY2023/24,XCD,64108843,1,64108843.0,actual,lca-ciu-ar-2023-24,"Citizenship by Investment Unit (CIU), Saint Lucia",2025,8.6,same_source,o-f64fba28e1
LCA,lca-cbi,cbi_transfers_to_government,FY2024/25,XCD,86150190,1,86150190.0,actual,lca-ciu-ar-2024-25,"Citizenship by Investment Unit (CIU), Saint Lucia",2026,39.2,same_source,o-6eb79d2e1a
LCA,lca-cbi,cbi_transfers_to_government,FY2024/25,XCD,141.8,million,141800000.0,actual,lca-ciu-ar-2024-25,"Citizenship by Investment Unit (CIU), Saint Lucia",2026,39.2,same_source,o-983e1e3b5b
LCA,lca-cbi,cbi_transfers_to_government,FY2024/25,XCD,141.8,million,141800000.0,reported,lca-slutimes-2026-08,St. Lucia Times,2026-08-07,39.2,same_source,o-d35ee017dd
LCA,lca-cbi,cbi_transfers_to_government [category=cip_unit_surplus],FY2020/21,XCD,7758308,1,7758308.0,estimate,lca-mof-estimates-2021-22,"Department of Finance, Government of Saint Lucia",2021-04,53.8,revision,o-c066a6586c
LCA,lca-cbi,cbi_transfers_to_government [category=cip_unit_surplus],FY2020/21,XCD,16804926,1,16804926.0,actual,lca-mof-estimates-2022-23,"Department of Finance, Government of Saint Lucia",2022-04,53.8,revision,o-09acba0aa0
LCA,lca-cbi,cbi_transfers_to_government [category=nef_contribution],FY2021/22,XCD,35000000,1,35000000.0,budget,lca-mof-estimates-2022-23,"Department of Finance, Government of Saint Lucia",2022-04,1.4,vintage,o-a2b8216135
LCA,lca-cbi,cbi_transfers_to_government [category=nef_contribution],FY2021/22,XCD,35500000,1,35500000.0,estimate,lca-mof-estimates-2022-23,"Department of Finance, Government of Saint Lucia",2022-04,1.4,vintage,o-39ece03d41
LCA,lca-cbi,cbi_transfers_to_government [category=nef_contribution],FY2022/23,XCD,2661825,1,2661825.0,actual,lca-mof-estimates-2024-25,"Department of Finance, Government of Saint Lucia",2024-04,95.9,vintage,o-ad421eec2a
LCA,lca-cbi,cbi_transfers_to_government [category=nef_contribution],FY2022/23,XCD,65000000,1,65000000.0,budget,lca-mof-estimates-2022-23,"Department of Finance, Government of Saint Lucia",2022-04,95.9,vintage,o-a19248c1d6
LCA,lca-cbi,cbi_unit_revenue,FY2017/18,XCD,18621151,1,18621151.0,actual,lca-ciu-ar-2018-19,"Citizenship by Investment Unit (CIU), Saint Lucia",2019,18.5,revision,o-3ed95b9b05
LCA,lca-cbi,cbi_unit_revenue,FY2017/18,XCD,22858260,1,22858260.0,actual,lca-ciu-ar-2017-18,"Citizenship by Investment Unit (CIU), Saint Lucia",2018,18.5,revision,o-879889e072
MLT,mlt-mec,cbi_to_development_fund,2024,EUR,91392000,1,91392000.0,actual,mlt-orgcem-ar-2024,Office of the Regulator (Malta),2026-04,2.3,conflict,o-7d17947da8
MLT,mlt-mec,cbi_to_development_fund,2024,EUR,93577700,1,93577700.0,actual,mlt-ndsf-ar-2025,National Development and Social Fund (Malta),2026-09,2.3,conflict,o-406863c9c4
MNE,mne-cbi,applications_received,2019-2022,applications,556,1,556.0,reported,mne-ec-report-2023,European Commission,2023-11-08,50.0,conflict,o-5735176102
MNE,mne-cbi,applications_received,2019-2022,applications,1113,1,1113.0,reported,mne-mediterannews-2026-09-11,MediteranNews,2026-09-11,50.0,conflict,o-9f4399fce9
MNE,mne-cbi,cbi_transfers_to_government,2023-01-13,EUR,32999849,1,32999849.0,reported,mne-vijesti-2026-06-20,Forbes Crna Gora (Vijesti),2026-06-20,0.0,conflict,o-5d59355856
MNE,mne-cbi,cbi_transfers_to_government,2023-01-13,EUR,32999849.80,1,32999849.8,actual,mne-mirn-info-cbi-2026-09,"Ministarstvo regionalno-investicionog razvoja i saradnje sa nevladinim organizacijama (Government of Montenegro), data from the Investment Agency of Montenegro",2026,0.0,conflict,o-9d4cf6e072
MYS,mys-mm2h,applications_approved,2002-2018-11,applications,43466,1,43466.0,actual,mys-parl-pq-lisan22-2019,"Dewan Rakyat, Parlimen Malaysia (jawapan Menteri Pelancongan, Seni dan Budaya)",2019-10-23,1.1,same_source,o-7661158735
MYS,mys-mm2h,applications_approved,2002-2018-11,applications,43943,1,43943.0,actual,mys-parl-pq-lisan22-2019,"Dewan Rakyat, Parlimen Malaysia (jawapan Menteri Pelancongan, Seni dan Budaya)",2019-10-23,1.1,same_source,o-3169980afb
NRU,nru-ecrcp,cbi_fiscal_revenue,FY2024/25,AUD,0.24,million,240000.0,provisional,nru-imf-art4-2025,International Monetary Fund,2025-09-22,97.3,vintage,o-c2c5183c1f
NRU,nru-ecrcp,cbi_fiscal_revenue,FY2024/25,AUD,240000,1,240000.0,provisional,nru-mof-bp1-2025,"Government of Nauru, Department of Finance and Sustainable Development",2025-08-29,97.3,vintage,o-24eab84514
NRU,nru-ecrcp,cbi_fiscal_revenue,FY2024/25,AUD,9000000,1,9000000.0,budget,nru-mof-bp1-2025,"Government of Nauru, Department of Finance and Sustainable Development",2025-08-29,97.3,vintage,o-c74b52dc17
NRU,nru-ecrcp,cbi_fiscal_revenue,FY2025/26,AUD,3.4,million,3400000.0,provisional,nru-mof-bp1-2026,"Government of Nauru, Department of Finance and Sustainable Development",2026-07-20,62.2,same_source,o-4e24fbed9f
NRU,nru-ecrcp,cbi_fiscal_revenue,FY2025/26,AUD,3.7,million,3700000.0,claim,nru-parl-approp-speech-2026,"Government of Nauru, Department of Finance and Sustainable Development",2026-07-20,62.2,same_source,o-8f97846c40
NRU,nru-ecrcp,cbi_fiscal_revenue,FY2025/26,AUD,3740599,1,3740599.0,provisional,nru-mof-bp1-2026,"Government of Nauru, Department of Finance and Sustainable Development",2026-07-20,62.2,same_source,o-94c480e1f9
NRU,nru-ecrcp,cbi_fiscal_revenue,FY2025/26,AUD,9000000,1,9000000.0,budget,nru-mof-bp1-2025,"Government of Nauru, Department of Finance and Sustainable Development",2025-08-29,62.2,same_source,o-34737f98e1
PAN,pan-qualified-investor,investment_certificates_issued,2020-10/2023-07,investors,207,1,207.0,provisional,pan-mici-press-2023-07-03,"Ministerio de Comercio e Industrias (MICI), Panamá",2023-07-03,4.2,revision,o-f7ddbf54b9
PAN,pan-qualified-investor,investment_certificates_issued,2020-10/2023-07,investors,216,1,216.0,provisional,pan-mici-press-2023-08-02,"Ministerio de Comercio e Industrias (MICI), Panamá",2023-08-02,4.2,revision,o-2faf3e126d
PAN,pan-qualified-investor,investment_certificates_issued,2024-07/2024-12,investors,120,1,120.0,provisional,pan-mici-press-2025-01-23,"Ministerio de Comercio e Industrias (MICI), Panamá",2025-01-23,9.1,revision,o-88da900d16
PAN,pan-qualified-investor,investment_certificates_issued,2024-07/2024-12,investors,132,1,132.0,provisional,pan-mici-press-2025-02-26,"Ministerio de Comercio e Industrias (MICI), Panamá",2025-02-26,9.1,revision,o-31a42fea6c
PAN,pan-qualified-investor,rbi_investment_total,2020-10/2023-07,PAB,115.6,million,115600000.0,provisional,pan-mici-press-2023-07-03,"Ministerio de Comercio e Industrias (MICI), Panamá",2023-07-03,3.7,revision,o-d03224048f
PAN,pan-qualified-investor,rbi_investment_total,2020-10/2023-07,PAB,120,million,120000000.0,claim,pan-mici-press-2023-08-02,"Ministerio de Comercio e Industrias (MICI), Panamá",2023-08-02,3.7,revision,o-6a702957f2
PHL,phl-srrv,residence_permits_issued [nationality=CHN],2025,persons,1237,1,1237.0,actual,phl-coa-pra-aar-2025,"Commission on Audit (COA), Republic of the Philippines",2026,0.9,conflict,o-4e49575392
PHL,phl-srrv,residence_permits_issued [nationality=CHN],2025,persons,1248,1,1248.0,actual,phl-pra-ar-2025,Philippine Retirement Authority (PRA),2026,0.9,conflict,o-88a94de175
PHL,phl-srrv,residence_permits_issued [nationality=IND],2025,persons,339,1,339.0,actual,phl-coa-pra-aar-2025,"Commission on Audit (COA), Republic of the Philippines",2026,0.3,conflict,o-f2e501c09f
PHL,phl-srrv,residence_permits_issued [nationality=IND],2025,persons,340,1,340.0,actual,phl-pra-ar-2025,Philippine Retirement Authority (PRA),2026,0.3,conflict,o-05c4248206
PHL,phl-srrv,residence_permits_issued [nationality=USA],2025,persons,772,1,772.0,actual,phl-coa-pra-aar-2025,"Commission on Audit (COA), Republic of the Philippines",2026,1.4,conflict,o-4512a7a23a
PHL,phl-srrv,residence_permits_issued [nationality=USA],2025,persons,783,1,783.0,actual,phl-pra-ar-2025,Philippine Retirement Authority (PRA),2026,1.4,conflict,o-dd819744ad
PRT,prt-golden-visa,dependants_approved,2013,persons,563,1,563.0,actual,prt-sef-rifa-2013,Serviço de Estrangeiros e Fronteiras (SEF),2014,2.3,revision,o-c9683b194f
PRT,prt-golden-visa,dependants_approved,2013,persons,576,1,576.0,actual,prt-sef-ari-map-2012-2013,Serviço de Estrangeiros e Fronteiras (SEF),2014,2.3,revision,o-5338f7145f
PRT,prt-golden-visa,main_applicants_approved,2013,persons,476,1,476.0,actual,prt-sef-rifa-2013,Serviço de Estrangeiros e Fronteiras (SEF),2014,3.6,revision,o-216c826b75
PRT,prt-golden-visa,main_applicants_approved,2013,persons,494,1,494.0,actual,prt-sef-ari-map-2012-2013,Serviço de Estrangeiros e Fronteiras (SEF),2014,3.6,revision,o-088bc5096a
PRT,prt-golden-visa,main_applicants_approved [route=real_estate],2013,persons,446,1,446.0,actual,prt-sef-rifa-2013,Serviço de Estrangeiros e Fronteiras (SEF),2014,3.9,revision,o-02f8ec3ef7
PRT,prt-golden-visa,main_applicants_approved [route=real_estate],2013,persons,464,1,464.0,actual,prt-sef-ari-map-2012-2013,Serviço de Estrangeiros e Fronteiras (SEF),2014,3.9,revision,o-7c7d5b62ac
PRT,prt-golden-visa,rbi_investment_total,2012-10/2023-09,EUR,6451,million,6451000000.0,reported,prt-eco-gv-record-2026,ECO,2026-09-25,11.9,conflict,o-3acb79ae70
PRT,prt-golden-visa,rbi_investment_total,2012-10/2023-09,EUR,7318438201.77,1,7318438201.77,actual,prt-sef-ari-map-2012-2023-09,Serviço de Estrangeiros e Fronteiras (SEF),2023-10,11.9,conflict,o-3d8e2e13e5
PRT,prt-golden-visa,rbi_investment_total,2013,EUR,304002774.99,1,304002774.99,actual,prt-sef-ari-map-2012-2013,Serviço de Estrangeiros e Fronteiras (SEF),2014,0.2,revision,o-70a8c7243c
PRT,prt-golden-visa,rbi_investment_total,2013,EUR,304588774.99,1,304588774.99,actual,prt-sef-rifa-2013,Serviço de Estrangeiros e Fronteiras (SEF),2014,0.2,revision,o-f9995ae042
PRT,prt-golden-visa,rbi_investment_total [route=real_estate],2013,EUR,269775097.81,1,269775097.81,actual,prt-sef-ari-map-2012-2013,Serviço de Estrangeiros e Fronteiras (SEF),2014,0.2,revision,o-d4f1b39044
PRT,prt-golden-visa,rbi_investment_total [route=real_estate],2013,EUR,270361097.81,1,270361097.81,actual,prt-sef-rifa-2013,Serviço de Estrangeiros e Fronteiras (SEF),2014,0.2,revision,o-133478ef7d
SGP,sgp-gip,rbi_jobs_created,2011-2022,jobs,24000,1,24000.0,estimate,sgp-parl-oa-gip-2023,Parliament of Singapore (Official Report / Hansard),2023-02-23,2.8,conflict,o-96bf846137
SGP,sgp-gip,rbi_jobs_created,2011-2022,jobs,24699,1,24699.0,actual,sgp-edb-gip-mr-2023,Singapore Economic Development Board (EDB),2023-03-02,2.8,conflict,o-b3bdec04bd
USA,usa-eb5,applications_received,FY2010,applications,1953,1,1953.0,actual,usa-uscis-data-i526-fy2020q1,"U.S. Citizenship and Immigration Services (USCIS), Office of Performance and Quality",2020,0.1,revision,o-3748a8f566
USA,usa-eb5,applications_received,FY2010,applications,1955,1,1955.0,actual,usa-uscis-data-i526-i829-fy1991-2013,"U.S. Citizenship and Immigration Services (USCIS), Office of Performance and Quality",2013-08-14,0.1,revision,o-a0a4a02684
USA,usa-eb5,applications_received,FY2018,applications,6424,1,6424.0,actual,usa-uscis-data-i526-fy2020q1,"U.S. Citizenship and Immigration Services (USCIS), Office of Performance and Quality",2020,3.0,conflict,o-f8b2e524fd
USA,usa-eb5,applications_received,FY2018,applications,6626,1,6626.0,actual,usa-fr-eb5-integrity-nprm-2026,Department of Homeland Security (Federal Register),2026-07-02,3.0,conflict,o-fc13514fe4
USA,usa-eb5,applications_received,FY2019,applications,4007,1,4007.0,actual,usa-fr-eb5-integrity-nprm-2026,Department of Homeland Security (Federal Register),2026-07-02,4.5,conflict,o-f627b8d746
USA,usa-eb5,applications_received,FY2019,applications,4194,1,4194.0,actual,usa-uscis-data-i526-fy2020q1,"U.S. Citizenship and Immigration Services (USCIS), Office of Performance and Quality",2020,4.5,conflict,o-e61bc09039
USA,usa-eb5,applications_received,FY2020,applications,4062,1,4062.0,actual,usa-fr-eb5-integrity-nprm-2026,Department of Homeland Security (Federal Register),2026-07-02,7.2,conflict,o-d80044857b
USA,usa-eb5,applications_received,FY2020,applications,4378,1,4378.0,actual,usa-uscis-data-allforms-fy2020q4,"U.S. Citizenship and Immigration Services (USCIS), Office of Performance and Quality",2021-01,7.2,conflict,o-222230acde
USA,usa-eb5,applications_received,FY2021,applications,794,1,794.0,actual,usa-fr-eb5-integrity-nprm-2026,Department of Homeland Security (Federal Register),2026-07-02,2.5,conflict,o-31a84673de
USA,usa-eb5,applications_received,FY2021,applications,814,1,814.0,actual,usa-uscis-data-allforms-fy2021q4,"U.S. Citizenship and Immigration Services (USCIS), Office of Performance and Quality",2022-01,2.5,conflict,o-100890e722
USA,usa-eb5,applications_received,FY2022,applications,654,1,654.0,actual,usa-fr-eb5-integrity-nprm-2026,Department of Homeland Security (Federal Register),2026-07-02,21.1,conflict,o-77eb1de815
USA,usa-eb5,applications_received,FY2022,applications,829,1,829.0,actual,usa-uscis-data-allforms-fy2022q4,"U.S. Citizenship and Immigration Services (USCIS), Office of Performance and Quality",2022-12,21.1,conflict,o-5a529d1cd7
USA,usa-eb5,applications_received [form=I-526E],FY2023,applications,2431,1,2431.0,actual,usa-uscis-data-allforms-fy2023q4,"U.S. Citizenship and Immigration Services (USCIS), Office of Performance and Quality",2023-12,0.0,revision,o-ec13de3e60
USA,usa-eb5,applications_received [form=I-526E],FY2023,applications,2432,1,2432.0,actual,usa-uscis-data-i526-cob-fy2022-2024,"U.S. Citizenship and Immigration Services (USCIS), Office of Performance and Quality",2025-10,0.0,revision,o-c858671d4c
USA,usa-eb5,applications_received [form=I-526E],FY2024,applications,4567,1,4567.0,actual,usa-uscis-data-allforms-fy2024q4,"U.S. Citizenship and Immigration Services (USCIS), Office of Performance and Quality",2024-12,1.1,revision,o-b2a12316ff
USA,usa-eb5,applications_received [form=I-526E],FY2024,applications,4620,1,4620.0,actual,usa-uscis-data-i526-cob-fy2022-2024,"U.S. Citizenship and Immigration Services (USCIS), Office of Performance and Quality",2025-10,1.1,revision,o-b724895dcb
USA,usa-eb5,applications_received [form=I-526],FY2024,applications,281,1,281.0,actual,usa-uscis-data-allforms-fy2024q4,"U.S. Citizenship and Immigration Services (USCIS), Office of Performance and Quality",2024-12,0.4,revision,o-20f51fd3e0
USA,usa-eb5,applications_received [form=I-526],FY2024,applications,282,1,282.0,actual,usa-uscis-data-i526-cob-fy2022-2024,"U.S. Citizenship and Immigration Services (USCIS), Office of Performance and Quality",2025-10,0.4,revision,o-ec99093d99
USA,usa-eb5,conditions_removal_petitions_received,FY2018,applications,3283,1,3283.0,actual,usa-uscis-data-i829-fy2020q1,"U.S. Citizenship and Immigration Services (USCIS), Office of Performance and Quality",2020,3.6,conflict,o-0c3a1ceda9
USA,usa-eb5,conditions_removal_petitions_received,FY2018,applications,3407,1,3407.0,actual,usa-fr-eb5-integrity-nprm-2026,Department of Homeland Security (Federal Register),2026-07-02,3.6,conflict,o-9d759defb2
USA,usa-eb5,conditions_removal_petitions_received,FY2019,applications,3756,1,3756.0,actual,usa-uscis-data-i829-fy2020q1,"U.S. Citizenship and Immigration Services (USCIS), Office of Performance and Quality",2020,1.2,conflict,o-31033eab00
USA,usa-eb5,conditions_removal_petitions_received,FY2019,applications,3803,1,3803.0,actual,usa-fr-eb5-integrity-nprm-2026,Department of Homeland Security (Federal Register),2026-07-02,1.2,conflict,o-1deab0ccd1
USA,usa-eb5,conditions_removal_petitions_received,FY2020,applications,3096,1,3096.0,actual,usa-uscis-data-allforms-fy2020q4,"U.S. Citizenship and Immigration Services (USCIS), Office of Performance and Quality",2021-01,4.7,conflict,o-a4610c079a
USA,usa-eb5,conditions_removal_petitions_received,FY2020,applications,3249,1,3249.0,actual,usa-fr-eb5-integrity-nprm-2026,Department of Homeland Security (Federal Register),2026-07-02,4.7,conflict,o-cfdf3dbc6c
USA,usa-eb5,conditions_removal_petitions_received,FY2021,applications,3228,1,3228.0,actual,usa-fr-eb5-integrity-nprm-2026,Department of Homeland Security (Federal Register),2026-07-02,2.2,conflict,o-93ef89c840
USA,usa-eb5,conditions_removal_petitions_received,FY2021,applications,3301,1,3301.0,actual,usa-uscis-data-allforms-fy2021q4,"U.S. Citizenship and Immigration Services (USCIS), Office of Performance and Quality",2022-01,2.2,conflict,o-0f885b9ae5
USA,usa-eb5,conditions_removal_petitions_received,FY2022,applications,1241,1,1241.0,actual,usa-fr-eb5-integrity-nprm-2026,Department of Homeland Security (Federal Register),2026-07-02,2.3,conflict,o-7d9ba6d233
USA,usa-eb5,conditions_removal_petitions_received,FY2022,applications,1270,1,1270.0,actual,usa-uscis-data-allforms-fy2022q4,"U.S. Citizenship and Immigration Services (USCIS), Office of Performance and Quality",2022-12,2.3,conflict,o-dd66680dd2
USA,usa-eb5,conditions_removal_petitions_received,FY2023,applications,1169,1,1169.0,actual,usa-fr-eb5-integrity-nprm-2026,Department of Homeland Security (Federal Register),2026-07-02,0.1,conflict,o-3243d43b59
USA,usa-eb5,conditions_removal_petitions_received,FY2023,applications,1170,1,1170.0,actual,usa-uscis-data-allforms-fy2023q4,"U.S. Citizenship and Immigration Services (USCIS), Office of Performance and Quality",2023-12,0.1,conflict,o-9f85eb9409
USA,usa-eb5,conditions_removal_petitions_received,FY2024,applications,4133,1,4133.0,actual,usa-fr-eb5-integrity-nprm-2026,Department of Homeland Security (Federal Register),2026-07-02,0.5,conflict,o-471c4d9912
USA,usa-eb5,conditions_removal_petitions_received,FY2024,applications,4152,1,4152.0,actual,usa-uscis-data-allforms-fy2024q4,"U.S. Citizenship and Immigration Services (USCIS), Office of Performance and Quality",2024-12,0.5,conflict,o-84f8ba5433
USA,usa-eb5,conditions_removal_petitions_received,FY2025,applications,4394,1,4394.0,actual,usa-fr-eb5-integrity-nprm-2026,Department of Homeland Security (Federal Register),2026-07-02,0.2,conflict,o-514227322e
USA,usa-eb5,conditions_removal_petitions_received,FY2025,applications,4402,1,4402.0,actual,usa-uscis-data-allforms-fy2025q4,"U.S. Citizenship and Immigration Services (USCIS), Office of Performance and Quality",2026-03,0.2,conflict,o-b63e5248c2
USA,usa-eb5,investor_funds_misappropriated,2016-04-14,USD,50,million,50000000.0,claim,usa-sec-pr-2016-69,U.S. Securities and Exchange Commission,2016-04-14,75.0,same_source,o-dbeb5f9426
USA,usa-eb5,investor_funds_misappropriated,2016-04-14,USD,200,million,200000000.0,claim,usa-sec-pr-2016-69,U.S. Securities and Exchange Commission,2016-04-14,75.0,same_source,o-937f191e3f
VUT,vut-cbi,cbi_fiscal_revenue,2017,VUV,2028.5,million,2028500000.0,budget,vut-mfem-monthly-2017-12,"Ministry of Finance and Economic Management, Department of Finance and Treasury",2017-12,41.9,vintage,o-0f22ea0f2b
VUT,vut-cbi,cbi_fiscal_revenue,2017,VUV,3492.9,million,3492900000.0,provisional,vut-mfem-monthly-2017-12,"Ministry of Finance and Economic Management, Department of Finance and Treasury",2017-12,41.9,vintage,o-8762b3b321
VUT,vut-cbi,cbi_fiscal_revenue,2019,VUV,6504.6,million,6504600000.0,budget,vut-mfem-monthly-2019-12,"Ministry of Finance and Economic Management, Department of Finance and Treasury",2019-12,2.9,conflict,o-de82317455
VUT,vut-cbi,cbi_fiscal_revenue,2019,VUV,12191471678,1,12191471678.0,provisional,vut-mfem-coc-revenue-2019,"Ministry of Finance and Economic Management, Department of Finance and Treasury",2020,2.9,conflict,o-9b00abb359
VUT,vut-cbi,cbi_fiscal_revenue,2019,VUV,12558,million,12558000000.0,estimate,vut-imf-art4-2023,International Monetary Fund,2023-03,2.9,conflict,o-b2c194c95f
VUT,vut-cbi,cbi_fiscal_revenue,2019,VUV,12558.3,million,12558300000.0,provisional,vut-mfem-monthly-2019-12,"Ministry of Finance and Economic Management, Department of Finance and Treasury",2019-12,2.9,conflict,o-d6fcbdd2d1
VUT,vut-cbi,cbi_fiscal_revenue,2020,VUV,9120.3,million,9120300000.0,budget,vut-mfem-monthly-2020-12,"Ministry of Finance and Economic Management, Department of Finance and Treasury",2020-12,6.0,conflict,o-a85445c51e
VUT,vut-cbi,cbi_fiscal_revenue,2020,VUV,13491436604,1,13491436604.0,provisional,vut-mfem-ca-revenue-2020,"Ministry of Finance and Economic Management, Department of Finance and Treasury",2020,6.0,conflict,o-627aeb1c58
VUT,vut-cbi,cbi_fiscal_revenue,2020,VUV,14351.8,million,14351800000.0,provisional,vut-mfem-monthly-2020-12,"Ministry of Finance and Economic Management, Department of Finance and Treasury",2020-12,6.0,conflict,o-9823820ed4
VUT,vut-cbi,cbi_fiscal_revenue,2020,VUV,14352,million,14352000000.0,estimate,vut-imf-art4-2023,International Monetary Fund,2023-03,6.0,conflict,o-7446cd7ba4
VUT,vut-cbi,cbi_fiscal_revenue,2020,VUV,14352,million,14352000000.0,estimate,vut-imf-art4-2024,International Monetary Fund,2024-09,6.0,conflict,o-bb72147c31
VUT,vut-cbi,cbi_fiscal_revenue,2021,VUV,11549.4,million,11549400000.0,budget,vut-mfem-monthly-2021-12,"Ministry of Finance and Economic Management, Department of Finance and Treasury",2021-12,9.5,conflict,o-16ce21f756
VUT,vut-cbi,cbi_fiscal_revenue,2021,VUV,11647,million,11647000000.0,estimate,vut-imf-art4-2023,International Monetary Fund,2023-03,9.5,conflict,o-494674a4e9
VUT,vut-cbi,cbi_fiscal_revenue,2021,VUV,11647,million,11647000000.0,estimate,vut-imf-art4-2024,International Monetary Fund,2024-09,9.5,conflict,o-760be282de
VUT,vut-cbi,cbi_fiscal_revenue,2021,VUV,11647,million,11647000000.0,estimate,vut-imf-art4-2025,International Monetary Fund,2025-09,9.5,conflict,o-f738ae97b6
VUT,vut-cbi,cbi_fiscal_revenue,2021,VUV,11852673367,1,11852673367.0,provisional,vut-mfem-ca-revenue-2021,"Ministry of Finance and Economic Management, Department of Finance and Treasury",2021,9.5,conflict,o-987e6d61e7
VUT,vut-cbi,cbi_fiscal_revenue,2021,VUV,12851.0,million,12851000000.0,provisional,vut-mfem-monthly-2021-12,"Ministry of Finance and Economic Management, Department of Finance and Treasury",2021-12,9.5,conflict,o-7f716b4259
VUT,vut-cbi,cbi_fiscal_revenue,2021,VUV,12871.4,million,12871400000.0,provisional,vut-mfem-monthly-2022-12,"Ministry of Finance and Economic Management, Department of Finance and Treasury",2022-12,9.5,conflict,o-3471426878
VUT,vut-cbi,cbi_fiscal_revenue,2022,VUV,7663.2,million,7663200000.0,provisional,vut-mfem-monthly-2023-12,"Ministry of Finance and Economic Management, Department of Finance and Treasury",2023-12,9.7,conflict,o-0caac6fac2
VUT,vut-cbi,cbi_fiscal_revenue,2022,VUV,7924407151,1,7924407151.0,provisional,vut-mfem-ca-revenue-2022,"Ministry of Finance and Economic Management, Department of Finance and Treasury",2022,9.7,conflict,o-d51d3e5553
VUT,vut-cbi,cbi_fiscal_revenue,2022,VUV,8482,million,8482000000.0,estimate,vut-imf-art4-2023,International Monetary Fund,2023-03,9.7,conflict,o-1adbbe43a2
VUT,vut-cbi,cbi_fiscal_revenue,2022,VUV,8482,million,8482000000.0,estimate,vut-imf-art4-2024,International Monetary Fund,2024-09,9.7,conflict,o-d293e8ed38
VUT,vut-cbi,cbi_fiscal_revenue,2022,VUV,8482,million,8482000000.0,estimate,vut-imf-art4-2025,International Monetary Fund,2025-09,9.7,conflict,o-0ca7f8f7ce
VUT,vut-cbi,cbi_fiscal_revenue,2022,VUV,8483.1,million,8483100000.0,provisional,vut-mfem-monthly-2022-12,"Ministry of Finance and Economic Management, Department of Finance and Treasury",2022-12,9.7,conflict,o-fc4ebd1711
VUT,vut-cbi,cbi_fiscal_revenue,2022,VUV,9659.6,million,9659600000.0,budget,vut-mfem-monthly-2022-12,"Ministry of Finance and Economic Management, Department of Finance and Treasury",2022-12,9.7,conflict,o-99e7f4b706
VUT,vut-cbi,cbi_fiscal_revenue,2023,VUV,7004,million,7004000000.0,estimate,vut-imf-art4-2024,International Monetary Fund,2024-09,16.6,conflict,o-9ae714c8ca
VUT,vut-cbi,cbi_fiscal_revenue,2023,VUV,7004,million,7004000000.0,estimate,vut-imf-art4-2025,International Monetary Fund,2025-09,16.6,conflict,o-f98d6aa7ed
VUT,vut-cbi,cbi_fiscal_revenue,2023,VUV,7133,million,7133000000.0,projection,vut-imf-art4-2023,International Monetary Fund,2023-03,16.6,conflict,o-e84b4bc5d2
VUT,vut-cbi,cbi_fiscal_revenue,2023,VUV,7517226501,1,7517226501.0,provisional,vut-mfem-ca-revenue-2023,"Ministry of Finance and Economic Management, Department of Finance and Treasury",2023,16.6,conflict,o-510a1654dd
VUT,vut-cbi,cbi_fiscal_revenue,2023,VUV,8115.0,million,8115000000.0,provisional,vut-mfem-monthly-2023-12,"Ministry of Finance and Economic Management, Department of Finance and Treasury",2023-12,16.6,conflict,o-db8e5ae811
VUT,vut-cbi,cbi_fiscal_revenue,2023,VUV,8399.1,million,8399100000.0,provisional,vut-mfem-budget-2025-v1,"Government of the Republic of Vanuatu, Ministry of Finance and Economic Management",2024,16.6,conflict,o-f9ad975f55
VUT,vut-cbi,cbi_fiscal_revenue,2023,VUV,9112.9,million,9112900000.0,budget,vut-mfem-monthly-2023-12,"Ministry of Finance and Economic Management, Department of Finance and Treasury",2023-12,16.6,conflict,o-66f76ba21d
VUT,vut-cbi,cbi_fiscal_revenue,2024,VUV,3936,million,3936000000.0,projection,vut-imf-art4-2024,International Monetary Fund,2024-09,0.6,conflict,o-9e9725a3d3
VUT,vut-cbi,cbi_fiscal_revenue,2024,VUV,9339,million,9339000000.0,estimate,vut-imf-art4-2025,International Monetary Fund,2025-09,0.6,conflict,o-f61d3f8fc1
VUT,vut-cbi,cbi_fiscal_revenue,2024,VUV,9390.7,million,9390700000.0,provisional,vut-mfem-monthly-2025-12,"Ministry of Finance and Economic Management, Department of Finance and Treasury",2025-12,0.6,conflict,o-dd7f69f9e9
VUT,vut-cbi,cbi_fiscal_revenue,2024,VUV,9399.2,million,9399200000.0,provisional,vut-mfem-budget-2025-v1,"Government of the Republic of Vanuatu, Ministry of Finance and Economic Management",2024,0.6,conflict,o-a5eb07e841
VUT,vut-cbi,cbi_fiscal_revenue,2024,VUV,10983.8,million,10983800000.0,budget,vut-mfem-budget-2025-v1,"Government of the Republic of Vanuatu, Ministry of Finance and Economic Management",2024,0.6,conflict,o-ad8746c7db
VUT,vut-cbi,cbi_fiscal_revenue,2024,VUV,11303.8,million,11303800000.0,budget,vut-mfem-hyefr-2025,Ministry of Finance and Economic Management,2025,0.6,conflict,o-9974662309
VUT,vut-cbi,cbi_fiscal_revenue,2024-H1,VUV,2057855613,1,2057855613.0,provisional,vut-mfem-ca-revenue-2024h1,"Ministry of Finance and Economic Management, Department of Finance and Treasury",2024,39.1,conflict,o-2368d2d66f
VUT,vut-cbi,cbi_fiscal_revenue,2024-H1,VUV,3381.7,million,3381700000.0,provisional,vut-mfem-hyefr-2024,Ministry of Finance and Economic Management,2024,39.1,conflict,o-8a33e57d20
VUT,vut-cbi,cbi_fiscal_revenue,2025,VUV,7471,million,7471000000.0,projection,vut-imf-art4-2025,International Monetary Fund,2025-09,49.3,vintage,o-7f6d7b69a5
VUT,vut-cbi,cbi_fiscal_revenue,2025,VUV,7629.5,million,7629500000.0,budget,vut-mfem-budget-2025-v1,"Government of the Republic of Vanuatu, Ministry of Finance and Economic Management",2024,49.3,vintage,o-a280ba5905
VUT,vut-cbi,cbi_fiscal_revenue,2025,VUV,7729.7,million,7729700000.0,budget,vut-mfem-hyefr-2025,Ministry of Finance and Economic Management,2025,49.3,vintage,o-4166c17480
VUT,vut-cbi,cbi_fiscal_revenue,2025,VUV,14732.7,million,14732700000.0,provisional,vut-mfem-monthly-2025-12,"Ministry of Finance and Economic Management, Department of Finance and Treasury",2025-12,49.3,vintage,o-9cef5dabb0
VUT,vut-cbi,cbi_fiscal_revenue,2026,VUV,12374.7,million,12374700000.0,budget,vut-mfem-budget-2026-v1,"Government of the Republic of Vanuatu, Ministry of Finance and Economic Management",2025,20.2,vintage,o-2fc5e4eb33
VUT,vut-cbi,cbi_fiscal_revenue,2026,VUV,15503.7,million,15503700000.0,budget,vut-mfem-hyefr-2026,Ministry of Finance and Economic Management,2026,20.2,vintage,o-0bf3c3c5fd
VUT,vut-cbi,cbi_fiscal_revenue_pct_gdp,2021,percent_of_gdp,11.0,1,11.0,estimate,vut-imf-art4-2023,International Monetary Fund,2023-03,1.8,revision,o-5d3021aa08
VUT,vut-cbi,cbi_fiscal_revenue_pct_gdp,2021,percent_of_gdp,11.2,1,11.2,estimate,vut-imf-art4-2024,International Monetary Fund,2024-09,1.8,revision,o-b077a2c0e7
VUT,vut-cbi,cbi_fiscal_revenue_pct_gdp,2021,percent_of_gdp,11.2,1,11.2,estimate,vut-imf-art4-2025,International Monetary Fund,2025-09,1.8,revision,o-5a16fffe31
VUT,vut-cbi,cbi_fiscal_revenue_pct_gdp,2022,percent_of_gdp,7.0,1,7.0,estimate,vut-imf-art4-2025,International Monetary Fund,2025-09,6.7,revision,o-3ed1c51962
VUT,vut-cbi,cbi_fiscal_revenue_pct_gdp,2022,percent_of_gdp,7.2,1,7.2,estimate,vut-imf-art4-2024,International Monetary Fund,2024-09,6.7,revision,o-5dfe7b2cdd
VUT,vut-cbi,cbi_fiscal_revenue_pct_gdp,2022,percent_of_gdp,7.5,1,7.5,estimate,vut-imf-art4-2023,International Monetary Fund,2023-03,6.7,revision,o-940ec18b09
VUT,vut-cbi,cbi_fiscal_revenue_pct_gdp,2023,percent_of_gdp,5.3,1,5.3,estimate,vut-imf-art4-2025,International Monetary Fund,2025-09,1.9,revision,o-1586a0061a
VUT,vut-cbi,cbi_fiscal_revenue_pct_gdp,2023,percent_of_gdp,5.4,1,5.4,estimate,vut-imf-art4-2024,International Monetary Fund,2024-09,1.9,revision,o-503e4686ec
VUT,vut-cbi,cbi_fiscal_revenue_pct_gdp,2023,percent_of_gdp,5.8,1,5.8,projection,vut-imf-art4-2023,International Monetary Fund,2023-03,1.9,revision,o-9721600d22
VUT,vut-cbi,cbi_fiscal_revenue_pct_gdp,2024,percent_of_gdp,2.9,1,2.9,projection,vut-imf-art4-2024,International Monetary Fund,2024-09,58.6,vintage,o-c384f4ecb4
VUT,vut-cbi,cbi_fiscal_revenue_pct_gdp,2024,percent_of_gdp,7.0,1,7.0,estimate,vut-imf-art4-2025,International Monetary Fund,2025-09,58.6,vintage,o-2b16549235
VUT,vut-cbi,cbi_fiscal_revenue_pct_gdp,2024,percent_of_gdp,7,1,7.0,estimate,vut-imf-art4-2025,International Monetary Fund,2025-09,58.6,vintage,o-fb28a2a537
