table,id,page_check,source_id,source_type,result,text_from,location,quote
observations.csv,o-3076e3aa02,,atg-ciu-6m-2015h2,government,found,ocr,"PDF p. 5, Appendix II",Total Applications 197 100.0 644 100.0
observations.csv,o-063e413eb7,,atg-ciu-6m-2024h1,government,found,ocr,"PDF p. 7, Appendix II","Total Applications 739 100.00 5,203 100.00"
observations.csv,o-c60c9831ef,,atg-ciu-6m-2015h2,government,found,ocr,"PDF p. 5, Appendix II",Total Applications 197 100.0 644 100.0
observations.csv,o-2c61cdee62,ok,intl-ec-swd-2025-429,eu,loose,text,"PDF p. 37, table (Eastern Caribbean), row ""Total applications received""",Total applications received: 4 332 (2015-2023)
observations.csv,o-75e47290ee,ok,atg-ciu-6m-2016h1,government,found,text,"PDF p. 2, Appendix I",Total Applications 147 100
observations.csv,o-04ea5f8017,ok,atg-ciu-6m-2016h2,government,found,text,"PDF p. 6, Appendix II",Total Applications 143 100 934 100
observations.csv,o-3a74270e92,,atg-ciu-6m-2017h1,government,loose,ocr,"PDF p. 6, Appendix II",Total Applications 187 100 1121 100
observations.csv,o-ce2e5043a9,ok,atg-ciu-6m-2017h2,government,found,text,"PDF p. 6, Appendix II",Total Applications 135 100 1269 100
observations.csv,o-0b330ebd9a,ok,atg-ciu-6m-2018h1,government,found,text,"PDF p. 6, Appendix II",Total Applications 278 100 1547 100
observations.csv,o-629db7dc58,p. 3,atg-ciu-6m-2018h2,government,found,text,"PDF p. 6, Appendix II",Total Applications 400 100 1947 100
observations.csv,o-752155ad7f,p. 3,atg-ciu-6m-2019h1,government,found,text,"PDF p. 6, Appendix II",Total Applications 241 100 2188 100
observations.csv,o-7767f252e4,p. 3,atg-ciu-6m-2019h2,government,found,text,"PDF p. 6, Appendix II",Total Applications 231 100 2420 100
observations.csv,o-bc3e4cf5e5,,atg-ciu-6m-2020h1,government,checked,text,"PDF p. 7, Appendix II",Total Applications 189 100.00 2610 100.00
observations.csv,o-42e84aa218,,atg-ciu-6m-2020h2,government,checked,text,"PDF p. 7, Appendix II",Total Applications 182 100.00 2792 100.00
observations.csv,o-78afb67910,,atg-ciu-6m-2021h1,government,found,ocr,"PDF p. 7, Appendix II",Total Applications 223 100.00 3015 100.00
observations.csv,o-41c02923ca,,atg-ciu-6m-2021h2,government,found,ocr,"PDF p. 7, Appendix II",Total Applications 275 100.00 3290
observations.csv,o-2dc49bab24,ok,atg-ciu-6m-2022h1,government,found,text,"PDF p. 8, Appendix II",Total Applications 229 100.00 3519 100.00
observations.csv,o-b30963ebac,,atg-ciu-6m-2022h2,government,found,ocr,"PDF p. 8, Appendix II",Total Applications 260 100.00 3779 100.00
observations.csv,o-53b00a2d25,ok,intl-ec-swd-2025-429,eu,found,text,PDF p. 37,"In Saint Kitts and Nevis, the volume of applications went from 1,987 in 2023 to 223 in 2024 and in Grenada from 2,297 to 420 applications. [...] Antigua and Barbuda recorded a notable increase, from 685 in 2023 to 1,733 in 2024."
observations.csv,o-0916afce15,,atg-ciu-6m-2023h1,government,found,ocr,"PDF p. 7, Appendix II",Total Applications 242 100.00 4021 100.00
observations.csv,o-ce25339a8c,,atg-ciu-6m-2023h2,government,found,ocr,"PDF p. 6 (printed p. 7), Appendix II",Total Applications 443 100 4464 100.00
observations.csv,o-3dc33a4c6f,ok,intl-ec-swd-2025-429,eu,loose,text,"PDF p. 37, table (Eastern Caribbean), row ""Total applications received""",Total applications received: 1 733 (2024)
observations.csv,o-c4a92f5e64,,atg-ciu-6m-2024h1,government,found,ocr,"PDF p. 7, Appendix II","Total Applications 739 100.00 5,203 100.00"
observations.csv,o-5240e59d7e,ok,intl-ec-swd-2025-429,eu,loose,text,"PDF p. 37, table (Eastern Caribbean), row ""Total applications received""",Total applications received: 78 (2025 until 30/4)
observations.csv,o-5191b00a89,ok,intl-ec-swd-2025-429,eu,loose,text,"PDF p. 37, table (Eastern Caribbean), row ""Rejections""",Rejections: 169 (2015-2023)
observations.csv,o-74b84cf193,ok,intl-ec-swd-2025-429,eu,loose,text,"PDF p. 37, table (Eastern Caribbean), row ""Rejections""",Rejections: 30 (2024)
observations.csv,o-3c8832b3e5,ok,intl-ec-swd-2025-429,eu,loose,text,"PDF p. 37, table (Eastern Caribbean), row ""Rejections""",Rejections: 5 (2025 until 30/4)
observations.csv,o-c5c13b80c9,ok,atg-ciu-6m-2016h2,government,loose,text,"PDF p. 11, Appendix III","Total for the Period 271 $ 19,300,000.00"
observations.csv,o-29ecb745fc,,atg-ciu-6m-2017h1,government,found,ocr,"PDF p. 12, Appendix III","Total 207 ... 14,750,000.00"
observations.csv,o-6b8b27d736,ok,atg-ciu-6m-2022h1,government,found,text,"PDF p. 17, Appendix III","TOTAL 591 $18,550,000"
observations.csv,o-448f532035,ok,atg-ciu-6m-2016h2,government,found,text,"PDF p. 13, Appendix V","TOTAL REVENUE GENERATED 390,150.00 32,345,478.00 81,226,670.00 76,564,508.61 190,526,806.61"
observations.csv,o-206398f6e1,ok,atg-ciu-6m-2016h2,government,found,text,"PDF p. 13, Appendix V","TOTAL REVENUE GENERATED 390,150.00 32,345,478.00 81,226,670.00 76,564,508.61 190,526,806.61"
observations.csv,o-484be5ffa0,ok,atg-ciu-6m-2016h2,government,found,text,"PDF p. 13, Appendix V","TOTAL REVENUE GENERATED 390,150.00 32,345,478.00 81,226,670.00 76,564,508.61 190,526,806.61"
observations.csv,o-a0e48d4ee5,ok,atg-ciu-6m-2016h2,government,found,text,"PDF p. 13, Appendix V","TOTAL REVENUE GENERATED 390,150.00 32,345,478.00 81,226,670.00 76,564,508.61 190,526,806.61"
observations.csv,o-c41a17e00f,ok,atg-ciu-6m-2016h1,government,found,text,"PDF p. 5, Appendix III","Application Processing Fees $ 28,136,250.00 79.6% ... 35,350,720 100.0%"
observations.csv,o-db76dac7c1,,atg-antiguanews-2026-04,media,no_copy,,quote of PM,the programme has generated more than $1.4 billion in non-tax revenues for the people of Antigua and Barbuda
observations.csv,o-be98d6a155,ok,atg-imf-art4-2014,imf,found,text,"PDF p. 35, Table 2",Of which: CIP 1/ 0.0 10.0 53.7 63.7 1.9 116.0 3.4
observations.csv,o-42813c8dc1,ok,atg-imf-art4-2014,imf,found,text,"PDF p. 36, Table 3",Of which: CIP revenue ... 64 116 73 74 76 77 78
observations.csv,o-5e4aba519e,,atg-imf-art4-2022,imf,checked,text,"PDF p. 34, Table 3a (image)",o/w CIP revenue 105 60 142 98 91 98 103 107 107 106 108
observations.csv,o-d8ae78458a,,atg-imf-art4-2022,imf,checked,text,"PDF p. 34, Table 3a (image)",o/w CIP revenue 105 60 142 98 91 98 103 107 107 106 108
observations.csv,o-a8bd4a8629,ok,atg-imf-art4-2023,imf,found,text,"PDF p. 30, Table 3a",o/w CIP revenue 60 142 98 91 86 100 93 93 91 93 98
observations.csv,o-907bc44d22,,atg-imf-art4-2022,imf,checked,text,"PDF p. 34, Table 3a (image)",o/w CIP revenue 105 60 142 98 91 98 103 107 107 106 108
observations.csv,o-eab1288fa4,ok,atg-imf-art4-2023,imf,found,text,"PDF p. 30, Table 3a",o/w CIP revenue 60 142 98 91 86 100 93 93 91 93 98
observations.csv,o-e20b87506a,,atg-imf-art4-2022,imf,checked,text,"PDF p. 34, Table 3a (image)",o/w CIP revenue 105 60 142 98 91 98 103 107 107 106 108
observations.csv,o-31388790fb,ok,atg-imf-art4-2023,imf,found,text,"PDF p. 30, Table 3a",o/w CIP revenue 60 142 98 91 86 100 93 93 91 93 98
observations.csv,o-4a333edf22,,atg-imf-art4-2022,imf,checked,text,"PDF p. 34, Table 3a (image)",o/w CIP revenue 105 60 142 98 91 98 103 107 107 106 108
observations.csv,o-4ff9f74e82,ok,atg-imf-art4-2023,imf,found,text,"PDF p. 30, Table 3a",o/w CIP revenue 60 142 98 91 86 100 93 93 91 93 98
observations.csv,o-32c16c793d,ok,atg-imf-art4-2023,imf,found,text,"PDF p. 30, Table 3a",o/w CIP revenue 60 142 98 91 86 100 93 93 91 93 98
observations.csv,o-c53c17bb9d,ok,atg-imf-art4-2025,imf,found,text,"PDF p. 31, Table 4a",o/w CIP revenue 98 91 68 62 74 74 74 74 74 74
observations.csv,o-978fffb8b8,ok,atg-imf-art4-2026,imf,found,text,"PDF p. 30, Table 4a",o/w CIP revenue 91 68 62 74 158 120 120 120 120 120 120
observations.csv,o-673c6f842b,ok,atg-mof-budget-2023,government,found,text,PDF p. 10,receipts from the Citizenship by Investment programme accounted for nearly 60 per cent of non-tax revenue and amounted to $88.8 million
observations.csv,o-3b818b7e5f,ok,atg-imf-art4-2025,imf,found,text,"PDF p. 31, Table 4a",o/w CIP revenue 98 91 68 62 74 74 74 74 74 74
observations.csv,o-ace16917df,ok,atg-imf-art4-2026,imf,found,text,"PDF p. 30, Table 4a",o/w CIP revenue 91 68 62 74 158 120 120 120 120 120 120
observations.csv,o-bbb0e8fda8,ok,atg-mof-budget-2024,government,found,text,PDF p. 12,this contribution is expected to amount to $67 million in 2023 - the same level as in 2022
observations.csv,o-6ed22be9f1,ok,atg-imf-art4-2025,imf,found,text,"PDF p. 31, Table 4a",o/w CIP revenue 98 91 68 62 74 74 74 74 74 74
observations.csv,o-b3c112e5a5,ok,atg-imf-art4-2026,imf,found,text,"PDF p. 30, Table 4a",o/w CIP revenue 91 68 62 74 158 120 120 120 120 120 120
observations.csv,o-3b6928dc7a,ok,atg-mof-budget-2024,government,found,text,PDF p. 34,A major component of the budgeted Non-Tax Revenue of $176.9 million will be CIP receipts of $130 million.
observations.csv,o-a82afe0a68,ok,atg-imf-art4-2026,imf,found,text,"PDF p. 30, Table 4a",o/w CIP revenue 91 68 62 74 158 120 120 120 120 120 120
observations.csv,o-f5d241e55a,ok,atg-mof-budget-2026,government,found,text,PDF p. 19,"Non-tax revenue totals $289.7 million, including $157 million from the Citizenship by Investment Programme"
observations.csv,o-143724274a,ok,atg-imf-art4-2026,imf,found,text,"PDF p. 30, Table 4a",o/w CIP revenue 91 68 62 74 158 120 120 120 120 120 120
observations.csv,o-82119659e1,,atg-imidaily-2026-07,industry,no_copy,,body text,the 2026 Budget projects EC$157 million (approximately US$58 million) in CIP revenue for the year
observations.csv,o-0ddd9eb734,ok,atg-mof-budget-2026,government,found,text,PDF p. 44,"Non-tax revenue is expected to reach $240.7 million, including $120 million in CIP receipts and surpluses from state-owned enterprises."
observations.csv,o-0c0549259e,ok,atg-imf-art4-2014,imf,found,text,"PDF p. 37, Table 4",Of which: CIP revenue ... 1.9 3.4 2.0 1.9 1.9 1.8 1.8
observations.csv,o-a967e8b412,ok,atg-imf-art4-2014,imf,found,text,"PDF p. 37, Table 4",Of which: CIP revenue ... 1.9 3.4 2.0 1.9 1.9 1.8 1.8
observations.csv,o-cecb941cb6,ok,atg-imf-art4-2023,imf,found,text,"PDF p. 31, Table 3b",o/w CIP revenue 1.4 3.1 2.6 2.2 1.8 1.9 1.6 1.5 1.4 1.4 1.4
observations.csv,o-c5c4d3158e,ok,atg-imf-art4-2023,imf,found,text,"PDF p. 31, Table 3b",o/w CIP revenue 1.4 3.1 2.6 2.2 1.8 1.9 1.6 1.5 1.4 1.4 1.4
observations.csv,o-cad3f3d8ae,ok,atg-imf-art4-2025,imf,found,text,"PDF p. 32, Table 4b",o/w CIP revenue 2.6 2.1 1.3 1.1 1.2 1.2 1.1 1.1 1.0 1.0
observations.csv,o-d8575b7f71,ok,atg-imf-art4-2026,imf,found,text,"PDF p. 31, Table 4b",o/w CIP revenue 2.1 1.4 1.1 1.3 2.6 1.9 1.8 1.7 1.6 1.6 1.5
observations.csv,o-44ba1915db,ok,atg-imf-art4-2025,imf,found,text,"PDF p. 56, annex on revenue","Tax revenue, non-tax revenue, and Citizen-by-Investment (CBI) revenue constituted 82.2, 8.4, and 9.4 percent of total revenue"
observations.csv,o-9dd062ae5a,,atg-observer-2015-08-150,media,no_copy,,para 1,about $50 million being pumped into the economy through the Citizenship by Investment Programme
observations.csv,o-840431eb30,ok,intl-ec-com-2025-792,eu,found,text,"p. 7 (printed), PDF p. 8","in 2024 rejection rates were 1.7% in Antigua and Barbuda, 5.3% in Saint Lucia, and 6.5% in Dominica"
observations.csv,o-5dccc0eecf,ok,intl-ec-swd-2025-429,eu,loose,text,"PDF p. 38, table (Eastern Caribbean), row ""Rejection rate (2024)""",Rejection rate (2024): 1.7%
observations.csv,o-fb8e56c34a,,atg-ciu-6m-2015h2,government,found,ocr,"PDF p. 6, Appendix III",Number of Passport Issued under the Programme By Investment Category ... Total 307 793
observations.csv,o-5b57ef83f2,ok,atg-ciu-6m-2016h2,government,found,text,"PDF p. 12, Appendix IV (pie chart)",Number of Citizenship Passports issued under the Citizenship Programme by Year ... 252
observations.csv,o-f32ac906bf,ok,atg-ciu-6m-2017h2,government,found,text,"PDF p. 12, Appendix IV (pie chart, image)",Number of Citizenship Passports issued under the Citizenship Programme by Year Inception to 30th June 2017 ... 233
observations.csv,o-0ff3b2dcae,,atg-ciu-6m-2019h2,government,checked,text,"PDF p. 17, Appendix IV (pie chart, image)",Number of Citizenship Passports issued under the Citizenship Programme by Year Inception to 31st December June 2019 ... 252
observations.csv,o-8352c88a61,,atg-ciu-6m-2024h1,government,checked,ocr,"PDF p. 21, Appendix IV (pie chart, image)",Number of Citizenship Passports issued under the Citizenship Programme by Year from Inception to 30th June 2024 ... 2014 401
observations.csv,o-2030f37f39,ok,atg-ciu-6m-2016h2,government,found,text,"PDF p. 12, Appendix IV (pie chart)",Number of Citizenship Passports issued under the Citizenship Programme by Year ... 655
observations.csv,o-a72eddfbc3,ok,atg-ciu-6m-2017h2,government,found,text,"PDF p. 12, Appendix IV (pie chart, image)",Number of Citizenship Passports issued under the Citizenship Programme by Year Inception to 30th June 2017 ... 401
observations.csv,o-e17898f7b3,,atg-ciu-6m-2019h2,government,checked,text,"PDF p. 17, Appendix IV (pie chart, image)",Number of Citizenship Passports issued under the Citizenship Programme by Year Inception to 31st December June 2019 ... 655
observations.csv,o-ec06ae5c6b,,atg-ciu-6m-2024h1,government,checked,ocr,"PDF p. 21, Appendix IV (pie chart, image)",Number of Citizenship Passports issued under the Citizenship Programme by Year from Inception to 30th June 2024 ... 2015 655
observations.csv,o-2376bd99aa,,atg-ciu-6m-2015h2,government,found,ocr,"PDF p. 6, Appendix III",Number of Passport Issued under the Programme By Investment Category ... Total 307 793
observations.csv,o-04b6e4b6ee,ok,intl-ec-swd-2025-429,eu,loose,text,"PDF p. 38, table (Eastern Caribbean), row ""Total passports issued""",Total passports issued: 7 995 (2015-2023)
observations.csv,o-02a5d29e29,ok,atg-ciu-6m-2016h2,government,found,text,"PDF p. 12, Appendix IV (pie chart)",Number of Citizenship Passports issued under the Citizenship Programme by Year ... 1016
observations.csv,o-b81f438676,ok,atg-ciu-6m-2017h2,government,found,text,"PDF p. 12, Appendix IV (pie chart, image)",Number of Citizenship Passports issued under the Citizenship Programme by Year Inception to 30th June 2017 ... 314
observations.csv,o-82b6dd72fc,,atg-ciu-6m-2019h2,government,checked,text,"PDF p. 17, Appendix IV (pie chart, image)",Number of Citizenship Passports issued under the Citizenship Programme by Year Inception to 31st December June 2019 ... 1016
observations.csv,o-8c59be8c87,,atg-ciu-6m-2024h1,government,checked,ocr,"PDF p. 21, Appendix IV (pie chart, image)",Number of Citizenship Passports issued under the Citizenship Programme by Year from Inception to 30th June 2024 ... 2016 116
observations.csv,o-8a2d77cf14,,atg-ciu-6m-2019h2,government,checked,text,"PDF p. 17, Appendix IV (pie chart, image)",Number of Citizenship Passports issued under the Citizenship Programme by Year Inception to 31st December June 2019 ... 399
observations.csv,o-f629bc5c04,,atg-ciu-6m-2024h1,government,checked,ocr,"PDF p. 21, Appendix IV (pie chart, image)",Number of Citizenship Passports issued under the Citizenship Programme by Year from Inception to 30th June 2024 ... 2017 399
observations.csv,o-f159b40ef6,ok,atg-ciu-6m-2017h2,government,found,text,"PDF p. 12, Appendix IV (pie chart, image)",Number of Citizenship Passports issued under the Citizenship Programme by Year Inception to 30th June 2017 ... 321
observations.csv,o-1cde7047ec,,atg-ciu-6m-2019h2,government,checked,text,"PDF p. 17, Appendix IV (pie chart, image)",Number of Citizenship Passports issued under the Citizenship Programme by Year Inception to 31st December June 2019 ... 401
observations.csv,o-a2eead84c9,,atg-ciu-6m-2024h1,government,checked,ocr,"PDF p. 21, Appendix IV (pie chart, image)",Number of Citizenship Passports issued under the Citizenship Programme by Year from Inception to 30th June 2024 ... 2018 401
observations.csv,o-7cb7036467,,atg-ciu-6m-2019h2,government,checked,text,"PDF p. 17, Appendix IV (pie chart, image)",Number of Citizenship Passports issued under the Citizenship Programme by Year Inception to 31st December June 2019 ... 1112
observations.csv,o-41ad24beab,,atg-ciu-6m-2024h1,government,checked,ocr,"PDF p. 21, Appendix IV (pie chart, image)","Number of Citizenship Passports issued under the Citizenship Programme by Year from Inception to 30th June 2024 ... 2019 1,112"
observations.csv,o-64fb42478b,,atg-ciu-6m-2024h1,government,checked,ocr,"PDF p. 21, Appendix IV (pie chart, image)","Number of Citizenship Passports issued under the Citizenship Programme by Year from Inception to 30th June 2024 ... 2020 1,623"
observations.csv,o-c467d3baa9,,atg-ciu-6m-2024h1,government,checked,ocr,"PDF p. 21, Appendix IV (pie chart, image)","Number of Citizenship Passports issued under the Citizenship Programme by Year from Inception to 30th June 2024 ... 2021 1,152"
observations.csv,o-0be615e8ba,,atg-ciu-6m-2024h1,government,checked,ocr,"PDF p. 21, Appendix IV (pie chart, image)","Number of Citizenship Passports issued under the Citizenship Programme by Year from Inception to 30th June 2024 ... 2022 1,346"
observations.csv,o-004d7355eb,ok,atg-ciu-6m-2022h1,government,found,text,"PDF p. 18, Appendix IV (pie chart)",Number of Citizenship Passports issued under the Citizenship Programme by Year from Inception to 30th June 2022 ... 683
observations.csv,o-f0517a5294,,atg-ciu-6m-2024h1,government,checked,ocr,"PDF p. 21, Appendix IV (pie chart, image)","Number of Citizenship Passports issued under the Citizenship Programme by Year from Inception to 30th June 2024 ... 2023 1,191"
observations.csv,o-75fcd367a7,ok,intl-ec-swd-2025-429,eu,loose,text,"PDF p. 38, table (Eastern Caribbean), row ""Total passports issued""",Total passports issued: 1 276 (2024)
observations.csv,o-9f345e72d9,,atg-ciu-6m-2024h1,government,checked,ocr,"PDF p. 21, Appendix IV (pie chart, image)",Number of Citizenship Passports issued under the Citizenship Programme by Year from Inception to 30th June 2024 ... 2024-H1 622
observations.csv,o-f29578b15e,ok,intl-ec-swd-2025-429,eu,loose,text,"PDF p. 38, table (Eastern Caribbean), row ""Total passports issued""",Total passports issued: 540 (2025 until 30/4)
observations.csv,o-2feb439736,,atg-observer-2015-08-150,media,no_copy,,para 2,"to date , about 150 new citizenships have been granted under the CIP"
observations.csv,o-89d976207a,unknown,intl-ec-swd-2025-429,eu,loose,text,"PDF p. 37, table (Eastern Caribbean), row ""Total applications received""",Total applications received: 13 161 (2015-2022)
observations.csv,o-cc7fd12c1a,ok,intl-ec-swd-2025-429,eu,loose,text,"PDF p. 37, table (Eastern Caribbean), row ""Total applications received""",Total applications received: 4 068 in 2023
observations.csv,o-7c93201709,ok,intl-ec-swd-2025-429,eu,loose,text,"PDF p. 37, table (Eastern Caribbean), row ""Total applications received""",Total applications received: 3 893 in 2024
observations.csv,o-891394bd12,,intl-ec-swd-2025-429,eu,checked,text,"PDF p. 37, table (Eastern Caribbean), row ""Rejections""",Rejections: 420 (2019-2022)
observations.csv,o-1ae283e0c2,ok,intl-ec-swd-2025-429,eu,loose,text,"PDF p. 37, table (Eastern Caribbean), row ""Rejections""",Rejections: 210 (2023)
observations.csv,o-06b2b7bc9f,ok,intl-ec-swd-2025-429,eu,loose,text,"PDF p. 37, table (Eastern Caribbean), row ""Rejections""",Rejections: 255 (2024)
observations.csv,o-2c5b6afcef,,dma-occrp-2023,media,no_copy,,Article text,But the national budget records just $80 million of passport revenue for the same time period.
observations.csv,o-c3250a9f83,ok,dma-imf-art4-2018,imf,found,text,"PDF p. 35, Table 3a (Statement of Operations of the Central Government, EC$ millions)",Citizenship-by-Investment 50.7 49.7 23.0 72.7 331.8 195.0 107.9 88.1 56.9 47.8 48.7 49.7
observations.csv,o-3a3e089c7e,ok,dma-imf-art4-2018,imf,found,text,"PDF p. 35, Table 3a (Statement of Operations of the Central Government, EC$ millions)",Citizenship-by-Investment 50.7 49.7 23.0 72.7 331.8 195.0 107.9 88.1 56.9 47.8 48.7 49.7
observations.csv,o-5176a8270d,ok,dma-imf-art4-2018,imf,found,text,"PDF p. 35, Table 3a (Statement of Operations of the Central Government, EC$ millions)",Citizenship-by-Investment 50.7 49.7 23.0 72.7 331.8 195.0 107.9 88.1 56.9 47.8 48.7 49.7
observations.csv,o-0870ab4e52,ok,dma-budget-address-2015-16,government,found,text,PDF p. 12,"Non-tax revenue is expected to contribute $92.1 million, of which revenue from the Citizenship By Investment Programme will contribute $70.0 million."
observations.csv,o-c863b2f119,ok,dma-budget-address-2016-17,government,found,text,PDF p. 7,"total collections amounted to $115.6 million, with 85.6 percent or $99.0 million, coming from the Citizenship By investment Programme (CBIP) inflows."
observations.csv,o-16eabb8186,ok,dma-budget-address-2016-17,government,found,text,PDF p. 34,it is under this Government that we have increased our revenue earnings to over 200 million in the last financial year.
observations.csv,o-167b9907ef,ok,dma-imf-art4-2016,imf,found,text,"PDF p. 36, Table 5a (Statement of Operations of the Central Government, Active Scenario, EC$ millions), row ""Of which: ECP""",Of which : ECP 50.7 49.7 23.0 67.0 50.0 50.0 50.0 50.0 50.0 50.0
observations.csv,o-075753e0ea,ok,dma-imf-art4-2018,imf,found,text,"PDF p. 35, Table 3a (Statement of Operations of the Central Government, EC$ millions)",Citizenship-by-Investment 50.7 49.7 23.0 72.7 331.8 195.0 107.9 88.1 56.9 47.8 48.7 49.7
observations.csv,o-7cf52e41bd,ok,dma-budget-address-2016-17,government,found,text,PDF p. 16,the Citizenship By Investment Programme which is expected to contribute $201.8 million for the year.
observations.csv,o-a327fbba2a,ok,dma-budget-address-2017-18,government,found,text,PDF p. 8,A total of $507.0 million was collected under the CBI of which $334.0 million was used for budget financing.
observations.csv,o-63d371b1ca,ok,dma-imf-art4-2016,imf,found,text,"PDF p. 36, Table 5a (Statement of Operations of the Central Government, Active Scenario, EC$ millions), row ""Of which: ECP""",Of which : ECP 50.7 49.7 23.0 67.0 50.0 50.0 50.0 50.0 50.0 50.0
observations.csv,o-6a03601f57,ok,dma-imf-art4-2016,imf,found,text,"PDF p. 69, Supplement Table 1 (Fiscal Developments, FY2015-16), column ""FY2016 Draft Budget""",of which : ECP 67.0 50.0 166.0 4.9 3.6 11.9
observations.csv,o-2ebbc56eee,ok,dma-imf-art4-2017,imf,found,text,"PDF p. 38, Table 5a (Statement of Operations of the Central Government, Active Scenario, EC$ millions), row ""Of which: CBI""",Of which : CBI 50.7 49.7 23.0 72.7 136.0 133.9 87.8 70.0 62.7 56.0 57.1
observations.csv,o-148bf28430,ok,dma-imf-art4-2018,imf,found,text,"PDF p. 35, Table 3a (Statement of Operations of the Central Government, EC$ millions)",Citizenship-by-Investment 50.7 49.7 23.0 72.7 331.8 195.0 107.9 88.1 56.9 47.8 48.7 49.7
observations.csv,o-ccfba347c5,ok,dma-imf-art4-2021,imf,found,text,"PDF p. 34, Table 2a (Central Government Operations, EC$ millions)",Citizenship-by-Investment 491.2 315.4 208.3 182.4 448.0 404.0 341.5 327.2 307.2 302.0 314.8
observations.csv,o-e7eb71c751,ok,dma-budget-address-2017-18,government,found,text,PDF p. 22,the Citizenship By Investment Programme which is expected to contribute $399.9 million for the year.
observations.csv,o-420077f35e,ok,dma-imf-art4-2018,imf,found,text,"PDF p. 35, Table 3a (Statement of Operations of the Central Government, EC$ millions)",Citizenship-by-Investment 50.7 49.7 23.0 72.7 331.8 195.0 107.9 88.1 56.9 47.8 48.7 49.7
observations.csv,o-5ed2ef16fd,ok,dma-imf-art4-2021,imf,found,text,"PDF p. 34, Table 2a (Central Government Operations, EC$ millions)",Citizenship-by-Investment 491.2 315.4 208.3 182.4 448.0 404.0 341.5 327.2 307.2 302.0 314.8
observations.csv,o-249f297c9f,ok,dma-budget-address-2018-19,government,found,text,PDF p. 31,"the Citizenship By Investment Programme (CBIP), which is expected to bring in $406.6 million."
observations.csv,o-9f00f03a73,ok,dma-imf-art4-2018,imf,found,text,"PDF p. 35, Table 3a (Statement of Operations of the Central Government, EC$ millions)",Citizenship-by-Investment 50.7 49.7 23.0 72.7 331.8 195.0 107.9 88.1 56.9 47.8 48.7 49.7
observations.csv,o-9c3a4f6218,ok,dma-imf-art4-2021,imf,found,text,"PDF p. 34, Table 2a (Central Government Operations, EC$ millions)",Citizenship-by-Investment 491.2 315.4 208.3 182.4 448.0 404.0 341.5 327.2 307.2 302.0 314.8
observations.csv,o-7d038640fe,ok,dma-budget-address-2019-20,government,found,text,PDF p. 15,"the Citizenship by Investment Programme (CBIP), which is expected to bring in $417.5 million."
observations.csv,o-c9a2966091,ok,dma-imf-art4-2024,imf,found,text,"PDF p. 33, Table 3a (Statement of Operations of the Central Government)",Citizenship-by-Investment 182.4 448.0 458.6 625.3 331.0 304.2 301.8 317.3 333.1 348.8 364.7
observations.csv,o-9a145e3c49,ok,dma-imf-art4-2025,imf,found,text,"PDF p. 35, Table 3a (Statement of Operations of the Central Government)",Citizenship-by-Investment 448.0 458.6 625.3 602.3 585.6 491.0 342.9 359.6 376.2 393.1 410.5
observations.csv,o-569a971ab3,ok,dma-imf-art4-2021,imf,found,text,"PDF p. 34, Table 2a (Central Government Operations, EC$ millions)",Citizenship-by-Investment 491.2 315.4 208.3 182.4 448.0 404.0 341.5 327.2 307.2 302.0 314.8
observations.csv,o-ee87b024cf,ok,dma-imf-art4-2026,imf,found,text,"PDF p. 35, Table 3a (Statement of Operations of the Central Government)",Citizenship-by-Investment 458.6 625.3 602.3 670.5 569.9 444.6 360.8 378.2 395.2 412.0 429.5
observations.csv,o-77282f3b91,,dma-imf-art4-2023,imf,checked,text,"PDF p. 35, Table 3a (Statement of Operations of the Central Government)",Citizenship-by-Investment 208.3 182.4 448.0 458.6 323.6 333.2 314.4 309.9 324.8 340.1 356.1
observations.csv,o-6a7e5c9fa8,ok,dma-imf-art4-2026,imf,found,text,"PDF p. 35, Table 3a (Statement of Operations of the Central Government)",Citizenship-by-Investment 458.6 625.3 602.3 670.5 569.9 444.6 360.8 378.2 395.2 412.0 429.5
observations.csv,o-a23524d41e,ok,dma-imf-art4-2024,imf,found,text,"PDF p. 33, Table 3a (Statement of Operations of the Central Government)",Citizenship-by-Investment 182.4 448.0 458.6 625.3 331.0 304.2 301.8 317.3 333.1 348.8 364.7
observations.csv,o-73ad1f4d41,ok,dma-imf-art4-2026,imf,found,text,"PDF p. 35, Table 3a (Statement of Operations of the Central Government)",Citizenship-by-Investment 458.6 625.3 602.3 670.5 569.9 444.6 360.8 378.2 395.2 412.0 429.5
observations.csv,o-b8c70aba95,ok,dma-budget-address-2024-25,government,found,text,PDF p. 37,"we expect to raise tax revenues of at least $414.1 million, $760.0 million through the CBI"
observations.csv,o-aef000b0f6,ok,dma-imf-art4-2024,imf,found,text,"PDF p. 33, Table 3a (Statement of Operations of the Central Government)",Citizenship-by-Investment 182.4 448.0 458.6 625.3 331.0 304.2 301.8 317.3 333.1 348.8 364.7
observations.csv,o-c6df6e5a5d,ok,dma-imf-art4-2025,imf,found,text,"PDF p. 35, Table 3a (Statement of Operations of the Central Government)",Citizenship-by-Investment 448.0 458.6 625.3 602.3 585.6 491.0 342.9 359.6 376.2 393.1 410.5
observations.csv,o-c3f839f344,ok,dma-imf-art4-2026,imf,found,text,"PDF p. 35, Table 3a (Statement of Operations of the Central Government)",Citizenship-by-Investment 458.6 625.3 602.3 670.5 569.9 444.6 360.8 378.2 395.2 412.0 429.5
observations.csv,o-f7eb5fdfc3,ok,dma-budget-address-2025-26,government,found,text,PDF p. 44,"The recurrent revenue estimates comprise tax revenues of $443.9 million, $635.0 million from the CBI"
observations.csv,o-e478a1dfbd,ok,dma-imf-art4-2025,imf,found,text,"PDF p. 35, Table 3a (Statement of Operations of the Central Government)",Citizenship-by-Investment 448.0 458.6 625.3 602.3 585.6 491.0 342.9 359.6 376.2 393.1 410.5
observations.csv,o-de4c14115b,ok,dma-imf-art4-2026,imf,found,text,"PDF p. 35, Table 3a (Statement of Operations of the Central Government)",Citizenship-by-Investment 458.6 625.3 602.3 670.5 569.9 444.6 360.8 378.2 395.2 412.0 429.5
observations.csv,o-c11b6fa555,ok,dma-imf-wp-15-93,imf,loose,text,"PDF p. 14, Box 1","ECP receipts, in the form of fees to the budget increased from less than 1 percent of GDP in 2008 to an estimated 13 and 3.4 percent of GDP in St. Kitts and Nevis and Dominica, in 2013, respectively"
observations.csv,o-47de1f176e,,intl-imf-wp-15-93,imf,loose,text,"p. 13 (printed), Box 1","ECP receipts, in the form of fees to the budget increased from less than 1 percent of GDP in 2008 to an estimated 13 and 3.4 percent of GDP in St. Kitts and Nevis and Dominica, in 2013, respectively."
observations.csv,o-9fecbe5a70,ok,dma-imf-art4-2018,imf,found,text,"PDF p. 36, Table 3b (percent of GDP)",Citizenship-by-Investment 3.8 3.6 1.6 4.8 21.6 13.9 7.8 5.8 3.5 2.8 2.8 2.7
observations.csv,o-fa1685a26e,ok,dma-imf-art4-2018,imf,found,text,"PDF p. 36, Table 3b (percent of GDP)",Citizenship-by-Investment 3.8 3.6 1.6 4.8 21.6 13.9 7.8 5.8 3.5 2.8 2.8 2.7
observations.csv,o-9b23156c51,ok,dma-imf-art4-2016,imf,found,text,"PDF p. 37, Table 5b (percent of GDP), row ""Of which: ECP""",Of which : ECP 3.8 3.6 1.7 4.9 3.6 3.4 3.3 3.1 3.0 2.9
observations.csv,o-68bf6356f4,ok,dma-imf-art4-2018,imf,found,text,"PDF p. 36, Table 3b (percent of GDP)",Citizenship-by-Investment 3.8 3.6 1.6 4.8 21.6 13.9 7.8 5.8 3.5 2.8 2.8 2.7
observations.csv,o-c2853ecb0d,ok,dma-imf-art4-2016,imf,found,text,"PDF p. 37, Table 5b (percent of GDP), row ""Of which: ECP""",Of which : ECP 3.8 3.6 1.7 4.9 3.6 3.4 3.3 3.1 3.0 2.9
observations.csv,o-edb5294600,ok,dma-imf-art4-2017,imf,found,text,"PDF p. 39, Table 5b (percent of GDP), row ""Of which: CBI""",Of which : CBI 3.8 3.6 1.6 5.2 9.4 8.9 5.6 4.3 3.7 3.2 3.2
observations.csv,o-b020814ad6,ok,dma-imf-art4-2018,imf,found,text,"PDF p. 36, Table 3b (percent of GDP)",Citizenship-by-Investment 3.8 3.6 1.6 4.8 21.6 13.9 7.8 5.8 3.5 2.8 2.8 2.7
observations.csv,o-48bf12fa36,ok,dma-imf-art4-2016,imf,found,text,"PDF p. 37, Table 5b (percent of GDP), row ""Of which: ECP""",Of which : ECP 3.8 3.6 1.7 4.9 3.6 3.4 3.3 3.1 3.0 2.9
observations.csv,o-4b84f1918e,ok,dma-imf-art4-2016,imf,found,text,"PDF p. 68, Supplement (Draft Budget FY2016)",non-tax revenues are significantly higher mainly as a result of the collection of ECP revenues at 11.9 percent of GDP
observations.csv,o-687ecd3a24,ok,dma-imf-art4-2017,imf,found,text,"PDF p. 39, Table 5b (percent of GDP), row ""Of which: CBI""",Of which : CBI 3.8 3.6 1.6 5.2 9.4 8.9 5.6 4.3 3.7 3.2 3.2
observations.csv,o-8e312a66b8,ok,dma-imf-art4-2018,imf,found,text,"PDF p. 36, Table 3b (percent of GDP)",Citizenship-by-Investment 3.8 3.6 1.6 4.8 21.6 13.9 7.8 5.8 3.5 2.8 2.8 2.7
observations.csv,o-d500cf737b,ok,dma-imf-art4-2021,imf,found,text,"PDF p. 35, Table 2b (Central Government Operations, percent of GDP)",Citizenship-by-Investment 32.6 21.2 13.1 11.6 29.5 24.5 19.0 17.0 15.0 14.0 14.0
observations.csv,o-3d15781e26,ok,dma-imf-art4-2018,imf,found,text,"PDF p. 36, Table 3b (percent of GDP)",Citizenship-by-Investment 3.8 3.6 1.6 4.8 21.6 13.9 7.8 5.8 3.5 2.8 2.8 2.7
observations.csv,o-e81ece04f6,ok,dma-imf-art4-2021,imf,found,text,"PDF p. 35, Table 2b (Central Government Operations, percent of GDP)",Citizenship-by-Investment 32.6 21.2 13.1 11.6 29.5 24.5 19.0 17.0 15.0 14.0 14.0
observations.csv,o-25d51122eb,ok,dma-imf-art4-2018,imf,found,text,"PDF p. 36, Table 3b (percent of GDP)",Citizenship-by-Investment 3.8 3.6 1.6 4.8 21.6 13.9 7.8 5.8 3.5 2.8 2.8 2.7
observations.csv,o-31cf4f5084,ok,dma-imf-art4-2021,imf,found,text,"PDF p. 35, Table 2b (Central Government Operations, percent of GDP)",Citizenship-by-Investment 32.6 21.2 13.1 11.6 29.5 24.5 19.0 17.0 15.0 14.0 14.0
observations.csv,o-e0baa8f899,ok,dma-imf-art4-2021,imf,found,text,"PDF p. 35, Table 2b (Central Government Operations, percent of GDP)",Citizenship-by-Investment 32.6 21.2 13.1 11.6 29.5 24.5 19.0 17.0 15.0 14.0 14.0
observations.csv,o-823f478953,ok,dma-imf-art4-2024,imf,found,text,"PDF p. 34, Table 3b (in percent of GDP)",Citizenship-by-Investment 12.1 31.3 29.2 36.6 18.0 15.4 14.5 14.5 14.5 14.5 14.5
observations.csv,o-322c75aa96,ok,dma-imf-art4-2021,imf,found,text,"PDF p. 35, Table 2b (Central Government Operations, percent of GDP)",Citizenship-by-Investment 32.6 21.2 13.1 11.6 29.5 24.5 19.0 17.0 15.0 14.0 14.0
observations.csv,o-10a473b838,ok,dma-imf-art4-2025,imf,found,text,"PDF p. 36, Table 3b (in percent of GDP)",Citizenship-by-Investment 31.3 29.2 36.7 33.0 30.0 23.6 15.7 15.7 15.7 15.7 15.7
observations.csv,o-50f74f94a8,ok,dma-imf-art4-2021,imf,found,text,"PDF p. 35, Table 2b (Central Government Operations, percent of GDP)",Citizenship-by-Investment 32.6 21.2 13.1 11.6 29.5 24.5 19.0 17.0 15.0 14.0 14.0
observations.csv,o-959892f5ce,,dma-imf-art4-2023,imf,checked,text,"PDF p. 36, Table 3b (Statement of Operations of the Central Government)",Citizenship-by-Investment 13.2 12.1 31.3 28.6 18.0 17.0 15.0 14.0 14.0 14.0 14.0
observations.csv,o-0424407cae,ok,dma-imf-art4-2026,imf,found,text,"PDF p. 36, Table 3b (in percent of GDP)",Citizenship-by-Investment 29.2 36.6 33.1 34.7 27.5 20.3 15.7 15.7 15.7 15.7 15.7
observations.csv,o-50157fc62d,,dma-imf-art4-2023,imf,checked,text,"PDF p. 36, Table 3b (Statement of Operations of the Central Government)",Citizenship-by-Investment 13.2 12.1 31.3 28.6 18.0 17.0 15.0 14.0 14.0 14.0 14.0
observations.csv,o-82f0eedc93,ok,dma-imf-art4-2025,imf,found,text,"PDF p. 36, Table 3b (in percent of GDP)",Citizenship-by-Investment 31.3 29.2 36.7 33.0 30.0 23.6 15.7 15.7 15.7 15.7 15.7
observations.csv,o-fff3aabbb9,ok,dma-imf-art4-2026,imf,found,text,"PDF p. 36, Table 3b (in percent of GDP)",Citizenship-by-Investment 29.2 36.6 33.1 34.7 27.5 20.3 15.7 15.7 15.7 15.7 15.7
observations.csv,o-a0075d8a70,,dma-imidaily-2024-09,industry,no_copy,,Article text,CBI revenue reached an unprecedented 37% of the country’s GDP in FY2022/23
observations.csv,o-8afa3f1565,ok,dma-imf-art4-2024,imf,found,text,"PDF p. 34, Table 3b (in percent of GDP)",Citizenship-by-Investment 12.1 31.3 29.2 36.6 18.0 15.4 14.5 14.5 14.5 14.5 14.5
observations.csv,o-57a0b91275,ok,dma-imf-art4-2025,imf,found,text,"PDF p. 36, Table 3b (in percent of GDP)",Citizenship-by-Investment 31.3 29.2 36.7 33.0 30.0 23.6 15.7 15.7 15.7 15.7 15.7
observations.csv,o-225c58e661,ok,dma-imf-art4-2026,imf,found,text,"PDF p. 36, Table 3b (in percent of GDP)",Citizenship-by-Investment 29.2 36.6 33.1 34.7 27.5 20.3 15.7 15.7 15.7 15.7 15.7
observations.csv,o-e255dfd4b8,ok,dma-imf-art4-2024,imf,found,text,"PDF p. 34, Table 3b (in percent of GDP)",Citizenship-by-Investment 12.1 31.3 29.2 36.6 18.0 15.4 14.5 14.5 14.5 14.5 14.5
observations.csv,o-67a4bb9bb1,ok,dma-imf-art4-2025,imf,found,text,"PDF p. 36, Table 3b (in percent of GDP)",Citizenship-by-Investment 31.3 29.2 36.7 33.0 30.0 23.6 15.7 15.7 15.7 15.7 15.7
observations.csv,o-1546c19e71,ok,dma-imf-art4-2026,imf,found,text,"PDF p. 36, Table 3b (in percent of GDP)",Citizenship-by-Investment 29.2 36.6 33.1 34.7 27.5 20.3 15.7 15.7 15.7 15.7 15.7
observations.csv,o-0b1269905a,ok,dma-imf-art4-2025,imf,found,text,"PDF p. 36, Table 3b (in percent of GDP)",Citizenship-by-Investment 31.3 29.2 36.7 33.0 30.0 23.6 15.7 15.7 15.7 15.7 15.7
observations.csv,o-fc1babb747,ok,dma-imf-art4-2026,imf,found,text,"PDF p. 36, Table 3b (in percent of GDP)",Citizenship-by-Investment 29.2 36.6 33.1 34.7 27.5 20.3 15.7 15.7 15.7 15.7 15.7
observations.csv,o-16a6fa7032,ok,dma-budget-address-2025-26,government,found,text,PDF p. 5,The CBI continues to be a critical source of financing mainly for capital expenditure and accounts for roughly 58 percent of total revenues.
observations.csv,o-77a2292a15,,dma-caribbean360-2026-08,media,no_copy,,Article text (quoted statement),Dominica's 2025-2026 budget projected that 56.7 per cent of recurrent government revenue would come from CBI
observations.csv,o-285c1a84fb,,dma-occrp-2023,media,no_copy,,Article text,"the scheme made the island $1.2 billion between 2017 and 2020 alone, according to Dominica’s government."
observations.csv,o-2eafe0350b,,dma-occrp-2023,media,no_copy,,Article text,"Dominica sold just under 2,000 citizenships and had received about $170 million."
observations.csv,o-d26a4dc31a,ok,dma-imf-art4-2024,imf,found,text,"PDF p. 32, Table 2 (Balance of Payments, US$ millions)",of which Citizenship By Investment 72.3 116.7 167.9 200.7 177.1 117.6 112.2 114.7 120.5 126.3 132.1
observations.csv,o-5866d0aaae,ok,dma-imf-art4-2025,imf,found,text,"PDF p. 34, Table 2 (Balance of Payments, US$ millions)",of which Citizenship By Investment 116.7 167.9 200.7 227.3 220.0 199.4 154.4 130.1 136.3 142.5 148.8
observations.csv,o-dda2c3c135,ok,dma-imf-art4-2026,imf,found,text,"PDF p. 34, Table 2 (Balance of Payments, US$ millions)",of which Citizenship By Investment 167.9 200.7 227.3 235.7 229.7 187.9 149.2 136.9 143.2 149.5 155.8
observations.csv,o-7e61c6e9fc,ok,dma-imf-art4-2026,imf,found,text,"PDF p. 34, Table 2 (Balance of Payments, US$ millions)",of which Citizenship By Investment 167.9 200.7 227.3 235.7 229.7 187.9 149.2 136.9 143.2 149.5 155.8
observations.csv,o-0982b5d356,ok,dma-imf-art4-2024,imf,found,text,"PDF p. 32, Table 2 (Balance of Payments, US$ millions)",of which Citizenship By Investment 72.3 116.7 167.9 200.7 177.1 117.6 112.2 114.7 120.5 126.3 132.1
observations.csv,o-914bf92a32,ok,dma-imf-art4-2026,imf,found,text,"PDF p. 34, Table 2 (Balance of Payments, US$ millions)",of which Citizenship By Investment 167.9 200.7 227.3 235.7 229.7 187.9 149.2 136.9 143.2 149.5 155.8
observations.csv,o-f82e239a97,ok,dma-imf-art4-2024,imf,found,text,"PDF p. 32, Table 2 (Balance of Payments, US$ millions)",of which Citizenship By Investment 72.3 116.7 167.9 200.7 177.1 117.6 112.2 114.7 120.5 126.3 132.1
observations.csv,o-2eb2fb9fcd,ok,dma-imf-art4-2025,imf,found,text,"PDF p. 34, Table 2 (Balance of Payments, US$ millions)",of which Citizenship By Investment 116.7 167.9 200.7 227.3 220.0 199.4 154.4 130.1 136.3 142.5 148.8
observations.csv,o-8c8a40d210,ok,dma-imf-art4-2026,imf,found,text,"PDF p. 34, Table 2 (Balance of Payments, US$ millions)",of which Citizenship By Investment 167.9 200.7 227.3 235.7 229.7 187.9 149.2 136.9 143.2 149.5 155.8
observations.csv,o-642c1776dc,ok,dma-imf-art4-2025,imf,found,text,"PDF p. 34, Table 2 (Balance of Payments, US$ millions)",of which Citizenship By Investment 116.7 167.9 200.7 227.3 220.0 199.4 154.4 130.1 136.3 142.5 148.8
observations.csv,o-6ffd2167ce,ok,dma-imf-art4-2026,imf,found,text,"PDF p. 34, Table 2 (Balance of Payments, US$ millions)",of which Citizenship By Investment 167.9 200.7 227.3 235.7 229.7 187.9 149.2 136.9 143.2 149.5 155.8
observations.csv,o-de558d9fa2,ok,dma-imf-art4-2026,imf,found,text,"PDF p. 34, Table 2 (Balance of Payments, US$ millions)",of which Citizenship By Investment 167.9 200.7 227.3 235.7 229.7 187.9 149.2 136.9 143.2 149.5 155.8
observations.csv,o-3ef684d1e6,ok,dma-budget-address-2017-18,government,found,text,PDF p. 8,A total of $507.0 million was collected under the CBI of which $334.0 million was used for budget financing.
observations.csv,o-5c06d39b99,ok,dma-imf-art4-2017,imf,found,text,"PDF p. 12, para on external sector","CBI revenues, which increased from 3.4 percent of GDP in 2015 to estimated 7.4 percent in 2016"
observations.csv,o-fa1adeef33,ok,dma-imf-art4-2017,imf,found,text,"PDF p. 12, para on external sector","CBI revenues, which increased from 3.4 percent of GDP in 2015 to estimated 7.4 percent in 2016"
observations.csv,o-97021c594c,ok,dma-imf-art4-2024,imf,found,text,"PDF p. 32, Table 2 (Balance of Payments, percent of GDP)",of which Citizenship By Investment 11.8 23.2 30.2 33.0 26.9 16.6 14.9 14.4 14.5 14.4 14.5
observations.csv,o-c929d1c25d,ok,dma-imf-art4-2025,imf,found,text,"PDF p. 34, Table 2 (Balance of Payments, percent of GDP)",of which Citizenship By Investment 23.2 30.2 33.1 34.8 31.5 26.7 19.5 15.7 15.7 15.7 15.7
observations.csv,o-0e1bd3b8ab,ok,dma-imf-art4-2026,imf,found,text,"PDF p. 34, Table 2 (Balance of Payments, percent of GDP)",of which Citizenship By Investment 30.2 33.1 34.5 34.2 30.9 23.8 17.9 15.7 15.7 15.7 15.7
observations.csv,o-1008705ae2,ok,dma-imf-art4-2024,imf,found,text,"PDF p. 32, Table 2 (Balance of Payments, percent of GDP)",of which Citizenship By Investment 11.8 23.2 30.2 33.0 26.9 16.6 14.9 14.4 14.5 14.4 14.5
observations.csv,o-44ab717b9c,ok,dma-imf-art4-2026,imf,found,text,"PDF p. 34, Table 2 (Balance of Payments, percent of GDP)",of which Citizenship By Investment 30.2 33.1 34.5 34.2 30.9 23.8 17.9 15.7 15.7 15.7 15.7
observations.csv,o-96b3051ad2,ok,dma-imf-art4-2024,imf,found,text,"PDF p. 32, Table 2 (Balance of Payments, percent of GDP)",of which Citizenship By Investment 11.8 23.2 30.2 33.0 26.9 16.6 14.9 14.4 14.5 14.4 14.5
observations.csv,o-25237c0d92,ok,dma-imf-art4-2025,imf,found,text,"PDF p. 34, Table 2 (Balance of Payments, percent of GDP)",of which Citizenship By Investment 23.2 30.2 33.1 34.8 31.5 26.7 19.5 15.7 15.7 15.7 15.7
observations.csv,o-4694ee62e6,ok,dma-imf-art4-2026,imf,found,text,"PDF p. 34, Table 2 (Balance of Payments, percent of GDP)",of which Citizenship By Investment 30.2 33.1 34.5 34.2 30.9 23.8 17.9 15.7 15.7 15.7 15.7
observations.csv,o-55588efcbe,ok,dma-imf-art4-2024,imf,found,text,"PDF p. 32, Table 2 (Balance of Payments, percent of GDP)",of which Citizenship By Investment 11.8 23.2 30.2 33.0 26.9 16.6 14.9 14.4 14.5 14.4 14.5
observations.csv,o-bf5ccf7639,ok,dma-imf-art4-2025,imf,found,text,"PDF p. 34, Table 2 (Balance of Payments, percent of GDP)",of which Citizenship By Investment 23.2 30.2 33.1 34.8 31.5 26.7 19.5 15.7 15.7 15.7 15.7
observations.csv,o-d2d1ecc2b3,ok,dma-imf-art4-2026,imf,found,text,"PDF p. 34, Table 2 (Balance of Payments, percent of GDP)",of which Citizenship By Investment 30.2 33.1 34.5 34.2 30.9 23.8 17.9 15.7 15.7 15.7 15.7
observations.csv,o-9419e0c65b,ok,dma-imf-art4-2025,imf,found,text,"PDF p. 34, Table 2 (Balance of Payments, percent of GDP)",of which Citizenship By Investment 23.2 30.2 33.1 34.8 31.5 26.7 19.5 15.7 15.7 15.7 15.7
observations.csv,o-0ec73752ed,ok,dma-imf-art4-2026,imf,found,text,"PDF p. 34, Table 2 (Balance of Payments, percent of GDP)",of which Citizenship By Investment 30.2 33.1 34.5 34.2 30.9 23.8 17.9 15.7 15.7 15.7 15.7
observations.csv,o-f9563a9e54,ok,dma-imf-art4-2026,imf,found,text,"PDF p. 34, Table 2 (Balance of Payments, percent of GDP)",of which Citizenship By Investment 30.2 33.1 34.5 34.2 30.9 23.8 17.9 15.7 15.7 15.7 15.7
observations.csv,o-724d782cb2,ok,intl-ec-com-2025-792,eu,found,text,"p. 7 (printed), PDF p. 8","in 2024 rejection rates were 1.7% in Antigua and Barbuda, 5.3% in Saint Lucia, and 6.5% in Dominica"
observations.csv,o-2159ca3e0b,ok,intl-ec-swd-2025-429,eu,loose,text,"PDF p. 38, table (Eastern Caribbean), row ""Rejection rate (2024)""",Rejection rate (2024): 6.5%
observations.csv,o-0f2431c1dd,ok,intl-ec-swd-2025-429,eu,loose,text,"PDF p. 38, table (Eastern Caribbean), row ""Total passports issued""",Total passports issued: 29 590 (2018-2021)
observations.csv,o-f1d14cd4e2,ok,intl-ec-swd-2025-429,eu,loose,text,"PDF p. 38, table (Eastern Caribbean), row ""Total passports issued""",Total passports issued: 9 539 (2023)
observations.csv,o-b0e095ac97,ok,intl-ec-swd-2025-429,eu,loose,text,"PDF p. 38, table (Eastern Caribbean), row ""Total passports issued""",Total passports issued: 9 586 (2024)
observations.csv,o-cd60bc3c71,,intl-ec-com-2023-730,eu,found,text,p. 37 (printed),"with a total of at least 88 000 passports issued to date. For certain countries, this number is above 30 000 (34 500 passports issued by Dominica; 36 742 by Saint Kitts and Nevis)."
observations.csv,o-4ded73c9b1,,dma-occrp-2023,media,no_copy,,Article text,"The national gazettes, which span the years 2007 to 2022, include the names of roughly 7,700 new citizens."
observations.csv,o-a17e3a6da8,,dma-occrp-2023,media,no_copy,,Article text,"In parliament, Prime Minister Skerrit said that between June 2018 and July 2019, Dominica sold just under 2,000 citizenships and had received about $170 million."
observations.csv,o-c1e7ae1dc0,,dma-occrp-2023,media,no_copy,,Article text,"In gazettes that correspond with these two budget years, however, the names of only 1,664 people were included"
observations.csv,o-93bd3b670c,,dma-occrp-2023,media,no_copy,,Article text,"a line item for naturalization in Dominica’s national budgets that covers the period from mid-2016 to mid-2022 suggests that the government collected enough naturalization fees to account for more than 19,000 new citizens"
observations.csv,o-26fabdb19b,,grc-mma-legal-migration-2023-12-annexb,government,found,text,"p. 14, Πίνακας 16",ΜΟΝΙΜΟΥ ΕΠΕΝΔΥΤΗ 3 26 115 170 826 7.657 8.797
observations.csv,o-0cd2c5d163,,grc-gtp-2025-02-13,media,no_copy,,later paragraph,"with 12,087 pending applications as of 2024"
observations.csv,o-62cf1f0db2,,grc-mma-legal-migration-2024-12-annexb,government,found,text,"p. 15, Πίνακας 16",ΔΙΑΜΟΝΗΣ ΜΟΝΙΜΟΥ 3 9 23 64 244 4.383 10.694 15.420
observations.csv,o-2d94f9205a,,grc-mma-legal-migration-2025-12-annexb,government,found,text,"p. 15, Πίνακας 16",ΑΔΕΙΑ ΔΙΑΜΟΝΗΣ ΜΟΝΙΜΟΥ 47 123 595 5.214 5.574 11.553 ΕΠΕΝΔΥΤΗ (Ν4251/14)
observations.csv,o-d41ad2e28b,,grc-mma-legal-migration-2026-08-annexb,government,found,text,"p. 15, Πίνακας 16",ΑΔΕΙΑ ΔΙΑΜΟΝΗΣ ΜΟΝΙΜΟΥ 83 176 1.957 2.134 3.336 7.686 ΕΠΕΝΔΥΤΗ (Ν4251/14)
observations.csv,o-3fa2228d4f,,grc-mma-legal-migration-2024-12-annexb,government,loose,text,"p. 15, Πίνακας 16",ΕΚΚΡΕΜΟΤΗΤΩΝ 16 35 54 236 674 14.203 34.083 49.301
observations.csv,o-c82a70a8fb,,grc-mma-legal-migration-2025-12-annexb,government,found,text,"p. 15, Πίνακας 16",ΕΚΚΡΕΜΟΤΗΤΩΝ 179 371 2.697 17.107 20.018 40.372
observations.csv,o-7a4bcbe41f,,grc-movingto-2026-07-10,industry,no_copy,,section Pending,"Pending investor and family applications fell from 35,669 in March to 33,051 in May 2026"
observations.csv,o-713b341cf9,,grc-mma-legal-migration-2026-08-annexb,government,found,text,"p. 15, Πίνακας 16",ΕΚΚΡΕΜΟΤΗΤΩΝ 280 1.327 6.871 8.216 11.987 28.681
observations.csv,o-f3f2b655ff,,grc-mma-legal-migration-2024-12-annexb,government,found,text,"p. 12, Πίνακας 13α",2018 1.933 18 15 3 1.969
observations.csv,o-4226ac7e79,,grc-mma-legal-migration-2023-12-annexb,government,found,text,"p. 11, Πίνακας 13α",ΣΥΝΟΛΟ ΑΡΧΙΚΩΝ ΧΟΡΗΓΗΣΕΩΝ 14.499 125 78 7.596 22.298
observations.csv,o-8bacd737d2,,grc-mma-legal-migration-2024-12-annexb,government,found,text,"p. 12, Πίνακας 13α",2019 3.969 55 26 5 4.055
observations.csv,o-27c8830a51,,grc-mma-legal-migration-2024-12-annexb,government,found,text,"p. 12, Πίνακας 13α",2020 1.426 21 18 20 1.485
observations.csv,o-4d25507007,,grc-mma-legal-migration-2024-12-annexb,government,found,text,"p. 12, Πίνακας 13α",2021 1.900 9 22 62 1.993
observations.csv,o-e497ea64f3,,grc-mma-legal-migration-2022-12-annexb,government,found,text,"p. 12, Πίνακας 13α",2022 1.593 4 9 2.658 4.264
observations.csv,o-c28983bb05,,grc-mma-legal-migration-2024-12-annexb,government,found,text,"p. 12, Πίνακας 13α",2022 4.149 28 9 167 4.353
observations.csv,o-dc8a73c3a0,,grc-mma-legal-migration-2023-12-annexb,government,found,text,"p. 11, Πίνακας 13α",2023 1.665 17 6.669 8.351
observations.csv,o-beaa597f4e,,grc-mma-legal-migration-2024-12-annexb,government,found,text,"p. 12, Πίνακας 13α",2023 4.244 42 2 4.189 8.477
observations.csv,o-53bd7f0255,,grc-gtp-2025-02-13,media,no_copy,,para 1,"a record-breaking 9,289 applications were submitted for residence permits under Greece's Golden Visa program"
observations.csv,o-02d04f48d6,,grc-mma-legal-migration-2024-12-annexb,government,found,text,"p. 12, Πίνακας 13α",2024 1.617 30 1 7.641 9.289
observations.csv,o-41e75a3d04,,grc-mma-legal-migration-2025-12-annexb,government,found,text,"p. 12, Πίνακας 13α",2024 4.894 59 1 4.437 9.391
observations.csv,o-08e0c3b4c2,,grc-mma-legal-migration-2026-08-annexb,government,found,text,"p. 12, Πίνακας 13α",2024 7.563 81 2 1.726 9.372
observations.csv,o-a2bad68968,,grc-mma-legal-migration-2025-12-annexb,government,found,text,"p. 12, Πίνακας 13α",2025 2.122 10 4.846 6.978
observations.csv,o-c5e24e9cc0,,grc-mma-legal-migration-2026-08-annexb,government,found,text,"p. 12, Πίνακας 13α",2025 5.159 32 1.830 7.021
observations.csv,o-d01a691fb3,,grc-movingto-2026-07-10,industry,no_copy,,section New applications,"9,382 initial permanent-investor applications filed in 2024 and 7,025 in 2025"
observations.csv,o-a968e5be31,,grc-mma-legal-migration-2026-08-annexb,government,found,text,"p. 12, Πίνακας 13α",2026 1.048 5 2.373 3.426
observations.csv,o-b0240b358f,,grc-mma-legal-migration-2025-12-annexb,government,loose,text,"p. 12, Πίνακας 13α",ΣΥΝΟΛΟ ΑΡΧΙΚΩΝ ΧΟΡΗΓΗΣΕΩΝ 20.970 202 40 9.958 31.170
observations.csv,o-44abd58406,,grc-gtp-2025-02-13,media,no_copy,,para 1,representing real estate investments totaling at least 2.32 billion euros
observations.csv,o-5bbfb6aaaa,,grc-ti-greece-2021,ngo,no_copy,,p. 3,και πάνω από 23.758 για τα μέλη των οικογενειών τους
observations.csv,o-90c62cbd0a,,grc-imidaily-2022-01-16,industry,no_copy,,para 3,"the number of approved dependents rose markedly, from 1,971 in 2020 to 3,383 in 2021"
observations.csv,o-759bb54493,,grc-mma-legal-migration-2022-12-annexb,government,found,text,"p. 11, Πίνακας 12β","ΣΥΝΟΛΟ 2.481 100,0% ΣΥΝΟΛΟ 17.834 100,0%"
observations.csv,o-13d2379636,,grc-mma-legal-migration-2023-12-annexb,government,found,text,"p. 10, Πίνακας 12β",ΣΥΝΟΛΟ 4.461 100% ΣΥΝΟΛΟ 21.520 100%
observations.csv,o-28a574c403,,grc-mma-legal-migration-2024-12-annexb,government,found,text,"p. 11, Πίνακας 12β",ΣΥΝΟΛΟ 6.670 100% ΣΥΝΟΛΟ 23.924 100%
observations.csv,o-50f68ce908,,grc-mma-legal-migration-2025-12-annexb,government,found,text,"p. 11, Πίνακας 12β",ΣΥΝΟΛΟ 10.368 100% ΣΥΝΟΛΟ 40.902 100%
observations.csv,o-590431ba65,,grc-mma-legal-migration-2026-08-annexb,government,found,text,"p. 11, Πίνακας 12β",ΣΥΝΟΛΟ 12.024 100% ΣΥΝΟΛΟ 54.001 100%
observations.csv,o-ebf6c1a77b,,grc-mma-legal-migration-2022-12-annexb,government,found,text,"p. 11, Πίνακας 12β","ΣΥΝΟΛΟ 2.481 100,0% ΣΥΝΟΛΟ 17.834 100,0%"
observations.csv,o-3534f6dc51,,grc-mma-legal-migration-2023-12-annexb,government,found,text,"p. 10, Πίνακας 12β",ΣΥΝΟΛΟ 4.461 100% ΣΥΝΟΛΟ 21.520 100%
observations.csv,o-99a29095d6,,grc-mma-legal-migration-2024-12-annexb,government,found,text,"p. 11, Πίνακας 12β",ΣΥΝΟΛΟ 6.670 100% ΣΥΝΟΛΟ 23.924 100%
observations.csv,o-b8992deb64,,grc-mma-legal-migration-2025-12-annexb,government,found,text,"p. 11, Πίνακας 12β",ΣΥΝΟΛΟ 10.368 100% ΣΥΝΟΛΟ 40.902 100%
observations.csv,o-f14affba4f,,grc-mma-legal-migration-2026-08-annexb,government,found,text,"p. 11, Πίνακας 12β",ΣΥΝΟΛΟ 12.024 100% ΣΥΝΟΛΟ 54.001 100%
observations.csv,o-75e1fbc2cf,,grc-mma-permits-2016-12,government,loose,text,"sheet ""Κατηγορία-Φύλο"", row ""ΜΟΝΙΜΗ ΑΔΕΙΑ ΔΙΑΜΟΝΗΣ ΕΠΕΝΔΥΤΗ (Ν4251/14)"", column Σύνολο",ΜΟΝΙΜΗ ΑΔΕΙΑ ΔΙΑΜΟΝΗΣ ΕΠΕΝΔΥΤΗ (Ν4251/14) 909 597 1506
observations.csv,o-be7ec7f7b1,,grc-mma-permits-2017-12,government,loose,text,"sheet ""Τύπος - Φύλο"", row ""ΕΠΕΝΔΥΤΗΣ-ΜΟΝΙΜΗ ΔΙΑΜΟΝΗ"", column Σύνολο",ΕΠΕΝΔΥΤΗΣ-ΜΟΝΙΜΗ ΔΙΑΜΟΝΗ 1357 912 2269
observations.csv,o-3827d7261a,,grc-mma-permits-2018-12,government,loose,text,"sheet ""Τύπος - Φύλο"", row ""ΕΠΕΝΔΥΤΗΣ-ΜΟΝΙΜΗ ΔΙΑΜΟΝΗ"", column Σύνολο",ΕΠΕΝΔΥΤΗΣ-ΜΟΝΙΜΗ ΔΙΑΜΟΝΗ 2352 1610 3962
observations.csv,o-08267deae0,,grc-mma-permits-2019-12,government,loose,text,"sheet ""Τύπος - Φύλο"", row ""ΕΠΕΝΔΥΤΗΣ-ΜΟΝΙΜΗ ΔΙΑΜΟΝΗ"", column Σύνολο",ΕΠΕΝΔΥΤΗΣ-ΜΟΝΙΜΗ ΔΙΑΜΟΝΗ 3898 2994 6892
observations.csv,o-ceafde7a2e,,grc-mma-legal-migration-2024-12-annexb,government,found,text,"p. 10, Πίνακας 12α (table by sex)",ΣΥΝΟΛΟ 10.141 7.314 17.455
observations.csv,o-b2e6283162,,grc-mma-legal-migration-2025-12-annexb,government,found,text,"p. 10, Πίνακας 12α (table by sex)",ΣΥΝΟΛΟ 15.976 11.810 27.786
observations.csv,o-70b08ec7d4,,grc-mma-legal-migration-2026-08-annexb,government,found,text,"p. 10, Πίνακας 12α (table by sex)",ΣΥΝΟΛΟ 19.892 14.867 34.759
observations.csv,o-1b2e081336,,grc-mma-legal-migration-2022-12-annexb,government,found,text,"p. 11, Πίνακας 12α","ΣΥΝΟΛΟ 1.630 100,0% ΣΥΝΟΛΟ 9.802 100,0%"
observations.csv,o-5bd0244730,,grc-mma-legal-migration-2023-12-annexb,government,found,text,"p. 10, Πίνακας 12α",ΣΥΝΟΛΟ 3.035 100% ΣΥΝΟΛΟ 12.126 100%
observations.csv,o-f14ea0ba58,,grc-mma-legal-migration-2024-12-annexb,government,found,text,"p. 10, Πίνακας 12α",ΑΡΧΙΚΗ ΧΟΡΗΓΗΣΗ 7.449 5.479 12.928
observations.csv,o-13596e804b,,grc-mma-legal-migration-2025-12-annexb,government,found,text,"p. 10, Πίνακας 12α",ΑΡΧΙΚΗ ΧΟΡΗΓΗΣΗ 11.984 8.748 20.732
observations.csv,o-ce39400a8e,,grc-mma-legal-migration-2026-08-annexb,government,found,text,"p. 10, Πίνακας 12α",ΑΡΧΙΚΗ ΧΟΡΗΓΗΣΗ 15.344 11.346 26.690
observations.csv,o-bce839ccfd,,grc-mma-legal-migration-2022-12-annexb,government,found,text,"p. 11, Πίνακας 12α","ΚΙΝΑ 6.159 62,8%"
observations.csv,o-42ee469714,,grc-mma-legal-migration-2023-12-annexb,government,found,text,"p. 10, Πίνακας 12α","ΚΙΝΑ 7.385 60,9%"
observations.csv,o-fcc0e2edc1,,grc-mma-legal-migration-2024-12-annexb,government,found,text,"p. 10, Πίνακας 12α","ΚΙΝΑ 6.457 49,9%"
observations.csv,o-a63a098c18,,grc-mma-legal-migration-2025-12-annexb,government,found,text,"p. 10, Πίνακας 12α","ΚΙΝΑ 9.926 47,9%"
observations.csv,o-ba100ebe6d,,grc-tovima-2026-05-20,media,no_copy,,para 2,επενδυτές από την Κίνα ... με 11.136 άδειες
observations.csv,o-b3fb0be28b,,grc-mma-legal-migration-2026-08-annexb,government,found,text,"p. 10, Πίνακας 12α","ΚΙΝΑ 12.664 47,4%"
observations.csv,o-9284ebda35,,grc-mma-legal-migration-2025-12-annexb,government,found,text,"p. 10, Πίνακας 12α","ΤΟΥΡΚΙΑ 3.291 15,9%"
observations.csv,o-bc0667d9b1,,grc-tovima-2026-05-20,media,no_copy,,para 2,"επενδυτές από την Τουρκία, με 3.820 άδειες"
observations.csv,o-86aa3ed115,,grc-mma-legal-migration-2026-08-annexb,government,found,text,"p. 10, Πίνακας 12α","ΤΟΥΡΚΙΑ 5.107 19,1%"
observations.csv,o-0c81018871,,grc-mma-legal-migration-2022-12-annexb,government,found,text,"p. 11, Πίνακας 12α","ΣΥΝΟΛΟ 1.630 100,0% ΣΥΝΟΛΟ 9.802 100,0%"
observations.csv,o-8ed53cdd6d,,grc-mma-legal-migration-2023-12-annexb,government,found,text,"p. 10, Πίνακας 12α",ΣΥΝΟΛΟ 3.035 100% ΣΥΝΟΛΟ 12.126 100%
observations.csv,o-dc79d04389,,grc-mma-legal-migration-2024-12-annexb,government,found,text,"p. 10, Πίνακας 12α",ΑΝΑΝΕΩΣΗ/ ΕΠΑΝΕΚΔΟΣΗ 2.692 1.835 4.527
observations.csv,o-8f69a1499a,,grc-mma-legal-migration-2025-12-annexb,government,found,text,"p. 10, Πίνακας 12α",ΑΝΑΝΕΩΣΗ/ ΕΠΑΝΕΚΔΟΣΗ 3.992 3.062 7.054
observations.csv,o-3ceb5cbc10,,grc-mma-legal-migration-2026-08-annexb,government,found,text,"p. 10, Πίνακας 12α",ΑΝΑΝΕΩΣΗ/ ΕΠΑΝΕΚΔΟΣΗ 4.548 3.521 8.069
observations.csv,o-2d282d887a,,grc-ti-greece-2021,ngo,no_copy,,p. 3,το Υπουργείο Εξωτερικών εξέδωσε 8.011 άδειες διαμονής για τους ίδιους τους επενδυτές ακινήτων
observations.csv,o-a789bc5528,,grc-imidaily-2022-01-16,industry,no_copy,,para 1,"bringing the 2021 annual total to 1,035 approvals"
observations.csv,o-9901931d84,,grc-mma-legal-migration-2022-12-annexb,government,found,text,"p. 14, Πίνακας 15",ΣΥΝΟΛΟ 2.241 671 2.912
observations.csv,o-8d3f27166d,,grc-mma-legal-migration-2023-12-annexb,government,found,text,"p. 13, Πίνακας 15",ΣΥΝΟΛΟ 4.496 1.543 6.039
observations.csv,o-cbe73beace,,grc-mma-legal-migration-2024-12-annexb,government,found,text,"p. 14, Πίνακας 15",ΣΥΝΟΛΟ 4.885 1.902 6.787
observations.csv,o-4bdb40b573,,grc-mma-legal-migration-2025-12-annexb,government,found,text,"p. 14, Πίνακας 15",ΣΥΝΟΛΟ 9.382 2.923 12.305
observations.csv,o-f6d5e66f03,,grc-mma-legal-migration-2026-08-annexb,government,found,text,"p. 14, Πίνακας 15",ΣΥΝΟΛΟ 10.778 2.431 13.209
observations.csv,o-3b460e0e86,,grc-mma-legal-migration-2022-12-annexb,government,found,text,"p. 14, Πίνακας 15",ΣΥΝΟΛΟ 2.241 671 2.912
observations.csv,o-0f241c58b9,,grc-mma-legal-migration-2023-12-annexb,government,found,text,"p. 13, Πίνακας 15",ΣΥΝΟΛΟ 4.496 1.543 6.039
observations.csv,o-b8704e3bf3,,grc-mma-legal-migration-2024-12-annexb,government,found,text,"p. 14, Πίνακας 15",ΣΥΝΟΛΟ 4.885 1.902 6.787
observations.csv,o-8e93f36e7d,,grc-gtp-2025-02-13,media,no_copy,,later paragraph,"4,536 permits granted in 2024, up from 4,231 in 2023"
observations.csv,o-ef4c38cbcf,,grc-mma-legal-migration-2025-12-annexb,government,found,text,"p. 14, Πίνακας 15",ΣΥΝΟΛΟ 9.382 2.923 12.305
observations.csv,o-de787e15db,,grc-mma-legal-migration-2026-08-annexb,government,found,text,"p. 14, Πίνακας 15",ΣΥΝΟΛΟ 10.778 2.431 13.209
observations.csv,o-86a302e531,,grc-mma-legal-migration-2022-12,government,checked,text,"p. 11, Γράφημα 15",Σύνολο 31 747
observations.csv,o-567af48603,,grc-mma-legal-migration-2023-12,government,checked,text,"p. 11, Γράφημα 15",Σύνολο 41 142
observations.csv,o-09f5bd7dca,,grc-mma-legal-migration-2024-12,government,checked,text,"p. 11, Γράφημα 15",Σύνολο 48 049
observations.csv,o-664a309fff,,grc-mma-legal-migration-2025-12,government,checked,text,"p. 11, Γράφημα 15",Σύνολο 79 056
observations.csv,o-6ce505482e,,grc-mma-legal-migration-2026-08,government,checked,text,"p. 11, Γράφημα 15",Σύνολο 100 784
observations.csv,o-9f50cbbba6,,grd-mof-cbistats-2014-15,government,found,text,"p. 5, column 'TOTAL as at December 2015'",TOTAL as at December 2015 ... 100
observations.csv,o-846e8fc155,,grd-mof-cbistats-2016,government,found,text,"p. 1, TOTAL column",2. Applications approved by Cabinet ... 39 85 124
observations.csv,o-f714ed8e76,,grd-mof-cbistats-2017q3,government,found,text,"p. 1, TOTAL column",2. Applications approved by Cabinet 125 17 33 19 69 194
observations.csv,o-83fb3c2c70,,grd-mof-cbistats-2018,government,found,text,"p. 1, TOTAL column",2. Applications approved by Cabinet 40 60 61 83 244
observations.csv,o-c2cac998e1,,grd-mof-cbistats-2020q4,government,found,text,"p. 1, TOTAL column",2. Applications approved by Cabinet 40 31 13 84 375
observations.csv,o-7fb34bf864,,grd-mof-cbistats-2021q4,government,found,text,"p. 1, TOTAL column",2. Applications approved by Cabinet 36 66 32 134 402
observations.csv,o-9f1f3f3c90,,grd-ima-stats-2024q4,government,found,text,"p. 1, column 'Y-T-D' (Q4 2024 report)","2a. Applications Approved 46 50 76 172 1,583"
observations.csv,o-8e365519e3,,grd-ima-stats-2025q4,government,found,text,"p. 1, column 'Y-T-D' (Q4 2025 report)",2a. Applications Approved 57 64 33 154 495
observations.csv,o-5c5cf5bb0a,,grd-ima-stats-2026q1,government,found,text,"p. 1, column 'Total'",2a. Applications Approved 34 38 47 119 119
observations.csv,o-efe338c10a,,grd-ima-ceo-processing-2024,government,loose,text,"p. 1, chart 'Processing Efficiency 2021-2023' (data labels)",430 493 1581 / 2021 2022 2023
observations.csv,o-94f7701b00,,grd-ima-ceo-processing-2024,government,loose,text,"p. 1, chart 'Processing Efficiency 2021-2023' (data labels)",430 493 1581 / 2021 2022 2023
observations.csv,o-417573c0ca,,grd-ima-ceo-processing-2024,government,loose,text,"p. 1, chart 'Processing Efficiency 2021-2023' (data labels)",430 493 1581 / 2021 2022 2023
observations.csv,o-a133c0080f,,grd-ima-stats-2024q4,government,found,text,"p. 1, column 'Y-T-D' (Q4 2024 report)","2. Total Applications Processed 51 56 78 185 1,676"
observations.csv,o-66ce3760a0,,grd-ima-stats-2025q4,government,found,text,"p. 1, column 'Y-T-D' (Q4 2025 report)",2. Total Applications Processed 59 65 37 161 557
observations.csv,o-076bfed695,,grd-mof-cbistats-2014-15,government,found,text,"p. 5, column 'TOTAL as at December 2015'",TOTAL as at December 2015 ... 128
observations.csv,o-7156c58edd,ok,intl-ec-swd-2025-429,eu,loose,text,"PDF p. 37, table (Eastern Caribbean), row ""Total applications received""",Total applications received: 5 847 (2015-2023)
observations.csv,o-276daa2529,,grd-mof-cbistats-2016,government,found,text,"p. 1, TOTAL column",1. Applications received ... 62 113 175
observations.csv,o-5ed696204b,,grd-mof-cbistats-2017q3,government,found,text,"p. 1, TOTAL column",1. Applications received 189 37 43 27 107 296
observations.csv,o-862c74239b,,grd-mof-cbistats-2018,government,found,text,"p. 1, TOTAL column",1. Applications received 77 84 85 68 314
observations.csv,o-4eb1b363f1,,grd-mof-cbistats-2020q4,government,found,text,"p. 1, TOTAL column",1. Applications received 28 51 40 119 394
observations.csv,o-9ff105efb5,,grd-mof-cbistats-2021q4,government,found,text,"p. 1, TOTAL column",1. Applications received 46 72 57 175 566
observations.csv,o-91b8f35f6f,ok,intl-ec-swd-2025-429,eu,found,text,PDF p. 37,"In Saint Kitts and Nevis, the volume of applications went from 1,987 in 2023 to 223 in 2024 and in Grenada from 2,297 to 420 applications. [...] Antigua and Barbuda recorded a notable increase, from 685 in 2023 to 1,733 in 2024."
observations.csv,o-194d6003ae,,grd-ima-stats-2024q4,government,found,text,"p. 1, column 'Y-T-D' (Q4 2024 report)",1. Applications Received 32 26 36 94 420
observations.csv,o-f36fbece00,ok,intl-ec-swd-2025-429,eu,loose,text,"PDF p. 37, table (Eastern Caribbean), row ""Total applications received""",Total applications received: 420 (2024)
observations.csv,o-8c486644cc,,grd-ima-stats-2025q4,government,found,text,"p. 1, column 'Y-T-D' (Q4 2025 report)",1. Applications Received 41 46 41 128 469
observations.csv,o-1afb0ef369,ok,intl-ec-swd-2025-429,eu,loose,text,"PDF p. 37, table (Eastern Caribbean), row ""Total applications received""",Total applications received: 123 (2025 until 31/03)
observations.csv,o-8f6fc674bb,,grd-ima-stats-2026q1,government,found,text,"p. 1, column 'Total'",1. Applications Received 31 24 48 103 103
observations.csv,o-a5b3e8d5ed,ok,intl-ec-swd-2025-429,eu,loose,text,"PDF p. 37, table (Eastern Caribbean), row ""Rejections""",Rejections: 256 (2015-2023)
observations.csv,o-f15c3a0e2c,,grd-mof-cbistats-2016,government,found,text,"p. 1, TOTAL column",4. Applications rejected by Cabinet ... 8 11 19
observations.csv,o-df61bcf4b7,,grd-mof-cbistats-2018,government,found,text,"p. 1, TOTAL column",4. Applications rejected by Cabinet - 7 5 1 13
observations.csv,o-9b7428bc28,,grd-mof-cbistats-2020q4,government,found,text,"p. 1, TOTAL column",4. Applications rejected by Cabinet 1 5 - 6 35
observations.csv,o-33eda884b8,,grd-mof-cbistats-2021q4,government,found,text,"p. 1, TOTAL column",4. Applications rejected by Cabinet 2 2 2 6 24
observations.csv,o-af70bd5b55,,grd-ima-stats-2024q4,government,found,text,"p. 1, column 'Y-T-D' (Q4 2024 report)",2b. Application Denied 5 6 2 13 93
observations.csv,o-6c06f88902,ok,intl-ec-swd-2025-429,eu,loose,text,"PDF p. 37, table (Eastern Caribbean), row ""Rejections""",Rejections: 93 (2024)
observations.csv,o-ca9c12b77c,,grd-ima-stats-2025q4,government,found,text,"p. 1, column 'Y-T-D' (Q4 2025 report)",2b. Application Denied 2 1 4 7 62
observations.csv,o-81cb6369ea,ok,intl-ec-swd-2025-429,eu,loose,text,"PDF p. 37, table (Eastern Caribbean), row ""Rejections""",Rejections: 25 (2025 until 31/03)
observations.csv,o-c7e7bfbfcd,,grd-mof-budget-2024,government,found,text,"p. 19 (printed p. 15), section 8.7","As of 30th November 2023, an amount of $19.0 million has been lodged with the Eastern Caribbean Central Bank (ECCB) into that Fund."
observations.csv,o-7c9351d1da,,grd-mof-imastats-2024q4,government,found,text,"p. 1, notes ii, 'Closing Balance', Dec-24 column","Closing Balance $ 49,108,037.60 $ 53,220,983.60 $ 54,632,288.60"
observations.csv,o-cd3c911398,ok,grd-imf-art4-2025,imf,found,text,"PDF p. 69, footnote 12 (Debt Sustainability Analysis annex)","10 percent of the NTF CBI receipts are transferred to the fund, which totaled $61.1m at October-2025."
observations.csv,o-08f54e1e2f,,grd-mof-imastats-2025q4,government,found,text,"p. 1, notes ii, 'Closing Balance', Dec-25 column","Closing Balance $ 63,065,172.00 $ 63,475,122.50 $ 64,395,831.00"
observations.csv,o-88dec29848,ok,grd-imf-art4-2016,imf,found,text,"PDF p. 14, text table 'Grenada: Fiscal Program Performance'",CBI-related revenue                                    0.3        16.3
observations.csv,o-9a9ac90506,ok,grd-imf-art4-2019,imf,found,text,"PDF p. 35, Table 2a (non-tax revenue)",Citizenship by Investment Program                    0.3    16.3      3.4     4.9      3.3      3.1     3.4
observations.csv,o-2f591bcf67,ok,grd-imf-art4-2019,imf,found,text,"PDF p. 35, Table 2a (non-tax revenue)",Citizenship by Investment Program                    0.3    16.3      3.4     4.9      3.3      3.1     3.4
observations.csv,o-15fd615569,ok,grd-imf-art4-2019,imf,found,text,"PDF p. 35, Table 2a (non-tax revenue)",Citizenship by Investment Program                    0.3    16.3      3.4     4.9      3.3      3.1     3.4
observations.csv,o-1cbcb6d6f4,,grd-mof-cbistats-2018,government,found,text,"p. 1, row 8 'CBI Payments to Treasury', TOTAL column","8. CBI Payments to Treasury 23,709,924 20,251,017 26,099,707 27,701,901 97,762,549"
observations.csv,o-bfeb14b14b,ok,grd-imf-art4-2019,imf,found,text,"PDF p. 35, Table 2a (non-tax revenue)",Citizenship by Investment Program                    0.3    16.3      3.4     4.9      3.3      3.1     3.4
observations.csv,o-7e3825b735,ok,grd-imf-art4-2024,imf,found,text,"PDF p. 35, Table 3a, non-tax revenue line 'Citizenship by Investment Program'",Citizenship by Investment Program                  96.1     101.5      120.3    135.4     457.3     555.8     185.5
observations.csv,o-994939c35d,ok,grd-imf-art4-2024,imf,found,text,"PDF p. 35, Table 3a, memorandum item 'Government CBI revenue (millions of EC$)'",Government CBI revenue (millions of EC$)                 8.0    17.3       32.3      73.1     381.6     451.3     231.3
observations.csv,o-fe790bd36c,ok,grd-imf-art4-2024,imf,found,text,"PDF p. 35, Table 3a, non-tax revenue line 'Citizenship by Investment Program'",Citizenship by Investment Program                  96.1     101.5      120.3    135.4     457.3     555.8     185.5
observations.csv,o-b925ba4be5,ok,grd-imf-art4-2024,imf,found,text,"PDF p. 35, Table 3a, memorandum item 'Government CBI revenue (millions of EC$)'",Government CBI revenue (millions of EC$)                 8.0    17.3       32.3      73.1     381.6     451.3     231.3
observations.csv,o-f5a5231596,ok,grd-imf-art4-2025,imf,found,text,"PDF p. 33, Table 3a, memorandum items",Government CBI revenue (millions of EC$)                      101.5       120.3       135.4       457.3      553.7       175.6       143.8
observations.csv,o-ba6af38b66,,grd-mof-estimates-2023,government,found,text,"p. 53, Recurrent revenue estimates, item 18001 'CBI Fees', column 'Actual Provisional 2022'","18001 CBI Fees                                                             78,822,511          25,712,200         240,461,920"
observations.csv,o-c8330ad5ef,,grd-nowgrenada-2022-12,media,no_copy,,summary bullets / para 4,"Between January and September 2022, CBI generated EC$112 million income to Government"
observations.csv,o-a3d6fca9e2,ok,grd-imf-art4-2024,imf,found,text,"PDF p. 35, Table 3a, non-tax revenue line 'Citizenship by Investment Program'",Citizenship by Investment Program                  96.1     101.5      120.3    135.4     457.3     555.8     185.5
observations.csv,o-6de65b6a26,ok,grd-imf-art4-2024,imf,found,text,"PDF p. 35, Table 3a, memorandum item 'Government CBI revenue (millions of EC$)'",Government CBI revenue (millions of EC$)                 8.0    17.3       32.3      73.1     381.6     451.3     231.3
observations.csv,o-ea4cfa188a,ok,grd-imf-art4-2025,imf,found,text,"PDF p. 33, Table 3a, memorandum items",Government CBI revenue (millions of EC$)                      101.5       120.3       135.4       457.3      553.7       175.6       143.8
observations.csv,o-327f7a123b,,grd-mof-estimates-2023,government,found,text,"p. 53, item 18001 'CBI Fees', column 'Estimates 2023'","18001 CBI Fees                                                             78,822,511          25,712,200         240,461,920"
observations.csv,o-bb1ffff518,,grd-mof-estimates-2024,government,found,text,"p. 52, item 18001 'CBI Fees', column 'Actual Provisional 2023'","18001 CBI Fees                                                             375,269,871           240,461,920         280,697,921"
observations.csv,o-fd9e533b2e,,grd-mof-mtefs-2025,government,found,text,"p. 18, Table 3 (Total Revenue and Grants, Jan-Dec)",o/w IMA Revenues           381.6        553.7      172.1         45.1%
observations.csv,o-fb4a2e6795,,grd-mof-mtefs-2025,government,found,text,"p. 19, Table 4 'IMA Revenues 2023 and 2024: Old vs New Format'",IMA Revenues                                   381.6          458.3             473.0             553.7
observations.csv,o-d02441a9fe,,grd-nowgrenada-2023-09,media,no_copy,,para 6,"The first 6 months of 2023 were described by Duncan as a windfall, with revenue of EC$157 million from approved applicants."
observations.csv,o-c821ba9242,,grd-mof-mtff-2024,government,found,text,"p. 13, Table 3 (January-June)",o/w IMA Revenues                        156.3       247.7              91.4       58.5%
observations.csv,o-c58ec9a346,,grd-ima-stats-2024q4,government,found,text,"p. 1, row 4 'Net Revenues', Y-T-D column","Net Revenues 50,500,632 21,688,893 10,474,175 82,663,700 472,981,142"
observations.csv,o-f8b1679fa3,ok,grd-imf-art4-2024,imf,found,text,"PDF p. 35, Table 3a, non-tax revenue line 'Citizenship by Investment Program'",Citizenship by Investment Program                  96.1     101.5      120.3    135.4     457.3     555.8     185.5
observations.csv,o-553c5e810e,ok,grd-imf-art4-2024,imf,found,text,"PDF p. 35, Table 3a, memorandum item 'Government CBI revenue (millions of EC$)'",Government CBI revenue (millions of EC$)                 8.0    17.3       32.3      73.1     381.6     451.3     231.3
observations.csv,o-4b20117357,ok,grd-imf-art4-2025,imf,found,text,"PDF p. 33, Table 3a, memorandum items",Government CBI revenue (millions of EC$)                      101.5       120.3       135.4       457.3      553.7       175.6       143.8
observations.csv,o-dd04dcf42c,,grd-mof-estimates-2024,government,found,text,"p. 52, item 18001 'CBI Fees', column 'Approved Estimates 2024'","18001 CBI Fees                                                             375,269,871           240,461,920         280,697,921"
observations.csv,o-d206eb6b87,,grd-mof-estimates-2025,government,found,text,"p. 88, item 18001 'Economic Citizenship', column 'Actual Provisional 2024'","18001 - Economic Citizenship                 553,710,178         280,697,922      140,417,136         157,063,457            170,864,520"
observations.csv,o-63a62abd87,,grd-mof-mtefs-2025,government,found,text,"p. 18, Table 3; p. 19, Table 4 (new format)",o/w IMA Revenues           381.6        553.7      172.1         45.1%
observations.csv,o-5d6357dfe7,,grd-mof-mtefs-2025,government,found,text,"p. 19, Table 4 (old format 'CBI Fees Net')",IMA Revenues                                   381.6          458.3             473.0             553.7
observations.csv,o-ba5c937138,,grd-mof-mtefs-2025,government,found,text,"p. 22, Table 4 'Central Government's Actual 2024 Fiscal Performance'",o/w IMA Revenues       553.7         280.7         273.0         97.3
observations.csv,o-78543bd925,,grd-mof-mtff-2024,government,found,text,"p. 15, Table 5 'Central Government's Estimated 2024 Fiscal Performance'",o/w IMA Revenues       398.5         280.7        117.8           42.0
observations.csv,o-7ebe23175e,,grd-mof-mtff-2024,government,found,text,"p. 13, Table 3 (January-June)",o/w IMA Revenues                        156.3       247.7              91.4       58.5%
observations.csv,o-9b60acfb68,,grd-ima-stats-2025q4,government,found,text,"p. 1, row 4 'Net Revenues', Y-T-D column","Net Revenues 7,186,044 23,580,322 12,374,533 43,140,899 152,999,122"
observations.csv,o-82e6916f53,ok,grd-imf-art4-2025,imf,found,text,"PDF p. 33, Table 3a, memorandum items",Government CBI revenue (millions of EC$)                      101.5       120.3       135.4       457.3      553.7       175.6       143.8
observations.csv,o-e66c2cc906,,grd-mof-estimates-2025,government,found,text,"p. 88, item 18001, column 'Estimates 2025'","18001 - Economic Citizenship                 553,710,178         280,697,922      140,417,136         157,063,457            170,864,520"
observations.csv,o-468e8e6659,,grd-mof-estimates-2026,government,found,text,"p. 72, item 18001 'Economic Citizenship', column 'Actual Provisional 2025'","165,906,890       140,417,136      173,973,807         184,880,690         196,045,643"
observations.csv,o-ecc27e56af,ok,grd-imf-art4-2025,imf,found,text,"PDF p. 33, Table 3a, memorandum items",Government CBI revenue (millions of EC$)                      101.5       120.3       135.4       457.3      553.7       175.6       143.8
observations.csv,o-07a91e889a,,grd-mof-estimates-2026,government,found,text,"p. 72, item 18001, column 'Estimates 2026'","165,906,890       140,417,136      173,973,807         184,880,690         196,045,643"
observations.csv,o-af27040fd7,ok,grd-imf-art4-2016,imf,loose,text,"PDF p. 6, footnote to selected indicators table",1/ Includes 0.7 percent of GDP CBI-related non-tax revenue in 2015
observations.csv,o-8317016017,ok,grd-imf-art4-2016,imf,found,text,"PDF p. 63, MEFP para 3 (authorities' letter)",(including 0.5 percent of GDP in budgetary revenue from the Citizen-By-Investment (CBI) programme)
observations.csv,o-407b084d99,ok,grd-imf-art4-2024,imf,found,text,"PDF p. 33, Table 1 (memorandum items); same values in Table 3b",Government CBI revenue (Percent of GDP)                             0.2       0.6            1.1      2.2     10.7      12.0      5.8
observations.csv,o-38712a5786,ok,grd-imf-art4-2025,imf,found,text,"PDF p. 31, Table 1 (memorandum items); same in Table 3b",Government CBI revenue (Percent of GDP)                                      3.6          4.0      4.1        12.7       14.7      4.4        3.5
observations.csv,o-a272a9c182,ok,grd-imf-art4-2024,imf,found,text,"PDF p. 9, para 4",CBI revenues of 10½ percent of GDP in 2023
observations.csv,o-c87be382da,ok,grd-imf-art4-2024,imf,found,text,"PDF p. 33, Table 1 (memorandum items); same values in Table 3b",Government CBI revenue (Percent of GDP)                             0.2       0.6            1.1      2.2     10.7      12.0      5.8
observations.csv,o-84bce4e99e,ok,grd-imf-art4-2025,imf,found,text,"PDF p. 31, Table 1 (memorandum items); same in Table 3b",Government CBI revenue (Percent of GDP)                                      3.6          4.0      4.1        12.7       14.7      4.4        3.5
observations.csv,o-0362f8c477,ok,grd-imf-art4-2025,imf,found,text,"PDF p. 31, Table 1 (memorandum items); same in Table 3b",Government CBI revenue (Percent of GDP)                                      3.6          4.0      4.1        12.7       14.7      4.4        3.5
observations.csv,o-31324a86d3,,grd-mof-press-ima-2025,government,found,text,p. 1,"revenues in 2025 have returned to historical norms, representing approximately 12 percent of total government revenues."
observations.csv,o-123c566bfb,,grd-mof-cbistats-2014-15,government,found,text,"p. 5, column 'TOTAL as at December 2015', row 5 'Amounts due (calculated)'","TOTAL as at December 2015 ... 70,200,000"
observations.csv,o-fddda6a6f7,ok,grd-imf-ecf2-2015,imf,found,text,"PDF p. 18, footnote 9","Since the beginning of the inflows in September 2014, the receipts have amounted to EC$5.4 million or around 0.2 percent of GDP in the six months to March 2015."
observations.csv,o-2997e378da,,grd-mof-cbistats-2016,government,found,text,"p. 1, row 5, TOTAL column","5. Amounts due (calculated)* 25,920,000 51,367,500 77,287,500"
observations.csv,o-f77a96f77f,,grd-mof-cbistats-2017q3,government,found,text,"p. 1, row 5, TOTAL column","5. Amounts due (calculated)* 74,790,000 11,002,500 20,857,500 10,260,000 42,120,000 116,910,000"
observations.csv,o-b350d818a9,,grd-mof-cbistats-2018,government,found,text,"p. 1, row 5, TOTAL column","5. Amounts due (calculated)* 26,190,000 35,640,000 36,990,000 53,730,000 152,550,000"
observations.csv,o-631c8ac17d,,grd-mof-cbistats-2019q4,government,found,text,"p. 1, row 6 'Amounts due - cumulative (calculated)', Dec-19 column","6. Amounts due - cumulative (calculated) 118,665,000 141,210,000 169,087,500 169,087,500"
observations.csv,o-ffb27ff7be,,grd-mof-cbistats-2020q4,government,found,text,"p. 1, row 5, TOTAL column","5. Amounts due (calculated)* 28,282,500 20,790,000 8,640,000 57,712,500 252,855,000"
observations.csv,o-79108e1e98,,grd-mof-cbistats-2021q4,government,found,text,"p. 1, row 5, TOTAL column","5. Amounts due (calculated)* 26,730,000 45,630,000 22,950,000 95,310,000 281,610,000"
observations.csv,o-48af1fc7b4,,grd-mof-cbistats-2022q4,government,found,text,"p. 1, row 6 'Amounts due - cumulative (calculated)', Dec-22 column","6. Amounts due - cumulative (calculated) 216,540,000 263,790,000 274,860,000 274,860,000"
observations.csv,o-b5dda8733a,,grd-mof-cbistats-2023q4,government,found,text,"p. 1, row 6 'Cumulative CBI Revenues', Dec-23 column","6. Cumulative CBI Revenues 945,182,949 1,016,597,202 1,128,747,211 1,128,747,211"
observations.csv,o-89de933e38,unknown,grd-imf-art4-2023,imf,found,text,"PDF p. 42, Annex II (External Sector Assessment)",Citizenship-by-Investment (CBI) revenues have averaged about 5 percent of GDP since the launch of the program in 2014.
observations.csv,o-a3766dab79,ok,grd-imf-ecf2-2015,imf,found,text,"PDF p. 18, para 18",the budget counts on significant inflows from CBI (4¼ percent of GDP)
observations.csv,o-597c083ff4,ok,grd-imf-art4-2019,imf,found,text,"PDF p. 10, para 4",Solid Citizenship-by-Investment (CBI) inflows (4½ percent of GDP) supported growth
observations.csv,o-28fab65a4f,ok,grd-imf-art4-2024,imf,found,text,"PDF p. 33, Table 1 (memorandum items)",Citizenship-by-Investment (CBI) inflows (percent of GDP)            5.2       9.0            9.3     10.8     31.6      31.2     11.1
observations.csv,o-7283a02d3e,ok,grd-imf-art4-2024,imf,found,text,"PDF p. 33, Table 1 (memorandum items)",Citizenship-by-Investment (CBI) inflows (percent of GDP)            5.2       9.0            9.3     10.8     31.6      31.2     11.1
observations.csv,o-956a833cc9,ok,grd-imf-art4-2022,imf,found,text,"PDF p. 37, Annex (External Sector Assessment), Capital and Financial Accounts",Citizenship-by-Investment (CBI) revenues are stable at 4 percent of GDP.
observations.csv,o-efc1fdb97a,ok,grd-imf-art4-2024,imf,found,text,"PDF p. 33, Table 1 (memorandum items)",Citizenship-by-Investment (CBI) inflows (percent of GDP)            5.2       9.0            9.3     10.8     31.6      31.2     11.1
observations.csv,o-39a72bc0e8,ok,grd-imf-art4-2024,imf,found,text,"PDF p. 33, Table 1 (memorandum items)",Citizenship-by-Investment (CBI) inflows (percent of GDP)            5.2       9.0            9.3     10.8     31.6      31.2     11.1
observations.csv,o-b9f854db98,ok,grd-imf-art4-2024,imf,found,text,"PDF p. 33, Table 1 (memorandum items)",Citizenship-by-Investment (CBI) inflows (percent of GDP)            5.2       9.0            9.3     10.8     31.6      31.2     11.1
observations.csv,o-3929404316,ok,grd-imf-art4-2025,imf,found,text,"PDF p. 31, Table 1 (memorandum items)",Citizenship-by-Investment (CBI) inflows (percent of GDP)                     9.0          9.3     10.9        31.3       29.6     10.2        7.8
observations.csv,o-883af41271,ok,grd-imf-art4-2024,imf,found,text,"PDF p. 33, Table 1 (memorandum items)",Citizenship-by-Investment (CBI) inflows (percent of GDP)            5.2       9.0            9.3     10.8     31.6      31.2     11.1
observations.csv,o-1e76f430f4,ok,grd-imf-art4-2025,imf,found,text,"PDF p. 31, Table 1 (memorandum items)",Citizenship-by-Investment (CBI) inflows (percent of GDP)                     9.0          9.3     10.9        31.3       29.6     10.2        7.8
observations.csv,o-b351fef4e6,ok,grd-imf-art4-2024,imf,found,text,"PDF p. 33, Table 1 (memorandum items)",Citizenship-by-Investment (CBI) inflows (percent of GDP)            5.2       9.0            9.3     10.8     31.6      31.2     11.1
observations.csv,o-1a7bb51cbb,ok,grd-imf-art4-2025,imf,found,text,"PDF p. 31, Table 1 (memorandum items)",Citizenship-by-Investment (CBI) inflows (percent of GDP)                     9.0          9.3     10.9        31.3       29.6     10.2        7.8
observations.csv,o-7016e8dded,ok,grd-imf-art4-2025,imf,found,text,"PDF p. 31, Table 1 (memorandum items)",Citizenship-by-Investment (CBI) inflows (percent of GDP)                     9.0          9.3     10.9        31.3       29.6     10.2        7.8
observations.csv,o-64f8befef8,,grd-ima-stats-2024q4,government,found,text,"p. 1, row 5, Y-T-D column","5.Real Estate Investments (Inflows to Project Developer's Escrow Account) ... 562,005,854"
observations.csv,o-555603b18a,,grd-ima-stats-2025q4,government,loose,text,"p. 1, row 5, Y-T-D column","5.Real Estate Investments (Inflows to Project Developer's Escrow Account) 211,216,473"
observations.csv,o-40ac84e4ff,ok,intl-ec-swd-2025-429,eu,loose,text,"PDF p. 38, table (Eastern Caribbean), row ""Rejection rate (2024)""",Rejection rate (2024): 22.1%
observations.csv,o-94d9d0c1fa,ok,intl-ec-swd-2025-429,eu,loose,text,"PDF p. 38, table (Eastern Caribbean), row ""Total passports issued""",Total passports issued: 16 086 (2015-2023)
observations.csv,o-a00f393b2f,ok,intl-ec-swd-2025-429,eu,loose,text,"PDF p. 38, table (Eastern Caribbean), row ""Total passports issued""",Total passports issued: 5 180 (2024)
observations.csv,o-bb7ab0b5a4,ok,intl-ec-swd-2025-429,eu,loose,text,"PDF p. 38, table (Eastern Caribbean), row ""Total passports issued""",Total passports issued: 1 518 (2025 until 31/03)
observations.csv,o-803b31764c,,grd-bestcitizens-2019,industry,no_copy,,section on 2001 review,A review in early 2001 by the Grenada International Financial Services Authority found that a total of 545 passports were issued over the previous two years
observations.csv,o-990ea3a211,,grd-mof-cbistats-2014-15,government,found,text,"p. 5, column 'TOTAL as at December 2015'",TOTAL as at December 2015 ... 246
observations.csv,o-13d7392a08,,grd-nowgrenada-2022-12,media,no_copy,,summary bullets,"Since 2014, CBI programme has resulted in over 7,000 new citizens of Grenada"
observations.csv,o-1f89c39f12,,grd-nowgrenada-2023-09,media,no_copy,,para 3,"based on published data from the Ministry of Finance, over 8,000 people have gained Grenada citizenship through the programme"
observations.csv,o-eb40b42ae9,,grd-mof-cbistats-2016,government,found,text,"p. 1, TOTAL column",3. Number of new citizens ... 159 325 484
observations.csv,o-4bc265299d,,grd-mof-cbistats-2017q3,government,found,text,"p. 1, TOTAL column",3. Number of new citizens 449 65 122 69 256 705
observations.csv,o-c2c1b6e239,,grd-mof-cbistats-2018,government,found,text,"p. 1, TOTAL column",3. Number of new citizens 109 198 246 298 851
observations.csv,o-d022bf99c7,,grd-mof-cbistats-2020q4,government,found,text,"p. 1, TOTAL column","3. Number of new citizens 121 97 34 252 1,111"
observations.csv,o-69e1985e7c,,grd-mof-cbistats-2021q4,government,found,text,"p. 1, TOTAL column","3. Number of new citizens 101 204 102 407 1,272"
observations.csv,o-fffa22b8f2,,grd-nowgrenada-2022-12,media,no_copy,,para 4,"1,058 people were approved for citizenship through CBI between January and September 2022"
observations.csv,o-c095705f68,,grd-nowgrenada-2023-09,media,no_copy,,summary bullets,"From January to June 2023, Cabinet approved 2,011 new citizens"
observations.csv,o-29764e4d34,,grd-mof-cbistats-2023q1,government,found,text,"p. 1, row 3, quarter column",3. Number of new citizens 245 157 578 980
observations.csv,o-99e3f078a1,,grd-mof-cbistats-2023q2-v1,government,found,text,"p. 1, row 3, quarter column","3. Number of new citizens 436 75 520 1,031"
observations.csv,o-9d3bc4c0ce,,grd-mof-cbistats-2023q2-v2,government,found,text,"p. 1, row 3, quarter column","3. Number of new citizens 436 580 520 1,536"
observations.csv,o-8a1c638100,,grd-mof-cbistats-2023q3,government,found,text,"p. 1, row 3, quarter column","3. Number of new citizens 329 424 359 1,112"
observations.csv,o-2aef1c01ec,,grd-mof-cbistats-2023q4,government,found,text,"p. 1, row 3, quarter column","3. Number of new citizens 321 346 499 1,166"
observations.csv,o-b2d4a1f307,,grd-ima-stats-2024q4,government,found,text,"p. 1, column 'Y-T-D' (Q4 2024 report)","3. Number of New Citizens 161 172 249 582 5,443"
observations.csv,o-a72dbcd41d,,grd-ima-stats-2025q4,government,found,text,"p. 1, column 'Y-T-D' (Q4 2025 report)","3. Number of New Citizens 24 41 34 99 1,124"
observations.csv,o-e9fce54989,,grd-ima-stats-2026q1,government,found,text,"p. 1, column 'Total'",3. Number of New Citizens 157 217 165 539 539
observations.csv,o-ab14172da6,,intl-ep-res-2022-0065,eu,found,text,"OJ C 347/99, recital J","the EPRS EAVA Study estimates that, from 2011 to 2019, 42 180 applications under CBI/RBI schemes were approved and more than 132 000 persons, including family members of applicants from third countries, obtained residence or citizenship in Member States via CBI/RBI schemes with the total investment estimated at EUR 21,4 billion"
observations.csv,o-7d04b3aa2f,ok,intl-ec-com-2025-792,eu,found,text,"p. 7 (printed), PDF p. 8","The number of applications remains high, with 13,113 in 2023 and 10,573 in 2024."
observations.csv,o-a10d5c0691,ok,intl-ec-swd-2025-429,eu,found,text,PDF p. 37,"the total number of investor citizenship schemes applications across the five countries, has remained substantial (13,113 in 2023, 10,573 in 2024)"
observations.csv,o-3e5f41e7ca,ok,intl-ec-com-2025-792,eu,found,text,"p. 7 (printed), PDF p. 8","The number of applications remains high, with 13,113 in 2023 and 10,573 in 2024."
observations.csv,o-109d22c250,ok,intl-ec-swd-2025-429,eu,found,text,PDF p. 37,"the total number of investor citizenship schemes applications across the five countries, has remained substantial (13,113 in 2023, 10,573 in 2024)"
observations.csv,o-f495fd1d6a,,intl-ep-res-2022-0065,eu,found,text,"OJ C 347/99, recital J","the EPRS EAVA Study estimates that, from 2011 to 2019, 42 180 applications under CBI/RBI schemes were approved and more than 132 000 persons, including family members of applicants from third countries, obtained residence or citizenship in Member States via CBI/RBI schemes with the total investment estimated at EUR 21,4 billion"
observations.csv,o-5e60027a86,,intl-ep-res-2022-0065,eu,found,text,"OJ C 347/99, recital J","the EPRS EAVA Study estimates that, from 2011 to 2019, 42 180 applications under CBI/RBI schemes were approved and more than 132 000 persons, including family members of applicants from third countries, obtained residence or citizenship in Member States via CBI/RBI schemes with the total investment estimated at EUR 21,4 billion"
observations.csv,o-ea1f32e693,,intl-eu-reg-266-2006,legislation,found,text,"Article 8, OJ L 50/4",The financial reference amount for implementation of this Regulation for 2006 shall be EUR 40 000 000
observations.csv,o-666abfce98,ok,kna-sugar-imf-cr07141,imf,found,text,"PDF p. 24, footnote 5","The EU has announced that €1.3 billion will be made available to ACP sugar producers during 2007–13, but neither country allocations nor disbursement modalities have been finalized."
observations.csv,o-cd56b6d985,,intl-eu-reg-318-2006,legislation,found,text,"Article 3(2), OJ L 58/6","EUR 496,8 per tonne for each of the marketing years 2006/2007 and 2007/2008"
observations.csv,o-718dd6965b,,intl-eu-reg-318-2006,legislation,found,text,"Article 3(2), OJ L 58/6","EUR 496,8 per tonne for each of the marketing years 2006/2007 and 2007/2008"
observations.csv,o-a369272089,,intl-eu-reg-318-2006,legislation,found,text,"Article 3(2), OJ L 58/6","EUR 448,8 per tonne for the marketing year 2008/2009"
observations.csv,o-d8a9e391c5,,intl-eu-reg-318-2006,legislation,found,text,"Article 3(2), OJ L 58/6","EUR 335,2 per tonne as from marketing year 2009/2010"
observations.csv,o-c6ac470b3c,,intl-eu-reg-318-2006,legislation,found,text,"Article 3(1), OJ L 58/6","EUR 631,9 per tonne for each of the marketing years 2006/2007 and 2007/2008"
observations.csv,o-1439cbb640,,intl-eu-reg-318-2006,legislation,found,text,"Article 3(1), OJ L 58/6","EUR 631,9 per tonne for each of the marketing years 2006/2007 and 2007/2008"
observations.csv,o-0cb61a45b9,,intl-eu-reg-318-2006,legislation,found,text,"Article 3(1), OJ L 58/6","EUR 541,5 per tonne for the marketing year 2008/2009"
observations.csv,o-562041b2ce,,intl-eu-reg-318-2006,legislation,found,text,"Article 3(1), OJ L 58/6","EUR 404,4 per tonne as from the marketing year 2009/2010"
observations.csv,o-5d0a773ed8,,intl-ec-com-2023-730,eu,found,text,"p. 37 (printed), section ""Eastern Caribbean States""","with a total of at least 88 000 passports issued to date. For certain countries, this number is above 30 000 (34 500 passports issued by Dominica; 36 742 by Saint Kitts and Nevis)."
observations.csv,o-46f18788cc,ok,intl-ec-com-2025-792,eu,found,text,"p. 7 (printed), PDF p. 8","It is estimated that around 107,000 passports have been issued through the schemes operated by these countries."
observations.csv,o-f2f94fd50a,ok,intl-ec-swd-2025-429,eu,found,text,PDF p. 37,"To date, an estimated 107,625 passports have been issued across the five Eastern Caribbean investor citizenship schemes operating countries."
observations.csv,o-566836e5b6,ok,intl-ec-swd-2025-429,eu,loose,text,"PDF p. 37, table (Eastern Caribbean), row ""Total applications received""",Total applications received: 19 655 (2015-2023)
observations.csv,o-86af44865e,ok,kna-ec-swd-2025-429,eu,loose,text,"PDF pp. 36-37, section II 'Eastern Caribbean', table of data submitted by the five countries",19 655 (2015-2023)
observations.csv,o-a113bceef4,ok,intl-ec-swd-2025-429,eu,found,text,PDF p. 37,"In Saint Kitts and Nevis, the volume of applications went from 1,987 in 2023 to 223 in 2024 and in Grenada from 2,297 to 420 applications. [...] Antigua and Barbuda recorded a notable increase, from 685 in 2023 to 1,733 in 2024."
observations.csv,o-48d0545dfb,ok,kna-ec-swd-2025-429,eu,found,text,"PDF p. 37, text","In Saint Kitts and Nevis, the volume of applications went from 1,987 in 2023 to 223 in 2024"
observations.csv,o-edce2584ea,ok,intl-ec-swd-2025-429,eu,loose,text,"PDF p. 37, table (Eastern Caribbean), row ""Total applications received""",Total applications received: 223 (2024)
observations.csv,o-fbb2307db2,ok,kna-ec-swd-2025-429,eu,found,text,"PDF p. 37, text and table","In Saint Kitts and Nevis, the volume of applications went from 1,987 in 2023 to 223 in 2024"
observations.csv,o-736c14a654,,kna-imidaily-2024-12-10,media,no_copy,,article body,"Applications plummeted to 98 in the first half of 2024 from 1,987 in 2023."
observations.csv,o-ed5a866440,ok,kna-ec-swd-2025-429,eu,found,text,"PDF pp. 36-37, section II 'Eastern Caribbean', table of data submitted by the five countries",171 (2025 until 30/4)
observations.csv,o-b95b3193f6,ok,intl-ec-swd-2025-429,eu,loose,text,"PDF p. 37, table (Eastern Caribbean), row ""Total applications received""",Total applications received: 171 (2025 until 30/4)
observations.csv,o-d93bb0c750,ok,intl-ec-swd-2025-429,eu,loose,text,"PDF p. 37, table (Eastern Caribbean), row ""Rejections""",Rejections: 739 (2015-2023)
observations.csv,o-dc2ef4519f,ok,kna-ec-swd-2025-429,eu,found,text,"PDF pp. 36-37, section II 'Eastern Caribbean', table of data submitted by the five countries",739 (2015-2023)
observations.csv,o-3739022de4,ok,intl-ec-swd-2025-429,eu,loose,text,"PDF p. 37, table (Eastern Caribbean), row ""Rejections""",Rejections: 98 (2024)
observations.csv,o-397c99ac44,ok,kna-ec-swd-2025-429,eu,found,text,"PDF pp. 36-37, section II 'Eastern Caribbean', table of data submitted by the five countries",98 (2024)
observations.csv,o-9d910cf5fd,ok,kna-ec-swd-2025-429,eu,found,text,"PDF pp. 36-37, section II 'Eastern Caribbean', table of data submitted by the five countries",86 (2025 until 30/4)
observations.csv,o-2a9d8373e8,ok,intl-ec-swd-2025-429,eu,loose,text,"PDF p. 37, table (Eastern Caribbean), row ""Rejections""",Rejections: 86 (2025 until 30/4)
observations.csv,o-595b462d6c,ok,kna-imf-art4-2025,imf,found,text,"PDF p. 44, External Sector Assessment, 'Capital and Financial Accounts' box","While CBI inflows to the capital account averaging 7.5 percent of GDP during 2020-2023, they are projected to decline to 2.9 percent of GDP in 2024."
observations.csv,o-8f9a008513,ok,kna-imf-art4-2025,imf,found,text,"PDF p. 44, External Sector Assessment, 'Capital and Financial Accounts' box",they are projected to decline to 2.9 percent of GDP in 2024
observations.csv,o-8bbe961f37,ok,kna-audit-report-2016,government,found,text,"PDF p. 17, section Recurrent Revenue",Citizenship by Investment Unit ($175 million).
observations.csv,o-b802d1f501,ok,kna-mof-estimates-2018-v1,government,found,text,"PDF p. 12, section 2.1 Financial Summary by Economic Classification","Citizenship by Investment 110,000,000 120,000,000 168,000,000 170,000,000 (2,000,000) 175,263,635"
observations.csv,o-9ad7ead992,ok,kna-mof-estimates-2018-v1,government,found,text,"PDF p. 16, section 2.2 Fiscal Operations","Citizenship by Investment 168,000,000 140,146,855 170,000,000 175,263,635"
observations.csv,o-db44171e72,ok,kna-mof-estimates-2019-v1,government,found,text,"PDF p. 11, section 2.1 Financial Summary by Economic Classification","Citizenship by Investment 100,000,000 120,000,000 230,000,000 168,000,000 62,000,000 149,411,767"
observations.csv,o-1367509813,ok,kna-audit-report-2018,government,found,text,"PDF p. 23, section Recurrent Revenue",This Unit collected $418 million in 2018.
observations.csv,o-dda9b7bc45,ok,kna-mof-estimates-2018-v1,government,found,text,"PDF p. 16, section 2.2 Fiscal Operations","Citizenship by Investment 168,000,000 140,146,855 170,000,000 175,263,635"
observations.csv,o-4173f44f10,ok,kna-mof-estimates-2019-v1,government,found,text,"PDF p. 15, section 2.2 Fiscal Operations","Citizenship by Investment 230,000,000 363,756,282 168,000,000 149,411,767"
observations.csv,o-d375d49436,ok,kna-audit-report-2019,government,found,text,"PDF p. 23, section Recurrent Revenue",This Unit collected almost $443 million in 2019.
observations.csv,o-b95dabdc63,ok,kna-imf-art4-2021,imf,found,text,"PDF p. 17 (printed p. 13), text table 'General Government Fiscal Operations, 2019-21'",o/w: Citizenship by investment (CBI) Budgetary Receipts 443 295 259 250 350
observations.csv,o-409b1f842b,ok,kna-imf-art4-2023,imf,found,text,"PDF p. 34 (printed p. 30), Table 3 Balance of Payments, 2019-28",o/w Citizenship-by-investment budgetary fees 442.6 270.8 542.6 678.2 539.1 505.5 467.3 424.4 393.5 358.6
observations.csv,o-f1e37627d9,ok,kna-mof-estimates-2019-v1,government,found,text,"PDF p. 15, section 2.2 Fiscal Operations","Citizenship by Investment 230,000,000 363,756,282 168,000,000 149,411,767"
observations.csv,o-fb8d3a4738,ok,kna-mof-estimates-2021-v1,government,found,text,"PDF p. 12, section 2.1 Financial Summary by Economic Classification","Citizenship by Investment 158,981,819 189,264,070 250,000,000 295,000,000 (45,000,000) 442,617,122"
observations.csv,o-862dcf628b,,kna-sknis-pm-cbi-speech-2024-10-17,government,found,text,bulleted list after 'Let us examine the numbers',"In 2019, CBI generated EC$443 million for the Federal Government."
observations.csv,o-fbe8da0cfe,ok,kna-audit-report-2020,government,found,text,"PDF p. 25, section Recurrent Revenue",This collection amounted to $270 million in 2020.
observations.csv,o-40ff4ef339,ok,kna-imf-art4-2021,imf,found,text,"PDF p. 17 (printed p. 13), text table 'General Government Fiscal Operations, 2019-21'",o/w: Citizenship by investment (CBI) Budgetary Receipts 443 295 259 250 350
observations.csv,o-9bf4796533,ok,kna-imf-art4-2021,imf,found,text,"PDF p. 11, text table on 2020 budget vs actual",CBI 298 259 -39 -1.5
observations.csv,o-ded0820035,ok,kna-imf-art4-2021,imf,found,text,"PDF p. 17 (printed p. 13), text table 'General Government Fiscal Operations, 2019-21'",o/w: Citizenship by investment (CBI) Budgetary Receipts 443 295 259 250 350
observations.csv,o-4b794b070e,ok,kna-imf-art4-2023,imf,found,text,"PDF p. 34 (printed p. 30), Table 3 Balance of Payments, 2019-28",o/w Citizenship-by-investment budgetary fees 442.6 270.8 542.6 678.2 539.1 505.5 467.3 424.4 393.5 358.6
observations.csv,o-1c700b8ebb,ok,kna-mof-estimates-2021-v1,government,found,text,"PDF p. 16, section 2.2 Fiscal Operations","Citizenship by Investment 250,000,000 261,444,997 295,000,000 442,617,122"
observations.csv,o-8ebe38704d,ok,kna-mof-estimates-2021-v1,government,found,text,"PDF p. 16, section 2.2 Fiscal Operations","Citizenship by Investment 250,000,000 261,444,997 295,000,000 442,617,122"
observations.csv,o-ca5c817a11,ok,kna-mof-estimates-2022-v1,government,found,text,"PDF p. 12, section 2.1 Financial Summary by Economic Classification","Citizenship by Investment 250,000,000 300,000,000 400,000,000 250,000,000 270,807,661"
observations.csv,o-610e4bbeb8,,kna-sknis-pm-cbi-speech-2024-10-17,government,found,text,bulleted list after 'Let us examine the numbers',"In 2020, it generated EC$271 million."
observations.csv,o-ac49dc136f,ok,kna-audit-report-2021,government,found,text,"PDF p. 21, section Recurrent Revenue",This collection amounted to $543 million in 2021.
observations.csv,o-3f9d6f45e5,ok,kna-imf-art4-2021,imf,found,text,"PDF p. 17 (printed p. 13), text table 'General Government Fiscal Operations, 2019-21'",o/w: Citizenship by investment (CBI) Budgetary Receipts 443 295 259 250 350
observations.csv,o-74872bc76d,ok,kna-imf-art4-2023,imf,found,text,"PDF p. 34 (printed p. 30), Table 3 Balance of Payments, 2019-28",o/w Citizenship-by-investment budgetary fees 442.6 270.8 542.6 678.2 539.1 505.5 467.3 424.4 393.5 358.6
observations.csv,o-1ba5cf61a2,ok,kna-mof-estimates-2022-v1,government,found,text,"PDF p. 16, section 2.2 Fiscal Operations","Citizenship by Investment 400,000,000 500,000,000 250,000,000 270,807,661"
observations.csv,o-362129b0e0,ok,kna-mof-estimates-2022-v1,government,found,text,"PDF p. 16, section 2.2 Fiscal Operations","Citizenship by Investment 400,000,000 500,000,000 250,000,000 270,807,661"
observations.csv,o-c3adfcc543,ok,kna-mof-estimates-2023-v1,government,found,text,"PDF p. 12, section 2.1 Financial Summary by Economic Classification","Citizenship by Investment 419,835,789 466,484,210 518,315,789 400,000,000 542,553,639"
observations.csv,o-0cb9df5005,,kna-sknis-pm-cbi-speech-2024-10-17,government,found,text,bulleted list after 'Let us examine the numbers',"In 2021, EC$543 million."
observations.csv,o-3297b70493,ok,kna-audit-report-2022,government,found,text,"PDF p. 21, section Recurrent Revenue",This collection amounted to $669 million in 2022.
observations.csv,o-4381a1fe02,ok,kna-imf-art4-2023,imf,found,text,"PDF p. 34 (printed p. 30), Table 3 Balance of Payments, 2019-28",o/w Citizenship-by-investment budgetary fees 442.6 270.8 542.6 678.2 539.1 505.5 467.3 424.4 393.5 358.6
observations.csv,o-1293c9e44b,ok,kna-mof-estimates-2023-v1,government,found,text,"PDF p. 16, section 2.2 Fiscal Operations","Citizenship by Investment 518,315,789 678,240,618 400,000,000 542,553,639"
observations.csv,o-f12b44db7f,ok,kna-mof-estimates-2023-v1,government,found,text,"PDF p. 16, section 2.2 Fiscal Operations","Citizenship by Investment 518,315,789 678,240,618 400,000,000 542,553,639"
observations.csv,o-b84eb460b0,ok,kna-mof-estimates-2024-v1,government,found,text,"PDF p. 15, section 2.1 Financial Summary by Economic Classification","Citizenship by Investment 530,000,000 515,000,000 540,000,000 518,315,789 21,684,211 669,358,624"
observations.csv,o-19645af41e,,kna-sknis-pm-cbi-speech-2024-10-17,government,found,text,bulleted list after 'Let us examine the numbers',"In 2022, EC$669 million."
observations.csv,o-8c848a6b8f,ok,kna-audit-report-2023,government,found,text,"PDF p. 24, section Recurrent Revenue",This collection amounted to $621 million in 2023.
observations.csv,o-9b6e214fd3,ok,kna-mof-estimates-2024-v1,government,found,text,"PDF p. 19, section 2.2 Fiscal Operations","Citizenship by Investment 540,000,000 610,000,000 518,315,789 669,358,624"
observations.csv,o-0033ed9a20,ok,kna-mof-estimates-2024-v1,government,found,text,"PDF p. 19, section 2.2 Fiscal Operations","Citizenship by Investment 540,000,000 610,000,000 518,315,789 669,358,624"
observations.csv,o-ab9a6a22f7,ok,kna-mof-estimates-2025-v1,government,found,text,"PDF p. 16, section 2.1 Financial Summary by Economic Classification","Citizenship by Investment 437,000,000 467,000,000 495,000,000 540,000,000 (45,000,000) 620,754,504"
observations.csv,o-c2af9b00e8,,kna-sknis-pm-cbi-speech-2024-10-17,government,found,text,bulleted list after 'Let us examine the numbers',"In 2023, EC$620 million."
observations.csv,o-436cef5a8c,ok,kna-mof-estimates-2025-v1,government,found,text,"PDF p. 20, section 2.2 Fiscal Operations","Citizenship by Investment 495,000,000 305,838,741 540,000,000 620,754,504"
observations.csv,o-089eb6eca9,ok,kna-mof-estimates-2025-v1,government,found,text,"PDF p. 20, section 2.2 Fiscal Operations","Citizenship by Investment 495,000,000 305,838,741 540,000,000 620,754,504"
observations.csv,o-626f8919a1,ok,kna-mof-estimates-2026-v1,government,found,text,"PDF p. 16, section 2.1 Financial Summary by Economic Classification","Citizenship by Investment 254,520,000 252,000,000 240,000,000 495,000,000 (255,000,000) 244,157,349"
observations.csv,o-564891490b,ok,kna-audit-report-2024,government,found,text,"PDF p. 21, section Recurrent Revenue",The Citizenship by Investment Unit collected $244 million between January and August 2024.
observations.csv,o-8469e62ae5,,kna-sknis-pm-cbi-speech-2024-10-17,government,found,text,paragraph after the bulleted list,"In 2024, up to September, CBI has generated EC$218 million"
observations.csv,o-4f4d5a4f58,ok,kna-mof-estimates-2026-v1,government,found,text,"PDF p. 20, section 2.2 Fiscal Operations","Citizenship by Investment 240,000,000 124,468,926 495,000,000 244,157,349"
observations.csv,o-5d38b3b392,ok,kna-mof-estimates-2026-v1,government,found,text,"PDF p. 20, section 2.2 Fiscal Operations","Citizenship by Investment 240,000,000 124,468,926 495,000,000 244,157,349"
observations.csv,o-3d7138e521,ok,kna-mof-estimates-2026-v1,government,found,text,"PDF p. 20, section 2.2 Fiscal Operations","Citizenship by Investment 240,000,000 124,468,926 495,000,000 244,157,349"
observations.csv,o-a09f82a4bd,,kna-imf-pr-2014,imf,found,text,"Press release, paragraph on fiscal consolidation",CBI revenues grew from 2.3 percent of GDP in 2010 to a projected 13 percent of GDP in 2013
observations.csv,o-d0649d23a8,ok,kna-imf-art4-2021,imf,found,text,"PDF p. 47, Annex (debt sustainability) bullet on CBI revenues",This compares to their average 10 percent of GDP in 2011–2020 and 13 percent of GDP in 2018–20.
observations.csv,o-b67ab35007,ok,kna-imf-cr-14-49,imf,found,text,"PDF p. 9, Box 2","Overall, government fee collections have grown steadily, exceeding 7 percent of GDP in 2012."
observations.csv,o-f637af0928,ok,kna-imf-art4-2021,imf,found,text,"PDF p. 9 (printed p. 5), para 3",A significant part of large CBI revenues averaging 10 percent of GDP during 2012–19 was prudently saved
observations.csv,o-0f5b580005,ok,kna-imf-art4-2021,imf,found,text,"PDF p. 21, para on buffers",Annual CBI revenues have averaged 11 percent of GDP (30 percent of total revenues) since 2012
observations.csv,o-a9f4d15d33,,intl-imf-wp-15-93,imf,loose,text,"p. 13 (printed), Box 1","ECP receipts, in the form of fees to the budget increased from less than 1 percent of GDP in 2008 to an estimated 13 and 3.4 percent of GDP in St. Kitts and Nevis and Dominica, in 2013, respectively."
observations.csv,o-bf93796f5f,,kna-imf-pr-2014,imf,found,text,"Press release, paragraph on fiscal consolidation",CBI revenues grew from 2.3 percent of GDP in 2010 to a projected 13 percent of GDP in 2013
observations.csv,o-1cee8dc606,ok,kna-imf-wp-15-93,imf,loose,text,"PDF p. 14, box on ECP inflows","ECP receipts, in the form of fees to the budget increased from less than 1 percent of GDP in 2008 to an estimated 13 and 3.4 percent of GDP in St. Kitts and Nevis and Dominica, in 2013, respectively."
observations.csv,o-40e1fe8728,ok,kna-imf-art4-2025,imf,found,text,"PDF p. 65 (printed p. 61), Annex IX para 4",slightly below the pre-pandemic average of 11 percent of GDP for 2014-2019
observations.csv,o-8884ae579f,,kna-imf-pr-2017,imf,found,text,Table 'Selected Economic and Financial Indicators 2015-19',o/w CBI fees | 12.4 | 7.2 | 3.9 | 3.7 | 1.8
observations.csv,o-c6de4bc97e,,kna-imf-pr-2018,imf,found,text,Table 'Selected Economic Indicators' (2015-2020),o/w CBI fees | 11.6 | 6.8 | 5.7 | 7.4 | 2.6 | 2.0
observations.csv,o-1313ac110e,,kna-imf-pr-2017,imf,found,text,Table 'Selected Economic and Financial Indicators 2015-19',o/w CBI fees | 12.4 | 7.2 | 3.9 | 3.7 | 1.8
observations.csv,o-504bbb5bf7,,kna-imf-pr-2018,imf,found,text,Table 'Selected Economic Indicators' (2015-2020),o/w CBI fees | 11.6 | 6.8 | 5.7 | 7.4 | 2.6 | 2.0
observations.csv,o-53184d1054,,kna-imf-pr-2017,imf,found,text,Table 'Selected Economic and Financial Indicators 2015-19',o/w CBI fees | 12.4 | 7.2 | 3.9 | 3.7 | 1.8
observations.csv,o-d8837c675c,,kna-imf-pr-2018,imf,found,text,Table 'Selected Economic Indicators' (2015-2020),o/w CBI fees | 11.6 | 6.8 | 5.7 | 7.4 | 2.6 | 2.0
observations.csv,o-9ddd609173,ok,kna-imf-art4-2023,imf,found,text,"PDF p. 9, para 2",Recurrent CBI revenue (amouting to a cumulative 65 percent of GDP between 2017 and 2021)
observations.csv,o-033f3ad97d,,kna-imf-pr-2017,imf,found,text,Table 'Selected Economic and Financial Indicators 2015-19',o/w CBI fees | 12.4 | 7.2 | 3.9 | 3.7 | 1.8
observations.csv,o-aa3eb5a17b,,kna-imf-pr-2018,imf,found,text,Table 'Selected Economic Indicators' (2015-2020),o/w CBI fees | 11.6 | 6.8 | 5.7 | 7.4 | 2.6 | 2.0
observations.csv,o-6a8dfe9f48,,kna-imf-pr-2021,imf,found,text,Table 1 'Selected Economic Indicators 2018-24',o/w CBI fees | 14.3 | 14.1 | 9.8 | 13.3 | 9.0 | 9.0 | 9.0
observations.csv,o-475eaad093,ok,kna-imf-art4-2021,imf,found,text,"PDF p. 47, Annex (debt sustainability) bullet on CBI revenues",This compares to their average 10 percent of GDP in 2011–2020 and 13 percent of GDP in 2018–20.
observations.csv,o-471ef33c7c,ok,kna-imf-art4-2023,imf,found,text,"PDF p. 33 (printed p. 29), Table 2b Federal Government Fiscal Operations",Citizenship by investment (CBI) budgetary receipts 14.8 11.3 23.3 25.8 19.0 17.0 15.0 13.0 11.5 10.0
observations.csv,o-2638b0240f,ok,kna-imf-art4-2025,imf,found,text,"PDF p. 10 (printed p. 6), text table 'Recent Developments: Key Fiscal Items'",Citizenship by investment (CBI) revenue 14.8 11.3 23.4 25.3 21.7 8.1 -13.6
observations.csv,o-49d7c77973,,kna-imf-pr-2017,imf,found,text,Table 'Selected Economic and Financial Indicators 2015-19',o/w CBI fees | 12.4 | 7.2 | 3.9 | 3.7 | 1.8
observations.csv,o-8158f86529,,kna-imf-pr-2021,imf,found,text,Table 1 'Selected Economic Indicators 2018-24',o/w CBI fees | 14.3 | 14.1 | 9.8 | 13.3 | 9.0 | 9.0 | 9.0
observations.csv,o-d0a3f9b0df,,kna-imf-pr-2024,imf,found,text,Table 'Selected Economic Indicators 2019-25',o/w CBI fees | 14.8 | 11.3 | 23.4 | 25.5 | 21.5 | 18.0 | 16.0
observations.csv,o-21866ef513,ok,kna-imf-art4-2023,imf,found,text,"PDF p. 33 (printed p. 29), Table 2b Federal Government Fiscal Operations",Citizenship by investment (CBI) budgetary receipts 14.8 11.3 23.3 25.8 19.0 17.0 15.0 13.0 11.5 10.0
observations.csv,o-8128bd00b3,ok,kna-imf-art4-2025,imf,found,text,"PDF p. 34 (printed p. 30), Table 2 Federal Government Fiscal Operations, 2020-30",Citizenship by investment (CBI) revenue 11.3 23.4 25.3 21.7 8.1 9.0 9.0 9.0 9.0 9.0 9.0
observations.csv,o-d5e05f0bad,,kna-imf-pr-2021,imf,found,text,Table 1 'Selected Economic Indicators 2018-24',o/w CBI fees | 14.3 | 14.1 | 9.8 | 13.3 | 9.0 | 9.0 | 9.0
observations.csv,o-75acedd97e,,kna-imf-pr-2024,imf,found,text,Table 'Selected Economic Indicators 2019-25',o/w CBI fees | 14.8 | 11.3 | 23.4 | 25.5 | 21.5 | 18.0 | 16.0
observations.csv,o-e9be74368e,ok,kna-imf-art4-2023,imf,found,text,"PDF p. 33 (printed p. 29), Table 2b Federal Government Fiscal Operations",Citizenship by investment (CBI) budgetary receipts 14.8 11.3 23.3 25.8 19.0 17.0 15.0 13.0 11.5 10.0
observations.csv,o-27c5a3b011,ok,kna-imf-art4-2025,imf,found,text,"PDF p. 34 (printed p. 30), Table 2 Federal Government Fiscal Operations, 2020-30",Citizenship by investment (CBI) revenue 11.3 23.4 25.3 21.7 8.1 9.0 9.0 9.0 9.0 9.0 9.0
observations.csv,o-9404ae7cb1,,kna-imf-pr-2021,imf,found,text,Table 1 'Selected Economic Indicators 2018-24',o/w CBI fees | 14.3 | 14.1 | 9.8 | 13.3 | 9.0 | 9.0 | 9.0
observations.csv,o-dc4318a4a5,,kna-imf-pr-2024,imf,found,text,Table 'Selected Economic Indicators 2019-25',o/w CBI fees | 14.8 | 11.3 | 23.4 | 25.5 | 21.5 | 18.0 | 16.0
observations.csv,o-b90156f61b,,kna-imf-pr-2026,imf,found,text,Table 'Selected Economic Indicators 2021-27',o/w CBI fees | 23.8 | 25.8 | 22.2 | 8.6 | 5.3 | 6.0 | 6.5
observations.csv,o-ff1c94fd07,ok,kna-imf-art4-2023,imf,found,text,"PDF p. 33 (printed p. 29), Table 2b Federal Government Fiscal Operations",Citizenship by investment (CBI) budgetary receipts 14.8 11.3 23.3 25.8 19.0 17.0 15.0 13.0 11.5 10.0
observations.csv,o-af7f791b46,ok,kna-imf-art4-2025,imf,found,text,"PDF p. 34 (printed p. 30), Table 2 Federal Government Fiscal Operations, 2020-30",Citizenship by investment (CBI) revenue 11.3 23.4 25.3 21.7 8.1 9.0 9.0 9.0 9.0 9.0 9.0
observations.csv,o-b19e7884d4,,kna-imf-pr-2024,imf,found,text,Table 'Selected Economic Indicators 2019-25',o/w CBI fees | 14.8 | 11.3 | 23.4 | 25.5 | 21.5 | 18.0 | 16.0
observations.csv,o-f79a3bc5ce,,kna-imf-pr-2026,imf,found,text,Table 'Selected Economic Indicators 2021-27',o/w CBI fees | 23.8 | 25.8 | 22.2 | 8.6 | 5.3 | 6.0 | 6.5
observations.csv,o-1b80c12da5,ok,kna-imf-art4-2023,imf,found,text,"PDF p. 33 (printed p. 29), Table 2b Federal Government Fiscal Operations",Citizenship by investment (CBI) budgetary receipts 14.8 11.3 23.3 25.8 19.0 17.0 15.0 13.0 11.5 10.0
observations.csv,o-cfbfdef1a4,ok,kna-imf-art4-2025,imf,found,text,"PDF p. 34 (printed p. 30), Table 2 Federal Government Fiscal Operations, 2020-30",Citizenship by investment (CBI) revenue 11.3 23.4 25.3 21.7 8.1 9.0 9.0 9.0 9.0 9.0 9.0
observations.csv,o-e2195ace55,,kna-imf-pr-2024,imf,found,text,Table 'Selected Economic Indicators 2019-25',o/w CBI fees | 14.8 | 11.3 | 23.4 | 25.5 | 21.5 | 18.0 | 16.0
observations.csv,o-122c6304fb,,kna-imf-pr-2026,imf,found,text,Table 'Selected Economic Indicators 2021-27',o/w CBI fees | 23.8 | 25.8 | 22.2 | 8.6 | 5.3 | 6.0 | 6.5
observations.csv,o-a003977f61,ok,kna-imf-art4-2025,imf,found,text,"PDF p. 34 (printed p. 30), Table 2 Federal Government Fiscal Operations, 2020-30",Citizenship by investment (CBI) revenue 11.3 23.4 25.3 21.7 8.1 9.0 9.0 9.0 9.0 9.0 9.0
observations.csv,o-361880e0fa,,kna-imf-pr-2024,imf,found,text,Table 'Selected Economic Indicators 2019-25',o/w CBI fees | 14.8 | 11.3 | 23.4 | 25.5 | 21.5 | 18.0 | 16.0
observations.csv,o-88a6dfee0c,,kna-imf-pr-2026,imf,found,text,Table 'Selected Economic Indicators 2021-27',o/w CBI fees | 23.8 | 25.8 | 22.2 | 8.6 | 5.3 | 6.0 | 6.5
observations.csv,o-0929d320aa,ok,kna-imf-art4-2025,imf,found,text,"PDF p. 34 (printed p. 30), Table 2 Federal Government Fiscal Operations, 2020-30",Citizenship by investment (CBI) revenue 11.3 23.4 25.3 21.7 8.1 9.0 9.0 9.0 9.0 9.0 9.0
observations.csv,o-63eca6b3a7,ok,kna-imf-art4-2025,imf,found,text,"PDF p. 11, para 7",The authorities assume that CBI revenue will bounce back to 16 percent of GDP
observations.csv,o-43d7391692,,kna-imf-pr-2024,imf,found,text,Table 'Selected Economic Indicators 2019-25',o/w CBI fees | 14.8 | 11.3 | 23.4 | 25.5 | 21.5 | 18.0 | 16.0
observations.csv,o-8281a524e5,,kna-imf-pr-2026,imf,found,text,Table 'Selected Economic Indicators 2021-27',o/w CBI fees | 23.8 | 25.8 | 22.2 | 8.6 | 5.3 | 6.0 | 6.5
observations.csv,o-ae9874fc04,,kna-imf-pr-2026,imf,found,text,Table 'Selected Economic Indicators 2021-27',o/w CBI fees | 23.8 | 25.8 | 22.2 | 8.6 | 5.3 | 6.0 | 6.5
observations.csv,o-7bd2160742,ok,kna-imf-art4-2021,imf,found,text,"PDF p. 21, para on buffers",Annual CBI revenues have averaged 11 percent of GDP (30 percent of total revenues) since 2012
observations.csv,o-a9a683a2ac,ok,kna-audit-report-2018,government,found,text,"PDF p. 23, pie chart '2018 Recurrent Revenue Collection by Department'",CIU 46%
observations.csv,o-8e2738edc7,ok,kna-audit-report-2019,government,found,text,"PDF p. 23, pie chart '2019 Recurrent Revenue Collection by Department'",Revenue collected by the Citizenship by Investment Unit contributed 45% to the Government's overall recurrent revenue collections for 2019.
observations.csv,o-b37529fb1c,ok,kna-audit-report-2020,government,found,text,"PDF p. 25, pie chart '2020 Recurrent Revenue Collection by Department'",this department collected 40% of the government's recurrent revenue in 2020.
observations.csv,o-328dd2acc9,ok,kna-audit-report-2021,government,found,text,"PDF p. 21, pie chart '2021 Recurrent Revenue Collection by Department'",this department collected 57% of the government's recurrent revenue in 2021.
observations.csv,o-8219163366,ok,kna-mof-budget-address-2023,government,found,text,"PDF p. 7, para 9",inflows from the CBI Programme accounted for 54.9 percent of Total Revenue and Grants and funded 63.5 percent of the Government's Total Expenditure
observations.csv,o-34b246972e,ok,kna-audit-report-2022,government,found,text,"PDF p. 21, pie chart '2022 Recurrent Revenue Collection by Department'",this department collected 60% of the government's recurrent revenue in 2022.
observations.csv,o-6df5bde312,ok,kna-audit-report-2023,government,found,text,"PDF p. 24, pie chart '2023 Recurrent Revenue Collection by Department'",department collected 55% of the government's recurrent revenue in 2023.
observations.csv,o-48e556e6f3,ok,kna-audit-report-2024,government,found,text,"PDF p. 21, pie chart '2024 Recurrent Revenue Collection by Department'",CIU 32%
observations.csv,o-5bd207a049,ok,kna-imf-wp-15-93,imf,loose,text,"PDF p. 14, box on ECP inflows","there are further ECP inflows to the NDF, the Sugar Industry Diversification Foundation (SIDF), estimated at about another 12 percent of GDP in 2013"
observations.csv,o-67ed0b973e,ok,intl-ec-swd-2025-429,eu,loose,text,"PDF p. 38, table (Eastern Caribbean), row ""Rejection rate (2024)""",Rejection rate (2024): 43.9%
observations.csv,o-633c7ab4c7,,intl-imf-wp-15-93,imf,found,text,"p. 22 (printed), Box 5",accumulated assets were estimated at about 24 percent of GDP at end-2013
observations.csv,o-da2d719173,,intl-imf-wp-15-93,imf,found,text,"p. 13 (printed), Box 1","At end-2013, the accumulated central government deposits were about 20 percent of GDP and additional SIDF assets were estimated at 25 percent of GDP."
observations.csv,o-b13de5c7d3,,intl-imf-wp-15-93,imf,loose,text,"p. 22 (printed), Box 5, table ""SIDF Operations"", row Income",Income 1/ 0.9 1.5 2.4 5.9 8.7 10.1 11.9
observations.csv,o-4f982ea8a5,ok,kna-imf-wp-15-93,imf,found,text,"PDF p. 23, Box 5 table 'SIDF Operations (In percent of GDP)'",Income 0.9 1.5 2.4 5.9 8.7 10.1 11.9
observations.csv,o-fc30a8ae40,,intl-imf-wp-15-93,imf,loose,text,"p. 22 (printed), Box 5, table ""SIDF Operations"", row Income",Income 1/ 0.9 1.5 2.4 5.9 8.7 10.1 11.9
observations.csv,o-d1c72eac55,ok,kna-imf-wp-15-93,imf,found,text,"PDF p. 23, Box 5 table 'SIDF Operations (In percent of GDP)'",Income 0.9 1.5 2.4 5.9 8.7 10.1 11.9
observations.csv,o-1fa22b0aa2,,intl-imf-wp-15-93,imf,loose,text,"p. 22 (printed), Box 5, table ""SIDF Operations"", row Income",Income 1/ 0.9 1.5 2.4 5.9 8.7 10.1 11.9
observations.csv,o-40773fb94d,ok,kna-imf-wp-15-93,imf,found,text,"PDF p. 23, Box 5 table 'SIDF Operations (In percent of GDP)'",Income 0.9 1.5 2.4 5.9 8.7 10.1 11.9
observations.csv,o-b5ceefe540,,intl-imf-wp-15-93,imf,loose,text,"p. 22 (printed), Box 5, table ""SIDF Operations"", row Income",Income 1/ 0.9 1.5 2.4 5.9 8.7 10.1 11.9
observations.csv,o-179635f7f2,ok,kna-imf-wp-15-93,imf,found,text,"PDF p. 23, Box 5 table 'SIDF Operations (In percent of GDP)'",Income 0.9 1.5 2.4 5.9 8.7 10.1 11.9
observations.csv,o-d5b5d26814,,intl-imf-wp-15-93,imf,loose,text,"p. 22 (printed), Box 5, table ""SIDF Operations"", row Income",Income 1/ 0.9 1.5 2.4 5.9 8.7 10.1 11.9
observations.csv,o-524ddcc38a,ok,kna-imf-wp-15-93,imf,found,text,"PDF p. 23, Box 5 table 'SIDF Operations (In percent of GDP)'",Income 0.9 1.5 2.4 5.9 8.7 10.1 11.9
observations.csv,o-5d1b4a305f,,intl-imf-wp-15-93,imf,loose,text,"p. 22 (printed), Box 5, table ""SIDF Operations"", row Income",Income 1/ 0.9 1.5 2.4 5.9 8.7 10.1 11.9
observations.csv,o-ffd1d3247c,ok,kna-imf-wp-15-93,imf,found,text,"PDF p. 23, Box 5 table 'SIDF Operations (In percent of GDP)'",Income 0.9 1.5 2.4 5.9 8.7 10.1 11.9
observations.csv,o-02f6f9b750,,intl-imf-wp-15-93,imf,loose,text,"p. 22 (printed), Box 5, table ""SIDF Operations"", row Income",Income 1/ 0.9 1.5 2.4 5.9 8.7 10.1 11.9
observations.csv,o-da1b367535,ok,kna-imf-wp-15-93,imf,found,text,"PDF p. 23, Box 5 table 'SIDF Operations (In percent of GDP)'",Income 0.9 1.5 2.4 5.9 8.7 10.1 11.9
observations.csv,o-1876279ec4,,kna-imidaily-2024-12-10,media,no_copy,,article body,"Saint Kitts & Nevis issued 35,577 CBI passports (citizenships) between 2015 and 2022."
observations.csv,o-a609ad9a47,ok,intl-ec-swd-2025-429,eu,loose,text,"PDF p. 38, table (Eastern Caribbean), row ""Total passports issued""",Total passports issued: 48 844 (2015-2023)
observations.csv,o-fcc5ebe3ce,p. 38,kna-ec-swd-2025-429,eu,loose,text,"PDF pp. 36-37, section II 'Eastern Caribbean', table of data submitted by the five countries",48 844 (2015-2023)
observations.csv,o-384c967773,ok,intl-ec-swd-2025-429,eu,loose,text,"PDF p. 38, table (Eastern Caribbean), row ""Total passports issued""",Total passports issued: 6 437 (2024)
observations.csv,o-68874d9d68,ok,kna-ec-swd-2025-429,eu,found,text,"PDF pp. 36-37, section II 'Eastern Caribbean', table of data submitted by the five countries",6 437 (2024)
observations.csv,o-53d43bfe82,p. 38,kna-ec-swd-2025-429,eu,found,text,"PDF pp. 36-37, section II 'Eastern Caribbean', table of data submitted by the five countries",734 (2025 until 30/4)
observations.csv,o-7ecab674cc,ok,intl-ec-swd-2025-429,eu,loose,text,"PDF p. 38, table (Eastern Caribbean), row ""Total passports issued""",Total passports issued: 734 (2025 until 30/4)
observations.csv,o-5d1a3661b2,,intl-ec-com-2023-730,eu,found,text,p. 37 (printed),"with a total of at least 88 000 passports issued to date. For certain countries, this number is above 30 000 (34 500 passports issued by Dominica; 36 742 by Saint Kitts and Nevis)."
observations.csv,o-eb84af7afa,,kna-sugar-faostat-qcl,international_org,found,text,"kna-sugar-faostat-qcl.csv: Item ""Sugar cane"", Element ""Production"", column Y1961","Saint Kitts and Nevis,Sugar cane,Production,t,Y1961=419595.000000,Y1961F=A"
observations.csv,o-15f1f555b3,,kna-sugar-faostat-qcl,international_org,found,text,"kna-sugar-faostat-qcl.csv: Item ""Sugar cane"", Element ""Production"", column Y1962","Saint Kitts and Nevis,Sugar cane,Production,t,Y1962=395628.000000,Y1962F=A"
observations.csv,o-e96d22a01d,,kna-sugar-faostat-qcl,international_org,found,text,"kna-sugar-faostat-qcl.csv: Item ""Sugar cane"", Element ""Production"", column Y1963","Saint Kitts and Nevis,Sugar cane,Production,t,Y1963=356286.000000,Y1963F=A"
observations.csv,o-ea1913bfa0,,kna-sugar-faostat-qcl,international_org,found,text,"kna-sugar-faostat-qcl.csv: Item ""Sugar cane"", Element ""Production"", column Y1964","Saint Kitts and Nevis,Sugar cane,Production,t,Y1964=383554.000000,Y1964F=A"
observations.csv,o-0c8f7f5a8d,,kna-sugar-faostat-qcl,international_org,found,text,"kna-sugar-faostat-qcl.csv: Item ""Sugar cane"", Element ""Production"", column Y1965","Saint Kitts and Nevis,Sugar cane,Production,t,Y1965=347663.000000,Y1965F=A"
observations.csv,o-ad0435db91,,kna-sugar-faostat-qcl,international_org,found,text,"kna-sugar-faostat-qcl.csv: Item ""Sugar cane"", Element ""Production"", column Y1966","Saint Kitts and Nevis,Sugar cane,Production,t,Y1966=353926.000000,Y1966F=A"
observations.csv,o-45721efea2,,kna-sugar-faostat-qcl,international_org,found,text,"kna-sugar-faostat-qcl.csv: Item ""Sugar cane"", Element ""Production"", column Y1967","Saint Kitts and Nevis,Sugar cane,Production,t,Y1967=333040.000000,Y1967F=A"
observations.csv,o-bdc02cde1b,,kna-sugar-faostat-qcl,international_org,found,text,"kna-sugar-faostat-qcl.csv: Item ""Sugar cane"", Element ""Production"", column Y1968","Saint Kitts and Nevis,Sugar cane,Production,t,Y1968=326136.000000,Y1968F=A"
observations.csv,o-b7819b46f9,,kna-sugar-faostat-qcl,international_org,found,text,"kna-sugar-faostat-qcl.csv: Item ""Sugar cane"", Element ""Production"", column Y1969","Saint Kitts and Nevis,Sugar cane,Production,t,Y1969=246888.000000,Y1969F=A"
observations.csv,o-c9cfc69ad6,,kna-sugar-faostat-qcl,international_org,found,text,"kna-sugar-faostat-qcl.csv: Item ""Sugar cane"", Element ""Production"", column Y1970","Saint Kitts and Nevis,Sugar cane,Production,t,Y1970=331216.000000,Y1970F=A"
observations.csv,o-1cc9c188cc,,kna-sugar-faostat-qcl,international_org,found,text,"kna-sugar-faostat-qcl.csv: Item ""Sugar cane"", Element ""Production"", column Y1971","Saint Kitts and Nevis,Sugar cane,Production,t,Y1971=276352.000000,Y1971F=A"
observations.csv,o-a4b1223bdd,,kna-sugar-faostat-qcl,international_org,found,text,"kna-sugar-faostat-qcl.csv: Item ""Sugar cane"", Element ""Production"", column Y1972","Saint Kitts and Nevis,Sugar cane,Production,t,Y1972=248932.000000,Y1972F=X"
observations.csv,o-eae3826b8a,,kna-sugar-faostat-qcl,international_org,found,text,"kna-sugar-faostat-qcl.csv: Item ""Sugar cane"", Element ""Production"", column Y1973","Saint Kitts and Nevis,Sugar cane,Production,t,Y1973=214376.000000,Y1973F=A"
observations.csv,o-478e944e2c,,kna-sugar-faostat-qcl,international_org,found,text,"kna-sugar-faostat-qcl.csv: Item ""Sugar cane"", Element ""Production"", column Y1974","Saint Kitts and Nevis,Sugar cane,Production,t,Y1974=220472.000000,Y1974F=A"
observations.csv,o-6b04bc8b08,,kna-sugar-faostat-qcl,international_org,found,text,"kna-sugar-faostat-qcl.csv: Item ""Sugar cane"", Element ""Production"", column Y1975","Saint Kitts and Nevis,Sugar cane,Production,t,Y1975=219456.000000,Y1975F=A"
observations.csv,o-7587e87743,,kna-sugar-faostat-qcl,international_org,found,text,"kna-sugar-faostat-qcl.csv: Item ""Sugar cane"", Element ""Production"", column Y1976","Saint Kitts and Nevis,Sugar cane,Production,t,Y1976=326136.000000,Y1976F=A"
observations.csv,o-3f7a4b3f69,,kna-sugar-faostat-qcl,international_org,found,text,"kna-sugar-faostat-qcl.csv: Item ""Sugar cane"", Element ""Production"", column Y1977","Saint Kitts and Nevis,Sugar cane,Production,t,Y1977=352000.000000,Y1977F=A"
observations.csv,o-f4924b1fb1,,kna-sugar-faostat-qcl,international_org,found,text,"kna-sugar-faostat-qcl.csv: Item ""Sugar cane"", Element ""Production"", column Y1978","Saint Kitts and Nevis,Sugar cane,Production,t,Y1978=362000.000000,Y1978F=A"
observations.csv,o-c36f8d6b74,,kna-sugar-faostat-qcl,international_org,found,text,"kna-sugar-faostat-qcl.csv: Item ""Sugar cane"", Element ""Production"", column Y1979","Saint Kitts and Nevis,Sugar cane,Production,t,Y1979=384000.000000,Y1979F=A"
observations.csv,o-caf630592a,,kna-sugar-faostat-qcl,international_org,found,text,"kna-sugar-faostat-qcl.csv: Item ""Sugar cane"", Element ""Production"", column Y1980","Saint Kitts and Nevis,Sugar cane,Production,t,Y1980=352000.000000,Y1980F=A"
observations.csv,o-dad7b13063,,kna-sugar-faostat-qcl,international_org,found,text,"kna-sugar-faostat-qcl.csv: Item ""Sugar cane"", Element ""Production"", column Y1981","Saint Kitts and Nevis,Sugar cane,Production,t,Y1981=337500.000000,Y1981F=A"
observations.csv,o-7b31e9fde6,,kna-sugar-faostat-qcl,international_org,found,text,"kna-sugar-faostat-qcl.csv: Item ""Sugar cane"", Element ""Production"", column Y1982","Saint Kitts and Nevis,Sugar cane,Production,t,Y1982=349600.000000,Y1982F=A"
observations.csv,o-ac06c8d9fb,,kna-sugar-faostat-qcl,international_org,found,text,"kna-sugar-faostat-qcl.csv: Item ""Sugar cane"", Element ""Production"", column Y1983","Saint Kitts and Nevis,Sugar cane,Production,t,Y1983=276200.000000,Y1983F=A"
observations.csv,o-3f4c9b9578,,kna-sugar-faostat-qcl,international_org,found,text,"kna-sugar-faostat-qcl.csv: Item ""Sugar cane"", Element ""Production"", column Y1984","Saint Kitts and Nevis,Sugar cane,Production,t,Y1984=298315.000000,Y1984F=A"
observations.csv,o-a37bba2a1c,,kna-sugar-faostat-qcl,international_org,found,text,"kna-sugar-faostat-qcl.csv: Item ""Sugar cane"", Element ""Production"", column Y1985","Saint Kitts and Nevis,Sugar cane,Production,t,Y1985=263098.000000,Y1985F=A"
observations.csv,o-b6bf3af5f6,,kna-sugar-faostat-qcl,international_org,found,text,"kna-sugar-faostat-qcl.csv: Item ""Sugar cane"", Element ""Production"", column Y1986","Saint Kitts and Nevis,Sugar cane,Production,t,Y1986=260370.000000,Y1986F=A"
observations.csv,o-967aea51cb,,kna-sugar-faostat-qcl,international_org,found,text,"kna-sugar-faostat-qcl.csv: Item ""Sugar cane"", Element ""Production"", column Y1987","Saint Kitts and Nevis,Sugar cane,Production,t,Y1987=258660.000000,Y1987F=A"
observations.csv,o-1bf5a31f1d,,kna-sugar-faostat-qcl,international_org,found,text,"kna-sugar-faostat-qcl.csv: Item ""Sugar cane"", Element ""Production"", column Y1988","Saint Kitts and Nevis,Sugar cane,Production,t,Y1988=270830.000000,Y1988F=A"
observations.csv,o-ec53567d1e,,kna-sugar-faostat-qcl,international_org,found,text,"kna-sugar-faostat-qcl.csv: Item ""Sugar cane"", Element ""Production"", column Y1989","Saint Kitts and Nevis,Sugar cane,Production,t,Y1989=252300.000000,Y1989F=A"
observations.csv,o-c77a5ec4ef,,kna-sugar-faostat-qcl,international_org,found,text,"kna-sugar-faostat-qcl.csv: Item ""Sugar cane"", Element ""Production"", column Y1990","Saint Kitts and Nevis,Sugar cane,Production,t,Y1990=170000.000000,Y1990F=E"
observations.csv,o-f744f934cb,,kna-sugar-faostat-qcl,international_org,found,text,"kna-sugar-faostat-qcl.csv: Item ""Sugar cane"", Element ""Production"", column Y1991","Saint Kitts and Nevis,Sugar cane,Production,t,Y1991=200000.000000,Y1991F=E"
observations.csv,o-27ef480212,,kna-sugar-faostat-qcl,international_org,found,text,"kna-sugar-faostat-qcl.csv: Item ""Sugar cane"", Element ""Production"", column Y1992","Saint Kitts and Nevis,Sugar cane,Production,t,Y1992=280000.000000,Y1992F=E"
observations.csv,o-56b1094d42,,kna-sugar-faostat-qcl,international_org,found,text,"kna-sugar-faostat-qcl.csv: Item ""Sugar cane"", Element ""Production"", column Y1993","Saint Kitts and Nevis,Sugar cane,Production,t,Y1993=218000.000000,Y1993F=A"
observations.csv,o-def278f48a,,kna-sugar-faostat-qcl,international_org,found,text,"kna-sugar-faostat-qcl.csv: Item ""Sugar cane"", Element ""Production"", column Y1994","Saint Kitts and Nevis,Sugar cane,Production,t,Y1994=180494.000000,Y1994F=A"
observations.csv,o-e0a77b26df,,kna-sugar-faostat-qcl,international_org,found,text,"kna-sugar-faostat-qcl.csv: Item ""Sugar cane"", Element ""Production"", column Y1995","Saint Kitts and Nevis,Sugar cane,Production,t,Y1995=183170.000000,Y1995F=A"
observations.csv,o-58122b706a,,kna-sugar-faostat-qcl,international_org,found,text,"kna-sugar-faostat-qcl.csv: Item ""Sugar cane"", Element ""Production"", column Y1996","Saint Kitts and Nevis,Sugar cane,Production,t,Y1996=207000.000000,Y1996F=A"
observations.csv,o-2f09d78e2d,,kna-sugar-faostat-qcl,international_org,found,text,"kna-sugar-faostat-qcl.csv: Item ""Sugar cane"", Element ""Production"", column Y1997","Saint Kitts and Nevis,Sugar cane,Production,t,Y1997=310064.000000,Y1997F=A"
observations.csv,o-dd8369afde,,kna-sugar-faostat-qcl,international_org,found,text,"kna-sugar-faostat-qcl.csv: Item ""Sugar cane"", Element ""Production"", column Y1998","Saint Kitts and Nevis,Sugar cane,Production,t,Y1998=244398.000000,Y1998F=A"
observations.csv,o-9189325fc5,,kna-sugar-faostat-qcl,international_org,found,text,"kna-sugar-faostat-qcl.csv: Item ""Sugar cane"", Element ""Production"", column Y1999","Saint Kitts and Nevis,Sugar cane,Production,t,Y1999=196784.000000,Y1999F=A"
observations.csv,o-bef99e2961,,kna-sugar-faostat-qcl,international_org,found,text,"kna-sugar-faostat-qcl.csv: Item ""Sugar cane"", Element ""Production"", column Y2000","Saint Kitts and Nevis,Sugar cane,Production,t,Y2000=191387.000000,Y2000F=A"
observations.csv,o-cba9b7e972,,kna-sugar-faostat-qcl,international_org,found,text,"kna-sugar-faostat-qcl.csv: Item ""Sugar cane"", Element ""Production"", column Y2001","Saint Kitts and Nevis,Sugar cane,Production,t,Y2001=191400.000000,Y2001F=E"
observations.csv,o-61fa754c14,,kna-sugar-faostat-qcl,international_org,found,text,"kna-sugar-faostat-qcl.csv: Item ""Sugar cane"", Element ""Production"", column Y2002","Saint Kitts and Nevis,Sugar cane,Production,t,Y2002=193000.000000,Y2002F=E"
observations.csv,o-be9db10fd1,,kna-sugar-faostat-qcl,international_org,found,text,"kna-sugar-faostat-qcl.csv: Item ""Sugar cane"", Element ""Production"", column Y2003","Saint Kitts and Nevis,Sugar cane,Production,t,Y2003=193000.000000,Y2003F=E"
observations.csv,o-19b693508a,,kna-sugar-faostat-qcl,international_org,found,text,"kna-sugar-faostat-qcl.csv: Item ""Sugar cane"", Element ""Production"", column Y2004","Saint Kitts and Nevis,Sugar cane,Production,t,Y2004=260000.000000,Y2004F=E"
observations.csv,o-f6817742c9,,kna-sugar-faostat-qcl,international_org,found,text,"kna-sugar-faostat-qcl.csv: Item ""Sugar cane"", Element ""Production"", column Y2005","Saint Kitts and Nevis,Sugar cane,Production,t,Y2005=100000.000000,Y2005F=A"
observations.csv,o-7b3202dbbb,,kna-sugar-faostat-qcl,international_org,found,text,"kna-sugar-faostat-qcl.csv: Item ""Sugar cane"", Element ""Production"", column Y2006","Saint Kitts and Nevis,Sugar cane,Production,t,Y2006=0.000000,Y2006F=A"
observations.csv,o-e064f93a78,,kna-sugar-faostat-tcl,international_org,found,text,"kna-sugar-faostat-tcl.csv: Item ""Raw cane or beet sugar (centrifugal only)"", Element ""Export value"", column Y1961","Saint Kitts and Nevis,Raw cane or beet sugar (centrifugal only),Export value,1000 USD,Y1961=5240.000000,Y1961F=A"
observations.csv,o-8fcb687eb1,,kna-sugar-faostat-tcl,international_org,found,text,"kna-sugar-faostat-tcl.csv: Item ""Raw cane or beet sugar (centrifugal only)"", Element ""Export value"", column Y1962","Saint Kitts and Nevis,Raw cane or beet sugar (centrifugal only),Export value,1000 USD,Y1962=4480.000000,Y1962F=A"
observations.csv,o-feed5dae72,,kna-sugar-faostat-tcl,international_org,found,text,"kna-sugar-faostat-tcl.csv: Item ""Raw cane or beet sugar (centrifugal only)"", Element ""Export value"", column Y1963","Saint Kitts and Nevis,Raw cane or beet sugar (centrifugal only),Export value,1000 USD,Y1963=4180.000000,Y1963F=X"
observations.csv,o-ef0dce2582,,kna-sugar-faostat-tcl,international_org,found,text,"kna-sugar-faostat-tcl.csv: Item ""Raw cane or beet sugar (centrifugal only)"", Element ""Export value"", column Y1964","Saint Kitts and Nevis,Raw cane or beet sugar (centrifugal only),Export value,1000 USD,Y1964=5180.000000,Y1964F=A"
observations.csv,o-8f9acfb702,,kna-sugar-faostat-tcl,international_org,found,text,"kna-sugar-faostat-tcl.csv: Item ""Raw cane or beet sugar (centrifugal only)"", Element ""Export value"", column Y1965","Saint Kitts and Nevis,Raw cane or beet sugar (centrifugal only),Export value,1000 USD,Y1965=3900.000000,Y1965F=X"
observations.csv,o-52a077314a,,kna-sugar-faostat-tcl,international_org,found,text,"kna-sugar-faostat-tcl.csv: Item ""Raw cane or beet sugar (centrifugal only)"", Element ""Export value"", column Y1966","Saint Kitts and Nevis,Raw cane or beet sugar (centrifugal only),Export value,1000 USD,Y1966=4430.000000,Y1966F=A"
observations.csv,o-cc11b373fd,,kna-sugar-faostat-tcl,international_org,found,text,"kna-sugar-faostat-tcl.csv: Item ""Raw cane or beet sugar (centrifugal only)"", Element ""Export value"", column Y1967","Saint Kitts and Nevis,Raw cane or beet sugar (centrifugal only),Export value,1000 USD,Y1967=4720.000000,Y1967F=A"
observations.csv,o-105cf78ea0,,kna-sugar-faostat-tcl,international_org,found,text,"kna-sugar-faostat-tcl.csv: Item ""Raw cane or beet sugar (centrifugal only)"", Element ""Export value"", column Y1968","Saint Kitts and Nevis,Raw cane or beet sugar (centrifugal only),Export value,1000 USD,Y1968=3380.000000,Y1968F=A"
observations.csv,o-1f6ba17f3a,,kna-sugar-faostat-tcl,international_org,found,text,"kna-sugar-faostat-tcl.csv: Item ""Raw cane or beet sugar (centrifugal only)"", Element ""Export value"", column Y1969","Saint Kitts and Nevis,Raw cane or beet sugar (centrifugal only),Export value,1000 USD,Y1969=3680.000000,Y1969F=A"
observations.csv,o-a0d16655b7,,kna-sugar-faostat-tcl,international_org,found,text,"kna-sugar-faostat-tcl.csv: Item ""Raw cane or beet sugar (centrifugal only)"", Element ""Export value"", column Y1970","Saint Kitts and Nevis,Raw cane or beet sugar (centrifugal only),Export value,1000 USD,Y1970=2836.000000,Y1970F=A"
observations.csv,o-fed00c3f48,,kna-sugar-faostat-tcl,international_org,found,text,"kna-sugar-faostat-tcl.csv: Item ""Raw cane or beet sugar (centrifugal only)"", Element ""Export value"", column Y1971","Saint Kitts and Nevis,Raw cane or beet sugar (centrifugal only),Export value,1000 USD,Y1971=2459.000000,Y1971F=A"
observations.csv,o-0bae30a324,,kna-sugar-faostat-tcl,international_org,found,text,"kna-sugar-faostat-tcl.csv: Item ""Raw cane or beet sugar (centrifugal only)"", Element ""Export value"", column Y1972","Saint Kitts and Nevis,Raw cane or beet sugar (centrifugal only),Export value,1000 USD,Y1972=3750.000000,Y1972F=A"
observations.csv,o-8090c8cf7c,,kna-sugar-faostat-tcl,international_org,found,text,"kna-sugar-faostat-tcl.csv: Item ""Raw cane or beet sugar (centrifugal only)"", Element ""Export value"", column Y1973","Saint Kitts and Nevis,Raw cane or beet sugar (centrifugal only),Export value,1000 USD,Y1973=2936.000000,Y1973F=A"
observations.csv,o-c1e9745c6c,,kna-sugar-faostat-tcl,international_org,found,text,"kna-sugar-faostat-tcl.csv: Item ""Raw cane or beet sugar (centrifugal only)"", Element ""Export value"", column Y1974","Saint Kitts and Nevis,Raw cane or beet sugar (centrifugal only),Export value,1000 USD,Y1974=6282.000000,Y1974F=A"
observations.csv,o-3b3bbfc727,,kna-sugar-faostat-tcl,international_org,found,text,"kna-sugar-faostat-tcl.csv: Item ""Raw cane or beet sugar (centrifugal only)"", Element ""Export value"", column Y1975","Saint Kitts and Nevis,Raw cane or beet sugar (centrifugal only),Export value,1000 USD,Y1975=12690.000000,Y1975F=A"
observations.csv,o-1c4dc6612a,,kna-sugar-faostat-tcl,international_org,found,text,"kna-sugar-faostat-tcl.csv: Item ""Raw cane or beet sugar (centrifugal only)"", Element ""Export value"", column Y1976","Saint Kitts and Nevis,Raw cane or beet sugar (centrifugal only),Export value,1000 USD,Y1976=9891.000000,Y1976F=A"
observations.csv,o-3c1cd0ed74,,kna-sugar-faostat-tcl,international_org,found,text,"kna-sugar-faostat-tcl.csv: Item ""Raw cane or beet sugar (centrifugal only)"", Element ""Export value"", column Y1977","Saint Kitts and Nevis,Raw cane or beet sugar (centrifugal only),Export value,1000 USD,Y1977=9359.000000,Y1977F=A"
observations.csv,o-dc297bcdab,,kna-sugar-faostat-tcl,international_org,found,text,"kna-sugar-faostat-tcl.csv: Item ""Raw cane or beet sugar (centrifugal only)"", Element ""Export value"", column Y1978","Saint Kitts and Nevis,Raw cane or beet sugar (centrifugal only),Export value,1000 USD,Y1978=11750.000000,Y1978F=A"
observations.csv,o-ffbe76302e,,kna-sugar-faostat-tcl,international_org,found,text,"kna-sugar-faostat-tcl.csv: Item ""Raw cane or beet sugar (centrifugal only)"", Element ""Export value"", column Y1979","Saint Kitts and Nevis,Raw cane or beet sugar (centrifugal only),Export value,1000 USD,Y1979=11293.000000,Y1979F=A"
observations.csv,o-dc66010127,,kna-sugar-faostat-tcl,international_org,found,text,"kna-sugar-faostat-tcl.csv: Item ""Raw cane or beet sugar (centrifugal only)"", Element ""Export value"", column Y1980","Saint Kitts and Nevis,Raw cane or beet sugar (centrifugal only),Export value,1000 USD,Y1980=14348.000000,Y1980F=A"
observations.csv,o-a58ad68464,,kna-sugar-faostat-tcl,international_org,found,text,"kna-sugar-faostat-tcl.csv: Item ""Raw cane or beet sugar (centrifugal only)"", Element ""Export value"", column Y1981","Saint Kitts and Nevis,Raw cane or beet sugar (centrifugal only),Export value,1000 USD,Y1981=14713.000000,Y1981F=A"
observations.csv,o-3ae8742cb8,,kna-sugar-faostat-tcl,international_org,found,text,"kna-sugar-faostat-tcl.csv: Item ""Raw cane or beet sugar (centrifugal only)"", Element ""Export value"", column Y1982","Saint Kitts and Nevis,Raw cane or beet sugar (centrifugal only),Export value,1000 USD,Y1982=11086.000000,Y1982F=A"
observations.csv,o-40234407c8,,kna-sugar-faostat-tcl,international_org,found,text,"kna-sugar-faostat-tcl.csv: Item ""Raw cane or beet sugar (centrifugal only)"", Element ""Export value"", column Y1983","Saint Kitts and Nevis,Raw cane or beet sugar (centrifugal only),Export value,1000 USD,Y1983=10002.000000,Y1983F=A"
observations.csv,o-82a5d4d629,,kna-sugar-faostat-tcl,international_org,found,text,"kna-sugar-faostat-tcl.csv: Item ""Raw cane or beet sugar (centrifugal only)"", Element ""Export value"", column Y1984","Saint Kitts and Nevis,Raw cane or beet sugar (centrifugal only),Export value,1000 USD,Y1984=11267.000000,Y1984F=A"
observations.csv,o-f6200c4ec6,,kna-sugar-faostat-tcl,international_org,found,text,"kna-sugar-faostat-tcl.csv: Item ""Raw cane or beet sugar (centrifugal only)"", Element ""Export value"", column Y1985","Saint Kitts and Nevis,Raw cane or beet sugar (centrifugal only),Export value,1000 USD,Y1985=6422.000000,Y1985F=A"
observations.csv,o-756c93b98a,,kna-sugar-faostat-tcl,international_org,found,text,"kna-sugar-faostat-tcl.csv: Item ""Raw cane or beet sugar (centrifugal only)"", Element ""Export value"", column Y1986","Saint Kitts and Nevis,Raw cane or beet sugar (centrifugal only),Export value,1000 USD,Y1986=9583.000000,Y1986F=A"
observations.csv,o-be3f052cab,,kna-sugar-faostat-tcl,international_org,found,text,"kna-sugar-faostat-tcl.csv: Item ""Raw cane or beet sugar (centrifugal only)"", Element ""Export value"", column Y1987","Saint Kitts and Nevis,Raw cane or beet sugar (centrifugal only),Export value,1000 USD,Y1987=12465.000000,Y1987F=A"
observations.csv,o-c4cdafb99e,,kna-sugar-faostat-tcl,international_org,found,text,"kna-sugar-faostat-tcl.csv: Item ""Raw cane or beet sugar (centrifugal only)"", Element ""Export value"", column Y1988","Saint Kitts and Nevis,Raw cane or beet sugar (centrifugal only),Export value,1000 USD,Y1988=11674.000000,Y1988F=A"
observations.csv,o-8998233049,,kna-sugar-faostat-tcl,international_org,found,text,"kna-sugar-faostat-tcl.csv: Item ""Raw cane or beet sugar (centrifugal only)"", Element ""Export value"", column Y1989","Saint Kitts and Nevis,Raw cane or beet sugar (centrifugal only),Export value,1000 USD,Y1989=11851.000000,Y1989F=A"
observations.csv,o-5dfff8681c,,kna-sugar-faostat-tcl,international_org,found,text,"kna-sugar-faostat-tcl.csv: Item ""Raw cane or beet sugar (centrifugal only)"", Element ""Export value"", column Y1990","Saint Kitts and Nevis,Raw cane or beet sugar (centrifugal only),Export value,1000 USD,Y1990=9000.000000,Y1990F=X"
observations.csv,o-d7aefd1999,,kna-sugar-faostat-tcl,international_org,found,text,"kna-sugar-faostat-tcl.csv: Item ""Raw cane or beet sugar (centrifugal only)"", Element ""Export value"", column Y1991","Saint Kitts and Nevis,Raw cane or beet sugar (centrifugal only),Export value,1000 USD,Y1991=9300.000000,Y1991F=A"
observations.csv,o-1cac5f6be3,,kna-sugar-faostat-tcl,international_org,found,text,"kna-sugar-faostat-tcl.csv: Item ""Raw cane or beet sugar (centrifugal only)"", Element ""Export value"", column Y1992","Saint Kitts and Nevis,Raw cane or beet sugar (centrifugal only),Export value,1000 USD,Y1992=13000.000000,Y1992F=X"
observations.csv,o-77c69a06a4,,kna-sugar-faostat-tcl,international_org,found,text,"kna-sugar-faostat-tcl.csv: Item ""Raw cane or beet sugar (centrifugal only)"", Element ""Export value"", column Y1993","Saint Kitts and Nevis,Raw cane or beet sugar (centrifugal only),Export value,1000 USD,Y1993=10500.000000,Y1993F=X"
observations.csv,o-22ba382d34,,kna-sugar-faostat-tcl,international_org,found,text,"kna-sugar-faostat-tcl.csv: Item ""Raw cane or beet sugar (centrifugal only)"", Element ""Export value"", column Y1994","Saint Kitts and Nevis,Raw cane or beet sugar (centrifugal only),Export value,1000 USD,Y1994=11545.000000,Y1994F=A"
observations.csv,o-fabcc57237,,kna-sugar-faostat-tcl,international_org,found,text,"kna-sugar-faostat-tcl.csv: Item ""Raw cane or beet sugar (centrifugal only)"", Element ""Export value"", column Y1995","Saint Kitts and Nevis,Raw cane or beet sugar (centrifugal only),Export value,1000 USD,Y1995=14115.000000,Y1995F=A"
observations.csv,o-cb0f23b1a7,,kna-sugar-faostat-tcl,international_org,found,text,"kna-sugar-faostat-tcl.csv: Item ""Raw cane or beet sugar (centrifugal only)"", Element ""Export value"", column Y1996","Saint Kitts and Nevis,Raw cane or beet sugar (centrifugal only),Export value,1000 USD,Y1996=11782.000000,Y1996F=A"
observations.csv,o-db6d9da035,,kna-sugar-faostat-tcl,international_org,found,text,"kna-sugar-faostat-tcl.csv: Item ""Raw cane or beet sugar (centrifugal only)"", Element ""Export value"", column Y1997","Saint Kitts and Nevis,Raw cane or beet sugar (centrifugal only),Export value,1000 USD,Y1997=17800.000000,Y1997F=X"
observations.csv,o-81d58f3eb7,,kna-sugar-faostat-tcl,international_org,found,text,"kna-sugar-faostat-tcl.csv: Item ""Raw cane or beet sugar (centrifugal only)"", Element ""Export value"", column Y1998","Saint Kitts and Nevis,Raw cane or beet sugar (centrifugal only),Export value,1000 USD,Y1998=12200.000000,Y1998F=X"
observations.csv,o-2652b4b95b,,kna-sugar-faostat-tcl,international_org,found,text,"kna-sugar-faostat-tcl.csv: Item ""Raw cane or beet sugar (centrifugal only)"", Element ""Export value"", column Y1999","Saint Kitts and Nevis,Raw cane or beet sugar (centrifugal only),Export value,1000 USD,Y1999=10000.000000,Y1999F=X"
observations.csv,o-c6cf039f60,,kna-sugar-faostat-tcl,international_org,found,text,"kna-sugar-faostat-tcl.csv: Item ""Raw cane or beet sugar (centrifugal only)"", Element ""Export value"", column Y2000","Saint Kitts and Nevis,Raw cane or beet sugar (centrifugal only),Export value,1000 USD,Y2000=5854.000000,Y2000F=A"
observations.csv,o-37cce40543,,kna-sugar-faostat-tcl,international_org,found,text,"kna-sugar-faostat-tcl.csv: Item ""Raw cane or beet sugar (centrifugal only)"", Element ""Export value"", column Y2001","Saint Kitts and Nevis,Raw cane or beet sugar (centrifugal only),Export value,1000 USD,Y2001=6471.000000,Y2001F=A"
observations.csv,o-efd451a4d4,ok,kna-sugar-imf-cr07141,imf,found,text,"PDF p. 34, Table 5 (Balance of Payments), Exports f.o.b., of which Sugar",Of which Sugar 26.0 27.9 22.9 22.4 16.9 0.0
observations.csv,o-eedc9658ee,,kna-sugar-faostat-tcl,international_org,found,text,"kna-sugar-faostat-tcl.csv: Item ""Raw cane or beet sugar (centrifugal only)"", Element ""Export value"", column Y2002","Saint Kitts and Nevis,Raw cane or beet sugar (centrifugal only),Export value,1000 USD,Y2002=8000.000000,Y2002F=I"
observations.csv,o-bb59f3dd76,ok,kna-sugar-imf-cr07141,imf,found,text,"PDF p. 34, Table 5 (Balance of Payments), Exports f.o.b., of which Sugar",Of which Sugar 26.0 27.9 22.9 22.4 16.9 0.0
observations.csv,o-1f65977fd3,,kna-sugar-faostat-tcl,international_org,found,text,"kna-sugar-faostat-tcl.csv: Item ""Raw cane or beet sugar (centrifugal only)"", Element ""Export value"", column Y2003","Saint Kitts and Nevis,Raw cane or beet sugar (centrifugal only),Export value,1000 USD,Y2003=7237.000000,Y2003F=A"
observations.csv,o-ba1770eb07,ok,kna-sugar-imf-cr07141,imf,found,text,"PDF p. 34, Table 5 (Balance of Payments), Exports f.o.b., of which Sugar",Of which Sugar 26.0 27.9 22.9 22.4 16.9 0.0
observations.csv,o-0124376f37,,kna-sugar-faostat-tcl,international_org,found,text,"kna-sugar-faostat-tcl.csv: Item ""Raw cane or beet sugar (centrifugal only)"", Element ""Export value"", column Y2004","Saint Kitts and Nevis,Raw cane or beet sugar (centrifugal only),Export value,1000 USD,Y2004=11775.000000,Y2004F=A"
observations.csv,o-7cd5aaca65,ok,kna-sugar-imf-cr07141,imf,found,text,"PDF p. 34, Table 5 (Balance of Payments), Exports f.o.b., of which Sugar",Of which Sugar 26.0 27.9 22.9 22.4 16.9 0.0
observations.csv,o-a4575eb38a,,kna-sugar-faostat-tcl,international_org,found,text,"kna-sugar-faostat-tcl.csv: Item ""Raw cane or beet sugar (centrifugal only)"", Element ""Export value"", column Y2005","Saint Kitts and Nevis,Raw cane or beet sugar (centrifugal only),Export value,1000 USD,Y2005=7000.000000,Y2005F=I"
observations.csv,o-00ad686d5f,ok,kna-sugar-imf-cr07141,imf,found,text,"PDF p. 34, Table 5 (Balance of Payments), Exports f.o.b., of which Sugar",Of which Sugar 26.0 27.9 22.9 22.4 16.9 0.0
observations.csv,o-ca286a8c25,,kna-sugar-faostat-tcl,international_org,found,text,"kna-sugar-faostat-tcl.csv: Item ""Raw cane or beet sugar (centrifugal only)"", Element ""Export value"", column Y2006","Saint Kitts and Nevis,Raw cane or beet sugar (centrifugal only),Export value,1000 USD,Y2006=11.000000,Y2006F=A"
observations.csv,o-51d95d043b,,kna-sugar-faostat-tcl,international_org,found,text,"kna-sugar-faostat-tcl.csv: Item ""Raw cane or beet sugar (centrifugal only)"", Element ""Export value"", column Y2007","Saint Kitts and Nevis,Raw cane or beet sugar (centrifugal only),Export value,1000 USD,Y2007=10.000000,Y2007F=A"
observations.csv,o-5d68c230e2,ok,kna-sugar-imf-cr07141,imf,found,text,"PDF p. 9, Box 1",Sugar export proceeds had declined to an average of 2½ percent of GDP a year during 2000–04
observations.csv,o-4338f1355c,ok,kna-sugar-imf-cr07141,imf,found,text,"PDF p. 34, Table 5, In percent of GDP, Merchandise exports, of which Sugar",Of which Sugar 2.8 2.9 2.3 2.0 1.4 0.0
observations.csv,o-a31d65ccd8,ok,kna-sugar-imf-cr07141,imf,found,text,"PDF p. 34, Table 5, In percent of GDP, Merchandise exports, of which Sugar",Of which Sugar 2.8 2.9 2.3 2.0 1.4 0.0
observations.csv,o-0b87e3df13,ok,kna-sugar-imf-cr07141,imf,found,text,"PDF p. 34, Table 5, In percent of GDP, Merchandise exports, of which Sugar",Of which Sugar 2.8 2.9 2.3 2.0 1.4 0.0
observations.csv,o-ca9d00ce46,ok,kna-sugar-imf-cr07141,imf,found,text,"PDF p. 34, Table 5, In percent of GDP, Merchandise exports, of which Sugar",Of which Sugar 2.8 2.9 2.3 2.0 1.4 0.0
observations.csv,o-88ec946efe,ok,kna-sugar-imf-cr07141,imf,found,text,"PDF p. 34, Table 5, In percent of GDP, Merchandise exports, of which Sugar",Of which Sugar 2.8 2.9 2.3 2.0 1.4 0.0
observations.csv,o-ea268fa210,,kna-sugar-faostat-tcl,international_org,found,text,"kna-sugar-faostat-tcl.csv: Item ""Raw cane or beet sugar (centrifugal only)"", Element ""Export quantity"", column Y1961","Saint Kitts and Nevis,Raw cane or beet sugar (centrifugal only),Export quantity,t,Y1961=45500.000000,Y1961F=A"
observations.csv,o-15b7663fa6,,kna-sugar-faostat-tcl,international_org,found,text,"kna-sugar-faostat-tcl.csv: Item ""Raw cane or beet sugar (centrifugal only)"", Element ""Export quantity"", column Y1962","Saint Kitts and Nevis,Raw cane or beet sugar (centrifugal only),Export quantity,t,Y1962=41200.000000,Y1962F=A"
observations.csv,o-54082ea94e,,kna-sugar-faostat-tcl,international_org,found,text,"kna-sugar-faostat-tcl.csv: Item ""Raw cane or beet sugar (centrifugal only)"", Element ""Export quantity"", column Y1963","Saint Kitts and Nevis,Raw cane or beet sugar (centrifugal only),Export quantity,t,Y1963=38400.000000,Y1963F=A"
observations.csv,o-e3435baff2,,kna-sugar-faostat-tcl,international_org,found,text,"kna-sugar-faostat-tcl.csv: Item ""Raw cane or beet sugar (centrifugal only)"", Element ""Export quantity"", column Y1964","Saint Kitts and Nevis,Raw cane or beet sugar (centrifugal only),Export quantity,t,Y1964=41500.000000,Y1964F=A"
observations.csv,o-24c1551e2c,,kna-sugar-faostat-tcl,international_org,found,text,"kna-sugar-faostat-tcl.csv: Item ""Raw cane or beet sugar (centrifugal only)"", Element ""Export quantity"", column Y1965","Saint Kitts and Nevis,Raw cane or beet sugar (centrifugal only),Export quantity,t,Y1965=34770.000000,Y1965F=A"
observations.csv,o-193f087589,,kna-sugar-faostat-tcl,international_org,found,text,"kna-sugar-faostat-tcl.csv: Item ""Raw cane or beet sugar (centrifugal only)"", Element ""Export quantity"", column Y1966","Saint Kitts and Nevis,Raw cane or beet sugar (centrifugal only),Export quantity,t,Y1966=35080.000000,Y1966F=A"
observations.csv,o-d03680eb65,,kna-sugar-faostat-tcl,international_org,found,text,"kna-sugar-faostat-tcl.csv: Item ""Raw cane or beet sugar (centrifugal only)"", Element ""Export quantity"", column Y1967","Saint Kitts and Nevis,Raw cane or beet sugar (centrifugal only),Export quantity,t,Y1967=35900.000000,Y1967F=A"
observations.csv,o-bb81a3f711,,kna-sugar-faostat-tcl,international_org,found,text,"kna-sugar-faostat-tcl.csv: Item ""Raw cane or beet sugar (centrifugal only)"", Element ""Export quantity"", column Y1968","Saint Kitts and Nevis,Raw cane or beet sugar (centrifugal only),Export quantity,t,Y1968=34600.000000,Y1968F=A"
observations.csv,o-987207857a,,kna-sugar-faostat-tcl,international_org,found,text,"kna-sugar-faostat-tcl.csv: Item ""Raw cane or beet sugar (centrifugal only)"", Element ""Export quantity"", column Y1969","Saint Kitts and Nevis,Raw cane or beet sugar (centrifugal only),Export quantity,t,Y1969=34118.000000,Y1969F=A"
observations.csv,o-5661455d42,,kna-sugar-faostat-tcl,international_org,found,text,"kna-sugar-faostat-tcl.csv: Item ""Raw cane or beet sugar (centrifugal only)"", Element ""Export quantity"", column Y1970","Saint Kitts and Nevis,Raw cane or beet sugar (centrifugal only),Export quantity,t,Y1970=22387.000000,Y1970F=A"
observations.csv,o-c1c536509f,,kna-sugar-faostat-tcl,international_org,found,text,"kna-sugar-faostat-tcl.csv: Item ""Raw cane or beet sugar (centrifugal only)"", Element ""Export quantity"", column Y1971","Saint Kitts and Nevis,Raw cane or beet sugar (centrifugal only),Export quantity,t,Y1971=19127.000000,Y1971F=A"
observations.csv,o-08bf70a265,,kna-sugar-faostat-tcl,international_org,found,text,"kna-sugar-faostat-tcl.csv: Item ""Raw cane or beet sugar (centrifugal only)"", Element ""Export quantity"", column Y1972","Saint Kitts and Nevis,Raw cane or beet sugar (centrifugal only),Export quantity,t,Y1972=24734.000000,Y1972F=A"
observations.csv,o-79f81e57b6,,kna-sugar-faostat-tcl,international_org,found,text,"kna-sugar-faostat-tcl.csv: Item ""Raw cane or beet sugar (centrifugal only)"", Element ""Export quantity"", column Y1973","Saint Kitts and Nevis,Raw cane or beet sugar (centrifugal only),Export quantity,t,Y1973=20321.000000,Y1973F=A"
observations.csv,o-1fe9ffa154,,kna-sugar-faostat-tcl,international_org,found,text,"kna-sugar-faostat-tcl.csv: Item ""Raw cane or beet sugar (centrifugal only)"", Element ""Export quantity"", column Y1974","Saint Kitts and Nevis,Raw cane or beet sugar (centrifugal only),Export quantity,t,Y1974=23369.000000,Y1974F=A"
observations.csv,o-501c76e490,,kna-sugar-faostat-tcl,international_org,found,text,"kna-sugar-faostat-tcl.csv: Item ""Raw cane or beet sugar (centrifugal only)"", Element ""Export quantity"", column Y1975","Saint Kitts and Nevis,Raw cane or beet sugar (centrifugal only),Export quantity,t,Y1975=22362.000000,Y1975F=A"
observations.csv,o-5f979fa099,,kna-sugar-faostat-tcl,international_org,found,text,"kna-sugar-faostat-tcl.csv: Item ""Raw cane or beet sugar (centrifugal only)"", Element ""Export quantity"", column Y1976","Saint Kitts and Nevis,Raw cane or beet sugar (centrifugal only),Export quantity,t,Y1976=31000.000000,Y1976F=A"
observations.csv,o-8111e9b3a3,,kna-sugar-faostat-tcl,international_org,found,text,"kna-sugar-faostat-tcl.csv: Item ""Raw cane or beet sugar (centrifugal only)"", Element ""Export quantity"", column Y1977","Saint Kitts and Nevis,Raw cane or beet sugar (centrifugal only),Export quantity,t,Y1977=38000.000000,Y1977F=A"
observations.csv,o-1a34bb0315,,kna-sugar-faostat-tcl,international_org,found,text,"kna-sugar-faostat-tcl.csv: Item ""Raw cane or beet sugar (centrifugal only)"", Element ""Export quantity"", column Y1978","Saint Kitts and Nevis,Raw cane or beet sugar (centrifugal only),Export quantity,t,Y1978=38708.000000,Y1978F=A"
observations.csv,o-1f826c191a,,kna-sugar-faostat-tcl,international_org,found,text,"kna-sugar-faostat-tcl.csv: Item ""Raw cane or beet sugar (centrifugal only)"", Element ""Export quantity"", column Y1979","Saint Kitts and Nevis,Raw cane or beet sugar (centrifugal only),Export quantity,t,Y1979=33531.000000,Y1979F=A"
observations.csv,o-c08495f1b4,,kna-sugar-faostat-tcl,international_org,found,text,"kna-sugar-faostat-tcl.csv: Item ""Raw cane or beet sugar (centrifugal only)"", Element ""Export quantity"", column Y1980","Saint Kitts and Nevis,Raw cane or beet sugar (centrifugal only),Export quantity,t,Y1980=32005.000000,Y1980F=A"
observations.csv,o-3ec1eb8b6a,,kna-sugar-faostat-tcl,international_org,found,text,"kna-sugar-faostat-tcl.csv: Item ""Raw cane or beet sugar (centrifugal only)"", Element ""Export quantity"", column Y1981","Saint Kitts and Nevis,Raw cane or beet sugar (centrifugal only),Export quantity,t,Y1981=29464.000000,Y1981F=A"
observations.csv,o-9e2ca1efdd,,kna-sugar-faostat-tcl,international_org,found,text,"kna-sugar-faostat-tcl.csv: Item ""Raw cane or beet sugar (centrifugal only)"", Element ""Export quantity"", column Y1982","Saint Kitts and Nevis,Raw cane or beet sugar (centrifugal only),Export quantity,t,Y1982=33000.000000,Y1982F=A"
observations.csv,o-5322e6b464,,kna-sugar-faostat-tcl,international_org,found,text,"kna-sugar-faostat-tcl.csv: Item ""Raw cane or beet sugar (centrifugal only)"", Element ""Export quantity"", column Y1983","Saint Kitts and Nevis,Raw cane or beet sugar (centrifugal only),Export quantity,t,Y1983=23000.000000,Y1983F=A"
observations.csv,o-3863f4b4bb,,kna-sugar-faostat-tcl,international_org,found,text,"kna-sugar-faostat-tcl.csv: Item ""Raw cane or beet sugar (centrifugal only)"", Element ""Export quantity"", column Y1984","Saint Kitts and Nevis,Raw cane or beet sugar (centrifugal only),Export quantity,t,Y1984=25453.000000,Y1984F=A"
observations.csv,o-fff9f7a3f2,,kna-sugar-faostat-tcl,international_org,found,text,"kna-sugar-faostat-tcl.csv: Item ""Raw cane or beet sugar (centrifugal only)"", Element ""Export quantity"", column Y1985","Saint Kitts and Nevis,Raw cane or beet sugar (centrifugal only),Export quantity,t,Y1985=24821.000000,Y1985F=A"
observations.csv,o-0d8f2a36cb,,kna-sugar-faostat-tcl,international_org,found,text,"kna-sugar-faostat-tcl.csv: Item ""Raw cane or beet sugar (centrifugal only)"", Element ""Export quantity"", column Y1986","Saint Kitts and Nevis,Raw cane or beet sugar (centrifugal only),Export quantity,t,Y1986=22180.000000,Y1986F=A"
observations.csv,o-7328bdfcc8,,kna-sugar-faostat-tcl,international_org,found,text,"kna-sugar-faostat-tcl.csv: Item ""Raw cane or beet sugar (centrifugal only)"", Element ""Export quantity"", column Y1987","Saint Kitts and Nevis,Raw cane or beet sugar (centrifugal only),Export quantity,t,Y1987=22670.000000,Y1987F=A"
observations.csv,o-b091f14491,,kna-sugar-faostat-tcl,international_org,found,text,"kna-sugar-faostat-tcl.csv: Item ""Raw cane or beet sugar (centrifugal only)"", Element ""Export quantity"", column Y1988","Saint Kitts and Nevis,Raw cane or beet sugar (centrifugal only),Export quantity,t,Y1988=23230.000000,Y1988F=A"
observations.csv,o-5a90b2a425,,kna-sugar-faostat-tcl,international_org,found,text,"kna-sugar-faostat-tcl.csv: Item ""Raw cane or beet sugar (centrifugal only)"", Element ""Export quantity"", column Y1989","Saint Kitts and Nevis,Raw cane or beet sugar (centrifugal only),Export quantity,t,Y1989=22190.000000,Y1989F=A"
observations.csv,o-a7f8be37e4,,kna-sugar-faostat-tcl,international_org,found,text,"kna-sugar-faostat-tcl.csv: Item ""Raw cane or beet sugar (centrifugal only)"", Element ""Export quantity"", column Y1990","Saint Kitts and Nevis,Raw cane or beet sugar (centrifugal only),Export quantity,t,Y1990=15000.000000,Y1990F=X"
observations.csv,o-611b3a4332,,kna-sugar-faostat-tcl,international_org,found,text,"kna-sugar-faostat-tcl.csv: Item ""Raw cane or beet sugar (centrifugal only)"", Element ""Export quantity"", column Y1991","Saint Kitts and Nevis,Raw cane or beet sugar (centrifugal only),Export quantity,t,Y1991=19097.000000,Y1991F=A"
observations.csv,o-2b00cfc8c9,,kna-sugar-faostat-tcl,international_org,found,text,"kna-sugar-faostat-tcl.csv: Item ""Raw cane or beet sugar (centrifugal only)"", Element ""Export quantity"", column Y1992","Saint Kitts and Nevis,Raw cane or beet sugar (centrifugal only),Export quantity,t,Y1992=27000.000000,Y1992F=X"
observations.csv,o-78e6480801,,kna-sugar-faostat-tcl,international_org,found,text,"kna-sugar-faostat-tcl.csv: Item ""Raw cane or beet sugar (centrifugal only)"", Element ""Export quantity"", column Y1993","Saint Kitts and Nevis,Raw cane or beet sugar (centrifugal only),Export quantity,t,Y1993=21000.000000,Y1993F=X"
observations.csv,o-6acb7efa24,,kna-sugar-faostat-tcl,international_org,found,text,"kna-sugar-faostat-tcl.csv: Item ""Raw cane or beet sugar (centrifugal only)"", Element ""Export quantity"", column Y1994","Saint Kitts and Nevis,Raw cane or beet sugar (centrifugal only),Export quantity,t,Y1994=19000.000000,Y1994F=A"
observations.csv,o-fabc60d62d,,kna-sugar-faostat-tcl,international_org,found,text,"kna-sugar-faostat-tcl.csv: Item ""Raw cane or beet sugar (centrifugal only)"", Element ""Export quantity"", column Y1995","Saint Kitts and Nevis,Raw cane or beet sugar (centrifugal only),Export quantity,t,Y1995=19000.000000,Y1995F=A"
observations.csv,o-49a895cb57,,kna-sugar-faostat-tcl,international_org,found,text,"kna-sugar-faostat-tcl.csv: Item ""Raw cane or beet sugar (centrifugal only)"", Element ""Export quantity"", column Y1996","Saint Kitts and Nevis,Raw cane or beet sugar (centrifugal only),Export quantity,t,Y1996=19638.000000,Y1996F=A"
observations.csv,o-8e59e326df,,kna-sugar-faostat-tcl,international_org,found,text,"kna-sugar-faostat-tcl.csv: Item ""Raw cane or beet sugar (centrifugal only)"", Element ""Export quantity"", column Y1997","Saint Kitts and Nevis,Raw cane or beet sugar (centrifugal only),Export quantity,t,Y1997=30000.000000,Y1997F=A"
observations.csv,o-4ff13d96a9,,kna-sugar-faostat-tcl,international_org,found,text,"kna-sugar-faostat-tcl.csv: Item ""Raw cane or beet sugar (centrifugal only)"", Element ""Export quantity"", column Y1998","Saint Kitts and Nevis,Raw cane or beet sugar (centrifugal only),Export quantity,t,Y1998=22000.000000,Y1998F=A"
observations.csv,o-4a7b894c2d,,kna-sugar-faostat-tcl,international_org,found,text,"kna-sugar-faostat-tcl.csv: Item ""Raw cane or beet sugar (centrifugal only)"", Element ""Export quantity"", column Y1999","Saint Kitts and Nevis,Raw cane or beet sugar (centrifugal only),Export quantity,t,Y1999=17000.000000,Y1999F=A"
observations.csv,o-395c486e23,,kna-sugar-faostat-tcl,international_org,found,text,"kna-sugar-faostat-tcl.csv: Item ""Raw cane or beet sugar (centrifugal only)"", Element ""Export quantity"", column Y2000","Saint Kitts and Nevis,Raw cane or beet sugar (centrifugal only),Export quantity,t,Y2000=12336.000000,Y2000F=A"
observations.csv,o-ec2bf72c96,,kna-sugar-faostat-tcl,international_org,found,text,"kna-sugar-faostat-tcl.csv: Item ""Raw cane or beet sugar (centrifugal only)"", Element ""Export quantity"", column Y2001","Saint Kitts and Nevis,Raw cane or beet sugar (centrifugal only),Export quantity,t,Y2001=14079.000000,Y2001F=A"
observations.csv,o-26e1a194fa,,kna-sugar-faostat-tcl,international_org,found,text,"kna-sugar-faostat-tcl.csv: Item ""Raw cane or beet sugar (centrifugal only)"", Element ""Export quantity"", column Y2002","Saint Kitts and Nevis,Raw cane or beet sugar (centrifugal only),Export quantity,t,Y2002=17000.000000,Y2002F=X"
observations.csv,o-550a474fa5,,kna-sugar-faostat-tcl,international_org,found,text,"kna-sugar-faostat-tcl.csv: Item ""Raw cane or beet sugar (centrifugal only)"", Element ""Export quantity"", column Y2003","Saint Kitts and Nevis,Raw cane or beet sugar (centrifugal only),Export quantity,t,Y2003=13934.000000,Y2003F=A"
observations.csv,o-bf71116c09,,kna-sugar-faostat-tcl,international_org,found,text,"kna-sugar-faostat-tcl.csv: Item ""Raw cane or beet sugar (centrifugal only)"", Element ""Export quantity"", column Y2004","Saint Kitts and Nevis,Raw cane or beet sugar (centrifugal only),Export quantity,t,Y2004=25901.000000,Y2004F=A"
observations.csv,o-263f46d535,,kna-sugar-faostat-tcl,international_org,found,text,"kna-sugar-faostat-tcl.csv: Item ""Raw cane or beet sugar (centrifugal only)"", Element ""Export quantity"", column Y2005","Saint Kitts and Nevis,Raw cane or beet sugar (centrifugal only),Export quantity,t,Y2005=11500.000000,Y2005F=X"
observations.csv,o-55941f0f3c,,kna-sugar-faostat-tcl,international_org,found,text,"kna-sugar-faostat-tcl.csv: Item ""Raw cane or beet sugar (centrifugal only)"", Element ""Export quantity"", column Y2006","Saint Kitts and Nevis,Raw cane or beet sugar (centrifugal only),Export quantity,t,Y2006=15.000000,Y2006F=A"
observations.csv,o-69d7ad8a5f,,kna-sugar-faostat-tcl,international_org,found,text,"kna-sugar-faostat-tcl.csv: Item ""Raw cane or beet sugar (centrifugal only)"", Element ""Export quantity"", column Y2007","Saint Kitts and Nevis,Raw cane or beet sugar (centrifugal only),Export quantity,t,Y2007=13.000000,Y2007F=A"
observations.csv,o-bd05b16792,ok,kna-sugar-imf-cr07141,imf,found,text,"PDF p. 33, Table 4 (Structure of the Public Debt, 2001–05), memorandum items",Debt of St. Kitts Sugar Manufacturing Corporation 21.0 24.1 27.2 28.3 29.1
observations.csv,o-c349f18c81,ok,kna-sugar-imf-cr07141,imf,found,text,"PDF p. 33, Table 4 (Structure of the Public Debt, 2001–05), memorandum items",Debt of St. Kitts Sugar Manufacturing Corporation 21.0 24.1 27.2 28.3 29.1
observations.csv,o-4231413f0e,ok,kna-sugar-imf-cr07141,imf,found,text,"PDF p. 33, Table 4 (Structure of the Public Debt, 2001–05), memorandum items",Debt of St. Kitts Sugar Manufacturing Corporation 21.0 24.1 27.2 28.3 29.1
observations.csv,o-da90618583,ok,kna-sugar-imf-cr07141,imf,found,text,"PDF p. 33, Table 4 (Structure of the Public Debt, 2001–05), memorandum items",Debt of St. Kitts Sugar Manufacturing Corporation 21.0 24.1 27.2 28.3 29.1
observations.csv,o-96bb3247fa,ok,kna-sugar-imf-cr07141,imf,found,text,"PDF p. 33, Table 4 (Structure of the Public Debt, 2001–05), memorandum items",Debt of St. Kitts Sugar Manufacturing Corporation 21.0 24.1 27.2 28.3 29.1
observations.csv,o-d6ac0d06ab,ok,kna-sugar-imf-cr07141,imf,found,text,"PDF p. 6, para 1","employed about 1,400 workers (6 percent of the labor force)"
observations.csv,o-86419fadf5,ok,kna-sugar-imf-cr07141,imf,found,text,"PDF p. 9, Box 1","The severance package for the 1,406 sugar workers of EC$27.4 million (2.3 percent of 2005 GDP)."
observations.csv,o-ee584f8a92,,kna-sugar-oecs-retraining-2005,international_org,found,text,"p. 5, Executive Summary","The study revealed that 1,406 persons were employed by the SSMC (SSMC Personnel Department information) in July 2005"
observations.csv,o-5dc65b88b0,ok,kna-sugar-imf-cr07141,imf,found,text,"PDF p. 6, para 1","employed about 1,400 workers (6 percent of the labor force)"
observations.csv,o-6bfd25361d,,kna-sugar-oecs-retraining-2005,international_org,found,text,"p. 5, Executive Summary","the release of over one thousand workers, a figure that represents approximately twelve percent of the labour force"
observations.csv,o-d0ef9c9528,ok,kna-sugar-imf-cr07141,imf,found,text,"PDF p. 6, para 1",The industry had incurred substantial losses—on the order of 3–4 percent of GDP annually in the last several years
observations.csv,o-d9d8169fed,,kna-sugar-faostat-qcl,international_org,found,text,"kna-sugar-faostat-qcl.csv: Item ""Raw cane or beet sugar (centrifugal only)"", Element ""Production"", column Y1961","Saint Kitts and Nevis,Raw cane or beet sugar (centrifugal only),Production,t,Y1961=47346.000000,Y1961F=A"
observations.csv,o-e0fbbc93dc,,kna-sugar-faostat-qcl,international_org,found,text,"kna-sugar-faostat-qcl.csv: Item ""Raw cane or beet sugar (centrifugal only)"", Element ""Production"", column Y1962","Saint Kitts and Nevis,Raw cane or beet sugar (centrifugal only),Production,t,Y1962=43586.000000,Y1962F=A"
observations.csv,o-8fc293b5f3,,kna-sugar-faostat-qcl,international_org,found,text,"kna-sugar-faostat-qcl.csv: Item ""Raw cane or beet sugar (centrifugal only)"", Element ""Production"", column Y1963","Saint Kitts and Nevis,Raw cane or beet sugar (centrifugal only),Production,t,Y1963=40132.000000,Y1963F=A"
observations.csv,o-86ed7f1e40,,kna-sugar-faostat-qcl,international_org,found,text,"kna-sugar-faostat-qcl.csv: Item ""Raw cane or beet sugar (centrifugal only)"", Element ""Production"", column Y1964","Saint Kitts and Nevis,Raw cane or beet sugar (centrifugal only),Production,t,Y1964=44298.000000,Y1964F=A"
observations.csv,o-fb1f1774b7,,kna-sugar-faostat-qcl,international_org,found,text,"kna-sugar-faostat-qcl.csv: Item ""Raw cane or beet sugar (centrifugal only)"", Element ""Production"", column Y1965","Saint Kitts and Nevis,Raw cane or beet sugar (centrifugal only),Production,t,Y1965=38450.000000,Y1965F=A"
observations.csv,o-7d0d0eef69,,kna-sugar-faostat-qcl,international_org,found,text,"kna-sugar-faostat-qcl.csv: Item ""Raw cane or beet sugar (centrifugal only)"", Element ""Production"", column Y1966","Saint Kitts and Nevis,Raw cane or beet sugar (centrifugal only),Production,t,Y1966=39348.000000,Y1966F=A"
observations.csv,o-c2937de390,,kna-sugar-faostat-qcl,international_org,found,text,"kna-sugar-faostat-qcl.csv: Item ""Raw cane or beet sugar (centrifugal only)"", Element ""Production"", column Y1967","Saint Kitts and Nevis,Raw cane or beet sugar (centrifugal only),Production,t,Y1967=39624.000000,Y1967F=A"
observations.csv,o-552204b127,,kna-sugar-faostat-qcl,international_org,found,text,"kna-sugar-faostat-qcl.csv: Item ""Raw cane or beet sugar (centrifugal only)"", Element ""Production"", column Y1968","Saint Kitts and Nevis,Raw cane or beet sugar (centrifugal only),Production,t,Y1968=35391.000000,Y1968F=A"
observations.csv,o-086c4d3e58,,kna-sugar-faostat-qcl,international_org,found,text,"kna-sugar-faostat-qcl.csv: Item ""Raw cane or beet sugar (centrifugal only)"", Element ""Production"", column Y1969","Saint Kitts and Nevis,Raw cane or beet sugar (centrifugal only),Production,t,Y1969=35919.000000,Y1969F=A"
observations.csv,o-88e4ab1bd1,,kna-sugar-faostat-qcl,international_org,found,text,"kna-sugar-faostat-qcl.csv: Item ""Raw cane or beet sugar (centrifugal only)"", Element ""Production"", column Y1970","Saint Kitts and Nevis,Raw cane or beet sugar (centrifugal only),Production,t,Y1970=27434.000000,Y1970F=A"
observations.csv,o-c3f4115b1b,,kna-sugar-faostat-qcl,international_org,found,text,"kna-sugar-faostat-qcl.csv: Item ""Raw cane or beet sugar (centrifugal only)"", Element ""Production"", column Y1971","Saint Kitts and Nevis,Raw cane or beet sugar (centrifugal only),Production,t,Y1971=25400.000000,Y1971F=A"
observations.csv,o-d5c3134ba4,,kna-sugar-faostat-qcl,international_org,found,text,"kna-sugar-faostat-qcl.csv: Item ""Raw cane or beet sugar (centrifugal only)"", Element ""Production"", column Y1972","Saint Kitts and Nevis,Raw cane or beet sugar (centrifugal only),Production,t,Y1972=27432.000000,Y1972F=A"
observations.csv,o-816e18aba6,,kna-sugar-faostat-qcl,international_org,found,text,"kna-sugar-faostat-qcl.csv: Item ""Raw cane or beet sugar (centrifugal only)"", Element ""Production"", column Y1973","Saint Kitts and Nevis,Raw cane or beet sugar (centrifugal only),Production,t,Y1973=24463.000000,Y1973F=A"
observations.csv,o-f911144d94,,kna-sugar-faostat-qcl,international_org,found,text,"kna-sugar-faostat-qcl.csv: Item ""Raw cane or beet sugar (centrifugal only)"", Element ""Production"", column Y1974","Saint Kitts and Nevis,Raw cane or beet sugar (centrifugal only),Production,t,Y1974=26416.000000,Y1974F=A"
observations.csv,o-40b7e37c56,,kna-sugar-faostat-qcl,international_org,found,text,"kna-sugar-faostat-qcl.csv: Item ""Raw cane or beet sugar (centrifugal only)"", Element ""Production"", column Y1975","Saint Kitts and Nevis,Raw cane or beet sugar (centrifugal only),Production,t,Y1975=25400.000000,Y1975F=A"
observations.csv,o-6e268f54b7,,kna-sugar-faostat-qcl,international_org,found,text,"kna-sugar-faostat-qcl.csv: Item ""Raw cane or beet sugar (centrifugal only)"", Element ""Production"", column Y1976","Saint Kitts and Nevis,Raw cane or beet sugar (centrifugal only),Production,t,Y1976=36576.000000,Y1976F=A"
observations.csv,o-77cd205d75,,kna-sugar-faostat-qcl,international_org,found,text,"kna-sugar-faostat-qcl.csv: Item ""Raw cane or beet sugar (centrifugal only)"", Element ""Production"", column Y1977","Saint Kitts and Nevis,Raw cane or beet sugar (centrifugal only),Production,t,Y1977=42000.000000,Y1977F=A"
observations.csv,o-31a024c5ed,,kna-sugar-faostat-qcl,international_org,found,text,"kna-sugar-faostat-qcl.csv: Item ""Raw cane or beet sugar (centrifugal only)"", Element ""Production"", column Y1978","Saint Kitts and Nevis,Raw cane or beet sugar (centrifugal only),Production,t,Y1978=40899.000000,Y1978F=A"
observations.csv,o-424e30d15e,,kna-sugar-faostat-qcl,international_org,found,text,"kna-sugar-faostat-qcl.csv: Item ""Raw cane or beet sugar (centrifugal only)"", Element ""Production"", column Y1979","Saint Kitts and Nevis,Raw cane or beet sugar (centrifugal only),Production,t,Y1979=40745.000000,Y1979F=A"
observations.csv,o-a5f2e06c30,,kna-sugar-faostat-qcl,international_org,found,text,"kna-sugar-faostat-qcl.csv: Item ""Raw cane or beet sugar (centrifugal only)"", Element ""Production"", column Y1980","Saint Kitts and Nevis,Raw cane or beet sugar (centrifugal only),Production,t,Y1980=35560.000000,Y1980F=A"
observations.csv,o-df1f359c39,,kna-sugar-faostat-qcl,international_org,found,text,"kna-sugar-faostat-qcl.csv: Item ""Raw cane or beet sugar (centrifugal only)"", Element ""Production"", column Y1981","Saint Kitts and Nevis,Raw cane or beet sugar (centrifugal only),Production,t,Y1981=33256.000000,Y1981F=A"
observations.csv,o-002c8e13e5,,kna-sugar-faostat-qcl,international_org,found,text,"kna-sugar-faostat-qcl.csv: Item ""Raw cane or beet sugar (centrifugal only)"", Element ""Production"", column Y1982","Saint Kitts and Nevis,Raw cane or beet sugar (centrifugal only),Production,t,Y1982=36876.000000,Y1982F=A"
observations.csv,o-45dcfb746a,,kna-sugar-faostat-qcl,international_org,found,text,"kna-sugar-faostat-qcl.csv: Item ""Raw cane or beet sugar (centrifugal only)"", Element ""Production"", column Y1983","Saint Kitts and Nevis,Raw cane or beet sugar (centrifugal only),Production,t,Y1983=27594.000000,Y1983F=A"
observations.csv,o-f1f0db24ca,,kna-sugar-faostat-qcl,international_org,found,text,"kna-sugar-faostat-qcl.csv: Item ""Raw cane or beet sugar (centrifugal only)"", Element ""Production"", column Y1984","Saint Kitts and Nevis,Raw cane or beet sugar (centrifugal only),Production,t,Y1984=30612.000000,Y1984F=A"
observations.csv,o-bd4fc8a4b3,,kna-sugar-faostat-qcl,international_org,found,text,"kna-sugar-faostat-qcl.csv: Item ""Raw cane or beet sugar (centrifugal only)"", Element ""Production"", column Y1985","Saint Kitts and Nevis,Raw cane or beet sugar (centrifugal only),Production,t,Y1985=27455.000000,Y1985F=A"
observations.csv,o-9331cba185,,kna-sugar-faostat-qcl,international_org,found,text,"kna-sugar-faostat-qcl.csv: Item ""Raw cane or beet sugar (centrifugal only)"", Element ""Production"", column Y1986","Saint Kitts and Nevis,Raw cane or beet sugar (centrifugal only),Production,t,Y1986=28490.000000,Y1986F=A"
observations.csv,o-f3f98f66c1,,kna-sugar-faostat-qcl,international_org,found,text,"kna-sugar-faostat-qcl.csv: Item ""Raw cane or beet sugar (centrifugal only)"", Element ""Production"", column Y1987","Saint Kitts and Nevis,Raw cane or beet sugar (centrifugal only),Production,t,Y1987=25256.000000,Y1987F=A"
observations.csv,o-495728f2f1,,kna-sugar-faostat-qcl,international_org,found,text,"kna-sugar-faostat-qcl.csv: Item ""Raw cane or beet sugar (centrifugal only)"", Element ""Production"", column Y1988","Saint Kitts and Nevis,Raw cane or beet sugar (centrifugal only),Production,t,Y1988=25627.000000,Y1988F=A"
observations.csv,o-649da99325,,kna-sugar-faostat-qcl,international_org,found,text,"kna-sugar-faostat-qcl.csv: Item ""Raw cane or beet sugar (centrifugal only)"", Element ""Production"", column Y1989","Saint Kitts and Nevis,Raw cane or beet sugar (centrifugal only),Production,t,Y1989=24770.000000,Y1989F=A"
observations.csv,o-406c162e29,,kna-sugar-faostat-qcl,international_org,found,text,"kna-sugar-faostat-qcl.csv: Item ""Raw cane or beet sugar (centrifugal only)"", Element ""Production"", column Y1990","Saint Kitts and Nevis,Raw cane or beet sugar (centrifugal only),Production,t,Y1990=16300.000000,Y1990F=X"
observations.csv,o-3ff531eb3d,,kna-sugar-faostat-qcl,international_org,found,text,"kna-sugar-faostat-qcl.csv: Item ""Raw cane or beet sugar (centrifugal only)"", Element ""Production"", column Y1991","Saint Kitts and Nevis,Raw cane or beet sugar (centrifugal only),Production,t,Y1991=19768.000000,Y1991F=X"
observations.csv,o-1fa4e658e1,,kna-sugar-faostat-qcl,international_org,found,text,"kna-sugar-faostat-qcl.csv: Item ""Raw cane or beet sugar (centrifugal only)"", Element ""Production"", column Y1992","Saint Kitts and Nevis,Raw cane or beet sugar (centrifugal only),Production,t,Y1992=28000.000000,Y1992F=X"
observations.csv,o-14d33ca7a2,,kna-sugar-faostat-qcl,international_org,found,text,"kna-sugar-faostat-qcl.csv: Item ""Raw cane or beet sugar (centrifugal only)"", Element ""Production"", column Y1993","Saint Kitts and Nevis,Raw cane or beet sugar (centrifugal only),Production,t,Y1993=21800.000000,Y1993F=A"
observations.csv,o-090841a0c4,,kna-sugar-faostat-qcl,international_org,found,text,"kna-sugar-faostat-qcl.csv: Item ""Raw cane or beet sugar (centrifugal only)"", Element ""Production"", column Y1994","Saint Kitts and Nevis,Raw cane or beet sugar (centrifugal only),Production,t,Y1994=20000.000000,Y1994F=A"
observations.csv,o-e75a6cef3f,,kna-sugar-faostat-qcl,international_org,found,text,"kna-sugar-faostat-qcl.csv: Item ""Raw cane or beet sugar (centrifugal only)"", Element ""Production"", column Y1995","Saint Kitts and Nevis,Raw cane or beet sugar (centrifugal only),Production,t,Y1995=20000.000000,Y1995F=A"
observations.csv,o-1434fce0dd,,kna-sugar-faostat-qcl,international_org,found,text,"kna-sugar-faostat-qcl.csv: Item ""Raw cane or beet sugar (centrifugal only)"", Element ""Production"", column Y1996","Saint Kitts and Nevis,Raw cane or beet sugar (centrifugal only),Production,t,Y1996=20000.000000,Y1996F=A"
observations.csv,o-344ab1b9ef,,kna-sugar-faostat-qcl,international_org,found,text,"kna-sugar-faostat-qcl.csv: Item ""Raw cane or beet sugar (centrifugal only)"", Element ""Production"", column Y1997","Saint Kitts and Nevis,Raw cane or beet sugar (centrifugal only),Production,t,Y1997=31000.000000,Y1997F=A"
observations.csv,o-bec6954b1b,,kna-sugar-faostat-qcl,international_org,found,text,"kna-sugar-faostat-qcl.csv: Item ""Raw cane or beet sugar (centrifugal only)"", Element ""Production"", column Y1998","Saint Kitts and Nevis,Raw cane or beet sugar (centrifugal only),Production,t,Y1998=25000.000000,Y1998F=A"
observations.csv,o-7d58917f37,,kna-sugar-faostat-qcl,international_org,found,text,"kna-sugar-faostat-qcl.csv: Item ""Raw cane or beet sugar (centrifugal only)"", Element ""Production"", column Y1999","Saint Kitts and Nevis,Raw cane or beet sugar (centrifugal only),Production,t,Y1999=17738.000000,Y1999F=A"
observations.csv,o-37187580eb,,kna-sugar-faostat-qcl,international_org,found,text,"kna-sugar-faostat-qcl.csv: Item ""Raw cane or beet sugar (centrifugal only)"", Element ""Production"", column Y2000","Saint Kitts and Nevis,Raw cane or beet sugar (centrifugal only),Production,t,Y2000=18340.000000,Y2000F=A"
observations.csv,o-3ab7ac83e1,,kna-sugar-faostat-qcl,international_org,found,text,"kna-sugar-faostat-qcl.csv: Item ""Raw cane or beet sugar (centrifugal only)"", Element ""Production"", column Y2001","Saint Kitts and Nevis,Raw cane or beet sugar (centrifugal only),Production,t,Y2001=21000.000000,Y2001F=X"
observations.csv,o-015ad2ef11,,kna-sugar-faostat-qcl,international_org,found,text,"kna-sugar-faostat-qcl.csv: Item ""Raw cane or beet sugar (centrifugal only)"", Element ""Production"", column Y2002","Saint Kitts and Nevis,Raw cane or beet sugar (centrifugal only),Production,t,Y2002=22000.000000,Y2002F=X"
observations.csv,o-58bd6c47de,,kna-sugar-faostat-qcl,international_org,found,text,"kna-sugar-faostat-qcl.csv: Item ""Raw cane or beet sugar (centrifugal only)"", Element ""Production"", column Y2003","Saint Kitts and Nevis,Raw cane or beet sugar (centrifugal only),Production,t,Y2003=22000.000000,Y2003F=X"
observations.csv,o-62fd290a53,,kna-sugar-faostat-qcl,international_org,found,text,"kna-sugar-faostat-qcl.csv: Item ""Raw cane or beet sugar (centrifugal only)"", Element ""Production"", column Y2004","Saint Kitts and Nevis,Raw cane or beet sugar (centrifugal only),Production,t,Y2004=29000.000000,Y2004F=E"
observations.csv,o-71563ec3c9,,kna-sugar-faostat-qcl,international_org,found,text,"kna-sugar-faostat-qcl.csv: Item ""Raw cane or beet sugar (centrifugal only)"", Element ""Production"", column Y2005","Saint Kitts and Nevis,Raw cane or beet sugar (centrifugal only),Production,t,Y2005=11000.000000,Y2005F=A"
observations.csv,o-29464df62d,ok,kna-sugar-imf-cr07141,imf,found,text,"PDF p. 9, Box 1","The severance package for the 1,406 sugar workers of EC$27.4 million (2.3 percent of 2005 GDP). EC$22.5 million was paid during 2005 and the remainder in March 2006."
observations.csv,o-058c872e54,,kna-sugar-oecs-retraining-2005,international_org,found,text,"p. 7, section 1.1",in excess of one thousand workers of the St. Kitts Sugar Manufacturing Corporation (SSMC) were released with the provision of an E.C. $44 million severance package
observations.csv,o-7bedb9fe96,ok,lca-ciu-ar-2021-22,government,found,text,PDF p. 4,"By the end of the year 1,304 citizenship applications have been granted since the inception of CIP Saint Lucia in 2016"
observations.csv,o-9f724a001d,,lca-ciu-ar-2016-17,government,found,ocr,PDF p. 5,Increasing the total number of citizenships granted under the program to seventeen (17) for the year 2016-2017.
observations.csv,o-8894f4d446,ok,lca-ciu-ar-2017-18,government,found,text,PDF p. 4 (Chairman's foreword),"the Board granted approval for one hundred and eighty-eight (188) applications during the period, representing two hundred and eighty-two (282) citizens."
observations.csv,o-6c854b9e65,ok,lca-ciu-ar-2018-19,government,found,text,PDF p. 12,A total of 152 applications were received in 2018/19 and 210 were granted in the period.
observations.csv,o-cc5a01ec93,ok,lca-ciu-ar-2019-20,government,found,text,PDF p. 16,one hundred and forty-three (143) applications were granted reflecting a 31.9% decrease from prior year.
observations.csv,o-cfb34fea77,ok,lca-ciu-ar-2020-21,government,found,text,"PDF p. 14, chart 'Total Applications Granted per Year'",313
observations.csv,o-2b60e1fe65,ok,lca-ciu-ar-2021-22,government,found,text,PDF p. 4,583 citizenship applications were received of which 433 were granted (and 10 were denied)
observations.csv,o-addcbc4d60,ok,lca-ciu-ar-2022-23,government,found,text,PDF p. 7,"five-hundred and forty-four (544) were granted citizenship, while eight (8) applications were denied."
observations.csv,o-8ed0cfb743,ok,lca-ciu-ar-2023-24,government,found,text,"PDF p. 20, chart 'Applications granted 2016-2024'","1,171"
observations.csv,o-2b615f3792,ok,lca-ciu-ar-2024-25,government,found,text,PDF p. 19,2024/25                 2957                       2278              355              2633
observations.csv,o-ba029c8f3b,ok,intl-ec-swd-2025-429,eu,loose,text,"PDF p. 37, table (Eastern Caribbean), row ""Total applications received""",Total applications received: 7 437 (2015-2023)
observations.csv,o-490916182d,ok,intl-ec-swd-2025-429,eu,loose,text,"PDF p. 37, table (Eastern Caribbean), row ""Total applications received""",Total applications received: 4 304 (2024)
observations.csv,o-f5a0519ee8,ok,intl-ec-swd-2025-429,eu,loose,text,"PDF p. 37, table (Eastern Caribbean), row ""Total applications received""",Total applications received: 120 (2025 until 30/4)
observations.csv,o-a8321cad8e,,lca-ciu-ar-2016-17,government,found,ocr,PDF p. 5,The Unit received thirty-six (36) applications for citizenship by investment
observations.csv,o-94bbb94144,ok,lca-ciu-ar-2017-18,government,found,text,"PDF p. 15, table 'Analysis of applications granted, denied, revoked'",Totals        345        36        188         17              3           27           1
observations.csv,o-9ce460b9e4,ok,lca-ciu-ar-2018-19,government,found,text,PDF p. 12,A total of 152 applications were received in 2018/19 and 210 were granted in the period.
observations.csv,o-a8f70abf84,ok,lca-ciu-ar-2019-20,government,found,text,PDF p. 16,A total of one hundred and ninety- three (193) applications were received in this financial year.
observations.csv,o-f51df7c2b2,ok,lca-ciu-ar-2020-21,government,found,text,PDF p. 20,The significant volume of applications received (408 applications)
observations.csv,o-469390b784,ok,lca-ciu-ar-2023-24,government,found,text,"PDF p. 20, chart",383   583
observations.csv,o-51ca9000fb,ok,lca-ciu-ar-2024-25,government,found,text,PDF p. 19,2020/21                  383                        313               14                 327
observations.csv,o-bf087cc0fe,ok,lca-ciu-ar-2021-22,government,found,text,PDF p. 4 (Foreword),"This year, 583 citizenship applications were received of which 433 were granted (and 10 were denied)"
observations.csv,o-9189507945,ok,lca-ciu-ar-2022-23,government,found,text,PDF p. 7,"with a total of one-thousand and seventy-six (1,076) citizenship applications received"
observations.csv,o-58d57d0f97,ok,lca-ciu-ar-2023-24,government,found,text,"PDF p. 20, chart 'Applications received 2016-2024'","APPLICATIONS RECEIVED-2016-2024                      5,642"
observations.csv,o-7c30a9fd4b,ok,lca-ciu-ar-2024-25,government,found,text,"PDF p. 19, table 'Saint Lucia CIU Statistics'",2024/25                 2957                       2278              355              2633               110.98%
observations.csv,o-8bb3d4130c,,lca-slutimes-2026-08,media,no_copy,,article,"the Citizenship by Investment Unit received 2,957 applications. Of those, 2,278 were approved, while 355 were refused."
observations.csv,o-a4d8c5ad85,ok,intl-ec-swd-2025-429,eu,loose,text,"PDF p. 37, table (Eastern Caribbean), row ""Rejections""",Rejections: 97 (2015-2023)
observations.csv,o-0e5394a13a,ok,intl-ec-swd-2025-429,eu,loose,text,"PDF p. 37, table (Eastern Caribbean), row ""Rejections""",Rejections: 227 (2024)
observations.csv,o-c224612ed9,ok,intl-ec-swd-2025-429,eu,loose,text,"PDF p. 37, table (Eastern Caribbean), row ""Rejections""",Rejections: 151 (2025 until 30/4)
observations.csv,o-7e41a570f2,ok,lca-ciu-ar-2017-18,government,found,text,PDF p. 15,Totals        345        36        188         17              3           27           1
observations.csv,o-514db2ab69,ok,lca-ciu-ar-2017-18,government,found,text,PDF p. 15,Totals        345        36        188         17              3           27           1
observations.csv,o-432f64d579,ok,lca-ciu-ar-2019-20,government,found,text,PDF p. 16,a total of thirteen (13) applications were denied.
observations.csv,o-63fbc2f73e,ok,lca-ciu-ar-2021-22,government,found,text,PDF p. 4,433 were granted (and 10 were denied)
observations.csv,o-b38bc28eca,ok,lca-ciu-ar-2024-25,government,found,text,PDF p. 19,2021/22                  583                        433               9                  442
observations.csv,o-9c5975cbe7,ok,lca-ciu-ar-2022-23,government,found,text,PDF p. 7,while eight (8) applications were denied.
observations.csv,o-d20c47d47c,ok,lca-ciu-ar-2024-25,government,found,text,PDF p. 19,2022/23                  1076                       544               6                  550
observations.csv,o-87e8d146d7,ok,lca-ciu-ar-2023-24,government,found,text,"PDF p. 21, chart 'Applications denied 2016-2024'",77
observations.csv,o-01658affd5,ok,lca-ciu-ar-2024-25,government,found,text,PDF p. 19,2024/25                 2957                       2278              355              2633
observations.csv,o-857bfcb1ab,ok,lca-ciu-ar-2020-21,government,found,text,PDF p. 15,"(25) bonds had been purchased, bringing a total cash inflow of XCD$17,863,089 to the Government of Saint Lucia."
observations.csv,o-2d88d99523,ok,lca-ciu-ar-2021-22,government,found,text,PDF p. 4,"USD 17,100,000 was received and remitted to the Government of Saint Lucia for the Special Covid-19 Bonds."
observations.csv,o-88a959b004,ok,lca-ciu-ar-2022-23,government,found,text,"PDF p. 29, chart","$44,860,500.00"
observations.csv,o-7eeb302e24,ok,lca-ciu-ar-2022-23,government,found,text,PDF p. 7,"the Covid-19 Government Bonds totaling EC $42,295,519"
observations.csv,o-2e7e48c1be,ok,lca-ciu-ar-2022-23,government,found,text,"PDF p. 29, chart 'Government Bonds: Cash Inflows'","$47,695,500.00"
observations.csv,o-f9c90bf0c4,ok,lca-ciu-ar-2023-24,government,found,text,"PDF p. 64, Note 17","Bonds purchased as at March 31, 2024                        22,626,000     6,520,500     2,606,850    2,428,669    34,182,019"
observations.csv,o-d6b5df3c19,ok,lca-ciu-ar-2017-18,government,found,text,"PDF p. 42, Note 15","During the year USD$12,940,000 (EC$34,938,000) was received by the Unit as donations to the National Economic Fund."
observations.csv,o-34a7e88527,ok,lca-ciu-ar-2018-19,government,found,text,"PDF p. 37, Note 14","During the year US$28,165,000 or EC$76,045,500 (2018 – US$12,940,000 or EC$34,938,000) was received by the Unit as monetary investments to the National Economic Fund."
observations.csv,o-7218d6a0d2,ok,lca-ciu-ar-2021-22,government,found,text,"PDF p. 53, Note 17 (comparative)","(2021 - US$17,853,500 or EC$48,204,450)"
observations.csv,o-26bc01bb70,ok,lca-ciu-ar-2021-22,government,found,text,PDF p. 4 (Foreword),"USD 24,200,000 (compared with USD 17,900,000 in 2020/2021) was received by the Unit as Donations to the National Economic Fund."
observations.csv,o-0a80b6c984,ok,lca-ciu-ar-2021-22,government,found,text,"PDF p. 53, Note 17","During the year US$24,284,500 or EC$65,568,150 (2021 - US$17,853,500 or EC$48,204,450) was received by the Unit as monetary investments to the National Economic Fund."
observations.csv,o-504b7c373e,ok,lca-ciu-ar-2023-24,government,found,text,"PDF p. 61, Note 17 (comparative)","(2023: US$22,221,000, or EC$59,996,700) as monetary investments into the National Economic Fund"
observations.csv,o-4182eb7859,ok,lca-ciu-ar-2023-24,government,found,text,"PDF p. 61, Note 17","During the year, the Unit received US$8,883,110, or EC$23,984,398 (2023: US$22,221,000, or EC$59,996,700) as monetary investments into the National Economic Fund."
observations.csv,o-3615137931,ok,lca-ciu-ar-2024-25,government,found,text,"PDF p. 59, Note 17","During the year, the Unit received US$20,524,160 or EC$55,415,232 (2024: US$8,883,110, or EC$23,984,398) as monetary investments into the National Economic Fund."
observations.csv,o-640ac804a9,ok,lca-imf-art4-2017,imf,found,text,"PDF p. 32, Table 2a",o.w. Citizen by Investment Program (CIP) 0.0 0.0 0.0 3.6 16.0 16.0 10.0 9.7 10.1 10.5 10.7
observations.csv,o-d389250610,ok,lca-imf-art4-2017,imf,found,text,"PDF p. 32, Table 2a ('2016 Budget' column)",o.w. Citizen by Investment Program (CIP) 0.0 0.0 0.0 3.6 16.0 16.0 10.0 9.7 10.1 10.5 10.7
observations.csv,o-4a37b35ae5,ok,lca-imf-art4-2018,imf,found,text,"PDF p. 29, Table 2a",o.w. Citizen by Investment Program (CIP) 0.0 0.0 5.9 43.0 27.8 29.0 30.5 31.9 33.0 34.0 35.1
observations.csv,o-9299dbe752,ok,lca-imf-art4-2017,imf,found,text,"PDF p. 32, Table 2a",o.w. Citizen by Investment Program (CIP) 0.0 0.0 0.0 3.6 16.0 16.0 10.0 9.7 10.1 10.5 10.7
observations.csv,o-c519db9c10,ok,lca-imf-art4-2018,imf,found,text,"PDF p. 29, Table 2a ('2017 Budget')",o.w. Citizen by Investment Program (CIP) 0.0 0.0 5.9 43.0 27.8 29.0 30.5 31.9 33.0 34.0 35.1
observations.csv,o-67c98083a6,ok,lca-imf-art4-2018,imf,found,text,"PDF p. 29, Table 2a",o.w. Citizen by Investment Program (CIP) 0.0 0.0 5.9 43.0 27.8 29.0 30.5 31.9 33.0 34.0 35.1
observations.csv,o-74b45c4d84,ok,lca-imf-art4-2019,imf,found,text,"PDF p. 31, Table 2a",o.w. Citizen by Investment Program (CIP) 0.0 5.9 27.8 67.0 33.5 33.5 33.5 33.5 33.5 33.5
observations.csv,o-f60a1c6bd0,ok,lca-imf-art4-2018,imf,found,text,"PDF p. 29, Table 2a",o.w. Citizen by Investment Program (CIP) 0.0 0.0 5.9 43.0 27.8 29.0 30.5 31.9 33.0 34.0 35.1
observations.csv,o-1e94f0c096,ok,lca-imf-art4-2019,imf,found,text,"PDF p. 31, Table 2a",o.w. Citizen by Investment Program (CIP) 0.0 5.9 27.8 67.0 33.5 33.5 33.5 33.5 33.5 33.5
observations.csv,o-9b110627a2,ok,lca-imf-art4-2019,imf,found,text,"PDF p. 31, Table 2a",o.w. Citizen by Investment Program (CIP) 0.0 5.9 27.8 67.0 33.5 33.5 33.5 33.5 33.5 33.5
observations.csv,o-31087cd8b9,,lca-imf-art4-2022,imf,checked,text,"PDF p. 32, Table 2a",of Which: Citizen by Investment Program (CIP) 67.0 4.4 22.7 42.7 32.5 35.3 37.4 39.1 40.7 42.3
observations.csv,o-34b8cad3e7,,lca-imf-rcf-2020,imf,checked,text,"PDF p. 17, Table 2a",of Which: Citizen by Investment Program (CIP) 5.9 27.8 67.0 30.4 33.5 25.0 25.0 25.0 25.0 25.0 25.0
observations.csv,o-63dda6c317,,lca-imf-art4-2022,imf,checked,text,"PDF p. 32, Table 2a",of Which: Citizen by Investment Program (CIP) 67.0 4.4 22.7 42.7 32.5 35.3 37.4 39.1 40.7 42.3
observations.csv,o-226a6a03d3,,lca-imf-rcf-2020,imf,checked,text,"PDF p. 17, Table 2a",of Which: Citizen by Investment Program (CIP) 5.9 27.8 67.0 30.4 33.5 25.0 25.0 25.0 25.0 25.0 25.0
observations.csv,o-f95e17866e,,lca-imf-art4-2022,imf,checked,text,"PDF p. 32, Table 2a",of Which: Citizen by Investment Program (CIP) 67.0 4.4 22.7 42.7 32.5 35.3 37.4 39.1 40.7 42.3
observations.csv,o-77a394d3f0,,lca-imf-art4-2023,imf,checked,text,"PDF p. 32, Table 2a",of Which: Citizen by Investment Program (CIP) 4.4 22.7 42.7 65.0 56.8 46.9 47.5 47.4 48.2 50.2
observations.csv,o-bf11165eb6,,lca-imf-art4-2022,imf,checked,text,"PDF p. 32, Table 2a",of Which: Citizen by Investment Program (CIP) 67.0 4.4 22.7 42.7 32.5 35.3 37.4 39.1 40.7 42.3
observations.csv,o-e89fb18b67,,lca-imf-art4-2023,imf,checked,text,"PDF p. 32, Table 2a",of Which: Citizen by Investment Program (CIP) 4.4 22.7 42.7 65.0 56.8 46.9 47.5 47.4 48.2 50.2
observations.csv,o-c8069af3e1,,lca-imf-art4-2023,imf,checked,text,"PDF p. 32, Table 2a",of Which: Citizen by Investment Program (CIP) 4.4 22.7 42.7 65.0 56.8 46.9 47.5 47.4 48.2 50.2
observations.csv,o-1a88342e8e,ok,lca-imf-art4-2018,imf,found,text,"PDF p. 30, Table 2b",o.w. Citizen by Investment Program (CIP) 0.0 0.0 0.1 0.9 0.6 0.6 0.6 0.6 0.6 0.6 0.6
observations.csv,o-ad147e86b1,ok,lca-imf-art4-2019,imf,found,text,"PDF p. 32, Table 2b",o.w. Citizen by Investment Program (CIP) 0.0 0.1 0.6 1.3 0.6 0.6 0.6 0.5 0.5 0.5
observations.csv,o-cf4cee2585,ok,lca-imf-art4-2025,imf,found,text,"PDF p. 33, Table 2",o.w. Citizen by Investment Program (CIP)                           0.5      0.8      1.0      0.7      0.8      1.0      1.0
observations.csv,o-470740cc62,ok,lca-imf-art4-2025,imf,found,text,"PDF p. 33, Table 2",o.w. Citizen by Investment Program (CIP)                           0.5      0.8      1.0      0.7      0.8      1.0      1.0
observations.csv,o-af335cc48a,ok,lca-imf-art4-2024,imf,found,text,"PDF p. 28, Table 2",o.w. Citizen by Investment Program (CIP) 0.5 0.8 1.0 0.7 0.8 0.8 0.8 0.8 0.8 0.8
observations.csv,o-f36cb8cec8,ok,lca-imf-art4-2024,imf,found,text,"PDF p. 28, Table 2",o.w. Citizen by Investment Program (CIP) 0.5 0.8 1.0 0.7 0.8 0.8 0.8 0.8 0.8 0.8
observations.csv,o-3c65c6535a,ok,lca-imf-art4-2025,imf,found,text,"PDF p. 33, Table 2",o.w. Citizen by Investment Program (CIP)                           0.5      0.8      1.0      0.7      0.8      1.0      1.0
observations.csv,o-e3565acfaf,ok,lca-imf-art4-2024,imf,found,text,"PDF p. 28, Table 2",o.w. Citizen by Investment Program (CIP) 0.5 0.8 1.0 0.7 0.8 0.8 0.8 0.8 0.8 0.8
observations.csv,o-33d322aa7b,ok,lca-imf-art4-2025,imf,found,text,"PDF p. 33, Table 2",o.w. Citizen by Investment Program (CIP)                           0.5      0.8      1.0      0.7      0.8      1.0      1.0
observations.csv,o-7af0d5b57b,ok,lca-imf-art4-2025,imf,found,text,"PDF p. 33, Table 2",o.w. Citizen by Investment Program (CIP)                           0.5      0.8      1.0      0.7      0.8      1.0      1.0
observations.csv,o-24c0acdcee,ok,lca-ciu-ar-2021-22,government,found,text,PDF p. 14,"The Citizenship by Investment Programme in Saint Lucia has generated a total of EC $268,342,032"
observations.csv,o-4651e6b02c,ok,lca-imf-art4-2022,imf,found,text,"PDF p. 17, footnote 17",For FY2021 the program is projected to add fresh financing of around 1 percent of GDP.
observations.csv,o-75d7bb5b58,ok,lca-ciu-ar-2022-23,government,found,text,PDF p. 30,"Inflows for Real Estate Investment Amounts to US $52,842,000 deposited into escrow for the period 1 April 2022 to 31 March 2023."
observations.csv,o-aa50e7d700,ok,intl-ec-com-2025-792,eu,found,text,"p. 7 (printed), PDF p. 8","in 2024 rejection rates were 1.7% in Antigua and Barbuda, 5.3% in Saint Lucia, and 6.5% in Dominica"
observations.csv,o-89ea45c8a2,ok,intl-ec-swd-2025-429,eu,loose,text,"PDF p. 38, table (Eastern Caribbean), row ""Rejection rate (2024)""",Rejection rate (2024): 5.3%
observations.csv,o-483d0d5efd,ok,lca-ciu-ar-2018-19,government,found,text,PDF p. 4,"From inception, the programme has contributed EC $103,138,169.40 to the Government of Saint Lucia."
observations.csv,o-f497634ac6,ok,lca-ciu-ar-2019-20,government,found,text,PDF p. 5,"this programme has been able to contribute $131,245,988.60 EC since its inception."
observations.csv,o-90edb4a6c8,ok,lca-ciu-ar-2020-21,government,loose,text,PDF p. 7,"The Programme to date, has now con- tributed XCD$187,568,616 (prior year XCD$131,245,988) since its inception."
observations.csv,o-5ebed2a385,ok,lca-ciu-ar-2020-21,government,found,text,PDF p. 18,"from inception of the Programme, the Citizenship by Investment Unit has transferred a total of XCD$160,901,673.36 to the Government of Saint Lucia."
observations.csv,o-b1286c5781,ok,lca-ciu-ar-2021-22,government,found,text,PDF p. 14,"EC $212,707,588 net of 20% allocation for marketing and promotions and foreign exchange loss has been remitted to the Government of Saint Lucia"
observations.csv,o-1c0963998b,ok,lca-ciu-ar-2017-18,government,found,text,"PDF p. 42, Note 15","This resulted in a net EC$27,828,246 remitted to the Government of Saint Lucia during the year ended March 31, 2018."
observations.csv,o-3cca5ef4b5,ok,lca-ciu-ar-2017-18,government,found,text,"PDF p. 10, 'Summary of Funds Transferred to Government – Budget vs Actual'","EC$ 43,011,200.00       (EC$ 15,182,953.60)               111                          200                -89"
observations.csv,o-9d0455df2a,ok,lca-ciu-ar-2018-19,government,found,text,PDF p. 4 (Chairman),"the financial contributions paid to the Government of Saint Lucia during the period were EC $61,914,622.40."
observations.csv,o-9ab2b89d55,ok,lca-ciu-ar-2020-21,government,found,text,PDF p. 7 (Chairman),"contribute XCD$38,459,539 (prior year XCD$28,107,819) in funding to the National Economic Fund, under the Donation option"
observations.csv,o-1793f509ec,ok,lca-ciu-ar-2020-21,government,found,text,PDF p. 7 (Chairman),"contribute XCD$38,459,539 (prior year XCD$28,107,819) in funding to the National Economic Fund, under the Donation option"
observations.csv,o-01be0f2a61,ok,lca-ciu-ar-2021-22,government,found,text,"PDF p. 53, Note 17","This resulted in a net of EC$51,805,915 being paid to the National Economic Fund Board during the year ended March 31, 2022"
observations.csv,o-b58cf5842f,ok,lca-ciu-ar-2022-23,government,found,text,PDF p. 7 (Chairman),"the National Economic Fund (NEF) totaling EC $41,371,397 and the Covid-19 Government Bonds totaling EC $42,295,519"
observations.csv,o-f64fba28e1,ok,lca-ciu-ar-2023-24,government,found,text,"PDF p. 61, Note 17","As a result, a total of US$23,744,016, or EC$64,108,843, was remitted to the National Economic Fund for the year ended March 31, 2024."
observations.csv,o-5784c86ceb,ok,lca-ciu-ar-2023-24,government,found,text,"PDF p. 60, Note 16","Government distribution - Consolidated Fund                  58,619,887    11,268,541"
observations.csv,o-983e1e3b5b,ok,lca-ciu-ar-2024-25,government,found,text,PDF p. 16 (Minister's policy overview),"As a result, total remittances to the Government of Saint Lucia for the fiscal year amounted to EC$141.8 million."
observations.csv,o-6eb79d2e1a,ok,lca-ciu-ar-2024-25,government,found,text,"PDF p. 58, Note 16","Government distribution - Consolidated Fund               86,150,190     58,619,887"
observations.csv,o-d35ee017dd,,lca-slutimes-2026-08,media,no_copy,,article,"Combined with National Economic Fund contributions and bond investments, Government received a total of EC$141.8 million"
observations.csv,o-d5a4175d95,ok,lca-ciu-ar-2015-16,government,found,text,"PDF p. 30, s. 11.1",The total revenue earned for 2016 is $570 000 exceeding budget by 5%.
observations.csv,o-879889e072,ok,lca-ciu-ar-2017-18,government,found,text,"PDF p. 7, 'Revenue 2017/2018' table","22,858,260                            3,514,201                       19,344,059                                550%"
observations.csv,o-3ed95b9b05,ok,lca-ciu-ar-2018-19,government,found,text,PDF p. 7,"in comparison to EC $18,621,151.00 for the period ended March 2018"
observations.csv,o-0c62e66d0f,ok,lca-ciu-ar-2018-19,government,found,text,PDF p. 7,"Total revenue from ordinary activities generated EC $20,799,179.00 for the period 2018/2019"
observations.csv,o-f2f9e15c55,ok,lca-ciu-ar-2019-20,government,found,text,PDF p. 10,"The programme generated total revenue of $14,371.074"
observations.csv,o-fb6bc76745,ok,lca-ciu-ar-2020-21,government,loose,text,PDF p. 29,Total revenue from ordinary activities generated XCD$33.4 million for the period 2020- 2021
observations.csv,o-65d3d1d35b,ok,lca-ciu-ar-2021-22,government,found,text,PDF p. 28,"Overall gross revenue earned is EC$54,169,344 and grew by 62% over prior year 2020/21"
observations.csv,o-6cf0e02ccf,ok,lca-ciu-ar-2022-23,government,found,text,PDF p. 36,"Overall gross revenue earned is $60,631,316 compared to the prior year at $54,169,344"
observations.csv,o-9bb27753bb,ok,lca-ciu-ar-2023-24,government,found,text,PDF p. 22,Total revenue for the period was EC$240.3M and exceeded 2022/2023 revenue of EC$60.6M
observations.csv,o-4bafc85197,,lca-imidaily-2026-04,media,no_copy,,article,"Total revenue reached EC$240.3 million (approximately US$89 million), up 296% from EC$60.6 million in FY23."
observations.csv,o-c6f8969a9b,ok,lca-ciu-ar-2024-25,government,found,text,PDF p. 7 (Chairman),"The Citizenship by Investment Unit recorded EC$402.2 million in revenue, a 67% increase from the prior year."
observations.csv,o-e37834346b,,lca-slutimes-2026-08,media,no_copy,,article,Saint Lucia's Citizenship by Investment Programme brought in EC$402.2 million (US$148.8m) during the 2024/25 financial year
observations.csv,o-36ab137b67,ok,lca-ciu-ar-2017-18,government,found,text,PDF p. 4,representing two hundred and eighty-two (282) citizens
observations.csv,o-a35f7c8bab,ok,lca-ciu-ar-2018-19,government,found,text,PDF p. 6,translated to a total of two hundred and eighty- eight (288) individual citizens being granted citizenship
observations.csv,o-542d85f96c,ok,lca-ciu-ar-2019-20,government,found,text,PDF p. 5 (Chairperson),we welcome the 188 new citizens that chose to invest in Saint Lucia
observations.csv,o-3bcea6d2f2,ok,lca-ciu-ar-2020-21,government,loose,text,PDF p. 7 (Chairman),we welcome the 568 new cit- izens (188 in 2019/2020)
observations.csv,o-5e65574b22,ok,mlt-orgcem-ar-2021,government,found,text,"PDF p. 33 (printed p. 33), Table 10",2015 189
observations.csv,o-eecaeff268,ok,mlt-orgcem-ar-2021,government,found,text,"PDF p. 33 (printed p. 33), Table 10",2016 382
observations.csv,o-2d2d7a6756,ok,mlt-orgcem-ar-2021,government,found,text,"PDF p. 33 (printed p. 33), Table 10",2017 277
observations.csv,o-2e0d9fae32,ok,mlt-orgcem-ar-2021,government,found,text,"PDF p. 33 (printed p. 33), Table 10",2018 227
observations.csv,o-6646a8d7ab,ok,mlt-orgcem-ar-2021,government,found,text,"PDF p. 33 (printed p. 33), Table 10",2019 239
observations.csv,o-9b96bc6fac,ok,mlt-orgcem-ar-2021,government,found,text,"PDF p. 33 (printed p. 33), Table 10",2020 185
observations.csv,o-755c88c9f3,ok,mlt-orgcem-ar-2021,government,found,text,"PDF p. 33 (printed p. 33), Table 10",2021 109
observations.csv,o-b8a97109bf,ok,mlt-orgcem-ar-2024,government,found,text,"PDF p. 40 (printed p. 40), Table 2",2022 49
observations.csv,o-2cea8a76bd,ok,mlt-orgcem-ar-2024,government,found,text,"PDF p. 40 (printed p. 40), Table 2",2023 96
observations.csv,o-b4e69dc9c4,ok,mlt-orgcem-ar-2024,government,found,text,"PDF p. 40 (printed p. 40), Table 2",2024 183
observations.csv,o-98699dff40,ok,mlt-orgcem-ar-2015,government,found,text,"PDF p. 15 (printed p. 7), para 39",A total of 75 Letters of Approval were issued during the period under review.
observations.csv,o-1cc1ee06cb,ok,mlt-orgcem-ar-2016,government,loose,text,PDF p. 12 (printed p. 12),"The amount of approved applications ... was 241, a significant increase from the amount registered during the previous year (75)."
observations.csv,o-9555a9d575,ok,mlt-orgcem-ar-2017,government,found,text,PDF p. 11 (printed p. 11),a letter of approval in principle has been issued) was 422.
observations.csv,o-b4c17ffba7,,mlt-occrp-daphne-2018,media,no_copy,,"section ""Want to be Maltese? Better Have €5 Million""","more than 1,300 people from around the world have used it to apply for Maltese passports, and more than 1,000 have been approved"
observations.csv,o-0c0715cfb8,ok,mlt-orgcem-ar-2021,government,found,text,"PDF p. 28 (printed p. 28), Table 2",2015 484
observations.csv,o-70d55e416e,ok,mlt-orgcem-ar-2021,government,found,text,"PDF p. 28 (printed p. 28), Table 2",2016 436
observations.csv,o-81cc69f44e,ok,mlt-orgcem-ar-2021,government,found,text,"PDF p. 28 (printed p. 28), Table 2",2017 371
observations.csv,o-39d55a0a15,ok,mlt-orgcem-ar-2021,government,found,text,"PDF p. 28 (printed p. 28), Table 2",2018 286
observations.csv,o-f658ee0ae3,ok,mlt-orgcem-ar-2021,government,found,text,"PDF p. 28 (printed p. 28), Table 2",2019 328
observations.csv,o-8cbd659987,ok,mlt-orgcem-ar-2021,government,found,text,"PDF p. 28 (printed p. 28), Table 2",2020 317
observations.csv,o-494612165e,ok,mlt-orgcem-ar-2021,government,found,text,"PDF p. 28 (printed p. 28), Table 2",2021 23
observations.csv,o-6c67c9ddda,ok,mlt-orgcem-ar-2021,government,found,text,"PDF p. 48 (printed p. 48), section 3.1.1","During the period under review, CMA received a total of 75 applications for the eligibility assessment"
observations.csv,o-c4a6b10268,ok,mlt-orgcem-ar-2022,government,found,text,"PDF p. 6 (printed p. 6), Foreword",the number of GCES applications received during the period covered by this Report (175
observations.csv,o-d6981210fe,ok,mlt-orgcem-ar-2023,government,found,text,"PDF p. 25 (printed p. 25), section 2.1.1","The number of eligibility applications received by the CMA under the GCES, during the year 2023 amounted to 299 (compared to 175 in 2022)."
observations.csv,o-ff3a616fc4,ok,mlt-orgcem-ar-2024,government,found,text,"PDF p. 32 (printed p. 32), section 2.1.1","The number of eligibility applications received by the CMA under the GCES, during the year 2024 amounted to 409 (compared to 299 in 2023)."
observations.csv,o-4bfe836246,ok,mlt-orgcem-ar-2015,government,found,text,"PDF p. 14 (printed p. 6), para 35","For the period under review, a total of 245 applications were received."
observations.csv,o-420f111bed,ok,mlt-orgcem-ar-2016,government,found,text,PDF p. 10 (printed p. 10),The number of applications received during the period in question amounted to 450
observations.csv,o-1bc2b6e864,ok,mlt-orgcem-ar-2017,government,found,text,PDF p. 11 (printed p. 11),a significant number of the 377 applications received between July 2016 and June 2017
observations.csv,o-f9bc5ebc9a,ok,mlt-orgcem-ar-2021,government,found,text,"PDF p. 34 (printed p. 34), Table 12",2015 49
observations.csv,o-8ed80c5e60,ok,mlt-orgcem-ar-2021,government,found,text,"PDF p. 34 (printed p. 34), Table 12",2016 63
observations.csv,o-22304b130d,ok,mlt-orgcem-ar-2021,government,found,text,"PDF p. 34 (printed p. 34), Table 12",2017 70
observations.csv,o-dcda19852f,ok,mlt-orgcem-ar-2021,government,found,text,"PDF p. 34 (printed p. 34), Table 12",2018 116
observations.csv,o-4958903476,ok,mlt-orgcem-ar-2021,government,found,text,"PDF p. 34 (printed p. 34), Table 12",2019 117
observations.csv,o-50092900d9,ok,mlt-orgcem-ar-2021,government,found,text,"PDF p. 34 (printed p. 34), Table 12",2020 103
observations.csv,o-856924e083,ok,mlt-orgcem-ar-2021,government,found,text,"PDF p. 34 (printed p. 34), Table 12",2021 112
observations.csv,o-de544515d1,ok,mlt-orgcem-ar-2022,government,found,text,PDF p. 30,The number of applications which were not approved during the year 2022 was 17.
observations.csv,o-6090baa3c2,ok,mlt-orgcem-ar-2023,government,found,text,"PDF p. 30, section 2.1.2.2",The number of applications which were not approved during the year 2023 was 23.
observations.csv,o-622c32b3e2,ok,mlt-orgcem-ar-2024,government,found,text,"PDF p. 38, section 2.1.2.2",The number of applications which were not approved during the year 2024 was 49.
observations.csv,o-9f23631514,ok,mlt-orgcem-ar-2015,government,found,text,"PDF p. 14 (printed p. 6), para 35","Of these, 11 were rejected representing a rejection rate of 4.5%."
observations.csv,o-5634a62811,ok,mlt-orgcem-ar-2016,government,loose,text,PDF p. 12 (printed p. 12),The number of rejected applications during the period in question was 52
observations.csv,o-876660a634,ok,mlt-orgcem-ar-2017,government,found,text,PDF p. 12 (printed p. 12),This category includes applications which were either rejected or withdrawn. The number of applications during the period in question was 83
observations.csv,o-4b43dad66e,ok,mlt-orgcem-ar-2022,government,found,text,"PDF p. 68 (printed p. 68), Table 35","2014 €13,475,000"
observations.csv,o-db170a5149,ok,mlt-orgcem-ar-2022,government,found,text,"PDF p. 68 (printed p. 68), Table 35","2015 €106,525,000"
observations.csv,o-335999daf5,ok,mlt-orgcem-ar-2022,government,found,text,"PDF p. 68 (printed p. 68), Table 35","2016 €279,925,000"
observations.csv,o-4d033eeca9,ok,mlt-orgcem-ar-2022,government,found,text,"PDF p. 68 (printed p. 68), Table 35","2017 €194,725,000"
observations.csv,o-bb863ef884,ok,mlt-orgcem-ar-2022,government,found,text,"PDF p. 68 (printed p. 68), Table 35","2018 €156,150,000"
observations.csv,o-2961f8e85b,ok,mlt-orgcem-ar-2022,government,found,text,"PDF p. 68 (printed p. 68), Table 35","2019 €172,800,000"
observations.csv,o-0a483ce395,ok,mlt-orgcem-ar-2022,government,found,text,"PDF p. 68 (printed p. 68), Table 35","2020 €121,825,000"
observations.csv,o-4614f49a4b,ok,mlt-orgcem-ar-2021,government,found,text,"PDF p. 49 (printed p. 49), section 3.1.2","as part payment of the non-refundable deposit paid by each Applicant at residency stage amounted to €2,680,000."
observations.csv,o-8e39fd63df,ok,mlt-orgcem-ar-2022,government,found,text,"PDF p. 68 (printed p. 68), Table 35","2021 €85,400,000"
observations.csv,o-ef7ecf2acf,ok,mlt-orgcem-ar-2022,government,found,text,"PDF p. 68 (printed p. 68), Table 35","2022 €19,475,000"
observations.csv,o-2a40184f4b,ok,mlt-orgcem-ar-2022,government,found,text,"PDF p. 37, section 2.1.6","following the issue of the Letters of Approval, amounted to €36,310,000."
observations.csv,o-183470a067,ok,mlt-orgcem-ar-2023,government,found,text,"PDF p. 38, section 2.1.6.1","following the issue of the Letters of Approval, amounted to €80,550,000."
observations.csv,o-702dd5b079,ok,mlt-orgcem-ar-2024,government,found,text,"PDF p. 49, section 2.1.6.1","following the issue of the Letters of Approval, amounted to €165,800,000."
observations.csv,o-db9bcfcfc0,ok,mlt-orgcem-ar-2015,government,found,text,"PDF p. 18 (printed p. 10), para 58","Between 1 July 2014 and 30 June 2015 €59,904,100"
observations.csv,o-d677380c28,ok,mlt-orgcem-ar-2016,government,found,text,PDF p. 18 (printed p. 18),"the contributions collected by IMA amounted to €166,550,000."
observations.csv,o-0a3f0a6081,ok,mlt-orgcem-ar-2017,government,found,text,PDF p. 18 (printed p. 18),"the contributions collected by the IMA amounted to €290,225,000."
observations.csv,o-e49c67eb1e,ok,mlt-orgcem-ar-2018,government,found,text,PDF p. 20 (printed p. 20),"the contributions collected by the MIIPA amounted to €162,375,000."
observations.csv,o-a07cc47adf,ok,mlt-orgcem-ar-2019,government,found,text,PDF p. 22 (printed p. 22),"the contributions collected by the MIIPA amounted to €162,725,000."
observations.csv,o-aeca445c04,ok,mlt-orgcem-ar-2016,government,found,text,PDF p. 18 (printed p. 18),"This equates to approximately 1.81% of the GDP relative to the same period (estimated at €9,196,500,000)."
observations.csv,o-7337f51c45,ok,mlt-orgcem-ar-2017,government,found,text,PDF p. 18 (printed p. 18),"This equates to approximately 2.74% of the GDP relative to the same period (estimated at €10,584,600,000)."
observations.csv,o-5e4ef6a404,ok,mlt-orgcem-ar-2024,government,found,text,PDF p. 84 (printed p. 84),"€402,823,876 to the Consolidated Fund;"
observations.csv,o-f0cfc24195,ok,mlt-orgcem-ar-2022,government,found,text,PDF p. 38,"€8,568,000 to the Consolidated Fund"
observations.csv,o-e602a7cc5e,ok,mlt-orgcem-ar-2023,government,found,text,PDF p. 39,"€19,023,000 to the Consolidated Fund"
observations.csv,o-21ec3ea7ed,ok,mlt-orgcem-ar-2024,government,found,text,PDF p. 50,"€39,168,000 to the Consolidated Fund"
observations.csv,o-6d1b2f992c,ok,mlt-orgcem-ar-2016,government,found,text,PDF p. 19 (printed p. 19),"€19,971,900, the Consolidated Fund;"
observations.csv,o-d8853f4d44,ok,mlt-orgcem-ar-2017,government,found,text,PDF p. 18 (printed p. 18),"€83,306,249 the Consolidated Fund;"
observations.csv,o-6b9fa3fd8b,ok,mlt-orgcem-ar-2018,government,found,text,PDF p. 21 (printed p. 21),"€68,000,445 the Consolidated Fund;"
observations.csv,o-274c97fb35,ok,mlt-orgcem-ar-2019,government,found,text,PDF p. 22 (printed p. 22),"€45,519,300 the Consolidated Fund;"
observations.csv,o-d4abdec018,,mlt-occrp-daphne-2018,media,no_copy,,paragraph 1,bringing in an estimated €850 million since January 2014
observations.csv,o-cf647f0504,,mlt-amphora-2025-factcheck,media,no_copy,,"section ""The claim""",A government press release cited the €1.4 billion figure
observations.csv,o-46f330aede,ok,mlt-orgcem-ar-2022,government,found,text,PDF p. 37,"Total €47,712,943"
observations.csv,o-1bf8303e4c,ok,mlt-orgcem-ar-2023,government,found,text,"PDF p. 39, Table 5","Total 2023 €91,164,228"
observations.csv,o-a4775cebe0,ok,mlt-orgcem-ar-2024,government,found,text,"PDF p. 49, Table 8","Total 2024 €178,328,228"
observations.csv,o-748aeda1d0,ok,mlt-orgcem-ar-2016,government,found,text,PDF p. 18 (printed p. 18),"Taking all inputs from the IIP related to property purchases and rent, investments and contributions ... the sum total (€218,672,980)"
observations.csv,o-8fd7df940d,ok,mlt-orgcem-ar-2017,government,found,text,PDF p. 18 (printed p. 18),"the sum total (€394,106,676.68) would equate to approximately 3.72% of the GDP"
observations.csv,o-c9ca55c53d,ok,mlt-orgcem-ar-2018,government,found,text,PDF p. 21 (printed p. 21),"the sum total (€246,088,758) would equate to approximately 2.09% of the GDP"
observations.csv,o-ec9da65fe4,ok,mlt-orgcem-ar-2019,government,found,text,PDF p. 22 (printed p. 22),"the sum total (€271,603,364.87) would equate to approximately 2.11% of the GDP"
observations.csv,o-470a48141c,ok,mlt-imf-art4-2019,imf,found,text,"PDF p. 45 (printed p. 40), Annex para 3","The authorities estimate that annual IIP export receipts amounted to roughly 1 percent of GDP over 2015–2017, on average."
observations.csv,o-a9cb0b4c29,ok,mlt-orgcem-ar-2020,government,found,text,PDF p. 49 (printed p. 49),"€601,150,849 the National Development and Social Fund;"
observations.csv,o-22d0798061,ok,mlt-orgcem-ar-2024,government,found,text,PDF p. 84 (printed p. 84),"€620,001,124 to the National Development and Social Fund;"
observations.csv,o-7f847567f8,ok,mlt-ndsf-ar-2020,government,found,text,PDF p. 27,"Total funding received from the Individual Investor Programme from inception to 31 December 2020 amounted to €599,375,449"
observations.csv,o-9b5a8fc62c,ok,mlt-ndsf-ar-2025,government,found,text,"PDF p. 19, Table 4","Total funds received from inception to date 786,139,822 836,506,572"
observations.csv,o-4562dd89c2,ok,mlt-ndsf-ar-2020,government,found,text,"PDF p. 12, section 3(i)",2016: €163.6 million
observations.csv,o-f451ab3e0b,ok,mlt-ndsf-ar-2020,government,found,text,"PDF p. 12, section 3(i)",2017: €201.9 million
observations.csv,o-2914573d26,ok,mlt-ndsf-ar-2020,government,loose,text,"PDF p. 12, section 3(i)",2018: €100.6 million
observations.csv,o-9480e23c85,ok,mlt-ndsf-ar-2020,government,loose,text,"PDF p. 12, section 3(i)",2019: €105.9 million
observations.csv,o-7c16339e57,ok,mlt-ndsf-ar-2020,government,found,text,"PDF p. 12, section 3(i)","During FY2020, NDSF received €27.8 million from the Malta Individual Investor Programme Agency (MIIPA)/Community Malta Agency"
observations.csv,o-ff5ab40929,ok,mlt-orgcem-ar-2022,government,found,text,PDF p. 38,"€19,992,000 to the National Development and Social Fund"
observations.csv,o-c0b9944346,ok,mlt-orgcem-ar-2023,government,found,text,PDF p. 39,"€44,387,000 to the National Development and Social Fund"
observations.csv,o-406863c9c4,ok,mlt-ndsf-ar-2025,government,loose,text,"PDF p. 19, Table 4","Funding for the year received from the Individual Investor Programme, Community Malta and Residency Malta Agency 93,577,700 50,366,750"
observations.csv,o-7d17947da8,ok,mlt-orgcem-ar-2024,government,found,text,PDF p. 50,"€91,392,000 to the National Development and Social Fund"
observations.csv,o-bdb6fe9a8c,ok,mlt-ndsf-ar-2025,government,loose,text,"PDF p. 19, Table 4","Funding for the year received from the Individual Investor Programme, Community Malta and Residency Malta Agency 93,577,700 50,366,750"
observations.csv,o-e66a008497,ok,mlt-orgcem-ar-2016,government,found,text,PDF p. 19 (printed p. 19),"€46,604,100, the National Development and Social Fund;"
observations.csv,o-d88f04f44f,ok,mlt-orgcem-ar-2017,government,found,text,PDF p. 18 (printed p. 18),"€194,381,249 the National Development and Social Fund;"
observations.csv,o-5cdf8f172e,ok,mlt-orgcem-ar-2018,government,found,text,PDF p. 21 (printed p. 21),"€159,075,550 the National Development and Social Fund;"
observations.csv,o-57752dc0f9,ok,mlt-orgcem-ar-2019,government,found,text,PDF p. 22 (printed p. 22),"€106,201,700 the National Development and Social Fund;"
observations.csv,o-a25c0c6c1f,ok,mlt-orgcem-ar-2022,government,found,text,PDF p. 30,"applications for which the due diligence has been positively concluded in 2022, amounted to 70."
observations.csv,o-38679ec933,ok,mlt-orgcem-ar-2023,government,found,text,"PDF p. 29, section 2.1.2.1","applications for which the due diligence has been positively concluded in 2023, amounted to 141."
observations.csv,o-e2a0e73a1e,ok,mlt-orgcem-ar-2024,government,found,text,"PDF p. 38, section 2.1.2.1","applications for which the due diligence has been positively concluded in 2024, amounted to 164."
observations.csv,o-625b498078,ok,mlt-imf-art4-2019,imf,found,text,"PDF p. 34 (printed p. 29), Table 2",Overall balance excl. IIP proceeds -0.7 1.3 -0.7 -0.6 -0.4 -0.2 -0.1 0.1 0.3
observations.csv,o-f84e34359c,ok,mlt-imf-art4-2019,imf,found,text,"PDF p. 10 (printed p. 5), para 5","Even excluding the large proceeds from the Individual Investor Program (IIP), the surplus reached 1.3 percent of GDP"
observations.csv,o-6848622660,ok,mlt-imf-art4-2019,imf,found,text,"PDF p. 34 (printed p. 29), Table 2",Overall balance excl. IIP proceeds -0.7 1.3 -0.7 -0.6 -0.4 -0.2 -0.1 0.1 0.3
observations.csv,o-7e7eb2cb1e,ok,mlt-orgcem-ar-2024,government,found,text,PDF p. 74-75,"1,555 IIP Main Applicants had their application successfully concluded"
observations.csv,o-153cb9b778,ok,mlt-orgcem-ar-2024,government,found,text,"PDF p. 74 (printed p. 74), Table 16",2015 108
observations.csv,o-27f1767542,ok,mlt-orgcem-ar-2024,government,found,text,"PDF p. 74 (printed p. 74), Table 16",2016 254
observations.csv,o-b3b1525c6d,ok,mlt-orgcem-ar-2024,government,found,text,"PDF p. 74 (printed p. 74), Table 16",2017 369
observations.csv,o-cc7f8634a9,ok,mlt-orgcem-ar-2024,government,found,text,"PDF p. 74 (printed p. 74), Table 16",2018 223
observations.csv,o-a73a01c25c,ok,mlt-orgcem-ar-2024,government,found,text,"PDF p. 74 (printed p. 74), Table 16",2019 204
observations.csv,o-471b74ead0,ok,mlt-orgcem-ar-2024,government,found,text,"PDF p. 74 (printed p. 74), Table 16",2020 134
observations.csv,o-403efaacd2,ok,mlt-orgcem-ar-2024,government,found,text,"PDF p. 74 (printed p. 74), Table 16",2021 160
observations.csv,o-6305367f9d,ok,mlt-orgcem-ar-2024,government,found,text,"PDF p. 74 (printed p. 74), Table 16",2022 80
observations.csv,o-c43f5e4c7b,ok,mlt-orgcem-ar-2024,government,found,text,"PDF p. 42 (printed p. 42), Table 3",2022 15 34 49
observations.csv,o-26847c3c39,ok,mlt-orgcem-ar-2024,government,found,text,"PDF p. 74 (printed p. 74), Table 16",2023 17
observations.csv,o-8811ad5249,ok,mlt-orgcem-ar-2024,government,found,text,"PDF p. 42 (printed p. 42), Table 3",2023 87 172 259
observations.csv,o-c8ec6b063b,ok,mlt-orgcem-ar-2024,government,found,text,"PDF p. 74 (printed p. 74), Table 16",2024 6
observations.csv,o-8194624ed8,ok,mlt-orgcem-ar-2024,government,found,text,"PDF p. 42 (printed p. 42), Table 3",2024 173 348 521
observations.csv,o-5c37eb542a,ok,mlt-orgcem-ar-2015,government,found,text,"PDF p. 17 (printed p. 9), para 49","On the basis of the 44 main applicants, this constitutes 2.4% of the pre-established target (1800 main applicants)."
observations.csv,o-d2841cf6a8,ok,mlt-orgcem-ar-2016,government,found,text,PDF p. 13 (printed p. 13),"Between July 2015 and June 2016, 134 applications had reached the final stage (i.e. when naturalisations occurred)."
observations.csv,o-8bb60063ef,ok,mlt-orgcem-ar-2017,government,found,text,PDF p. 13 (printed p. 13),During the period in question 386 applications had reached the final stage (i.e. when the naturalisation process was completed).
observations.csv,o-0143be1d34,ok,mlt-orgcem-ar-2024,government,found,text,"PDF p. 75 (printed p. 75), section 4.4.1","The 1,555 Main Applicants ... carried along with them another 3,768 dependants (as shown in Table 17), bringing the grand total of naturalized IIP applicants to 5,323."
observations.csv,o-108f6460fd,ok,mlt-orgcem-ar-2024,government,found,text,"PDF p. 42 (printed p. 42), Table 3",2022 15 34 49
observations.csv,o-861d327da6,ok,mlt-orgcem-ar-2024,government,found,text,"PDF p. 42 (printed p. 42), Table 3",2023 87 172 259
observations.csv,o-4aec26c8bd,ok,mlt-orgcem-ar-2024,government,found,text,"PDF p. 42 (printed p. 42), Table 3",2024 173 348 521
observations.csv,o-52657aa521,ok,mlt-orgcem-ar-2015,government,found,text,"PDF p. 17 (printed p. 9), para 49",The first naturalisations occurred during the period under review. These amounted to 137 individuals.
observations.csv,o-6d6b4c7b3f,ok,mlt-orgcem-ar-2016,government,found,text,PDF p. 13 (printed p. 13),The 134 applications included a total of 477 persons.
observations.csv,o-1174670d74,ok,mlt-orgcem-ar-2017,government,found,text,PDF p. 14 (printed p. 14),The 386 applications included a total of 1409 persons.
observations.csv,o-92eeac30c2,ok,mlt-orgcem-ar-2018,government,found,text,PDF p. 16 (printed p. 16),The 266 applications included a total of 914 persons.
observations.csv,o-cf66fd3922,ok,mlt-orgcem-ar-2019,government,found,text,PDF p. 17 (printed p. 17),The 221 applications included a total of 768 persons.
observations.csv,o-7385c95f2d,ok,intl-ec-com-2025-792,eu,found,text,"p. 7 (printed), PDF p. 8","In 2024, the Ministry of Interior issued 1,282 decisions granting Montenegrin citizenship to applicants and their family members."
observations.csv,o-cee4ae4d11,,tur-mee-2019-07-11,media,no_copy,,body text,"Another 1,700 applications are pending as of July"
observations.csv,o-d2b9de2176,,tur-aa-2019-01-02,media,no_copy,,article text,Turkey has received over 250 applications for citizenship through investment worth nearly $100 million as of the end of 2018
observations.csv,o-37b16b4311,,tur-mee-2019-07-11,media,no_copy,,body text,More than $1bn was brought into Turkey through cash deposits or property purchases.
observations.csv,o-e6ebe0c7df,,tur-aa-2022-05-10,media,no_copy,,body text,Bu yabancı yatırımcılardan elde edilen gelirin 7 milyar 530 milyon dolar olduğunu
observations.csv,o-f2bd2ade17,,tur-kronos-2026-08-08,media,no_copy,,same section,Bu süreçte 16 milyar 74 milyon dolarlık yatırım ülkemize kazandırılmıştır
observations.csv,o-eee327a8ca,,tur-tbmm-pbk-2024-11-20,legislation,found,text,p. 99,"159.433 yabancı yatırım yaparak, istisnai olarak Türk vatandaşlığını kazanmıştır ama bunların 46.163’ü yatırımcı; onların 35.399’u eş, 77.871’i çocuk."
observations.csv,o-451755c452,,tur-tbmm-pbk-2025-11-17,legislation,found,text,p. 88,451 yabancının Türk vatandaşlığını geri aldık.
observations.csv,o-1b0b98f8b5,,tur-hurriyet-2026-08-04,media,no_copy,,quoted Ministry statement,11 Şubat 2026 tarihinden itibaren ise yatırım uygunluk belgesi iptal edilen 443 yatırımcı ile aile fertleri olmak üzere toplamda 1358 kişinin Türk vatandaşlığı iptal edilmiş
observations.csv,o-1aee36fccc,,tur-hurriyet-2026-09-21,media,no_copy,,article text,11 Şubat 2026'dan itibaren ise yatırım uygunluk belgesi iptal edilen 458 yatırımcı ve aile fertleri olmak üzere toplam 1393 kişinin vatandaşlığının iptal edildiği
observations.csv,o-131eb3ec81,,tur-hurriyet-2026-08-04,media,no_copy,,quoted Ministry statement,toplamda 1413 yatırımcı ve aile fertleri ile birlikte 6 bin 134 kişinin vatandaşlık kazanma kararı 5901 sayılı Kanunun 31'inci ve 40'ıncı maddeleri uyarınca iptal edilmiş ya da geri alınmıştır
observations.csv,o-02c40e9029,,tur-hurriyet-2026-09-21,media,no_copy,,quoted Ministry statement,Aile fertleriyle birlikte toplam 5 bin 391 kişinin vatandaşlık kararı iptal edilmiştir. ... Böylelikle toplam 1413 yatırımcı ve aile fertleriyle birlikte 6 bin 134 kişinin vatandaşlık kazanma kararı iptal edilmiş veya geri alınmıştır.
observations.csv,o-a63c1d8a0c,,tur-kronos-2026-08-08,media,no_copy,,same section,"Bugüne kadar 51 bin 762 yatırımcı, 122 bin 805 aile bireyi olmak üzere toplam 174 bin 567 kişi bu kapsamda Türk vatandaşlığı kazanmıştır."
observations.csv,o-8a66fe3da9,,tur-tuik-foreign-house-sales,government,loose,text,"sheet t3, row 4",2013 | Toplam 1157190 | Yabancılara yapılan satışlar 12181 | Pay 1.1
observations.csv,o-dc28673089,,tur-tuik-foreign-house-sales,government,loose,text,"sheet t3, row 5",2014 | Toplam 1165381 | Yabancılara yapılan satışlar 18959 | Pay 1.6
observations.csv,o-aaabc640a5,,tur-tuik-foreign-house-sales,government,loose,text,"sheet t3, row 6",2015 | Toplam 1289320 | Yabancılara yapılan satışlar 22830 | Pay 1.8
observations.csv,o-282871ee1b,,tur-tuik-foreign-house-sales,government,loose,text,"sheet t3, row 7",2016 | Toplam 1341453 | Yabancılara yapılan satışlar 18189 | Pay 1.4
observations.csv,o-2ccfb6213c,,tur-tuik-foreign-house-sales,government,loose,text,"sheet t3, row 8",2017 | Toplam 1409314 | Yabancılara yapılan satışlar 22234 | Pay 1.6
observations.csv,o-cfbbf55469,,tur-tuik-foreign-house-sales,government,loose,text,"sheet t3, row 9",2018 | Toplam 1375398 | Yabancılara yapılan satışlar 39663 | Pay 2.9
observations.csv,o-c2eca88307,,tur-tuik-foreign-house-sales,government,checked,text,"sheet t3, row 10",2019 | Toplam 1348729 | Yabancılara yapılan satışlar 45483 | Pay 3.4
observations.csv,o-a860b1e908,,tur-tuik-foreign-house-sales,government,loose,text,"sheet t3, row 11",2020 | Toplam 1499316 | Yabancılara yapılan satışlar 40812 | Pay 2.7
observations.csv,o-cdcf061065,,tur-tuik-foreign-house-sales,government,loose,text,"sheet t3, row 12",2021 | Toplam 1491856 | Yabancılara yapılan satışlar 58576 | Pay 3.9
observations.csv,o-3fe727f27d,,tur-tuik-foreign-house-sales,government,loose,text,"sheet t3, row 13",2022 | Toplam 1485622 | Yabancılara yapılan satışlar 67490 | Pay 4.5
observations.csv,o-63214c4166,,tur-tuik-foreign-house-sales,government,loose,text,"sheet t3, row 14",2023 | Toplam 1225926 | Yabancılara yapılan satışlar 35005 | Pay 2.9
observations.csv,o-b30e674da1,,tur-tuik-foreign-house-sales,government,loose,text,"sheet t3, row 15",2024 | Toplam 1478025 | Yabancılara yapılan satışlar 23781 | Pay 1.6
observations.csv,o-b516887ec2,,tur-tuik-foreign-house-sales,government,loose,text,"sheet t3, row 16",2025 | Toplam 1688910 | Yabancılara yapılan satışlar 21534 | Pay 1.3
observations.csv,o-1529dc7c81,,tur-cumhuriyet-2021-10-29,media,no_copy,,body text,"19 bin 630 yabancı gerçek kişi, T.C. vatandaşlığı amacıyla 30 bin 358 adet taşınmaz edinerek uygunluk belgesi almaya hak kazanmıştır"
observations.csv,o-6f3154c79f,,tur-hurriyet-2026-08-04,media,no_copy,,quoted Ministry statement,toplamda 1413 yatırımcı ve aile fertleri ile birlikte 6 bin 134 kişinin
observations.csv,o-09cd99f2a0,,tur-tbmm-bakan-q-2025-09,legislation,found,ocr,p. 1,"451 yabancı uyruklu kişiye, 50 bin dolar karşılığında, aileleriyle birlikte 1198 usulsüz Türk vatandaşlığı kazanımının gerçekleştirildiği"
observations.csv,o-8a648f60f9,,tur-milliyet-2026-09-21,media,no_copy,,Justice Minister statement,"aile bireyleriyle birlikte 1.070 kişinin usulsüz yollarla Türk vatandaşlığı edindiği, 11 kişinin ise vatandaşlık edinme sürecinin devam ettiği belirlenmiştir"
observations.csv,o-a6f0ddc834,,tur-cipturkey-2019-07-22,industry,no_copy,,body text,"by June 30th, 2019, a total of 981 successful main applicants have obtained citizenship through investment"
observations.csv,o-4602e9356e,,tur-mee-2019-07-11,media,no_copy,,article text,"Nearly 1,000 foreign citizens, mostly from Middle Eastern countries, have been given Turkish citizenship in exchange for investment since last September."
observations.csv,o-e2b55d0d68,,tur-aa-2022-05-10,media,no_copy,,body text,25 bin 969 yabancı yatırımcının da yine gerekli kriterleri sağlayarak vatandaşlık hakkı kazandığı
observations.csv,o-c2473780fd,,tur-hurriyet-2022-05-11,media,no_copy,,article text,25 bin 969 yabancı yatırımcı vatandaşlık hakkı kazandı.
observations.csv,o-7c40ade54c,,tur-tbmm-pbk-2024-11-20,legislation,found,text,p. 99,"159.433 yabancı yatırım yaparak, istisnai olarak Türk vatandaşlığını kazanmıştır ama bunların 46.163’ü yatırımcı; onların 35.399’u eş, 77.871’i çocuk."
observations.csv,o-fcc8c02dfd,,tur-kronos-2026-08-08,media,no_copy,,same section,"Bugüne kadar 51 bin 762 yatırımcı, 122 bin 805 aile bireyi olmak üzere toplam 174 bin 567 kişi bu kapsamda Türk vatandaşlığı kazanmıştır."
observations.csv,o-6fccc8489a,,tur-turizmekonomi-2026-08,media,no_copy,,para. starting 'DW Türkçe’den',2018’den bu yana 51 bin 762 yatırımcı ve 122 bin 805 aile bireyi
observations.csv,o-ba8a675759,,tur-nordicmonitor-2024-10-14,media,no_copy,,body text,"An estimated 500,000 foreigners have acquired Turkish citizenship in the last seven years based on figures for real estate purchases."
observations.csv,o-779b3f1c8e,,tur-tbmm-pbk-2024-11-20,legislation,found,text,p. 99,"159.433 yabancı yatırım yaparak, istisnai olarak Türk vatandaşlığını kazanmıştır ama bunların 46.163’ü yatırımcı; onların 35.399’u eş, 77.871’i çocuk."
observations.csv,o-95d7bb9868,,tur-kronos-2026-08-08,media,no_copy,,section '174 bin kişiye yatırım karşılığı vatandaşlık',"Bugüne kadar 51 bin 762 yatırımcı, 122 bin 805 aile bireyi olmak üzere toplam 174 bin 567 kişi bu kapsamda Türk vatandaşlığı kazanmıştır."
observations.csv,o-74e498f4da,,tur-turizmekonomi-2026-08,media,no_copy,,para. starting 'DW Türkçe’den',2018’den bu yana 51 bin 762 yatırımcı ve 122 bin 805 aile bireyi olmak üzere toplam 174 bin 567 kişi
observations.csv,o-851773caed,,tur-cumhuriyet-2021-10-29,media,no_copy,,body text,"19 bin 630 yabancı gerçek kişi, T.C. vatandaşlığı amacıyla 30 bin 358 adet taşınmaz edinerek"
observations.csv,o-7f19a1a3d4,,tur-tbmm-pbk-2024-11-20,legislation,found,text,p. 99,"159.433 yabancı yatırım yaparak, istisnai olarak Türk vatandaşlığını kazanmıştır ama bunların 46.163’ü yatırımcı; onların 35.399’u eş, 77.871’i çocuk."
observations.csv,o-67f84e4caf,,intl-eu-reg-2025-11,legislation,found,text,"recital 12, p. 2","According to information provided by Vanuatu, in 2022 and 2023, Vanuatu received 1 988 applications for citizenship in exchange for an investment, of which only 27 have been rejected."
observations.csv,o-ae9124f1d9,,intl-eu-impreg-2022-693,legislation,found,text,"recital 7, OJ L 129/19",by the end of 2020 the Vanuatu authorities had rejected only one application
observations.csv,o-347b41fd42,,intl-eu-reg-2025-11,legislation,found,text,"recital 12, p. 2","According to information provided by Vanuatu, in 2022 and 2023, Vanuatu received 1 988 applications for citizenship in exchange for an investment, of which only 27 have been rejected."
observations.csv,o-904097e9ca,,intl-eu-dec-2022-366,legislation,found,text,"recital 4, OJ L 69/105","On the basis of the information provided by Vanuatu's Passport Office on 14 June 2021, by March 2021 Vanuatu had issued over 10 500 passports under such schemes, with an extremely low rejection rate."
observations.csv,o-df20179432,,intl-eu-impreg-2022-693,legislation,found,text,"recital 7, OJ L 129/19","According to information provided by Vanuatu's Passport Office on 14 June 2021, until March 2021, Vanuatu issued over 10 500 passports in exchange for investment under the schemes and by the end of 2020 the Vanuatu authorities had rejected only one application."
observations.csv,o-228ff37f79,,intl-ec-com-2024-366,eu,found,text,p. 3,the high number of passports issued to nationals that would otherwise have to apply for a visa to travel to the EU (more than 10 000 between 2015 and 2021)
program_terms.csv,t-b589105440,,atg-ciu-web-business-investment,government,found,text,web page,"makes an investment in an approved business of at least US$1,500,000"
program_terms.csv,t-ca6b40fea3,ok,atg-cbi-act-2013,legislation,found,text,"PDF p. 7, Schedule reg. 9(2)","a person proposes to make an investment in an approved business of at least $4,000,000"
program_terms.csv,t-306f4fa48a,ok,atg-cbi-act-2013,legislation,found,text,"PDF p. 7, Schedule reg. 7","Where a person proposes to make a contribution to the National Development Fund of at least $675,000"
program_terms.csv,t-990cceba56,,atg-cbi-regs-2013,legislation,found,ocr,PDF p. 7,"the proposed contribution of the family to the National Development Fund shall be $540,000"
program_terms.csv,t-3fb86660c9,,atg-cbi-regs-2017,legislation,loose,ocr,"PDF p. 5, reg. 7(3)","(a) for a single individual is $270,000; (b) for a family of up to four person is $270,000"
program_terms.csv,t-d857fa8672,,atg-ciu-ndf-notice-2017,government,found,ocr,para 1,"to reduce the investment threshold for the National Development Fund (NDF) option, by 50%; from US$200,000 to US$100,000 for a family of up to four persons"
program_terms.csv,t-fb4f5962fd,,atg-cbi-regs-2024,legislation,found,ocr,"PDF p. 7, reg. 7(1)","that contribution is in the amount of Two Hundred and Thirty Thousand (US$230,000.00) dollars in United States currency"
program_terms.csv,t-fea847c47d,,atg-cbi-regs-2018,legislation,found,ocr,"PDF p. 4, reg. 6A(1)","shall contribute not less than $150,000 on his own behalf or at least a family of two persons shall propose to contribute $275,000"
program_terms.csv,t-3f8135c77e,,atg-cbi-regs-2024,legislation,found,ocr,"PDF p. 6, reg. 6A(2)","the family proposes to make a contribution of two hundred and sixty thousand (US$260,000.00) dollars in United States currency"
program_terms.csv,t-906031ec87,ok,atg-cbi-act-2013,legislation,found,text,"PDF p. 9, Schedule of Fees","Processing fee – Principal applicant $135,000"
program_terms.csv,t-9d7f72b12b,,atg-cbi-regs-2024,legislation,found,ocr,"PDF p. 7, Schedule item 2(a)","Processing fee — Single applicant $10,000.00"
program_terms.csv,t-b0445cc8ef,ok,atg-cbi-act-2013,legislation,found,text,"PDF p. 8, Schedule reg. 6(4)","The full purchase price of the real estate shall be at least $1,080,000."
program_terms.csv,t-98c2cba205,,atg-cbi-regs-2019,legislation,found,ocr,"PDF p. 5, reg. 15(2)","the Unit may allow two related parties, with a minimum investment of $200,000 each"
program_terms.csv,t-9f8da8a4d9,,atg-cbi-regs-2024,legislation,found,ocr,"PDF p. 6, reg. 6(4)","The full purchase price of the real estate shall be at least three hundred thousand (US$300,000.00) dollars in United States currency."
program_terms.csv,t-024291cf33,,dma-oecs-moa-release-2024,international_org,found,text,"Release text, para 3","With effect from July 01, 2024, all countries have agreed that the minimum price for any CBI options shall be US$200,000."
program_terms.csv,t-5d502dd722,ok,dma-sro37-2014,legislation,loose,text,"PDF p. 14, Schedule para 1(2)(b)(i)","(b) to qualify persons through a direct monetary investment an amount of - (i) US$100,000 for a single applicant;"
program_terms.csv,t-f401b6a7ce,ok,dma-imf-wp-15-93,imf,found,text,"PDF p. 6, table of citizenship programs","Dominica 1993 USD 100,000 No Immediate"
program_terms.csv,t-33c2dca60c,ok,dma-sro23-2017,legislation,found,text,"PDF p. 2, substituted Schedule para 1(2)(b)(i)","(i) US$100,000 for a single main applicant;"
program_terms.csv,t-0fe3ee8236,ok,dma-imf-art4-2018,imf,found,text,"PDF p. 10, footnote 3","The CBI is a program whereby foreigners may obtain citizenship through either a cash contribution of US$100,000 or investment of US$200,000 in a pre-selected real estate project."
program_terms.csv,t-8f3e3a3b6a,ok,dma-sro1-2024,legislation,found,text,"PDF p. 28, Schedule para 1(3)(b)(i)",(i) one hundred thousand United States dollars for the main applicant;
program_terms.csv,t-ca498986c6,ok,dma-sro8-2024,legislation,found,text,"PDF p. 28, Schedule para 1(3)(a)(i)",(i) two hundred thousand United States dollars for the main applicant;
program_terms.csv,t-6fced32012,ok,dma-cbiu-brochure-2024,government,found,text,PDF p. 8,"Minimum investment: US$200,000 for a single applicant."
program_terms.csv,t-a233fda94a,ok,dma-sro37-2014,legislation,found,text,"PDF p. 15, Schedule para 2","The minimum investment required is US$200,000 for each main applicant."
program_terms.csv,t-75290d5bd3,ok,dma-sro23-2017,legislation,found,text,"PDF p. 2, substituted Schedule para 1(2)(a)(i)","(i) US$25,000 for the main applicant;"
program_terms.csv,t-28fd2302cc,ok,dma-budget-address-2023-24,government,found,text,PDF p. 45,"The levy will be charged at a rate of US$5,000.00 per investor in the CBI Programme. This levy will take effect from September 1, 2023"
program_terms.csv,t-31a73db611,ok,dma-sro1-2024,legislation,found,text,"PDF p. 30, Schedule para 2(1)",(1) The minimum investment required is two hundred thousand United States dollars for each main applicant.
program_terms.csv,t-0c2ddb08dd,ok,dma-sro8-2024,legislation,found,text,"PDF p. 29, Schedule para 2(1)",(1) The minimum investment required is two hundred thousand United States dollars for each main applicant.
program_terms.csv,t-13f74c8cdc,ok,dma-sro8-2024,legislation,found,text,"PDF p. 30, Schedule para 2(3)(a)",(a) seventy-five thousand United States dollars for the main applicant;
program_terms.csv,t-97861d921b,,grc-ti-greece-2021,ngo,no_copy,,p. 7,επένδυση τουλάχιστον € 400.000 σε κρατικά ομόλογα διάρκειας τουλάχιστον τριών ετών
program_terms.csv,t-a49aedd6a5,ok,grc-law-5038-2023,legislation,found,text,"PDF p. 65-66, art. 99(1)(δ)","αγορά ομολόγων του ελληνικού δημοσίου, με αξία κτήσης πεντακοσίων χιλιάδων (500.000) ευρώ τουλάχιστον"
program_terms.csv,t-fe57a6f36d,ok,grc-law-5038-2023,legislation,found,text,"PDF p. 65, art. 99(1)(α)","εισφορά κεφαλαίου, ποσού πεντακοσίων χιλιάδων (500.000) ευρώ, τουλάχιστον, σε εταιρεία η οποία έχει έδρα ή εγκατάσταση στην Ελλάδα"
program_terms.csv,t-70dcfdffe1,,grc-ti-greece-2021,ngo,no_copy,,p. 7,που επενδύουν το ελάχιστο ποσό των € 400.000 σε χρηματοπιστωτικά μέσα και εταιρείες στην Ελλάδα
program_terms.csv,t-5be9af7355,ok,grc-law-5038-2023,legislation,found,text,"PDF p. 65-66, art. 99(1)(ε)",προθεσμιακή κατάθεση ύψους πεντακοσίων χιλιάδων (500.000) ευρώ τουλάχιστον
program_terms.csv,t-646e3c9019,ok,grc-law-5038-2023,legislation,found,text,"PDF p. 66, art. 99(1)(ζ)","αγορά μεριδίων αξίας κτήσης τριακοσίων πενήντα χιλιάδων (350.000) ευρώ τουλάχιστον, σε αμοιβαίο κεφάλαιο"
program_terms.csv,t-5f2036c982,,grc-ypes-circular-13-2013,government,found,text,"p. 1, section Α (Δικαιούχοι), (α)",εφόσον το ελάχιστο ύψος του ακινήτου ανέρχεται σε διακόσιες πενήντα χιλιάδες (250.000) ευρώ
program_terms.csv,t-7c074ad0c8,,grc-law-5007-2022,legislation,found,text,art. 91 (new art. 20 B(2)(a) Law 4251/2014),καθορίζεται σε πεντακόσιες χιλιάδες (500.000) ευρώ
program_terms.csv,t-cb1ac9c355,,grc-law-5007-2022,legislation,found,text,art. 91 (new art. 20 B(2)(b) Law 4251/2014),καθορίζεται σε διακόσιες πενήντα χιλιάδες (250.000) ευρώ
program_terms.csv,t-75612cd3c5,,grc-law-5100-2024-consolidated,legislation,found,text,"p. 1-2, art. 64 (art. 100(2)(a) Law 5038/2023)",καθορίζονται σε οκτακόσιες χιλιάδες (800.000) ευρώ
program_terms.csv,t-f8c1c20052,,grc-law-5100-2024-consolidated,legislation,found,text,"p. 2, art. 64 (art. 100(2)(b) Law 5038/2023)",καθορίζονται σε τετρακόσιες χιλιάδες (400.000) ευρώ
program_terms.csv,t-a4e6f5b664,,grc-law-5100-2024-consolidated,legislation,found,text,"p. 2, art. 64 (art. 100(2)(c))",η ελάχιστη αξία κτήσης αυτής κατά τον χρόνο απόκτησής της καθορίζεται σε διακόσιες πενήντα χιλιάδες (250.000) ευρώ
program_terms.csv,t-3d28093051,,grc-law-5100-2024-consolidated,legislation,found,text,"p. 2, art. 64 (art. 100(2)(d))",η ελάχιστη αξία κτήσης της κατά τον χρόνο απόκτησής της καθορίζεται σε διακόσιες πενήντα χιλιάδες (250.000) ευρώ
program_terms.csv,t-e2295653c1,ok,grc-law-5038-2023,legislation,found,text,"PDF p. 66, art. 99(1)(στ)",αξίας κτήσης οκτακοσίων χιλιάδων (800.000) ευρώ τουλάχιστον
program_terms.csv,t-d15eb13532,,grc-ypes-circular-13-2013,government,found,text,"p. 1, section Α (Δικαιούχοι), (β)",εφόσον το ελάχιστο ύψος της μίσθωσης ανέρχεται σε διακόσιες πενήντα χιλιάδες (250.000) ευρώ
program_terms.csv,t-d2fbafe7c0,ok,grd-imf-ecf1-2014,imf,found,text,"PDF p. 41, Annex II, 'Grenada: Fee Schedule of Citizenship by Investment Program'","Donation to NTF              50,000                    200,000   250,000"
program_terms.csv,t-3c00a0005e,,grd-ima-web-2024,government,found,text,"Citizenship by Investment page, 'Investment'","Investment Minimum contribution of USD 150,000."
program_terms.csv,t-9c1e80edfe,,grd-sro-12-2024,legislation,found,text,"p. A71, reg. 2, Schedule I, Sub Grouping (A)","National Transformation Fund                    $235,000.00"
program_terms.csv,t-e32287fd40,,grd-sro-12-2024,legislation,found,text,"p. A72, Schedule I, Sub Grouping (B)","Government Contribution for Approved            $50,000.00 Project Investment under Section 11"
program_terms.csv,t-078fa78f60,ok,grd-imf-ecf1-2014,imf,found,text,"PDF p. 41, Annex II fee schedule","Donation to NTF              50,000                    200,000   250,000"
program_terms.csv,t-d11adc5896,,grd-cbiunit-web-2015,government,wrong_copy,text,Fees page (archived 29 June 2015),"Government Fee $ 50,000.00 ... 1-4 people USD 50,000. Each additional dependant USD 25,000"
program_terms.csv,t-5c56bfa09b,ok,grd-imf-ecf1-2014,imf,found,text,"PDF p. 41, Annex II fee schedule","Private Investment           50,000       Minimum of 250,000     300,000"
program_terms.csv,t-9975964d3b,,grd-cbiunit-web-2015,government,found,text,Approved Real Estate Projects page,"the Government requires an investment in designated real estate with a minimum investment of USD 350,000"
program_terms.csv,t-31e639c14c,,grd-sro-12-2024,legislation,found,text,"p. A72, Schedule I, Sub Grouping (B)","Approved Project Investment under Section       Minimum of: 11                                              $350,000.00"
program_terms.csv,t-9682e1c20a,,grd-sro-12-2024,legislation,found,text,"p. A72, Schedule I, Sub Grouping (B)","Purchase of a unit in an Approved Project       Minimum of: under Section 11–                               $270,000.00"
program_terms.csv,t-81658909f7,,grd-sro-15-2024,legislation,found,text,"p. A86, Schedule I, Sub Grouping (B)","(c) valued at a total minimum of USD $540,000.00,"
program_terms.csv,t-83a2d6e873,,grd-bestcitizens-2019,industry,no_copy,,section on prices,"The prices for Grenada passport was only $39,000 going back to 1997"
program_terms.csv,t-37b35475e7,ok,kna-imf-art4-2021,imf,found,text,"PDF p. 9 (printed p. 5), footnote 1","a contribution to the Sustainable Growth Fund (SGF) of US$150,000 for individuals, or US$195,000 for a family of up to 4"
program_terms.csv,t-4fa0f6b9a9,ok,kna-imf-art4-2021,imf,found,text,"PDF p. 9 (printed p. 5), footnote 1","or US$195,000 for a family of up to 4"
program_terms.csv,t-ebebc1cf52,,kna-ciu-address-2022-12,government,loose,ocr,PDF p. 3 (OCR),"SGF Limited Time Offer — 1 January 2023 - 30 June 2023 ... US$125,000 — Main applicant"
program_terms.csv,t-aa5278bf2c,,kna-ciu-address-2022-12,government,loose,ocr,PDF p. 3 (OCR),"US$170,000 — Main applicant, spouse and two dependants"
program_terms.csv,t-15127d4ead,ok,kna-imf-cr-14-49,imf,found,text,"PDF p. 9, Box 2","a minimum non-refundable contribution to the SIDF of US$250,000 for a single applicant, US$300,000 for an applicant with up to three dependents"
program_terms.csv,t-5ff3596510,ok,kna-imf-cr-14-49,imf,found,text,"PDF p. 9, Box 2","US$300,000 for an applicant with up to three dependents"
program_terms.csv,t-bb772bae96,,kna-fincen-advisory-2014,government,found,text,p. 1,"contributes $250,000 USD to the St. Kitts and Nevis Sugar Industry Diversification Foundation"
program_terms.csv,t-876430fd1a,ok,kna-sro-26-2023,legislation,found,text,"PDF p. 15, reg. 30(2)(a)","(a) for a main applicant only, US$250,000 (Two Hundred and Fifty Thousand United States Dollars);"
program_terms.csv,t-cb13000f8b,ok,kna-sro-26-2023,legislation,found,text,"PDF p. 15, reg. 30(2)(c)","US$350,000 (Three Hundred and Fifty Thousand United States Dollars);"
program_terms.csv,t-f23dee9029,,kna-ciu-press-2023-07,government,found,text,p. 2,"For a family of two, the contribution amount increases to US$300,000"
program_terms.csv,t-9612f1ef63,ok,kna-sro-20-2024,legislation,found,text,"PDF p. 13, reg. 21(2)(a)","(a) US$250,000 (Two Hundred and Fifty Thousand United States Dollars) for a main applicant or a family with up to four total persons"
program_terms.csv,t-219305a475,,kna-ciu-web-2026-09,government,found,text,"CIU web page 'Sustainable Island State Contribution', section Minimum Contribution Requirements","Due Diligence Fees: Main Applicant: US$10,000 Each Dependant (16 or over): US$7,500"
program_terms.csv,t-0d0799b247,ok,kna-sro-26-2023,legislation,found,text,"PDF p. 18, reg. 31","with respect to a condominium unit, a minimum investment sum of US$400,000"
program_terms.csv,t-c40a9a5acf,ok,kna-sro-43-2024,legislation,found,text,"PDF p. 2, reg. 9(a)","replacing the expression ""US$400,000 (Four Hundred Thousand United States Dollars)"" with the expression ""US$325,000"
program_terms.csv,t-cf736290cf,ok,kna-sro-26-2023,legislation,found,text,"PDF p. 18, reg. 31","sum of US$800,000 (Eight Hundred Thousand United States Dollars) is paid"
program_terms.csv,t-c1da2cb0bd,ok,kna-sro-43-2024,legislation,found,text,"PDF p. 2, reg. 9","replacing the expression ""US$800,000 (Eight Hundred Thousand United States Dollars)"" with the expression ""US$600,000 (Six Hundred Thousand United States Dollars)"""
program_terms.csv,t-69fe4cd14c,ok,kna-sro-26-2023,legislation,found,text,"PDF p. 22, reg. 32","Citizenship by Investment, if a minimum contribution of US$250,000 (Two Hundred and"
program_terms.csv,t-b0f22cc0f9,ok,kna-imf-cr-14-49,imf,found,text,"PDF p. 9, Box 2","For a minimum investment of US$400,000 in eligible real estate, applicants and their families are eligible for citizenship."
program_terms.csv,t-6ae7dff680,,kna-fincen-advisory-2014,government,found,text,p. 1,"invests in designated real estate with a value of at least $400,000 USD"
program_terms.csv,t-888ac2109f,ok,kna-imf-art4-2021,imf,found,text,"PDF p. 9 (printed p. 5), footnote 1","or US$400,000 (full title) held for 5 years before resale, plus fees"
program_terms.csv,t-34b419ac49,,kna-ciu-address-2022-12,government,checked,ocr,PDF p. 3 (OCR),"The minimum real estate investment required by law is US$200,000 (resellable after 7 years)."
program_terms.csv,t-c2fd39c18e,ok,kna-sro-26-2023,legislation,found,text,"PDF p. 12, reg. 29(12)","a minimum investment sum of US$400,000 (Four Hundred Thousand United States Dollars) is paid to the developer by the main applicant"
program_terms.csv,t-fb847390c5,ok,kna-sro-43-2024,legislation,found,text,"PDF p. 2, reg. 6","replacing the expression ""US$400,000 (Four Hundred Thousand United States Dollars)"" with the expression ""US$325,000 (Three Hundred and Twenty-Five Thousand United States Dollars)"""
program_terms.csv,t-70f932f1cf,ok,kna-imf-art4-2021,imf,found,text,"PDF p. 9 (printed p. 5), footnote 1","an investment in the Real Estate Fund of US$200,000 (share only) held for 7 years before resale"
program_terms.csv,t-101319c908,,lca-cbi-regs-2015,legislation,found,text,"p. 14, Schedule 2 para 4","Applicant applying alone                     US$ 500,000"
program_terms.csv,t-19c9485fef,,lca-cbi-regs-2022b,legislation,found,text,"p. 4, reg. 4(c)","applicant and          US$ 300,000          5 years”."
program_terms.csv,t-11808eec0f,,lca-cbi-regs-2020a,legislation,found,text,"p. 7, para 4(b)","(i) applicant applying alone     US$250,000       5 years"
program_terms.csv,t-2a04ef60e8,,lca-cbi-regs-2020b,legislation,found,text,"p. 1, reg. 2","“(a) be made by the 31st day of December, 2021;”."
program_terms.csv,t-9f7fd9bbd2,,lca-cbi-regs-2022a,legislation,found,text,"p. 1, reg. 2","“(a) be made by the 31st day of December, 2022;”."
program_terms.csv,t-574d34de3a,,lca-cbi-regs-2015,legislation,found,text,"p. 13, Schedule 2 para 1","Applicant applying alone                         US$ 200,000"
program_terms.csv,t-c68f85401d,,lca-cbi-regs-2015,legislation,found,text,"p. 13, Schedule 2 para 1","Applicant applying with spouse                   US$ 235,000"
program_terms.csv,t-57bd5856a3,,lca-cbi-regs-2016b,legislation,found,text,"p. 2, reg. 7","Applicant applying alone                     US$100,000"
program_terms.csv,t-30e37194be,,lca-cbi-regs-2016b,legislation,found,text,"p. 2, reg. 7","Applicant applying with spouse                  US$165,000"
program_terms.csv,t-c55e27d119,,lca-cbi-regs-2020a,legislation,found,text,"p. 6, reg. 7(a)","Applicant applying with spouse                    US$140,000"
program_terms.csv,t-ee3d2933ca,,lca-cbi-regs-2024b,legislation,found,text,"p. 4, reg. 3(a)","Applicant applying with up to US$ 240,000 three qualifying dependents"
program_terms.csv,t-0aba9f2d61,,lca-cbi-regs-2015,legislation,found,text,"p. 13, Schedule 2 para 3","Option 1 : Applicant                       US$ 3,500,000 (plus no less than 3"
program_terms.csv,t-e2585f6c58,,lca-cbi-regs-2023,legislation,found,text,"p. 2, reg. 4","Option 3:                             US$100,000"
program_terms.csv,t-df72f95314,,lca-cbi-regs-2024b,legislation,found,text,"p. 5, reg. 3(c)","three  US$ 250,000”."
program_terms.csv,t-5633048497,,lca-cbi-regs-2015,legislation,found,text,"p. 13, Schedule 2 para 2","Applicant                                  US$ 300,000"
program_terms.csv,t-36ef41f882,,lca-cbi-regs-2022b,legislation,found,text,"p. 3, reg. 4(b)","replacing the qualifying investment amount of “US$ 200,000”"
program_terms.csv,t-1125ad0c7c,,lca-cbi-regs-2024b,legislation,found,text,"p. 4, reg. 3(b)","Applicant and any number of US$ 300,000 plus applicable qualifying dependents administration fees"
program_terms.csv,t-6446e87e7d,,lca-cbi-regs-2026,legislation,found,text,"p. 17, reg. 12(a)","Applicant and            US$500,000 qualifying dependants"
program_terms.csv,t-f82f9554fc,ok,mlt-ln-2014-47,legislation,found,text,"Schedule, para 1(a) (PDF p. 14, printed B 354)","main applicant: EUR 650,000 (six hundred and fifty thousand euro), of which a non-refundable payment of EUR 10,000"
program_terms.csv,t-9d03cf50a8,,mlt-ln-2014-47,legislation,found,text,"Schedule, para 1(b)-(c)","spouse: EUR 25,000 (twenty five thousand euro)"
program_terms.csv,t-b2f598b98c,,mlt-ln-2014-47,legislation,found,text,"Schedule, para 1(d)-(e)","for each and every dependant parent above 55 years of age: EUR 50,000 (fifty thousand euro)"
program_terms.csv,t-179dd19b11,,mlt-ln-2014-47,legislation,found,text,"Schedule, para 2(1)(a)","main applicant: EUR 7,500 (seven thousand five hundred euro)"
program_terms.csv,t-da7599ab66,ok,mlt-ln-2014-47,legislation,found,text,reg. 7 (PDF p. 10),"he will make such other investments in Malta to an amount of one hundred and fifty thousand euro (EUR 150,000), amongst others, in stocks, bonds, debentures"
program_terms.csv,t-1385634541,ok,mlt-ln-2014-47,legislation,found,text,reg. 7 (PDF p. 10),"property in Malta having a minimum value of three hundred and fifty thousand euro (EUR 350,000)"
program_terms.csv,t-1d63d4db9e,ok,mlt-ln-2014-47,legislation,found,text,reg. 7 (PDF p. 10),"property in Malta for a minimum annual rent of sixteen thousand euro (EUR 16,000)"
program_terms.csv,t-dbec474010,ok,mlt-ln-2020-437,legislation,found,text,reg. 16 (PDF p. 14),"a minimum of ten thousand euro (€10,000) to a registered philanthropic, cultural, sport, scientific"
program_terms.csv,t-3efad396c2,ok,mlt-ln-2020-437,legislation,found,text,"First Schedule, para 1(a) (PDF p. 22)","applicant: six hundred thousand euro (€600,000) , of which a payment of ten thousand euro (€10,000) shall be paid to the Agency as a non-refundable deposit"
program_terms.csv,t-db49859676,ok,mlt-ln-2020-437,legislation,found,text,"First Schedule, para 1(a)(i) (PDF p. 22)","before the completion of thirty six (36) months residence: seven hundred and fifty thousand euro (€750,000)"
program_terms.csv,t-1848b6d7aa,ok,mlt-ln-2020-437,legislation,found,text,"First Schedule, para 1(b) (PDF p. 22)","for each dependant referred to in the definition of the term ‘dependant’ in regulation 2: fifty thousand euro (€50,000)."
program_terms.csv,t-bef20b76de,ok,mlt-ln-2020-437,legislation,found,text,reg. 16 (PDF p. 14),"residential property in Malta having a minimum value of seven hundred thousand euro (€700,000)"
program_terms.csv,t-ab38b2cdd0,ok,mlt-ln-2020-437,legislation,found,text,reg. 16 (PDF p. 14),"residential immovable property in Malta for a minimum annual rent of sixteen thousand euro (€16,000)"
program_terms.csv,t-f7084a1d8d,ok,mlt-ln-2021-121,legislation,found,text,"First Schedule (PDF p. 27, printed B 989)","a non-refundable administration fee of forty thousand euro (€40,000)"
program_terms.csv,t-7585397073,ok,mlt-sl-217-26-2025,legislation,found,text,First Schedule (PDF p. 28),"a non-refundable administration fee in respect of the main applicant of sixty thousand euro (€60,000)"
program_terms.csv,t-babfade7c8,ok,mlt-ln-2021-121,legislation,found,text,reg. 9 (PDF p. 9),"having a value of not less than five hundred thousand euro (€500,000), out of which a minimum of one hundred and fifty thousand euro (€150,000) shall be in the form of financial assets"
program_terms.csv,t-64b7151ed1,ok,mlt-ln-2021-121,legislation,found,text,First Schedule (PDF p. 27),"a contribution of twenty-eight thousand euro (€28,000)"
program_terms.csv,t-0a95961a35,ok,mlt-ln-2021-121,legislation,found,text,First Schedule (PDF p. 27),"a contribution of fifty-eight thousand euro (€58,000)"
program_terms.csv,t-1997040d49,ok,mlt-sl-217-26-2025,legislation,found,text,First Schedule (PDF p. 29),"a contribution of thirty seven thousand euro (€37,000) in respect of the main applicant"
program_terms.csv,t-5068ab1cdb,ok,mlt-ln-2021-121,legislation,found,text,reg. 2 definitions (PDF p. 4),"three hundred and fifty thousand euro (€350,000) for a property situated in Malta"
program_terms.csv,t-d3bca67861,ok,mlt-sl-217-26-2025,legislation,found,text,reg. 3 definitions (PDF p. 4),"consideration of not less than three hundred and seventy-five thousand euro (€375,000) for a property situated in Malta or Gozo"
program_terms.csv,t-44fbf87afe,ok,mlt-ln-2021-121,legislation,found,text,reg. 2 definitions (PDF p. 5),"twelve thousand euro (€12,000) per annum for a property situated in Malta"
program_terms.csv,t-2209dabf38,ok,mlt-sl-217-26-2025,legislation,found,text,reg. 3 definitions (PDF p. 4),"taken on lease for a rent of not less than fourteen thousand euro (€14,000) per annum"
program_terms.csv,t-89cc93d49a,,tur-rg-2017-01-12-reg,legislation,checked,text,"p. 2, new Art. 20(2)(ç)",ç) En az 3.000.000 Amerikan Doları tutarında mevduatı üç yıl tutma şartıyla Türkiye'de faaliyet gösteren bankalara yatırdığı
program_terms.csv,t-6e8d2bc409,,tur-rg-2018-09-19-reg,legislation,found,ocr,Art. 1,(ç) bendinde yer alan “3.000.000 Amerikan Doları” ibaresi “500.000 Amerikan Doları veya karşılığı döviz ya da karşılığı Türk Lirası”
program_terms.csv,t-769e1daa4b,,tur-rg-2017-01-12-reg,legislation,checked,text,"p. 2, new Art. 20(2)(c)",c) En az 100 kişilik istihdam oluşturduğu
program_terms.csv,t-9e28ffea15,,tur-rg-2018-09-19-reg,legislation,found,ocr,Art. 1,"(c) bendinde yer alan “100”, Çalışma ve Sosyal Güvenlik Bakanlığınca” ibareleri sırasıyla, “50”"
program_terms.csv,t-7c6e30106a,,tur-rg-2017-01-12-reg,legislation,checked,text,"p. 2, new Art. 20(2)(a)",a) En az 2.000.000 Amerikan Doları tutarında sabit sermaye yatırımı gerçekleştirdiği Ekonomi Bakanlığınca tespit edilen
program_terms.csv,t-aa7b50025b,,tur-rg-2018-09-19-reg,legislation,found,ocr,Art. 1,"(a) bendinde yer alan “2.000.000 Amerikan Doları”, “Ekonomi Bakanlığınca” ibareleri sırasıyla “500.000 Amerikan Doları veya karşılığı döviz ya da karşılığı Türk Lirası”"
program_terms.csv,t-49a02dc3cc,,tur-rg-2017-01-12-reg,legislation,checked,text,"p. 2, new Art. 20(2)(d)",d) En az 3.000.000 Amerikan Doları tutarında Devlet borçlanma araçlarını üç yıl tutmak şartıyla satın aldığı
program_terms.csv,t-7cd2433a1c,,tur-rg-2018-09-19-reg,legislation,found,ocr,Art. 1,"(d) bendinde yer alan “3.000.000 Amerikan Doları”, “Hazine Müsteşarlığınca” ibareleri sırasıyla “500.000 Amerikan Doları veya karşılığı döviz ya da karşılığı Türk Lirası”"
program_terms.csv,t-350d8eb806,,tur-rg-2017-05-05-reg,legislation,found,ocr,"p. 2, Art. 1",e) En az 1.500.000 Amerikan Doları tutarında gayrimenkul yatırım fonu katılma payı veya girişim sermayesi yatırım fonu katılma payı aldığı ve üç yıl süre ile elinde tuttuğu
program_terms.csv,t-f444eb8f1e,,tur-rg-2018-09-19-reg,legislation,found,ocr,Art. 1,(e) bendi “En az 500.000 Amerikan Doları veya karşılığı döviz ya da karşılığı Türk Lirası tutarında gayrimenkul yatırım fonu katılma payı veya girişim sermayesi yatırım fonu katılma payını en az üç yıl elinde tutma şartıyla satın aldığı
program_terms.csv,t-491cb14c72,,tur-rg-2022-05-13-reg,legislation,found,ocr,"Art. 2, new Art. 20(2)(f)","f) En az 500.000 Amerikan Doları veya karşılığı döviz tutarında katkı payını, kapsamı Sigortacılık ve Özel Emeklilik Düzenleme ve Denetleme Kurumu tarafından belirlenen fonlarda tutma ve üç yıl sistemde kalma şartıyla bireysel emeklilik sistemine yatırdığı"
program_terms.csv,t-e16c83ab63,,tur-rg-2017-01-12-reg,legislation,checked,text,"p. 2, Art. 1, new Art. 20(2)(b)",b) En az 1.000.000 Amerikan Doları tutarında taşınmazı tapu kayıtlarına üç yıl satılmaması şerhi koyulmak şartıyla satın aldığı
program_terms.csv,t-6ecd84b9d0,,tur-rg-2018-09-19-reg,legislation,found,ocr,Art. 1,(b) bendinde yer alan “1.000.000 Amerikan Doları” ibaresi “250.000 Amerikan Doları veya karşılığı döviz ya da karşılığı Türk Lirası” şeklinde
program_terms.csv,t-e39750919a,,tur-rg-2022-01-06-reg,legislation,found,ocr,"Art. 1, new Art. 20(2)(b) and (10)",b) En az 250.000 Amerikan Doları veya karşılığı döviz tutarındaki taşınmazı tapu kayıtlarına üç yıl satılmaması şerhi koyulmak şartıyla satın aldığı
program_terms.csv,t-a60c0bde9d,,tur-rg-2022-05-13-reg,legislation,loose,ocr,Art. 1 and Art. 3(a),(b) bendinde yer alan “250.000” ibareleri “400.000” şeklinde değiştirilmiştir. ... a) 1 inci maddesi yayımından 1 ay sonra
program_terms.csv,t-95f49947be,,tur-rg-2023-12-12-reg,legislation,found,ocr,Art. 1,“döviz tutarındaki kat mülkiyeti veya kat irtifakı kurulmuş ya da üzerinde yapı bulunan arsa vasıflı taşınmazı” şeklinde değiştirilmiştir
program_terms.csv,t-848d6c039f,,tur-rg-2018-12-07-reg,legislation,found,ocr,Art. 1,"kat mülkiyeti ya da kat irtifakı kurulmuş, en az 250.000 Amerikan Doları veya karşılığı döviz ya da karşılığı Türk Lirası tutarı peşin olarak yatırılan taşınmazın satışının vaat edildiğine dair noterden düzenlenen sözleşmenin üç yıl süreyle devri ve terkini yapılmayacağı taahhüdüyle tapu siciline şerh edildiği"
events.csv,e-255f41567d,,kna-canada-gazette-sor-2014-267,government,found,text,"Regulatory Impact Analysis Statement, Background","In 1984, St. Kitts and Nevis launched its Citizenship-by-Investment Program"
events.csv,e-ebb763f367,ok,dma-cbiu-brochure-2024,government,found,text,PDF p. 5,The Commonwealth of Dominica has had a Citizenship by Investment (CBI) Programme since 1993
events.csv,e-49afbb2f54,,grd-bestcitizens-2019,industry,no_copy,,opening section,"Grenada passed the Citizenship (Amendment) Act, 1997 was passed to make economic citizenship scheme more attractive"
events.csv,e-9e13f93ad4,,grd-un-ga-2001,government,found,text,"statement, section on fight against terrorism","the Government of Grenada has taken a decision to suspend indefinitely, the Economic Citizenship Program."
events.csv,e-147d2176a1,,grd-bestcitizens-2019,industry,no_copy,,section on Canada,"By Dec 2001, Canada revoked visa waiver agreement with Grenada citing security concerns with passports in circulation issued under Economic citizenship program"
events.csv,e-9096c63bde,,intl-wto-ds265-summary,international_org,found,text,Consultations,"On 27 September 2002, Australia and Brazil requested consultations with the European Communities concerning the export subsidies provided by the EC in the framework of its Common Organisation of the Market for the sugar sector."
events.csv,e-fb303b5d5c,,intl-wto-ds265-summary,international_org,found,text,Consultations,"On 14 March 2003, Thailand requested consultations with the European Communities on the same matter."
events.csv,e-7358b75a1e,,intl-wto-ds265-summary,international_org,found,text,Panel and Appellate Body proceedings,"On 8 September 2003, Australia, Brazil, St. Kitts and Nevis, Tanzania and Thailand reserved their third-party rights."
events.csv,e-e0ada74561,,intl-wto-ds265-summary,international_org,loose,text,Panel and Appellate Body proceedings,"the European Communities' exports of sugar had exceeded its annual commitment levels since 1995, and in particular since the marketing year 2000/2001."
events.csv,e-5eb0f91d65,,intl-wto-ds265-onepage,international_org,found,text,Section 2,The Appellate Body upheld the Panel's finding that the European Communities violated Arts. 3.3 and 8 by exporting C sugar
events.csv,e-acb265b3ed,,intl-wto-ds265-summary,international_org,found,text,Panel and Appellate Body proceedings,"At its meeting of 19 May 2005, the DSB adopted the Appellate Body report and the Panel report, as modified by the Appellate Body report."
events.csv,e-a2731232fb,ok,kna-sugar-imf-cr07141,imf,found,text,"PDF p. 6, para 1",The closure has required the government to service the debt of the sugar company (29 percent of GDP).
events.csv,e-d48cb09a6c,,kna-sugar-oecs-retraining-2005,international_org,found,text,"p. 5, Executive Summary","On 30 July 2005, the sugar industry in St. Kitts and Nevis was closed resulting in the release of over one thousand workers"
events.csv,e-732c58441b,,intl-wto-ds265-summary,international_org,found,text,Implementation of adopted reports,"the arbitrator determined that the reasonable period of time is 12 months and 3 days, expiring on 22 May 2006."
events.csv,e-1ffa2d359f,ok,kna-sugar-imf-cr1449,imf,found,text,"PDF p. 24, Table 1 note 8",8/ St. Kitts Sugar Manufacturing Company (SSMC) debt included in central government debt since 2006.
events.csv,e-76c07ee688,,intl-imf-wp-15-93,imf,found,text,"p. 22 (printed), Box 5","the SIDF was established in 2006 as an independent foundation, funded by contributions from the ECP, to support the development and diversification of the economy away from the sugar industry"
events.csv,e-c355e6e2f8,ok,kna-imf-wp-15-93,imf,found,text,"PDF p. 23, Box 5","the SIDF was established in 2006 as an independent foundation, funded by contributions from the ECP"
events.csv,e-b0be528093,,intl-eu-reg-266-2006,legislation,found,text,Title and Article 8,establishing accompanying measures for Sugar Protocol countries affected by the reform of the EU sugar regime
events.csv,e-01fc55bd3d,,intl-eu-reg-318-2006,legislation,found,text,Recital 9,Following the recent decisions on export subsidies of the World Trade Organisation Panel and the Appellate Body on EU export subsidies for sugar
events.csv,e-7cd1b5bb5e,,intl-eu-reg-1932-2006,legislation,found,text,"Recital 3, OJ L 405/23","Antigua and Barbuda, the Bahamas, Barbados, Mauritius, Saint Kitts and Nevis, and the Seychelles should be transferred to Annex II to Regulation (EC) No 539/2001."
events.csv,e-f273d2dabb,,intl-eu-dec-2007-627,legislation,found,text,"Article 1, OJ L 255/38",is hereby denounced on behalf of the Community with effect from 1 October 2009 with respect to [...] the Federation of Saint Kitts and Nevis
events.csv,e-74fd5050d3,,intl-ec-ip-09-846,eu,found,text,Press release text,"the agreements are provisionally applied from the date of today's signature, 28 May 2009."
events.csv,e-80d0e6f23a,,intl-eu-dec-2007-627,legislation,found,text,Article 1,with effect from 1 October 2009
events.csv,e-e70e40db04,ok,atg-cbi-act-2013,legislation,found,text,PDF p. 1 and p. 9,"Published in the Official Gazette Vol. XXXIII No. 20 dated 11th April, 2013."
events.csv,e-e83411b570,,grc-ypes-circular-13-2013,government,found,text,p. 1,στο ΦΕΚ 90 Α΄ δημοσιεύτηκε ο ν. 4146/2013 «Διαμόρφωση Φιλικού Αναπτυξιακού Περιβάλλοντος για τις Στρατηγικές και Ιδιωτικές Επενδύσεις και άλλες διατάξεις»
events.csv,e-47a5a09424,,grd-ima-web-2024,government,found,text,Overview,"The Citizenship by Investment Programme came into being in August 2013, when the Grenadian Parliament passed Act No. 15 of 2013"
events.csv,e-146cc3ce87,,grc-ypes-circular-15-2013,government,found,text,"p. 1, point (α)","Η άδεια διαμονής χορηγείται και σε περιπτώσεις που το τίμημα που είχε καταβληθεί κατά την αγορά του ακινήτου, ήταν μικρότερο των διακοσίων πενήντα (250.000) χιλιάδων ευρώ"
events.csv,e-ccd9bba659,,atg-cbi-regs-2013,legislation,found,ocr,PDF p. 7,"the proposed contribution of the family to the National Development Fund shall be $540,000"
events.csv,e-652aedbffe,ok,mlt-orgcem-ar-2014,government,found,text,PDF p. 14,These amendments were approved by the House of Representatives on the 12 November 2013.
events.csv,e-99bbc3105a,ok,grd-imf-ecf1-2014,imf,found,text,"PDF p. 41, text table 'Visa-Free Access for Selected ECCU Countries'",US              No         No        No        No
events.csv,e-b7fab90a97,ok,intl-ec-com-2019-12,eu,loose,text,"PDF p. 2, section 1 and fn 2","The European Parliament, in its Resolution of 16 January 2014, expressed concern that national schemes involving the ""direct or indirect outright sale"" of Union citizenship undermined the very concept of Union citizenship."
events.csv,e-8a4f35ff23,ok,mlt-orgcem-ar-2014,government,loose,text,PDF p. 6,committed to “include genuine links to Malta through the introduction of an effective residence status in Malta prior to the possibility to acquire Maltese naturalisation”
events.csv,e-2e701a91a0,,mlt-ln-2014-47,legislation,found,text,reg. 12,"The number of successful main applicants, excluding dependants, shall not exceed one thousand and eight hundred for the whole duration of the programme."
events.csv,e-78af3c8cf4,,intl-eu-reg-509-2014,legislation,found,text,"Recital 4, OJ L 149/67","The imposition of the visa requirement on the nationals of Dominica, Grenada, [...] Saint Lucia, [...] and Vanuatu is no longer justified."
events.csv,e-6bd08741b8,,intl-fincen-2014-a004,government,loose,text,p. 1,certain foreign individuals are abusing the Citizenship-by-Investment program sponsored by the Federation of St. Kitts and Nevis (SKN) to obtain SKN passports for the purpose of engaging in illicit financial activity
events.csv,e-973d3fab4a,,kna-fincen-advisory-2014,government,loose,text,p. 1,certain foreign individuals are abusing the Citizenship-by-Investment program
events.csv,e-7c3744c3fc,ok,grd-imf-ecf1-2014,imf,loose,text,"PDF p. 41, Annex II para 1","Most applicants to the Grenada's program so far originate from China, with the first new citizen from the program gained the Grenadian citizenship in August 2014."
events.csv,e-680b939283,ok,dma-sro37-2014,legislation,found,text,PDF p. 1,"(Gazetted 23rd October, 2014.)"
events.csv,e-753c51cd3f,,intl-can-ircc-kna-visa-2014,government,found,text,Notice text,Canada has implemented the visa requirement on St. Kitts and Nevis due to concerns about the issuance of passports and identity management practices within its Citizenship by Investment program.
events.csv,e-fc9f17bc72,,kna-canada-gazette-sor-2014-267,government,found,text,Regulatory Impact Analysis Statement,Failure to satisfy the criteria is due in large part to risks stemming from the country's Citizenship-by-Investment Program.
events.csv,e-22e5932684,,atg-ciu-web-iraq-2016,government,found,text,para 3,"According to a decision by the Cabinet of Antigua and Barbuda, at its meeting held on Thursday, 11th December 2014, the Restricted Country List"
events.csv,e-8d348b526d,ok,dma-imf-art4-2016,imf,found,text,"PDF p. 18, footnote 15",In 2015 the government revised the ECP by introducing a new real estate option that grants citizenship in exchange for making investments in Dominica.
events.csv,e-27a73521e9,ok,grd-imf-art4-2016,imf,found,text,"PDF p. 29, Box",the FRA of 2015 requires that 40 percent of proceeds from the CBI program into the NTF are saved to make contingency financing available in the event of a ND.
events.csv,e-a21178287d,ok,mlt-ndsf-ar-2025,government,found,text,PDF p. 5,On 6 January 2015 by means of Implementing Order S.L. 595.12 (“the Order”) the NDSF was established as a government agency
events.csv,e-95824428ed,ok,grd-imf-ecf2-2015,imf,found,text,"PDF p. 46, Annex, para 1",The sharing of the CBI receipts will start only after the ECF-supported program and will exclude the first US$15 million in annual CBI revenue.
events.csv,e-a82339f8ce,ok,grd-imf-ecf2-2015,imf,found,text,"PDF p. 73, MEFP",A Cabinet conclusion mandating the publication of the CBI statistics has been approved in May 2015 (a prior action for the review).
events.csv,e-62b3aca1dd,,intl-imf-wp-15-93,imf,found,text,Abstract,"The paper proposes a framework for managing inflows and savings from ECPs to contain macroeconomic risks, and it recommends the establishment of a sovereign wealth fund (SWF) where such revenues are large and persistent."
events.csv,e-abedb7e6e9,,intl-eu-impreg-2022-693,legislation,found,text,Recital 15,"the suspension should apply to all ordinary passports issued as of 25 May 2015, date on which Vanuatu started issuing a substantial number of passports in exchange for investment."
events.csv,e-b6e1871652,,intl-eu-dma-visa-waiver-2015,legislation,found,text,Final clauses,Done at Brussels on the twenty-eighth day of May in the year two thousand and fifteen.
events.csv,e-df322c84fb,,intl-eu-grd-visa-waiver-2015,legislation,found,text,Final clauses,Done at Brussels on the twenty-eighth day of May in the year two thousand and fifteen.
events.csv,e-6aba778974,,grd-eu-dec-2016-270,eu,found,text,Recital (2),the Agreement has been signed and is applied on a provisional basis as from 28 May 2015.
events.csv,e-c905ac6c52,,intl-eu-lca-visa-waiver-2015,legislation,found,text,Final clauses,Done at Brussels on the twenty-eighth day of May in the year two thousand and fifteen.
events.csv,e-4c5e813e50,,intl-eu-reg-2025-11,legislation,found,text,Recital 2,The visa exemption has applied to nationals of Vanuatu since 28 May 2015
events.csv,e-c825ed4de7,,atg-observer-2015-08-changes,media,no_copy,,paras 4-8,the removal of the requirement that the names of economic citizens be brought to Parliament every six months
events.csv,e-afd4accf66,,lca-cbi-act-2015,legislation,found,text,p. 23,"Passed in the Senate this 4th day of August, 2015."
events.csv,e-556abe08ed,ok,dma-imf-art4-2018,imf,found,text,PDF p. 8,"While Erika had caused severe damage, estimated at 96 percent of GDP"
events.csv,e-3026563ffe,ok,lca-ciu-ar-2021-22,government,found,text,PDF p. 14,"since it commenced receipt of citizenship applications on January 1st, 2016."
events.csv,e-1ef2b8e3a9,,tur-rg-2016-08-13-law6735,legislation,found,text,Art. 27(9),5901 sayılı Türk Vatandaşlığı Kanununun 12 nci maddesinin birinci fıkrasına (a) bendinden sonra gelmek üzere aşağıdaki bent eklenmiş
events.csv,e-0464722367,,lca-ciu-ar-2016-17,government,found,ocr,PDF p. 4 (OCR),"lowering the minimum donation to the National Economic Fund from US $200,000 to US $100,000"
events.csv,e-53e33fe962,,tur-rg-2017-01-12-reg,legislation,checked,text,"p. 2, Art. 1-2",MADDE 2- Bu Yönetmelik yayımı tarihinde yürürlüğe girer.
events.csv,e-5b7c88fb38,,tur-rg-2017-05-05-reg,legislation,found,ocr,"p. 2, Art. 1",En az 1.500.000 Amerikan Doları tutarında gayrimenkul yatırım fonu katılma payı
events.csv,e-7f5e6cabb7,,atg-ciu-web-canada-2017,government,found,text,para 1,"with effect from 5:30 am EDT on June 27, 2017, citizens of Antigua and Barbuda will need a visitor's visa"
events.csv,e-5274f2c119,,intl-atg-cip-canada-visa-2017,government,found,text,p. 1,"with effect from 5:30 am EDT on June 27, 2017, citizens of Antigua and Barbuda will need a visitor's visa/Temporary Resident Visa (TRV) to travel to Canada."
events.csv,e-f210635c96,,atg-ciu-web-disparities-2017,government,found,text,paras 1-4,"which subsequently emerged as Saturday's headline story, alleging disparities in the CIU's six-monthly reports"
events.csv,e-dd442bc68c,ok,lca-ciu-ar-2017-18,government,found,text,PDF p. 4,"from July 1, 2017 we joined the rest of our regional counterparts by introducing an incentive plan"
events.csv,e-fe8eb5f937,ok,dma-sro23-2017,legislation,found,text,PDF p. 1,"Commencing on the 1st day of September 2017, for a period of 12 months"
events.csv,e-3d88e72de7,ok,dma-imf-art4-2018,imf,found,text,PDF p. 2,"On September 18, 2017, category 5 Hurricane Maria hit Dominica"
events.csv,e-f89c8d84e4,,atg-ciu-ndf-change-2017,government,found,ocr,para 2,"the Unit will be accepting Citizenship by Investment (CIP) applications under the new investment structure as of 1st November, 2017"
events.csv,e-072ad07c7b,ok,dma-budget-address-2018-19,government,found,text,PDF p. 25,"A total of three thousand, eight hundred and fifty-three (3,853) new homes are already contracted to be built."
events.csv,e-e74a77df9c,,mlt-occrp-daphne-2018,media,no_copy,,paragraph 1,she’d been digging for months into the island’s hugely profitable “passports for sale” program
events.csv,e-7969be0f5d,,atg-cbi-regs-2018,legislation,found,ocr,PDF p. 4,"designate institutions of higher education where a person who desires to apply for Citizenship by Investment shall contribute not less than $150,000"
events.csv,e-f495a55c9e,,tur-rg-2018-09-19-reg,legislation,found,ocr,Art. 1-4,“1.000.000 Amerikan Doları” ibaresi “250.000 Amerikan Doları veya karşılığı döviz ya da karşılığı Türk Lirası” şeklinde
events.csv,e-5a6a7bc189,,intl-oecd-cbi-rbi-2018,international_org,found,text,List table and FAQ,"The OECD has analysed over 100 CBI/RBI schemes, offered by CRS-committed jurisdictions, identifying the following schemes that potentially pose a high-risk to the integrity of CRS."
events.csv,e-2b6c26a647,,tur-rg-2018-12-07-reg,legislation,found,ocr,Art. 1,noterden düzenlenen sözleşmenin üç yıl süreyle devri ve terkini yapılmayacağı taahhüdüyle tapu siciline şerh edildiği
events.csv,e-d9e86a0f21,,kna-sknis-pm-cbi-speech-2024-10-17,government,found,text,speech,The ill-conceived Team Unity Prison Project had resulted in tens of thousands of citizenships being issued from a single venture
events.csv,e-b193633853,,intl-ec-com-2019-12,eu,found,text,"p. 1, section 1","Such schemes have raised concerns about certain inherent risks, in particular as regards security, money laundering, tax evasion and corruption."
events.csv,e-97863b8f45,,grc-eu-com-2019-12,eu,found,text,"p. 2 (Introduction); p. 8, fn 37","Such schemes have raised concerns about certain inherent risks, in particular as regards security, money laundering, tax evasion and corruption."
events.csv,e-084ed5c67d,,mlt-ec-com-2019-12,eu,found,text,p. 21,"intend to increase the cap by another 1,800"
events.csv,e-12986a7d50,,atg-cbi-regs-2019,legislation,found,ocr,PDF pp. 4-5,"the Unit may allow two related parties, with a minimum investment of $200,000 each"
events.csv,e-5b749407a1,,lca-nef-act-2019,legislation,found,text,p. 1,"NEVILLE CENAC, Governor-General. July 2, 2019."
events.csv,e-d406d56402,ok,mlt-ndsf-ar-2020,government,found,text,"PDF p. 9, footnote","L.N 161 of 2020 published on the 24th April 2020 amended the proportion of contributions from the Individual Investor Programme which are to be allotted to the National Development and Social Fund under the principal regulations, from seventy percent (70%) to twenty percent (20%)."
events.csv,e-70210bd664,,lca-cbi-regs-2020a,legislation,found,text,p. 3-4,"(a) be made by the 31st day of December, 2020;"
events.csv,e-9f5aacd625,ok,mlt-orgcem-ar-2020,government,found,text,PDF p. 5,"on 31st July 2020 amendments were carried to the Malta Citizenship Act, Cap. 188, applications for the granting of citizenship in terms of the Individual Investor Programme were stopped"
events.csv,e-f087a79a00,,intl-ec-ip-20-1925,eu,found,text,Press release text,the European Commission is launching infringement procedures against Cyprus and Malta by issuing letters of formal notice regarding their investor citizenship schemes
events.csv,e-74b54b6374,,mlt-ec-ip-20-1925,eu,found,text,paragraph 1,"Today, the European Commission is launching infringement procedures against Cyprus and Malta by issuing letters of formal notice"
events.csv,e-1c97a6a187,ok,mlt-ln-2020-437,legislation,found,text,reg. on maximum number of admissions (PDF p. 16); date from legislation.mt metadata,"granted, excluding dependants, shall not exceed four hundred (400) per annum, and in any case the total accumulated amount of successful applicants excluding dependants shall not exceed one thousand five hundred (1,500)."
events.csv,e-ae198bc4be,ok,lca-ciu-ar-2021-22,government,found,text,"PDF p. 53, Note 16","By way of memo dated November 23, 2020 from the Office of the Prime Minister the Unit is instructed to remit excess cash to the Consolidated Fund"
events.csv,e-b8d39d9f96,,atg-cbi-regs-2020b,legislation,found,ocr,PDF p. 5,"allegiance or affirmation using zoom, skype or other similar audio-visual technology"
events.csv,e-c39edc3ff6,ok,grd-imf-art4-2023,imf,found,text,"PDF p. 13, footnote 6","In 2021, the ICSID accepted True Blue Development's request for arbitration with the government of Grenada over the construction of the Kimpton Kawana Bay Resort, which is a CBI approved project."
events.csv,e-c67c484110,ok,mlt-sl-217-26-2025,legislation,found,text,"PDF p. 28, reg. (transitory)","As from 29th March 2021, all new applications shall be governed by these regulations and no new application for a certificate may be made under the Malta Residence and Visa Programme Regulations."
events.csv,e-a4e924f082,,mlt-ec-ip-22-5422,eu,loose,text,paragraph 2,"The Commission sent an additional letter of formal notice to Malta on 9 June 2021, following the introduction of a new scheme at the end of 2020."
events.csv,e-77351eed3b,,tur-rg-2022-01-06-reg,legislation,found,ocr,"Art. 1, new para. (10)",döviz tutarları işlem öncesinde Türkiye’de faaliyet gösteren bir bankaya ve bu bankaca da Merkez Bankasına satılır
events.csv,e-f9b52688f4,,intl-ec-com-2023-730,eu,found,text,p. 37 (printed),the Commission welcomed the decision of March 2022 taken by all five Caribbean countries to suspend the examination of applications from Russian and Belarusian nationals
events.csv,e-03b4c3843a,,mlt-cjeu-c181-23,court,found,text,para 36,"On 2 March 2022, Malta suspended its 2020 investor citizenship scheme for Russian and Belarusian nationals until further notice"
events.csv,e-e3d6d91dd2,,intl-eu-dec-2022-366,legislation,found,text,Article 1,is hereby suspended as from 4 May 2022 as regards citizens of Vanuatu holding an ordinary passport issued by Vanuatu as of 25 May 2015.
events.csv,e-6f2b0cbb0c,,intl-ep-res-2022-0065,eu,found,text,"para 17 and fn 21, OJ C 347/103",Notes that a risk stems from third countries that have CBI schemes and that benefit from visa-free travel to the Union
events.csv,e-c7b86cade9,,intl-ec-ip-22-1731,eu,found,text,Press release text,the Commission is urging Member States to immediately repeal any existing investor citizenship schemes
events.csv,e-ee2198689a,,mlt-ec-ip-22-5422,eu,loose,text,paragraph 4,"On 6 April 2022, the Commission sent a reasoned opinion to Malta."
events.csv,e-2e6406247b,,intl-eu-impreg-2022-693,legislation,found,text,Article 1 and final article,It shall apply from 4 May 2022 to 3 February 2023.
events.csv,e-e7fedf25e4,,tur-rg-2022-05-13-reg,legislation,found,ocr,Art. 1-3,(b) bendinde yer alan “250.000” ibareleri “400.000” şeklinde değiştirilmiştir.
events.csv,e-1c9071882e,ok,grd-imf-art4-2023,imf,found,text,"PDF p. 21, para 24",highlighted weaknesses in Grenada's understanding of the ML/TF risk associated with legal persons and the CBI program.
events.csv,e-d009ae2b9b,,mlt-ec-ip-22-5422,eu,found,text,paragraph 1,"Today, the European Commission has decided to refer Malta to the Court of Justice of the European Union for its investor citizenship scheme"
events.csv,e-81bb036f20,,intl-eu-dec-2022-2198,legislation,found,text,Article 1,"is suspended in whole as regards nationals of Vanuatu, as from 4 February 2023."
events.csv,e-d2fde56828,ok,kna-mof-budget-address-2024,government,found,text,"PDF p. 9, para 15","The CBI dividend payment alone impacted about 17,500 individuals in its inaugural round."
events.csv,e-59f896c958,,intl-eu-delreg-2023-222,legislation,found,text,Article 1,The exemption from the visa requirement for all nationals of Vanuatu is suspended from 4 February 2023 to 3 August 2024
events.csv,e-3e054cb34c,,grc-law-5007-2022,legislation,found,text,art. 91-92,καθορίζεται σε πεντακόσιες χιλιάδες (500.000) ευρώ
events.csv,e-f2b4a92a19,,kna-sknis-new-cbi-regs-2022-12-27,government,found,text,article,"Effective January 1, 2023 , St. Kitts and Nevis will move to appoint a Professional Citizenship by Investment (CBI) Board of Governors."
events.csv,e-1d32612313,,lca-cbi-regs-2022b,legislation,found,text,p. 2-4,"These Regulations shall come into force on the 1st day of January, 2023."
events.csv,e-5e3bf8c19c,ok,grd-imf-art4-2023,imf,found,text,"PDF p. 12, footnote 5","In February 2023, the U.S. passed legislation that requires people who earned Grenada citizenship through the CBI program to live in Grenada for three years before being eligible to apply for access to the U.S. through the E-2 investment visa."
events.csv,e-9d181769e0,,intl-eccb-us-roundtable-2024,international_org,found,text,Release text,the Six CBI Principles agreed to by Caribbean Heads of Government in February 2023. [...] The first was held in St. Kitts and Nevis in February 2023
events.csv,e-11c53d34e1,,kna-sknis-pm-cbi-speech-2024-10-17,government,found,text,"speech, reform timeline","In February 2023, our Federation hosted the Historic US-Caribbean Roundtable on CBIs at the Park Hyatt."
events.csv,e-812ab0082d,,grd-nowgrenada-2023-09,media,no_copy,,final paragraph,comply with a request from the USA following the 25 February 2023 historic US-Caribbea[n] Roundtable
events.csv,e-e969a3e9cd,ok,grd-imf-art4-2023,imf,found,text,"PDF p. 12, footnote 5","In March 2023, Grenada suspended processing new Russian and Belarusian applications."
events.csv,e-0fe6428cc7,ok,grc-law-5038-2023,legislation,found,text,"PDF p. 68, art. 100 heading",Επενδύσεις σε ακίνητη περιουσία (μόνιμη άδεια διαμονής επενδυτή) (άδεια διαμονής «Τύπου Β.5»)
events.csv,e-026c1f3fbe,,kna-sknis-canada-partial-waiver-2023-06-06,government,found,text,article,the visa requirement imposed on nationals of St. Kitts and Nevis in 2014 has been partially lifted
events.csv,e-582d115bac,,intl-gbr-hc1715-em-2023,government,found,text,para 7.2,"Careful consideration of Dominica's and Vanuatu's operation of a citizenship by investment scheme has shown clear and evident abuse of the scheme, including the granting of citizenship to individuals known to pose a risk to the UK."
events.csv,e-18bfa50e55,,dma-uk-hcws979-2023,government,found,text,"Statement, para 3",Careful consideration of Dominica’s and Vanuatu’s operation of a citizenship by investment scheme has shown clear and evident abuse of the scheme
events.csv,e-2c5a2465db,,intl-gbr-hc1715-em-2023,government,found,text,para 6.3 and 7.2,"The changes to impose a visa regime on nationals of Dominica, Honduras, Namibia, Timor-Leste, and Vanuatu will come into effect at 1500 on 19 July 2023"
events.csv,e-458e8278e5,ok,kna-sro-26-2023,legislation,found,text,PDF p. 1,"[Published 27th July 2023, Extra Ordinary Gazette No. 44 of 2023]"
events.csv,e-303790206b,,kna-sro-27-2023,legislation,found,text,"p. 1, para 3","every citizen of, and persons ordinarily resident in, the following countries shall be excluded"
events.csv,e-bf87548704,ok,dma-budget-address-2023-24,government,found,text,PDF p. 45,"This levy will take effect from September 1, 2023"
events.csv,e-7fe047013c,,grd-nowgrenada-2023-09,media,no_copy,,para 2,"The overwhelming majority, maybe 90% of the applicants approved so far are in the area of Russian nationality"
events.csv,e-7505930440,,prt-law-56-2023,legislation,found,text,"p. 38, art. 42(1); p. 44, art. 55","Não são admitidos novos pedidos de autorização de residência para atividade de investimento, concedidos ao abrigo do disposto nas subalíneas i), iii) e iv)"
events.csv,e-dbb916831d,,dma-occrp-2023,media,no_copy,,Key findings,"More than 10,000 names appear to be undisclosed."
events.csv,e-7ceb714db6,,intl-ec-com-2023-730,eu,found,text,p. 37 (printed),"In certain cases, the cost per individual is as low as USD 100 000."
events.csv,e-b99af7cc7e,,tur-rg-2023-12-12-reg,legislation,found,ocr,Art. 1,kat mülkiyeti veya kat irtifakı kurulmuş ya da üzerinde yapı bulunan arsa vasıflı taşınmazı
events.csv,e-56e9867232,ok,lca-gov-budget-2024,government,found,text,PDF p. 53,"in December 2023, this government introduced an infrastructure option to complement the other funding options."
events.csv,e-c891e2682f,,grd-mof-press-ima-2025,government,found,text,p. 1,"extraordinary revenues collected in 2024, which resulted from a significant backlog of CBI applications—particularly from Russia and Belarus"
events.csv,e-e20f692c8d,ok,lca-gov-budget-2024,government,found,text,PDF p. 63-64,We agreed with every provision of the MOA except for the immediate increase of the minimum investment level.
events.csv,e-de2c117f8c,ok,dma-sro1-2024,legislation,found,text,PDF p. 3,"(Gazetted 25th January, 2024.)"
events.csv,e-e4cebff2e9,ok,grd-imf-art4-2024,imf,found,text,"PDF p. 8, footnote 1",The Grenada Citizenship by Investment Unit was rebranded to the Investment Migration Agency (IMA) in March 2024.
events.csv,e-6bccc10716,ok,grd-imf-art4-2024,imf,found,text,"PDF p. 15, Box 1","In March 2024, following consultations with the EU, Grenada was among the signatories of a regional Memorandum of Agreement to establish, inter alia, common standards for minimum CBI pricing and a regional CBI regulator."
events.csv,e-44840c88ac,,dma-oecs-moa-release-2024,international_org,found,text,"Release text, para 2","The MOA which was published in March 2024 aims to ensure mutual cooperation, information sharing and adherence to common standards of best practice, and regulatory oversight."
events.csv,e-02dd4bea8d,ok,kna-imf-art4-2025,imf,found,text,"PDF p. 64 (printed p. 60), Annex IX para 2","the ECCU countries signed a regional Memorandum of Agreement (MoA) in March 2024, including setting the minimum pricing of US$200,000"
events.csv,e-7dfed7e633,,tur-tkgm-ykt-degerleme-raporu,government,found,text,sections 'TTB Nedir?' and 'TADEBİS Nedir?',01/03/2024 tarihinde yürürlüğe giren Yabancıların Taşınmaz Edinimlerinde ve Bazı İşlemlerde Kullanılacak Değerleme Raporlarına İlişkin Usul ve Esaslar hakkındaki 2024/2 Sayılı Genelge
events.csv,e-c72dcfc801,,intl-oecs-cbi-moa-2024,government,found,ocr,Clause 2 (p. 2),"The Parties agree to increase and harmonize the minimum investment threshold of the CBIPs to an investment sum of two hundred thousand United States dollars (US$200,000), no later than 30 June 2024."
events.csv,e-240122aab3,,intl-imf-cr-24-93,imf,found,text,"Policy recommendations, ""Adopt common CBI program standards""",minimum pricing benchmarks to avoid a revenue-erosive race-to-the-bottom competition
events.csv,e-a6caccda27,,grc-law-5100-2024-consolidated,legislation,found,text,"p. 1-2, 5",καθορίζονται σε οκτακόσιες χιλιάδες (800.000) ευρώ
events.csv,e-c2fbb61f39,,grc-law-5100-2024-consolidated,legislation,found,text,"p. 4, para 7A",απαγορεύεται να εκμισθώνονται βραχυχρόνια στο πλαίσιο της οικονομίας του διαμοιρασμού
events.csv,e-8a8de3a5d8,ok,intl-ec-com-2024-366,eu,found,text,PDF p. 2,"Vanuatu has been the first – and so far, only – country for which the visa suspension mechanism has been activated"
events.csv,e-c24c6a2af8,,intl-oecs-cbi-moa-2024,government,checked,ocr,"p. 7, signature block Party E",Party E. – Saint Lucia [...] Date: 3.06.24
events.csv,e-9a69b1a939,,kna-act-11-2024,legislation,found,text,p. 10,"Passed by the National Assembly this 14th day of June, 2024."
events.csv,e-5a59599f3e,,atg-imidaily-2024-06,industry,no_copy,,body text,executed between five heads of governments of OECS territories operating CIPs
events.csv,e-530421ac1c,ok,dma-sro8-2024,legislation,found,text,PDF p. 3,"(Gazetted 28th June, 2024.)"
events.csv,e-e6a98f32ca,,grd-sro-12-2024,legislation,found,text,reg. 1(2),These Regulations shall come into force on the first day of July 2024.
events.csv,e-92b2b10560,,intl-oecs-moa-implementation-2024,international_org,found,text,Release text,"With effect from July 01, 2024 , all countries have agreed that the minimum price for any CBI options shall be US$200,000 ."
events.csv,e-325c5a6855,,dma-oecs-moa-release-2024,international_org,found,text,"Release text, para 3","With effect from July 01, 2024, all countries have agreed that the minimum price for any CBI options shall be US$200,000."
events.csv,e-81e6e3b418,,lca-cbi-regs-2024b,legislation,found,text,p. 3,"These Regulations are deemed to have come into force on the 1 day of July, 2024."
events.csv,e-f9160e3f50,,grd-ima-circular-3-2024,government,found,text,Circular No. 3 of 2024,"the Agency has decided to extend the application submission deadline to July 12, 2024."
events.csv,e-b67384f3af,ok,kna-sro-20-2024,legislation,found,text,"PDF p. 13, reg. 21(2)(a)","US$250,000 (Two Hundred and Fifty Thousand United States Dollars) for a main applicant or a family with up to four total persons"
events.csv,e-e9814d01d6,,atg-cbi-regs-2024,legislation,found,ocr,"PDF pp. 6-7, 9",No applications based on a Limited Time Offer incentive offered by the Unit shall be accepted after the 31st July 2024 at 11:59 p.m.
events.csv,e-322d5771f6,ok,kna-audit-report-2024,government,found,text,PDF p. 20,"The Citizenship by Investment Unit, as a department of the government, was closed with effect from August 9th 2024."
events.csv,e-5222fda4f1,ok,mlt-orgcem-ar-2024,government,found,text,PDF p. 29,"He recommended dismissing the Commission’s action, affirming member states’ exclusive right to determine nationality unless it compromises EU principles."
events.csv,e-626f14721d,ok,kna-mof-budget-address-2025,government,found,text,"PDF p. 22, para 38","increased applications, and record-breaking revenue since the restructuring on 1 October"
events.csv,e-18ce1ecad2,,tur-nordicmonitor-2024-10-14,media,no_copy,,para. 1,present a national security risk
events.csv,e-aced6265d4,,kna-sknis-pm-cbi-speech-2024-10-17,government,found,text,speech,Saint Kitts and Nevis was on the brink of losing that precious visa-free access.
events.csv,e-ea069eb3ef,ok,kna-sro-43-2024,legislation,found,text,PDF p. 1,"[Published 25 th October 2024, Extra-Ordinary Gazette No. 66 of 2024]"
events.csv,e-a797d8433e,,tur-tbmm-pbk-2024-11-20,legislation,found,text,p. 99,"ilk defa söylüyorum: 159.433 yabancı yatırım yaparak, istisnai olarak Türk vatandaşlığını kazanmıştır"
events.csv,e-4dc7c828c1,,intl-eu-reg-2025-11,legislation,found,text,Article 1,"in Part 1 of Annex I, the following entry is inserted after the entry 'Uzbekistan': 'Vanuatu'"
events.csv,e-3034682913,,grc-law-5100-2024-consolidated,legislation,found,text,p. 5-6,παρατάθηκε μέχρι την 28η Φεβρουαρίου 2025 με την παράγραφο 1 του άρθρου 37 του ν. 5167/2024
events.csv,e-1ecc9fb0db,,grd-mof-budget-2025,government,found,text,"p. 32, section 6.4.4.2",this government in the coming weeks will pass amended regulations to reduce by 70% all fees that are to be paid by local Grenadian-developers
events.csv,e-1a2e8731cb,ok,grd-imf-art4-2025,imf,found,text,"PDF p. 10, para 4",the ECCU is enacting a common legislation to establish a new regional CBI regulator.
events.csv,e-10f52a6a6b,ok,lca-ciu-ar-2024-25,government,found,text,PDF p. 11,The Unit instructed all marketing partners to discontinue the promotion of visa free access
events.csv,e-86b80fa639,,kna-imidaily-2025-04-08,media,no_copy,,article,failed to pay the statutory minimum investment required
events.csv,e-69c0d4e57d,,esp-moncloa-2025-04-02,government,found,text,para 2,El Gobierno de España pone fin este jueves 3 de abril a la concesión de permisos de residencia vinculados a inversiones inmobiliarias de más de 500.000 euros
events.csv,e-25af2b618a,,esp-boe-lo-1-2025,legislation,found,text,"p. 261, disposición final vigesimoprimera; p. 272, disposición final trigésima octava","Uno. Se dejan sin contenido los artículos 63, 64, 65, 66 y 67."
events.csv,e-5e57aff286,,intl-cjeu-c181-23,court,found,text,"Operative part, p. 22",which establishes a transactional naturalisation procedure in exchange for predetermined payments or investments and thus amounts to the commercialisation of the grant of the nationality of a Member State
events.csv,e-3f6d38cc83,,mlt-cjeu-c181-23,court,found,text,para 100; operative part,"A programme of that sort amounts to the commercialisation of the granting of the status of national of a Member State and, by extension, Union citizenship"
events.csv,e-724ed67a0f,,mlt-cma-pr-2025-07-23,government,found,text,paragraph 2,"the Granting of Citizenship for Exceptional Services programme has been discontinued, and all references to the programme, the transaction itself, and the agents involved have been removed."
events.csv,e-01d186469d,,mlt-act-xxi-2025,legislation,found,text,s. 11 (new art. 27(4)),"shall not apply in respect of any applications for the granting of Maltese citizenship by naturalisation filed in accordance with article 10(9) of the Act, before the coming into force of this Act"
events.csv,e-0ee9587994,,mlt-cma-notice-2025-09-02,government,found,text,paragraph 2,Subsidiary legislation 188.06 was amended in order to provide for processes and requirements to regulate the granting of citizenship by naturalisation on the basis of merit.
events.csv,e-a84fc0ab7f,ok,intl-ec-swd-2025-429,eu,found,text,PDF p. 37,"In August 2025, the five Caribbean countries jointly notified the Commission of the establishment of a regional regulator for the operation of investor citizenship schemes."
events.csv,e-f67a7aa0f0,ok,kna-ec-swd-2025-429,eu,found,text,PDF p. 37,"In August 2025, the five Caribbean countries jointly notified the Commission of the establishment of a regional regulator"
events.csv,e-45f17496d0,,tur-tbmm-pbk-2025-11-17,legislation,found,text,p. 88,19 ilde eş zamanlı bir operasyon düzenledik 24/9/2025'te.
events.csv,e-ef98e04dd3,,tur-tbmm-bakan-q-2025-09,legislation,found,text,p. 1,bugüne kadar bu konuyla ilgili sorduğum tüm sorularım yanıtsız bırakılmıştır
events.csv,e-ceabf3e974,ok,dma-budget-address-2026-27,government,found,text,PDF p. 32,"The Eastern Caribbean Citizenship by Investment Regulatory Authority Act, passed by Parliament last October"
events.csv,e-f48d0d61a5,,lca-cbi-act-amend-2025,legislation,found,text,p. 3-4,"This Act may be cited as the Citizenship by Investment (Amendment) Act, 2025."
events.csv,e-20cb79262d,ok,intl-eu-reg-2025-2441,legislation,found,text,"Article 1, new Article 8a(1)(e) of Regulation 2018/1806, PDF p. 6","(e) the operation, by a third country listed in Annex II, of an investor citizenship scheme under which citizenship is granted to a person, in exchange for pre-determined payments or investments, without that person having any genuine link to that third country;"
events.csv,e-ff2a74727e,,kna-ciu-chairman-update-2025-12,government,found,text,p. 1,"Looking ahead to 2026, the Programme will commence its transition away from contribution-based pathways."
events.csv,e-0638573c80,ok,dma-eu-reg-2025-2441,eu,found,text,"PDF p. 6, Article 1","the operation, by a third country listed in Annex II, of an investor citizenship scheme"
events.csv,e-d1bd0534c0,,atg-ciu-web-sanders-2025-12,government,found,text,paras 1-4,"following the issuance of the United States Proclamation entitled “Restricting and Limiting the Entry of Foreign Nationals to Protect the Security of the United States,” issued on 16 December 2025"
events.csv,e-2aa26a4c56,,intl-usa-proc-10998-2025,legislation,found,text,"Sec. 5(b), FR p. 59724",(i) Antigua and Barbuda has historically had CBI without residency.
events.csv,e-2af532d952,,intl-usa-proc-10998-2025,legislation,found,text,"Sec. 5(e), FR p. 59724",(i) Dominica has historically had CBI without residency.
events.csv,e-04138135f1,ok,kna-mof-budget-address-2026,government,found,text,"PDF p. 39, para 126",approximately 31.3 percent largely attributable to the shortfall in receipts from the CBI Programme.
events.csv,e-1ff82f9350,,lca-nafsa-2025-12,ngo,no_copy,,list of partial restrictions,"Angola, Antigua and Barbuda, Benin, Burundi, Cote d 'Ivoire, Cuba, Dominica, Gabon"
events.csv,e-342d4b735c,ok,dma-crs-in12631-2025,government,found,text,PDF p. 3,"the December one includes countries (i.e., Antigua and Barbuda and Dominica) on the basis of their offering citizenship by investment programs"
events.csv,e-e56f9216ce,,grd-eu-vsm8-2025,eu,found,text,p. 15 (Recommendations: Eastern Caribbean countries),constitutes a potential ground for the suspension of visa-free travel under the revised Visa Suspension Mechanism.
events.csv,e-fd34b6d8dd,ok,intl-ec-com-2025-792,eu,found,text,"p. 15 (printed), PDF p. 16",constitutes a potential ground for the suspension of visa-free travel under the revised Visa Suspension Mechanism.
events.csv,e-01441be878,,atg-ciu-web-visa-bond-2026-01,government,found,text,para 3,while Antigua and Barbuda has been included in a U.S. Visa Bond Pilot Program
events.csv,e-bb35197917,,intl-kna-ciu-fincen-rescission-2026,government,found,text,Release text,"The advisory, which had been in place since 2014, was formally removed on 24 February 2026"
events.csv,e-5c19f18390,,kna-ciu-fincen-rescission-2026,government,found,text,press release,"The advisory, which had been in place since 2014, was formally removed on 24 February 2026"
events.csv,e-04c50d7c2a,,lca-cbi-regs-2026,legislation,found,text,p. 17,"Applicant and            US$500,000"
events.csv,e-935a141a61,ok,atg-imf-art4-2026,imf,found,text,"PDF p. 16, para 25",an agreement establishing an independent regulator for the industry has been enacted into law in Antigua and Barbuda
events.csv,e-6af7d27ff2,,tur-kronos-2026-08-08,media,no_copy,,section '174 bin kişiye yatırım karşılığı vatandaşlık',toplam 174 bin 567 kişi bu kapsamda Türk vatandaşlığı kazanmıştır
events.csv,e-62b182e13c,,dma-searchlight-2026-07,media,no_copy,,Article text,"The five Eastern Caribbean states with active Citizenship by Investment (CBI) Programmes, have been given until June 1, 2028 to phase out their programmes."
events.csv,e-98ffaea86c,,atg-imidaily-2026-07,industry,no_copy,,body text,has threatened that they could withdraw their visa-free access potentially by the end of the year
events.csv,e-58f039c1d6,,tur-kronos-2026-08-08,media,no_copy,,para. 2-3,Bu yolla 687 kişinin usulsüz vatandaşlık kazandığı açıklandı.
events.csv,e-6bf44becaf,,tur-hurriyet-2026-08-04,media,no_copy,,quoted Ministry statement,toplamda 1413 yatırımcı ve aile fertleri ile birlikte 6 bin 134 kişinin vatandaşlık kazanma kararı
events.csv,e-1c1fac0847,,tur-milliyet-2026-09-21,media,no_copy,,prosecutor and Justice Minister statements,274 satış işleminin muvazaalı olduğu tespit edilmiştir
