obs_id,source_id,indicator,period,status,result,final,first_value,first_scale,first_location,second_value,second_scale,second_page,second_column,second_confidence,second_round,second_verbatim,second_comment,resolution_note
o-fb4a2e6795,grd-mof-mtefs-2025,cbi_fiscal_revenue,2023,actual,differ,both_in_document,458.3,million,"p. 19, Table 4 'IMA Revenues 2023 and 2024: Old vs New Format'",381.6,million,p. 19,2023 Old Format (CBI Fees Net),medium,2,"Table 4 'IMA Revenues 2023 and 2024: Old vs New Format', IMA Revenues row, 2023 Old Format (CBI Fees Net) = 381.6; New Format = 458.3","Table gives two figures for 2023 IMA Revenues depending on accounting treatment (Old Format 'CBI Fees Net' = 381.6, New Format = 458.3), both labeled as actual outturns, not budget vs actual. I picked 381.6 because it matches the 'o/w IMA Revenues' figure shown in Table 3 (p.18) for 2023. If the intended figure is the restated/New Format number, it would be 458.3 instead.","Table 4 prints both formats for 2023: 381.6 (old, fees net) and 458.3 (new, gross). This row is the new format; the old-format figure is its own row."
o-d5a4175d95,lca-ciu-ar-2015-16,cbi_unit_revenue,FY2015/16,actual,differ,both_in_document,570000,1,"PDF p. 30, s. 11.1","569,747",1,PDF p. 30,"Table 1, 'Total' row, Actual 2016 EC$",high,2,"Table 1. Total  Actual 2016 EC$ 569,747 / Budget 2016 EC$ 542,700 / Inc.(Dec) 27,047","Narrative text above the table rounds this to '$570 000' ('The total revenue earned for 2016 is $570 000 exceeding budget by 5%'). Table 1's exact 'Total' Actual-2016 figure (569,747) is reported here as the precise printed number for cbi_unit_revenue/actual; 542,700 is the budget column and 27,047 the variance.","The narrative rounds to $570 000; Table 1 gives the exact total, 569,747. Row quotes the narrative."
o-65d3d1d35b,lca-ciu-ar-2021-22,cbi_unit_revenue,FY2021/22,actual,differ,both_in_document,54169344,1,PDF p. 28,"54,154,643",1,PDF p. 28,'Total revenue from ordinary activities' / 'operating income',high,2,"Total revenue from ordinary activities is EC$54,154,643 compared to EC$33,447,599 in 2020/21. This represents a 62% increase over the prior year.","Confirmed by the 'Revenue 2021/2022' table on p.29 whose Total row for March 2022 is also 54,154,643. Note the same paragraph separately states 'Overall gross revenue earned is EC$54,169,344' (a different, slightly higher figure, 14,701 more) - operating income/total revenue from ordinary activities (54,154,643) is the closer match to 'Operating revenue of the agency' per the indicator definition.","The report is inconsistent: the text says gross revenue EC$54,169,344, while the revenue table and operating-income sentence give 54,154,643. Row quotes the text."
o-b58cf5842f,lca-ciu-ar-2022-23,cbi_transfers_to_government,FY2022/23,actual,not_found,both_in_document,41371397,1,PDF p. 7 (Chairman),,1,PDF p. 7,"Chairman's Foreword narrative, amounts remitted to Government",low,2,"...remitted to the Government and People of Saint Lucia...namely, the National Economic Fund (NEF) totaling EC $41,371,397 and the Covid-19 Government Bonds totaling EC $42,295,519.","The source gives two separate remitted amounts, not one combined total: NEF EC$41,371,397 and Covid-19 Government Bonds EC$42,295,519 (sum = EC$83,666,916, but this sum is not printed anywhere as such). No consolidated 'transfers to government' figure was found elsewhere in the document (checked pp.20-24 investment-contribution section and the liabilities/payables note on p.34, which shows amounts still OWED/payable to government rather than remitted). Candidates: 41,371,397 (NEF only), 42,295,519 (Covid-19 Bonds only), or 83,666,916 (sum of both, not printed as a single figure).","The foreword gives NEF EC$41,371,397 and COVID-19 bonds EC$42,295,519 separately; this row is the NEF figure only (see row notes)."
o-f32ac906bf,atg-ciu-6m-2017h2,passports_issued,2014,actual,differ,first_correct,233,1,"PDF p. 12, Appendix IV (pie chart, image)",293,1,PDF p. 12,2014,medium,1,"Pie chart 'Number of Citizenship Passports issued under the Citizenship Programme by Year, Inception to 30th June 2017': 2014 slice labeled 293",Appendix IV. Value read from a 3D pie-chart image label; digits partly cut by chart curvature.,"Label on the dark slice is barely legible in the scan, but 233 + 401 + 314 + 321 = 1,269, the report's own total of applications since inception; 293 would not add up."
o-2ebbc56eee,dma-imf-art4-2017,cbi_fiscal_revenue,FY2016/17,projection,differ,first_correct,136.0,million,"PDF p. 38, Table 5a (Statement of Operations of the Central Government, Active Scenario, EC$ millions), row ""Of which: CBI""",133.9,million,PDF p. 38,2017 (fiscal year ending June 2017 = FY2016/17),high,1,"Table 5a (In millions of EC Dollars), row 'Of which: CBI', 2017 column = 133.9",Fiscal year (July-June) basis per table footnote; column labeled '2017' represents FY2016/17.,"Footnote 2: figures for a given year relate to the fiscal year beginning 1 July of that year, so column 2016 = FY2016/17. Second reader used the opposite convention."
o-edb5294600,dma-imf-art4-2017,cbi_fiscal_revenue_pct_gdp,FY2015/16,estimate,differ,first_correct,5.2,1,"PDF p. 39, Table 5b (percent of GDP), row ""Of which: CBI""",9.4,1,PDF p. 39,2016 (fiscal year ending June 2016 = FY2015/16),high,1,"Table 5b (In percent of GDP), row 'Of which: CBI', 2016 column = 9.4",,"Footnote 2: figures for a given year relate to the fiscal year beginning 1 July of that year, so column 2016 = FY2016/17. Second reader used the opposite convention."
o-687ecd3a24,dma-imf-art4-2017,cbi_fiscal_revenue_pct_gdp,FY2016/17,projection,differ,first_correct,9.4,1,"PDF p. 39, Table 5b (percent of GDP), row ""Of which: CBI""",8.9,1,PDF p. 39,2017 (fiscal year ending June 2017 = FY2016/17),high,1,"Table 5b (In percent of GDP), row 'Of which: CBI', 2017 column = 8.9",,"Footnote 2: figures for a given year relate to the fiscal year beginning 1 July of that year, so column 2016 = FY2016/17. Second reader used the opposite convention."
o-c3250a9f83,dma-imf-art4-2018,cbi_fiscal_revenue,FY2012/13,estimate,differ,first_correct,50.7,million,"PDF p. 35, Table 3a (Statement of Operations of the Central Government, EC$ millions)",57.1,million,PDF p. 35,2012,high,1,"Citizenship-by-Investment (Other nontax revenue, of which): 57.1","Table 3a, column headed 2012 = FY2012/13 per footnote 2 (fiscal year July-June).","Second reader took the line above ('Other nontax revenue, of which:'); the 'Citizenship-by-Investment' line gives the first reading's values."
o-3a3e089c7e,dma-imf-art4-2018,cbi_fiscal_revenue,FY2013/14,estimate,differ,first_correct,49.7,million,"PDF p. 35, Table 3a (Statement of Operations of the Central Government, EC$ millions)",55.7,million,PDF p. 35,2013,high,1,"Citizenship-by-Investment (Other nontax revenue, of which): 55.7",Column 2013 = FY2013/14.,"Second reader took the line above ('Other nontax revenue, of which:'); the 'Citizenship-by-Investment' line gives the first reading's values."
o-5176a8270d,dma-imf-art4-2018,cbi_fiscal_revenue,FY2014/15,estimate,differ,first_correct,23.0,million,"PDF p. 35, Table 3a (Statement of Operations of the Central Government, EC$ millions)",29.4,million,PDF p. 35,2014,high,1,"Citizenship-by-Investment (Other nontax revenue, of which): 29.4",Column 2014 = FY2014/15.,"Second reader took the line above ('Other nontax revenue, of which:'); the 'Citizenship-by-Investment' line gives the first reading's values."
o-075753e0ea,dma-imf-art4-2018,cbi_fiscal_revenue,FY2015/16,estimate,differ,first_correct,72.7,million,"PDF p. 35, Table 3a (Statement of Operations of the Central Government, EC$ millions)",30.9,million,PDF p. 35,2015,high,1,"Citizenship-by-Investment (Other nontax revenue, of which): 30.9",Column 2015 = FY2015/16.,"Second reader took the line above ('Other nontax revenue, of which:'); the 'Citizenship-by-Investment' line gives the first reading's values."
o-148bf28430,dma-imf-art4-2018,cbi_fiscal_revenue,FY2016/17,estimate,differ,first_correct,331.8,million,"PDF p. 35, Table 3a (Statement of Operations of the Central Government, EC$ millions)",336.5,million,PDF p. 35,2016,high,1,"Citizenship-by-Investment (Other nontax revenue, of which): 336.5",Column 2016 = FY2016/17.,"Second reader took the line above ('Other nontax revenue, of which:'); the 'Citizenship-by-Investment' line gives the first reading's values."
o-420077f35e,dma-imf-art4-2018,cbi_fiscal_revenue,FY2017/18,estimate,differ,first_correct,195.0,million,"PDF p. 35, Table 3a (Statement of Operations of the Central Government, EC$ millions)",254.1,million,PDF p. 35,2017 Proj.,high,1,"Citizenship-by-Investment (Other nontax revenue, of which): 254.1",Column 2017 = FY2017/18; table header marks 2017-2023 as 'Projected'.,"Second reader took the line above ('Other nontax revenue, of which:'); the 'Citizenship-by-Investment' line gives the first reading's values."
o-9f00f03a73,dma-imf-art4-2018,cbi_fiscal_revenue,FY2018/19,projection,differ,first_correct,107.9,million,"PDF p. 35, Table 3a (Statement of Operations of the Central Government, EC$ millions)",112.8,million,PDF p. 35,2018 Proj.,high,1,"Citizenship-by-Investment (Other nontax revenue, of which): 112.8",Column 2018 = FY2018/19; projected.,"Second reader took the line above ('Other nontax revenue, of which:'); the 'Citizenship-by-Investment' line gives the first reading's values."
o-9fecbe5a70,dma-imf-art4-2018,cbi_fiscal_revenue_pct_gdp,FY2012/13,estimate,differ,first_correct,3.8,1,"PDF p. 36, Table 3b (percent of GDP)",4.3,1,PDF p. 36,2012,high,1,"Citizenship-by-Investment (Other nontax revenue, of which), percent of GDP: 4.3","Table 3b, column 2012 = FY2012/13.","Second reader took the line above ('Other nontax revenue, of which:'); the 'Citizenship-by-Investment' line gives the first reading's values."
o-fa1685a26e,dma-imf-art4-2018,cbi_fiscal_revenue_pct_gdp,FY2013/14,estimate,differ,first_correct,3.6,1,"PDF p. 36, Table 3b (percent of GDP)",4.0,1,PDF p. 36,2013,high,1,Citizenship-by-Investment percent of GDP: 4.0,Column 2013 = FY2013/14.,"Second reader took the line above ('Other nontax revenue, of which:'); the 'Citizenship-by-Investment' line gives the first reading's values."
o-68bf6356f4,dma-imf-art4-2018,cbi_fiscal_revenue_pct_gdp,FY2014/15,estimate,differ,first_correct,1.6,1,"PDF p. 36, Table 3b (percent of GDP)",2.0,1,PDF p. 36,2014,high,1,Citizenship-by-Investment percent of GDP: 2.0,Column 2014 = FY2014/15.,"Second reader took the line above ('Other nontax revenue, of which:'); the 'Citizenship-by-Investment' line gives the first reading's values."
o-b020814ad6,dma-imf-art4-2018,cbi_fiscal_revenue_pct_gdp,FY2015/16,estimate,differ,first_correct,4.8,1,"PDF p. 36, Table 3b (percent of GDP)",6.0,1,PDF p. 36,2015,high,1,Citizenship-by-Investment percent of GDP: 6.0,Column 2015 = FY2015/16.,"Second reader took the line above ('Other nontax revenue, of which:'); the 'Citizenship-by-Investment' line gives the first reading's values."
o-8e312a66b8,dma-imf-art4-2018,cbi_fiscal_revenue_pct_gdp,FY2016/17,estimate,differ,first_correct,21.6,1,"PDF p. 36, Table 3b (percent of GDP)",21.9,1,PDF p. 36,2016,high,1,Citizenship-by-Investment percent of GDP: 21.9,Column 2016 = FY2016/17.,"Second reader took the line above ('Other nontax revenue, of which:'); the 'Citizenship-by-Investment' line gives the first reading's values."
o-77282f3b91,dma-imf-art4-2023,cbi_fiscal_revenue,FY2022/23,projection,differ,first_correct,323.6,million,"PDF p. 35, Table 3a (Statement of Operations of the Central Government)",337.5,million,PDF p. 35,"2022 (FY2022/23, Projected)",high,1,"Table 3a, Other nontax revenue, of which: Citizenship-by-Investment: 337.5 (2022 column)",Fiscal year (July-June) basis per footnote 2; the column labeled '2022' corresponds to FY2022/23. Column headers show 2021 as 'Prel.' and 2022-2028 as 'Projected'.,"Second reader took the line above ('Other nontax revenue, of which:'); the 'Citizenship-by-Investment' line gives the first reading's values."
o-de4c14115b,dma-imf-art4-2026,cbi_fiscal_revenue,FY2025/26,projection,differ,first_correct,569.9,million,"PDF p. 35, Table 3a (Statement of Operations of the Central Government)",569.4,million,PDF p. 35,2025 Proj. (=FY2025/26),high,1,"Citizenship-by-Investment row, 2025 (Proj.) column: 569.4",,"Second reader took the line above ('Other nontax revenue, of which:'); the 'Citizenship-by-Investment' line gives the first reading's values."
o-fc1babb747,dma-imf-art4-2026,cbi_fiscal_revenue_pct_gdp,FY2025/26,projection,differ,first_correct,27.5,1,"PDF p. 36, Table 3b (in percent of GDP)",25.0,1,PDF p. 36,2025 Proj. (=FY2025/26),high,1,"Citizenship-by-Investment row, 2025 (Proj.) column: 25.0",,"Second reader took the line above ('Other nontax revenue, of which:'); the 'Citizenship-by-Investment' line gives the first reading's values."
o-b925ba4be5,grd-imf-art4-2024,cbi_fiscal_revenue,2020,estimate,differ,first_correct,17.3,million,"PDF p. 35, Table 3a, memorandum item 'Government CBI revenue (millions of EC$)'",17.2,million,PDF p. 35,2020,medium,1,"Memorandum items: Government CBI revenue (millions of EC$): 17.2 (2020 column), Table 3a","Cross-checked against Table 1's Government CBI revenue (Percent of GDP) 2020=0.6% and nominal GDP 2,817 -> 17.2/2817=0.61%, consistent.","Table 3a memo line reads 8.0, 17.3 for 2019, 2020 (text layer and page agree)."
o-ae9124f1d9,intl-eu-impreg-2022-693,applications_rejected,2020,reported,not_found,first_correct,1,1,"recital 7, OJ L 129/19",one,1,"PDF p. 2 (OJ L 129/19), recital 8",by end of 2020,medium,1,'...by the end of 2020 the Vanuatu authorities had rejected only one application.',Not found in recital 7 as the location states; found instead in recital 8 on the same page (OJ L 129/19). Value is spelled out as 'one' in the text (=1 application).,The number is written as a word ('one'); same value. Location corrected to recital 8.
o-9299dbe752,lca-imf-art4-2017,cbi_fiscal_revenue,FY2017/18,projection,differ,first_correct,16.0,million,"PDF p. 32, Table 2a",10.0,million,"PDF p. 32, Table 2a","2017 / Other revenue > Sales, fees and fines, o.w. Citizen by Investment Program (CIP)",high,1,o.w. Citizen by Investment Program (CIP): 2017 10.0 (In millions of EC Dollars),"Column '2017' = FY2017/18 under this series' 'fiscal year beginning April 1 of that year' convention (per the companion 2019 report's footnote wording); falls under the table's 'Projections' bracket, consistent with status=projection.","Columns are 2013-2016, Budget, 2017, 2018...; column 2017 (= FY2017/18, fiscal year beginning 1 April) reads 16.0. The second reader took the 2018 column (10.0)."
o-af335cc48a,lca-imf-art4-2024,cbi_fiscal_revenue_pct_gdp,FY2022/23,actual,differ,first_correct,1.0,1,"PDF p. 28, Table 2",1.9,percent_of_gdp,"PDF p. 28, Table 2","2022 / Other revenue, o.w. Citizen by Investment Program (CIP), percent of GDP",high,1,o.w. Citizen by Investment Program (CIP): 2022 1.9 (In percent of GDP),"Footnote 1: 'Fiscal year (April-March) basis. Figures shown for a given calendar year relate to the fiscal year beginning on April 1 of that year.' Column '2022' = FY2022/23. Column sits before the 'Est.' (2024) and 'Projections' (2025-2029) columns, consistent with status=actual.","Table 2 'o.w. Citizen by Investment Program (CIP)' reads 0.5, 0.8, 1.0, 0.7, 0.8 for 2020-2024; the second reader took the 'Other revenue' line."
o-f36cb8cec8,lca-imf-art4-2024,cbi_fiscal_revenue_pct_gdp,FY2023/24,actual,differ,first_correct,0.7,1,"PDF p. 28, Table 2",1.8,percent_of_gdp,"PDF p. 28, Table 2","2023 / Other revenue, o.w. Citizen by Investment Program (CIP), percent of GDP",high,1,o.w. Citizen by Investment Program (CIP): 2023 1.8 (In percent of GDP),"Column '2023' = FY2023/24 per footnote 1; before the 'Est.'/'Projections' columns, consistent with status=actual.","Table 2 'o.w. Citizen by Investment Program (CIP)' reads 0.5, 0.8, 1.0, 0.7, 0.8 for 2020-2024; the second reader took the 'Other revenue' line."
o-e3565acfaf,lca-imf-art4-2024,cbi_fiscal_revenue_pct_gdp,FY2024/25,estimate,differ,first_correct,0.8,1,"PDF p. 28, Table 2",1.9,percent_of_gdp,"PDF p. 28, Table 2","2024 (Est.) / Other revenue, o.w. Citizen by Investment Program (CIP), percent of GDP",high,1,o.w. Citizen by Investment Program (CIP): 2024 1.9 (In percent of GDP); column header marked 'Est.',"Column '2024' = FY2024/25 per footnote 1; header explicitly marks this column 'Est.' (distinct from the 'Projections' columns 2025-2029), consistent with status=estimate.","Table 2 'o.w. Citizen by Investment Program (CIP)' reads 0.5, 0.8, 1.0, 0.7, 0.8 for 2020-2024; the second reader took the 'Other revenue' line."
o-6d1b2f992c,mlt-orgcem-ar-2016,cbi_fiscal_revenue,FY2015/16,actual,not_found,first_correct,19971900,1,PDF p. 19 (printed p. 19),,1,PDF p. 19,Jul 2015-Jun 2016,low,1,"funds distributed Jul 2015-Jun 2016: €46,604,100 to NDSF; €19,971,900 to Consolidated Fund; €5,818,500 to Identity Malta Agency; €4,676,000 to Henley & Partners","No single 'fiscal revenue' total printed. Candidate (NDSF+Consolidated Fund) = 46,604,100 + 19,971,900 = 66,576,000. Ambiguous, not guessing.","Definitional: the report prints distributions, not a revenue total. The Consolidated Fund share is the part that enters the government budget (value matches that line); the NDSF share is an off-budget fund, tracked as cbi_to_development_fund."
o-274c97fb35,mlt-orgcem-ar-2019,cbi_fiscal_revenue,FY2018/19,actual,not_found,first_correct,45519300,1,PDF p. 22 (printed p. 22),,1,PDF p. 22,1 Jul 2018-30 Jun 2019,low,1,"funds distributed 1 Jul 2018-30 Jun 2019: €106,201,700 NDSF; €45,519,300 Consolidated Fund; €9,966,000 Identity Malta/MIIPA; €8,017,000 Henley & Partners","No single 'fiscal revenue' total printed. Candidate (NDSF+Consolidated Fund) = 106,201,700 + 45,519,300 = 151,721,000. Ambiguous, not guessing.","Definitional: the report prints distributions, not a revenue total. The Consolidated Fund share is the part that enters the government budget (value matches that line); the NDSF share is an off-budget fund, tracked as cbi_to_development_fund."
o-c4a6b10268,mlt-orgcem-ar-2022,applications_received,2022,actual,not_found,first_correct,175,1,"PDF p. 6 (printed p. 6), Foreword",,1,PDF p. 6,ambiguous - see comment,low,1,"GCES applications received during the period...(175...); number of IIP applications received during the years 2021 and 2022...(23 and 2, respectively)","Foreword paragraph gives two different 2022 'applications received' figures for two different schemes: 175 = GCES eligibility applications received in 2022 (confirmed at section 2.1.1, PDF p.26: 'amounted to 175'); 2 = IIP applications received in 2022 (confirmed at Table 17, PDF p.55). Location does not disambiguate which series is intended; candidates are 175 or 2.","Row is for the 2020 scheme (mlt-mec, GCES): 175 GCES applications. The 2 applications are for the IIP (mlt-iip)."
o-e602a7cc5e,mlt-orgcem-ar-2023,cbi_fiscal_revenue,2023,actual,not_found,first_correct,19023000,1,PDF p. 39,,1,PDF p. 39,2023,low,1,"funds distributed 1 Jan-31 Dec 2023: €44,387,000 to NDSF; €19,023,000 to Consolidated Fund; €11,190,000 to Community Malta Agency","No single 'fiscal revenue' total printed. Candidate (NDSF+Consolidated Fund) = 44,387,000 + 19,023,000 = 63,410,000. Ambiguous, not guessing.","Definitional: the report prints distributions, not a revenue total. The Consolidated Fund share is the part that enters the government budget (value matches that line); the NDSF share is an off-budget fund, tracked as cbi_to_development_fund."
o-5e4ef6a404,mlt-orgcem-ar-2024,cbi_fiscal_revenue,2014-2024,actual,not_found,first_correct,402823876,1,PDF p. 84 (printed p. 84),,1,PDF p. 84,cumulative to 31 Dec 2024,low,1,"since the launching of the IIP till 31st December 2024: €620,001,124 to NDSF; €402,823,876 to Consolidated Fund; €67,759,500 to CMA/Identity Malta; €56,068,500 to Henley & Partners","No single 'fiscal revenue' total is printed. If cbi_fiscal_revenue = NDSF + Consolidated Fund distributions (govt funds only, excluding agency fee and agent commission), candidate = 620,001,124 + 402,823,876 = 1,022,825,000. Flagging as ambiguous rather than guessing.","Definitional: the report prints distributions, not a revenue total. The Consolidated Fund share is the part that enters the government budget (value matches that line); the NDSF share is an off-budget fund, tracked as cbi_to_development_fund."
o-21ec3ea7ed,mlt-orgcem-ar-2024,cbi_fiscal_revenue,2024,actual,not_found,first_correct,39168000,1,PDF p. 50,,1,PDF p. 50,2024,low,1,"funds distributed 1 Jan-31 Dec 2024: €91,392,000 to NDSF; €39,168,000 to Consolidated Fund; €23,040,000 to Community Malta Agency","No single 'fiscal revenue' total printed. Candidate (NDSF+Consolidated Fund) = 91,392,000 + 39,168,000 = 130,560,000. Ambiguous, not guessing.","Definitional: the report prints distributions, not a revenue total. The Consolidated Fund share is the part that enters the government budget (value matches that line); the NDSF share is an off-budget fund, tracked as cbi_to_development_fund."
o-3076e3aa02,atg-ciu-6m-2015h2,applications_received,2013/2015-12-17,actual,agree,confirmed,644,1,"PDF p. 5, Appendix II",644,1,PDF p. 5,"Inception to 17th Dec 2015, Absolute (Total Applications)",high,1,"Appendix II, Total Applications row, 'Inception to 17th Dec 2015' Absolute = 644",,
o-c60c9831ef,atg-ciu-6m-2015h2,applications_received,2015-06-01/2015-12-17,actual,agree,confirmed,197,1,"PDF p. 5, Appendix II",197,1,PDF p. 5,"1st Jun to 17th Dec 2015, Absolute (Total Applications)",high,1,"Appendix II, Total Applications row, '1st Jun to 17th Dec 2015' Absolute = 197",,
o-fb8e56c34a,atg-ciu-6m-2015h2,passports_issued,2013/2015-12-17,actual,agree,confirmed,793,1,"PDF p. 6, Appendix III",793,1,PDF p. 6,Inception to 17th Dec 2015 (Total),high,1,"Appendix III, Total row, 'Inception to 17th Dec 2015' = 793",,
o-2376bd99aa,atg-ciu-6m-2015h2,passports_issued,2015-06-01/2015-12-17,actual,agree,confirmed,307,1,"PDF p. 6, Appendix III",307,1,PDF p. 6,1st Jun to 17th Dec 2015 (Total),high,1,"Appendix III, Total row, '1st Jun to 17th Dec 2015' = 307",,
o-75e47290ee,atg-ciu-6m-2016h1,applications_received,2016-01-01/2016-06-15,actual,agree,confirmed,147,1,"PDF p. 2, Appendix I",147,1,PDF p. 2,1st January 2016 to 15th June 2016 (Total Applications),high,1,"Appendix I, 'Number of Citizenship Applications received...by Country of Birth', Total Applications row = 147",,
o-c41a17e00f,atg-ciu-6m-2016h1,cbi_fee_revenue,2016-01-01/2016-06-15,actual,agree,confirmed,35350720,1,"PDF p. 5, Appendix III","35,350,720",1,PDF p. 5,Jan - June 2016 (Total),high,1,"Appendix III, 'Breakdown of Revenue' table, total row = 35,350,720 (sum of Passport Stamp Fees, Agent Licence Fees, Application Processing Fees, Due Diligence Fees, Revenue-Other)",,
o-04ea5f8017,atg-ciu-6m-2016h2,applications_received,2016-06-16/2016-12-31,actual,agree,confirmed,143,1,"PDF p. 6, Appendix II",143,1,PDF p. 6,"16th June to 31st December 2016, Absolute",high,1,"Total Applications: 16th June to 31st December 2016, Absolute 143, % 100","Appendix II, 'Total Applications' row, first data column.",
o-c5c13b80c9,atg-ciu-6m-2016h2,cbi_contributions,2016-06-16/2016-12-31,actual,agree,confirmed,19300000.00,1,"PDF p. 11, Appendix III","19,300,000.00",1,PDF p. 11,Total for the Period,high,1,"Total for the Period: 271 persons, $ 19,300,000.00","Appendix III (pp. 9-11) lists only NDF-type applications; 'Total for the Period' investment contribution figure is the NDF total, matching the cbi_contributions definition (excludes real estate/business investment, which appear only in Appendix II's category breakdown, not this table).",
o-448f532035,atg-ciu-6m-2016h2,cbi_fee_revenue,2013,actual,agree,confirmed,390150.00,1,"PDF p. 13, Appendix V","390,150.00",1,PDF p. 13,2013,high,1,"TOTAL REVENUE GENERATED, 2013: 390,150.00","Appendix V, 'TOTAL REVENUE GENERATED' row, 2013 (EC$) column.",
o-206398f6e1,atg-ciu-6m-2016h2,cbi_fee_revenue,2014,actual,agree,confirmed,32345478.00,1,"PDF p. 13, Appendix V","32,345,478.00",1,PDF p. 13,2014,high,1,"TOTAL REVENUE GENERATED, 2014: 32,345,478.00","Appendix V, 'TOTAL REVENUE GENERATED' row, 2014 (EC$) column.",
o-484be5ffa0,atg-ciu-6m-2016h2,cbi_fee_revenue,2015,actual,agree,confirmed,81226670.00,1,"PDF p. 13, Appendix V","81,226,670.00",1,PDF p. 13,2015,high,1,"TOTAL REVENUE GENERATED, 2015: 81,226,670.00","Appendix V, 'TOTAL REVENUE GENERATED' row, 2015 (EC$) column.",
o-a0e48d4ee5,atg-ciu-6m-2016h2,cbi_fee_revenue,2016,actual,agree,confirmed,76564508.61,1,"PDF p. 13, Appendix V","76,564,508.61",1,PDF p. 13,2016,high,1,"TOTAL REVENUE GENERATED, 2016: 76,564,508.61","Appendix V, 'TOTAL REVENUE GENERATED' row, 2016 (EC$) column.",
o-5b57ef83f2,atg-ciu-6m-2016h2,passports_issued,2014,actual,agree,confirmed,252,1,"PDF p. 12, Appendix IV (pie chart)",252,1,PDF p. 12,2014,medium,1,"Pie chart 'Number of Citizenship Passports issued under the Citizenship Programme by Year', 2014 slice: 252","Appendix IV pie chart; slice-to-year mapping inferred from legend order (2014, 2015, 2016) and slice colors (blue=252, orange=655, gray=1016).",
o-2030f37f39,atg-ciu-6m-2016h2,passports_issued,2015,actual,agree,confirmed,655,1,"PDF p. 12, Appendix IV (pie chart)",655,1,PDF p. 12,2015,medium,1,"Pie chart, 2015 slice: 655",Appendix IV pie chart; see comment on 2014 row for mapping method.,
o-02a5d29e29,atg-ciu-6m-2016h2,passports_issued,2016,actual,agree,confirmed,1016,1,"PDF p. 12, Appendix IV (pie chart)",1016,1,PDF p. 12,2016,medium,1,"Pie chart, 2016 slice: 1016",Appendix IV pie chart; see comment on 2014 row for mapping method.,
o-3a74270e92,atg-ciu-6m-2017h1,applications_received,2017-H1,actual,agree,confirmed,187,1,"PDF p. 6, Appendix II",187,1,PDF p. 6,1st January to 30th June 2017 (Total Applications),high,1,"Number of Citizenship Applications received under the Programme By Investment Category - Total Applications, 1st January to 30th June 2017: 187 (Absolute)","Appendix II. Breakdown: NDF 71, Real Estate 38, Business Investment 78.",
o-29ecb745fc,atg-ciu-6m-2017h1,cbi_contributions,2017-H1,actual,agree,confirmed,14750000.00,1,"PDF p. 12, Appendix III","14,750,000.00",1,PDF p. 12,"Total, NDF Investment Contribution",high,1,"Appendix III table (NDF Type of Investment), Total row: Number of Persons 207, Investment Contribution $14,750,000.00","Table lists individual NDF contribution entries by date/nationality; only the tail of the table (last two rows plus Total) is visible on this page, but the printed Total figure is clear.",
o-ce2e5043a9,atg-ciu-6m-2017h2,applications_received,2017-H2,actual,agree,confirmed,135,1,"PDF p. 6, Appendix II",135,1,PDF p. 6,1st July to 31st December 2017,high,1,"Appendix II table, Total Applications, '1st July to 31st December 2017' Absolute column = 135",,
o-a72eddfbc3,atg-ciu-6m-2017h2,passports_issued,2015,actual,agree,confirmed,401,1,"PDF p. 12, Appendix IV (pie chart, image)",401,1,PDF p. 12,2015,medium,1,"Pie chart, 2015 slice labeled 401",Appendix IV.,
o-b81f438676,atg-ciu-6m-2017h2,passports_issued,2016,actual,agree,confirmed,314,1,"PDF p. 12, Appendix IV (pie chart, image)",314,1,PDF p. 12,2016,medium,1,"Pie chart, 2016 slice labeled 314",Appendix IV.,
o-f159b40ef6,atg-ciu-6m-2017h2,passports_issued,2017-H1,actual,agree,confirmed,321,1,"PDF p. 12, Appendix IV (pie chart, image)",321,1,PDF p. 12,2017 (through 30 June),medium,1,"Pie chart, 2017 slice labeled 321; chart title states data run 'Inception to 30th June 2017'","Appendix IV. Chart title confirms the 2017 slice covers only Jan-June 2017 (H1), matching the requested period.",
o-0b330ebd9a,atg-ciu-6m-2018h1,applications_received,2018-H1,actual,agree,confirmed,278,1,"PDF p. 6, Appendix II",278,1,PDF p. 6,1st January to 30th June 2018 (Total Applications),high,1,"Number of Citizenship Applications received under the Programme By Investment Category - Total Applications, 1st January to 30th June 2018: 278 (Absolute)","Appendix II. Breakdown: NDF 261, Real Estate 7, Business Investment 10.",
o-629db7dc58,atg-ciu-6m-2018h2,applications_received,2018-H2,actual,agree,confirmed,400,1,"PDF p. 6, Appendix II",400,1,"PDF p. 6, Appendix II","Appendix II, '1st July to 31st December 2018', Total Applications (Absolute)",high,1,Total Applications: 1st July to 31st December 2018 = 400 (100); Inception to 31st December 2018 = 1947 (100),,
o-752155ad7f,atg-ciu-6m-2019h1,applications_received,2019-H1,actual,agree,confirmed,241,1,"PDF p. 6, Appendix II",241,1,"PDF p. 6, Appendix II",1st January to 30th June 2019,high,1,"Number of Citizenship Applications received under the Programme by Investment Category - Total Applications, 1st January to 30th June 2019 = 241",,
o-7767f252e4,atg-ciu-6m-2019h2,applications_received,2019-H2,actual,agree,confirmed,231,1,"PDF p. 6, Appendix II",231,1,"PDF p. 6, Appendix II",1st July to 31st December 2019,high,1,"Number of Citizenship Applications received under the Programme by Investment Category - Total Applications, 1st July to 31st December 2019 = 231",,
o-0ff3b2dcae,atg-ciu-6m-2019h2,passports_issued,2014,actual,agree,confirmed,252,1,"PDF p. 17, Appendix IV (pie chart, image)",252,1,"PDF p. 17, Appendix IV",2014,high,1,Pie chart 'Number of Citizenship Passports issued under the Citizenship Programme by Year' - 2014 slice (light blue) = 252,Matched by legend color (light blue = 2014) against pie slice labels.,
o-e17898f7b3,atg-ciu-6m-2019h2,passports_issued,2015,actual,agree,confirmed,655,1,"PDF p. 17, Appendix IV (pie chart, image)",655,1,"PDF p. 17, Appendix IV",2015,high,1,Pie chart - 2015 slice (orange) = 655,Matched by legend color (orange = 2015).,
o-82b6dd72fc,atg-ciu-6m-2019h2,passports_issued,2016,actual,agree,confirmed,1016,1,"PDF p. 17, Appendix IV (pie chart, image)",1016,1,"PDF p. 17, Appendix IV",2016,high,1,Pie chart - 2016 slice (gray) = 1016,Matched by legend color (gray = 2016).,
o-8a2d77cf14,atg-ciu-6m-2019h2,passports_issued,2017,actual,agree,confirmed,399,1,"PDF p. 17, Appendix IV (pie chart, image)",399,1,"PDF p. 17, Appendix IV",2017,high,1,Pie chart - 2017 slice (yellow) = 399,Matched by legend color (yellow = 2017).,
o-1cde7047ec,atg-ciu-6m-2019h2,passports_issued,2018,actual,agree,confirmed,401,1,"PDF p. 17, Appendix IV (pie chart, image)",401,1,"PDF p. 17, Appendix IV",2018,high,1,Pie chart - 2018 slice (dark blue) = 401,Matched by legend color (dark blue = 2018).,
o-7cb7036467,atg-ciu-6m-2019h2,passports_issued,2019,actual,agree,confirmed,1112,1,"PDF p. 17, Appendix IV (pie chart, image)",1112,1,"PDF p. 17, Appendix IV",2019,high,1,Pie chart - 2019 slice (green) = 1112,Matched by legend color (green = 2019). Chart title reads 'Inception to 31st December [June?] 2019'; wording appears to include a stray word but the year-end date is clear.,
o-bc3e4cf5e5,atg-ciu-6m-2020h1,applications_received,2020-H1,actual,agree,confirmed,189,1,"PDF p. 7, Appendix II",189,1,PDF p. 7,"1st Jan to 30th Jun 2020, Absolute",high,1,"Total Applications: 1st Jan to 30th Jun 2020, Absolute 189, % 100.00","Appendix II, 'Total Applications' row.",
o-42e84aa218,atg-ciu-6m-2020h2,applications_received,2020-H2,actual,agree,confirmed,182,1,"PDF p. 7, Appendix II",182,1,PDF p. 7,1st Jul to 31st Dec 2020,high,1,"Appendix II table, Total Applications, '1st Jul to 31st Dec 2020' Absolute column = 182",,
o-78afb67910,atg-ciu-6m-2021h1,applications_received,2021-H1,actual,agree,confirmed,223,1,"PDF p. 7, Appendix II",223,1,PDF p. 7,1st Jan to 30th Jun 2021 (Total Applications),high,1,"Number of Citizenship Applications received under the Programme By Investment Category - Total Applications, 1st Jan to 30th Jun 2021: 223 (Absolute)","Appendix II. Breakdown: NDF 192, Real Estate 20, Business Investment 0, UWI 11.",
o-41c02923ca,atg-ciu-6m-2021h2,applications_received,2021-H2,actual,agree,confirmed,275,1,"PDF p. 7, Appendix II",275,1,"PDF p. 7, Appendix II","Appendix II, '1st Jul to 31st Dec 2021', Total Applications (Absolute)",high,1,Total Applications: 1st Jul to 31st Dec 2021 = 275 (100.00); Inception to 31st Dec 2021 = 3290 (100.00),,
o-2dc49bab24,atg-ciu-6m-2022h1,applications_received,2022-H1,actual,agree,confirmed,229,1,"PDF p. 8, Appendix II",229,1,"PDF p. 8, Appendix II","Appendix II, '1st Jan to 30th Jun 2022', Total Applications (Absolute)",high,1,Total Applications: 1st Jan to 30th Jun 2022 = 229 (100.00%); Inception to 30th Jun 2022 = 3519 (100.00%),,
o-6b8b27d736,atg-ciu-6m-2022h1,cbi_contributions,2022-H1,actual,agree,confirmed,18550000,1,"PDF p. 17, Appendix III","18,550,000",1,"PDF p. 17, Appendix III (list starts on an earlier page, e.g. PDF p.10, with entries from 21-Jan-2022)","Appendix III, grand TOTAL row (listing runs Jan-Jun 2022)",high,1,"TOTAL: Number of Persons 591, Investment Contribution $18,550,000","Appendix III is a multi-page row-by-row listing of individual NDF contributions from Jan-2022 through Jun-2022; the TOTAL row on the final page (PDF p.17) is the grand total for all of H1 2022, confirmed by checking an earlier page (PDF p.10) which starts from 21-Jan-2022.",
o-004d7355eb,atg-ciu-6m-2022h1,passports_issued,2022-H1,actual,agree,confirmed,683,1,"PDF p. 18, Appendix IV (pie chart)",683,1,"PDF p. 18, Appendix IV (pie chart 'Number of Citizenship Passports issued ... by Year from Inception to 30th June 2022')","Appendix IV pie chart, '2022' slice",high,1,"Pie chart by year: 2014=401, 2015=655, 2016=116, 2017=399, 2018=401, 2019=1112, 2020=1623, 2021=1152, 2022=683","Chart is cumulative by year through 30 June 2022, so the '2022' slice (683) represents only Jan-Jun 2022, matching the requested H1 period.",
o-b30963ebac,atg-ciu-6m-2022h2,applications_received,2022-H2,actual,agree,confirmed,260,1,"PDF p. 8, Appendix II",260,1,"PDF p. 8, Appendix II",1st Jul to 31st Dec 2022,high,1,"Number of Citizenship Applications received under the Programme by Investment Category - Total Applications, 1st Jul to 31st Dec 2022 = 260",,
o-0916afce15,atg-ciu-6m-2023h1,applications_received,2023-H1,actual,agree,confirmed,242,1,"PDF p. 7, Appendix II",242,1,PDF p. 7,"1st Jan to 30th Jun 2023, Absolute",high,1,"Total Applications: 1st Jan to 30th Jun 2023, Absolute 242, % 100.00","Appendix II, 'Total Applications' row.",
o-ce25339a8c,atg-ciu-6m-2023h2,applications_received,2023-H2,actual,agree,confirmed,443,1,"PDF p. 6 (printed p. 7), Appendix II",443,1,PDF p. 6 (printed p. 7),"1st July to 31st Dec 2023, Absolute (Total Applications)",high,1,"Appendix II, Total Applications row, '1st July to 31st Dec 2023' Absolute = 443",,
o-063e413eb7,atg-ciu-6m-2024h1,applications_received,2013/2024-06-30,actual,agree,confirmed,5203,1,"PDF p. 7, Appendix II","5,203",1,PDF p. 7,"Inception to 30th Jun 2024, Absolute (Total Applications)",high,1,"Appendix II, Total Applications row, 'Inception to 30th Jun 2024' Absolute column = 5,203",,
o-c4a92f5e64,atg-ciu-6m-2024h1,applications_received,2024-H1,actual,agree,confirmed,739,1,"PDF p. 7, Appendix II",739,1,PDF p. 7,"1st Jan to 30th Jun 2024, Absolute (Total Applications)",high,1,"Appendix II, Total Applications row, '1st Jan to 30th Jun 2024' Absolute column = 739",,
o-8352c88a61,atg-ciu-6m-2024h1,passports_issued,2014,actual,agree,confirmed,401,1,"PDF p. 21, Appendix IV (pie chart, image)",401,1,PDF p. 21,2014,high,1,"Appendix IV pie chart, 'Number of Citizenship Passports issued...', slice 2014 = 401",,
o-ec06ae5c6b,atg-ciu-6m-2024h1,passports_issued,2015,actual,agree,confirmed,655,1,"PDF p. 21, Appendix IV (pie chart, image)",655,1,PDF p. 21,2015,high,1,"Appendix IV pie chart, slice 2015 = 655",,
o-8c59be8c87,atg-ciu-6m-2024h1,passports_issued,2016,actual,agree,confirmed,116,1,"PDF p. 21, Appendix IV (pie chart, image)",116,1,PDF p. 21,2016,high,1,"Appendix IV pie chart, slice 2016 = 116",,
o-f629bc5c04,atg-ciu-6m-2024h1,passports_issued,2017,actual,agree,confirmed,399,1,"PDF p. 21, Appendix IV (pie chart, image)",399,1,PDF p. 21,2017,high,1,"Appendix IV pie chart, slice 2017 = 399",,
o-a2eead84c9,atg-ciu-6m-2024h1,passports_issued,2018,actual,agree,confirmed,401,1,"PDF p. 21, Appendix IV (pie chart, image)",401,1,PDF p. 21,2018,high,1,"Appendix IV pie chart, slice 2018 = 401",Coincidentally identical to the 2014 value (401); double-checked label placement.,
o-41ad24beab,atg-ciu-6m-2024h1,passports_issued,2019,actual,agree,confirmed,1112,1,"PDF p. 21, Appendix IV (pie chart, image)","1,112",1,PDF p. 21,2019,high,1,"Appendix IV pie chart, slice 2019 = 1,112",,
o-64fb42478b,atg-ciu-6m-2024h1,passports_issued,2020,actual,agree,confirmed,1623,1,"PDF p. 21, Appendix IV (pie chart, image)","1,623",1,PDF p. 21,2020,high,1,"Appendix IV pie chart, slice 2020 = 1,623",,
o-c467d3baa9,atg-ciu-6m-2024h1,passports_issued,2021,actual,agree,confirmed,1152,1,"PDF p. 21, Appendix IV (pie chart, image)","1,152",1,PDF p. 21,2021,high,1,"Appendix IV pie chart, slice 2021 = 1,152",,
o-0be615e8ba,atg-ciu-6m-2024h1,passports_issued,2022,actual,agree,confirmed,1346,1,"PDF p. 21, Appendix IV (pie chart, image)","1,346",1,PDF p. 21,2022,high,1,"Appendix IV pie chart, slice 2022 = 1,346",,
o-f0517a5294,atg-ciu-6m-2024h1,passports_issued,2023,actual,agree,confirmed,1191,1,"PDF p. 21, Appendix IV (pie chart, image)","1,191",1,PDF p. 21,2023,high,1,"Appendix IV pie chart, slice 2023 = 1,191",,
o-9f345e72d9,atg-ciu-6m-2024h1,passports_issued,2024-H1,actual,agree,confirmed,622,1,"PDF p. 21, Appendix IV (pie chart, image)",622,1,PDF p. 21,"2024 (partial year, to 30 Jun 2024)",high,1,"Appendix IV pie chart, slice 2024 = 622 (chart titled 'Inception to 30th June 2024')",,
o-be98d6a155,atg-imf-art4-2014,cbi_fiscal_revenue,2014,provisional,agree,confirmed,63.7,million,"PDF p. 35, Table 2",63.7,million,"PDF p. 35 (printed p. 31), Table 2 'Central Government Cash Finances, 2013-15'","2014 (Current trends, EC$ million column), 'Of which: CIP 1/' under Capital revenue",high,1,Capital revenue 1.6 0.0 10.0 55.0 65.0 1.9 117.3 3.4; Of which: CIP 1/ ... 10.0 53.7 63.7 1.9 116.0 3.4,Footnote 1/: 'CIP processing fees and NDF contributions collected by central government.' Table 3 (PDF p.36) shows a slightly different rounded value of 64 for 2014 in its own 'Of which: CIP revenue' row.,
o-42813c8dc1,atg-imf-art4-2014,cbi_fiscal_revenue,2015,projection,agree,confirmed,116,million,"PDF p. 36, Table 3",116,million,"PDF p. 36 (printed p. 32), Table 3 'Central Government Operations, 2013-20'","2015, 'Of which: CIP revenue' under Capital revenue",high,1,Capital revenue 0 65 117 75 75 77 78 80; Of which: CIP revenue ... 64 116 73 74 76 77 78,Matches Table 2's 'Current trends' 2015 figure of 116.0 (EC$ million).,
o-0c0549259e,atg-imf-art4-2014,cbi_fiscal_revenue_pct_gdp,2014,provisional,agree,confirmed,1.9,1,"PDF p. 37, Table 4",1.9,1,"PDF p. 37 (printed p. 33), Table 4 'Central Government Operations, 2013-20 (Percent of GDP)'","2014, 'Of which: CIP revenue' (percent of GDP)",high,1,Capital revenue 0.0 1.9 3.4 2.1 2.0 1.9 1.9 1.8; Of which: CIP revenue ... 1.9 3.4 2.0 1.9 1.9 1.9 1.8,,
o-a967e8b412,atg-imf-art4-2014,cbi_fiscal_revenue_pct_gdp,2015,projection,agree,confirmed,3.4,1,"PDF p. 37, Table 4",3.4,1,"PDF p. 37 (printed p. 33), Table 4","2015, 'Of which: CIP revenue' (percent of GDP)",high,1,Of which: CIP revenue: 2015 = 3.4,,
o-5e4aba519e,atg-imf-art4-2022,cbi_fiscal_revenue,2017,actual,agree,confirmed,105,million,"PDF p. 34, Table 3a (image)",105,million,PDF p. 34,2017,high,1,o/w CIP revenue: 105 (2017),"Table 3a. Antigua and Barbuda: Central Government Operations (Millions of Eastern Caribbean dollars), row 'o/w CIP revenue' under Non-Tax Revenue",
o-d8ae78458a,atg-imf-art4-2022,cbi_fiscal_revenue,2018,actual,agree,confirmed,60,million,"PDF p. 34, Table 3a (image)",60,million,PDF p. 34,2018,high,1,o/w CIP revenue: 60 (2018),"Table 3a. Antigua and Barbuda: Central Government Operations (Millions of Eastern Caribbean dollars), row 'o/w CIP revenue' under Non-Tax Revenue",
o-907bc44d22,atg-imf-art4-2022,cbi_fiscal_revenue,2019,actual,agree,confirmed,142,million,"PDF p. 34, Table 3a (image)",142,million,PDF p. 34,2019,high,1,o/w CIP revenue: 142 (2019),"Table 3a. Antigua and Barbuda: Central Government Operations (Millions of Eastern Caribbean dollars), row 'o/w CIP revenue' under Non-Tax Revenue",
o-e20b87506a,atg-imf-art4-2022,cbi_fiscal_revenue,2020,actual,agree,confirmed,98,million,"PDF p. 34, Table 3a (image)",98,million,PDF p. 34,2020,high,1,o/w CIP revenue: 98 (2020),"Table 3a. Antigua and Barbuda: Central Government Operations (Millions of Eastern Caribbean dollars), row 'o/w CIP revenue' under Non-Tax Revenue",
o-4a333edf22,atg-imf-art4-2022,cbi_fiscal_revenue,2021,provisional,agree,confirmed,91,million,"PDF p. 34, Table 3a (image)",91,million,PDF p. 34,2021 Prel.,high,1,"o/w CIP revenue: 91 (2021, Prel.)","Table 3a. Antigua and Barbuda: Central Government Operations (Millions of Eastern Caribbean dollars), row 'o/w CIP revenue' under Non-Tax Revenue; column header for 2021 is labeled 'Prel.'",
o-a8bd4a8629,atg-imf-art4-2023,cbi_fiscal_revenue,2018,actual,agree,confirmed,60,million,"PDF p. 30, Table 3a",60,million,"PDF p. 30, Table 3a","2018 (Actual), 'o/w CIP revenue' (under Capital revenue)",high,1,Capital revenue 88 146 103 93 93 124 118 118 117 121 126; o/w CIP revenue 60 142 98 91 86 100 93 93 91 93 98,Table header: 'Millions of Eastern Caribbean Dollars'.,
o-eab1288fa4,atg-imf-art4-2023,cbi_fiscal_revenue,2019,actual,agree,confirmed,142,million,"PDF p. 30, Table 3a",142,million,"PDF p. 30, Table 3a","2019 (Actual), 'o/w CIP revenue'",high,1,o/w CIP revenue: 2019 = 142,,
o-31388790fb,atg-imf-art4-2023,cbi_fiscal_revenue,2020,actual,agree,confirmed,98,million,"PDF p. 30, Table 3a",98,million,"PDF p. 30, Table 3a","2020 (Actual), 'o/w CIP revenue'",high,1,o/w CIP revenue: 2020 = 98,,
o-4ff9f74e82,atg-imf-art4-2023,cbi_fiscal_revenue,2021,actual,agree,confirmed,91,million,"PDF p. 30, Table 3a",91,million,"PDF p. 30, Table 3a","2021 (Actual), 'o/w CIP revenue'",high,1,o/w CIP revenue: 2021 = 91,,
o-32c16c793d,atg-imf-art4-2023,cbi_fiscal_revenue,2022,provisional,agree,confirmed,86,million,"PDF p. 30, Table 3a",86,million,"PDF p. 30, Table 3a","2022 Prel., 'o/w CIP revenue'",high,1,o/w CIP revenue: 2022 (Prel.) = 86,2022 column is labeled 'Prel.' (preliminary).,
o-cecb941cb6,atg-imf-art4-2023,cbi_fiscal_revenue_pct_gdp,2019,actual,agree,confirmed,3.1,1,"PDF p. 31, Table 3b",3.1,1,"PDF p. 31, Table 3b","2019 (Actual), 'o/w CIP revenue' (percent of GDP)",high,1,o/w CIP revenue (percent of GDP): 2019 = 3.1,,
o-c5c4d3158e,atg-imf-art4-2023,cbi_fiscal_revenue_pct_gdp,2022,provisional,agree,confirmed,1.8,1,"PDF p. 31, Table 3b",1.8,1,"PDF p. 31, Table 3b","2022 Prel., 'o/w CIP revenue' (percent of GDP)",high,1,o/w CIP revenue (percent of GDP): 2022 (Prel.) = 1.8,2022 column is labeled 'Prel.'.,
o-c53c17bb9d,atg-imf-art4-2025,cbi_fiscal_revenue,2022,actual,agree,confirmed,68,million,"PDF p. 31, Table 4a",68,million,PDF p. 31,2022,high,1,Capital revenue / o/w CIP revenue: 68 (2022),"Table 4a, row 'o/w CIP revenue' (values 98,91,68,62,74,74,74,74,74,74 for 2020-2029).",
o-3b818b7e5f,atg-imf-art4-2025,cbi_fiscal_revenue,2023,actual,agree,confirmed,62,million,"PDF p. 31, Table 4a",62,million,PDF p. 31,2023,high,1,o/w CIP revenue: 62 (2023),"Table 4a, row 'o/w CIP revenue'.",
o-6ed22be9f1,atg-imf-art4-2025,cbi_fiscal_revenue,2024,estimate,agree,confirmed,74,million,"PDF p. 31, Table 4a",74,million,PDF p. 31,2024 Est.,high,1,"o/w CIP revenue: 74 (2024, Est.)","Table 4a, row 'o/w CIP revenue'; 2024 column headed 'Est.', 2025-2029 headed 'Projections'.",
o-cad3f3d8ae,atg-imf-art4-2025,cbi_fiscal_revenue_pct_gdp,2024,estimate,agree,confirmed,1.2,1,"PDF p. 32, Table 4b",1.2,1,PDF p. 32,2024 Est.,high,1,"o/w CIP revenue, percent of GDP: 1.2 (2024, Est.)","Table 4b, row 'o/w CIP revenue'.",
o-44ba1915db,atg-imf-art4-2025,cbi_fiscal_revenue_pct_revenue,2023,actual,agree,confirmed,9.4,1,"PDF p. 56, annex on revenue",9.4,1,PDF p. 56,2023,high,1,"Tax revenue, non-tax revenue, and Citizen-by-Investment (CBI) revenue constituted 82.2, 8.4, and 9.4 percent of total revenue, respectively.","Narrative text (Section C, Revenues: Peer Comparison), not a table; printed page number is 50.",
o-978fffb8b8,atg-imf-art4-2026,cbi_fiscal_revenue,2022,actual,agree,confirmed,68,million,"PDF p. 30, Table 4a",68,million,PDF p. 30,2022,high,1,Capital revenue / o/w CIP revenue: 68 (2022),"Table 4a, row 'o/w CIP revenue' under Capital revenue.",
o-ace16917df,atg-imf-art4-2026,cbi_fiscal_revenue,2023,actual,agree,confirmed,62,million,"PDF p. 30, Table 4a",62,million,PDF p. 30,2023,high,1,o/w CIP revenue: 62 (2023),"Table 4a, row 'o/w CIP revenue'.",
o-b3c112e5a5,atg-imf-art4-2026,cbi_fiscal_revenue,2024,actual,agree,confirmed,74,million,"PDF p. 30, Table 4a",74,million,PDF p. 30,2024,high,1,o/w CIP revenue: 74 (2024),"Table 4a, row 'o/w CIP revenue'.",
o-a82afe0a68,atg-imf-art4-2026,cbi_fiscal_revenue,2025,estimate,agree,confirmed,158,million,"PDF p. 30, Table 4a",158,million,PDF p. 30,2025 Est.,high,1,"o/w CIP revenue: 158 (2025, Est.)","Table 4a, row 'o/w CIP revenue'; 2025 column headed 'Est.'.",
o-143724274a,atg-imf-art4-2026,cbi_fiscal_revenue,2026,projection,agree,confirmed,120,million,"PDF p. 30, Table 4a",120,million,PDF p. 30,2026 Proj.,high,1,"o/w CIP revenue: 120 (2026, Projections)","Table 4a, row 'o/w CIP revenue'; 2026-2031 columns headed 'Projections'.",
o-d8575b7f71,atg-imf-art4-2026,cbi_fiscal_revenue_pct_gdp,2025,estimate,agree,confirmed,2.6,1,"PDF p. 31, Table 4b",2.6,1,PDF p. 31,2025 Prel.,high,1,"Capital revenue / o/w CIP revenue, percent of GDP: 2.6 (2025)","Table 4b, row 'o/w CIP revenue'; 2025 column headed 'Prel.'.",
o-673c6f842b,atg-mof-budget-2023,cbi_fiscal_revenue,2022,provisional,agree,confirmed,88.8,million,PDF p. 10,88.8,million,PDF p. 10,2022 (Non-Tax Revenues narrative),high,1,receipts from the Citizenship by Investment programme accounted for nearly 60 per cent of non-tax revenue and amounted to $88.8 million,,
o-bbb0e8fda8,atg-mof-budget-2024,cbi_fiscal_revenue,2023,estimate,agree,confirmed,67,million,PDF p. 12,67,million,PDF p. 12,2023,high,1,"""this contribution is expected to amount to $67 million in 2023 - the same level as in 2022""",,
o-3b6928dc7a,atg-mof-budget-2024,cbi_fiscal_revenue,2024,budget,agree,confirmed,130,million,PDF p. 34,130,million,PDF p. 34,2024 budgeted,high,1,"""A major component of the budgeted Non-Tax Revenue of $176.9 million will be CIP receipts of $130 million""",,
o-f5d241e55a,atg-mof-budget-2026,cbi_fiscal_revenue,2025,estimate,agree,confirmed,157,million,PDF p. 19,157,million,PDF p. 19,2025,high,1,"""Non-tax revenue totals $289.7 million, including $157 million from the Citizenship by Investment Programme and $48 million in dividends and surpluses.""",,
o-0ddd9eb734,atg-mof-budget-2026,cbi_fiscal_revenue,2026,budget,agree,confirmed,120,million,PDF p. 44,120,million,PDF p. 44,2026,medium,1,"""Non-tax revenue is expected to reach $240.7 million, including $120 million in CIP receipts and surpluses from state-owned enterprises.""","Unlike the 2025 passage (which separates CIP revenue from other surpluses), this sentence appears to bundle CIP receipts together with SOE surpluses into the single $120 million figure, so it may not be CIP revenue alone.",
o-0870ab4e52,dma-budget-address-2015-16,cbi_fiscal_revenue,FY2015/16,budget,agree,confirmed,70.0,million,PDF p. 12,70.0,million,PDF p. 12,FY2015/16 estimate,high,1,"'Non-tax revenue is expected to contribute $92.1 million, of which revenue from the Citizenship By Investment Programme will contribute $70.0 million.'",,
o-c863b2f119,dma-budget-address-2016-17,cbi_fiscal_revenue,FY2015/16,provisional,agree,confirmed,99.0,million,PDF p. 7,99.0,million,PDF p. 7 (not p. 6 as given; p.6 covers the Agriculture section),FY2015/16,high,1,"total collections amounted to $115.6 million, with 85.6 percent or $99.0 million, coming from the Citizenship By investment Programme (CBIP) inflows",Location given as PDF p.6 but the text is on PDF p.7 (printed page 6).,
o-16eabb8186,dma-budget-address-2016-17,cbi_fiscal_revenue,FY2015/16,claim,agree,confirmed,200,million,PDF p. 34,200,million,PDF p. 34 (printed page 33),text claim (not a table),high,2,And it is under this Government that we have increased our revenue earnings to over 200 million in the last financial year.,"Approximate lower-bound claim ('over 200 million'), not an exact figure; no currency symbol given but context (XCD budget address) implies EC$. Note: PDF file page 34 carries printed footer page number '33', so 'PDF p. 33' in the location likely refers to the printed page number, not the PDF page index.",
o-7cf52e41bd,dma-budget-address-2016-17,cbi_fiscal_revenue,FY2016/17,budget,agree,confirmed,201.8,million,PDF p. 16,201.8,million,PDF p. 16 (not p. 15 as given),FY2016/17,high,1,A significant part of non-tax revenue will come from the Citizenship By Investment Programme which is expected to contribute $201.8 million for the year,"Location given as PDF p.15, actual text is on PDF p.16 (printed page 14/15 area); p.15 itself shows Table 2 with total Non-tax Revenue estimate of $222.0 million for 2016/2017 (not CBI-specific).",
o-a327fbba2a,dma-budget-address-2017-18,cbi_fiscal_revenue,FY2016/17,provisional,agree,confirmed,334.0,million,PDF p. 8,334.0,million,PDF p. 8,"FY2016/17, 'Total Budget Financing'",medium,1,A total of $507.0 million was collected under the CBI of which $334.0 million was used for budget financing.,"Ambiguous: text distinguishes $507.0M 'collected under the CBI' (assigned to cbi_inflows, same page) from $334.0M 'used for budget financing' (Table 1 sums to 333,988,034.93, labelled 'Total Budget Financing'). Assigned 334.0 to cbi_fiscal_revenue since it closely matches the FY2016/17 CBI revenue figure (336.5 million) in the IMF Art. IV report (Table 3a), but the source labels it 'financing' not 'revenue', so classification is not fully certain.",
o-e7eb71c751,dma-budget-address-2017-18,cbi_fiscal_revenue,FY2017/18,budget,agree,confirmed,399.9,million,PDF p. 22,399.9,million,PDF p. 22,FY2017/18 (anticipated),high,1,A significant part of non-tax revenue will come from the Citizenship By Investment Programme which is expected to contribute $399.9 million for the year.,"Budget estimate for the coming fiscal year (FY2017/18), part of anticipated non-tax revenue of $421.0 million.",
o-3ef684d1e6,dma-budget-address-2017-18,cbi_inflows,FY2016/17,provisional,agree,confirmed,507.0,million,PDF p. 8,507.0,million,PDF p. 8,FY2016/17,medium,1,A total of $507.0 million was collected under the CBI of which $334.0 million was used for budget financing.,"Assigned as the broader cbi_inflows figure (total collected under the CBI), as distinct from the $334.0M subset used for budget financing (assigned to cbi_fiscal_revenue).",
o-249f297c9f,dma-budget-address-2018-19,cbi_fiscal_revenue,FY2018/19,budget,agree,confirmed,406.6,million,PDF p. 31,406.6,million,PDF p. 31,FY2018/19 estimate,high,1,"""This comes primarily from the Citizenship By Investment Programme (CBIP), which is expected to bring in $406.6 million""",,
o-7d038640fe,dma-budget-address-2019-20,cbi_fiscal_revenue,FY2019/20,budget,agree,confirmed,417.5,million,PDF p. 15,417.5,million,PDF p. 15,Estimates 2019/2020,high,1,"collections from non-tax sources are estimated at $438.7 or 53.6 per cent of the total. This category is primarily driven by proceeds from the Citizenship by Investment Programme (CBIP), which is expected to bring in $417.5 million.","Located on PDF p. 15 (the sentence begins on p.15, carrying over from the Table 2 breakdown that starts on p.14), not p.14 as given in location; the requested figure itself is on p.15.",
o-b8c70aba95,dma-budget-address-2024-25,cbi_fiscal_revenue,FY2024/25,budget,agree,confirmed,760.0,million,PDF p. 37,760.0,million,"PDF p. 37 (printed p. 35), not p. 36 as given in the location","Revenue Mobilization section, projected FY2024/25 recurrent revenue breakdown",high,1,"Of the $1,202.5 million recurrent revenue which is projected, we expect to raise tax revenues of at least $414.1 million, $760.0 million through the CBI, and other recurrent revenues, such as fees and licences totaling $28.4.","The requested location (PDF p.36) is one page off; the actual figure is on PDF p.37 (printed page 35), in the 'REVENUE MOBILIZATION' section. Note the text seems to have a typo/omission ('totaling $28.4' -- presumably $28.4 million, missing 'million').",
o-f7eb5fdfc3,dma-budget-address-2025-26,cbi_fiscal_revenue,FY2025/26,budget,agree,confirmed,635.0,million,PDF p. 44,635.0,million,PDF p. 44,FY2025/26 recurrent revenue estimate,high,1,"The recurrent revenue estimates comprise tax revenues of $443.9 million, $635.0 million from the CBI, and other recurrent revenues...","Location given as 'PDF p. 43' but the actual sentence is on PDF p. 44 (printed page 41), under 'REVENUE MOBILIZATION'.",
o-16a6fa7032,dma-budget-address-2025-26,cbi_fiscal_revenue_pct_revenue,FY2024/25,provisional,agree,confirmed,58,1,PDF p. 5,58,1,PDF p. 5,FY2024/25 (year-in-review narrative),high,1,The CBI continues to be a critical source of financing mainly for capital expenditure and accounts for roughly 58 percent of total revenues.,"Location given as 'PDF p. 4' but the actual sentence is on PDF p. 5 (printed page 2), in the paragraph discussing Fiscal Year 2024/2025 performance.",
o-167b9907ef,dma-imf-art4-2016,cbi_fiscal_revenue,FY2015/16,estimate,agree,confirmed,67.0,million,"PDF p. 36, Table 5a (Statement of Operations of the Central Government, Active Scenario, EC$ millions), row ""Of which: ECP""",67.0,million,PDF p. 36,2015 (=FY2015/16 per footnote 2/),high,1,"Table 5a, Other nontax revenue, of which: ECP, 2015 column: 67.0","Footnote 2/ states fiscal year (July-June) basis, figures for a given year relate to FY beginning July 1 of that year.",
o-63d371b1ca,dma-imf-art4-2016,cbi_fiscal_revenue,FY2016/17,projection,agree,confirmed,50.0,million,"PDF p. 36, Table 5a (Statement of Operations of the Central Government, Active Scenario, EC$ millions), row ""Of which: ECP""",50.0,million,PDF p. 36,2016 Projected (=FY2016/17),high,1,"Table 5a, Of which: ECP, 2016 column: 50.0",,
o-6a03601f57,dma-imf-art4-2016,cbi_fiscal_revenue,FY2016/17,budget,agree,confirmed,166.0,million,"PDF p. 69, Supplement Table 1 (Fiscal Developments, FY2015-16), column ""FY2016 Draft Budget""",166.0,million,PDF p. 69,FY2016 Draft Budget,high,1,"Table 1 (Fiscal Developments, FY2015-16), Non Tax Revenue 'of which: ECP', FY2016 Draft Budget column: 166.0",,
o-9b23156c51,dma-imf-art4-2016,cbi_fiscal_revenue_pct_gdp,FY2014/15,estimate,agree,confirmed,1.7,1,"PDF p. 37, Table 5b (percent of GDP), row ""Of which: ECP""",1.7,1,PDF p. 37,2014 (=FY2014/15),high,1,"Table 5b (% GDP), Of which: ECP, 2014 column: 1.7",,
o-c2853ecb0d,dma-imf-art4-2016,cbi_fiscal_revenue_pct_gdp,FY2015/16,estimate,agree,confirmed,4.9,1,"PDF p. 37, Table 5b (percent of GDP), row ""Of which: ECP""",4.9,1,PDF p. 37,2015 (=FY2015/16),high,1,"Table 5b, Of which: ECP, 2015 column: 4.9",,
o-48bf12fa36,dma-imf-art4-2016,cbi_fiscal_revenue_pct_gdp,FY2016/17,projection,agree,confirmed,3.6,1,"PDF p. 37, Table 5b (percent of GDP), row ""Of which: ECP""",3.6,1,PDF p. 37,2016 Projected (=FY2016/17),high,1,"Table 5b, Of which: ECP, 2016 column: 3.6",,
o-4b84f1918e,dma-imf-art4-2016,cbi_fiscal_revenue_pct_gdp,FY2016/17,budget,agree,confirmed,11.9,1,"PDF p. 68, Supplement (Draft Budget FY2016)",11.9,1,PDF p. 68,FY2016 Draft Budget,high,1,'...non-tax revenues are also improved... mainly as a result of the collection of ECP revenues at 11.9 percent of GDP - which would be a historical record and an increase of 7 percent of GDP relative to FY2015/16.',Matches Table 1 (p.69) FY2016 Draft Budget column value of 11.9% of GDP for 'of which: ECP'.,
o-5c06d39b99,dma-imf-art4-2017,cbi_inflows_pct_gdp,2015,estimate,agree,confirmed,3.4,1,"PDF p. 12, para on external sector",3.4,1,PDF p. 12,2015,high,1,"""...offset by CBI revenues, which increased from 3.4 percent of GDP in 2015 to estimated 7.4 percent in 2016""",,
o-fa1adeef33,dma-imf-art4-2017,cbi_inflows_pct_gdp,2016,estimate,agree,confirmed,7.4,1,"PDF p. 12, para on external sector",7.4,1,PDF p. 12,2016 (estimated),high,1,"""...to estimated 7.4 percent in 2016""",Explicitly labeled an estimate.,
o-3d15781e26,dma-imf-art4-2018,cbi_fiscal_revenue_pct_gdp,FY2017/18,estimate,agree,confirmed,13.9,1,"PDF p. 36, Table 3b (percent of GDP)",13.9,1,PDF p. 36,2017 Proj.,high,1,Citizenship-by-Investment percent of GDP: 13.9,Column 2017 = FY2017/18; projected.,
o-25d51122eb,dma-imf-art4-2018,cbi_fiscal_revenue_pct_gdp,FY2018/19,projection,agree,confirmed,7.8,1,"PDF p. 36, Table 3b (percent of GDP)",7.8,1,PDF p. 36,2018 Proj.,high,1,Citizenship-by-Investment percent of GDP: 7.8,Column 2018 = FY2018/19; projected.,
o-ccfba347c5,dma-imf-art4-2021,cbi_fiscal_revenue,FY2016/17,estimate,agree,confirmed,491.2,million,"PDF p. 34, Table 2a (Central Government Operations, EC$ millions)",491.2,million,PDF p. 34,2016 (FY2016/17),high,1,"Citizenship-by-Investment 491.2 (under Other nontax revenue, of which:)",,
o-5ed2ef16fd,dma-imf-art4-2021,cbi_fiscal_revenue,FY2017/18,estimate,agree,confirmed,315.4,million,"PDF p. 34, Table 2a (Central Government Operations, EC$ millions)",315.4,million,PDF p. 34,2017 (FY2017/18),high,1,Citizenship-by-Investment 315.4,,
o-9c3a4f6218,dma-imf-art4-2021,cbi_fiscal_revenue,FY2018/19,estimate,agree,confirmed,208.3,million,"PDF p. 34, Table 2a (Central Government Operations, EC$ millions)",208.3,million,PDF p. 34,2018 (FY2018/19),high,1,Citizenship-by-Investment 208.3,,
o-569a971ab3,dma-imf-art4-2021,cbi_fiscal_revenue,FY2021/22,projection,agree,confirmed,404.0,million,"PDF p. 34, Table 2a (Central Government Operations, EC$ millions)",404.0,million,PDF p. 34,2021 Projected (FY2021/22),high,1,"Citizenship-by-Investment 404.0, column 2021 under Projected span",,
o-d500cf737b,dma-imf-art4-2021,cbi_fiscal_revenue_pct_gdp,FY2016/17,estimate,agree,confirmed,32.6,1,"PDF p. 35, Table 2b (Central Government Operations, percent of GDP)",32.6,1,PDF p. 35,2016 (FY2016/17),high,1,Citizenship-by-Investment 32.6 percent of GDP,,
o-e81ece04f6,dma-imf-art4-2021,cbi_fiscal_revenue_pct_gdp,FY2017/18,estimate,agree,confirmed,21.2,1,"PDF p. 35, Table 2b (Central Government Operations, percent of GDP)",21.2,1,PDF p. 35,2017 (FY2017/18),high,1,Citizenship-by-Investment 21.2 percent of GDP,,
o-31cf4f5084,dma-imf-art4-2021,cbi_fiscal_revenue_pct_gdp,FY2018/19,estimate,agree,confirmed,13.1,1,"PDF p. 35, Table 2b (Central Government Operations, percent of GDP)",13.1,1,PDF p. 35,2018 (FY2018/19),high,1,Citizenship-by-Investment 13.1 percent of GDP,,
o-e0baa8f899,dma-imf-art4-2021,cbi_fiscal_revenue_pct_gdp,FY2019/20,estimate,agree,confirmed,11.6,1,"PDF p. 35, Table 2b (Central Government Operations, percent of GDP)",11.6,1,PDF p. 35,2019 (FY2019/20),high,1,Citizenship-by-Investment 11.6 percent of GDP,,
o-322c75aa96,dma-imf-art4-2021,cbi_fiscal_revenue_pct_gdp,FY2020/21,provisional,agree,confirmed,29.5,1,"PDF p. 35, Table 2b (Central Government Operations, percent of GDP)",29.5,1,PDF p. 35,2020 Prel. (FY2020/21),high,1,"Citizenship-by-Investment 29.5 percent of GDP, column 2020 marked Prel.",,
o-50f74f94a8,dma-imf-art4-2021,cbi_fiscal_revenue_pct_gdp,FY2021/22,projection,agree,confirmed,24.5,1,"PDF p. 35, Table 2b (Central Government Operations, percent of GDP)",24.5,1,PDF p. 35,2021 Projected (FY2021/22),high,1,"Citizenship-by-Investment 24.5 percent of GDP, column 2021 under Projected span",,
o-959892f5ce,dma-imf-art4-2023,cbi_fiscal_revenue_pct_gdp,FY2021/22,provisional,agree,confirmed,28.6,1,"PDF p. 36, Table 3b (Statement of Operations of the Central Government)",28.6,1,PDF p. 36,"2021 (FY2021/22, Prel.)",high,1,"Table 3b, Other nontax revenue, of which: Citizenship-by-Investment (percent of GDP): 28.6 (2021 column, Prel.)","Fiscal year (July-June) basis; column '2021' = FY2021/22, labeled 'Prel.' in the table header.",
o-50157fc62d,dma-imf-art4-2023,cbi_fiscal_revenue_pct_gdp,FY2022/23,projection,agree,confirmed,18.0,1,"PDF p. 36, Table 3b (Statement of Operations of the Central Government)",18.0,1,PDF p. 36,"2022 (FY2022/23, Projected)",high,1,"Table 3b, Other nontax revenue, of which: Citizenship-by-Investment (percent of GDP): 18.0 (2022 column)","Fiscal year (July-June) basis; column '2022' = FY2022/23, under 'Projected' header.",
o-c9a2966091,dma-imf-art4-2024,cbi_fiscal_revenue,FY2019/20,estimate,agree,confirmed,182.4,million,"PDF p. 33, Table 3a (Statement of Operations of the Central Government)",182.4,million,PDF p. 33,2019 (FY2019/20),high,1,"Citizenship-by-Investment 182.4 (under Other nontax revenue, of which:)",,
o-a23524d41e,dma-imf-art4-2024,cbi_fiscal_revenue,FY2023/24,provisional,agree,confirmed,331.0,million,"PDF p. 33, Table 3a (Statement of Operations of the Central Government)",331.0,million,PDF p. 33,2023 Prel. (FY2023/24),high,1,"Citizenship-by-Investment 331.0, column 2023 marked Prel.",,
o-aef000b0f6,dma-imf-art4-2024,cbi_fiscal_revenue,FY2024/25,projection,agree,confirmed,304.2,million,"PDF p. 33, Table 3a (Statement of Operations of the Central Government)",304.2,million,PDF p. 33,2024 Projected (FY2024/25),high,1,"Citizenship-by-Investment 304.2, column 2024 under Projected span",,
o-823f478953,dma-imf-art4-2024,cbi_fiscal_revenue_pct_gdp,FY2019/20,estimate,agree,confirmed,12.1,1,"PDF p. 34, Table 3b (in percent of GDP)",12.1,1,PDF p. 34,2019 (FY2019/20),high,1,Citizenship-by-Investment 12.1 percent of GDP,,
o-8afa3f1565,dma-imf-art4-2024,cbi_fiscal_revenue_pct_gdp,FY2023/24,provisional,agree,confirmed,18.0,1,"PDF p. 34, Table 3b (in percent of GDP)",18.0,1,PDF p. 34,2023 Prel. (FY2023/24),high,1,"Citizenship-by-Investment 18.0 percent of GDP, column 2023 marked Prel.",,
o-e255dfd4b8,dma-imf-art4-2024,cbi_fiscal_revenue_pct_gdp,FY2024/25,projection,agree,confirmed,15.4,1,"PDF p. 34, Table 3b (in percent of GDP)",15.4,1,PDF p. 34,2024 Projected (FY2024/25),high,1,"Citizenship-by-Investment 15.4 percent of GDP, column 2024 under Projected span",,
o-d26a4dc31a,dma-imf-art4-2024,cbi_inflows,2019,estimate,agree,confirmed,72.3,million,"PDF p. 32, Table 2 (Balance of Payments, US$ millions)",72.3,million,PDF p. 32,2019,high,1,of which Citizenship By Investment 72.3 (US$ millions),,
o-0982b5d356,dma-imf-art4-2024,cbi_inflows,2023,estimate,agree,confirmed,177.1,million,"PDF p. 32, Table 2 (Balance of Payments, US$ millions)",177.1,million,PDF p. 32,2023 Est.,high,1,"of which Citizenship By Investment 177.1, column 2023 marked Est.",,
o-f82e239a97,dma-imf-art4-2024,cbi_inflows,2024,projection,agree,confirmed,117.6,million,"PDF p. 32, Table 2 (Balance of Payments, US$ millions)",117.6,million,PDF p. 32,2024 Projected,high,1,"of which Citizenship By Investment 117.6, column 2024 under Projected span",,
o-97021c594c,dma-imf-art4-2024,cbi_inflows_pct_gdp,2019,estimate,agree,confirmed,11.8,1,"PDF p. 32, Table 2 (Balance of Payments, percent of GDP)",11.8,1,PDF p. 32,2019,high,1,of which Citizenship By Investment 11.8 percent of GDP,,
o-1008705ae2,dma-imf-art4-2024,cbi_inflows_pct_gdp,2022,estimate,agree,confirmed,33.0,1,"PDF p. 32, Table 2 (Balance of Payments, percent of GDP)",33.0,1,PDF p. 32,2022,high,1,of which Citizenship By Investment 33.0 percent of GDP,,
o-96b3051ad2,dma-imf-art4-2024,cbi_inflows_pct_gdp,2023,estimate,agree,confirmed,26.9,1,"PDF p. 32, Table 2 (Balance of Payments, percent of GDP)",26.9,1,PDF p. 32,2023 Est.,high,1,"of which Citizenship By Investment 26.9 percent of GDP, column 2023 marked Est.",,
o-55588efcbe,dma-imf-art4-2024,cbi_inflows_pct_gdp,2024,projection,agree,confirmed,16.6,1,"PDF p. 32, Table 2 (Balance of Payments, percent of GDP)",16.6,1,PDF p. 32,2024 Projected,high,1,"of which Citizenship By Investment 16.6 percent of GDP, column 2024 under Projected span",,
o-9a145e3c49,dma-imf-art4-2025,cbi_fiscal_revenue,FY2020/21,estimate,agree,confirmed,448.0,million,"PDF p. 35, Table 3a (Statement of Operations of the Central Government)",448.0,million,PDF p. 35,2020 (FY2020/21),high,1,"Citizenship-by-Investment 448.0 (under Other nontax revenue, of which:)","Table 3a, column 2020 = FY2020/21 per footnote 2 (fiscal year beginning July 1 of that year).",
o-c6df6e5a5d,dma-imf-art4-2025,cbi_fiscal_revenue,FY2024/25,estimate,agree,confirmed,585.6,million,"PDF p. 35, Table 3a (Statement of Operations of the Central Government)",585.6,million,PDF p. 35,2024 Est. (FY2024/25),high,1,"Citizenship-by-Investment 585.6, column 2024 marked Est.",,
o-e478a1dfbd,dma-imf-art4-2025,cbi_fiscal_revenue,FY2025/26,projection,agree,confirmed,491.0,million,"PDF p. 35, Table 3a (Statement of Operations of the Central Government)",491.0,million,PDF p. 35,2025 Proj. (FY2025/26),high,1,"Citizenship-by-Investment 491.0, column 2025 marked Proj.",,
o-10a473b838,dma-imf-art4-2025,cbi_fiscal_revenue_pct_gdp,FY2020/21,estimate,agree,confirmed,31.3,1,"PDF p. 36, Table 3b (in percent of GDP)",31.3,1,PDF p. 36,2020 (FY2020/21),high,1,"Citizenship-by-Investment 31.3 percent of GDP (under Other nontax revenue, of which:)","Two rows labelled Citizenship-by-Investment appear on this page: this sub-item row (31.3) matches cbi_fiscal_revenue/GDP exactly (448.0/1430=31.3%); a separate Memorandum-item row 'Citizenship By Investment' shows a different value (23.2) for the same column, likely a different calculation basis - see comment on other pct_gdp rows.",
o-82f0eedc93,dma-imf-art4-2025,cbi_fiscal_revenue_pct_gdp,FY2022/23,estimate,agree,confirmed,36.7,1,"PDF p. 36, Table 3b (in percent of GDP)",36.7,1,PDF p. 36,2022 (FY2022/23),high,1,Citizenship-by-Investment 36.7 percent of GDP,Memo-item alternate row shows 33.1 for the same column - see comment on o-10a473b838.,
o-57a0b91275,dma-imf-art4-2025,cbi_fiscal_revenue_pct_gdp,FY2023/24,estimate,agree,confirmed,33.0,1,"PDF p. 36, Table 3b (in percent of GDP)",33.0,1,PDF p. 36,2023 (FY2023/24),high,1,Citizenship-by-Investment 33.0 percent of GDP,Memo-item alternate row shows 34.8 for the same column.,
o-67a4bb9bb1,dma-imf-art4-2025,cbi_fiscal_revenue_pct_gdp,FY2024/25,estimate,agree,confirmed,30.0,1,"PDF p. 36, Table 3b (in percent of GDP)",30.0,1,PDF p. 36,2024 Est. (FY2024/25),high,1,"Citizenship-by-Investment 30.0 percent of GDP, column 2024 marked Est.",Memo-item alternate row shows 31.5 for the same column.,
o-0b1269905a,dma-imf-art4-2025,cbi_fiscal_revenue_pct_gdp,FY2025/26,projection,agree,confirmed,23.6,1,"PDF p. 36, Table 3b (in percent of GDP)",23.6,1,PDF p. 36,2025 Proj. (FY2025/26),high,1,"Citizenship-by-Investment 23.6 percent of GDP, column 2025 marked Proj.",Memo-item alternate row shows 26.7 for the same column.,
o-5866d0aaae,dma-imf-art4-2025,cbi_inflows,2020,estimate,agree,confirmed,116.7,million,"PDF p. 34, Table 2 (Balance of Payments, US$ millions)",116.7,million,PDF p. 34,2020,high,1,Capital account: of which Citizenship By Investment 116.7 (US$ millions),,
o-2eb2fb9fcd,dma-imf-art4-2025,cbi_inflows,2024,provisional,agree,confirmed,220.0,million,"PDF p. 34, Table 2 (Balance of Payments, US$ millions)",220.0,million,PDF p. 34,2024 Prel.,high,1,"of which Citizenship By Investment 220.0, column 2024 marked Prel.",,
o-642c1776dc,dma-imf-art4-2025,cbi_inflows,2025,projection,agree,confirmed,199.4,million,"PDF p. 34, Table 2 (Balance of Payments, US$ millions)",199.4,million,PDF p. 34,2025 Proj.,high,1,"of which Citizenship By Investment 199.4, column 2025 marked Proj.",,
o-c929d1c25d,dma-imf-art4-2025,cbi_inflows_pct_gdp,2020,estimate,agree,confirmed,23.2,1,"PDF p. 34, Table 2 (Balance of Payments, percent of GDP)",23.2,1,PDF p. 34,2020,high,1,of which Citizenship By Investment 23.2 percent of GDP,,
o-25237c0d92,dma-imf-art4-2025,cbi_inflows_pct_gdp,2023,estimate,agree,confirmed,34.8,1,"PDF p. 34, Table 2 (Balance of Payments, percent of GDP)",34.8,1,PDF p. 34,2023,high,1,of which Citizenship By Investment 34.8 percent of GDP,,
o-bf5ccf7639,dma-imf-art4-2025,cbi_inflows_pct_gdp,2024,provisional,agree,confirmed,31.5,1,"PDF p. 34, Table 2 (Balance of Payments, percent of GDP)",31.5,1,PDF p. 34,2024 Prel.,high,1,"of which Citizenship By Investment 31.5 percent of GDP, column 2024 marked Prel.",,
o-9419e0c65b,dma-imf-art4-2025,cbi_inflows_pct_gdp,2025,projection,agree,confirmed,26.7,1,"PDF p. 34, Table 2 (Balance of Payments, percent of GDP)",26.7,1,PDF p. 34,2025 Proj.,high,1,"of which Citizenship By Investment 26.7 percent of GDP, column 2025 marked Proj.",,
o-ee87b024cf,dma-imf-art4-2026,cbi_fiscal_revenue,FY2021/22,estimate,agree,confirmed,458.6,million,"PDF p. 35, Table 3a (Statement of Operations of the Central Government)",458.6,million,PDF p. 35,2021 (=FY2021/22 per footnote 2/),high,1,"Other nontax revenue, of which: Citizenship-by-Investment: 458.6 (2021 column)","Table 3a. Footnote 2/ states figures for a given year relate to FY beginning July 1 of that year, so column '2021' = FY2021/22.",
o-6a7e5c9fa8,dma-imf-art4-2026,cbi_fiscal_revenue,FY2022/23,estimate,agree,confirmed,625.3,million,"PDF p. 35, Table 3a (Statement of Operations of the Central Government)",625.3,million,PDF p. 35,2022 (=FY2022/23),high,1,"Citizenship-by-Investment row, 2022 column: 625.3",,
o-73ad1f4d41,dma-imf-art4-2026,cbi_fiscal_revenue,FY2023/24,estimate,agree,confirmed,602.3,million,"PDF p. 35, Table 3a (Statement of Operations of the Central Government)",602.3,million,PDF p. 35,2023 (=FY2023/24),high,1,"Citizenship-by-Investment row, 2023 column: 602.3",,
o-c3f839f344,dma-imf-art4-2026,cbi_fiscal_revenue,FY2024/25,estimate,agree,confirmed,670.5,million,"PDF p. 35, Table 3a (Statement of Operations of the Central Government)",670.5,million,PDF p. 35,2024 Est. (=FY2024/25),high,1,"Citizenship-by-Investment row, 2024 (Est.) column: 670.5",,
o-0424407cae,dma-imf-art4-2026,cbi_fiscal_revenue_pct_gdp,FY2021/22,estimate,agree,confirmed,29.2,1,"PDF p. 36, Table 3b (in percent of GDP)",29.2,1,PDF p. 36,2021 (=FY2021/22),high,1,"Table 3b (percent of GDP), Citizenship-by-Investment row, 2021 column: 29.2",,
o-fff3aabbb9,dma-imf-art4-2026,cbi_fiscal_revenue_pct_gdp,FY2022/23,estimate,agree,confirmed,36.6,1,"PDF p. 36, Table 3b (in percent of GDP)",36.6,1,PDF p. 36,2022 (=FY2022/23),high,1,"Citizenship-by-Investment row, 2022 column: 36.6",,
o-225c58e661,dma-imf-art4-2026,cbi_fiscal_revenue_pct_gdp,FY2023/24,estimate,agree,confirmed,33.1,1,"PDF p. 36, Table 3b (in percent of GDP)",33.1,1,PDF p. 36,2023 (=FY2023/24),high,1,"Citizenship-by-Investment row, 2023 column: 33.1",,
o-1546c19e71,dma-imf-art4-2026,cbi_fiscal_revenue_pct_gdp,FY2024/25,estimate,agree,confirmed,34.7,1,"PDF p. 36, Table 3b (in percent of GDP)",34.7,1,PDF p. 36,2024 Est. (=FY2024/25),high,1,"Citizenship-by-Investment row, 2024 (Est.) column: 34.7",,
o-dda2c3c135,dma-imf-art4-2026,cbi_inflows,2021,estimate,agree,confirmed,167.9,million,"PDF p. 34, Table 2 (Balance of Payments, US$ millions)",167.9,million,PDF p. 34,2021,high,1,"Capital transfers, of which Citizenship By Investment: 167.9 (2021)","Table 2 Balance of Payments, in millions of U.S. dollars section.",
o-7e61c6e9fc,dma-imf-art4-2026,cbi_inflows,2022,estimate,agree,confirmed,200.7,million,"PDF p. 34, Table 2 (Balance of Payments, US$ millions)",200.7,million,PDF p. 34,2022,high,1,of which Citizenship By Investment: 200.7 (2022),,
o-914bf92a32,dma-imf-art4-2026,cbi_inflows,2023,estimate,agree,confirmed,227.3,million,"PDF p. 34, Table 2 (Balance of Payments, US$ millions)",227.3,million,PDF p. 34,2023,high,1,of which Citizenship By Investment: 227.3 (2023),,
o-8c8a40d210,dma-imf-art4-2026,cbi_inflows,2024,estimate,agree,confirmed,235.7,million,"PDF p. 34, Table 2 (Balance of Payments, US$ millions)",235.7,million,PDF p. 34,2024,high,1,of which Citizenship By Investment: 235.7 (2024),,
o-6ffd2167ce,dma-imf-art4-2026,cbi_inflows,2025,provisional,agree,confirmed,229.7,million,"PDF p. 34, Table 2 (Balance of Payments, US$ millions)",229.7,million,PDF p. 34,2025 Prel.,high,1,"of which Citizenship By Investment: 229.7 (2025, Prel.)",,
o-de558d9fa2,dma-imf-art4-2026,cbi_inflows,2026,projection,agree,confirmed,187.9,million,"PDF p. 34, Table 2 (Balance of Payments, US$ millions)",187.9,million,PDF p. 34,2026 Proj.,high,1,"of which Citizenship By Investment: 187.9 (2026, Proj.)",,
o-0e1bd3b8ab,dma-imf-art4-2026,cbi_inflows_pct_gdp,2021,estimate,agree,confirmed,30.2,1,"PDF p. 34, Table 2 (Balance of Payments, percent of GDP)",30.2,1,PDF p. 34,2021,high,1,"percent of GDP section, of which Citizenship By Investment: 30.2 (2021)",,
o-44ab717b9c,dma-imf-art4-2026,cbi_inflows_pct_gdp,2022,estimate,agree,confirmed,33.1,1,"PDF p. 34, Table 2 (Balance of Payments, percent of GDP)",33.1,1,PDF p. 34,2022,high,1,of which Citizenship By Investment: 33.1 (2022),,
o-4694ee62e6,dma-imf-art4-2026,cbi_inflows_pct_gdp,2023,estimate,agree,confirmed,34.5,1,"PDF p. 34, Table 2 (Balance of Payments, percent of GDP)",34.5,1,PDF p. 34,2023,high,1,of which Citizenship By Investment: 34.5 (2023),,
o-d2d1ecc2b3,dma-imf-art4-2026,cbi_inflows_pct_gdp,2024,estimate,agree,confirmed,34.2,1,"PDF p. 34, Table 2 (Balance of Payments, percent of GDP)",34.2,1,PDF p. 34,2024,high,1,of which Citizenship By Investment: 34.2 (2024),,
o-0ec73752ed,dma-imf-art4-2026,cbi_inflows_pct_gdp,2025,provisional,agree,confirmed,30.9,1,"PDF p. 34, Table 2 (Balance of Payments, percent of GDP)",30.9,1,PDF p. 34,2025 Prel.,high,1,"of which Citizenship By Investment: 30.9 (2025, Prel.)",,
o-f9563a9e54,dma-imf-art4-2026,cbi_inflows_pct_gdp,2026,projection,agree,confirmed,23.8,1,"PDF p. 34, Table 2 (Balance of Payments, percent of GDP)",23.8,1,PDF p. 34,2026 Proj.,high,1,"of which Citizenship By Investment: 23.8 (2026, Proj.)",,
o-c11b6fa555,dma-imf-wp-15-93,cbi_fiscal_revenue_pct_gdp,2013,estimate,agree,confirmed,3.4,1,"PDF p. 14, Box 1",3.4,1,"PDF p. 14, Box 1",2013,high,1,"ECP receipts, in the form of fees to the budget increased from less than 1 percent of GDP in 2008 to an estimated 13 and 3.4 percent of GDP in St. Kitts and Nevis and Dominica, in 2013, respectively",Box 1 also contains a 'Dominica ECP Inflows and Fiscal Balance' bar chart with an 'ECP fees' series through 2013 that is broadly consistent but not separately labelled with exact values.,
o-86a302e531,grc-mma-legal-migration-2022-12,residence_permits_valid,2022-12-31,actual,agree,confirmed,31747,1,"p. 11, Γράφημα 15",31 747,1,PDF p. 11,,high,1,"Γράφημα 15 (Chart 15), donut chart total (Σύνολο) = 31 747, titled 'Total valid golden visa residence permits – December 2022'",,
o-e497ea64f3,grc-mma-legal-migration-2022-12-annexb,applications_received,2022,provisional,agree,confirmed,4264,1,"p. 12, Πίνακας 13α",4.264,1,p. 12,"2022, ΑΡΧΙΚΕΣ ΧΟΡΗΓΗΣΕΙΣ, ΣΥΝΟΛΟ",medium,1,"Πίνακας 13α, ΑΡΧΙΚΕΣ ΧΟΡΗΓΗΣΕΙΣ, έτος 2022, ΣΥΝΟΛΟ: 4.264","Number printed with Greek thousands-separator convention (4.264 = four thousand two hundred sixty-four). This is initial-grant investor applications filed in 2022; the table also has a separate 2022 renewals ('ΑΝΑΝΕΩΣΕΙΣ') row totalling 1.283, not included here since 'applications_received' likely refers to new/initial applications.",
o-759bb54493,grc-mma-legal-migration-2022-12-annexb,family_permits_valid_initial,2022-12-31,actual,agree,confirmed,17834,1,"p. 11, Πίνακας 12β",17.834,1,p. 11,"ΔΕΚΕΜΒΡΙΟΣ 2022, ΑΡΧ. ΧΟΡΗΓΗΣΗ, ΣΥΝΟΛΟ",high,1,"Πίνακας 12β (ΜΕΛΗ ΟΙΚΟΓΕΝΕΙΑΣ ΕΠΕΝΔΥΤΩΝ - ΔΕΚΕΜΒΡΙΟΣ 2022), ΑΡΧ. ΧΟΡΗΓΗΣΗ ΣΥΝΟΛΟ: 17.834","Greek thousands separator (17.834 = 17,834).",
o-ebf6c1a77b,grc-mma-legal-migration-2022-12-annexb,family_permits_valid_renewal,2022-12-31,actual,agree,confirmed,2481,1,"p. 11, Πίνακας 12β",2.481,1,p. 11,"ΔΕΚΕΜΒΡΙΟΣ 2022, ΑΝΑΝΕΩΣΗ/ΕΠΑΝΕΚΔΟΣΗ, ΣΥΝΟΛΟ",high,1,"Πίνακας 12β, ΑΝΑΝΕΩΣΗ/ΕΠΑΝΕΚΔΟΣΗ ΣΥΝΟΛΟ: 2.481","Greek thousands separator (2.481 = 2,481).",
o-1b2e081336,grc-mma-legal-migration-2022-12-annexb,investor_permits_valid_initial,2022-12-31,actual,agree,confirmed,9802,1,"p. 11, Πίνακας 12α",9.802,1,p. 11,"ΔΕΚΕΜΒΡΙΟΣ 2022, ΑΡΧ. ΧΟΡΗΓΗΣΗ, ΣΥΝΟΛΟ",high,1,"Πίνακας 12α (ΜΟΝΙΜΟΣ ΕΠΕΝΔΥΤΗΣ - ΔΕΚΕΜΒΡΙΟΣ 2022), ΑΡΧ. ΧΟΡΗΓΗΣΗ ΣΥΝΟΛΟ: 9.802","Greek thousands separator (9.802 = 9,802).",
o-bce839ccfd,grc-mma-legal-migration-2022-12-annexb,investor_permits_valid_initial_chn,2022-12-31,actual,agree,confirmed,6159,1,"p. 11, Πίνακας 12α",6.159,1,p. 11,"ΔΕΚΕΜΒΡΙΟΣ 2022, ΑΡΧ. ΧΟΡΗΓΗΣΗ, ΚΙΝΑ",high,1,"Πίνακας 12α, ΑΡΧ. ΧΟΡΗΓΗΣΗ row 1 ΚΙΝΑ: 6.159 (62,8%)","Greek thousands separator (6.159 = 6,159).",
o-0c81018871,grc-mma-legal-migration-2022-12-annexb,investor_permits_valid_renewal,2022-12-31,actual,agree,confirmed,1630,1,"p. 11, Πίνακας 12α",1.630,1,p. 11,"ΔΕΚΕΜΒΡΙΟΣ 2022, ΑΝΑΝΕΩΣΗ/ΕΠΑΝΕΚΔΟΣΗ, ΣΥΝΟΛΟ",high,1,"Πίνακας 12α, ΑΝΑΝΕΩΣΗ/ΕΠΑΝΕΚΔΟΣΗ ΣΥΝΟΛΟ: 1.630","Greek thousands separator (1.630 = 1,630).",
o-9901931d84,grc-mma-legal-migration-2022-12-annexb,main_applicants_approved,2021-12/2022-12,actual,agree,confirmed,2241,1,"p. 14, Πίνακας 15",2.241,1,p. 14,"Δεκ-21 to Δεκ-22, ΕΚΔΟΘΕΙΣΕΣ-ΑΡΧΙΚΗ ΧΟΡΗΓΗΣΗ, ΣΥΝΟΛΟ",high,1,"Πίνακας 15 (by month of decision issuance, Δεκ-21 - Δεκ-22), ΣΥΝΟΛΟ row, 'ΕΚΔΟΘΕΙΣΕΣ - ΑΡΧΙΚΗ ΧΟΡΗΓΗΣΗ' column: 2.241","Greek thousands separator (2.241 = 2,241). This is initial-grant investor permits issued; table also has a renewal column (671) and grand total (2.912), see o-3b460e0e86.",
o-3b460e0e86,grc-mma-legal-migration-2022-12-annexb,residence_permits_issued,2021-12/2022-12,actual,agree,confirmed,2912,1,"p. 14, Πίνακας 15",2.912,1,p. 14,"Δεκ-21 to Δεκ-22, ΣΥΝΟΛΟ (initial+renewal)",medium,1,"Πίνακας 15, ΣΥΝΟΛΟ row, overall ΣΥΝΟΛΟ column: 2.912","Greek thousands separator (2.912 = 2,912). Grand total of initial grants (2.241) plus renewals (671) of investor permits by decision-issuance month; table 15 covers investor-only permits (not family members).",
o-567af48603,grc-mma-legal-migration-2023-12,residence_permits_valid,2023-12-31,actual,agree,confirmed,41142,1,"p. 11, Γράφημα 15",41 142,1,p. 11,"December 2023, Σύνολο (Total)",high,1,"Γράφημα 15. Συνολικές Ισχύουσες άδειες διαμονής μόνιμου επενδυτή – Δεκέμβριος 2023: Σύνολο 41 142 (30% Αρχική άδεια, 52% Αρχική μέλη οικογένειας, 11% Ανανέωση άδεια, 7% Ανανέωση μέλη οικογένειας)","Donut chart total for all valid permanent-investor (Golden Visa) residence permits as of Dec 2023, covering initial grants and renewals for both main investors and family members. Value printed with a space as thousands separator, preserved as printed.",
o-26fabdb19b,grc-mma-legal-migration-2023-12-annexb,applications_pending,2023-12-31,actual,agree,confirmed,8797,1,"p. 14, Πίνακας 16",8.797,1,printed p. 14,ΣΥΝΟΛΟ,high,1,"ΑΔΕΙΑ ΔΙΑΜΟΝΗΣ ΜΟΝΙΜΟΥ ΕΠΕΝΔΥΤΗ (Ν4251/14) row, ΣΥΝΟΛΟ column: 8.797",Πίνακας 16 (matches Πίνακας 17 Γενικό Άθροισμα = 8.797).,
o-4226ac7e79,grc-mma-legal-migration-2023-12-annexb,applications_received,2018-2023,actual,agree,confirmed,22298,1,"p. 11, Πίνακας 13α",22.298,1,"p. 11, Πίνακας 13α","ΣΥΝΟΛΟ ΑΡΧΙΚΩΝ ΧΟΡΗΓΗΣΕΩΝ (initial grants only, excl. renewals) - ΣΥΝΟΛΟ column, cumulative 2018-2023",high,2,ΣΥΝΟΛΟ ΑΡΧΙΚΩΝ ΧΟΡΗΓΗΣΕΩΝ: 14.499 125 78 7.596 22.298,"Table splits ΑΡΧΙΚΕΣ ΧΟΡΗΓΗΣΕΙΣ (initial) vs ΑΝΑΝΕΩΣΕΙΣ (renewals) sections; used the initial-grants total row's ΣΥΝΟΛΟ column, consistent with definition excluding renewals.",
o-dc8a73c3a0,grc-mma-legal-migration-2023-12-annexb,applications_received,2023,provisional,agree,confirmed,8351,1,"p. 11, Πίνακας 13α",8.351,1,"p. 11, Πίνακας 13α","ΑΡΧΙΚΕΣ ΧΟΡΗΓΗΣΕΙΣ, row 2023, ΣΥΝΟΛΟ column",high,2,2023: 1.665 17 [blank] 6.669 8.351,"2023 row total is largely pending (6.669 of 8.351), consistent with it being a provisional/incomplete figure for the still-open year.",
o-13d2379636,grc-mma-legal-migration-2023-12-annexb,family_permits_valid_initial,2023-12-31,actual,agree,confirmed,21520,1,"p. 10, Πίνακας 12β",21.520,1,PDF p. 10,ΑΡΧΙΚΗ ΧΟΡΗΓΗΣΗ ΣΥΝΟΛΟ,high,1,"ΜΕΛΗ ΟΙΚΟΓΕΝΕΙΑΣ ΕΠΕΝΔΥΤΩΝ - ΔΕΚΕΜΒΡΙΟΣ 2023, ΣΥΝΟΛΟ (ΑΡΧΙΚΗ ΧΟΡΗΓΗΣΗ): 21.520","Πίνακας 12β, right-hand block (ΑΡΧΙΚΗ ΧΟΡΗΓΗΣΗ), ΣΥΝΟΛΟ row.",
o-3534f6dc51,grc-mma-legal-migration-2023-12-annexb,family_permits_valid_renewal,2023-12-31,actual,agree,confirmed,4461,1,"p. 10, Πίνακας 12β",4.461,1,PDF p. 10,ΑΝΑΝΕΩΣΗ/ΕΠΑΝΕΚΔΟΣΗ ΣΥΝΟΛΟ,high,1,"ΜΕΛΗ ΟΙΚΟΓΕΝΕΙΑΣ ΕΠΕΝΔΥΤΩΝ - ΔΕΚΕΜΒΡΙΟΣ 2023, ΣΥΝΟΛΟ (ΑΝΑΝΕΩΣΗ/ΕΠΑΝΕΚΔΟΣΗ): 4.461","Πίνακας 12β, left-hand block, ΣΥΝΟΛΟ row.",
o-5bd0244730,grc-mma-legal-migration-2023-12-annexb,investor_permits_valid_initial,2023-12-31,actual,agree,confirmed,12126,1,"p. 10, Πίνακας 12α",12.126,1,PDF p. 10,ΑΡΧ. ΧΟΡΗΓΗΣΗ ΣΥΝΟΛΟ,high,1,"ΜΟΝΙΜΟΣ ΕΠΕΝΔΥΤΗΣ - ΔΕΚΕΜΒΡΙΟΣ 2023, ΣΥΝΟΛΟ (ΑΡΧ. ΧΟΡΗΓΗΣΗ): 12.126","Πίνακας 12α, ΣΥΝΟΛΟ row, ΑΡΧ. ΧΟΡΗΓΗΣΗ column.",
o-42ee469714,grc-mma-legal-migration-2023-12-annexb,investor_permits_valid_initial_chn,2023-12-31,actual,agree,confirmed,7385,1,"p. 10, Πίνακας 12α",7.385,1,PDF p. 10,"ΑΡΧ. ΧΟΡΗΓΗΣΗ, ΚΙΝΑ",high,1,"ΚΙΝΑ (ΑΡΧ. ΧΟΡΗΓΗΣΗ): 7.385 (60,9%)","Πίνακας 12α, row 1, ΚΙΝΑ, ΑΡΧ. ΧΟΡΗΓΗΣΗ column.",
o-8ed53cdd6d,grc-mma-legal-migration-2023-12-annexb,investor_permits_valid_renewal,2023-12-31,actual,agree,confirmed,3035,1,"p. 10, Πίνακας 12α",3.035,1,PDF p. 10,ΑΝΑΝΕΩΣΗ/ΕΠΑΝΕΚΔΟΣΗ ΣΥΝΟΛΟ,high,1,"ΜΟΝΙΜΟΣ ΕΠΕΝΔΥΤΗΣ - ΔΕΚΕΜΒΡΙΟΣ 2023, ΣΥΝΟΛΟ (ΑΝΑΝΕΩΣΗ/ΕΠΑΝΕΚΔΟΣΗ): 3.035","Πίνακας 12α, ΣΥΝΟΛΟ row, ΑΝΑΝΕΩΣΗ/ΕΠΑΝΕΚΔΟΣΗ column.",
o-8d3f27166d,grc-mma-legal-migration-2023-12-annexb,main_applicants_approved,2022-12/2023-12,actual,agree,confirmed,4496,1,"p. 13, Πίνακας 15",4.496,1,printed p. 13,"ΕΚΔΟΘΕΙΣΕΣ - ΑΡΧΙΚΗ ΧΟΡΗΓΗΣΗ, ΣΥΝΟΛΟ",medium,1,Πίνακας 15 ΣΥΝΟΛΟ row: ΕΚΔΟΘΕΙΣΕΣ-ΑΡΧΙΚΗ ΧΟΡΗΓΗΣΗ 4.496,"Same two-candidate situation as the 2026-08 report: assigned initial-grant total (4.496, Δεκ-22 to Δεκ-23) to main_applicants_approved; overall ΣΥΝΟΛΟ (6.039) assigned to residence_permits_issued.",
o-0f241c58b9,grc-mma-legal-migration-2023-12-annexb,residence_permits_issued,2022-12/2023-12,actual,agree,confirmed,6039,1,"p. 13, Πίνακας 15",6.039,1,printed p. 13,ΣΥΝΟΛΟ,high,1,"Πίνακας 15 ΣΥΝΟΛΟ row, ΣΥΝΟΛΟ column: 6.039","Πίνακας 15, ΣΥΝΟΛΟ row (Δεκ-22 to Δεκ-23), ΣΥΝΟΛΟ column.",
o-09f5bd7dca,grc-mma-legal-migration-2024-12,residence_permits_valid,2024-12-31,actual,agree,confirmed,48049,1,"p. 11, Γράφημα 15",48.049,1,PDF p. 11,"Γράφημα 15, donut chart total ('Σύνολο')",high,1,"Σύνολο 48.049 (segments: ΑΡΧΙΚΗ-ΑΔΕΙΑ ΔΙΑΜΟΝΗΣ ΜΟΝΙΜΟΥ ΕΠΕΝΔΥΤΗ 27%, ΑΡΧΙΚΗ-ΜΕΛΗ ΟΙΚΟΓΕΝΕΙΑΣ ΜΟΝΙΜΟΥ ΕΠΕΝΔΥΤΗ 50%, ΑΝΑΝΕΩΣΗ-ΑΔΕΙΑ ΔΙΑΜΟΝΗΣ ΜΟΝΙΜΟΥ ΕΠΕΝΔΥΤΗ 9%, ΑΝΑΝΕΩΣΗ-ΜΕΛΗ ΟΙΚΟΓΕΝΕΙΑΣ ΜΟΝΙΜΟΥ ΕΠΕΝΔΥΤΗ 14%)","Cross-checked against the companion Annex B document (grc-mma-legal-migration-2024-12-annexb.pdf): investor total (17,455) + family total (23,924 initial + 6,670 renewal = 30,594) = 48,049, matching this chart's total exactly.",
o-62cf1f0db2,grc-mma-legal-migration-2024-12-annexb,applications_pending,2024-12-31,actual,agree,confirmed,15420,1,"p. 15, Πίνακας 16",15.420,1,"PDF p. 15 (printed p. 15), Πίνακας 16","ΣΥΝΟΛΟ (total pending, main applicant, all filing years, as of Dec 2024)",high,1,ΑΔΕΙΑ ΔΙΑΜΟΝΗΣ ΜΟΝΙΜΟΥ ΕΠΕΝΔΥΤΗ (Ν4251/14) ... ΣΥΝΟΛΟ 15.420,Πίνακας 16 breaks down pending applications by filing year 2018-2024; ΣΥΝΟΛΟ column is the total pending as of Dec 2024 for the investor (main applicant) row.,
o-3fa2228d4f,grc-mma-legal-migration-2024-12-annexb,applications_pending_incl_family,2024-12-31,actual,agree,confirmed,49301,1,"p. 15, Πίνακας 16",49.301,1,"PDF p. 15, Πίνακας 16","ΓΕΝΙΚΟ ΣΥΝΟΛΟ ΕΚΚΡΕΜΟΤΗΤΩΝ, ΣΥΝΟΛΟ column",high,1,ΓΕΝΙΚΟ ΣΥΝΟΛΟ ΕΚΚΡΕΜΟΤΗΤΩΝ ... ΣΥΝΟΛΟ 49.301,"Sum of investor row (15.420) + family members row (33.881) = 49.301, matches definition including family.",
o-f3f2b655ff,grc-mma-legal-migration-2024-12-annexb,applications_received,2018,actual,agree,confirmed,1969,1,"p. 12, Πίνακας 13α",1.969,1,"PDF p. 12, Πίνακας 13α","2018, ΑΡΧΙΚΕΣ ΧΟΡΗΓΗΣΕΙΣ ΣΥΝΟΛΟ",medium,1,"ΑΡΧΙΚΕΣ ΧΟΡΗΓΗΣΕΙΣ, 2018: ΕΚΔΟΘΕΙΣΕΣ 1.933, ΑΠΟΡΡΙΨΕΙΣ 18, ΑΝΑΚΛΗΣΕΙΣ 15, ΕΚΚΡΕΜΕΙΣ 3, ΣΥΝΟΛΟ 1.969","Πίνακας 13α has two sub-tables by filing year: ΑΡΧΙΚΕΣ ΧΟΡΗΓΗΣΕΙΣ (initial grants) and ΑΝΑΝΕΩΣΕΙΣ (renewals). Reported the ΑΡΧΙΚΕΣ ΧΟΡΗΓΗΣΕΙΣ ΣΥΝΟΛΟ (total applications filed that year, all outcomes) as 'applications received'; renewals total for 2018 was 82 if that's instead intended.",
o-8bacd737d2,grc-mma-legal-migration-2024-12-annexb,applications_received,2019,actual,agree,confirmed,4055,1,"p. 12, Πίνακας 13α",4.055,1,"PDF p. 12, Πίνακας 13α","2019, ΑΡΧΙΚΕΣ ΧΟΡΗΓΗΣΕΙΣ ΣΥΝΟΛΟ",medium,1,"2019: ΕΚΔΟΘΕΙΣΕΣ 3.969, ΑΠΟΡΡΙΨΕΙΣ 55, ΑΝΑΚΛΗΣΕΙΣ 26, ΕΚΚΡΕΜΕΙΣ 5, ΣΥΝΟΛΟ 4.055",Same ambiguity as 2018 row: initial-grants total vs renewals total (383) for 2019.,
o-27c8830a51,grc-mma-legal-migration-2024-12-annexb,applications_received,2020,actual,agree,confirmed,1485,1,"p. 12, Πίνακας 13α",1.485,1,"PDF p. 12, Πίνακας 13α","2020, ΑΡΧΙΚΕΣ ΧΟΡΗΓΗΣΕΙΣ ΣΥΝΟΛΟ",medium,1,"2020: ΕΚΔΟΘΕΙΣΕΣ 1.426, ΑΠΟΡΡΙΨΕΙΣ 21, ΑΝΑΚΛΗΣΕΙΣ 18, ΕΚΚΡΕΜΕΙΣ 20, ΣΥΝΟΛΟ 1.485",Same ambiguity: renewals total for 2020 was 227.,
o-4d25507007,grc-mma-legal-migration-2024-12-annexb,applications_received,2021,actual,agree,confirmed,1993,1,"p. 12, Πίνακας 13α",1.993,1,"PDF p. 12, Πίνακας 13α","2021, ΑΡΧΙΚΕΣ ΧΟΡΗΓΗΣΕΙΣ ΣΥΝΟΛΟ",medium,1,"2021: ΕΚΔΟΘΕΙΣΕΣ 1.900, ΑΠΟΡΡΙΨΕΙΣ 9, ΑΝΑΚΛΗΣΕΙΣ 22, ΕΚΚΡΕΜΕΙΣ 62, ΣΥΝΟΛΟ 1.993",Same ambiguity: renewals total for 2021 was 456.,
o-c28983bb05,grc-mma-legal-migration-2024-12-annexb,applications_received,2022,actual,agree,confirmed,4353,1,"p. 12, Πίνακας 13α",4.353,1,"PDF p. 12, Πίνακας 13α","2022, ΑΡΧΙΚΕΣ ΧΟΡΗΓΗΣΕΙΣ ΣΥΝΟΛΟ",medium,1,"2022: ΕΚΔΟΘΕΙΣΕΣ 4.149, ΑΠΟΡΡΙΨΕΙΣ 28, ΑΝΑΚΛΗΣΕΙΣ 9, ΕΚΚΡΕΜΕΙΣ 167, ΣΥΝΟΛΟ 4.353",Same ambiguity: renewals total for 2022 was 1.281.,
o-beaa597f4e,grc-mma-legal-migration-2024-12-annexb,applications_received,2023,provisional,agree,confirmed,8477,1,"p. 12, Πίνακας 13α",8.477,1,"PDF p. 12, Πίνακας 13α","2023, ΑΡΧΙΚΕΣ ΧΟΡΗΓΗΣΕΙΣ ΣΥΝΟΛΟ",medium,1,"2023: ΕΚΔΟΘΕΙΣΕΣ 4.244, ΑΠΟΡΡΙΨΕΙΣ 42, ΑΝΑΚΛΗΣΕΙΣ 2, ΕΚΚΡΕΜΕΙΣ 4.189, ΣΥΝΟΛΟ 8.477",Same ambiguity: renewals total for 2023 was 1.890.,
o-02d04f48d6,grc-mma-legal-migration-2024-12-annexb,applications_received,2024,provisional,agree,confirmed,9289,1,"p. 12, Πίνακας 13α",9.289,1,"PDF p. 12, Πίνακας 13α","2024, ΑΡΧΙΚΕΣ ΧΟΡΗΓΗΣΕΙΣ ΣΥΝΟΛΟ",medium,1,"2024: ΕΚΔΟΘΕΙΣΕΣ 1.617, ΑΠΟΡΡΙΨΕΙΣ 30, ΑΝΑΚΛΗΣΕΙΣ 1, ΕΚΚΡΕΜΕΙΣ 7.641, ΣΥΝΟΛΟ 9.289",Same ambiguity: renewals total for 2024 was 3.992.,
o-28a574c403,grc-mma-legal-migration-2024-12-annexb,family_permits_valid_initial,2024-12-31,actual,agree,confirmed,23924,1,"p. 11, Πίνακας 12β",23.924,1,"PDF p. 11, Πίνακας 12β","ΜΕΛΗ ΟΙΚΟΓΕΝΕΙΑΣ ΕΠΕΝΔΥΤΩΝ - ΔΕΚΕΜΒΡΙΟΣ 2024, ΑΡΧΙΚΗ ΧΟΡΗΓΗΣΗ ΣΥΝΟΛΟ",high,1,"ΑΡΧΙΚΗ ΧΟΡΗΓΗΣΗ ΣΥΝΟΛΟ 23.924, 100%",,
o-99a29095d6,grc-mma-legal-migration-2024-12-annexb,family_permits_valid_renewal,2024-12-31,actual,agree,confirmed,6670,1,"p. 11, Πίνακας 12β",6.670,1,"PDF p. 11, Πίνακας 12β","ΜΕΛΗ ΟΙΚΟΓΕΝΕΙΑΣ ΕΠΕΝΔΥΤΩΝ - ΔΕΚΕΜΒΡΙΟΣ 2024, ΑΝΑΝΕΩΣΗ/ΕΠΑΝΕΚΔΟΣΗ ΣΥΝΟΛΟ",high,1,"ΑΝΑΝΕΩΣΗ/ΕΠΑΝΕΚΔΟΣΗ ΣΥΝΟΛΟ 6.670, 100%",,
o-ceafde7a2e,grc-mma-legal-migration-2024-12-annexb,investor_permits_valid,2024-12-31,actual,agree,confirmed,17455,1,"p. 10, Πίνακας 12α (table by sex)",17.455,1,"PDF p. 10, Πίνακας 12α (by-sex table)","ΜΟΝΙΜΟΣ ΕΠΕΝΔΥΤΗΣ table by sex, row ΣΥΝΟΛΟ, column ΣΥΝΟΛΟ",high,1,"ΣΥΝΟΛΟ row: ΑΡΡΕΝ 10.141, ΘΗΛΥ 7.314, ΣΥΝΟΛΟ 17.455",,
o-f14ea0ba58,grc-mma-legal-migration-2024-12-annexb,investor_permits_valid_initial,2024-12-31,actual,agree,confirmed,12928,1,"p. 10, Πίνακας 12α",12.928,1,"PDF p. 10, Πίνακας 12α","ΜΟΝΙΜΟΣ ΕΠΕΝΔΥΤΗΣ - ΔΕΚΕΜΒΡΙΟΣ 2024, ΑΡΧ. ΧΟΡΗΓΗΣΗ ΣΥΝΟΛΟ",high,1,"ΑΡΧ. ΧΟΡΗΓΗΣΗ ΣΥΝΟΛΟ 12.928, 100%",,
o-fcc0e2edc1,grc-mma-legal-migration-2024-12-annexb,investor_permits_valid_initial_chn,2024-12-31,actual,agree,confirmed,6457,1,"p. 10, Πίνακας 12α",6.457,1,"PDF p. 10, Πίνακας 12α","ΜΟΝΙΜΟΣ ΕΠΕΝΔΥΤΗΣ - ΔΕΚΕΜΒΡΙΟΣ 2024, ΚΙΝΑ row, ΑΡΧ. ΧΟΡΗΓΗΣΗ column",high,1,"1 ΚΙΝΑ ... ΑΡΧ. ΧΟΡΗΓΗΣΗ 6.457, 49,9%",,
o-dc79d04389,grc-mma-legal-migration-2024-12-annexb,investor_permits_valid_renewal,2024-12-31,actual,agree,confirmed,4527,1,"p. 10, Πίνακας 12α",4.527,1,"PDF p. 10, Πίνακας 12α","ΜΟΝΙΜΟΣ ΕΠΕΝΔΥΤΗΣ - ΔΕΚΕΜΒΡΙΟΣ 2024, ΑΝΑΝΕΩΣΗ/ΕΠΑΝΕΚΔΟΣΗ ΣΥΝΟΛΟ",high,1,"ΑΝΑΝΕΩΣΗ/ΕΠΑΝΕΚΔΟΣΗ ΣΥΝΟΛΟ 4.527, 100%",,
o-cbe73beace,grc-mma-legal-migration-2024-12-annexb,main_applicants_approved,2023-12/2024-12,actual,agree,confirmed,4885,1,"p. 14, Πίνακας 15",4.885,1,"PDF p. 14, Πίνακας 15","Πίνακας 15 (by month of decision, Δεκ-23 to Δεκ-24), ΣΥΝΟΛΟ row, ΕΚΔΟΘΕΙΣΕΣ-ΑΡΧΙΚΗ ΧΟΡΗΓΗΣΗ column",medium,1,"ΣΥΝΟΛΟ: ΕΚΔΟΘΕΙΣΕΣ - ΑΡΧΙΚΗ ΧΟΡΗΓΗΣΗ 4.885, ΕΚΔΟΘΕΙΣΕΣ - ΑΝΑΝΕΩΣΗ 1.902, ΣΥΝΟΛΟ 6.787","Table has three columns: initial grants, renewals, and combined total. 'Main applicants approved' interpreted as new (initial) grants issued in the 13-month window = 4.885; total including renewals is 6.787 (same table as row o-b8704e3bf3).",
o-b8704e3bf3,grc-mma-legal-migration-2024-12-annexb,residence_permits_issued,2023-12/2024-12,actual,agree,confirmed,6787,1,"p. 14, Πίνακας 15",6.787,1,"PDF p. 14, Πίνακας 15","Πίνακας 15 (by month of decision, Δεκ-23 to Δεκ-24), ΣΥΝΟΛΟ row, ΣΥΝΟΛΟ column",medium,1,"ΣΥΝΟΛΟ: ΕΚΔΟΘΕΙΣΕΣ - ΑΡΧΙΚΗ ΧΟΡΗΓΗΣΗ 4.885, ΕΚΔΟΘΕΙΣΕΣ - ΑΝΑΝΕΩΣΗ 1.902, ΣΥΝΟΛΟ 6.787","Table covers investor (main applicant) permits only, no separate family-member breakdown in this table; total column (initial+renewal) taken as 'residence permits issued'.",
o-664a309fff,grc-mma-legal-migration-2025-12,residence_permits_valid,2025-12-31,actual,agree,confirmed,79056,1,"p. 11, Γράφημα 15",79 056,1,"p. 11, Γράφημα 15","Σύνολο (Total), Δεκέμβριος 2025",high,1,Γράφημα 15. Συνολικές Ισχύουσες άδειες διαμονής μόνιμου επενδυτή – Δεκέμβριος 2025 - donut chart center label 'Σύνολο 79 056',"Printed with a space as thousands separator: Σύνολο 79 056. Total combines all four categories shown (initial grant - main applicant, initial grant - family members, renewal - main applicant, renewal - family members).",
o-2d94f9205a,grc-mma-legal-migration-2025-12-annexb,applications_pending,2025-12-31,actual,agree,confirmed,11553,1,"p. 15, Πίνακας 16",11.553,1,"p. 15, Πίνακας 16","Πίνακας 16, row 'ΑΔΕΙΑ ΔΙΑΜΟΝΗΣ ΜΟΝΙΜΟΥ ΕΠΕΝΔΥΤΗ (Ν4251/14)', ΣΥΝΟΛΟ column",high,2,ΑΔΕΙΑ ΔΙΑΜΟΝΗΣ ΜΟΝΙΜΟΥ ΕΠΕΝΔΥΤΗ (Ν4251/14): Χορήγηση 9.958 + Ανανέωση/επανέκδοση 1.595 = ΣΥΝΟΛΟ 11.553,"Main-applicant-only pending stock (initial+renewal), matches indicator definition; family members' row is separate (28.819).",
o-c82a70a8fb,grc-mma-legal-migration-2025-12-annexb,applications_pending_incl_family,2025-12-31,actual,agree,confirmed,40372,1,"p. 15, Πίνακας 16",40.372,1,"p. 15, Πίνακας 16","Πίνακας 16, row 'ΓΕΝΙΚΟ ΣΥΝΟΛΟ ΕΚΚΡΕΜΟΤΗΤΩΝ', ΣΥΝΟΛΟ column",high,2,ΓΕΝΙΚΟ ΣΥΝΟΛΟ ΕΚΚΡΕΜΟΤΗΤΩΝ: 179 371 2.697 17.107 20.018 ΣΥΝΟΛΟ 40.372,Grand total combining main applicants (11.553) and family members (28.819) = 40.372.,
o-41e75a3d04,grc-mma-legal-migration-2025-12-annexb,applications_received,2024,provisional,agree,confirmed,9391,1,"p. 12, Πίνακας 13α",9.391,1,PDF p. 12,2024 (ΑΡΧΙΚΕΣ ΧΟΡΗΓΗΣΕΙΣ ΣΥΝΟΛΟ),medium,1,"Πίνακας 13α, ΑΡΧΙΚΕΣ ΧΟΡΗΓΗΣΕΙΣ, έτος κατάθεσης 2024, ΣΥΝΟΛΟ = 9.391","Ambiguous which sub-table: table splits into ΑΡΧΙΚΕΣ ΧΟΡΗΓΗΣΕΙΣ (initial grants, 2024 ΣΥΝΟΛΟ=9.391) and ΑΝΑΝΕΩΣΕΙΣ (renewals, 2024 ΣΥΝΟΛΟ=4.024); no combined per-year cell exists. Reported the initial-grants figure as most likely candidate for 'applications received'; combined would be 13.415.",
o-a2bad68968,grc-mma-legal-migration-2025-12-annexb,applications_received,2025,provisional,agree,confirmed,6978,1,"p. 12, Πίνακας 13α",6.978,1,PDF p. 12,2025 (ΑΡΧΙΚΕΣ ΧΟΡΗΓΗΣΕΙΣ ΣΥΝΟΛΟ),medium,1,"Πίνακας 13α, ΑΡΧΙΚΕΣ ΧΟΡΗΓΗΣΕΙΣ, έτος κατάθεσης 2025, ΣΥΝΟΛΟ = 6.978",Same ambiguity as 2024 row: renewals-only 2025 ΣΥΝΟΛΟ=1.138; combined would be 8.116.,
o-b0240b358f,grc-mma-legal-migration-2025-12-annexb,applications_rejected,2021-2025,actual,agree,confirmed,202,1,"p. 12, Πίνακας 13α",202,1,"p. 12, Πίνακας 13α","ΣΥΝΟΛΟ ΑΡΧΙΚΩΝ ΧΟΡΗΓΗΣΕΩΝ (initial grants only), ΑΠΟΡΡΙΨΕΙΣ column, cumulative 2021-2025",high,2,ΣΥΝΟΛΟ ΑΡΧΙΚΩΝ ΧΟΡΗΓΗΣΕΩΝ: 20.970 202 40 9.958 31.170,Used initial-grants (ΑΡΧΙΚΕΣ ΧΟΡΗΓΗΣΕΙΣ) section per definition excluding renewals; renewals' own ΑΠΟΡΡΙΨΕΙΣ total is 102 (not used).,
o-50f68ce908,grc-mma-legal-migration-2025-12-annexb,family_permits_valid_initial,2025-12-31,actual,agree,confirmed,40902,1,"p. 11, Πίνακας 12β",40.902,1,PDF p. 11,ΑΡΧΙΚΗ ΧΟΡΗΓΗΣΗ ΣΥΝΟΛΟ,high,1,"Πίνακας 12β, ΜΕΛΗ ΟΙΚΟΓΕΝΕΙΑΣ ΕΠΕΝΔΥΤΩΝ, ΣΥΝΟΛΟ row, ΑΡΧΙΚΗ ΧΟΡΗΓΗΣΗ = 40.902",,
o-b8992deb64,grc-mma-legal-migration-2025-12-annexb,family_permits_valid_renewal,2025-12-31,actual,agree,confirmed,10368,1,"p. 11, Πίνακας 12β",10.368,1,PDF p. 11,ΑΝΑΝΕΩΣΗ/ΕΠΑΝΕΚΔΟΣΗ ΣΥΝΟΛΟ,high,1,"Πίνακας 12β, ΣΥΝΟΛΟ row, ΑΝΑΝΕΩΣΗ/ΕΠΑΝΕΚΔΟΣΗ = 10.368",,
o-b2e6283162,grc-mma-legal-migration-2025-12-annexb,investor_permits_valid,2025-12-31,actual,agree,confirmed,27786,1,"p. 10, Πίνακας 12α (table by sex)",27.786,1,PDF p. 10,ΣΥΝΟΛΟ / ΣΥΝΟΛΟ,high,1,"Πίνακας 12α (by sex table), ΣΥΝΟΛΟ row, ΣΥΝΟΛΟ column = 27.786",,
o-13596e804b,grc-mma-legal-migration-2025-12-annexb,investor_permits_valid_initial,2025-12-31,actual,agree,confirmed,20732,1,"p. 10, Πίνακας 12α",20.732,1,PDF p. 10,ΑΡΧ. ΧΟΡΗΓΗΣΗ ΣΥΝΟΛΟ,high,1,"Πίνακας 12α, right block ΣΥΝΟΛΟ row, ΑΡΧ. ΧΟΡΗΓΗΣΗ = 20.732",,
o-a63a098c18,grc-mma-legal-migration-2025-12-annexb,investor_permits_valid_initial_chn,2025-12-31,actual,agree,confirmed,9926,1,"p. 10, Πίνακας 12α",9.926,1,PDF p. 10,"ΑΡΧ. ΧΟΡΗΓΗΣΗ, ΚΙΝΑ",high,1,"Πίνακας 12α, right block, ΚΙΝΑ row, ΑΡΧ. ΧΟΡΗΓΗΣΗ = 9.926",,
o-9284ebda35,grc-mma-legal-migration-2025-12-annexb,investor_permits_valid_initial_tur,2025-12-31,actual,agree,confirmed,3291,1,"p. 10, Πίνακας 12α",3.291,1,PDF p. 10,"ΑΡΧ. ΧΟΡΗΓΗΣΗ, ΤΟΥΡΚΙΑ",high,1,"Πίνακας 12α, right block, ΤΟΥΡΚΙΑ row, ΑΡΧ. ΧΟΡΗΓΗΣΗ = 3.291",,
o-8f69a1499a,grc-mma-legal-migration-2025-12-annexb,investor_permits_valid_renewal,2025-12-31,actual,agree,confirmed,7054,1,"p. 10, Πίνακας 12α",7.054,1,PDF p. 10,ΑΝΑΝΕΩΣΗ/ΕΠΑΝΕΚΔΟΣΗ ΣΥΝΟΛΟ,high,1,"Πίνακας 12α, left block ΣΥΝΟΛΟ row, ΑΝΑΝΕΩΣΗ/ΕΠΑΝΕΚΔΟΣΗ = 7.054",,
o-4bdb40b573,grc-mma-legal-migration-2025-12-annexb,main_applicants_approved,2024-12/2025-12,actual,agree,confirmed,9382,1,"p. 14, Πίνακας 15",9.382,1,"p. 14, Πίνακας 15","Πίνακας 15, ΣΥΝΟΛΟ row, 'ΕΚΔΟΘΕΙΣΕΣ - ΑΡΧΙΚΗ ΧΟΡΗΓΗΣΗ' column (by month of decision, Δεκ-24 to Δεκ-25)",medium,2,"ΣΥΝΟΛΟ row: ΕΚΔΟΘΕΙΣΕΣ-ΑΡΧΙΚΗ ΧΟΡΗΓΗΣΗ 9.382, ΕΚΔΟΘΕΙΣΕΣ-ΑΝΑΝΕΩΣΗ 2.923, ΣΥΝΟΛΟ 12.305","Definition says main applicants' first grants, renewals excluded unless noted; picked the 'ΑΡΧΙΚΗ ΧΟΡΗΓΗΣΗ' (initial) column = 9.382. However the table's own combined ΣΥΝΟΛΟ column (initial+renewal) = 12.305 is also a plausible candidate if the intended figure is the table's stated total; flagging both.",
o-ef4c38cbcf,grc-mma-legal-migration-2025-12-annexb,residence_permits_issued,2024-12/2025-12,actual,agree,confirmed,12305,1,"p. 14, Πίνακας 15",12.305,1,PDF p. 14,ΣΥΝΟΛΟ (Δεκ-24 to Δεκ-25),medium,1,"Πίνακας 15, ΣΥΝΟΛΟ row, ΣΥΝΟΛΟ column = 12.305 (issued Dec2024-Dec2025)","Identical figure/location as main_applicants_approved row above; table covers only investor permits, not family members.",
o-6ce505482e,grc-mma-legal-migration-2026-08,residence_permits_valid,2026-08-31,actual,agree,confirmed,100784,1,"p. 11, Γράφημα 15",100 784,1,PDF p. 11,Σύνολο (donut chart),high,1,Γράφημα 15. Συνολικές Ισχύουσες άδειες διαμονής μόνιμου επενδυτή – Αύγουστος 2026: Σύνολο 100 784,Donut chart total combines all four categories: initial+renewal permits for both main investors and family members. Space used as thousands separator.,
o-d41ad2e28b,grc-mma-legal-migration-2026-08-annexb,applications_pending,2026-08-31,actual,agree,confirmed,7686,1,"p. 15, Πίνακας 16",7.686,1,printed p. 15,"ΣΥΝΟΛΟ (2026, as of Aug-26)",high,1,ΑΔΕΙΑ ΔΙΑΜΟΝΗΣ ΜΟΝΙΜΟΥ ΕΠΕΝΔΥΤΗ (Ν4251/14) ΣΥΝΟΛΟ: 7.686,"Πίνακας 16, row 'ΑΔΕΙΑ ΔΙΑΜΟΝΗΣ ΜΟΝΙΜΟΥ ΕΠΕΝΔΥΤΗ', column ΣΥΝΟΛΟ (all years). Greek thousands separator '.'.",
o-713b341cf9,grc-mma-legal-migration-2026-08-annexb,applications_pending_incl_family,2026-08-31,actual,agree,confirmed,28681,1,"p. 15, Πίνακας 16",28.681,1,printed p. 15,ΓΕΝΙΚΟ ΣΥΝΟΛΟ ΕΚΚΡΕΜΟΤΗΤΩΝ,high,1,"ΓΕΝΙΚΟ ΣΥΝΟΛΟ ΕΚΚΡΕΜΟΤΗΤΩΝ: 280, 1.327, 6.871, 8.216, 11.987, ΣΥΝΟΛΟ 28.681","Πίνακας 16, grand total row (investor permits 7.686 + family member permits 20.995), column ΣΥΝΟΛΟ.",
o-08e0c3b4c2,grc-mma-legal-migration-2026-08-annexb,applications_received,2024,actual,agree,confirmed,9372,1,"p. 12, Πίνακας 13α",9.372,1,"p. 12, Πίνακας 13α","ΑΡΧΙΚΕΣ ΧΟΡΗΓΗΣΕΙΣ, row 2024, ΣΥΝΟΛΟ column",high,2,2024: 7.563 81 2 1.726 9.372,"Table (Πίνακας 13α, 2022-2026) reports by calendar year; 2024 is a fully closed year.",
o-c5e24e9cc0,grc-mma-legal-migration-2026-08-annexb,applications_received,2025,provisional,agree,confirmed,7021,1,"p. 12, Πίνακας 13α",7.021,1,"p. 12, Πίνακας 13α","ΑΡΧΙΚΕΣ ΧΟΡΗΓΗΣΕΙΣ, row 2025, ΣΥΝΟΛΟ column",high,2,2025: 5.159 32 [blank] 1.830 7.021,"Provisional as 2025 pending count (1.830) may still change with late decisions, though the year itself is closed.",
o-a968e5be31,grc-mma-legal-migration-2026-08-annexb,applications_received,2026-01/2026-08,provisional,agree,confirmed,3426,1,"p. 12, Πίνακας 13α",3.426,1,"p. 12, Πίνακας 13α","ΑΡΧΙΚΕΣ ΧΟΡΗΓΗΣΕΙΣ, row 2026, ΣΥΝΟΛΟ column",high,2,2026: 1.048 5 [blank] 2.373 3.426,"Report is dated August 2026, so the 2026 row represents Jan-Aug 2026 year-to-date filings.",
o-590431ba65,grc-mma-legal-migration-2026-08-annexb,family_permits_valid_initial,2026-08-31,actual,agree,confirmed,54001,1,"p. 11, Πίνακας 12β",54.001,1,PDF p. 11,ΑΡΧΙΚΗ ΧΟΡΗΓΗΣΗ ΣΥΝΟΛΟ,high,1,"ΜΕΛΗ ΟΙΚΟΓΕΝΕΙΑΣ ΕΠΕΝΔΥΤΩΝ - ΑΥΓΟΥΣΤΟΣ 2026, ΣΥΝΟΛΟ (ΑΡΧΙΚΗ ΧΟΡΗΓΗΣΗ): 54.001","Πίνακας 12β, right-hand block (ΑΡΧΙΚΗ ΧΟΡΗΓΗΣΗ), ΣΥΝΟΛΟ row.",
o-f14affba4f,grc-mma-legal-migration-2026-08-annexb,family_permits_valid_renewal,2026-08-31,actual,agree,confirmed,12024,1,"p. 11, Πίνακας 12β",12.024,1,PDF p. 11,ΑΝΑΝΕΩΣΗ/ΕΠΑΝΕΚΔΟΣΗ ΣΥΝΟΛΟ,high,1,"ΜΕΛΗ ΟΙΚΟΓΕΝΕΙΑΣ ΕΠΕΝΔΥΤΩΝ - ΑΥΓΟΥΣΤΟΣ 2026, ΣΥΝΟΛΟ (ΑΝΑΝΕΩΣΗ/ΕΠΑΝΕΚΔΟΣΗ): 12.024","Πίνακας 12β, left-hand block (ΑΝΑΝΕΩΣΗ/ΕΠΑΝΕΚΔΟΣΗ), ΣΥΝΟΛΟ row.",
o-70b08ec7d4,grc-mma-legal-migration-2026-08-annexb,investor_permits_valid,2026-08-31,actual,agree,confirmed,34759,1,"p. 10, Πίνακας 12α (table by sex)",34.759,1,PDF p. 10,ΣΥΝΟΛΟ / ΣΥΝΟΛΟ,high,1,"ΜΟΝΙΜΟΣ ΕΠΕΝΔΥΤΗΣ (ΑΡΧΙΚΗ ΧΟΡΗΓΗΣΗ) ΑΝΑ ΦΥΛΟ table, ΣΥΝΟΛΟ row, ΣΥΝΟΛΟ ΑΡΧΙΚΗ ΧΟΡΗΓΗΣΗ column... plus small table: ΣΥΝΟΛΟ/ΣΥΝΟΛΟ = 34.759","Small summary table below Πίνακας 12α (by sex): row ΣΥΝΟΛΟ, column ΣΥΝΟΛΟ = 19.892 (ΑΡΣΕΝ) + 14.867 (ΘΗΛΥ) = 34.759, i.e. initial (26.690) + renewal (8.069).",
o-ce39400a8e,grc-mma-legal-migration-2026-08-annexb,investor_permits_valid_initial,2026-08-31,actual,agree,confirmed,26690,1,"p. 10, Πίνακας 12α",26.690,1,PDF p. 10,ΑΡΧ. ΧΟΡΗΓΗΣΗ ΣΥΝΟΛΟ,high,1,"ΜΟΝΙΜΟΣ ΕΠΕΝΔΥΤΗΣ - ΑΥΓΟΥΣΤΟΣ 2026, ΣΥΝΟΛΟ (ΑΡΧ. ΧΟΡΗΓΗΣΗ): 26.690","Πίνακας 12α, ΣΥΝΟΛΟ row, ΑΡΧ. ΧΟΡΗΓΗΣΗ column.",
o-b3fb0be28b,grc-mma-legal-migration-2026-08-annexb,investor_permits_valid_initial_chn,2026-08-31,actual,agree,confirmed,12664,1,"p. 10, Πίνακας 12α",12.664,1,PDF p. 10,"ΑΡΧ. ΧΟΡΗΓΗΣΗ, ΚΙΝΑ",high,1,"ΚΙΝΑ (ΑΡΧ. ΧΟΡΗΓΗΣΗ): 12.664 (47,4%)","Πίνακας 12α, row 1, ΚΙΝΑ, ΑΡΧ. ΧΟΡΗΓΗΣΗ column.",
o-86aa3ed115,grc-mma-legal-migration-2026-08-annexb,investor_permits_valid_initial_tur,2026-08-31,actual,agree,confirmed,5107,1,"p. 10, Πίνακας 12α",5.107,1,PDF p. 10,"ΑΡΧ. ΧΟΡΗΓΗΣΗ, ΤΟΥΡΚΙΑ",high,1,"ΤΟΥΡΚΙΑ (ΑΡΧ. ΧΟΡΗΓΗΣΗ): 5.107 (19,1%)","Πίνακας 12α, row 2, ΤΟΥΡΚΙΑ, ΑΡΧ. ΧΟΡΗΓΗΣΗ column.",
o-3ceb5cbc10,grc-mma-legal-migration-2026-08-annexb,investor_permits_valid_renewal,2026-08-31,actual,agree,confirmed,8069,1,"p. 10, Πίνακας 12α",8.069,1,PDF p. 10,ΑΝΑΝΕΩΣΗ/ΕΠΑΝΕΚΔΟΣΗ ΣΥΝΟΛΟ,high,1,"ΜΟΝΙΜΟΣ ΕΠΕΝΔΥΤΗΣ - ΑΥΓΟΥΣΤΟΣ 2026, ΣΥΝΟΛΟ (ΑΝΑΝΕΩΣΗ/ΕΠΑΝΕΚΔΟΣΗ): 8.069","Πίνακας 12α, ΣΥΝΟΛΟ row, ΑΝΑΝΕΩΣΗ/ΕΠΑΝΕΚΔΟΣΗ column.",
o-f6d5e66f03,grc-mma-legal-migration-2026-08-annexb,main_applicants_approved,2025-08/2026-08,actual,agree,confirmed,10778,1,"p. 14, Πίνακας 15",10.778,1,printed p. 14,"ΕΚΔΟΘΕΙΣΕΣ - ΑΡΧΙΚΗ ΧΟΡΗΓΗΣΗ, ΣΥΝΟΛΟ",medium,1,Πίνακας 15 ΣΥΝΟΛΟ row: ΕΚΔΟΘΕΙΣΕΣ-ΑΡΧΙΚΗ ΧΟΡΗΓΗΣΗ 10.778,"Πίνακας 15 (issued permits by month of decision, Aug-25 to Aug-26) has two candidate columns for two related indicators at the same location: ΕΚΔΟΘΕΙΣΕΣ-ΑΡΧΙΚΗ ΧΟΡΗΓΗΣΗ (new grants, total 10.778) vs overall ΣΥΝΟΛΟ (13.209, used for residence_permits_issued). Assigned 10.778 to main_applicants_approved as it matches 'granted' (initial grant only).",
o-de787e15db,grc-mma-legal-migration-2026-08-annexb,residence_permits_issued,2025-08/2026-08,actual,agree,confirmed,13209,1,"p. 14, Πίνακας 15",13.209,1,printed p. 14,ΣΥΝΟΛΟ,high,1,"Πίνακας 15 ΣΥΝΟΛΟ row, ΣΥΝΟΛΟ column: 13.209","Πίνακας 15, ΣΥΝΟΛΟ row (sum of Aug-25 through Aug-26), ΣΥΝΟΛΟ column (initial + renewal issuances).",
o-75e1fbc2cf,grc-mma-permits-2016-12,investor_permits_valid,2016-12-31,actual,agree,confirmed,1506,1,"sheet ""Κατηγορία-Φύλο"", row ""ΜΟΝΙΜΗ ΑΔΕΙΑ ΔΙΑΜΟΝΗΣ ΕΠΕΝΔΥΤΗ (Ν4251/14)"", column Σύνολο",1506,1,sheet 'Κατηγορία-Φύλο',Σύνολο,high,1,"ΜΟΝΙΜΗ ΑΔΕΙΑ ΔΙΑΜΟΝΗΣ ΕΠΕΝΔΥΤΗ (Ν4251/14): Άρρεν 909, Θήλυ 597, Σύνολο 1506",Read via pandas; row matches requested label and column exactly.,
o-be7ec7f7b1,grc-mma-permits-2017-12,investor_permits_valid,2017-12-31,actual,agree,confirmed,2269,1,"sheet ""Τύπος - Φύλο"", row ""ΕΠΕΝΔΥΤΗΣ-ΜΟΝΙΜΗ ΔΙΑΜΟΝΗ"", column Σύνολο",2269,1,sheet 'Τύπος - Φύλο',Σύνολο,high,1,"Row 'ΕΠΕΝΔΥΤΗΣ-ΜΟΝΙΜΗ ΔΙΑΜΟΝΗ', Σύνολο column = 2269 (Άρρεν 1357, Θήλυ 912)",,
o-3827d7261a,grc-mma-permits-2018-12,investor_permits_valid,2018-12-31,actual,agree,confirmed,3962,1,"sheet ""Τύπος - Φύλο"", row ""ΕΠΕΝΔΥΤΗΣ-ΜΟΝΙΜΗ ΔΙΑΜΟΝΗ"", column Σύνολο",3962,1,sheet 'Τύπος - Φύλο',Σύνολο (Total),high,1,"Row 'ΕΠΕΝΔΥΤΗΣ-ΜΟΝΙΜΗ ΔΙΑΜΟΝΗ': Άρρεν 2352, Θήλυ 1610, Σύνολο 3962",,
o-08267deae0,grc-mma-permits-2019-12,investor_permits_valid,2019-12-31,actual,agree,confirmed,6892,1,"sheet ""Τύπος - Φύλο"", row ""ΕΠΕΝΔΥΤΗΣ-ΜΟΝΙΜΗ ΔΙΑΜΟΝΗ"", column Σύνολο",6892,1,sheet 'Τύπος - Φύλο',Σύνολο (Total),high,1,"Row 'ΕΠΕΝΔΥΤΗΣ-ΜΟΝΙΜΗ ΔΙΑΜΟΝΗ', columns Άρρεν=3898, Θήλυ=2994, Σύνολο=6892",,
o-efe338c10a,grd-ima-ceo-processing-2024,applications_processed,2021,actual,agree,confirmed,430,1,"p. 1, chart 'Processing Efficiency 2021-2023' (data labels)",430,1,p. 1,2021,high,1,"Chart 'Processing Efficiency 2021-2023', 2021 data label: 430",,
o-94f7701b00,grd-ima-ceo-processing-2024,applications_processed,2022,actual,agree,confirmed,493,1,"p. 1, chart 'Processing Efficiency 2021-2023' (data labels)",493,1,p. 1,2022,high,1,"Chart 'Processing Efficiency 2021-2023', 2022 data label: 493",,
o-417573c0ca,grd-ima-ceo-processing-2024,applications_processed,2023,actual,agree,confirmed,1581,1,"p. 1, chart 'Processing Efficiency 2021-2023' (data labels)",1581,1,p. 1,2023,high,1,"Chart 'Processing Efficiency 2021-2023', 2023 data label: 1581",,
o-9f1f3f3c90,grd-ima-stats-2024q4,applications_approved,2024,actual,agree,confirmed,"1,583",1,"p. 1, column 'Y-T-D' (Q4 2024 report)","1,583",1,PDF p. 1,Y-T-D,high,1,"Row '2a. Applications Approved', Y-T-D column = 1,583",,
o-a133c0080f,grd-ima-stats-2024q4,applications_processed,2024,actual,agree,confirmed,"1,676",1,"p. 1, column 'Y-T-D' (Q4 2024 report)","1,676",1,PDF p. 1,Y-T-D,high,1,"Row '2. Total Applications Processed', Y-T-D column = 1,676",,
o-194d6003ae,grd-ima-stats-2024q4,applications_received,2024,actual,agree,confirmed,420,1,"p. 1, column 'Y-T-D' (Q4 2024 report)",420,1,PDF p. 1,Y-T-D,high,1,"Row '1. Applications Received', Y-T-D column = 420",,
o-af70bd5b55,grd-ima-stats-2024q4,applications_rejected,2024,actual,agree,confirmed,93,1,"p. 1, column 'Y-T-D' (Q4 2024 report)",93,1,PDF p. 1,Y-T-D,high,1,"Row '2b. Application Denied', Y-T-D column = 93",,
o-c58ec9a346,grd-ima-stats-2024q4,cbi_fiscal_revenue,2024,actual,agree,confirmed,"472,981,142",1,"p. 1, row 4 'Net Revenues', Y-T-D column","472,981,142",1,PDF p. 1,Y-T-D,high,1,"Row '4. Central Government Revenues', 'Net Revenues', Y-T-D column = 472,981,142",,
o-64f8befef8,grd-ima-stats-2024q4,cbi_real_estate_inflows,2024,actual,agree,confirmed,"562,005,854",1,"p. 1, row 5, Y-T-D column","562,005,854",1,PDF p. 1,Y-T-D,high,1,"Row '5. Real Estate Investments (Inflows to Project Developer's Escrow Account)', Y-T-D column = 562,005,854",,
o-b2d4a1f307,grd-ima-stats-2024q4,persons_naturalised,2024,actual,agree,confirmed,"5,443",1,"p. 1, column 'Y-T-D' (Q4 2024 report)","5,443",1,PDF p. 1,Y-T-D,high,1,"Row '3. Number of New Citizens', Y-T-D column = 5,443",,
o-8e365519e3,grd-ima-stats-2025q4,applications_approved,2025,actual,agree,confirmed,495,1,"p. 1, column 'Y-T-D' (Q4 2025 report)",495,1,p. 1,Y-T-D,high,1,"2a. Applications Approved, Y-T-D column: 495",,
o-66ce3760a0,grd-ima-stats-2025q4,applications_processed,2025,actual,agree,confirmed,557,1,"p. 1, column 'Y-T-D' (Q4 2025 report)",557,1,p. 1,Y-T-D,high,1,"2. Total Applications Processed, Y-T-D column: 557",,
o-8c486644cc,grd-ima-stats-2025q4,applications_received,2025,actual,agree,confirmed,469,1,"p. 1, column 'Y-T-D' (Q4 2025 report)",469,1,p. 1,Y-T-D,high,1,"1. Applications Received, Y-T-D column: 469",,
o-ca9c12b77c,grd-ima-stats-2025q4,applications_rejected,2025,actual,agree,confirmed,62,1,"p. 1, column 'Y-T-D' (Q4 2025 report)",62,1,p. 1,Y-T-D,high,1,"2b. Application Denied, Y-T-D column: 62",,
o-9b60acfb68,grd-ima-stats-2025q4,cbi_fiscal_revenue,2025,actual,agree,confirmed,"152,999,122",1,"p. 1, row 4 'Net Revenues', Y-T-D column","152,999,122",1,p. 1,"Net Revenues, Y-T-D",high,1,"4. Central Government Revenues, Net Revenues row, Y-T-D column: 152,999,122 (EC$)",,
o-555603b18a,grd-ima-stats-2025q4,cbi_real_estate_inflows,2025,actual,agree,confirmed,"211,216,473",1,"p. 1, row 5, Y-T-D column","211,216,473",1,p. 1,Y-T-D,high,1,"5. Real Estate Investments (Inflows to Project Developer's Escrow Account), Y-T-D column: 211,216,473",,
o-a72dbcd41d,grd-ima-stats-2025q4,persons_naturalised,2025,actual,agree,confirmed,"1,124",1,"p. 1, column 'Y-T-D' (Q4 2025 report)","1,124",1,p. 1,Y-T-D,high,1,"3. Number of New Citizens, Y-T-D column: 1,124",,
o-5c5cf5bb0a,grd-ima-stats-2026q1,applications_approved,2026-Q1,actual,agree,confirmed,119,1,"p. 1, column 'Total'",119,1,p. 1,Total (Q1),high,1,"2a. Applications Approved, Total column: 119 (Y-T-D column also 119, since Q1)",,
o-8f6fc674bb,grd-ima-stats-2026q1,applications_received,2026-Q1,actual,agree,confirmed,103,1,"p. 1, column 'Total'",103,1,p. 1,Total (Q1),high,1,"1. Applications Received, Total column: 103 (Y-T-D column also 103, since Q1)",,
o-e9fce54989,grd-ima-stats-2026q1,persons_naturalised,2026-Q1,actual,agree,confirmed,539,1,"p. 1, column 'Total'",539,1,p. 1,Total (Q1),high,1,"3. Number of New Citizens, Total column: 539 (Y-T-D column also 539, since Q1)",,
o-88dec29848,grd-imf-art4-2016,cbi_fiscal_revenue,2015,actual,agree,confirmed,16.3,million,"PDF p. 14, text table 'Grenada: Fiscal Program Performance'",16.3,million,"PDF p. 14, text table 'Grenada: Fiscal Program Performance' (in millions of EC$)","2015 Act., 'Non-tax revenue, o.w. CBI-related revenue'",high,1,"Non-tax revenue, o.w. 54.2 59.5; CBI-related revenue 0.3 16.3 (columns: 2014 Act., 2015 Act.)",Table header states '(in millions of EC$)'.,
o-af27040fd7,grd-imf-art4-2016,cbi_fiscal_revenue_pct_gdp,2015,actual,agree,confirmed,0.7,1,"PDF p. 6, footnote to selected indicators table",0.7,1,PDF p. 6,"footnote 1/ to Primary balance row, Selected Economic and Financial Indicators table, 2015",high,1,Primary balance 1/ ... 2.2 (2015); footnote: '1/ Includes 0.7 percent of GDP CBI-related non-tax',,
o-8317016017,grd-imf-art4-2016,cbi_fiscal_revenue_pct_gdp,2015,reported,agree,confirmed,0.5,1,"PDF p. 63, MEFP para 3 (authorities' letter)",0.5,1,"PDF p. 63, Attachment I, Memorandum of Economic and Financial Policies, para 3",MEFP paragraph 3 (authorities' letter),high,1,"At 2.2 per-cent of GDP (including 0.5 percent of GDP in budgetary revenue from the Citizen-By-Investment (CBI) programme), the primary surplus outperformed the programme target...","This authorities'-letter figure (0.5 percent of GDP) differs from the staff report's footnote figure of 0.7 percent of GDP for the same 2015 primary surplus (see row o-af27040fd7) -- both are genuine, separately sourced values within the same document, not a transcription error on our part.",
o-9a9ac90506,grd-imf-art4-2019,cbi_fiscal_revenue,2016,actual,agree,confirmed,3.4,million,"PDF p. 35, Table 2a (non-tax revenue)",3.4,million,PDF p. 35,2016,high,1,"Table 2a, Nontax revenue, row 'Citizenship by Investment Program': 2016 = 3.4",Printed page 30.,
o-2f591bcf67,grd-imf-art4-2019,cbi_fiscal_revenue,2017,actual,agree,confirmed,4.9,million,"PDF p. 35, Table 2a (non-tax revenue)",4.9,million,PDF p. 35,2017,high,1,Table 2a: Citizenship by Investment Program row: 2017 = 4.9,Printed page 30.,
o-15fd615569,grd-imf-art4-2019,cbi_fiscal_revenue,2018,estimate,agree,confirmed,3.3,million,"PDF p. 35, Table 2a (non-tax revenue)",3.3,million,PDF p. 35,2018 Est.,high,1,Table 2a: Citizenship by Investment Program row: 2018 (Est.) = 3.3,Printed page 30.,
o-bfeb14b14b,grd-imf-art4-2019,cbi_fiscal_revenue,2019,budget,agree,confirmed,3.1,million,"PDF p. 35, Table 2a (non-tax revenue)",3.1,million,PDF p. 35,2019 Budget,high,2,"Table 2a, Nontax revenue > Citizenship by Investment Program row, 2019 Budget column = 3.1 (In EC$ million)",Table has 2018 Est. / 2019 Budget / 2019 Proj. columns side by side; Budget column selected per status.,
o-597c083ff4,grd-imf-art4-2019,cbi_inflows_pct_gdp,2018,estimate,agree,confirmed,4.5,1,"PDF p. 10, para 4",4½,1,PDF p. 10,,high,1,"""Solid Citizenship-by-Investment (CBI) inflows (4½ percent of GDP) supported growth through FDI and financing of public projects""",Printed page 5.,
o-956a833cc9,grd-imf-art4-2022,cbi_inflows_pct_gdp,2021,estimate,agree,confirmed,4,1,"PDF p. 37, Annex (External Sector Assessment), Capital and Financial Accounts",4,1,PDF p. 37,'stable at' (narrative),medium,1,"Grenada relies on FDI (averaging 14 percent of GDP during 2017-20) to finance the saving-investment imbalance. Citizenship-by-Investment (CBI) revenues are stable at 4 percent of GDP. In 2021, FDI declined to 12 percent of GDP, due to disruptions caused by the pandemic.",Text describes CBI revenue as generally 'stable at 4 percent of GDP' rather than giving a 2021-specific figure; it is not explicitly labelled as the 2021 value the way the adjacent FDI figure is.,
o-89de933e38,grd-imf-art4-2023,cbi_inflows_pct_gdp,2014-2022,estimate,agree,confirmed,5,1,"PDF p. 42, Annex II (External Sector Assessment)",5,1,"PDF p. 42, Annex II","since 2014 (averaged, as of this 2023 report)",medium,1,Citizenship-by-Investment (CBI) revenues have averaged about 5 percent of GDP since the launch of the program in 2014.,"Text says 'about 5 percent' (approximate, not an exact figure) and does not explicitly state the end year of the average; 2022 is inferred as the latest year discussed on this page (the FDI figures cited are 'between 2017 and 2021' and 'In 2022').",
o-7e3825b735,grd-imf-art4-2024,cbi_fiscal_revenue,2019,estimate,agree,confirmed,96.1,million,"PDF p. 35, Table 3a, non-tax revenue line 'Citizenship by Investment Program'",96.1,million,PDF p. 35,2019,high,1,"Nontax revenue 1/ ... Citizenship by Investment Program: 96.1 (2019 column), Table 3a","Table 3a, Operations of the Central Government, 2019-29 (in millions of EC dollars)",
o-994939c35d,grd-imf-art4-2024,cbi_fiscal_revenue,2019,estimate,agree,confirmed,8.0,million,"PDF p. 35, Table 3a, memorandum item 'Government CBI revenue (millions of EC$)'",8.0,million,PDF p. 35,2019,medium,1,"Memorandum items: Government CBI revenue (millions of EC$): 8.0 (2019 column), Table 3a","Small font in memo section; cross-checked against Table 1's 'Government CBI revenue (Percent of GDP)' 2019=0.2% and nominal GDP 3,276 -> consistent (8.0/3276=0.24%).",
o-fe790bd36c,grd-imf-art4-2024,cbi_fiscal_revenue,2020,estimate,agree,confirmed,101.5,million,"PDF p. 35, Table 3a, non-tax revenue line 'Citizenship by Investment Program'",101.5,million,PDF p. 35,2020,high,1,"Citizenship by Investment Program: 101.5 (2020 column), Table 3a nontax revenue line",,
o-a3d6fca9e2,grd-imf-art4-2024,cbi_fiscal_revenue,2023,estimate,agree,confirmed,457.3,million,"PDF p. 35, Table 3a, non-tax revenue line 'Citizenship by Investment Program'",457.3,million,PDF p. 35,2023,high,1,"Citizenship by Investment Program: 457.3 (2023 column), Table 3a nontax revenue line",,
o-6de65b6a26,grd-imf-art4-2024,cbi_fiscal_revenue,2023,estimate,agree,confirmed,381.6,million,"PDF p. 35, Table 3a, memorandum item 'Government CBI revenue (millions of EC$)'",381.6,million,PDF p. 35,2023,medium,1,"Memorandum items: Government CBI revenue (millions of EC$): 381.6 (2023 column), Table 3a","Cross-checked against Table 1's Government CBI revenue (Percent of GDP) 2023=10.7% and nominal GDP 3,576 -> 381.6/3576=10.67%, consistent.",
o-f8b1679fa3,grd-imf-art4-2024,cbi_fiscal_revenue,2024,estimate,agree,confirmed,555.8,million,"PDF p. 35, Table 3a, non-tax revenue line 'Citizenship by Investment Program'",555.8,million,PDF p. 35,2024 Proj.,high,1,"Citizenship by Investment Program: 555.8 (2024 column), Table 3a nontax revenue line",2024 column is under the 'Proj.' header spanning 2024-2029.,
o-553c5e810e,grd-imf-art4-2024,cbi_fiscal_revenue,2024,estimate,agree,confirmed,451.3,million,"PDF p. 35, Table 3a, memorandum item 'Government CBI revenue (millions of EC$)'",451.3,million,PDF p. 35,2024 Proj.,medium,1,"Memorandum items: Government CBI revenue (millions of EC$): 451.3 (2024 column), Table 3a","Cross-checked against Table 1's Government CBI revenue (Percent of GDP) 2024=12.0% and nominal GDP 3,756 -> 451.3/3756=12.01%, consistent.",
o-407b084d99,grd-imf-art4-2024,cbi_fiscal_revenue_pct_gdp,2020,estimate,agree,confirmed,0.6,1,"PDF p. 33, Table 1 (memorandum items); same values in Table 3b",0.6,1,PDF p. 33,2020,high,1,"Memorandum items: Government CBI revenue (Percent of GDP): 0.6 (2020 column), Table 1",Unit is percent of GDP already; 'scale' field of 1 refers to the percent figure itself.,
o-a272a9c182,grd-imf-art4-2024,cbi_fiscal_revenue_pct_gdp,2023,estimate,agree,confirmed,10.5,1,"PDF p. 9, para 4",10½,1,PDF p. 9,n/a (narrative text),high,1,Strong CBI revenues resulted in large budget surpluses. CBI revenues of 10½ percent of GDP in 2023...,"Printed p. 5 / PDF p. 9, para 4. Value printed using the unicode one-half fraction glyph as '10½'.",
o-c87be382da,grd-imf-art4-2024,cbi_fiscal_revenue_pct_gdp,2024,estimate,agree,confirmed,12.0,1,"PDF p. 33, Table 1 (memorandum items); same values in Table 3b",12.0,1,PDF p. 33,2024 Proj.,high,1,"Memorandum items: Government CBI revenue (Percent of GDP): 12.0 (2024 column), Table 1",,
o-28fab65a4f,grd-imf-art4-2024,cbi_inflows_pct_gdp,2019,estimate,agree,confirmed,5.2,1,"PDF p. 33, Table 1 (memorandum items)",5.2,1,PDF p. 33,2019,high,1,"Memorandum items: Citizenship-by-Investment (CBI) inflows (percent of GDP): 5.2 (2019 column), Table 1",,
o-7283a02d3e,grd-imf-art4-2024,cbi_inflows_pct_gdp,2020,estimate,agree,confirmed,9.0,1,"PDF p. 33, Table 1 (memorandum items)",9.0,1,PDF p. 33,2020,high,1,"Citizenship-by-Investment (CBI) inflows (percent of GDP): 9.0 (2020 column), Table 1",,
o-efc1fdb97a,grd-imf-art4-2024,cbi_inflows_pct_gdp,2021,estimate,agree,confirmed,9.3,1,"PDF p. 33, Table 1 (memorandum items)",9.3,1,PDF p. 33,2021,high,1,"Citizenship-by-Investment (CBI) inflows (percent of GDP): 9.3 (2021 column), Table 1",,
o-39a72bc0e8,grd-imf-art4-2024,cbi_inflows_pct_gdp,2022,estimate,agree,confirmed,10.8,1,"PDF p. 33, Table 1 (memorandum items)",10.8,1,PDF p. 33,2022,high,1,"Citizenship-by-Investment (CBI) inflows (percent of GDP): 10.8 (2022 column), Table 1",,
o-b9f854db98,grd-imf-art4-2024,cbi_inflows_pct_gdp,2023,estimate,agree,confirmed,31.6,1,"PDF p. 33, Table 1 (memorandum items)",31.6,1,PDF p. 33,2023 Est.,high,1,"Citizenship-by-Investment (CBI) inflows (percent of GDP): 31.6 (2023 column), Table 1",2023 column header shows 'Est.',
o-883af41271,grd-imf-art4-2024,cbi_inflows_pct_gdp,2024,estimate,agree,confirmed,31.2,1,"PDF p. 33, Table 1 (memorandum items)",31.2,1,PDF p. 33,2024 Proj.,high,1,"Citizenship-by-Investment (CBI) inflows (percent of GDP): 31.2 (2024 column), Table 1",,
o-b351fef4e6,grd-imf-art4-2024,cbi_inflows_pct_gdp,2025,projection,agree,confirmed,11.1,1,"PDF p. 33, Table 1 (memorandum items)",11.1,1,PDF p. 33,2025 Proj.,high,1,"Citizenship-by-Investment (CBI) inflows (percent of GDP): 11.1 (2025 column), Table 1",,
o-cd3c911398,grd-imf-art4-2025,cbi_contingency_fund_balance,2025-10,reported,agree,confirmed,61.1,million,"PDF p. 69, footnote 12 (Debt Sustainability Analysis annex)",61.1,million,"PDF p. 69 (printed p. 6 of the Staff Report section), footnote 12","footnote 12, October 2025",medium,1,"10 percent of the NTF CBI receipts are transferred to the fund, which totaled $61.1m at October-2025.","Currency symbol is just '$', not explicitly EC$ or US$ in the footnote; Table 3a nearby is in millions of EC dollars, but this could be either. Location in the input said 'PDF p.69, Debt Sustainability Analysis annex' -- the footnote is actually in the main Staff Report text (para 9/10 area, footnote to government deposits), not the DSA annex, but PDF p.69 is correct.",
o-f5a5231596,grd-imf-art4-2025,cbi_fiscal_revenue,2020,estimate,agree,confirmed,101.5,million,"PDF p. 33, Table 3a, memorandum items",101.5,million,"PDF p. 33, Table 3a","2020, memorandum item 'Government CBI revenue (millions of EC$)'",high,1,Government CBI revenue (millions of EC$) 101.5 120.3 135.4 457.3 553.7 175.6 143.8 149.9 151.4 151.5 158.7,"Table also has a 'Citizenship by Investment Program' line under Nontax revenue (with '…' for 2020-2022, since footnote 1 says pre-2023 CBI money was recorded under grants); the memorandum-item row is the one requested by the location and gives a consistent full series.",
o-ea4cfa188a,grd-imf-art4-2025,cbi_fiscal_revenue,2023,estimate,agree,confirmed,457.3,million,"PDF p. 33, Table 3a, memorandum items",457.3,million,"PDF p. 33, Table 3a","2023, memorandum item 'Government CBI revenue (millions of EC$)'",high,1,Government CBI revenue (millions of EC$) ... 457.3 (2023) ...,"Note: the 'Citizenship by Investment Program' revenue-classification row shows 382.2 for 2023, differing from the memo item's 457.3 -- the memo item was requested by the location.",
o-4b20117357,grd-imf-art4-2025,cbi_fiscal_revenue,2024,estimate,agree,confirmed,553.7,million,"PDF p. 33, Table 3a, memorandum items",553.7,million,"PDF p. 33, Table 3a","2024, memorandum item 'Government CBI revenue (millions of EC$)'",high,1,Government CBI revenue (millions of EC$) ... 553.7 (2024) ...,Same value (553.7) appears in both the memo item row and the 'Citizenship by Investment Program' row for 2024.,
o-82e6916f53,grd-imf-art4-2025,cbi_fiscal_revenue,2025,estimate,agree,confirmed,175.6,million,"PDF p. 33, Table 3a, memorandum items",175.6,million,"PDF p. 33, Table 3a","2025 Est., memorandum item 'Government CBI revenue (millions of EC$)'",high,1,"Government CBI revenue (millions of EC$) ... 175.6 (2025, Est.) ...",2025 column is labeled 'Est.'.,
o-ecc27e56af,grd-imf-art4-2025,cbi_fiscal_revenue,2026,projection,agree,confirmed,143.8,million,"PDF p. 33, Table 3a, memorandum items",143.8,million,"PDF p. 33, Table 3a","2026 Proj., memorandum item 'Government CBI revenue (millions of EC$)'",high,1,"Government CBI revenue (millions of EC$) ... 143.8 (2026, Proj.) ...",2026 column is labeled 'Proj.'.,
o-38712a5786,grd-imf-art4-2025,cbi_fiscal_revenue_pct_gdp,2020,estimate,agree,confirmed,3.6,1,"PDF p. 31, Table 1 (memorandum items); same in Table 3b",3.6,1,"PDF p. 31, Table 1 (memorandum items)","2020, memorandum item 'Government CBI revenue (Percent of GDP)'",high,1,Government CBI revenue (Percent of GDP) 3.6 4.0 4.1 12.7 14.7 4.4 3.5 3.5 3.3 3.2 3.2,"Verified via text extraction; unit is percent (of GDP), not percent_of_gdp as decimal.",
o-84bce4e99e,grd-imf-art4-2025,cbi_fiscal_revenue_pct_gdp,2024,estimate,agree,confirmed,14.7,1,"PDF p. 31, Table 1 (memorandum items); same in Table 3b",14.7,1,"PDF p. 31, Table 1","2024, memorandum item 'Government CBI revenue (Percent of GDP)'",high,1,Government CBI revenue (Percent of GDP) ... 14.7 (2024) ...,,
o-0362f8c477,grd-imf-art4-2025,cbi_fiscal_revenue_pct_gdp,2025,estimate,agree,confirmed,4.4,1,"PDF p. 31, Table 1 (memorandum items); same in Table 3b",4.4,1,"PDF p. 31, Table 1","2025 Est., memorandum item 'Government CBI revenue (Percent of GDP)'",high,1,"Government CBI revenue (Percent of GDP) ... 4.4 (2025, Est.) ...",,
o-3929404316,grd-imf-art4-2025,cbi_inflows_pct_gdp,2023,estimate,agree,confirmed,31.3,1,"PDF p. 31, Table 1 (memorandum items)",31.3,1,"PDF p. 31, Table 1","2023, memorandum item 'Citizenship-by-Investment (CBI) inflows (percent of GDP)'",high,1,Citizenship-by-Investment (CBI) inflows (percent of GDP) 9.0 9.3 10.9 31.3 29.6 10.2 7.8 7.7 7.4 7.1 7.0,,
o-1e76f430f4,grd-imf-art4-2025,cbi_inflows_pct_gdp,2024,estimate,agree,confirmed,29.6,1,"PDF p. 31, Table 1 (memorandum items)",29.6,1,"PDF p. 31, Table 1","2024, memorandum item 'CBI inflows (percent of GDP)'",high,1,CBI inflows (percent of GDP) ... 29.6 (2024) ...,,
o-1a7bb51cbb,grd-imf-art4-2025,cbi_inflows_pct_gdp,2025,estimate,agree,confirmed,10.2,1,"PDF p. 31, Table 1 (memorandum items)",10.2,1,"PDF p. 31, Table 1","2025 Est., memorandum item 'CBI inflows (percent of GDP)'",high,1,"CBI inflows (percent of GDP) ... 10.2 (2025, Est.) ...",,
o-7016e8dded,grd-imf-art4-2025,cbi_inflows_pct_gdp,2026,projection,agree,confirmed,7.8,1,"PDF p. 31, Table 1 (memorandum items)",7.8,1,"PDF p. 31, Table 1","2026 Proj., memorandum item 'CBI inflows (percent of GDP)'",high,1,"CBI inflows (percent of GDP) ... 7.8 (2026, Proj.) ...",,
o-fddda6a6f7,grd-imf-ecf2-2015,cbi_inflows,2014-09/2015-03,reported,agree,confirmed,5.4,million,"PDF p. 18, footnote 9",5.4,million,PDF p. 18,footnote 9,high,1,"Since the beginning of the inflows in September 2014, the receipts have amounted to EC$5.4 million or around 0.2 percent of GDP in the six months to March 2015.",,
o-a3766dab79,grd-imf-ecf2-2015,cbi_inflows_pct_gdp,2015,budget,agree,confirmed,4.25,1,"PDF p. 18, para 18",4¼,1,PDF p. 18,para 18 bullet 2,high,1,the budget counts on significant inflows from CBI (4¼ percent of GDP) to finance above-program spending on infrastructure and social projects.,"Printed as a fraction '4¼', not a decimal.",
o-c7e7bfbfcd,grd-mof-budget-2024,cbi_contingency_fund_balance,2023-11-30,actual,agree,confirmed,19.0,million,"p. 19 (printed p. 15), section 8.7",19.0,million,PDF p. 19 (printed p. 15),as of 30 Nov 2023,high,1,"""As of 30th November 2023, an amount of $19.0 million has been lodged with the Eastern Caribbean Central Bank (ECCB) into that Fund.""","Section 8.7, referring to the 10% National Transformation Fund Contingency/'Rainy-Day' Fund.",
o-9f50cbbba6,grd-mof-cbistats-2014-15,applications_approved,2014-03/2015-12,actual,agree,confirmed,100,1,"p. 5, column 'TOTAL as at December 2015'",100,1,PDF p. 5 (with row labels on p. 1),TOTAL as at December 2015,high,1,2. Applications approved by Cabinet - TOTAL as at December 2015 = 100,Row labels for this table appear only on p.1 (Mar-14 to Dec-14 columns); p.4-5 continue the same rows without repeating labels through to the 'TOTAL as at December 2015' column on p.5.,
o-076bfed695,grd-mof-cbistats-2014-15,applications_received,2014-03/2015-12,actual,agree,confirmed,128,1,"p. 5, column 'TOTAL as at December 2015'",128,1,PDF p. 5 (with row labels on p. 1),TOTAL as at December 2015,high,1,1. Applications received - TOTAL as at December 2015 = 128,,
o-123c566bfb,grd-mof-cbistats-2014-15,cbi_inflows,2014-03/2015-12,actual,agree,confirmed,"70,200,000",1,"p. 5, column 'TOTAL as at December 2015', row 5 'Amounts due (calculated)'","70,200,000",1,PDF p. 5 (with row labels on p. 1),TOTAL as at December 2015,medium,1,"5. Amounts due (calculated) - TOTAL as at December 2015 = 70,200,000","Row 6 'Amounts due - cumulative (calculated)' shows a different TOTAL of 71,685,000 for the same final column; used row 5 per the specified location.",
o-990ea3a211,grd-mof-cbistats-2014-15,persons_naturalised,2014-03/2015-12,actual,agree,confirmed,246,1,"p. 5, column 'TOTAL as at December 2015'",246,1,PDF p. 5 (with row labels on p. 1),TOTAL as at December 2015,high,1,3. Number of new citizens - TOTAL as at December 2015 = 246,,
o-846e8fc155,grd-mof-cbistats-2016,applications_approved,2016,actual,agree,confirmed,124,1,"p. 1, TOTAL column",124,1,PDF p. 1,"row 2 'Applications approved by Cabinet', TOTAL",high,1,"2. Applications approved by Cabinet: 1st Half 39, 2nd Half 85, TOTAL 124",,
o-276daa2529,grd-mof-cbistats-2016,applications_received,2016,actual,agree,confirmed,175,1,"p. 1, TOTAL column",175,1,PDF p. 1,"row 1 'Applications received', TOTAL",high,1,"1. Applications received: 1st Half 62, 2nd Half 113, TOTAL 175",,
o-f15c3a0e2c,grd-mof-cbistats-2016,applications_rejected,2016,actual,agree,confirmed,19,1,"p. 1, TOTAL column",19,1,PDF p. 1,"row 4 'Applications rejected by Cabinet', TOTAL",high,1,"4. Applications rejected by Cabinet: 1st Half 8, 2nd Half 11, TOTAL 19",,
o-2997e378da,grd-mof-cbistats-2016,cbi_inflows,2016,actual,agree,confirmed,"77,287,500",1,"p. 1, row 5, TOTAL column","77,287,500",1,PDF p. 1,"row 5 'Amounts due (calculated)', TOTAL",high,1,"5. Amounts due (calculated)*: 1st Half 25,920,000, 2nd Half 51,367,500, TOTAL 77,287,500",Footnote: 'based on applications approved by Cabinet irrespective of the calendar year in which the application was received.',
o-eb40b42ae9,grd-mof-cbistats-2016,persons_naturalised,2016,actual,agree,confirmed,484,1,"p. 1, TOTAL column",484,1,PDF p. 1,"row 3 'Number of new citizens', TOTAL",high,1,"3. Number of new citizens: 1st Half 159, 2nd Half 325, TOTAL 484",,
o-f714ed8e76,grd-mof-cbistats-2017q3,applications_approved,2017-01/2017-09,actual,agree,confirmed,194,1,"p. 1, TOTAL column",194,1,p. 1,TOTAL (Jan-Sep 2017),high,1,2. Applications approved by Cabinet: TOTAL = 194 (1st Half 125 + 3rd Quarter 69),"TOTAL column here represents cumulative Jan-Sep 2017 (1st Half + 3rd Quarter), not a full calendar year, consistent with this being the Q3 2017 report.",
o-5ed696204b,grd-mof-cbistats-2017q3,applications_received,2017-01/2017-09,actual,agree,confirmed,296,1,"p. 1, TOTAL column",296,1,p. 1,TOTAL (Jan-Sep 2017),high,1,1. Applications received: TOTAL = 296 (1st Half 189 + 3rd Quarter 107),,
o-f77a96f77f,grd-mof-cbistats-2017q3,cbi_inflows,2017-01/2017-09,actual,agree,confirmed,"116,910,000",1,"p. 1, row 5, TOTAL column","116,910,000",1,p. 1,TOTAL (Jan-Sep 2017),high,1,"5. Amounts due (calculated)*: TOTAL = 116,910,000 (1st Half 74,790,000 + 3rd Quarter 42,120,000)",*Is based on applications approved by Cabinet irrespective of the calendar year in which the application was received.,
o-4bc265299d,grd-mof-cbistats-2017q3,persons_naturalised,2017-01/2017-09,actual,agree,confirmed,705,1,"p. 1, TOTAL column",705,1,p. 1,TOTAL (Jan-Sep 2017),high,1,3. Number of new citizens: TOTAL = 705 (1st Half 449 + 3rd Quarter 256),,
o-83fb3c2c70,grd-mof-cbistats-2018,applications_approved,2018,actual,agree,confirmed,244,1,"p. 1, TOTAL column",244,1,p. 1,TOTAL,high,1,"Row 2 'Applications approved by Cabinet', TOTAL column = 244",,
o-862c74239b,grd-mof-cbistats-2018,applications_received,2018,actual,agree,confirmed,314,1,"p. 1, TOTAL column",314,1,p. 1,TOTAL,high,1,"Row 1 'Applications received', TOTAL column = 314",,
o-df61bcf4b7,grd-mof-cbistats-2018,applications_rejected,2018,actual,agree,confirmed,13,1,"p. 1, TOTAL column",13,1,p. 1,TOTAL,high,1,"Row 4 'Applications rejected by Cabinet', TOTAL column = 13",,
o-1cbcb6d6f4,grd-mof-cbistats-2018,cbi_fiscal_revenue,2018,actual,agree,confirmed,"97,762,549",1,"p. 1, row 8 'CBI Payments to Treasury', TOTAL column","97,762,549",1,p. 1,TOTAL,high,1,"Row 8 'CBI Payments to Treasury', TOTAL column = 97,762,549",,
o-b350d818a9,grd-mof-cbistats-2018,cbi_inflows,2018,actual,agree,confirmed,"152,550,000",1,"p. 1, row 5, TOTAL column","152,550,000",1,p. 1,TOTAL,high,1,"Row 5 'Amounts due (calculated)', TOTAL column = 152,550,000",,
o-c2c1b6e239,grd-mof-cbistats-2018,persons_naturalised,2018,actual,agree,confirmed,851,1,"p. 1, TOTAL column",851,1,p. 1,TOTAL,high,1,"Row 3 'Number of new citizens', TOTAL column = 851",,
o-631c8ac17d,grd-mof-cbistats-2019q4,cbi_inflows,2019,actual,agree,confirmed,"169,087,500",1,"p. 1, row 6 'Amounts due - cumulative (calculated)', Dec-19 column","169,087,500",1,p. 1,Dec-19,high,1,"6. Amounts due - cumulative (calculated): Oct-19 118,665,000; Nov-19 141,210,000; Dec-19 169,087,500; 4th Quarter 169,087,500","Row 6 is a within-year running cumulative (resets each January); Dec-19 value equals the calendar-year 2019 annual total, consistent with the pattern seen in the analogous 2021 Q4 report where the Dec cumulative equals that year's TOTAL column.",
o-c2cac998e1,grd-mof-cbistats-2020q4,applications_approved,2020,actual,agree,confirmed,375,1,"p. 1, TOTAL column",375,1,p. 1,TOTAL (2020),high,1,2. Applications approved by Cabinet - TOTAL = 375,,
o-4eb1b363f1,grd-mof-cbistats-2020q4,applications_received,2020,actual,agree,confirmed,394,1,"p. 1, TOTAL column",394,1,p. 1,TOTAL (2020),high,1,1. Applications received - TOTAL = 394,,
o-9b7428bc28,grd-mof-cbistats-2020q4,applications_rejected,2020,actual,agree,confirmed,35,1,"p. 1, TOTAL column",35,1,p. 1,TOTAL (2020),high,1,4. Applications rejected by Cabinet - TOTAL = 35,,
o-ffb27ff7be,grd-mof-cbistats-2020q4,cbi_inflows,2020,actual,agree,confirmed,"252,855,000",1,"p. 1, row 5, TOTAL column","252,855,000",1,p. 1,TOTAL (2020),medium,1,"5. Amounts due (calculated)* - TOTAL = 252,855,000","Footnote: 'Is based on applications approved by Cabinet irrespective of the calendar year in which the application was received.' The TOTAL column value (252,855,000) is identical to row 6 'Amounts due - cumulative (calculated)' TOTAL, suggesting this TOTAL is cumulative-to-date rather than a sum of the year's monthly amounts (Oct+Nov+Dec+4th Quarter = 57,712,500).",
o-d022bf99c7,grd-mof-cbistats-2020q4,persons_naturalised,2020,actual,agree,confirmed,"1,111",1,"p. 1, TOTAL column","1,111",1,p. 1,TOTAL (2020),high,1,"3. Number of new citizens - TOTAL = 1,111",,
o-7fb34bf864,grd-mof-cbistats-2021q4,applications_approved,2021,actual,agree,confirmed,402,1,"p. 1, TOTAL column",402,1,p. 1,TOTAL (2021),high,1,2. Applications approved by Cabinet: TOTAL = 402 (NTF 163 + Investment 239),,
o-9ff105efb5,grd-mof-cbistats-2021q4,applications_received,2021,actual,agree,confirmed,566,1,"p. 1, TOTAL column",566,1,p. 1,TOTAL (2021),high,1,1. Applications received: TOTAL = 566 (NTF 213 + Investment 353),,
o-33eda884b8,grd-mof-cbistats-2021q4,applications_rejected,2021,actual,agree,confirmed,24,1,"p. 1, TOTAL column",24,1,p. 1,TOTAL (2021),high,1,4. Applications rejected by Cabinet: TOTAL = 24 (NTF 13 + Investment 11),,
o-79108e1e98,grd-mof-cbistats-2021q4,cbi_inflows,2021,actual,agree,confirmed,"281,610,000",1,"p. 1, row 5, TOTAL column","281,610,000",1,p. 1,TOTAL (2021),high,1,"5. Amounts due (calculated)*: TOTAL = 281,610,000 (NTF 88,020,000 + Investment-budgetary fees 32,265,000 + Investment-Approved CBI Projects 161,325,000)",*Is based on applications approved by Cabinet irrespective of the calendar year in which the application was received.,
o-69e1985e7c,grd-mof-cbistats-2021q4,persons_naturalised,2021,actual,agree,confirmed,"1,272",1,"p. 1, TOTAL column","1,272",1,p. 1,TOTAL (2021),high,1,"3. Number of new citizens: TOTAL = 1,272 (NTF 418 + Investment 854)",,
o-48af1fc7b4,grd-mof-cbistats-2022q4,cbi_inflows,2022,actual,agree,confirmed,"274,860,000",1,"p. 1, row 6 'Amounts due - cumulative (calculated)', Dec-22 column","274,860,000",1,PDF p. 1,"row 6 'Amounts due - cumulative (calculated)', Dec-22 column",high,1,"6. Amounts due - cumulative (calculated): Oct-22 216,540,000; Nov-22 263,790,000; Dec-22 274,860,000; 4th Quarter 274,860,000","Dec-22 and '4th Quarter' columns have the same cumulative value, as expected for a cumulative series ending in December.",
o-29764e4d34,grd-mof-cbistats-2023q1,persons_naturalised,2023-Q1,actual,agree,confirmed,980,1,"p. 1, row 3, quarter column",980,1,p. 1,1st Quarter,high,1,"Row 3 'Number of new citizens', 1st Quarter column = 980",,
o-99e3f078a1,grd-mof-cbistats-2023q2-v1,persons_naturalised,2023-Q2,provisional,agree,confirmed,"1,031",1,"p. 1, row 3, quarter column","1,031",1,p. 1,2nd Quarter,high,1,"3. Number of new citizens, 2nd Quarter column: 1,031",,
o-9d3bc4c0ce,grd-mof-cbistats-2023q2-v2,persons_naturalised,2023-Q2,actual,agree,confirmed,"1,536",1,"p. 1, row 3, quarter column","1,536",1,p. 1,2nd Quarter,high,1,"Row 3 'Number of new citizens', '2nd Quarter' column: 1,536",,
o-8a1c638100,grd-mof-cbistats-2023q3,persons_naturalised,2023-Q3,actual,agree,confirmed,"1,112",1,"p. 1, row 3, quarter column","1,112",1,PDF p. 1,3rd Quarter,high,1,"Row 3 'Number of new citizens', 3rd Quarter column = 1,112",,
o-b5dda8733a,grd-mof-cbistats-2023q4,cbi_inflows,2023,actual,agree,confirmed,"1,128,747,211",1,"p. 1, row 6 'Cumulative CBI Revenues', Dec-23 column","1,128,747,211",1,PDF p. 1,Dec-23 / 4th Quarter,high,1,"Row 6 'Cumulative CBI Revenues', Dec-23 column (= 4th Quarter column) = 1,128,747,211",,
o-2aef1c01ec,grd-mof-cbistats-2023q4,persons_naturalised,2023-Q4,actual,agree,confirmed,"1,166",1,"p. 1, row 3, quarter column","1,166",1,PDF p. 1,4th Quarter,high,1,"Row 3 'Number of new citizens', 4th Quarter column = 1,166",,
o-ba6af38b66,grd-mof-estimates-2023,cbi_fiscal_revenue,2022,provisional,agree,confirmed,"78,822,511",1,"p. 53, Recurrent revenue estimates, item 18001 'CBI Fees', column 'Actual Provisional 2022'","78,822,511",1,p. 53,Actual Provisional 2022,high,1,"Item 18001 'CBI Fees' row, Actual Provisional 2022 column: 78,822,511",,
o-327f7a123b,grd-mof-estimates-2023,cbi_fiscal_revenue,2023,budget,agree,confirmed,"240,461,920",1,"p. 53, item 18001 'CBI Fees', column 'Estimates 2023'","240,461,920",1,p. 53,Estimates 2023,high,1,"Item 18001 'CBI Fees' row, Estimates 2023 column: 240,461,920",,
o-bb1ffff518,grd-mof-estimates-2024,cbi_fiscal_revenue,2023,provisional,agree,confirmed,"375,269,871",1,"p. 52, item 18001 'CBI Fees', column 'Actual Provisional 2023'","375,269,871",1,p. 52 (Page 10 of section),Actual Provisional 2023,high,1,"18001 CBI Fees: Actual Provisional 2023 = 375,269,871; Approved Estimates 2023 = 240,461,920; Estimates 2024 = 280,697,921; Forward Estimates 2025 = 166,839,959; Forward Estimates 2026 = 169,741,680","Table 'Recurrent Revenue by Functional Classification', item 180 International Financial Services, code 18001 'CBI Fees'.",
o-dd04dcf42c,grd-mof-estimates-2024,cbi_fiscal_revenue,2024,budget,agree,confirmed,"280,697,921",1,"p. 52, item 18001 'CBI Fees', column 'Approved Estimates 2024'","280,697,921",1,p. 52 (Page 10 of section),Estimates 2024,high,1,"18001 CBI Fees: Estimates 2024 = 280,697,921","Table's column header reads 'Estimates 2024' (not literally 'Approved Estimates 2024' as in the location note, but this is the corresponding 2024 budget-year figure in this table).",
o-d206eb6b87,grd-mof-estimates-2025,cbi_fiscal_revenue,2024,provisional,agree,confirmed,"553,710,178",1,"p. 88, item 18001 'Economic Citizenship', column 'Actual Provisional 2024'","553,710,178",1,PDF p. 88 (printed 'Page 88'),"18001 - Economic Citizenship, 'Actual Provisional 2024'",high,1,"180 - Investment Migration Agency Revenues > 20 - Ministry of Finance > 18001 - Economic Citizenship: Actual Provisional 2024 = 553,710,178; Approved Estimates 2024 = 280,697,922; Estimates 2025 = 140,417,136; Forward Estimates 2026 = 157,063,457; Forward Estimates 2027 = 170,864,520",,
o-e66c2cc906,grd-mof-estimates-2025,cbi_fiscal_revenue,2025,budget,agree,confirmed,"140,417,136",1,"p. 88, item 18001, column 'Estimates 2025'","140,417,136",1,PDF p. 88 (printed 'Page 88'),"18001 - Economic Citizenship, 'Estimates 2025'",high,1,"18001 - Economic Citizenship: Estimates 2025 = 140,417,136",,
o-468e8e6659,grd-mof-estimates-2026,cbi_fiscal_revenue,2025,provisional,agree,confirmed,"165,906,890",1,"p. 72, item 18001 'Economic Citizenship', column 'Actual Provisional 2025'","165,906,890",1,p. 72,Actual Provisional 2025,high,1,"18001 - Economic Citizenship, Actual Provisional 2025 = 165,906,890",Row is under '180 - Investment Migration Agency Revenues'.,
o-07a91e889a,grd-mof-estimates-2026,cbi_fiscal_revenue,2026,budget,agree,confirmed,"173,973,807",1,"p. 72, item 18001, column 'Estimates 2026'","173,973,807",1,p. 72,Estimates 2026,high,1,"18001 - Economic Citizenship, Estimates 2026 = 173,973,807",,
o-7c9351d1da,grd-mof-imastats-2024q4,cbi_contingency_fund_balance,2024-12,actual,agree,confirmed,"54,632,288.60",1,"p. 1, notes ii, 'Closing Balance', Dec-24 column","54,632,288.60",1,p. 1,Dec-24,high,1,"Contingency Fund section, row 'Closing Balance', Dec-24 column: $54,632,288.60 (4th Quarter column also 54,632,288.60)","Document header reads 'INVESTMENT MIGRATION AGENCY (IMA STATISTICS) (EC$M)' but the figures themselves are printed as full dollar amounts (e.g. 54,632,288.60), not pre-divided by a million; reported the number exactly as printed.",
o-08f54e1e2f,grd-mof-imastats-2025q4,cbi_contingency_fund_balance,2025-12,actual,agree,confirmed,"64,395,831.00",1,"p. 1, notes ii, 'Closing Balance', Dec-25 column","64,395,831.00",1,p. 1,Dec-25,high,1,"Note ii, Contingency Fund, 'Closing Balance' row, Dec-25 column: 64,395,831.00",,
o-fd9e533b2e,grd-mof-mtefs-2025,cbi_fiscal_revenue,2023,actual,agree,confirmed,381.6,million,"p. 18, Table 3 (Total Revenue and Grants, Jan-Dec)",381.6,million,p. 18,"2023, January-December",high,1,"Table 3 - Total Revenue and Grants, row 'o/w IMA Revenues', 2023 column: 381.6",,
o-63a62abd87,grd-mof-mtefs-2025,cbi_fiscal_revenue,2024,actual,agree,confirmed,553.7,million,"p. 18, Table 3; p. 19, Table 4 (new format)",553.7,million,"p. 18, p. 19",2024 New Format,high,1,"Table 3 (p.18) row 'o/w IMA Revenues' 2024 = 553.7; Table 4 (p.19) row 'IMA Revenues'/'Economic Citizenship Programme', 2024 New Format column = 553.7",,
o-5d6357dfe7,grd-mof-mtefs-2025,cbi_fiscal_revenue,2024,actual,agree,confirmed,473.0,million,"p. 19, Table 4 (old format 'CBI Fees Net')",473.0,million,p. 19,2024 Old Format / CBI Fees Net,high,1,"Table 4 - IMA Revenues 2023 and 2024: Old vs New Format, row 'IMA Revenues' (=row 'Economic Citizenship Programme'), 2024 Old Format column: 473.0",,
o-ba5c937138,grd-mof-mtefs-2025,cbi_fiscal_revenue,2024,budget,agree,confirmed,280.7,million,"p. 22, Table 4 'Central Government's Actual 2024 Fiscal Performance'",280.7,million,p. 22,2024 Budget,high,2,"Table 4 'Central Government's Actual 2024 Fiscal Performance', o/w IMA Revenues row, Budget column = 280.7 EC$M",,
o-c821ba9242,grd-mof-mtff-2024,cbi_fiscal_revenue,2023-H1,actual,agree,confirmed,156.3,million,"p. 13, Table 3 (January-June)",156.3,million,"p. 13, Table 3",2023 January-June,high,1,"Table 3: Total Revenue and Grants, 2023 vs 2024 (January-June) - 'o/w IMA Revenues' 2023 column = 156.3","'IMA Revenues' = Investment Migration Agency (Grenada's CBI unit) revenues, a sub-item of Non-Tax Revenue.",
o-78543bd925,grd-mof-mtff-2024,cbi_fiscal_revenue,2024,estimate,agree,confirmed,398.5,million,"p. 15, Table 5 'Central Government's Estimated 2024 Fiscal Performance'",398.5,million,"p. 15, Table 5",2024 Estimated Outturn,medium,1,Table 5: Central Government's Estimated 2024 Fiscal Performance - 'o/w IMA Revenues' Estimated Outturn 2024 = 398.5 (Budget 2024 column shows 280.7),"Table has two 2024 columns, 'Estimated Outturn' (398.5) and 'Budget' (280.7); reported the Estimated Outturn figure since the table's title emphasizes 'Estimated ... Fiscal Performance', but the Budget figure is a plausible alternate reading.",
o-7ebe23175e,grd-mof-mtff-2024,cbi_fiscal_revenue,2024-H1,provisional,agree,confirmed,247.7,million,"p. 13, Table 3 (January-June)",247.7,million,"p. 13, Table 3",2024 January-June,high,1,Table 3 - 'o/w IMA Revenues' 2024 column = 247.7,,
o-31324a86d3,grd-mof-press-ima-2025,cbi_fiscal_revenue_pct_revenue,2025-01/2025-04,provisional,agree,confirmed,12,1,p. 1,12,1,PDF p. 1,,high,1,"""revenues in 2025 have returned to historical norms, representing approximately 12 percent of total government revenues""",,
o-cd60bc3c71,intl-ec-com-2023-730,passports_issued,to 2023-10,reported,agree,confirmed,34500,1,p. 37 (printed),34 500,1,PDF p. 38 (printed p. 37),,high,1,"""For certain countries, this number is above 30 000 (34 500 passports issued by Dominica; 36 742 by Saint Kitts and Nevis)""",Section 'Eastern Caribbean States'.,
o-5d0a773ed8,intl-ec-com-2023-730,passports_issued,to 2023-10,reported,agree,confirmed,88000,1,"p. 37 (printed), section ""Eastern Caribbean States""",88 000,1,PDF p. 38 (printed p. 37),,high,1,"""the Commission has concluded that all the investor schemes under assessment have a high number of successful applicants, with a total of at least 88 000 passports issued to date""","Section 'Eastern Caribbean States'. Printed as ""at least 88 000"" (a floor, not exact).",
o-5d1a3661b2,intl-ec-com-2023-730,passports_issued,to 2023-10,reported,agree,confirmed,36742,1,p. 37 (printed),36 742,1,PDF p. 38 (printed p. 37),,high,1,"""...36 742 by Saint Kitts and Nevis""",Section 'Eastern Caribbean States'.,
o-228ff37f79,intl-ec-com-2024-366,passports_issued,2015-2021,reported,agree,confirmed,10000,1,p. 3,10 000,1,PDF p. 3 (printed p. 2),"2015-2021 (cumulative, lower-bound estimate)",high,1,"the high number of passports issued to nationals that would otherwise have to apply for a visa to travel to the EU (more than 10 000 between 2015 and 2021), with a very low rejection rate","Figure is explicitly a lower bound ('more than 10 000'), not an exact count. Value printed with a space as thousands separator, preserved as printed.",
o-840431eb30,intl-ec-com-2025-792,cbi_rejection_rate,2024,reported,agree,confirmed,1.7,1,"p. 7 (printed), PDF p. 8",1.7,1,PDF p. 8 (printed p. 7),2024,high,1,"in 2024 rejection rates were 1.7% in Antigua and Barbuda, 5.3% in Saint Lucia, and 6.5% in Dominica",,
o-724d782cb2,intl-ec-com-2025-792,cbi_rejection_rate,2024,reported,agree,confirmed,6.5,1,"p. 7 (printed), PDF p. 8",6.5,1,PDF p. 8 (printed p. 7),2024,high,1,"in 2024 rejection rates were 1.7% in Antigua and Barbuda, 5.3% in Saint Lucia, and 6.5% in Dominica",,
o-7d04b3aa2f,intl-ec-com-2025-792,applications_received,2023,reported,agree,confirmed,13113,1,"p. 7 (printed), PDF p. 8","13,113",1,PDF p. 8 (printed p. 7),2023,high,1,"The number of applications remains high, with 13,113 in 2023 and 10,573 in 2024.","Aggregate figure for the five Eastern Caribbean CBI programmes (Antigua and Barbuda, Dominica, Grenada, Saint Kitts and Nevis, Saint Lucia).",
o-3e5f41e7ca,intl-ec-com-2025-792,applications_received,2024,reported,agree,confirmed,10573,1,"p. 7 (printed), PDF p. 8","10,573",1,PDF p. 8 (printed p. 7),2024,high,1,"The number of applications remains high, with 13,113 in 2023 and 10,573 in 2024.",Aggregate figure for the five Eastern Caribbean CBI programmes.,
o-46f18788cc,intl-ec-com-2025-792,passports_issued,to 2025,estimate,agree,confirmed,107000,1,"p. 7 (printed), PDF p. 8","107,000",1,PDF p. 8 (printed p. 7),"cumulative, to 2025 (estimate)",high,1,"It is estimated that around 107,000 passports have been issued through the schemes operated by these countries.","Figure is explicitly described as an estimate ('around 107,000'), aggregate across the five Eastern Caribbean CBI programmes.",
o-aa50e7d700,intl-ec-com-2025-792,cbi_rejection_rate,2024,reported,agree,confirmed,5.3,1,"p. 7 (printed), PDF p. 8",5.3,1,PDF p. 8 (printed p. 7),2024,high,1,"in 2024 rejection rates were 1.7% in Antigua and Barbuda, 5.3% in Saint Lucia, and 6.5% in Dominica",,
o-7385c95f2d,intl-ec-com-2025-792,persons_naturalised,2024,reported,agree,confirmed,1282,1,"p. 7 (printed), PDF p. 8","1,282",1,PDF p. 8 (printed p. 7),2024,high,1,"In 2024, the Ministry of Interior issued 1,282 decisions granting Montenegrin citizenship to applicants and their family members.",Text also notes 29 remaining applications still being processed as of April 2025 (not part of the 2024 figure).,
o-2c61cdee62,intl-ec-swd-2025-429,applications_received,2015-2023,reported,agree,confirmed,4332,1,"PDF p. 37, table (Eastern Caribbean), row ""Total applications received""",4 332,1,PDF p. 37,2015-2023,high,1,Total applications received: Antigua and Barbuda 4 332 (2015-2023),,
o-53b00a2d25,intl-ec-swd-2025-429,applications_received,2023,reported,agree,confirmed,685,1,PDF p. 37,685,1,PDF p. 37,2023 (narrative),high,1,"Antigua and Barbuda recorded a notable increase, from 685 in 2023 to 1,733 in 2024","Not in table; found in narrative paragraph above table, table has no separate 2023 column for ATG",
o-3dc33a4c6f,intl-ec-swd-2025-429,applications_received,2024,reported,agree,confirmed,1733,1,"PDF p. 37, table (Eastern Caribbean), row ""Total applications received""",1 733,1,PDF p. 37,2024,high,1,Total applications received: Antigua and Barbuda 1 733 (2024),,
o-5240e59d7e,intl-ec-swd-2025-429,applications_received,2025-01/2025-04-30,reported,agree,confirmed,78,1,"PDF p. 37, table (Eastern Caribbean), row ""Total applications received""",78,1,PDF p. 37,2025 until 30/4,high,1,Total applications received: Antigua and Barbuda 78 (2025 until 30/4),,
o-5191b00a89,intl-ec-swd-2025-429,applications_rejected,2015-2023,reported,agree,confirmed,169,1,"PDF p. 37, table (Eastern Caribbean), row ""Rejections""",169,1,PDF p. 37,2015-2023,high,1,Rejections: Antigua and Barbuda 169 (2015-2023),,
o-74b84cf193,intl-ec-swd-2025-429,applications_rejected,2024,reported,agree,confirmed,30,1,"PDF p. 37, table (Eastern Caribbean), row ""Rejections""",30,1,PDF p. 37,2024,high,1,Rejections: Antigua and Barbuda 30 (2024),,
o-3c8832b3e5,intl-ec-swd-2025-429,applications_rejected,2025-01/2025-04-30,reported,agree,confirmed,5,1,"PDF p. 37, table (Eastern Caribbean), row ""Rejections""",5,1,PDF p. 37,2025 until 30/4,high,1,Rejections: Antigua and Barbuda 5 (2025 until 30/4),,
o-5dccc0eecf,intl-ec-swd-2025-429,cbi_rejection_rate,2024,reported,agree,confirmed,1.7,1,"PDF p. 38, table (Eastern Caribbean), row ""Rejection rate (2024)""",1.7%,1,PDF p. 38,Rejection rate (2024),high,1,Rejection rate (2024): Antigua and Barbuda 1.7%,,
o-04b6e4b6ee,intl-ec-swd-2025-429,passports_issued,2015-2023,reported,agree,confirmed,7995,1,"PDF p. 38, table (Eastern Caribbean), row ""Total passports issued""",7 995,1,PDF p. 38,2015-2023,high,1,Total passports issued: Antigua and Barbuda 7 995 (2015-2023),,
o-75fcd367a7,intl-ec-swd-2025-429,passports_issued,2024,reported,agree,confirmed,1276,1,"PDF p. 38, table (Eastern Caribbean), row ""Total passports issued""",1 276,1,PDF p. 38,2024,high,1,Total passports issued: Antigua and Barbuda 1 276 (2024),,
o-f29578b15e,intl-ec-swd-2025-429,passports_issued,2025-01/2025-04-30,reported,agree,confirmed,540,1,"PDF p. 38, table (Eastern Caribbean), row ""Total passports issued""",540,1,PDF p. 38,2025 until 30/4,high,1,Total passports issued: Antigua and Barbuda 540 (2025 until 30/4),,
o-89d976207a,intl-ec-swd-2025-429,applications_received,2015-2022,reported,agree,confirmed,13161,1,"PDF p. 37, table (Eastern Caribbean), row ""Total applications received""",13 161,1,PDF p. 37,2015-2022,high,1,Total applications received: Dominica 13 161 (2015-2022),,
o-cc7fd12c1a,intl-ec-swd-2025-429,applications_received,2023,reported,agree,confirmed,4068,1,"PDF p. 37, table (Eastern Caribbean), row ""Total applications received""",4 068,1,PDF p. 37,2023,high,1,Total applications received: Dominica 4 068 in 2023,,
o-7c93201709,intl-ec-swd-2025-429,applications_received,2024,reported,agree,confirmed,3893,1,"PDF p. 37, table (Eastern Caribbean), row ""Total applications received""",3 893,1,PDF p. 37,2024,high,1,Total applications received: Dominica 3 893 in 2024,,
o-891394bd12,intl-ec-swd-2025-429,applications_rejected,2019-2022,reported,agree,confirmed,420,1,"PDF p. 37, table (Eastern Caribbean), row ""Rejections""",420,1,PDF p. 37,2019-2022,high,1,Rejections: Dominica 420 (2019-2022),,
o-1ae283e0c2,intl-ec-swd-2025-429,applications_rejected,2023,reported,agree,confirmed,210,1,"PDF p. 37, table (Eastern Caribbean), row ""Rejections""",210,1,PDF p. 37,2023,high,1,Rejections: Dominica 210 (2023),,
o-06b2b7bc9f,intl-ec-swd-2025-429,applications_rejected,2024,reported,agree,confirmed,255,1,"PDF p. 37, table (Eastern Caribbean), row ""Rejections""",255,1,PDF p. 37,2024,high,1,Rejections: Dominica 255 (2024),,
o-2159ca3e0b,intl-ec-swd-2025-429,cbi_rejection_rate,2024,reported,agree,confirmed,6.5,1,"PDF p. 38, table (Eastern Caribbean), row ""Rejection rate (2024)""",6.5%,1,PDF p. 38,Rejection rate (2024),high,1,Rejection rate (2024): Dominica 6.5%,,
o-0f2431c1dd,intl-ec-swd-2025-429,passports_issued,2018-2021,reported,agree,confirmed,29590,1,"PDF p. 38, table (Eastern Caribbean), row ""Total passports issued""",29 590,1,PDF p. 38,2018-2021,high,1,Total passports issued: Dominica 29 590 (2018-2021),,
o-f1d14cd4e2,intl-ec-swd-2025-429,passports_issued,2023,reported,agree,confirmed,9539,1,"PDF p. 38, table (Eastern Caribbean), row ""Total passports issued""",9 539,1,PDF p. 38,2023,high,1,Total passports issued: Dominica 9 539 (2023),,
o-b0e095ac97,intl-ec-swd-2025-429,passports_issued,2024,reported,agree,confirmed,9586,1,"PDF p. 38, table (Eastern Caribbean), row ""Total passports issued""",9 586,1,PDF p. 38,2024,high,1,Total passports issued: Dominica 9 586 (2024),,
o-7156c58edd,intl-ec-swd-2025-429,applications_received,2015-2023,reported,agree,confirmed,5847,1,"PDF p. 37, table (Eastern Caribbean), row ""Total applications received""",5 847,1,PDF p. 37,2015-2023,high,1,Total applications received: Grenada 5 847 (2015-2023),,
o-91b8f35f6f,intl-ec-swd-2025-429,applications_received,2023,reported,agree,confirmed,2297,1,PDF p. 37,2 297,1,PDF p. 37,2023 (narrative),high,1,"in Grenada from 2,297 to 420 applications","Not in table (table has no 2023 column for Grenada); found in narrative paragraph above table. Printed with comma as '2,297'.",
o-f36fbece00,intl-ec-swd-2025-429,applications_received,2024,reported,agree,confirmed,420,1,"PDF p. 37, table (Eastern Caribbean), row ""Total applications received""",420,1,PDF p. 37,2024,high,1,Total applications received: Grenada 420 (2024),,
o-1afb0ef369,intl-ec-swd-2025-429,applications_received,2025-01/2025-03-31,reported,agree,confirmed,123,1,"PDF p. 37, table (Eastern Caribbean), row ""Total applications received""",123,1,PDF p. 37,2025 until 31/03,high,1,Total applications received: Grenada 123 (2025 until 31/03),,
o-a5b3e8d5ed,intl-ec-swd-2025-429,applications_rejected,2015-2023,reported,agree,confirmed,256,1,"PDF p. 37, table (Eastern Caribbean), row ""Rejections""",256,1,PDF p. 37,2015-2023,high,1,Rejections: Grenada 256 (2015-2023),,
o-6c06f88902,intl-ec-swd-2025-429,applications_rejected,2024,reported,agree,confirmed,93,1,"PDF p. 37, table (Eastern Caribbean), row ""Rejections""",93,1,PDF p. 37,2024,high,1,Rejections: Grenada 93 (2024),,
o-81cb6369ea,intl-ec-swd-2025-429,applications_rejected,2025-01/2025-03-31,reported,agree,confirmed,25,1,"PDF p. 37, table (Eastern Caribbean), row ""Rejections""",25,1,PDF p. 37,2025 until 31/03,high,1,Rejections: Grenada 25 (2025 until 31/03),,
o-40ac84e4ff,intl-ec-swd-2025-429,cbi_rejection_rate,2024,reported,agree,confirmed,22.1,1,"PDF p. 38, table (Eastern Caribbean), row ""Rejection rate (2024)""",22.1%,1,PDF p. 38,Rejection rate (2024),high,1,Rejection rate (2024): Grenada 22.1%,,
o-94d9d0c1fa,intl-ec-swd-2025-429,passports_issued,2015-2023,reported,agree,confirmed,16086,1,"PDF p. 38, table (Eastern Caribbean), row ""Total passports issued""",16 086,1,PDF p. 38,2015-2023,high,1,Total passports issued: Grenada 16 086 (2015-2023) [printed in bold],,
o-a00f393b2f,intl-ec-swd-2025-429,passports_issued,2024,reported,agree,confirmed,5180,1,"PDF p. 38, table (Eastern Caribbean), row ""Total passports issued""",5 180,1,PDF p. 38,2024,high,1,Total passports issued: Grenada 5 180 (2024),,
o-bb7ab0b5a4,intl-ec-swd-2025-429,passports_issued,2025-01/2025-03-31,reported,agree,confirmed,1518,1,"PDF p. 38, table (Eastern Caribbean), row ""Total passports issued""",1 518,1,PDF p. 38,2025 until 31/03,high,1,Total passports issued: Grenada 1 518 (2025 until 31/03),,
o-a10d5c0691,intl-ec-swd-2025-429,applications_received,2023,reported,agree,confirmed,13113,1,PDF p. 37,"13,113",1,PDF p. 37,"2023 (narrative, all 5 countries)",high,1,"the total number of investor citizenship schemes applications across the five countries, has remained substantial (13,113 in 2023, 10,573 in 2024)",,
o-109d22c250,intl-ec-swd-2025-429,applications_received,2024,reported,agree,confirmed,10573,1,PDF p. 37,"10,573",1,PDF p. 37,"2024 (narrative, all 5 countries)",high,1,"...has remained substantial (13,113 in 2023, 10,573 in 2024)",,
o-f2f94fd50a,intl-ec-swd-2025-429,passports_issued,to 2025,estimate,agree,confirmed,107625,1,PDF p. 37,"107,625",1,PDF p. 37,"to date (narrative, all 5 countries)",high,1,"an estimated 107,625 passports have been issued across the five Eastern Caribbean investor citizenship schemes operating countries",,
o-566836e5b6,intl-ec-swd-2025-429,applications_received,2015-2023,reported,agree,confirmed,19655,1,"PDF p. 37, table (Eastern Caribbean), row ""Total applications received""",19 655,1,PDF p. 37,2015-2023,high,1,Total applications received: Saint Kitts and Nevis 19 655 (2015-2023),,
o-a113bceef4,intl-ec-swd-2025-429,applications_received,2023,reported,agree,confirmed,1987,1,PDF p. 37,"1,987",1,PDF p. 37,2023 (narrative),high,1,"the volume of applications went from 1,987 in 2023 to 223 in 2024","Not in table (table has no separate 2023 column for KNA); found in narrative. Printed with comma as '1,987'.",
o-edce2584ea,intl-ec-swd-2025-429,applications_received,2024,reported,agree,confirmed,223,1,"PDF p. 37, table (Eastern Caribbean), row ""Total applications received""",223,1,PDF p. 37,2024,high,1,Total applications received: Saint Kitts and Nevis 223 (2024),,
o-b95b3193f6,intl-ec-swd-2025-429,applications_received,2025-01/2025-04-30,reported,agree,confirmed,171,1,"PDF p. 37, table (Eastern Caribbean), row ""Total applications received""",171,1,PDF p. 37,2025 until 30/4,high,1,Total applications received: Saint Kitts and Nevis 171 (2025 until 30/4),,
o-d93bb0c750,intl-ec-swd-2025-429,applications_rejected,2015-2023,reported,agree,confirmed,739,1,"PDF p. 37, table (Eastern Caribbean), row ""Rejections""",739,1,PDF p. 37,2015-2023,high,1,Rejections: Saint Kitts and Nevis 739 (2015-2023),,
o-3739022de4,intl-ec-swd-2025-429,applications_rejected,2024,reported,agree,confirmed,98,1,"PDF p. 37, table (Eastern Caribbean), row ""Rejections""",98,1,PDF p. 37,2024,high,1,Rejections: Saint Kitts and Nevis 98 (2024),,
o-2a9d8373e8,intl-ec-swd-2025-429,applications_rejected,2025-01/2025-04-30,reported,agree,confirmed,86,1,"PDF p. 37, table (Eastern Caribbean), row ""Rejections""",86,1,PDF p. 37,2025 until 30/4,high,1,Rejections: Saint Kitts and Nevis 86 (2025 until 30/4),,
o-67ed0b973e,intl-ec-swd-2025-429,cbi_rejection_rate,2024,reported,agree,confirmed,43.9,1,"PDF p. 38, table (Eastern Caribbean), row ""Rejection rate (2024)""",43.9%,1,PDF p. 38,Rejection rate (2024),high,1,Rejection rate (2024): Saint Kitts and Nevis 43.9%,,
o-a609ad9a47,intl-ec-swd-2025-429,passports_issued,2015-2023,reported,agree,confirmed,48844,1,"PDF p. 38, table (Eastern Caribbean), row ""Total passports issued""",48 844,1,PDF p. 38,2015-2023,high,1,Total passports issued: Saint Kitts and Nevis 48 844 (2015-2023),,
o-384c967773,intl-ec-swd-2025-429,passports_issued,2024,reported,agree,confirmed,6437,1,"PDF p. 38, table (Eastern Caribbean), row ""Total passports issued""",6 437,1,PDF p. 38,2024,high,1,Total passports issued: Saint Kitts and Nevis 6 437 (2024),,
o-7ecab674cc,intl-ec-swd-2025-429,passports_issued,2025-01/2025-04-30,reported,agree,confirmed,734,1,"PDF p. 38, table (Eastern Caribbean), row ""Total passports issued""",734,1,PDF p. 38,2025 until 30/4,high,1,Total passports issued: Saint Kitts and Nevis 734 (2025 until 30/4),,
o-ba029c8f3b,intl-ec-swd-2025-429,applications_received,2015-2023,reported,agree,confirmed,7437,1,"PDF p. 37, table (Eastern Caribbean), row ""Total applications received""",7 437,1,PDF p. 37,2015-2023,high,1,Total applications received: Saint Lucia 7 437 (2015-2023),,
o-490916182d,intl-ec-swd-2025-429,applications_received,2024,reported,agree,confirmed,4304,1,"PDF p. 37, table (Eastern Caribbean), row ""Total applications received""",4 304,1,PDF p. 37,2024,high,1,Total applications received: Saint Lucia 4 304 (2024),,
o-f5a0519ee8,intl-ec-swd-2025-429,applications_received,2025-01/2025-04-30,reported,agree,confirmed,120,1,"PDF p. 37, table (Eastern Caribbean), row ""Total applications received""",120,1,PDF p. 37,2025 until 30/4,high,1,Total applications received: Saint Lucia 120 (2025 until 30/4),,
o-a4d8c5ad85,intl-ec-swd-2025-429,applications_rejected,2015-2023,reported,agree,confirmed,97,1,"PDF p. 37, table (Eastern Caribbean), row ""Rejections""",97,1,PDF p. 37,2015-2023,high,1,Rejections: Saint Lucia 97 (2015-2023),,
o-0e5394a13a,intl-ec-swd-2025-429,applications_rejected,2024,reported,agree,confirmed,227,1,"PDF p. 37, table (Eastern Caribbean), row ""Rejections""",227,1,PDF p. 37,2024,high,1,Rejections: Saint Lucia 227 (2024),,
o-c224612ed9,intl-ec-swd-2025-429,applications_rejected,2025-01/2025-04-30,reported,agree,confirmed,151,1,"PDF p. 37, table (Eastern Caribbean), row ""Rejections""",151,1,PDF p. 37,2025 until 30/4,high,1,Rejections: Saint Lucia 151 (2025 until 30/4),,
o-89ea45c8a2,intl-ec-swd-2025-429,cbi_rejection_rate,2024,reported,agree,confirmed,5.3,1,"PDF p. 38, table (Eastern Caribbean), row ""Rejection rate (2024)""",5.3%,1,PDF p. 38,Rejection rate (2024),high,1,Rejection rate (2024): Saint Lucia 5.3%,,
o-ab14172da6,intl-ep-res-2022-0065,applications_approved,2011-2019,reported,agree,confirmed,42180,1,"OJ C 347/99, recital J",42 180,1,PDF p. 3 (printed C 347/99),Recital J,high,1,"whereas the EPRS EAVA Study estimates that, from 2011 to 2019, 42 180 applications under CBI/RBI schemes were approved...","Space used as thousands separator, as printed ('42 180').",
o-f495fd1d6a,intl-ep-res-2022-0065,cbi_rbi_investment,2011-2019,reported,agree,confirmed,21.4,billion,"OJ C 347/99, recital J","21,4",billion,PDF p. 3 (printed C 347/99),Recital J,high,1,"...with the total investment estimated at EUR 21,4 billion.",Decimal comma as printed.,
o-5e60027a86,intl-ep-res-2022-0065,cbi_rbi_persons,2011-2019,reported,agree,confirmed,132000,1,"OJ C 347/99, recital J",132 000,1,PDF p. 3 (printed C 347/99),Recital J,high,1,"...and more than 132 000 persons, including family members of applicants from third countries, obtained residence or citizenship in Member States via CBI/RBI schemes...","Source says 'more than 132 000' - a lower bound, not an exact figure. Space used as thousands separator.",
o-904097e9ca,intl-eu-dec-2022-366,passports_issued,2015-05-25/2021-03,reported,agree,confirmed,10500,1,"recital 4, OJ L 69/105",10 500,1,PDF p. 1,,high,1,"""by March 2021 Vanuatu had issued over 10 500 passports under such schemes""","Recital 4, OJ L 69/105. Printed as ""over 10 500"" (a floor, not exact); period given here as 2015-05-25 to 2021-03 per the source's own framing (""On the basis of information ... by March 2021"").",
o-df20179432,intl-eu-impreg-2022-693,passports_issued,2015-05-25/2021-03,reported,agree,confirmed,10500,1,"recital 7, OJ L 129/19",10 500,1,"PDF p. 2 (OJ L 129/19), recital 8",until March 2021,medium,1,"'According to information provided by Vanuatu's Passport Office on 14 June 2021, until March 2021, Vanuatu issued over 10 500 passports in exchange for investment under the schemes...'","Not found in recital 7 as the location states; found instead in recital 8 on the same page (OJ L 129/19). The figure is a lower bound ('over 10 500'), not an exact count; printed with a space as thousands separator (EU/OJ convention).",
o-67f84e4caf,intl-eu-reg-2025-11,applications_received,2022-2023,reported,agree,confirmed,1988,1,"recital 12, p. 2",1 988,1,PDF p. 2,"recital (12), 2022-2023 cumulative",high,1,"in 2022 and 2023, Vanuatu received 1 988 applications for citizenship in exchange for an investment, of which only 27 have been rejected.",,
o-347b41fd42,intl-eu-reg-2025-11,applications_rejected,2022-2023,reported,agree,confirmed,27,1,"recital 12, p. 2",27,1,PDF p. 2,"recital (12), 2022-2023 cumulative",high,1,"...Vanuatu received 1 988 applications for citizenship in exchange for an investment, of which only 27 have been rejected.",,
o-ea1f32e693,intl-eu-reg-266-2006,eu_sugar_protocol_adjustment_aid,2006,budget,agree,confirmed,40000000,1,"Article 8, OJ L 50/4",40 000 000,1,PDF p. 3 (OJ L 50/4),"2006 (Article 8, Overall amount)",high,1,Article 8: Overall amount. The financial reference amount for implementation of this Regulation for 2006 shall be EUR 40 000 000 (hereinafter referred to as the overall amount).,"Confirmed page reference 'L 50/4' appears immediately after this text, matching the location note. Value printed with spaces as thousands separators, preserved as printed.",
o-cd56b6d985,intl-eu-reg-318-2006,eu_sugar_reference_price_raw,MY2006/2007,actual,agree,confirmed,496.8,1,"Article 3(2), OJ L 58/6","496,8",1,PDF p. 6 (printed L 58/6),Article 3(2)(a),high,1,"For raw sugar, the reference price shall be: (a) EUR 496,8 per tonne for each of the marketing years 2006/2007 and 2007/2008",Decimal comma as printed.,
o-718dd6965b,intl-eu-reg-318-2006,eu_sugar_reference_price_raw,MY2007/2008,actual,agree,confirmed,496.8,1,"Article 3(2), OJ L 58/6","496,8",1,PDF p. 6 (printed L 58/6),Article 3(2)(a),high,1,"EUR 496,8 per tonne for each of the marketing years 2006/2007 and 2007/2008",Same figure applies to both 2006/2007 and 2007/2008 per Article 3(2)(a).,
o-a369272089,intl-eu-reg-318-2006,eu_sugar_reference_price_raw,MY2008/2009,actual,agree,confirmed,448.8,1,"Article 3(2), OJ L 58/6","448,8",1,PDF p. 6 (printed L 58/6),Article 3(2)(b),high,1,"(b) EUR 448,8 per tonne for the marketing year 2008/2009",,
o-d8a9e391c5,intl-eu-reg-318-2006,eu_sugar_reference_price_raw,MY2009/2010,actual,agree,confirmed,335.2,1,"Article 3(2), OJ L 58/6","335,2",1,PDF p. 6 (printed L 58/6),Article 3(2)(c),high,1,"(c) EUR 335,2 per tonne as from the marketing year 2009/2010",,
o-c6ac470b3c,intl-eu-reg-318-2006,eu_sugar_reference_price_white,MY2006/2007,actual,agree,confirmed,631.9,1,"Article 3(1), OJ L 58/6","631,9",1,PDF p. 6 (printed L 58/6),Article 3(1)(a),high,1,"For white sugar, the reference price shall be: (a) EUR 631,9 per tonne for each of the marketing years 2006/2007 and 2007/2008",,
o-1439cbb640,intl-eu-reg-318-2006,eu_sugar_reference_price_white,MY2007/2008,actual,agree,confirmed,631.9,1,"Article 3(1), OJ L 58/6","631,9",1,PDF p. 6 (printed L 58/6),Article 3(1)(a),high,1,"EUR 631,9 per tonne for each of the marketing years 2006/2007 and 2007/2008",Same figure applies to both 2006/2007 and 2007/2008 per Article 3(1)(a).,
o-0cb61a45b9,intl-eu-reg-318-2006,eu_sugar_reference_price_white,MY2008/2009,actual,agree,confirmed,541.5,1,"Article 3(1), OJ L 58/6","541,5",1,PDF p. 6 (printed L 58/6),Article 3(1)(b),high,1,"(b) EUR 541,5 per tonne for the marketing year 2008/2009",,
o-562041b2ce,intl-eu-reg-318-2006,eu_sugar_reference_price_white,MY2009/2010,actual,agree,confirmed,404.4,1,"Article 3(1), OJ L 58/6","404,4",1,PDF p. 6 (printed L 58/6),Article 3(1)(c),high,1,"(c) EUR 404,4 per tonne as from the marketing year 2009/2010",,
o-47de1f176e,intl-imf-wp-15-93,cbi_fiscal_revenue_pct_gdp,2013,estimate,agree,confirmed,3.4,1,"p. 13 (printed), Box 1",3.4,1,PDF p. 14 (printed p. 13),,high,1,"""ECP receipts, in the form of fees to the budget increased from less than 1 percent of GDP in 2008 to an estimated 13 and 3.4 percent of GDP in St. Kitts and Nevis and Dominica, in 2013""",Box 1. Dominica figure = 3.4 percent of GDP in 2013.,
o-a9f4d15d33,intl-imf-wp-15-93,cbi_fiscal_revenue_pct_gdp,2013,estimate,agree,confirmed,13,1,"p. 13 (printed), Box 1",13,1,PDF p. 14 (printed p. 13),,high,1,"""...an estimated 13 and 3.4 percent of GDP in St. Kitts and Nevis and Dominica, in 2013, respectively""",Box 1. St. Kitts and Nevis figure = 13 percent of GDP in 2013.,
o-633c7ab4c7,intl-imf-wp-15-93,ndf_assets_pct_gdp,2013,estimate,agree,confirmed,24,1,"p. 22 (printed), Box 5",24,1,PDF p. 23 (printed p. 22),,high,1,"""accumulated assets were estimated at about 24 percent of GDP at end-2013""",Box 5.,
o-da2d719173,intl-imf-wp-15-93,ndf_assets_pct_gdp,2013,estimate,agree,confirmed,25,1,"p. 13 (printed), Box 1",25,1,PDF p. 14 (printed p. 13),,high,1,"""At end-2013, the accumulated central government deposits were about 20 percent of GDP and additional SIDF assets were estimated at 25 percent of GDP""",Box 1. Note: this figure (25 percent) differs from the 24 percent given in Box 5 (o-633c7ab4c7) for the same end-2013 NDF assets metric – a genuine discrepancy within the source document itself.,
o-b13de5c7d3,intl-imf-wp-15-93,ndf_income_pct_gdp,2007,reported,agree,confirmed,0.9,1,"p. 22 (printed), Box 5, table ""SIDF Operations"", row Income",0.9,1,PDF p. 23 (printed p. 22),2007,high,1,"SIDF Operations table (% of GDP), row Income: 2007 = 0.9",Box 5.,
o-fc30a8ae40,intl-imf-wp-15-93,ndf_income_pct_gdp,2008,reported,agree,confirmed,1.5,1,"p. 22 (printed), Box 5, table ""SIDF Operations"", row Income",1.5,1,PDF p. 23 (printed p. 22),2008,high,1,"SIDF Operations table, row Income: 2008 = 1.5",Box 5.,
o-1fa22b0aa2,intl-imf-wp-15-93,ndf_income_pct_gdp,2009,reported,agree,confirmed,2.4,1,"p. 22 (printed), Box 5, table ""SIDF Operations"", row Income",2.4,1,PDF p. 23 (printed p. 22),2009,high,1,"SIDF Operations table, row Income: 2009 = 2.4",Box 5.,
o-b5ceefe540,intl-imf-wp-15-93,ndf_income_pct_gdp,2010,reported,agree,confirmed,5.9,1,"p. 22 (printed), Box 5, table ""SIDF Operations"", row Income",5.9,1,PDF p. 23 (printed p. 22),2010,high,1,"SIDF Operations table, row Income: 2010 = 5.9",Box 5.,
o-d5b5d26814,intl-imf-wp-15-93,ndf_income_pct_gdp,2011,reported,agree,confirmed,8.7,1,"p. 22 (printed), Box 5, table ""SIDF Operations"", row Income",8.7,1,PDF p. 23 (printed p. 22),2011,high,1,"SIDF Operations table, row Income: 2011 = 8.7",Box 5.,
o-5d1b4a305f,intl-imf-wp-15-93,ndf_income_pct_gdp,2012,estimate,agree,confirmed,10.1,1,"p. 22 (printed), Box 5, table ""SIDF Operations"", row Income",10.1,1,PDF p. 23 (printed p. 22),2012 est,high,1,"SIDF Operations table, row Income: 2012 (est) = 10.1","Box 5. Table header labels 2012 and 2013 columns ""est"".",
o-02f6f9b750,intl-imf-wp-15-93,ndf_income_pct_gdp,2013,estimate,agree,confirmed,11.9,1,"p. 22 (printed), Box 5, table ""SIDF Operations"", row Income",11.9,1,PDF p. 23 (printed p. 22),2013 est,high,1,"SIDF Operations table, row Income: 2013 (est) = 11.9","Box 5. Income row has footnote 1/ ""Net of Processing and due diligence fees.""",
o-8bbe961f37,kna-audit-report-2016,cbi_fiscal_revenue,2016,actual,agree,confirmed,175,million,"PDF p. 17, section Recurrent Revenue",175,million,PDF p. 17 (printed p. 8),"narrative, 'Recurrent Revenue' section",high,1,"The following entities collected 89 percent of the total recurrent revenue: Customs and Excise Department ($174 million), Inland Revenue Department ($232 million) and the Citizenship by Investment Unit ($175 million).",,
o-1367509813,kna-audit-report-2018,cbi_fiscal_revenue,2018,actual,agree,confirmed,418,million,"PDF p. 23, section Recurrent Revenue",418,million,PDF p. 23,2018,high,1,"""The Citizenship by Investment Unit was the largest contributor to the Government's overall recurrent revenue collections. This Unit collected $418 million in 2018.""",,
o-a9a683a2ac,kna-audit-report-2018,cbi_fiscal_revenue_pct_revenue,2018,actual,agree,confirmed,46,1,"PDF p. 23, pie chart '2018 Recurrent Revenue Collection by Department'",46,1,PDF p. 23,"CIU share, 2018",high,1,"Pie chart '2018 Recurrent Revenue Collection by Department': CIU 46%, IRD 27%, CED 20%, Other 7%",Unit is percent; CIU slice = 46%.,
o-d375d49436,kna-audit-report-2019,cbi_fiscal_revenue,2019,actual,agree,confirmed,443,million,"PDF p. 23, section Recurrent Revenue",443,million,PDF p. 23,2019 (Recurrent Revenue section),high,1,Revenue collected by the Citizenship by Investment Unit contributed 45% to the Government's overall recurrent revenue collections for 2019. This Unit collected almost $443 million in 2019.,Text says 'almost $443 million' -- 443 is the printed figure.,
o-8e2738edc7,kna-audit-report-2019,cbi_fiscal_revenue_pct_revenue,2019,actual,agree,confirmed,45,1,"PDF p. 23, pie chart '2019 Recurrent Revenue Collection by Department'",45%,1,PDF p. 23,"2019 Recurrent Revenue Collection by Department (pie chart, slice 'CIU')",high,1,Pie chart '2019 Recurrent Revenue Collection by Department': CIU 45%,,
o-fbe8da0cfe,kna-audit-report-2020,cbi_fiscal_revenue,2020,actual,agree,confirmed,270,million,"PDF p. 25, section Recurrent Revenue",270,million,PDF p. 25,2020,high,1,'...this department collected 40% of the government's recurrent revenue in 2020. This collection amounted to $270 million in 2020.',,
o-b37529fb1c,kna-audit-report-2020,cbi_fiscal_revenue_pct_revenue,2020,actual,agree,confirmed,40,1,"PDF p. 25, pie chart '2020 Recurrent Revenue Collection by Department'",40,1,PDF p. 25,"2020, CIU slice",high,1,"Pie chart '2020 Recurrent Revenue Collection by Department', CIU slice: 40%",,
o-ac49dc136f,kna-audit-report-2021,cbi_fiscal_revenue,2021,actual,agree,confirmed,543,million,"PDF p. 21, section Recurrent Revenue",543,million,PDF p. 21,2021,high,1,this department [CIU] collected 57% of the government's recurrent revenue in 2021. This collection amounted to $543 million in 2021.,Currency not explicitly stated in this sentence but context (St. Kitts and Nevis fiscal accounts) implies EC dollars (XCD).,
o-328dd2acc9,kna-audit-report-2021,cbi_fiscal_revenue_pct_revenue,2021,actual,agree,confirmed,57,1,"PDF p. 21, pie chart '2021 Recurrent Revenue Collection by Department'",57,1,PDF p. 21,2021,high,1,"Pie chart '2021 Recurrent Revenue Collection by Department': CIU 57%, IRD 21%, CED 15%, Other 7%",,
o-3297b70493,kna-audit-report-2022,cbi_fiscal_revenue,2022,actual,agree,confirmed,669,million,"PDF p. 21, section Recurrent Revenue",669,million,PDF p. 21 (printed p. 15),"narrative, 'Recurrent Revenue' section",high,1,this department [CIU] collected 60% of the government's recurrent revenue in 2022. This collection amounted to $669 million in 2022.,"Consistent with KNA MoF Estimates 2024 Vol I, which shows 'Citizenship by Investment' 2022 Actual = 669,358,624 (rounds to $669 million).",
o-34b246972e,kna-audit-report-2022,cbi_fiscal_revenue_pct_revenue,2022,actual,agree,confirmed,60,1,"PDF p. 21, pie chart '2022 Recurrent Revenue Collection by Department'",60,1,PDF p. 21 (printed p. 15),"pie chart '2022 Recurrent Revenue Collection by Department', CIU slice",high,1,"2022 Recurrent Revenue Collection by Department: CED 16%, IRD 19%, CIU 60%, Other 5%",Unit is percent; text below the chart also states 'this department collected 60% of the government's recurrent revenue in 2022.',
o-8c848a6b8f,kna-audit-report-2023,cbi_fiscal_revenue,2023,actual,agree,confirmed,621,million,"PDF p. 24, section Recurrent Revenue",621,million,PDF p. 24,2023,high,1,this department [Citizenship by Investment Unit] collected 55% of the government's recurrent revenue in 2023. This collection amounted to $621 million in 2023.,,
o-6df5bde312,kna-audit-report-2023,cbi_fiscal_revenue_pct_revenue,2023,actual,agree,confirmed,55,1,"PDF p. 24, pie chart '2023 Recurrent Revenue Collection by Department'",55,1,PDF p. 24,2023,high,1,Pie chart '2023 Recurrent Revenue Collection by Department' - CIU 55%,,
o-564891490b,kna-audit-report-2024,cbi_fiscal_revenue,2024-01-01/2024-08-08,actual,agree,confirmed,244,million,"PDF p. 21, section Recurrent Revenue",244,million,PDF p. 21,Jan-Aug 2024,high,1,The Citizenship by Investment Unit collected $244 million between January and August 2024.,"Cross-check: IRD's $257M = 34% of total recurrent revenue implies total ~= $758M; CIU's $244M is ~32% of that, consistent with the pie chart's CIU=32% slice, supporting this as the revenue-accounts figure (fund contributions + fees) rather than the narrower 'Actual Government fees' figure of $203 million mentioned in the same paragraph.",
o-48e556e6f3,kna-audit-report-2024,cbi_fiscal_revenue_pct_revenue,2024,actual,agree,confirmed,32,1,"PDF p. 21, pie chart '2024 Recurrent Revenue Collection by Department'",32,1,PDF p. 21,"CIU slice, pie chart '2024 Recurrent Revenue Collection by Department'",high,1,Pie chart: CIU 32%,"Pie chart is titled '2024' but the accompanying CIU dollar figure is explicitly stated only for January-August 2024, suggesting the chart period may itself be partial-year (through Aug 2024) rather than full calendar year 2024.",
o-86af44865e,kna-ec-swd-2025-429,applications_received,2015-2023,reported,agree,confirmed,19655,1,"PDF pp. 36-37, section II 'Eastern Caribbean', table of data submitted by the five countries",19 655,1,PDF p. 36 (printed p. 35),"Saint Kitts and Nevis column, 'Total applications received', 2015-2023",high,1,Total applications received ... Saint Kitts and Nevis: 19 655 (2015-2023),,
o-48d0545dfb,kna-ec-swd-2025-429,applications_received,2023,reported,agree,confirmed,1987,1,"PDF p. 37, text","1,987",1,"PDF p. 36 (printed p. 35), running text","running text, 'volume of applications' 2023",high,1,"In Saint Kitts and Nevis, the volume of applications went from 1,987 in 2023 to 223 in 2024","Text uses comma as thousands separator, unlike the table below it which uses spaces.",
o-fbb2307db2,kna-ec-swd-2025-429,applications_received,2024,reported,agree,confirmed,223,1,"PDF p. 37, text and table",223,1,PDF p. 36 (printed p. 35),"Saint Kitts and Nevis column, 'Total applications received', 2024 (also in running text)",high,1,...to 223 in 2024...; table: Total applications received ... 223 (2024),Matches both the text and the table.,
o-ed5a866440,kna-ec-swd-2025-429,applications_received,2025-01-01/2025-04-30,reported,agree,confirmed,171,1,"PDF pp. 36-37, section II 'Eastern Caribbean', table of data submitted by the five countries",171,1,PDF p. 36 (printed p. 35),"Saint Kitts and Nevis column, 'Total applications received', 2025 partial",medium,1,Total applications received ... Saint Kitts and Nevis: 171 (2025 until 31/03),"Table caption for KNA applications/rejections says 'until 31/03', not 30/4 as the requested period (2025-01-01/2025-04-30) implies; other countries' columns in the same table say 'until 30/4'. Value is for Jan-Mar 2025 per the document, not through April 30.",
o-dc2ef4519f,kna-ec-swd-2025-429,applications_rejected,2015-2023,reported,agree,confirmed,739,1,"PDF pp. 36-37, section II 'Eastern Caribbean', table of data submitted by the five countries",739,1,PDF p. 36 (printed p. 35),"Saint Kitts and Nevis column, 'Rejections', 2015-2023",high,1,Rejections ... Saint Kitts and Nevis: 739 (2015-2023),,
o-397c99ac44,kna-ec-swd-2025-429,applications_rejected,2024,reported,agree,confirmed,98,1,"PDF pp. 36-37, section II 'Eastern Caribbean', table of data submitted by the five countries",98,1,PDF p. 36 (printed p. 35),"Saint Kitts and Nevis column, 'Rejections', 2024",high,1,Rejections ... Saint Kitts and Nevis: 98 (2024),,
o-9d910cf5fd,kna-ec-swd-2025-429,applications_rejected,2025-01-01/2025-04-30,reported,agree,confirmed,86,1,"PDF pp. 36-37, section II 'Eastern Caribbean', table of data submitted by the five countries",86,1,PDF p. 36 (printed p. 35),"Saint Kitts and Nevis column, 'Rejections', 2025 partial",medium,1,Rejections ... Saint Kitts and Nevis: 86 (2025 until 31/03),Same 'until 31/03' vs requested 30 April discrepancy as row o-ed5a866440.,
o-fcc5ebe3ce,kna-ec-swd-2025-429,passports_issued,2015-2023,reported,agree,confirmed,48844,1,"PDF pp. 36-37, section II 'Eastern Caribbean', table of data submitted by the five countries",48 844,1,PDF p. 38 (printed p. 37),"Saint Kitts and Nevis column, 'Total passports issued', 2015-2023",high,1,Total passports issued ... Saint Kitts and Nevis: 48 844 (2015-2023),This passports table is on the page after the applications/rejections table (continuation of the same table).,
o-68874d9d68,kna-ec-swd-2025-429,passports_issued,2024,reported,agree,confirmed,6437,1,"PDF pp. 36-37, section II 'Eastern Caribbean', table of data submitted by the five countries",6 437,1,PDF p. 38 (printed p. 37),"Saint Kitts and Nevis column, 'Total passports issued', 2024",high,1,Total passports issued ... Saint Kitts and Nevis: 6 437 (2024),,
o-53d43bfe82,kna-ec-swd-2025-429,passports_issued,2025-01-01/2025-04-30,reported,agree,confirmed,734,1,"PDF pp. 36-37, section II 'Eastern Caribbean', table of data submitted by the five countries",734,1,PDF p. 38 (printed p. 37),"Saint Kitts and Nevis column, 'Total passports issued', 2025 partial",high,1,Total passports issued ... Saint Kitts and Nevis: 734 (2025 until 30/4),"Passports table for KNA says 'until 30/4', matching the requested period end date (unlike the applications/rejections table which says 'until 31/03' for KNA).",
o-b95dabdc63,kna-imf-art4-2021,cbi_fiscal_revenue,2019,actual,agree,confirmed,443,million,"PDF p. 17 (printed p. 13), text table 'General Government Fiscal Operations, 2019-21'",443,million,PDF p. 17 (printed p. 13),2019 Actual,high,1,"o/w: Citizenship by investment (CBI) Budgetary Receipts: 443 (2019 Actual), Table 'General Government Fiscal Operations, 2019-21'",Confirmed via pdftotext -layout extraction of exact table text.,
o-40ff4ef339,kna-imf-art4-2021,cbi_fiscal_revenue,2020,budget,agree,confirmed,295,million,"PDF p. 17 (printed p. 13), text table 'General Government Fiscal Operations, 2019-21'",295,million,PDF p. 17 (printed p. 13),2020 Budget (ambiguous vs 2020 Actual),low,1,"o/w: Citizenship by investment (CBI) Budgetary Receipts: 2020 Budget=295, 2020 Actual=259",Table has both a '2020 Budget' column (295) and a '2020 Actual' column (259) for CBI Budgetary Receipts; the requested period '2020' does not specify which. Reporting the Budget figure but flagging ambiguity; Actual=259 is the other candidate.,
o-9bf4796533,kna-imf-art4-2021,cbi_fiscal_revenue,2020,budget,agree,confirmed,298,million,"PDF p. 11, text table on 2020 budget vs actual",298,million,PDF p. 11,Budget (A) (ambiguous vs Actual (B)),low,1,"St. Kitts and Nevis: 2020 Budget and Actual - CBI: Budget (A)=298, Actual (B)=259, Difference -39 (-1.5 pct of GDP)",Table 'St. Kitts and Nevis: 2020 Budget and Actual' has separate Budget(A)=298 and Actual(B)=259 columns for CBI; period '2020' alone is ambiguous between them. Note this Budget figure (298) differs slightly from the 295 shown as '2020 Budget' in the p.17 table for the same year.,
o-ded0820035,kna-imf-art4-2021,cbi_fiscal_revenue,2020,actual,agree,confirmed,259,million,"PDF p. 17 (printed p. 13), text table 'General Government Fiscal Operations, 2019-21'",259,million,PDF p. 17 (printed p. 13),2020 Actual,high,2,"St. Kitts and Nevis: General Government Fiscal Operations, 2019-21 table, o/w: Citizenship by investment (CBI) Budgetary Receipts, 2020 Actual = 259 (In millions of Eastern Caribbean dollars)",,
o-3f9d6f45e5,kna-imf-art4-2021,cbi_fiscal_revenue,2021,projection,agree,confirmed,350,million,"PDF p. 17 (printed p. 13), text table 'General Government Fiscal Operations, 2019-21'",350,million,PDF p. 17 (printed p. 13),2021 IMF Staff,high,2,"Same fiscal operations table, o/w: Citizenship by investment (CBI) Budgetary Receipts, 2021 IMF Staff column = 350",Table has both a '2021 Budget' column (250) and a '2021 IMF Staff' column (350); status=projection matched to the IMF Staff (staff projection) column.,
o-d0649d23a8,kna-imf-art4-2021,cbi_fiscal_revenue_pct_gdp,2011-2020,estimate,agree,confirmed,10,1,"PDF p. 47, Annex (debt sustainability) bullet on CBI revenues",10,1,PDF p. 47,average 2011-2020,high,1,CBI revenues: Projected constant at 9 percent of GDP. This compares to their average 10 percent of GDP in 2011-2020 and 13 percent of GDP in 2018-20.,,
o-f637af0928,kna-imf-art4-2021,cbi_fiscal_revenue_pct_gdp,2012-2019,estimate,agree,confirmed,10,1,"PDF p. 9 (printed p. 5), para 3",10,1,PDF p. 9,average 2012-19,high,1,"A significant part of large CBI revenues averaging 10 percent of GDP during 2012-19 was prudently saved, resulting in a decade of fiscal surpluses.","Printed p. 5, para 3.",
o-0f5b580005,kna-imf-art4-2021,cbi_fiscal_revenue_pct_gdp,2012-2020,estimate,agree,confirmed,11,1,"PDF p. 21, para on buffers",11,1,PDF p. 21,since 2012 (annual average),high,1,"Annual CBI revenues have averaged 11 percent of GDP (30 percent of total revenues) since 2012, but they have also been very volatile...","Para 34. Text says 'since 2012' without an explicit end year; taken as 2012-2020 per the requested period, consistent with report being 2021 Article IV covering through 2020 data.",
o-475eaad093,kna-imf-art4-2021,cbi_fiscal_revenue_pct_gdp,2018-2020,estimate,agree,confirmed,13,1,"PDF p. 47, Annex (debt sustainability) bullet on CBI revenues",13,1,PDF p. 47,average 2018-20,high,1,CBI revenues: Projected constant at 9 percent of GDP. This compares to their average 10 percent of GDP in 2011-2020 and 13 percent of GDP in 2018-20.,,
o-7bd2160742,kna-imf-art4-2021,cbi_fiscal_revenue_pct_revenue,2012-2020,estimate,agree,confirmed,30,1,"PDF p. 21, para on buffers",30,1,PDF p. 21,since 2012 (share of total revenues),high,1,Annual CBI revenues have averaged 11 percent of GDP (30 percent of total revenues) since 2012...,Para 34.,
o-409b1f842b,kna-imf-art4-2023,cbi_fiscal_revenue,2019,estimate,agree,confirmed,442.6,million,"PDF p. 34 (printed p. 30), Table 3 Balance of Payments, 2019-28",442.6,million,PDF p. 34 (printed p. 30),2019,high,1,"Table 3 BOP, Services (receipts), o/w Citizenship-by-investment budgetary fees: 2019 = 442.6",,
o-4b794b070e,kna-imf-art4-2023,cbi_fiscal_revenue,2020,estimate,agree,confirmed,270.8,million,"PDF p. 34 (printed p. 30), Table 3 Balance of Payments, 2019-28",270.8,million,PDF p. 34 (printed p. 30),2020,high,1,Table 3: o/w Citizenship-by-investment budgetary fees: 2020 = 270.8,,
o-74872bc76d,kna-imf-art4-2023,cbi_fiscal_revenue,2021,estimate,agree,confirmed,542.6,million,"PDF p. 34 (printed p. 30), Table 3 Balance of Payments, 2019-28",542.6,million,PDF p. 34 (printed p. 30),2021,high,1,Table 3: o/w Citizenship-by-investment budgetary fees: 2021 = 542.6,,
o-4381a1fe02,kna-imf-art4-2023,cbi_fiscal_revenue,2022,estimate,agree,confirmed,678.2,million,"PDF p. 34 (printed p. 30), Table 3 Balance of Payments, 2019-28",678.2,million,PDF p. 34 (printed p. 30),2022,high,1,Table 3: o/w Citizenship-by-investment budgetary fees: 2022 = 678.2,,
o-9ddd609173,kna-imf-art4-2023,cbi_fiscal_revenue_pct_gdp,2017-2021,estimate,agree,confirmed,65,1,"PDF p. 9, para 2",65,1,PDF p. 9,,high,1,"""Recurrent CBI revenue (amouting to a cumulative 65 percent of GDP between 2017 and 2021) has resulted in fiscal surpluses in most years since 2017""","Printed page 5, para 2.",
o-471ef33c7c,kna-imf-art4-2023,cbi_fiscal_revenue_pct_gdp,2019,estimate,agree,confirmed,14.8,1,"PDF p. 33 (printed p. 29), Table 2b Federal Government Fiscal Operations",14.8,1,PDF p. 33 (printed p. 29),2019,high,1,Table 2b: Citizenship by investment (CBI) budgetary receipts (% of GDP): 2019 = 14.8,,
o-21866ef513,kna-imf-art4-2023,cbi_fiscal_revenue_pct_gdp,2020,estimate,agree,confirmed,11.3,1,"PDF p. 33 (printed p. 29), Table 2b Federal Government Fiscal Operations",11.3,1,PDF p. 33 (printed p. 29),2020,high,1,Table 2b: CBI budgetary receipts: 2020 = 11.3,,
o-e9be74368e,kna-imf-art4-2023,cbi_fiscal_revenue_pct_gdp,2021,estimate,agree,confirmed,23.3,1,"PDF p. 33 (printed p. 29), Table 2b Federal Government Fiscal Operations",23.3,1,PDF p. 33 (printed p. 29),2021,high,1,Table 2b: CBI budgetary receipts: 2021 = 23.3,,
o-ff1c94fd07,kna-imf-art4-2023,cbi_fiscal_revenue_pct_gdp,2022,estimate,agree,confirmed,25.8,1,"PDF p. 33 (printed p. 29), Table 2b Federal Government Fiscal Operations",25.8,1,PDF p. 33 (printed p. 29),2022,high,1,Table 2b: CBI budgetary receipts: 2022 = 25.8,,
o-1b80c12da5,kna-imf-art4-2023,cbi_fiscal_revenue_pct_gdp,2023,projection,agree,confirmed,19.0,1,"PDF p. 33 (printed p. 29), Table 2b Federal Government Fiscal Operations",19.0,1,PDF p. 33 (printed p. 29),2023 Est.,high,1,Table 2b: CBI budgetary receipts: 2023 (Est.) = 19.0,,
o-595b462d6c,kna-imf-art4-2025,cbi_capital_account_inflows_pct_gdp,2020-2023,estimate,agree,confirmed,7.5,1,"PDF p. 44, External Sector Assessment, 'Capital and Financial Accounts' box",7.5,1,PDF p. 44,2020-2023 average,high,1,"""CBI inflows to the capital account averaging 7.5 percent of GDP during 2020-2023""",,
o-8f9a008513,kna-imf-art4-2025,cbi_capital_account_inflows_pct_gdp,2024,projection,agree,confirmed,2.9,1,"PDF p. 44, External Sector Assessment, 'Capital and Financial Accounts' box",2.9,1,PDF p. 44,2024 (projected),high,1,"""...they are projected to decline to 2.9 percent of GDP in 2024""","Stated as a projection, not an outturn.",
o-40e1fe8728,kna-imf-art4-2025,cbi_fiscal_revenue_pct_gdp,2014-2019,estimate,agree,confirmed,11,1,"PDF p. 65 (printed p. 61), Annex IX para 4",11,1,PDF p. 65 (printed p. 61),2014-2019 average (pre-pandemic average),high,1,"""...slightly below the pre-pandemic average of 11 percent of GDP for 2014-2019""",,
o-2638b0240f,kna-imf-art4-2025,cbi_fiscal_revenue_pct_gdp,2019,estimate,agree,confirmed,14.8,1,"PDF p. 10 (printed p. 6), text table 'Recent Developments: Key Fiscal Items'",14.8,1,PDF p. 10 (printed p. 6),2019,high,1,"'Recent Developments: Key Fiscal Items' table, row 'Citizenship by investment (CBI) revenue', 2019 = 14.8",,
o-8128bd00b3,kna-imf-art4-2025,cbi_fiscal_revenue_pct_gdp,2020,estimate,agree,confirmed,11.3,1,"PDF p. 34 (printed p. 30), Table 2 Federal Government Fiscal Operations, 2020-30",11.3,1,PDF p. 34 (printed p. 30),2020,high,1,"Table 2, row 'Citizenship by investment (CBI) revenue', 2020 = 11.3",,
o-27c5a3b011,kna-imf-art4-2025,cbi_fiscal_revenue_pct_gdp,2021,estimate,agree,confirmed,23.4,1,"PDF p. 34 (printed p. 30), Table 2 Federal Government Fiscal Operations, 2020-30",23.4,1,PDF p. 34 (printed p. 30),2021,high,1,"Table 2, row 'Citizenship by investment (CBI) revenue', 2021 = 23.4",,
o-af7f791b46,kna-imf-art4-2025,cbi_fiscal_revenue_pct_gdp,2022,estimate,agree,confirmed,25.3,1,"PDF p. 34 (printed p. 30), Table 2 Federal Government Fiscal Operations, 2020-30",25.3,1,PDF p. 34 (printed p. 30),2022,high,1,"Table 2, row 'Citizenship by investment (CBI) revenue', 2022 = 25.3",,
o-cfbfdef1a4,kna-imf-art4-2025,cbi_fiscal_revenue_pct_gdp,2023,estimate,agree,confirmed,21.7,1,"PDF p. 34 (printed p. 30), Table 2 Federal Government Fiscal Operations, 2020-30",21.7,1,PDF p. 34 (printed p. 30),2023,high,1,"Table 2, row 'Citizenship by investment (CBI) revenue', 2023 = 21.7",,
o-a003977f61,kna-imf-art4-2025,cbi_fiscal_revenue_pct_gdp,2024,estimate,agree,confirmed,8.1,1,"PDF p. 34 (printed p. 30), Table 2 Federal Government Fiscal Operations, 2020-30",8.1,1,PDF p. 34 (printed p. 30),2024 Est.,high,1,"Table 2, row 'Citizenship by investment (CBI) revenue', 2024 (Est.) = 8.1",,
o-0929d320aa,kna-imf-art4-2025,cbi_fiscal_revenue_pct_gdp,2025,projection,agree,confirmed,9.0,1,"PDF p. 34 (printed p. 30), Table 2 Federal Government Fiscal Operations, 2020-30",9.0,1,PDF p. 34 (printed p. 30),2025 Proj.,high,1,"Table 2, row 'Citizenship by investment (CBI) revenue', 2025 (Proj.) = 9.0",Differs from the authorities' own 2025 budget assumption of 16 percent of GDP mentioned in text on PDF p.11 (para 7).,
o-63eca6b3a7,kna-imf-art4-2025,cbi_fiscal_revenue_pct_gdp,2025,budget,agree,confirmed,16,1,"PDF p. 11, para 7",16,1,PDF p. 11,2025 (authorities' budget assumption),high,1,"""The authorities assume that CBI revenue will bounce back to 16 percent of GDP...""","This is the authorities' budget assumption, distinct from the IMF staff Table 2 projection of 9.0 percent of GDP for 2025.",
o-b67ab35007,kna-imf-cr-14-49,cbi_fiscal_revenue_pct_gdp,2012,estimate,agree,confirmed,7,1,"PDF p. 9, Box 2",7,1,"PDF p. 9, Box 2",2012,medium,1,"Overall, government fee collections have grown steadily, exceeding 7 percent of GDP in 2012.","Text gives a lower bound ('exceeding 7 percent'), not an exact figure. Box 2 also has a chart 'Citizenship by Investment' with an 'Income from Fees (in percent of GDP, right axis)' line reaching roughly 7% at 2012, consistent with the text but without a printed exact value.",
o-a09f82a4bd,kna-imf-pr-2014,cbi_fiscal_revenue_pct_gdp,2010,estimate,agree,confirmed,2.3,1,"Press release, paragraph on fiscal consolidation",2.3,1,HTML (press release text),2010,high,1,"""CBI revenues grew from 2.3 percent of GDP in 2010 to a projected 13 percent of GDP in 2013""",,
o-bf93796f5f,kna-imf-pr-2014,cbi_fiscal_revenue_pct_gdp,2013,projection,agree,confirmed,13,1,"Press release, paragraph on fiscal consolidation",13,1,HTML (press release text),2013 projected,high,1,"""CBI revenues grew from 2.3 percent of GDP in 2010 to a projected 13 percent of GDP in 2013""",,
o-8884ae579f,kna-imf-pr-2017,cbi_fiscal_revenue_pct_gdp,2015,estimate,agree,confirmed,12.4,1,Table 'Selected Economic and Financial Indicators 2015-19',12.4,1,HTML (no page numbers),2015 (actual),high,1,"Table 'Selected Economic and Financial Indicators 2015-19', 'o/w CBI fees' row, 2015 column: 12.4","Verified column/Est./Proj. alignment from the raw HTML table cell structure: 2015 is unlabeled (actual), 2016='Est', 2017-2019='Proj.'.",
o-1313ac110e,kna-imf-pr-2017,cbi_fiscal_revenue_pct_gdp,2016,estimate,agree,confirmed,7.2,1,Table 'Selected Economic and Financial Indicators 2015-19',7.2,1,HTML (no page numbers),2016 Est,high,1,"'o/w CBI fees' row, 2016 column: 7.2",,
o-53184d1054,kna-imf-pr-2017,cbi_fiscal_revenue_pct_gdp,2017,projection,agree,confirmed,3.9,1,Table 'Selected Economic and Financial Indicators 2015-19',3.9,1,HTML (no page numbers),2017 Proj.,high,1,"'o/w CBI fees' row, 2017 column: 3.9",,
o-033f3ad97d,kna-imf-pr-2017,cbi_fiscal_revenue_pct_gdp,2018,projection,agree,confirmed,3.7,1,Table 'Selected Economic and Financial Indicators 2015-19',3.7,1,HTML (no page numbers),2018 Proj.,high,1,"'o/w CBI fees' row, 2018 column: 3.7",,
o-49d7c77973,kna-imf-pr-2017,cbi_fiscal_revenue_pct_gdp,2019,projection,agree,confirmed,1.8,1,Table 'Selected Economic and Financial Indicators 2015-19',1.8,1,HTML (no page numbers),2019 Proj.,high,1,"'o/w CBI fees' row, 2019 column: 1.8",,
o-c6de4bc97e,kna-imf-pr-2018,cbi_fiscal_revenue_pct_gdp,2015,estimate,agree,confirmed,11.6,1,Table 'Selected Economic Indicators' (2015-2020),11.6,1,html table,2015,high,1,"Table 'St. Kitts and Nevis: Selected Economic and Financial Indicators 2015-20' (In percent of GDP), Public sector, Total revenue and grants > o/w Tax revenue > o/w CBI fees: 2015 = 11.6",,
o-504bbb5bf7,kna-imf-pr-2018,cbi_fiscal_revenue_pct_gdp,2016,estimate,agree,confirmed,6.8,1,Table 'Selected Economic Indicators' (2015-2020),6.8,1,html table,2016,high,1,"Table 'St. Kitts and Nevis: Selected Economic and Financial Indicators 2015-20' (In percent of GDP), Public sector, Total revenue and grants > o/w Tax revenue > o/w CBI fees: 2016 = 6.8",,
o-d8837c675c,kna-imf-pr-2018,cbi_fiscal_revenue_pct_gdp,2017,estimate,agree,confirmed,5.7,1,Table 'Selected Economic Indicators' (2015-2020),5.7,1,html table,2017 Est.,high,1,"Table 'St. Kitts and Nevis: Selected Economic and Financial Indicators 2015-20' (In percent of GDP), Public sector, Total revenue and grants > o/w Tax revenue > o/w CBI fees: 2017 (Est.) = 5.7",,
o-aa3eb5a17b,kna-imf-pr-2018,cbi_fiscal_revenue_pct_gdp,2018,projection,agree,confirmed,7.4,1,Table 'Selected Economic Indicators' (2015-2020),7.4,1,html table,2018 Proj.,high,1,"Table 'St. Kitts and Nevis: Selected Economic and Financial Indicators 2015-20' (In percent of GDP), Public sector, Total revenue and grants > o/w Tax revenue > o/w CBI fees: 2018 (Proj.) = 7.4",,
o-6a8dfe9f48,kna-imf-pr-2021,cbi_fiscal_revenue_pct_gdp,2018,estimate,agree,confirmed,14.3,1,Table 1 'Selected Economic Indicators 2018-24',14.3,1,HTML (no page numbers),2018 (actual),high,1,"Table 1 'Selected Economic Indicators 2018-24', 'o/w CBI fees' row, 2018 column: 14.3","Verified column/Est./Proj. alignment from raw HTML table cell structure: 2018-2019 unlabeled (actual), 2020='Est.', 2021-2024='Proj.'.",
o-8158f86529,kna-imf-pr-2021,cbi_fiscal_revenue_pct_gdp,2019,estimate,agree,confirmed,14.1,1,Table 1 'Selected Economic Indicators 2018-24',14.1,1,HTML (no page numbers),2019 (actual),high,1,"'o/w CBI fees' row, 2019 column: 14.1",,
o-d5e05f0bad,kna-imf-pr-2021,cbi_fiscal_revenue_pct_gdp,2020,estimate,agree,confirmed,9.8,1,Table 1 'Selected Economic Indicators 2018-24',9.8,1,HTML (no page numbers),2020 Est.,high,1,"'o/w CBI fees' row, 2020 column: 9.8",,
o-9404ae7cb1,kna-imf-pr-2021,cbi_fiscal_revenue_pct_gdp,2021,projection,agree,confirmed,13.3,1,Table 1 'Selected Economic Indicators 2018-24',13.3,1,HTML (no page numbers),2021 Proj.,high,1,"'o/w CBI fees' row, 2021 column: 13.3",Note: 2021 is labeled 'Proj.' not 'Est.' per the HTML table's colspan structure (Est. covers only the 2020 column; Proj. spans 2021-2024).,
o-d0a3f9b0df,kna-imf-pr-2024,cbi_fiscal_revenue_pct_gdp,2019,estimate,agree,confirmed,14.8,1,Table 'Selected Economic Indicators 2019-25',14.8,1,HTML table 'St. Kitts and Nevis: Selected Economic Indicators 2019-25',2019,high,1,Public sector (in percent of GDP): o/w CBI fees = 14.8 (2019),"Row is literally labelled 'o/w CBI fees', a sub-item of Total revenue and grants.",
o-75acedd97e,kna-imf-pr-2024,cbi_fiscal_revenue_pct_gdp,2020,estimate,agree,confirmed,11.3,1,Table 'Selected Economic Indicators 2019-25',11.3,1,HTML table 'St. Kitts and Nevis: Selected Economic Indicators 2019-25',2020,high,1,o/w CBI fees = 11.3 (2020),,
o-dc4318a4a5,kna-imf-pr-2024,cbi_fiscal_revenue_pct_gdp,2021,estimate,agree,confirmed,23.4,1,Table 'Selected Economic Indicators 2019-25',23.4,1,HTML table 'St. Kitts and Nevis: Selected Economic Indicators 2019-25',2021,high,1,o/w CBI fees = 23.4 (2021),,
o-b19e7884d4,kna-imf-pr-2024,cbi_fiscal_revenue_pct_gdp,2022,estimate,agree,confirmed,25.5,1,Table 'Selected Economic Indicators 2019-25',25.5,1,HTML table 'St. Kitts and Nevis: Selected Economic Indicators 2019-25',2022,high,1,o/w CBI fees = 25.5 (2022),,
o-e2195ace55,kna-imf-pr-2024,cbi_fiscal_revenue_pct_gdp,2023,estimate,agree,confirmed,21.5,1,Table 'Selected Economic Indicators 2019-25',21.5,1,HTML table 'St. Kitts and Nevis: Selected Economic Indicators 2019-25',2023,high,1,o/w CBI fees = 21.5 (2023),Body text elsewhere rounds this to 'CBI revenues have remained solid (at 22 percent of GDP in 2023)'.,
o-361880e0fa,kna-imf-pr-2024,cbi_fiscal_revenue_pct_gdp,2024,projection,agree,confirmed,18.0,1,Table 'Selected Economic Indicators 2019-25',18.0,1,HTML table 'St. Kitts and Nevis: Selected Economic Indicators 2019-25',2024 Est.,high,1,"o/w CBI fees = 18.0 (2024, Est.)",,
o-43d7391692,kna-imf-pr-2024,cbi_fiscal_revenue_pct_gdp,2025,projection,agree,confirmed,16.0,1,Table 'Selected Economic Indicators 2019-25',16.0,1,HTML table 'St. Kitts and Nevis: Selected Economic Indicators 2019-25',2025 Proj.,high,1,"o/w CBI fees = 16.0 (2025, Proj.)",,
o-b90156f61b,kna-imf-pr-2026,cbi_fiscal_revenue_pct_gdp,2021,estimate,agree,confirmed,23.8,1,Table 'Selected Economic Indicators 2021-27',23.8,1,HTML table (n/a page number),2021,high,1,"Table 'St. Kitts and Nevis: Selected Economic Indicators 2021-27', Public sector, o/w CBI fees (percent of GDP): 23.8 (2021)",HTML press release; table row 'o/w CBI fees' under 'Total revenue and grants' (In percent of GDP).,
o-f79a3bc5ce,kna-imf-pr-2026,cbi_fiscal_revenue_pct_gdp,2022,estimate,agree,confirmed,25.8,1,Table 'Selected Economic Indicators 2021-27',25.8,1,HTML table (n/a page number),2022,high,1,o/w CBI fees (percent of GDP): 25.8 (2022),,
o-122c6304fb,kna-imf-pr-2026,cbi_fiscal_revenue_pct_gdp,2023,estimate,agree,confirmed,22.2,1,Table 'Selected Economic Indicators 2021-27',22.2,1,HTML table (n/a page number),2023,high,1,o/w CBI fees (percent of GDP): 22.2 (2023),,
o-88a6dfee0c,kna-imf-pr-2026,cbi_fiscal_revenue_pct_gdp,2024,estimate,agree,confirmed,8.6,1,Table 'Selected Economic Indicators 2021-27',8.6,1,HTML table (n/a page number),2024,high,1,o/w CBI fees (percent of GDP): 8.6 (2024),,
o-8281a524e5,kna-imf-pr-2026,cbi_fiscal_revenue_pct_gdp,2025,estimate,agree,confirmed,5.3,1,Table 'Selected Economic Indicators 2021-27',5.3,1,HTML table (n/a page number),2025 Est.,high,1,o/w CBI fees (percent of GDP): 5.3 (2025),"Column header labels 'Est.' and 'Proj.' appear above the year row in the source HTML but lose exact column alignment when the table is flattened to text; based on typical IMF layout and the report date (2026), 2025 is inferred to be the 'Est.' column and 2026-27 the 'Proj.' columns.",
o-ae9874fc04,kna-imf-pr-2026,cbi_fiscal_revenue_pct_gdp,2026,projection,agree,confirmed,6.0,1,Table 'Selected Economic Indicators 2021-27',6.0,1,HTML table (n/a page number),2026 Proj.,high,1,o/w CBI fees (percent of GDP): 6.0 (2026),See note on Est./Proj. column labeling in the 2025 row's comment.,
o-1cee8dc606,kna-imf-wp-15-93,cbi_fiscal_revenue_pct_gdp,2013,estimate,agree,confirmed,13,1,"PDF p. 14, box on ECP inflows",13,1,PDF p. 14,2013 (estimated),high,1,"Box 1: ""...increased from less than 1 percent of GDP in 2008 to an estimated 13 and 3.4 percent of GDP in St. Kitts and Nevis and Dominica, in 2013""",St. Kitts and Nevis figure (fees to the budget / Contributions to SKN Government).,
o-5bd207a049,kna-imf-wp-15-93,cbi_ndf_inflows_pct_gdp,2013,estimate,agree,confirmed,12,1,"PDF p. 14, box on ECP inflows",12,1,PDF p. 14,2013 (estimated),high,1,"Box 1: ""...further ECP inflows to the NDF, the...SIDF...estimated at about another 12 percent of GDP in 2013""",,
o-4f982ea8a5,kna-imf-wp-15-93,ndf_income_pct_gdp,2007,reported,agree,confirmed,0.9,1,"PDF p. 23, Box 5 table 'SIDF Operations (In percent of GDP)'",0.9,1,PDF p. 23,2007,high,1,"Box 5, 'SIDF Operations (In percent of GDP)' table, Income row, 2007 = 0.9",,
o-d1c72eac55,kna-imf-wp-15-93,ndf_income_pct_gdp,2008,reported,agree,confirmed,1.5,1,"PDF p. 23, Box 5 table 'SIDF Operations (In percent of GDP)'",1.5,1,PDF p. 23,2008,high,1,"Box 5 table, Income row, 2008 = 1.5",,
o-40773fb94d,kna-imf-wp-15-93,ndf_income_pct_gdp,2009,reported,agree,confirmed,2.4,1,"PDF p. 23, Box 5 table 'SIDF Operations (In percent of GDP)'",2.4,1,PDF p. 23,2009,high,1,"Box 5 table, Income row, 2009 = 2.4",,
o-179635f7f2,kna-imf-wp-15-93,ndf_income_pct_gdp,2010,reported,agree,confirmed,5.9,1,"PDF p. 23, Box 5 table 'SIDF Operations (In percent of GDP)'",5.9,1,PDF p. 23,2010,high,1,"Box 5 table, Income row, 2010 = 5.9",,
o-524ddcc38a,kna-imf-wp-15-93,ndf_income_pct_gdp,2011,reported,agree,confirmed,8.7,1,"PDF p. 23, Box 5 table 'SIDF Operations (In percent of GDP)'",8.7,1,PDF p. 23,2011,high,1,"Box 5 table, Income row, 2011 = 8.7",,
o-ffd1d3247c,kna-imf-wp-15-93,ndf_income_pct_gdp,2012,estimate,agree,confirmed,10.1,1,"PDF p. 23, Box 5 table 'SIDF Operations (In percent of GDP)'",10.1,1,PDF p. 23,2012 est.,high,1,"Box 5 table, Income row, 2012(est.) = 10.1",,
o-da1b367535,kna-imf-wp-15-93,ndf_income_pct_gdp,2013,estimate,agree,confirmed,11.9,1,"PDF p. 23, Box 5 table 'SIDF Operations (In percent of GDP)'",11.9,1,PDF p. 23,2013 est.,high,1,"Box 5 table, Income row, 2013(est.) = 11.9",,
o-8219163366,kna-mof-budget-address-2023,cbi_fiscal_revenue_pct_revenue,2021,provisional,agree,confirmed,54.9,1,"PDF p. 7, para 9",54.9,1,PDF p. 7 (printed p. 6),"para 9, 2021 fiscal year",high,1,"During that year, inflows from the CBI Programme accounted for 54.9 percent of Total Revenue and Grants and funded 63.5 percent of the Government's Total Expenditure.","Figure is 'percent of Total Revenue and Grants' (i.e., with grants included).",
o-b802d1f501,kna-mof-estimates-2018-v1,cbi_fiscal_revenue,2016,actual,agree,confirmed,175263635,1,"PDF p. 12, section 2.1 Financial Summary by Economic Classification","175,263,635",1,PDF p. 12,2016 Actual,high,1,"Financial Summary by Economic Classification table, row 'Citizenship by Investment', 2016 Actual column = 175,263,635",,
o-9ad7ead992,kna-mof-estimates-2018-v1,cbi_fiscal_revenue,2017,estimate,agree,confirmed,140146855,1,"PDF p. 16, section 2.2 Fiscal Operations","140,146,855",1,PDF p. 16,2017 Projections,medium,1,"Fiscal Operations table, row 'Citizenship by Investment', 2017 Projections column = 140,146,855","Table has two 2017 columns: '2017 Projections' (140,146,855, chosen as closer to actual) and '2017 Approved Estimates' (170,000,000, the original budget figure).",
o-dda9b7bc45,kna-mof-estimates-2018-v1,cbi_fiscal_revenue,2018,budget,agree,confirmed,168000000,1,"PDF p. 16, section 2.2 Fiscal Operations","168,000,000",1,PDF p. 16,2018 Estimates,high,1,"Fiscal Operations table, row 'Citizenship by Investment', 2018 Estimates column = 168,000,000",,
o-db44171e72,kna-mof-estimates-2019-v1,cbi_fiscal_revenue,2017,actual,agree,confirmed,149411767,1,"PDF p. 11, section 2.1 Financial Summary by Economic Classification","149,411,767",1,PDF p. 11,2017 Actual,high,1,"Non Tax Revenue > Citizenship by Investment: 2021 Estimates 100,000,000; 2020 Estimates 120,000,000; 2019 Estimates 230,000,000; 2018 Approved Estimates 168,000,000; 2019/2018 Increase/(Decrease) 62,000,000; 2017 Actual 149,411,767",Section 2.1 Financial Summary by Economic Classification. 2017 is the only column for that year (Actual).,
o-4173f44f10,kna-mof-estimates-2019-v1,cbi_fiscal_revenue,2018,estimate,agree,confirmed,363756282,1,"PDF p. 15, section 2.2 Fiscal Operations","363,756,282",1,PDF p. 15,2018 Projections,high,2,"Non Tax Revenue > Citizenship by Investment row, '2018 Projections' column = 363,756,282","Same row also has a separate '2018 Approved Estimates' (budget) column = 168,000,000, and '2019 Estimates' = 230,000,000, and '2017 Actuals' = 149,411,767.",
o-f1e37627d9,kna-mof-estimates-2019-v1,cbi_fiscal_revenue,2019,budget,agree,confirmed,230000000,1,"PDF p. 15, section 2.2 Fiscal Operations","230,000,000",1,PDF p. 15,2019 Estimates,high,1,"Non Tax Revenue > Citizenship by Investment: 2019 Estimates 230,000,000","Consistent with the 2019 Estimates figure (230,000,000) shown on p.11's Section 2.1 table as well.",
o-fb8d3a4738,kna-mof-estimates-2021-v1,cbi_fiscal_revenue,2019,actual,agree,confirmed,442617122,1,"PDF p. 12, section 2.1 Financial Summary by Economic Classification","442,617,122",1,PDF p. 12,2019 Actual,high,1,"Section 2.1 Financial Summary, row 'Citizenship by Investment', 2019 Actual column = 442,617,122",,
o-1c700b8ebb,kna-mof-estimates-2021-v1,cbi_fiscal_revenue,2020,budget,agree,confirmed,295000000,1,"PDF p. 16, section 2.2 Fiscal Operations","295,000,000",1,PDF p. 16,2020 Approved Estimates,high,2,"Non Tax Revenue > Citizenship by Investment row, '2020 Approved Estimates' column = 295,000,000",,
o-8ebe38704d,kna-mof-estimates-2021-v1,cbi_fiscal_revenue,2020,estimate,agree,confirmed,261444997,1,"PDF p. 16, section 2.2 Fiscal Operations","261,444,997",1,PDF p. 16,2020 Projections,high,2,"Non Tax Revenue > Citizenship by Investment row, '2020 Projections' column = 261,444,997",,
o-ca5c817a11,kna-mof-estimates-2022-v1,cbi_fiscal_revenue,2020,actual,agree,confirmed,270807661,1,"PDF p. 12, section 2.1 Financial Summary by Economic Classification","270,807,661",1,PDF p. 12,2020 Actual,high,1,"2022 Estimates Financial Summary, Non Tax Revenue, row 'Citizenship by Investment', 2020 Actual column: 270,807,661",,
o-1ba5cf61a2,kna-mof-estimates-2022-v1,cbi_fiscal_revenue,2021,budget,agree,confirmed,250000000,1,"PDF p. 16, section 2.2 Fiscal Operations","250,000,000",1,PDF p. 16,2021 Approved Estimates,high,2,"Citizenship by Investment: 2022 Estimates 400,000,000 | 2021 Projections 500,000,000 | 2021 Approved Estimates 250,000,000 | 2020 Actuals 270,807,661","Table 'Fiscal Operations - Economic Classification', Non Tax Revenue section. Four columns for years 2022/2021/2021/2020; the 'Approved Estimates' column for 2021 is the originally approved budget figure.",
o-362129b0e0,kna-mof-estimates-2022-v1,cbi_fiscal_revenue,2021,estimate,agree,confirmed,500000000,1,"PDF p. 16, section 2.2 Fiscal Operations","500,000,000",1,PDF p. 16,2021 Projections,high,2,"Citizenship by Investment: 2022 Estimates 400,000,000 | 2021 Projections 500,000,000 | 2021 Approved Estimates 250,000,000 | 2020 Actuals 270,807,661","'Projections' column for 2021 is a revised/updated estimate of the 2021 outturn (made near/after year end, before final Actuals were compiled), distinct from the originally 'Approved Estimates' for 2021.",
o-c3adfcc543,kna-mof-estimates-2023-v1,cbi_fiscal_revenue,2021,actual,agree,confirmed,542553639,1,"PDF p. 12, section 2.1 Financial Summary by Economic Classification","542,553,639",1,PDF p. 12,2021 Actual,high,1,"Non Tax Revenue, 'Citizenship by Investment' row, 2021 Actual column: 542,553,639",,
o-1293c9e44b,kna-mof-estimates-2023-v1,cbi_fiscal_revenue,2022,budget,agree,confirmed,400000000,1,"PDF p. 16, section 2.2 Fiscal Operations","400,000,000",1,PDF p. 16,2022 Approved Estimates,high,2,"Citizenship by Investment: 2023 Estimates 518,315,789 | 2022 Projections 678,240,618 | 2022 Approved Estimates 400,000,000 | 2021 Actual 542,553,639",Same table series in the 2023 Estimates document. 'Approved Estimates' column for 2022 = the approved budget figure for 2022.,
o-f12b44db7f,kna-mof-estimates-2023-v1,cbi_fiscal_revenue,2022,estimate,agree,confirmed,678240618,1,"PDF p. 16, section 2.2 Fiscal Operations","678,240,618",1,PDF p. 16,2022 Projections,high,2,"Citizenship by Investment: 2023 Estimates 518,315,789 | 2022 Projections 678,240,618 | 2022 Approved Estimates 400,000,000 | 2021 Actual 542,553,639",'Projections' column for 2022 is the revised estimate of the 2022 outturn.,
o-b84eb460b0,kna-mof-estimates-2024-v1,cbi_fiscal_revenue,2022,actual,agree,confirmed,669358624,1,"PDF p. 15, section 2.1 Financial Summary by Economic Classification","669,358,624",1,"PDF p. 15, Section 2.1 Financial Summary by Economic Classification","2022 Actual, 'Citizenship by Investment' (row under Non Tax Revenue)",high,1,"Citizenship by Investment: 2026 Est. 530,000,000; 2025 Est. 515,000,000; 2024 Est. 540,000,000; 2023 Approved Est. 518,315,789; 2024/2023 change 21,684,211; 2022 Actual 669,358,624",,
o-9b6e214fd3,kna-mof-estimates-2024-v1,cbi_fiscal_revenue,2023,budget,agree,confirmed,518315789,1,"PDF p. 19, section 2.2 Fiscal Operations","518,315,789",1,PDF p. 19,2023 Approved Estimates,high,2,"Citizenship by Investment: 2024 Estimates 540,000,000 | 2023 Projections 610,000,000 | 2023 Approved Estimates 518,315,789 | 2022 Actuals 669,358,624","In the 2024 Estimates document, 'Approved Estimates' column for 2023 = 518,315,789, matching the 2023 document's own 'Estimates' figure for 2023 (518,315,789), consistent as the approved budget carried forward.",
o-0033ed9a20,kna-mof-estimates-2024-v1,cbi_fiscal_revenue,2023,estimate,agree,confirmed,610000000,1,"PDF p. 19, section 2.2 Fiscal Operations","610,000,000",1,PDF p. 19,2023 Projections,high,2,"Citizenship by Investment: 2024 Estimates 540,000,000 | 2023 Projections 610,000,000 | 2023 Approved Estimates 518,315,789 | 2022 Actuals 669,358,624",'Projections' column for 2023 is the revised estimate of the 2023 outturn.,
o-ab9a6a22f7,kna-mof-estimates-2025-v1,cbi_fiscal_revenue,2023,actual,agree,confirmed,620754504,1,"PDF p. 16, section 2.1 Financial Summary by Economic Classification","620,754,504",1,PDF p. 16,2023 Actual,high,1,"Non Tax Revenue: Citizenship by Investment, 2023 Actual = 620,754,504","Table also shows 2024 Approved Estimates = 540,000,000; 2025 Estimates = 495,000,000; 2026 Estimates = 467,000,000; 2027 Estimates = 437,000,000.",
o-436cef5a8c,kna-mof-estimates-2025-v1,cbi_fiscal_revenue,2024,budget,agree,confirmed,540000000,1,"PDF p. 20, section 2.2 Fiscal Operations","540,000,000",1,PDF p. 20,2024 Approved Estimates,high,2,"Citizenship by Investment: 2025 Estimates 495,000,000 | 2024 Projections 305,838,741 | 2024 Approved Estimates 540,000,000 | 2023 Actuals 620,754,504","In the 2025 Estimates document, 'Approved Estimates' column for 2024 = 540,000,000, matching the 2024 document's own 'Estimates' figure for 2024.",
o-089eb6eca9,kna-mof-estimates-2025-v1,cbi_fiscal_revenue,2024,estimate,agree,confirmed,305838741,1,"PDF p. 20, section 2.2 Fiscal Operations","305,838,741",1,PDF p. 20,2024 Projections,high,2,"Citizenship by Investment: 2025 Estimates 495,000,000 | 2024 Projections 305,838,741 | 2024 Approved Estimates 540,000,000 | 2023 Actuals 620,754,504","'Projections' column for 2024 is markedly below the 540,000,000 approved budget, indicating a downward revision of expected 2024 CBI revenue.",
o-626f8919a1,kna-mof-estimates-2026-v1,cbi_fiscal_revenue,2024,actual,agree,confirmed,244157349,1,"PDF p. 16, section 2.1 Financial Summary by Economic Classification","244,157,349",1,PDF p. 16,2024 Actual,high,1,"Section 2.1 Financial Summary, row 'Citizenship by Investment', 2024 Actual column = 244,157,349",,
o-4f4d5a4f58,kna-mof-estimates-2026-v1,cbi_fiscal_revenue,2025,budget,agree,confirmed,495000000,1,"PDF p. 20, section 2.2 Fiscal Operations","495,000,000",1,PDF p. 20,2025 Approved Estimates,high,2,"Citizenship by Investment: 2026 Estimates 240,000,000 | 2025 Projections 124,468,926 | 2025 Approved Estimates 495,000,000 | 2024 Actuals 244,157,349","In the 2026 Estimates document, 'Approved Estimates' column for 2025 = 495,000,000, matching the 2025 document's own 'Estimates' figure for 2025.",
o-5d38b3b392,kna-mof-estimates-2026-v1,cbi_fiscal_revenue,2025,estimate,agree,confirmed,124468926,1,"PDF p. 20, section 2.2 Fiscal Operations","124,468,926",1,PDF p. 20,2025 Projections,high,2,"Citizenship by Investment: 2026 Estimates 240,000,000 | 2025 Projections 124,468,926 | 2025 Approved Estimates 495,000,000 | 2024 Actuals 244,157,349","'Projections' column for 2025 is well below the approved 495,000,000 budget, again indicating a downward revision of expected 2025 CBI revenue.",
o-3d7138e521,kna-mof-estimates-2026-v1,cbi_fiscal_revenue,2026,budget,agree,confirmed,240000000,1,"PDF p. 20, section 2.2 Fiscal Operations","240,000,000",1,PDF p. 20,2026 Estimates,high,1,"Section 2.2 Fiscal Operations, row 'Citizenship by Investment', 2026 Estimates column = 240,000,000",,
o-862dcf628b,kna-sknis-pm-cbi-speech-2024-10-17,cbi_fiscal_revenue,2019,claim,agree,confirmed,443,million,bulleted list after 'Let us examine the numbers',443,million,"HTML, bulleted list after 'Let us examine the numbers'",bulleted list,high,1,"In 2019, CBI generated EC$443 million for the Federal Government.",,
o-610e4bbeb8,kna-sknis-pm-cbi-speech-2024-10-17,cbi_fiscal_revenue,2020,claim,agree,confirmed,271,million,bulleted list after 'Let us examine the numbers',271,million,"HTML, bulleted list after 'Let us examine the numbers'",bulleted list,high,1,"In 2020, it generated EC$271 million.",,
o-0cb9df5005,kna-sknis-pm-cbi-speech-2024-10-17,cbi_fiscal_revenue,2021,claim,agree,confirmed,543,million,bulleted list after 'Let us examine the numbers',543,million,"HTML, bulleted list after 'Let us examine the numbers'",bulleted list,high,1,"In 2021, EC$543 million.",,
o-19645af41e,kna-sknis-pm-cbi-speech-2024-10-17,cbi_fiscal_revenue,2022,claim,agree,confirmed,669,million,bulleted list after 'Let us examine the numbers',669,million,"HTML, bulleted list after 'Let us examine the numbers'",bulleted list,high,1,"In 2022, EC$669 million.",,
o-c2af9b00e8,kna-sknis-pm-cbi-speech-2024-10-17,cbi_fiscal_revenue,2023,claim,agree,confirmed,620,million,bulleted list after 'Let us examine the numbers',620,million,"HTML, bulleted list after 'Let us examine the numbers'",bulleted list,high,1,"In 2023, EC$620 million.",,
o-8469e62ae5,kna-sknis-pm-cbi-speech-2024-10-17,cbi_fiscal_revenue,2024-01-01/2024-09-30,claim,agree,confirmed,218,million,paragraph after the bulleted list,218,million,"HTML, paragraph after the bulleted list",paragraph after the bulleted list,high,1,"In 2024, up to September, CBI has generated EC$218 million—less revenue to date, compared to previous years.",,
o-666abfce98,kna-sugar-imf-cr07141,eu_sugar_protocol_adjustment_aid,2007-2013,reported,agree,confirmed,1.3,billion,"PDF p. 24, footnote 5",1.3,billion,PDF p. 24,,high,1,The EU has announced that €1.3 billion will be made available to ACP sugar producers during 2007–13,"Footnote 5, printed page 22.",
o-efd451a4d4,kna-sugar-imf-cr07141,sugar_export_value,2001,reported,agree,confirmed,26.0,million,"PDF p. 34, Table 5 (Balance of Payments), Exports f.o.b., of which Sugar",26.0,million,PDF p. 34,2001,high,1,"Table 5, Balance of Payments (Active) 2001-11: Exports f.o.b., of which Sugar = 26.0 (2001)",Printed page 32. Values verified via pdftotext.,
o-bb59f3dd76,kna-sugar-imf-cr07141,sugar_export_value,2002,reported,agree,confirmed,27.9,million,"PDF p. 34, Table 5 (Balance of Payments), Exports f.o.b., of which Sugar",27.9,million,PDF p. 34,2002,high,1,"Table 5: Exports f.o.b., of which Sugar = 27.9 (2002)",Printed page 32.,
o-ba1770eb07,kna-sugar-imf-cr07141,sugar_export_value,2003,reported,agree,confirmed,22.9,million,"PDF p. 34, Table 5 (Balance of Payments), Exports f.o.b., of which Sugar",22.9,million,PDF p. 34,2003,high,1,"Table 5: Exports f.o.b., of which Sugar = 22.9 (2003)","Printed page 32. Note: careful reading needed - column for 2003 is 22.9, not 22.4 (that is 2004).",
o-7cd5aaca65,kna-sugar-imf-cr07141,sugar_export_value,2004,reported,agree,confirmed,22.4,million,"PDF p. 34, Table 5 (Balance of Payments), Exports f.o.b., of which Sugar",22.4,million,PDF p. 34,2004,high,1,"Table 5: Exports f.o.b., of which Sugar = 22.4 (2004)",Printed page 32.,
o-00ad686d5f,kna-sugar-imf-cr07141,sugar_export_value,2005,estimate,agree,confirmed,16.9,million,"PDF p. 34, Table 5 (Balance of Payments), Exports f.o.b., of which Sugar",16.9,million,PDF p. 34,2005 Est.,high,1,"Table 5: Exports f.o.b., of which Sugar = 16.9 (2005, Est.)",Printed page 32.,
o-5d68c230e2,kna-sugar-imf-cr07141,sugar_exports_pct_gdp,2000-2004,estimate,agree,confirmed,2.5,1,"PDF p. 9, Box 1",2½,1,PDF p. 9,,high,1,"""Sugar export proceeds had declined to an average of 2½ percent of GDP a year during 2000–04""","Box 1, printed page 7. Printed as fraction 2½.",
o-4338f1355c,kna-sugar-imf-cr07141,sugar_exports_pct_gdp,2001,reported,agree,confirmed,2.8,1,"PDF p. 34, Table 5, In percent of GDP, Merchandise exports, of which Sugar",2.8,1,PDF p. 34,2001,high,1,"Table 5, percent of GDP section: Merchandise exports, of which Sugar = 2.8 (2001)",Printed page 32.,
o-a31d65ccd8,kna-sugar-imf-cr07141,sugar_exports_pct_gdp,2002,reported,agree,confirmed,2.9,1,"PDF p. 34, Table 5, In percent of GDP, Merchandise exports, of which Sugar",2.9,1,PDF p. 34,2002,high,1,"Table 5, percent of GDP: of which Sugar = 2.9 (2002)",Printed page 32.,
o-0b87e3df13,kna-sugar-imf-cr07141,sugar_exports_pct_gdp,2003,reported,agree,confirmed,2.3,1,"PDF p. 34, Table 5, In percent of GDP, Merchandise exports, of which Sugar",2.3,1,PDF p. 34,2003,high,1,"Table 5, percent of GDP: of which Sugar = 2.3 (2003)",Printed page 32.,
o-ca9d00ce46,kna-sugar-imf-cr07141,sugar_exports_pct_gdp,2004,reported,agree,confirmed,2.0,1,"PDF p. 34, Table 5, In percent of GDP, Merchandise exports, of which Sugar",2.0,1,PDF p. 34,2004,high,1,"Table 5, percent of GDP: of which Sugar = 2.0 (2004)",Printed page 32.,
o-88ec946efe,kna-sugar-imf-cr07141,sugar_exports_pct_gdp,2005,estimate,agree,confirmed,1.4,1,"PDF p. 34, Table 5, In percent of GDP, Merchandise exports, of which Sugar",1.4,1,PDF p. 34,2005 Est.,high,1,"Table 5, percent of GDP: of which Sugar = 1.4 (2005, Est.)",Printed page 32.,
o-bd05b16792,kna-sugar-imf-cr07141,sugar_industry_debt_pct_gdp,2001,reported,agree,confirmed,21.0,1,"PDF p. 33, Table 4 (Structure of the Public Debt, 2001–05), memorandum items",21.0,1,PDF p. 33,2001,high,1,"Table 4, memorandum items: Debt of St. Kitts Sugar Manufacturing Corporation (% GDP) = 21.0 (2001)",Printed page 31.,
o-c349f18c81,kna-sugar-imf-cr07141,sugar_industry_debt_pct_gdp,2002,reported,agree,confirmed,24.1,1,"PDF p. 33, Table 4 (Structure of the Public Debt, 2001–05), memorandum items",24.1,1,PDF p. 33,2002,high,1,Table 4 memo items: Debt of SSMC (% GDP) = 24.1 (2002),Printed page 31.,
o-4231413f0e,kna-sugar-imf-cr07141,sugar_industry_debt_pct_gdp,2003,reported,agree,confirmed,27.2,1,"PDF p. 33, Table 4 (Structure of the Public Debt, 2001–05), memorandum items",27.2,1,PDF p. 33,2003,high,1,Table 4 memo items: Debt of SSMC (% GDP) = 27.2 (2003),Printed page 31.,
o-da90618583,kna-sugar-imf-cr07141,sugar_industry_debt_pct_gdp,2004,reported,agree,confirmed,28.3,1,"PDF p. 33, Table 4 (Structure of the Public Debt, 2001–05), memorandum items",28.3,1,PDF p. 33,2004,high,1,Table 4 memo items: Debt of SSMC (% GDP) = 28.3 (2004),Printed page 31.,
o-96bb3247fa,kna-sugar-imf-cr07141,sugar_industry_debt_pct_gdp,2005,estimate,agree,confirmed,29.1,1,"PDF p. 33, Table 4 (Structure of the Public Debt, 2001–05), memorandum items",29.1,1,PDF p. 33,2005 Est.,high,1,"Table 4 memo items: Debt of SSMC (% GDP) = 29.1 (2005, Est.)",Printed page 31.,
o-d6ac0d06ab,kna-sugar-imf-cr07141,sugar_industry_employment,2005,estimate,agree,confirmed,1400,1,"PDF p. 6, para 1","1,400",1,PDF p. 6,,high,1,"""The sugar industry had occupied about 9,300 acres of land ... and employed about 1,400 workers (6 percent of the labor force)""","Printed page 4, para 1. Printed as ""about 1,400"" (approximate, not exact).",
o-86419fadf5,kna-sugar-imf-cr07141,sugar_industry_employment,2005,reported,agree,confirmed,1406,1,"PDF p. 9, Box 1","1,406",1,PDF p. 9,,medium,1,"""The severance package for the 1,406 sugar workers of EC$27.4 million (2.3 percent of 2005 GDP)""","Box 1, printed page 7. This is the count of workers who received the severance package at closure, not an explicit ""total employment"" figure, but closely related (industry closed in July 2005).",
o-5dc65b88b0,kna-sugar-imf-cr07141,sugar_industry_employment_pct_labour_force,2005,estimate,agree,confirmed,6,1,"PDF p. 6, para 1",6,1,PDF p. 6,,high,1,"""employed about 1,400 workers (6 percent of the labor force)""","Printed page 4, para 1.",
o-d0ef9c9528,kna-sugar-imf-cr07141,sugar_industry_losses_pct_gdp,c.2000-2004,estimate,agree,confirmed,3,1,"PDF p. 6, para 1",3,1,PDF p. 6,,high,1,"""The industry had incurred substantial losses—on the order of 3–4 percent of GDP annually in the last several years""","Printed page 4, para 1. Period is described as ""in the last several years"" before the 2005 closure, matching c.2000-2004.",
o-29464df62d,kna-sugar-imf-cr07141,sugar_severance_cost,2005,reported,agree,confirmed,27.4,million,"PDF p. 9, Box 1",27.4,million,PDF p. 9,,high,1,"""The severance package for the 1,406 sugar workers of EC$27.4 million (2.3 percent of 2005 GDP)""","Box 1, printed page 7.",
o-ee584f8a92,kna-sugar-oecs-retraining-2005,sugar_industry_employment,2005-07,reported,agree,confirmed,1406,1,"p. 5, Executive Summary","1,406",1,PDF p. 5,July 2005,high,1,"The study revealed that 1,406 persons were employed by the SSMC (SSMC Personnel Department information) in July 2005 when the sugar industry ground to a halt.",,
o-6bfd25361d,kna-sugar-oecs-retraining-2005,sugar_industry_employment_pct_labour_force,2005-07,estimate,agree,confirmed,12,1,"p. 5, Executive Summary",12,1,PDF p. 5,approximate,medium,1,"...the release of over one thousand workers, a figure that represents approximately twelve percent of the labour force.","Source spells out 'twelve' (word, not digit) and qualifies it as 'approximately'; same figure repeated as 'about twelve per cent' on p. 7.",
o-058c872e54,kna-sugar-oecs-retraining-2005,sugar_severance_cost,2005,reported,agree,confirmed,44,million,"p. 7, section 1.1",44,million,PDF p. 7,one-off severance package,high,1,...in excess of one thousand workers of the St. Kitts Sugar Manufacturing Corporation (SSMC) were released with the provision of an E.C. $44 million severance package.,Located under section 'I. INTRODUCTION / 1. BACKGROUND' (not explicitly numbered '1.1' in the visible heading).,
o-9f724a001d,lca-ciu-ar-2016-17,applications_approved,FY2016/17,actual,agree,confirmed,17,1,PDF p. 5,17,1,PDF p. 5,2016-2017,medium,1,"""Sixteen (16) applications for citizenship were granted by the Citizenship by Investment Board...one (1) additional application was granted through...'Request for Review.' Increasing the total number of citizenships granted under the program to seventeen (17) for the year 2016-2017.""","Two candidates: Board-granted applications = 16, or total including the one 'Request for Review' grant = 17. Reported the all-inclusive total (17).",
o-a8321cad8e,lca-ciu-ar-2016-17,applications_received,FY2016/17,actual,agree,confirmed,36,1,PDF p. 5,36,1,PDF p. 5,2016-2017,high,1,"""The Unit received thirty-six (36) applications for citizenship by investment...""",,
o-8894f4d446,lca-ciu-ar-2017-18,applications_approved,FY2017/18,actual,agree,confirmed,188,1,PDF p. 4 (Chairman's foreword),188,1,PDF p. 4 (printed p. 2),"Chairman's Foreword, narrative",high,1,"the Board granted approval for one hundred and eighty-eight (188) applications during the period, representing two hundred and eighty-two (282) citizens","Cross-checked against the 'Analysis of Applications' table on PDF p.15: 2017/18 Totals row, '# of Applications Granted' = 188, consistent.",
o-94bbb94144,lca-ciu-ar-2017-18,applications_received,FY2017/18,actual,agree,confirmed,345,1,"PDF p. 15, table 'Analysis of applications granted, denied, revoked'",345,1,"PDF p. 15 (printed p. 13), table 'Analysis of Applications Granted, Denied, Revoked for the Fiscal Year 2017/18 versus 2016/17'","2017/18, Totals row, '# of Applications'",high,1,"Totals: # of Applications 2017/18=345, 2016/17=36; Granted 2017/18=188, 2016/17=17; Revoked 2017/18=3; Denied 2017/18=27, 2016/17=1",,
o-7e41a570f2,lca-ciu-ar-2017-18,applications_rejected,FY2016/17,actual,agree,confirmed,1,1,PDF p. 15,1,1,PDF p. 15 (printed p. 13),"2016/17, Totals row, '# of Applications Denied'",high,1,"Totals row: # of Applications Denied 2017/18=27, 2016/17=1",,
o-514db2ab69,lca-ciu-ar-2017-18,applications_rejected,FY2017/18,actual,agree,confirmed,27,1,PDF p. 15,27,1,PDF p. 15 (printed p. 13),"2017/18, Totals row, '# of Applications Denied'",high,1,"Totals row: # of Applications Denied 2017/18=27, 2016/17=1",,
o-d6b5df3c19,lca-ciu-ar-2017-18,cbi_contributions,FY2017/18,actual,agree,confirmed,34938000,1,"PDF p. 42, Note 15","34,938,000",1,"PDF p. 42 (printed p. 20), Note 15","Note 15, 'National Economic Fund' paragraph",high,1,"During the year USD$12,940,000 (EC$34,938,000) was received by the Unit as donations to the National Economic Fund.","Figure given in both USD (12,940,000) and EC$ (34,938,000); reported the EC$ figure to match requested XCD unit.",
o-1c0963998b,lca-ciu-ar-2017-18,cbi_transfers_to_government,FY2017/18,actual,agree,confirmed,27828246,1,"PDF p. 42, Note 15","27,828,246",1,"PDF p. 42 (printed p. 20), Note 15","Note 15, 'National Economic Fund' paragraph",high,1,"This resulted in a net EC$27,828,246 remitted to the Government of Saint Lucia during the year ended March 31, 2018.","Chairman's foreword (PDF p.4) cites the same figure as 'EC $27,828,246.00'.",
o-3cca5ef4b5,lca-ciu-ar-2017-18,cbi_transfers_to_government,FY2017/18,budget,agree,confirmed,43011200,1,"PDF p. 10, 'Summary of Funds Transferred to Government – Budget vs Actual'","43,011,200.00",1,PDF p. 10,'Budgeted Inflows to Government',high,2,"Budgeted Inflows to Government EC$ 43,011,200.00 | Variants to Budget 2017/2018 Inflows to Government (EC$ 15,182,953.60)","Table 'Summary of Funds Transferred to Government – Budget vs Actual'. Actual total disbursed to date (for comparison, not this row) is EC$ 27,828,246.40 = 43,011,200.00 - 15,182,953.60.",
o-879889e072,lca-ciu-ar-2017-18,cbi_unit_revenue,FY2017/18,actual,agree,confirmed,22858260,1,"PDF p. 7, 'Revenue 2017/2018' table","22,858,260",1,PDF p. 7,"'REVENUE 2017/2018' table, Total row, March 2018 column",high,2,"Total row: March 2018 22,858,260 (table header column is labelled '$(’000)')","Table column header literally reads $('000), which would imply thousands, but the narrative on the preceding page states the full unscaled figure verbatim ('The Unit's overall revenue for the financial year ending March 2018 was $22,858,260'), matching the table's raw total exactly. Treating the $('000) header as a labelling error in the source and reporting scale=1/full dollars, consistent with the narrative text.",
o-36ab137b67,lca-ciu-ar-2017-18,persons_naturalised,FY2017/18,actual,agree,confirmed,282,1,PDF p. 4,282,1,PDF p. 4 (printed p. 2),"Chairman's Foreword, narrative",high,1,"...one hundred and eighty-eight (188) applications during the period, representing two hundred and eighty-two (282) citizens.",,
o-6c854b9e65,lca-ciu-ar-2018-19,applications_approved,FY2018/19,actual,agree,confirmed,210,1,PDF p. 12,210,1,PDF p. 12,2018/19,high,1,"Applications table, Totals row, '# of Applications Granted' 2018/19 column = 210",,
o-9ce460b9e4,lca-ciu-ar-2018-19,applications_received,FY2018/19,actual,agree,confirmed,152,1,PDF p. 12,152,1,PDF p. 12,2018/19,high,1,"Applications table, Totals row, '# of Applications' 2018/19 column = 152",,
o-34a7e88527,lca-ciu-ar-2018-19,cbi_contributions,FY2018/19,actual,agree,confirmed,76045500,1,"PDF p. 37, Note 14","76,045,500",1,PDF p. 37,"Year ended March 31, 2019 (FY2018/19)",high,1,"Note 14: ""During the year US$28,165,000 or EC$76,045,500...was received by the Unit as monetary investments to the National Economic Fund""",Gross amount before the 20% marketing/promotions retention.,
o-483d0d5efd,lca-ciu-ar-2018-19,cbi_transfers_to_government,2016-2019,actual,agree,confirmed,103138169.40,1,PDF p. 4,"103,138,169.40",1,"PDF p. 4 (Chairman's Foreword, not p.4 as literally described but PDF p.4 in this file is the Chairman's Foreword)",Inception (2015) to 2018/19,medium,1,"""From inception, the programme has contributed EC $103,138,169.40 to the Government of Saint Lucia.""","This is an inception-to-date cumulative figure (since 2015 launch), not strictly limited to 2016-2019 as the requested period states; no separate 2016-2019-only cumulative figure was found in the document.",
o-9d0455df2a,lca-ciu-ar-2018-19,cbi_transfers_to_government,FY2018/19,actual,agree,confirmed,61914622.40,1,PDF p. 4 (Chairman),"61,914,622.40",1,PDF p. 4 (Chairman's Foreword),2018/19,high,1,"""...the financial contributions paid to the Government of Saint Lucia during the period were EC $61,914,622.40.""",Same figure also stated in the Executive Summary on PDF p.6.,
o-3ed95b9b05,lca-ciu-ar-2018-19,cbi_unit_revenue,FY2017/18,actual,agree,confirmed,18621151,1,PDF p. 7,"18,621,151",1,PDF p. 7,March 2018 (FY2017/18),high,1,"Revenue 2018/2019 table, Total row, March 2018 column = 18,621,151 (table header says $('000) but matches the full-dollar figure quoted in text as EC$18,621,151.00)","Table column header '$('000)' appears to be a labeling error, as this total matches the text's stated full-dollar figure, not a thousands-scaled one; reported scale as 1.",
o-0c62e66d0f,lca-ciu-ar-2018-19,cbi_unit_revenue,FY2018/19,actual,agree,confirmed,20799179,1,PDF p. 7,"20,799,179",1,PDF p. 7,March 2019 (FY2018/19),high,1,"Revenue 2018/2019 table, Total row, March 2019 column = 20,799,179",Same note on the '$('000)' header mismatch as the FY2017/18 row.,
o-a35f7c8bab,lca-ciu-ar-2018-19,persons_naturalised,FY2018/19,actual,agree,confirmed,288,1,PDF p. 6,288,1,PDF p. 6,2018/19,high,1,"""...translated to a total of two hundred and eighty-eight (288) individual citizens being granted citizenship""; also '# CITIZENS GRANTED' row on p.12, 2018/19 column = 288",,
o-cc5a01ec93,lca-ciu-ar-2019-20,applications_approved,FY2019/20,actual,agree,confirmed,143,1,PDF p. 16,143,1,PDF p. 16,"2019/20, Totals",high,1,"Table Totals row, '# of Applications Granted' 2019/20 column: 143.",Also stated in text: 'one hundred and forty-three (143) applications were granted'.,
o-a8f70abf84,lca-ciu-ar-2019-20,applications_received,FY2019/20,actual,agree,confirmed,193,1,PDF p. 16,193,1,PDF p. 16,"2019/20, Totals",high,1,'A total of one hundred and ninety-three (193) applications were received in this financial year.',,
o-432f64d579,lca-ciu-ar-2019-20,applications_rejected,FY2019/20,actual,agree,confirmed,13,1,PDF p. 16,13,1,PDF p. 16,"2019/20, Totals",high,1,"'Of the applications presented to the Board for a decision, a total of thirteen (13) applications were denied.'",,
o-f497634ac6,lca-ciu-ar-2019-20,cbi_transfers_to_government,2016-2020,actual,agree,confirmed,131245988.60,1,PDF p. 5,"131,245,988.60",1,PDF p. 5,since inception (2016-2020),medium,1,"'...this programme has been able to contribute $131,245,988.60 EC since its inception.'",Chairperson's foreword states the programme has 'contributed' this amount since inception; not explicit whether this is the amount remitted to government (transfers) versus total funds generated (inflows). No other cumulative remittance figure found near this location.,
o-f2f9e15c55,lca-ciu-ar-2019-20,cbi_unit_revenue,FY2019/20,actual,agree,confirmed,14371074,1,PDF p. 10,"14,371,074",1,PDF p. 10,March 2020,high,1,"'The programme generated total revenue of $14,371.074...' ; table 'Summary of Deficit Position -2019/2020', Revenue row, March 2020 column: 14,371,074.","Text prints the figure with a period as thousands-grouping typo ($14,371.074); the table confirms the value as 14,371,074. Table column header '$('000)' appears to be a labeling error, consistent with prior-year reports in this series, since the text states this as a whole-dollar figure.",
o-542d85f96c,lca-ciu-ar-2019-20,persons_naturalised,FY2019/20,actual,agree,confirmed,188,1,PDF p. 5 (Chairperson),188,1,PDF p. 5,FY2019/20,high,1,"'Finally, we welcome the 188 new citizens that chose to invest in Saint Lucia...'","Consistent with table on PDF p.16, '# CITIZENS GRANTED' row, 2019/20 column: 188.",
o-cfb34fea77,lca-ciu-ar-2020-21,applications_approved,FY2020/21,actual,agree,confirmed,313,1,"PDF p. 14, chart 'Total Applications Granted per Year'",313,1,PDF p. 14,2020/21,high,1,Total Applications Granted per Year chart: 2020/21 = 313 (No. of Citizenship Applications Granted from inception: 2016 - March 2021),,
o-f51df7c2b2,lca-ciu-ar-2020-21,applications_received,FY2020/21,actual,agree,confirmed,408,1,PDF p. 20,408,1,PDF p. 20,2020-2021,high,1,The significant volume of applications received (408 applications) were the main drivers for a sterling performance for the year in review: 2020-2021,,
o-857bfcb1ab,lca-ciu-ar-2020-21,cbi_bond_purchases,FY2020/21,actual,agree,confirmed,17863089,1,PDF p. 15,"17,863,089",1,PDF p. 15,fiscal period 2020-2021 (Covid-19 Government Bond Relief Option),high,1,"For the fiscal year, a total of twenty-five (25) bonds had been purchased, bringing a total cash inflow of XCD$17,863,089 to the Government of Saint Lucia.","Page 15 also shows a separate 'Regular government bonds' chart with calendar-year values (Year 2017=7,459,755; Year 2019=1,344,100; other years 0) which is a different, unrelated bond series not aligned to FY2020/21. Cross-validated the 17,863,089 figure with the Chairman's letter on p.7 which cites the same amount for the year.",
o-90edb4a6c8,lca-ciu-ar-2020-21,cbi_transfers_to_government,2016-2021,actual,agree,confirmed,187568616,1,PDF p. 7,"187,568,616",1,PDF p. 7,"since inception, to FY2020/21 (Chairman's letter)",high,1,"The Programme to date, has now contributed XCD$187,568,616 (prior year XCD$131,245,988) since its inception.","This total reconciles as NEF donation contributions + bond financing cumulative (131,245,988 prior-year cumulative + 38,459,539 NEF this year + 17,863,089 bonds this year = 187,568,616).",
o-5ebed2a385,lca-ciu-ar-2020-21,cbi_transfers_to_government,2016-2021,actual,agree,confirmed,160901673.36,1,PDF p. 18,"160,901,673.36",1,PDF p. 18,"since inception, to FY2020/21 (National Economic Fund section)",high,1,"However, from inception of the Programme, the Citizenship by Investment Unit has transferred a total of XCD$160,901,673.36 to the Government of Saint Lucia.","Different (lower) cumulative figure than the XCD$187,568,616 cited on p.7; p.18 frames this specifically as funds 'transferred... to the Government' whereas p.7's figure is framed as funds 'contributed... since inception' (which reconciles to NEF donations + bond financing, not necessarily fully transferred to government). Reporting the number found at this specific location as printed.",
o-9ab2b89d55,lca-ciu-ar-2020-21,cbi_transfers_to_government,FY2019/20,actual,agree,confirmed,28107819,1,PDF p. 7 (Chairman),"28,107,819",1,PDF p. 7,"prior year (2019/2020), NEF Donation option",medium,1,"...this Programme has been able to contribute XCD$38,459,539 (prior year XCD$28,107,819) in funding to the National Economic Fund, under the Donation option and has generated XCD$17,863,089 (prior year XCD$0) in bond financing for the Government.","Text gives the FY2019/20 ('prior year') NEF donation figure as 28,107,819 and prior-year bond financing as 0, so total transfers for FY2019/20 by this reading would also be 28,107,819. No single combined figure for just FY2019/20 is printed elsewhere; reporting the NEF component as the primary candidate.",
o-1793f509ec,lca-ciu-ar-2020-21,cbi_transfers_to_government,FY2020/21,actual,agree,confirmed,38459539,1,PDF p. 7 (Chairman),"38,459,539",1,PDF p. 7,"FY2020/21, NEF Donation option",medium,1,"...this Programme has been able to contribute XCD$38,459,539 (prior year XCD$28,107,819) in funding to the National Economic Fund, under the Donation option and has generated XCD$17,863,089 (prior year XCD$0) in bond financing for the Government.","The Chairman's letter gives two separate FY2020/21 figures: NEF donation contributions (38,459,539) and bond financing (17,863,089), not a single combined 'transfers to government' total for the fiscal year. Their sum (56,322,628) reconciles with the cumulative figures (187,568,616 minus 131,245,988) but is not itself printed. Reporting the NEF donation figure as primary candidate; bond financing (17,863,089) is the other component.",
o-fb6bc76745,lca-ciu-ar-2020-21,cbi_unit_revenue,FY2020/21,actual,agree,confirmed,33.4,million,PDF p. 29,"33,447,599",1,PDF p. 29,March 2021 (Total row),high,1,"Revenue 2020/2021 table, Total row: March 2021 = 33,447,599; March 2020 = 14,371,074; Variance 19,076,525; % Change 133%","Table column header is labeled ""$('000)"" (implying thousands), but the narrative text on the same page states 'Total revenue from ordinary activities generated XCD$33.4 million for the period 2020-2021', which matches the printed total (33,447,599) read as actual XCD, not thousands. Reporting scale as '1' based on this cross-check; the table header appears to be a labeling error in the source.",
o-3bcea6d2f2,lca-ciu-ar-2020-21,persons_naturalised,FY2020/21,actual,agree,confirmed,568,1,PDF p. 7 (Chairman),568,1,PDF p. 7,2020/2021,high,1,"Finally, we welcome the 568 new citizens (188 in 2019/2020) that chose to invest in Saint Lucia...",,
o-7bedb9fe96,lca-ciu-ar-2021-22,applications_approved,2016-2022,actual,agree,confirmed,1304,1,PDF p. 4,"1,304",1,PDF p. 4,cumulative since 2016,high,1,"By the end of the year 1,304 citizenship applications have been granted since the inception of CIP Saint Lucia in 2016.",,
o-2b60e1fe65,lca-ciu-ar-2021-22,applications_approved,FY2021/22,actual,agree,confirmed,433,1,PDF p. 4,433,1,PDF p. 4,FY2021/22,high,1,"This year, 583 citizenship applications were received of which 433 were granted (and 10 denied) during the year.",,
o-bf087cc0fe,lca-ciu-ar-2021-22,applications_received,FY2021/22,actual,agree,confirmed,583,1,PDF p. 4 (Foreword),583,1,PDF p. 4,FY2021/22,high,1,"This year, 583 citizenship applications were received... during the year.",,
o-63fbc2f73e,lca-ciu-ar-2021-22,applications_rejected,FY2021/22,actual,agree,confirmed,10,1,PDF p. 4,10,1,PDF p. 4,FY2021/22,high,1,...433 were granted (and 10 denied) during the year.,,
o-2d88d99523,lca-ciu-ar-2021-22,cbi_bond_purchases,FY2021/22,actual,agree,confirmed,17100000,1,PDF p. 4,"17,100,000",1,PDF p. 4,FY2021/22,high,1,"USD 17,100,000 was received and remitted to the Government of Saint Lucia for the Special Covid-19 Bonds.",,
o-7218d6a0d2,lca-ciu-ar-2021-22,cbi_contributions,FY2020/21,actual,agree,confirmed,48204450,1,"PDF p. 53, Note 17 (comparative)","48,204,450",1,PDF p. 53,"2021 (comparative, =FY2020/21)",high,1,"Note 17, National Economic Fund: 'During the year US$24,284,500 or EC$65,568,150 (2021 - US$17,853,500 or EC$48,204,450) was received by the Unit as monetary investments to the National Economic Fund.'",,
o-26bc01bb70,lca-ciu-ar-2021-22,cbi_contributions,FY2020/21,actual,agree,confirmed,17900000,1,PDF p. 4 (Foreword),"17,900,000",1,PDF p. 4,FY2020/21,high,1,"...compared with USD 17,900,000 in 2020/2021) was received by the Unit as Donations to the National Economic Fund.","Foreword's rounded figure vs. Note 17's exact US$17,853,500 comparative.",
o-0a80b6c984,lca-ciu-ar-2021-22,cbi_contributions,FY2021/22,actual,agree,confirmed,65568150,1,"PDF p. 53, Note 17","65,568,150",1,PDF p. 53,FY2021/22 (current year),high,1,"During the year US$24,284,500 or EC$65,568,150 ... was received by the Unit as monetary investments to the National Economic Fund.",,
o-24c0acdcee,lca-ciu-ar-2021-22,cbi_inflows,2016-2022,actual,agree,confirmed,268342032,1,PDF p. 14,"268,342,032",1,PDF p. 14,Jan 2016 - Mar 2022,high,1,"The Citizenship by Investment Programme in Saint Lucia has generated a total of EC$268,342,032 ... for the period January 2016 - March 2022.",,
o-b1286c5781,lca-ciu-ar-2021-22,cbi_transfers_to_government,2016-2022,actual,agree,confirmed,212707588,1,PDF p. 14,"212,707,588",1,PDF p. 14,Jan 2016 - Mar 2022,high,1,"...a total sum of EC$212,707,588 net of 20% allocation for marketing and promotions and foreign exchange loss has been remitted to the Government of Saint Lucia through the Consolidated Fund and the National Economic Fund for the period January 2016 - March 2022.",,
o-01be0f2a61,lca-ciu-ar-2021-22,cbi_transfers_to_government,FY2021/22,actual,agree,confirmed,51805915,1,"PDF p. 53, Note 17","51,805,915",1,PDF p. 53,"FY2021/22 (year ended March 31, 2022)",medium,1,"This resulted in a net of EC$51,805,915 being paid to the National Economic Fund Board during the year ended March 31, 2022, inclusive of prior year balance of EC$637,200.",Note 17 gives the amount paid to the National Economic Fund only; it is not clear whether this is the full cbi_transfers_to_government figure (may exclude Consolidated Fund/bond transfers).,
o-addcbc4d60,lca-ciu-ar-2022-23,applications_approved,FY2022/23,actual,agree,confirmed,544,1,PDF p. 7,544,1,PDF p. 7,,high,1,"""during the period, five-hundred and forty-four (544) were granted citizenship""","Chairman's Foreword, printed page 05.",
o-9189507945,lca-ciu-ar-2022-23,applications_received,FY2022/23,actual,agree,confirmed,1076,1,PDF p. 7,"1,076",1,PDF p. 7,,high,1,"""a total of one-thousand and seventy-six (1,076) citizenship applications received""",Chairman's Foreword.,
o-9c5975cbe7,lca-ciu-ar-2022-23,applications_rejected,FY2022/23,actual,agree,confirmed,8,1,PDF p. 7,8,1,PDF p. 7,,high,1,"""eight (8) applications were denied""",Chairman's Foreword.,
o-88a959b004,lca-ciu-ar-2022-23,cbi_bond_purchases,FY2021/22,actual,agree,confirmed,44860500,1,"PDF p. 29, chart","44,860,500.00",1,PDF p. 29,2021-2022,medium,1,"Chart 'Government Bonds: Cash Inflows', COVID-19 Bonds line, point labeled $44,860,500.00 at 2021-2022",Chart shows only a COVID-19 Bonds series active in this period (Regular Bonds series has no data point after 2018-2019). Value read from a line-chart data label image.,
o-7eeb302e24,lca-ciu-ar-2022-23,cbi_bond_purchases,FY2022/23,actual,agree,confirmed,42295519,1,PDF p. 7,"42,295,519",1,PDF p. 7,,high,1,"""the Covid-19 Government Bonds totaling EC $42,295,519""","Chairman's Foreword figure for FY2022/23. Differs from the $47,695,500.00 shown for 2022-2023 in the chart on p.29 (see o-2e7e48c1be) – a discrepancy within the same document.",
o-2e7e48c1be,lca-ciu-ar-2022-23,cbi_bond_purchases,FY2022/23,actual,agree,confirmed,47695500,1,"PDF p. 29, chart 'Government Bonds: Cash Inflows'","47,695,500.00",1,PDF p. 29,2022-2023,medium,1,"Chart 'Government Bonds: Cash Inflows', COVID-19 Bonds line, point labeled $47,695,500.00 at 2022-2023","See discrepancy note on o-7eeb302e24 (Chairman's Foreword gives $42,295,519 for the same period).",
o-75d7bb5b58,lca-ciu-ar-2022-23,cbi_real_estate_inflows,FY2022/23,actual,agree,confirmed,52842000,1,PDF p. 30,"52,842,000",1,PDF p. 30,,high,1,"""Inflows for Real Estate Investment Amounts to US $52,842,000 deposited into escrow for the period 1 April 2022 to 31 March 2023""",,
o-6cf0e02ccf,lca-ciu-ar-2022-23,cbi_unit_revenue,FY2022/23,actual,agree,confirmed,60631316,1,PDF p. 36,"60,631,316",1,PDF p. 36,,high,1,"""Overall gross revenue earned is $60,631,316 compared to the prior year at $54,169,344 reflecting an increase of 12%""","Financial Results section, printed page 28.",
o-8ed0cfb743,lca-ciu-ar-2023-24,applications_approved,FY2023/24,actual,agree,confirmed,1171,1,"PDF p. 20, chart 'Applications granted 2016-2024'","1,171",1,PDF p. 20,2023-2024,high,1,"Chart 'Applications Granted 2016-2024', bar 2023-2024: 1,171",,
o-469390b784,lca-ciu-ar-2023-24,applications_received,FY2020/21,actual,agree,confirmed,383,1,"PDF p. 20, chart",383,1,PDF p. 20,2020-2021,high,1,"Chart 'Applications Received 2016-2024', bar 2020-2021: 383",,
o-58d57d0f97,lca-ciu-ar-2023-24,applications_received,FY2023/24,actual,agree,confirmed,5642,1,"PDF p. 20, chart 'Applications received 2016-2024'","5,642",1,PDF p. 20,2023-2024,high,1,"Chart 'Applications Received 2016-2024', bar 2023-2024: 5,642",,
o-87e8d146d7,lca-ciu-ar-2023-24,applications_rejected,FY2023/24,actual,agree,confirmed,77,1,"PDF p. 21, chart 'Applications denied 2016-2024'",77,1,PDF p. 21,2023-2024,high,1,"Chart 'Applications Denied 2016-2024', bar 2023-2024: 77",,
o-f9c90bf0c4,lca-ciu-ar-2023-24,cbi_bond_purchases,FY2023/24,actual,agree,confirmed,34182019,1,"PDF p. 64, Note 17","34,182,019",1,PDF p. 64,Total (Apr 2023-Mar 2024),high,1,"Note 17, Special COVID 19 Bond Investments: 'Bonds purchased as at March 31, 2024' Total column: 34,182,019 (sum of the four FY2023/24 quarterly columns).","Table's 'Total' column equals the sum of the four quarterly columns shown (all within FY2023/24: Apr-Jun 2023 through Jan-Mar 2024), so it represents bonds purchased during FY2023/24, not a running/cumulative balance since programme inception.",
o-504b7c373e,lca-ciu-ar-2023-24,cbi_contributions,FY2022/23,actual,agree,confirmed,59996700,1,"PDF p. 61, Note 17 (comparative)","59,996,700",1,PDF p. 61,"2023 (comparative, =FY2022/23)",high,1,"Note 17, National Economic Fund: '...(2023: US$22,221,000, or EC$59,996,700) as monetary investments into the National Economic Fund.'",,
o-4182eb7859,lca-ciu-ar-2023-24,cbi_contributions,FY2023/24,actual,agree,confirmed,23984398,1,"PDF p. 61, Note 17","23,984,398",1,PDF p. 61,FY2023/24 (current year),high,1,"During the year, the Unit received US$8,883,110, or EC$23,984,398... as monetary investments into the National Economic Fund.",,
o-f64fba28e1,lca-ciu-ar-2023-24,cbi_transfers_to_government,FY2023/24,actual,agree,confirmed,64108843,1,"PDF p. 61, Note 17","64,108,843",1,PDF p. 61,"year ended March 31, 2024",medium,1,"...a total of US$23,744,016, or EC$64,108,843, was remitted to the National Economic Fund for the year ended March 31, 2024.","Note 17 gives two candidate figures: a net EC$23,108,842 remitted to the NEF Board from monetary-investment contributions (includes a prior-year balance catch-up), and this larger EC$64,108,843 total which adds a further EC$41,000,000 remitted from the Unit's operating surplus. Reported the larger total remitted-to-NEF figure since it best matches the 'surplus transfers' language in the indicator definition; the EC$23,108,842 net figure is the alternative candidate.",
o-5784c86ceb,lca-ciu-ar-2023-24,cbi_transfers_to_government,FY2023/24,actual,agree,confirmed,58619887,1,"PDF p. 60, Note 16","58,619,887",1,PDF p. 60,2024,high,1,"Note 16, Government distribution: 'Government distribution - Consolidated Fund' 2024 column: 58,619,887.",This is a separate transfer stream (to the Consolidated Fund) from the National Economic Fund remittances discussed in Note 17 (see o-f64fba28e1).,
o-9bb27753bb,lca-ciu-ar-2023-24,cbi_unit_revenue,FY2023/24,actual,agree,confirmed,240.3,million,PDF p. 22,240.3,million,PDF p. 22,FY2023/24,high,1,Total revenue for the period was EC$240.3M and exceeded 2022/2023 revenue of EC$60.6M by EC$179.6M or 296%.,,
o-2b615f3792,lca-ciu-ar-2024-25,applications_approved,FY2024/25,actual,agree,confirmed,2278,1,PDF p. 19,2278,1,PDF p. 19,2024/25,high,1,"Saint Lucia CIU Statistics table, row 2024/25, Granted column = 2278",,
o-51ca9000fb,lca-ciu-ar-2024-25,applications_received,FY2020/21,actual,agree,confirmed,383,1,PDF p. 19,383,1,PDF p. 19,2020/21,high,1,"Saint Lucia CIU Statistics table, row 2020/21, Applications Received column = 383",,
o-7c30a9fd4b,lca-ciu-ar-2024-25,applications_received,FY2024/25,actual,agree,confirmed,2957,1,"PDF p. 19, table 'Saint Lucia CIU Statistics'",2957,1,PDF p. 19,2024/25,high,1,"Saint Lucia CIU Statistics table, row 2024/25, Applications Received column = 2957",,
o-b38bc28eca,lca-ciu-ar-2024-25,applications_rejected,FY2021/22,actual,agree,confirmed,9,1,PDF p. 19,9,1,PDF p. 19,2021/22,high,1,"Saint Lucia CIU Statistics table, row 2021/22, Denied column = 9",,
o-d20c47d47c,lca-ciu-ar-2024-25,applications_rejected,FY2022/23,actual,agree,confirmed,6,1,PDF p. 19,6,1,PDF p. 19,2022/23,high,1,"Saint Lucia CIU Statistics table, row 2022/23, Denied column = 6",,
o-01658affd5,lca-ciu-ar-2024-25,applications_rejected,FY2024/25,actual,agree,confirmed,355,1,PDF p. 19,355,1,PDF p. 19,2024/25,high,1,"Saint Lucia CIU Statistics table, row 2024/25, Denied column = 355",,
o-3615137931,lca-ciu-ar-2024-25,cbi_contributions,FY2024/25,actual,agree,confirmed,55415232,1,"PDF p. 59, Note 17","55,415,232",1,"PDF p. 59, Note 17","FY2024/25 (year ended March 31, 2025)",high,1,"During the year, the Unit received US$20,524,160 or EC$55,415,232 as monetary investments into the National Economic Fund",Gross amount received into the National Economic Fund before the 20% retained by the Unit.,
o-983e1e3b5b,lca-ciu-ar-2024-25,cbi_transfers_to_government,FY2024/25,actual,agree,confirmed,141.8,million,PDF p. 16 (Minister's policy overview),141.8,million,PDF p. 16,FY2024/25,medium,1,total remittances to the Government of Saint Lucia for the fiscal year amounted to EC$141.8 million,"Page 16 gives several figures (EC$86 million surplus transfer, of which EC$35.7 million to NEF; EC$44 million remitted from direct NEF investments; EC$11.8 million from bond investments; EC$141.8 million total). Reported the stated aggregate total since it matches the indicator definition (net fund contributions + bond proceeds + surplus transfers) most closely; Note 16 (p.58) instead shows only the Consolidated Fund surplus distribution of EC$86,150,190 - see o-6eb79d2e1a.",
o-6eb79d2e1a,lca-ciu-ar-2024-25,cbi_transfers_to_government,FY2024/25,actual,agree,confirmed,86150190,1,"PDF p. 58, Note 16","86,150,190",1,"PDF p. 58, Note 16",2025,high,1,"Government distribution - Consolidated Fund: 86,150,190 (2025 column)",This is only the Consolidated Fund surplus distribution line; the Minister's overview on p.16 cites a larger combined total of EC$141.8 million for total remittances that fiscal year - see o-983e1e3b5b.,
o-c6f8969a9b,lca-ciu-ar-2024-25,cbi_unit_revenue,FY2024/25,actual,agree,confirmed,402.2,million,PDF p. 7 (Chairman),402.2,million,PDF p. 7,"FY2024/25 (fiscal year ended March 31, 2025)",high,1,"The Citizenship by Investment Unit recorded EC$402.2 million in revenue, a 67% increase from the prior year",,
o-640ac804a9,lca-imf-art4-2017,cbi_fiscal_revenue,FY2016/17,estimate,agree,confirmed,3.6,million,"PDF p. 32, Table 2a",3.6,million,"PDF p. 32, Table 2a","2016 / Other revenue > Sales, fees and fines, o.w. Citizen by Investment Program (CIP)",high,1,o.w. Citizen by Investment Program (CIP): 2016 3.6 (In millions of EC Dollars),"Table has columns 2013,2014,2015,2016,'2016 Budget',2017...2022; the plain '2016' column sits outside the 'Projections' bracket (confirmed by zoomed header crop, which shows 'Projections' starting at '2016 Budget'), consistent with status=estimate for FY2016/17.",
o-d389250610,lca-imf-art4-2017,cbi_fiscal_revenue,FY2016/17,budget,agree,confirmed,16.0,million,"PDF p. 32, Table 2a ('2016 Budget' column)",16.0,million,"PDF p. 32, Table 2a","2016 Budget / Other revenue > Sales, fees and fines, o.w. Citizen by Investment Program (CIP)",high,1,o.w. Citizen by Investment Program (CIP): 2016 Budget 16.0 (In millions of EC Dollars),"This is the distinct '2016 Budget' column (first column under the table's 'Projections' bracket), separate from the plain '2016' estimate column (3.6, see o-640ac804a9).",
o-4a37b35ae5,lca-imf-art4-2018,cbi_fiscal_revenue,FY2016/17,actual,agree,confirmed,5.9,million,"PDF p. 29, Table 2a",5.9,million,"PDF p. 29, Table 2a",2016,high,1,o.w. Citizen by Investment Program (CIP): 2016 5.9 (In millions of EC Dollars),Footnote: 'Fiscal year (April-March) basis'; column 2016 = FY2016/17.,
o-c519db9c10,lca-imf-art4-2018,cbi_fiscal_revenue,FY2017/18,budget,agree,confirmed,43.0,million,"PDF p. 29, Table 2a ('2017 Budget')",43.0,million,"PDF p. 29, Table 2a",2017 Budget,high,1,o.w. Citizen by Investment Program (CIP): 2017 Budget 43.0,Column 2017 Budget = FY2017/18 budget.,
o-67c98083a6,lca-imf-art4-2018,cbi_fiscal_revenue,FY2017/18,estimate,agree,confirmed,27.8,million,"PDF p. 29, Table 2a",27.8,million,"PDF p. 29, Table 2a",2017,high,1,o.w. Citizen by Investment Program (CIP): 2017 27.8,Column 2017 (distinct from '2017 Budget' column) = FY2017/18 estimate/actual column.,
o-f60a1c6bd0,lca-imf-art4-2018,cbi_fiscal_revenue,FY2018/19,projection,agree,confirmed,29.0,million,"PDF p. 29, Table 2a",29.0,million,"PDF p. 29, Table 2a",2018,high,1,o.w. Citizen by Investment Program (CIP): 2018 29.0,"Column 2018 = FY2018/19, in the Projections span.",
o-1a88342e8e,lca-imf-art4-2018,cbi_fiscal_revenue_pct_gdp,FY2017/18,estimate,agree,confirmed,0.6,1,"PDF p. 30, Table 2b",0.6,1,"PDF p. 30, Table 2b",2017,high,1,o.w. Citizen by Investment Program (CIP): 2017 0.6 (In percent of GDP),Column 2017 = FY2017/18.,
o-74b45c4d84,lca-imf-art4-2019,cbi_fiscal_revenue,FY2017/18,actual,agree,confirmed,27.8,million,"PDF p. 31, Table 2a",27.8,million,"PDF p. 31, Table 2a","2017 / Other revenue > Sales, fees and fines, o.w. Citizen by Investment Program (CIP)",high,1,o.w. Citizen by Investment Program (CIP): 2017 27.8 (In millions of EC dollars),"Footnote 1 states: 'Fiscal year (April-March) basis. Figures shown for a given calendar year relate to the fiscal year beginning April 1 of that year.' So column '2017' = FY2017/18 (April 2017-March 2018). Column is in the historical (non-'Projections') part of the table, consistent with status=actual.",
o-1e94f0c096,lca-imf-art4-2019,cbi_fiscal_revenue,FY2018/19,actual,agree,confirmed,67.0,million,"PDF p. 31, Table 2a",67.0,million,"PDF p. 31, Table 2a","2018 / Other revenue > Sales, fees and fines, o.w. Citizen by Investment Program (CIP)",high,1,o.w. Citizen by Investment Program (CIP): 2018 67.0 (In millions of EC dollars),"Column '2018' = FY2018/19 per footnote 1 ('figures...relate to the fiscal year beginning April 1 of that year'). Column is in the historical part of the table, consistent with status=actual.",
o-9b110627a2,lca-imf-art4-2019,cbi_fiscal_revenue,FY2019/20,projection,agree,confirmed,33.5,million,"PDF p. 31, Table 2a",33.5,million,"PDF p. 31, Table 2a","2019 / Other revenue > Sales, fees and fines, o.w. Citizen by Investment Program (CIP)",high,1,o.w. Citizen by Investment Program (CIP): 2019 33.5 (In millions of EC dollars),"Column '2019' = FY2019/20 per footnote 1. Confirmed by zoomed header crop that the 'Projections' bracket begins at column 2019, consistent with status=projection.",
o-ad147e86b1,lca-imf-art4-2019,cbi_fiscal_revenue_pct_gdp,FY2018/19,actual,agree,confirmed,1.3,1,"PDF p. 32, Table 2b",1.3,percent_of_gdp,"PDF p. 32, Table 2b","2018 / Other revenue > Sales, fees and fines, o.w. Citizen by Investment Program (CIP) (percent of GDP)",high,1,o.w. Citizen by Investment Program (CIP): 2018 1.3 (In percent of GDP),"Column '2018' = FY2018/19 per footnote 1 on Table 2b (same wording as Table 2a); column is in the historical (non-'Projections') part of the table, consistent with status=actual.",
o-31087cd8b9,lca-imf-art4-2022,cbi_fiscal_revenue,FY2019/20,actual,agree,confirmed,4.4,million,"PDF p. 32, Table 2a",4.4,million,"PDF p. 32, Table 2a","2019 / Sales and other nontax revenue, of which: Citizen by Investment Program (CIP)",high,1,Of which: Citizen by Investment Program (CIP) ... 2019: 4.4 (In millions of EC dollars),"This report's own footnote 3 refers to the column labeled '2019' as 'FY2019', and the companion 2019 Article IV report's identical table series states explicitly that 'figures shown for a given calendar year relate to the fiscal year beginning April 1 of that year' -- i.e. column '2019' = FY2019/20 (April 2019-March 2020). Column falls in the plain (non-'Projections') part of the table (Projections start at column 2022, confirmed by zoomed header crop), consistent with status=actual.",
o-63dda6c317,lca-imf-art4-2022,cbi_fiscal_revenue,FY2020/21,actual,agree,confirmed,22.7,million,"PDF p. 32, Table 2a",22.7,million,"PDF p. 32, Table 2a","2020 / Sales and other nontax revenue, of which: Citizen by Investment Program (CIP)",high,1,Of which: Citizen by Investment Program (CIP) ... 2020: 22.7 (In millions of EC dollars),"Column '2020' = FY2020/21 under the 'fiscal year beginning April 1 of that [labeled] year' convention (see comment on o-31087cd8b9). Falls in the plain (non-'Projections') part of the table, consistent with status=actual.",
o-f95e17866e,lca-imf-art4-2022,cbi_fiscal_revenue,FY2021/22,provisional,agree,confirmed,42.7,million,"PDF p. 32, Table 2a",42.7,million,"PDF p. 32, Table 2a","2021 / Sales and other nontax revenue, of which: Citizen by Investment Program (CIP)",high,1,Of which: Citizen by Investment Program (CIP) ... 2021: 42.7 (In millions of EC dollars),"Column '2021' = FY2021/22 under the 'beginning April 1' fiscal-year convention. This is the last column before the table's 'Projections' header (which spans 2022-2027, confirmed by zoomed header crop) -- consistent with the requested status=provisional (preliminary actual, not yet a full projection).",
o-bf11165eb6,lca-imf-art4-2022,cbi_fiscal_revenue,FY2022/23,projection,agree,confirmed,32.5,million,"PDF p. 32, Table 2a",32.5,million,"PDF p. 32, Table 2a","2022 / Sales and other nontax revenue, of which: Citizen by Investment Program (CIP)",high,1,Of which: Citizen by Investment Program (CIP) ... 2022: 32.5 (In millions of EC dollars),"Column '2022' = FY2022/23 under the 'beginning April 1' fiscal-year convention, and is the first column under the table's 'Projections' header -- consistent with status=projection.",
o-4651e6b02c,lca-imf-art4-2022,cbi_inflows_pct_gdp,FY2021/22,projection,agree,confirmed,1,1,"PDF p. 17, footnote 17",1,percent_of_gdp,"PDF p. 17, footnote 17",Footnote 17 text (not a table column),high,1,For FY2021 the program is projected to add fresh financing of around 1 percent of GDP,"Under this document's fiscal-year convention (see comment on o-31087cd8b9), single-year 'FY2021' = the fiscal year beginning April 2021, i.e. FY2021/22 -- matching the requested period exactly. Value is qualified as 'around 1' percent of GDP in the source, not an exact figure.",
o-77a394d3f0,lca-imf-art4-2023,cbi_fiscal_revenue,FY2021/22,actual,agree,confirmed,42.7,million,"PDF p. 32, Table 2a",42.7,million,"PDF p. 32, Table 2a",2021,high,1,of Which: Citizen by Investment Program (CIP): 2021 42.7 (In Millions of EC Dollars),"Footnote: fiscal year (April-March) basis, figures for a calendar year relate to FY beginning April 1 of that year; column 2021 = FY2021/22 (actual, before 'Est.' column).",
o-e89fb18b67,lca-imf-art4-2023,cbi_fiscal_revenue,FY2022/23,estimate,agree,confirmed,65.0,million,"PDF p. 32, Table 2a",65.0,million,"PDF p. 32, Table 2a",2022 (Est.),high,1,of Which: Citizen by Investment Program (CIP): 2022 (Est.) 65.0,Column 2022 is labeled 'Est.' in the table header; column 2022 = FY2022/23.,
o-c8069af3e1,lca-imf-art4-2023,cbi_fiscal_revenue,FY2023/24,projection,agree,confirmed,56.8,million,"PDF p. 32, Table 2a",56.8,million,"PDF p. 32, Table 2a",2023 (Projections),high,1,of Which: Citizen by Investment Program (CIP): 2023 56.8,Column 2023 is the first 'Projections' column; column 2023 = FY2023/24.,
o-cf4cee2585,lca-imf-art4-2025,cbi_fiscal_revenue_pct_gdp,FY2020/21,actual,agree,confirmed,0.5,1,"PDF p. 33, Table 2",0.5,1,"PDF p. 33, Table 2",2020,high,1,o.w. Citizen by Investment Program (CIP): 2020 0.5 (In percent of GDP),Footnote: figures for a given calendar year relate to fiscal year beginning April 1 of that year; column 2020 = FY2020/21.,
o-470740cc62,lca-imf-art4-2025,cbi_fiscal_revenue_pct_gdp,FY2021/22,actual,agree,confirmed,0.8,1,"PDF p. 33, Table 2",0.8,1,"PDF p. 33, Table 2",2021,high,1,o.w. Citizen by Investment Program (CIP): 2021 0.8,Column 2021 = FY2021/22.,
o-3c65c6535a,lca-imf-art4-2025,cbi_fiscal_revenue_pct_gdp,FY2023/24,actual,agree,confirmed,0.7,1,"PDF p. 33, Table 2",0.7,1,"PDF p. 33, Table 2",2023,high,1,o.w. Citizen by Investment Program (CIP): 2023 0.7,Column 2023 = FY2023/24.,
o-33d322aa7b,lca-imf-art4-2025,cbi_fiscal_revenue_pct_gdp,FY2024/25,estimate,agree,confirmed,0.8,1,"PDF p. 33, Table 2",0.8,1,"PDF p. 33, Table 2",2024 (Est.),high,1,o.w. Citizen by Investment Program (CIP): 2024 (Est.) 0.8,"Column 2024 = FY2024/25, labeled 'Est.'.",
o-7af0d5b57b,lca-imf-art4-2025,cbi_fiscal_revenue_pct_gdp,FY2025/26,projection,agree,confirmed,1.0,1,"PDF p. 33, Table 2",1.0,1,"PDF p. 33, Table 2",2025 (Projections),high,1,o.w. Citizen by Investment Program (CIP): 2025 1.0,"Column 2025 = FY2025/26, in Projections span.",
o-34b8cad3e7,lca-imf-rcf-2020,cbi_fiscal_revenue,FY2019/20,estimate,agree,confirmed,30.4,million,"PDF p. 17, Table 2a",30.4,million,"PDF p. 17, Table 2a","2019 / Other revenue > Sales, fees and fines, of Which: Citizen by Investment Program (CIP)",high,1,of Which: Citizen by Investment Program (CIP): 2019 30.4 (In millions of EC dollars),"Table has columns 2016,2017,2018,2019,'2020 (pre-virus)',2020,2021...2025 (confirmed via zoomed header crop -- pdftotext's linear text layer misleadingly runs '2019 (pre-virus)' together, but the image clearly shows '2019' and '2020 (pre-virus)' as two separate columns). Under the series' 'fiscal year beginning April 1' convention, column '2019' = FY2019/20; it sits just outside the table's 'Projections' bracket (which starts at '2020 (pre-virus)'), consistent with status=estimate.",
o-226a6a03d3,lca-imf-rcf-2020,cbi_fiscal_revenue,FY2020/21,projection,agree,confirmed,25.0,million,"PDF p. 17, Table 2a",25.0,million,"PDF p. 17, Table 2a","2020 (post-virus) / Other revenue > Sales, fees and fines, of Which: Citizen by Investment Program (CIP)",medium,1,of Which: Citizen by Investment Program (CIP): 2020 25.0 (In millions of EC dollars),"Column '2020' = FY2020/21 under the beginning-April fiscal-year convention. The table shows two separate FY2020/21 scenarios: '2020 (pre-virus)' = 33.5 (a pre-pandemic baseline forecast) and the plain '2020' = 25.0 (the revised, pandemic-adjusted projection). Value reported is the plain/revised '2020' column, taken as the report's primary projection; the pre-virus alternative (33.5) is noted here in case that was the intended figure.",
o-470a48141c,mlt-imf-art4-2019,cbi_inflows_pct_gdp,2015-2017,reported,agree,confirmed,1,1,"PDF p. 45 (printed p. 40), Annex para 3",1,1,"PDF p. 45 (printed p. 40), Annex para 3",2015-2017 average,high,1,"The authorities estimate that annual IIP export receipts amounted to roughly 1 percent of GDP over 2015-2017, on average",Printed as 'roughly 1 percent'.,
o-625b498078,mlt-imf-art4-2019,fiscal_balance_excl_cbi_pct_gdp,2016,actual,agree,confirmed,-0.7,1,"PDF p. 34 (printed p. 29), Table 2",-0.7,1,"PDF p. 34 (printed p. 29), Table 2",2016,high,1,Overall balance excl. IIP proceeds: 2016 -0.7,,
o-f84e34359c,mlt-imf-art4-2019,fiscal_balance_excl_cbi_pct_gdp,2017,actual,agree,confirmed,1.3,1,"PDF p. 10 (printed p. 5), para 5",1.3,1,"PDF p. 10 (printed p. 5), para 5",2017,high,1,"Even excluding the large proceeds from the Individual Investor Program (IIP), the surplus reached 1.3 percent of GDP",,
o-6848622660,mlt-imf-art4-2019,fiscal_balance_excl_cbi_pct_gdp,2018,estimate,agree,confirmed,-0.7,1,"PDF p. 34 (printed p. 29), Table 2",-0.7,1,"PDF p. 34 (printed p. 29), Table 2",2018 Est.,high,1,Overall balance excl. IIP proceeds: 2018 Est. -0.7,,
o-7f847567f8,mlt-ndsf-ar-2020,cbi_to_development_fund,2015-2020,actual,agree,confirmed,599375449,1,PDF p. 27,"599,375,449",1,PDF p. 27,Total Revenue as at date (inception to 31 December 2020),high,1,"Total funding received from the Individual Investor Programme from inception to 31 December 2020 amounted to €599,375,449","Table 4 confirms 'Total Revenue as at date' = 599,375,449 as at 31 December 2020; labeled here as 2015-2020 cumulative per the requested row, but the source frames it as 'from inception'.",
o-4562dd89c2,mlt-ndsf-ar-2020,cbi_to_development_fund,2016,actual,agree,confirmed,163.6,million,"PDF p. 12, section 3(i)",163.6,million,PDF p. 12,"Funding received from MIIPA/Community Malta, 2016 (parenthetical, section 3(i))",high,1,2016: €163.6 million,,
o-f451ab3e0b,mlt-ndsf-ar-2020,cbi_to_development_fund,2017,actual,agree,confirmed,201.9,million,"PDF p. 12, section 3(i)",201.9,million,PDF p. 12,"Funding received from MIIPA/Community Malta, 2017 (parenthetical, section 3(i))",high,1,2017: €201.9 million,,
o-2914573d26,mlt-ndsf-ar-2020,cbi_to_development_fund,2018,actual,agree,confirmed,100.6,million,"PDF p. 12, section 3(i)",100.6,million,PDF p. 12,"Funding received from MIIPA/Community Malta, 2018 (parenthetical, section 3(i))",high,1,2018: €100.6 million,,
o-9480e23c85,mlt-ndsf-ar-2020,cbi_to_development_fund,2019,actual,agree,confirmed,105.9,million,"PDF p. 12, section 3(i)",105.9,million,PDF p. 12,"Funding received from MIIPA/Community Malta, 2019 (parenthetical, section 3(i))",medium,1,2019 €105.9 million,"Printed as €105.9 million in the FY2020 report's text (section 3(i)); note Table 4 on p.27 of this same report shows the 'Funding received from MIIPA/Community Malta' line for 'As at 31 December 2019' as €105,506,520 (≈€105.5 million) — a minor discrepancy with the rounded text figure, reported here exactly as printed in the location specified.",
o-7c16339e57,mlt-ndsf-ar-2020,cbi_to_development_fund,2020,actual,agree,confirmed,27.8,million,"PDF p. 12, section 3(i)",27.8,million,PDF p. 12,"Funding received from MIIPA/Community Malta, FY2020 (section 3(i))",high,1,"During FY2020, NDSF received €27.8 million from the Malta Individual Investor Programme Agency (MIIPA)/Community Malta Agency","Exact figure elsewhere in the same report (Table 4, p.27) is €27,763,851; p.12 rounds this to €27.8 million, reported here as printed at the specified location.",
o-9b5a8fc62c,mlt-ndsf-ar-2025,cbi_to_development_fund,2015-2025,actual,agree,confirmed,836506572,1,"PDF p. 19, Table 4","836,506,572",1,"PDF p. 19, Table 4",As at 31.12.2025 (Total funds received from inception to date),medium,1,"Total funds received from inception to date: As at 31.12.2025 €836,506,572","Table 4 row is 'Total funds received from inception to date' generally, not specifically labelled 'from CBI/IIP'; treated as the cbi_to_development_fund cumulative figure per the row's mapping.",
o-406863c9c4,mlt-ndsf-ar-2025,cbi_to_development_fund,2024,actual,agree,confirmed,93577700,1,"PDF p. 19, Table 4","93,577,700",1,"PDF p. 19, Table 4",As at 31.12.2024,high,1,"Funding for the year received from the Individual Investor Programme, Community Malta and Residency Malta Agency: As at 31.12.2024 €93,577,700",,
o-bdb6fe9a8c,mlt-ndsf-ar-2025,cbi_to_development_fund,2025,actual,agree,confirmed,50366750,1,"PDF p. 19, Table 4","50,366,750",1,"PDF p. 19, Table 4",As at 31.12.2025,high,1,"Funding for the year received from the Individual Investor Programme, Community Malta and Residency Malta Agency: As at 31.12.2025 €50,366,750",,
o-98699dff40,mlt-orgcem-ar-2015,applications_approved,FY2014/15,actual,agree,confirmed,75,1,"PDF p. 15 (printed p. 7), para 39",75,1,"PDF p. 15 (printed p. 7), para 39",Jul 2014-Jun 2015,high,1,A total of 75 Letters of Approval were issued during the period under review,,
o-4bfe836246,mlt-orgcem-ar-2015,applications_received,FY2014/15,actual,agree,confirmed,245,1,"PDF p. 14 (printed p. 6), para 35",245,1,"PDF p. 14 (printed p. 6), para 35",Jul 2014-Jun 2015,high,1,"For the period under review, a total of 245 applications were received",,
o-9f23631514,mlt-orgcem-ar-2015,applications_rejected,FY2014/15,actual,agree,confirmed,11,1,"PDF p. 14 (printed p. 6), para 35",11,1,"PDF p. 14 (printed p. 6), para 35",Jul 2014-Jun 2015,high,1,"Of these, 11 were rejected representing a rejection rate of 4.5%",,
o-db9bcfcfc0,mlt-orgcem-ar-2015,cbi_contributions,FY2014/15,actual,agree,confirmed,59904100,1,"PDF p. 18 (printed p. 10), para 58","59,904,100",1,"PDF p. 18 (printed p. 10), para 58",Between 1 July 2014 and 30 June 2015,medium,1,"Total funds received from IIP applications by Identity Malta ... Between 1 July 2014 and 30 June 2015 €59,904,100","Para 58 heading is 'Total funds received from IIP applications', which is broader than the cbi_contributions definition (may include property/fees); reported as found at cited location.",
o-5c37eb542a,mlt-orgcem-ar-2015,main_applicants_approved,FY2014/15,actual,agree,confirmed,44,1,"PDF p. 17 (printed p. 9), para 49",44,1,"PDF p. 17 (printed p. 9), para 49",Jul 2014-Jun 2015,medium,1,"On the basis of the 44 main applicants, this constitutes 2.4% of the pre-established target","Para 49 describes naturalised main applicants (44), not 'approved' (Letters of Approval = 75, para 39, p.15). Reported as found at cited location.",
o-52657aa521,mlt-orgcem-ar-2015,persons_naturalised,FY2014/15,actual,agree,confirmed,137,1,"PDF p. 17 (printed p. 9), para 49",137,1,"PDF p. 17 (printed p. 9), para 49",Jul 2014-Jun 2015,high,1,The first naturalisations occurred during the period under review. These amounted to 137 individuals,,
o-1cc1ee06cb,mlt-orgcem-ar-2016,applications_approved,FY2015/16,actual,agree,confirmed,241,1,PDF p. 12 (printed p. 12),241,1,PDF p. 12,Jul 2015-Jun 2016,high,1,241 Letters of Approval in Principle Jul 2015 - Jun 2016 ... the amount of approved applications ... was 241,"Fiscal year Jul-Jun basis, consistent with FY2015/16.",
o-420f111bed,mlt-orgcem-ar-2016,applications_received,FY2015/16,actual,agree,confirmed,450,1,PDF p. 10 (printed p. 10),450,1,PDF p. 10,Jul 2015-Jun 2016,high,1,The number of applications received during the period in question amounted to 450,,
o-5634a62811,mlt-orgcem-ar-2016,applications_rejected,FY2015/16,actual,agree,confirmed,52,1,PDF p. 12 (printed p. 12),52,1,PDF p. 12,Jul 2015-Jun 2016,high,1,52 Rejected Applications Jul 2015 - Jun 2016 ... the number of rejected applications during the period in question was 52,,
o-d677380c28,mlt-orgcem-ar-2016,cbi_contributions,FY2015/16,actual,agree,confirmed,166550000,1,PDF p. 18 (printed p. 18),"166,550,000",1,PDF p. 18,Jul 2015-Jun 2016,high,1,"the contributions collected by IMA amounted to €166,550,000",,
o-aeca445c04,mlt-orgcem-ar-2016,cbi_contributions_pct_gdp,FY2015/16,estimate,agree,confirmed,1.81,1,PDF p. 18 (printed p. 18),1.81,1,PDF p. 18,Jul 2015-Jun 2016,high,1,"This equates to approximately 1.81% of the GDP relative to the same period (estimated at €9,196,500,000)",,
o-748aeda1d0,mlt-orgcem-ar-2016,cbi_inflows,FY2015/16,actual,agree,confirmed,218672980,1,PDF p. 18 (printed p. 18),"218,672,980",1,PDF p. 18,Jul 2015-Jun 2016,high,1,"the sum total (€218,672,980) would equate to approximately 2.38% of the GDP relative to the same period","All inputs: property purchases/rent, investments and contributions.",
o-e66a008497,mlt-orgcem-ar-2016,cbi_to_development_fund,FY2015/16,actual,agree,confirmed,46604100,1,PDF p. 19 (printed p. 19),"46,604,100",1,PDF p. 19,Jul 2015-Jun 2016,high,1,"€46,604,100, the National Development and Social Fund",,
o-d2841cf6a8,mlt-orgcem-ar-2016,main_applicants_approved,FY2015/16,actual,agree,confirmed,134,1,PDF p. 13 (printed p. 13),134,1,PDF p. 13,Jul 2015-Jun 2016,medium,1,"Between July 2015 and June 2016, 134 applications had reached the final stage (i.e. when naturalisations occurred)","At the cited location this figure is main applicants reaching naturalisation, not 'approval' (Letters of Approval in Principle = 241, on p.12). Reporting value as found at the cited location.",
o-6d6b4c7b3f,mlt-orgcem-ar-2016,persons_naturalised,FY2015/16,actual,agree,confirmed,477,1,PDF p. 13 (printed p. 13),477,1,PDF p. 13,Jul 2015-Jun 2016,high,1,The 134 applications included a total of 477 persons,134 main applicants + 101 spouses + 150 minor dependants + 92 adult dependants = 477.,
o-9555a9d575,mlt-orgcem-ar-2017,applications_approved,FY2016/17,actual,agree,confirmed,422,1,PDF p. 11 (printed p. 11),422,1,PDF p. 11,"Approved Applications, FY2016/17 (July 2016-June 2017)",high,1,The amount of applications which were approved...was 422,Report period explicitly 1 July 2016 - 30 June 2017.,
o-1bc2b6e864,mlt-orgcem-ar-2017,applications_received,FY2016/17,actual,agree,confirmed,377,1,PDF p. 11 (printed p. 11),377,1,PDF p. 11,"Applications received, FY2016/17",high,1,a significant number of the 377 applications received between July 2016 and June 2017,Figure appears in the 'Outcome of Applications' section text on p.11 (row location points to p.11 generally); not in a standalone table.,
o-876660a634,mlt-orgcem-ar-2017,applications_rejected,FY2016/17,actual,agree,confirmed,83,1,PDF p. 12 (printed p. 12),83,1,PDF p. 12,"Applications which were not Approved, FY2016/17",high,1,The number of applications during the period in question was 83 (an average of 7 applications per month),,
o-0a3f0a6081,mlt-orgcem-ar-2017,cbi_contributions,FY2016/17,actual,agree,confirmed,290225000,1,PDF p. 18 (printed p. 18),"290,225,000",1,PDF p. 18,"Contributions collected by the IMA, FY2016/17",high,1,"the contributions collected by the IMA amounted to €290,225,000",,
o-7337f51c45,mlt-orgcem-ar-2017,cbi_contributions_pct_gdp,FY2016/17,estimate,agree,confirmed,2.74,1,PDF p. 18 (printed p. 18),2.74,1,PDF p. 18,"Contributions as % of GDP, FY2016/17",high,1,"This equates to approximately 2.74% of the GDP relative to the same period (estimated at €10,584,600,000)","GDP figure itself is described as 'estimated', consistent with status=estimate.",
o-d8853f4d44,mlt-orgcem-ar-2017,cbi_fiscal_revenue,FY2016/17,actual,agree,confirmed,83306249,1,PDF p. 18 (printed p. 18),"83,306,249",1,PDF p. 18,Funds distributed FY2016/17: the Consolidated Fund,medium,1,"€83,306,249 the Consolidated Fund (funds distributed 1st July 2016 - 30th June 2017)","Inferred as the government-revenue figure (Consolidated Fund) among four distribution lines (NDSF €194,381,249; Consolidated Fund €83,306,249; Identity Malta Agency €16,440,000 (p.19); Henley & Partners €13,212,000 (p.19)); source does not use the term 'fiscal revenue' itself.",
o-8fd7df940d,mlt-orgcem-ar-2017,cbi_inflows,FY2016/17,actual,agree,confirmed,394106676.68,1,PDF p. 18 (printed p. 18),"394,106,676.68",1,PDF p. 18,"Sum total of property purchases/rent, investments and contributions, FY2016/17",high,1,"the sum total (€394,106,676.68) would equate to approximately 3.72% of the GDP relative to the same period",,
o-d88f04f44f,mlt-orgcem-ar-2017,cbi_to_development_fund,FY2016/17,actual,agree,confirmed,194381249,1,PDF p. 18 (printed p. 18),"194,381,249",1,PDF p. 18,Funds distributed FY2016/17: the National Development and Social Fund,high,1,"€194,381,249 the National Development and Social Fund",,
o-8bb60063ef,mlt-orgcem-ar-2017,main_applicants_approved,FY2016/17,actual,agree,confirmed,386,1,PDF p. 13 (printed p. 13),386,1,PDF p. 13,"Applications/main applicants reaching final (naturalisation) stage, FY2016/17",medium,1,During the period in question 386 applications had reached the final stage (i.e. when the naturalisation process was completed),"Page 13 discusses naturalisations (not an 'approval' stage as such); 386 is the count of main applicants/applications naturalised in the period. This is distinct from persons_naturalised (1409, including dependants, per Table on p.14).",
o-1174670d74,mlt-orgcem-ar-2017,persons_naturalised,FY2016/17,actual,agree,confirmed,1409,1,PDF p. 14 (printed p. 14),1409,1,PDF p. 14,"TOTAL persons (Main Applicants + Spouses + Minor Dependants + Adult Dependants), FY2016/17",high,1,The 386 applications included a total of 1409 persons...TOTAL 386 294 487 242 1409,,
o-e49c67eb1e,mlt-orgcem-ar-2018,cbi_contributions,FY2017/18,actual,agree,confirmed,162375000,1,PDF p. 20 (printed p. 20),"162,375,000",1,PDF p. 20,"Contributions collected by the MIIPA, FY2017/18",high,1,"the contributions collected by the MIIPA amounted to €162,375,000",Report period explicitly 1 July 2017 - 30 June 2018.,
o-6b9fa3fd8b,mlt-orgcem-ar-2018,cbi_fiscal_revenue,FY2017/18,actual,agree,confirmed,68000445,1,PDF p. 21 (printed p. 21),"68,000,445",1,PDF p. 21,Funds distributed 1 July 2017 - 30 June 2018: the Consolidated Fund,medium,1,"€68,000,445 the Consolidated Fund","Inferred as the government-revenue figure (Consolidated Fund) among four distribution lines (NDSF €159,075,550; Consolidated Fund €68,000,445; Identity Malta Agency/MIIPA €11,827,500; Henley & Partners €9,746,000); source does not itself use the term 'fiscal revenue'.",
o-c9ca55c53d,mlt-orgcem-ar-2018,cbi_inflows,FY2017/18,actual,agree,confirmed,246088758,1,PDF p. 21 (printed p. 21),"246,088,758",1,PDF p. 21,"Sum total of property purchases/rent, investments and contributions, FY2017/18",high,1,"the sum total (€246,088,758) would equate to approximately 2.09% of the GDP relative to the same period",Sentence begins on p.20 and the figure itself is printed on p.21.,
o-5cdf8f172e,mlt-orgcem-ar-2018,cbi_to_development_fund,FY2017/18,actual,agree,confirmed,159075550,1,PDF p. 21 (printed p. 21),"159,075,550",1,PDF p. 21,Funds distributed 1 July 2017 - 30 June 2018: the National Development and Social Fund,high,1,"€159,075,550 the National Development and Social Fund",,
o-92eeac30c2,mlt-orgcem-ar-2018,persons_naturalised,FY2017/18,actual,agree,confirmed,914,1,PDF p. 16 (printed p. 16),914,1,PDF p. 16,"TOTAL persons (Main Applicants + Spouses + Minor Dependants + Adult Dependants), FY2017/18",high,1,The 266 applications included a total of 914 persons...TOTAL 266 184 284 180 914,,
o-a07cc47adf,mlt-orgcem-ar-2019,cbi_contributions,FY2018/19,actual,agree,confirmed,162725000,1,PDF p. 22 (printed p. 22),"162,725,000",1,PDF p. 22,1 Jul 2018-30 Jun 2019,high,1,"the contributions collected by the MIIPA amounted to €162,725,000",,
o-ec9da65fe4,mlt-orgcem-ar-2019,cbi_inflows,FY2018/19,actual,agree,confirmed,271603364.87,1,PDF p. 22 (printed p. 22),"271,603,364.87",1,PDF p. 22,1 Jul 2018-30 Jun 2019,high,1,"the sum total (€271,603,364.87) would equate to approximately 2.11% of the GDP relative to the same period",,
o-57752dc0f9,mlt-orgcem-ar-2019,cbi_to_development_fund,FY2018/19,actual,agree,confirmed,106201700,1,PDF p. 22 (printed p. 22),"106,201,700",1,PDF p. 22,1 Jul 2018-30 Jun 2019,high,1,"€106,201,700 the National Development and Social Fund",,
o-cf66fd3922,mlt-orgcem-ar-2019,persons_naturalised,FY2018/19,actual,agree,confirmed,768,1,PDF p. 17 (printed p. 17),768,1,PDF p. 17,Jul 2018-Jun 2019,high,1,The 221 applications included a total of 768 persons,221 main applicants + 164 spouses + 263 minor dependants + 120 adult dependants = 768.,
o-a9cb0b4c29,mlt-orgcem-ar-2020,cbi_to_development_fund,2014-2020,actual,agree,confirmed,601150849,1,PDF p. 49 (printed p. 49),"601,150,849",1,PDF p. 49,Total funds distributed since launching of the IIP till 31 December 2020: the National Development and Social Fund,high,1,"since the launching of the IIP till the 31st December 2020, the total amount of funds distributed were as follows: €601,150,849 the National Development and Social Fund","This is the cumulative-since-inception NDSF distribution figure as of 31 Dec 2020, matching the requested 2014-2020 cumulative period (distinct from the period-specific 1 July 2019-31 Dec 2020 NDSF distribution of €86,544,800 also printed on this page).",
o-5e65574b22,mlt-orgcem-ar-2021,applications_approved,2015,actual,agree,confirmed,189,1,"PDF p. 33 (printed p. 33), Table 10",189,1,PDF p. 33,2015 / Number of Approved Applications,high,1,2015 189 (Table 10: Number of Approved Applications per Year),,
o-eecaeff268,mlt-orgcem-ar-2021,applications_approved,2016,actual,agree,confirmed,382,1,"PDF p. 33 (printed p. 33), Table 10",382,1,PDF p. 33,2016 / Number of Approved Applications,high,1,2016 382 (Table 10: Number of Approved Applications per Year),,
o-2d2d7a6756,mlt-orgcem-ar-2021,applications_approved,2017,actual,agree,confirmed,277,1,"PDF p. 33 (printed p. 33), Table 10",277,1,PDF p. 33,2017 / Number of Approved Applications,high,1,2017 277 (Table 10: Number of Approved Applications per Year),,
o-2e0d9fae32,mlt-orgcem-ar-2021,applications_approved,2018,actual,agree,confirmed,227,1,"PDF p. 33 (printed p. 33), Table 10",227,1,PDF p. 33,2018 / Number of Approved Applications,high,1,2018 227 (Table 10: Number of Approved Applications per Year),,
o-6646a8d7ab,mlt-orgcem-ar-2021,applications_approved,2019,actual,agree,confirmed,239,1,"PDF p. 33 (printed p. 33), Table 10",239,1,PDF p. 33,2019 / Number of Approved Applications,high,1,2019 239 (Table 10: Number of Approved Applications per Year),,
o-9b96bc6fac,mlt-orgcem-ar-2021,applications_approved,2020,actual,agree,confirmed,185,1,"PDF p. 33 (printed p. 33), Table 10",185,1,PDF p. 33,2020 / Number of Approved Applications,high,1,2020 185 (Table 10: Number of Approved Applications per Year),,
o-755c88c9f3,mlt-orgcem-ar-2021,applications_approved,2021,actual,agree,confirmed,109,1,"PDF p. 33 (printed p. 33), Table 10",109,1,PDF p. 33,2021 / Number of Approved Applications,high,1,2021 109 (Table 10: Number of Approved Applications per Year); text also states 109 approved during 2021,,
o-0c0715cfb8,mlt-orgcem-ar-2021,applications_received,2015,actual,agree,confirmed,484,1,"PDF p. 28 (printed p. 28), Table 2",484,1,PDF p. 28,2015 / Number of IIP Applications received by CMA,high,1,2015 484 (Table 2: Applications received by CMA per Year),,
o-70d55e416e,mlt-orgcem-ar-2021,applications_received,2016,actual,agree,confirmed,436,1,"PDF p. 28 (printed p. 28), Table 2",436,1,PDF p. 28,2016 / Number of IIP Applications received by CMA,high,1,2016 436 (Table 2: Applications received by CMA per Year),,
o-81cc69f44e,mlt-orgcem-ar-2021,applications_received,2017,actual,agree,confirmed,371,1,"PDF p. 28 (printed p. 28), Table 2",371,1,PDF p. 28,2017 / Number of IIP Applications received by CMA,high,1,2017 371 (Table 2: Applications received by CMA per Year),,
o-39d55a0a15,mlt-orgcem-ar-2021,applications_received,2018,actual,agree,confirmed,286,1,"PDF p. 28 (printed p. 28), Table 2",286,1,PDF p. 28,2018 / Number of IIP Applications received by CMA,high,1,2018 286 (Table 2: Applications received by CMA per Year),,
o-f658ee0ae3,mlt-orgcem-ar-2021,applications_received,2019,actual,agree,confirmed,328,1,"PDF p. 28 (printed p. 28), Table 2",328,1,PDF p. 28,2019 / Number of IIP Applications received by CMA,high,1,2019 328 (Table 2: Applications received by CMA per Year),,
o-8cbd659987,mlt-orgcem-ar-2021,applications_received,2020,actual,agree,confirmed,317,1,"PDF p. 28 (printed p. 28), Table 2",317,1,PDF p. 28,2020 / Number of IIP Applications received by CMA,high,1,2020 317 (Table 2: Applications received by CMA per Year),,
o-494612165e,mlt-orgcem-ar-2021,applications_received,2021,actual,agree,confirmed,23,1,"PDF p. 28 (printed p. 28), Table 2",23,1,PDF p. 28,2021 / Number of IIP Applications received by CMA,high,1,"2021 23 (Table 2: Applications received by CMA per Year); IIP applications only, dramatic drop as scheme was winding up","This is the IIP-scheme count only (23), distinct from the new-scheme (GCES) eligibility-assessment applications of 75 reported on p.48 for the same year (see o-6c67c9ddda).",
o-6c67c9ddda,mlt-orgcem-ar-2021,applications_received,2021,actual,agree,confirmed,75,1,"PDF p. 48 (printed p. 48), section 3.1.1",75,1,PDF p. 48,Applications for the Eligibility Assessment received during 2021 (new 2020 GCES scheme),high,1,CMA received a total of 75 applications for the eligibility assessment that may lead to the Granting of Citizenship,"This counts eligibility-assessment applications under the new (post-Nov-2020) GCES scheme, separate from the 23 IIP applications received in 2021 reported elsewhere in the same report (Table 2, p.28).",
o-f9bc5ebc9a,mlt-orgcem-ar-2021,applications_rejected,2015,actual,agree,confirmed,49,1,"PDF p. 34 (printed p. 34), Table 12",49,1,PDF p. 34,2015 / Number of applications which were not approved,high,1,2015 49 (Table 12: Number of Applications which were Not Approved per Year),,
o-8ed80c5e60,mlt-orgcem-ar-2021,applications_rejected,2016,actual,agree,confirmed,63,1,"PDF p. 34 (printed p. 34), Table 12",63,1,PDF p. 34,2016 / Number of applications which were not approved,high,1,2016 63 (Table 12: Number of Applications which were Not Approved per Year),,
o-22304b130d,mlt-orgcem-ar-2021,applications_rejected,2017,actual,agree,confirmed,70,1,"PDF p. 34 (printed p. 34), Table 12",70,1,PDF p. 34,2017 / Number of applications which were not approved,high,1,2017 70 (Table 12: Number of Applications which were Not Approved per Year),,
o-dcda19852f,mlt-orgcem-ar-2021,applications_rejected,2018,actual,agree,confirmed,116,1,"PDF p. 34 (printed p. 34), Table 12",116,1,PDF p. 34,2018 / Number of applications which were not approved,high,1,2018 116 (Table 12: Number of Applications which were Not Approved per Year),,
o-4958903476,mlt-orgcem-ar-2021,applications_rejected,2019,actual,agree,confirmed,117,1,"PDF p. 34 (printed p. 34), Table 12",117,1,PDF p. 34,2019 / Number of applications which were not approved,high,1,2019 117 (Table 12: Number of Applications which were Not Approved per Year),,
o-50092900d9,mlt-orgcem-ar-2021,applications_rejected,2020,actual,agree,confirmed,103,1,"PDF p. 34 (printed p. 34), Table 12",103,1,PDF p. 34,2020 / Number of applications which were not approved,high,1,2020 103 (Table 12: Number of Applications which were Not Approved per Year),,
o-856924e083,mlt-orgcem-ar-2021,applications_rejected,2021,actual,agree,confirmed,112,1,"PDF p. 34 (printed p. 34), Table 12",112,1,PDF p. 34,2021 / Number of applications which were not approved,high,1,2021 112 (Table 12: Number of Applications which were Not Approved per Year); text confirms 112 not approved during 2021,,
o-4614f49a4b,mlt-orgcem-ar-2021,cbi_contributions,2021,actual,agree,confirmed,2680000,1,"PDF p. 49 (printed p. 49), section 3.1.2","2,680,000",1,PDF p. 49,Contributions collected 1 Jan - 31 Dec 2021 (part-payment of non-refundable deposit at residency stage),high,1,"The contributions collected by the CMA between 1st January and 31st December 2021...amounted to €2,680,000","This is the GCES/new-2020-scheme residency-stage deposit contribution figure (section 3.1.2), not an old-IIP fund contribution; no other 2021 contributions figure was found on this page since no GCES applications reached citizenship stage by year end.",
o-de544515d1,mlt-orgcem-ar-2022,applications_rejected,2022,actual,agree,confirmed,17,1,PDF p. 30,17,1,PDF p. 30,"Not Approved Eligibility Applications, 2022",high,1,The number of applications which were not approved during the year 2022 was 17,"This is GCES eligibility applications not approved (refused or withdrawn) in 2022, not an IIP figure.",
o-4b43dad66e,mlt-orgcem-ar-2022,cbi_contributions,2014,actual,agree,confirmed,13475000,1,"PDF p. 68 (printed p. 68), Table 35","13,475,000",1,PDF p. 68,2014 / Total Contributions,high,1,"2014 €13,475,000 (Table 35: Amounts collected by the MIIPA/CMA by way of IIP Contributions per Year)",,
o-db170a5149,mlt-orgcem-ar-2022,cbi_contributions,2015,actual,agree,confirmed,106525000,1,"PDF p. 68 (printed p. 68), Table 35","106,525,000",1,PDF p. 68,2015 / Total Contributions,high,1,"2015 €106,525,000 (Table 35)",,
o-335999daf5,mlt-orgcem-ar-2022,cbi_contributions,2016,actual,agree,confirmed,279925000,1,"PDF p. 68 (printed p. 68), Table 35","279,925,000",1,PDF p. 68,2016 / Total Contributions,high,1,"2016 €279,925,000 (Table 35)",,
o-4d033eeca9,mlt-orgcem-ar-2022,cbi_contributions,2017,actual,agree,confirmed,194725000,1,"PDF p. 68 (printed p. 68), Table 35","194,725,000",1,PDF p. 68,2017 / Total Contributions,high,1,"2017 €194,725,000 (Table 35)",,
o-bb863ef884,mlt-orgcem-ar-2022,cbi_contributions,2018,actual,agree,confirmed,156150000,1,"PDF p. 68 (printed p. 68), Table 35","156,150,000",1,PDF p. 68,2018 / Total Contributions,high,1,"2018 €156,150,000 (Table 35)",,
o-2961f8e85b,mlt-orgcem-ar-2022,cbi_contributions,2019,actual,agree,confirmed,172800000,1,"PDF p. 68 (printed p. 68), Table 35","172,800,000",1,PDF p. 68,2019 / Total Contributions,high,1,"2019 €172,800,000 (Table 35)",,
o-0a483ce395,mlt-orgcem-ar-2022,cbi_contributions,2020,actual,agree,confirmed,121825000,1,"PDF p. 68 (printed p. 68), Table 35","121,825,000",1,PDF p. 68,2020 / Total Contributions,high,1,"2020 €121,825,000 (Table 35)",,
o-8e39fd63df,mlt-orgcem-ar-2022,cbi_contributions,2021,actual,agree,confirmed,85400000,1,"PDF p. 68 (printed p. 68), Table 35","85,400,000",1,PDF p. 68,2021 / Total Contributions,high,1,"2021 €85,400,000 (Table 35)",,
o-ef7ecf2acf,mlt-orgcem-ar-2022,cbi_contributions,2022,actual,agree,confirmed,19475000,1,"PDF p. 68 (printed p. 68), Table 35","19,475,000",1,PDF p. 68,2022 / Total Contributions (IIP),high,1,"2022 €19,475,000 (Table 35: Amounts collected by the MIIPA/CMA by way of IIP Contributions per Year)","This is the IIP-scheme contributions total for 2022; the GCES-scheme contributions total for 2022 (€36,310,000) is reported separately at section 2.1.6, PDF p.37 (see o-2a40184f4b).",
o-2a40184f4b,mlt-orgcem-ar-2022,cbi_contributions,2022,actual,agree,confirmed,36310000,1,"PDF p. 37, section 2.1.6","36,310,000",1,PDF p. 37,"Contributions collected 1 Jan - 31 Dec 2022 (GCES, non-refundable deposits + investment contributions)",high,1,"The contributions collected by the CMA between 1st January and 31st December 2022...amounted to €36,310,000","Excludes property purchases (€11,174,000) and property leases (€228,943), which are listed separately and combine to a grand total of €47,712,943 on the same page.",
o-f0cfc24195,mlt-orgcem-ar-2022,cbi_fiscal_revenue,2022,actual,agree,confirmed,8568000,1,PDF p. 38,"8,568,000",1,PDF p. 38,Funds distributed 1 Jan - 31 Dec 2022: to the Consolidated Fund,medium,1,"€8,568,000 to the Consolidated Fund","Page 38 lists three 2022 fund distributions (NDSF €19,992,000; Consolidated Fund €8,568,000; Community Malta Agency €5,040,000) but does not itself use the phrase 'fiscal revenue'. The Consolidated Fund amount is inferred as the government-revenue figure since NDSF is a separate sovereign fund and CMA's share funds the agency; the source does not explicitly label any of the three as 'fiscal revenue'.",
o-46f330aede,mlt-orgcem-ar-2022,cbi_inflows,2022,actual,agree,confirmed,47712943,1,PDF p. 37,"47,712,943",1,PDF p. 37,"Grand total (Contributions + Property Purchases + Property Leases), 2022",medium,1,"the grand total would amount to €47,712,943 (Contributions €36,310,000 + Property Purchases €11,174,000 + Property Leases €228,943)","This 'Total' on p.37 does not include the Due Diligence fees (€5,125,000) or Administrative fees (€582,000) listed just below it on the same page; if cbi_inflows is meant to include fees as the definition allows, the true total including fees would be €53,419,943 (not printed as a single figure in the source).",
o-ff5ab40929,mlt-orgcem-ar-2022,cbi_to_development_fund,2022,actual,agree,confirmed,19992000,1,PDF p. 38,"19,992,000",1,PDF p. 38,Funds distributed 1 Jan - 31 Dec 2022: to the National Development and Social Fund,high,1,"€19,992,000 to the National Development and Social Fund",,
o-a25c0c6c1f,mlt-orgcem-ar-2022,eligibility_approved,2022,actual,agree,confirmed,70,1,PDF p. 30,70,1,PDF p. 30,"Approved Eligibility Applications, 2022",high,1,eligibility applications which were approved to proceed for the citizenship application stage...amounted to 70,,
o-d6981210fe,mlt-orgcem-ar-2023,applications_received,2023,actual,agree,confirmed,299,1,"PDF p. 25 (printed p. 25), section 2.1.1",299,1,PDF p. 25,2023,high,1,"the number of eligibility applications received by the CMA under the GCES, during the year 2023 amounted to 299 (compared to 175 in 2022)",,
o-6090baa3c2,mlt-orgcem-ar-2023,applications_rejected,2023,actual,agree,confirmed,23,1,"PDF p. 30, section 2.1.2.2",23,1,PDF p. 30,2023,high,1,the number of applications which were not approved during the year 2023 was 23,"Sec 2.1.2.2, eligibility-stage rejections, as cited by location.",
o-183470a067,mlt-orgcem-ar-2023,cbi_contributions,2023,actual,agree,confirmed,80550000,1,"PDF p. 38, section 2.1.6.1","80,550,000",1,PDF p. 38,2023,high,1,"the contributions collected by the CMA between 1st January and 31st December 2023 ... amounted to €80,550,000",,
o-1bf8303e4c,mlt-orgcem-ar-2023,cbi_inflows,2023,actual,agree,confirmed,91164228,1,"PDF p. 39, Table 5","91,164,228",1,PDF p. 39,Total 2023,high,1,"Table 5. Contributions 2023 €80,550,000; Property Purchases 2023 €8,910,000; Property Leases 2023 €1,704,228; Total 2023 €91,164,228",,
o-c0b9944346,mlt-orgcem-ar-2023,cbi_to_development_fund,2023,actual,agree,confirmed,44387000,1,PDF p. 39,"44,387,000",1,PDF p. 39,2023,high,1,"€44,387,000 to the National Development and Social Fund",,
o-38679ec933,mlt-orgcem-ar-2023,eligibility_approved,2023,actual,agree,confirmed,141,1,"PDF p. 29, section 2.1.2.1",141,1,PDF p. 29,2023,high,1,"the due diligence has been positively concluded in 2023, amounted to 141",,
o-b8a97109bf,mlt-orgcem-ar-2024,applications_approved,2022,actual,agree,confirmed,49,1,"PDF p. 40 (printed p. 40), Table 2",49,1,PDF p. 40,2022,high,1,Table 2: Approved Citizenship Applications per year — 2022: 49,,
o-2cea8a76bd,mlt-orgcem-ar-2024,applications_approved,2023,actual,agree,confirmed,96,1,"PDF p. 40 (printed p. 40), Table 2",96,1,PDF p. 40,2023,high,1,Table 2: Approved Citizenship Applications per year — 2023: 96,,
o-b4e69dc9c4,mlt-orgcem-ar-2024,applications_approved,2024,actual,agree,confirmed,183,1,"PDF p. 40 (printed p. 40), Table 2",183,1,PDF p. 40,2024,high,1,"Table 2: Approved Citizenship Applications per year — 2024: 183; text: ""was 183""",,
o-ff3a616fc4,mlt-orgcem-ar-2024,applications_received,2024,actual,agree,confirmed,409,1,"PDF p. 32 (printed p. 32), section 2.1.1",409,1,PDF p. 32,2024,high,1,"the number of eligibility applications received by the CMA under the GCES, during the year 2024 amounted to 409","This is GCES eligibility applications submitted (sec 2.1.1), which the location cites; matches indicator's location exactly.",
o-622c32b3e2,mlt-orgcem-ar-2024,applications_rejected,2024,actual,agree,confirmed,49,1,"PDF p. 38, section 2.1.2.2",49,1,PDF p. 38,2024,high,1,the number of applications which were not approved during the year 2024 was 49,"Sec 2.1.2.2 'Not Approved Eligibility Applications' (eligibility-stage rejections), as cited by location.",
o-702dd5b079,mlt-orgcem-ar-2024,cbi_contributions,2024,actual,agree,confirmed,165800000,1,"PDF p. 49, section 2.1.6.1","165,800,000",1,PDF p. 49,2024,high,1,"the contributions collected by the CMA between 1st January and 31st December 2024 ... amounted to €165,800,000",,
o-a4775cebe0,mlt-orgcem-ar-2024,cbi_inflows,2024,actual,agree,confirmed,178328228,1,"PDF p. 49, Table 8","178,328,228",1,PDF p. 49,Total 2024,high,1,"Table 8: Contributions 2024 €165,800,000; Property Purchases 2024 €9,285,000; Property Leases 2024 €3,243,228; Total 2024 €178,328,228",,
o-22d0798061,mlt-orgcem-ar-2024,cbi_to_development_fund,2014-2024,actual,agree,confirmed,620001124,1,PDF p. 84 (printed p. 84),"620,001,124",1,PDF p. 84,cumulative to 31 Dec 2024,high,1,"since the launching of the IIP till the 31st December 2024, the total amount of funds distributed: €620,001,124 to the National Development and Social Fund",,
o-7d17947da8,mlt-orgcem-ar-2024,cbi_to_development_fund,2024,actual,agree,confirmed,91392000,1,PDF p. 50,"91,392,000",1,PDF p. 50,2024,high,1,"€91,392,000 to the National Development and Social Fund",,
o-e2a0e73a1e,mlt-orgcem-ar-2024,eligibility_approved,2024,actual,agree,confirmed,164,1,"PDF p. 38, section 2.1.2.1",164,1,PDF p. 38,2024,high,1,"hence applications for which the due diligence has been positively concluded in 2024, amounted to 164",,
o-7e7eb2cb1e,mlt-orgcem-ar-2024,main_applicants_approved,2014-2024,actual,agree,confirmed,1555,1,PDF p. 74-75,"1,555",1,PDF p. 74-75,Total (2015-2024),medium,1,"Table 16: Number of Naturalized Main Applicants per Year — Total 1,555; ""1,555 IIP Main Applicants had their application successfully concluded""","Table 16 at the cited location is titled 'Naturalized Main Applicants per Year', not 'approved'. A separate 'Approved IIP Applications per Year' table (Table 14, PDF p.73) gives a different cumulative total of 1,634. Reporting the value at the exact cited location (1,555); flag for reconciliation against indicator label.",
o-153cb9b778,mlt-orgcem-ar-2024,main_applicants_approved,2015,actual,agree,confirmed,108,1,"PDF p. 74 (printed p. 74), Table 16",108,1,PDF p. 74,2015,medium,1,Table 16: Number of Naturalized Main Applicants per Year — 2015: 108,Table 16 is titled 'Naturalized...' not 'approved'; value given as found at cited location.,
o-27f1767542,mlt-orgcem-ar-2024,main_applicants_approved,2016,actual,agree,confirmed,254,1,"PDF p. 74 (printed p. 74), Table 16",254,1,PDF p. 74,2016,medium,1,Table 16: Number of Naturalized Main Applicants per Year — 2016: 254,Table 16 is titled 'Naturalized...' not 'approved'; value given as found at cited location.,
o-b3b1525c6d,mlt-orgcem-ar-2024,main_applicants_approved,2017,actual,agree,confirmed,369,1,"PDF p. 74 (printed p. 74), Table 16",369,1,PDF p. 74,2017,medium,1,Table 16: Number of Naturalized Main Applicants per Year — 2017: 369,Table 16 is titled 'Naturalized...' not 'approved'; value given as found at cited location.,
o-cc7f8634a9,mlt-orgcem-ar-2024,main_applicants_approved,2018,actual,agree,confirmed,223,1,"PDF p. 74 (printed p. 74), Table 16",223,1,PDF p. 74,2018,medium,1,Table 16: Number of Naturalized Main Applicants per Year — 2018: 223,Table 16 is titled 'Naturalized...' not 'approved'; value given as found at cited location.,
o-a73a01c25c,mlt-orgcem-ar-2024,main_applicants_approved,2019,actual,agree,confirmed,204,1,"PDF p. 74 (printed p. 74), Table 16",204,1,PDF p. 74,2019,medium,1,Table 16: Number of Naturalized Main Applicants per Year — 2019: 204,Table 16 is titled 'Naturalized...' not 'approved'; value given as found at cited location.,
o-471b74ead0,mlt-orgcem-ar-2024,main_applicants_approved,2020,actual,agree,confirmed,134,1,"PDF p. 74 (printed p. 74), Table 16",134,1,PDF p. 74,2020,medium,1,Table 16: Number of Naturalized Main Applicants per Year — 2020: 134,Table 16 is titled 'Naturalized...' not 'approved'; value given as found at cited location.,
o-403efaacd2,mlt-orgcem-ar-2024,main_applicants_approved,2021,actual,agree,confirmed,160,1,"PDF p. 74 (printed p. 74), Table 16",160,1,PDF p. 74,2021,medium,1,Table 16: Number of Naturalized Main Applicants per Year — 2021: 160,Table 16 is titled 'Naturalized...' not 'approved'; value given as found at cited location.,
o-6305367f9d,mlt-orgcem-ar-2024,main_applicants_approved,2022,actual,agree,confirmed,80,1,"PDF p. 74 (printed p. 74), Table 16",80,1,PDF p. 74,2022,medium,1,Table 16: Number of Naturalized Main Applicants per Year — 2022: 80,Table 16 is titled 'Naturalized...' not 'approved'; value given as found at cited location. Note a different figure (15) appears in Table 3 on p.42 for the same year under a similarly-named GCES table (see o-c43f5e4c7b) — these are IIP vs GCES programs respectively.,
o-c43f5e4c7b,mlt-orgcem-ar-2024,main_applicants_approved,2022,actual,agree,confirmed,15,1,"PDF p. 42 (printed p. 42), Table 3",15,1,PDF p. 42,2022 (Naturalized Main Applicants Per Year),high,1,Table 3: Naturalized Main Applicants and Dependants per Year — 2022: Naturalized Main Applicants Per Year 15,"This is the GCES table (Table 3), distinct from the IIP Table 16 used for o-6305367f9d.",
o-26847c3c39,mlt-orgcem-ar-2024,main_applicants_approved,2023,actual,agree,confirmed,17,1,"PDF p. 74 (printed p. 74), Table 16",17,1,PDF p. 74,2023,medium,1,Table 16: Number of Naturalized Main Applicants per Year — 2023: 17,Table 16 is titled 'Naturalized...' not 'approved'; value given as found at cited location.,
o-8811ad5249,mlt-orgcem-ar-2024,main_applicants_approved,2023,actual,agree,confirmed,87,1,"PDF p. 42 (printed p. 42), Table 3",87,1,PDF p. 42,2023 (Naturalized Main Applicants Per Year),high,1,Table 3: Naturalized Main Applicants and Dependants per Year — 2023: Naturalized Main Applicants Per Year 87,"GCES Table 3, distinct from IIP Table 16.",
o-c8ec6b063b,mlt-orgcem-ar-2024,main_applicants_approved,2024,actual,agree,confirmed,6,1,"PDF p. 74 (printed p. 74), Table 16",6,1,PDF p. 74,2024,medium,1,Table 16: Number of Naturalized Main Applicants per Year — 2024: 6,Table 16 is titled 'Naturalized...' not 'approved'; value given as found at cited location.,
o-8194624ed8,mlt-orgcem-ar-2024,main_applicants_approved,2024,actual,agree,confirmed,173,1,"PDF p. 42 (printed p. 42), Table 3",173,1,PDF p. 42,2024 (Naturalized Main Applicants Per Year),high,1,Table 3: Naturalized Main Applicants and Dependants per Year — 2024: Naturalized Main Applicants Per Year 173,"GCES Table 3, distinct from IIP Table 16.",
o-0143be1d34,mlt-orgcem-ar-2024,persons_naturalised,2014-2024,actual,agree,confirmed,5323,1,"PDF p. 75 (printed p. 75), section 4.4.1","5,323",1,PDF p. 75,cumulative to 2024,high,1,"bringing the grand total of naturalized IIP applicants to 5,323","Main applicants (1,555, Table 16 total) plus dependants (3,768, Table 17 total).",
o-108f6460fd,mlt-orgcem-ar-2024,persons_naturalised,2022,actual,agree,confirmed,49,1,"PDF p. 42 (printed p. 42), Table 3",49,1,PDF p. 42,2022 (Total),high,1,"Table 3: 2022 — Naturalized Main Applicants 15, Naturalized Dependants 34, Total 49",,
o-861d327da6,mlt-orgcem-ar-2024,persons_naturalised,2023,actual,agree,confirmed,259,1,"PDF p. 42 (printed p. 42), Table 3",259,1,PDF p. 42,2023 (Total),high,1,"Table 3: 2023 — Naturalized Main Applicants 87, Naturalized Dependants 172, Total 259",,
o-4aec26c8bd,mlt-orgcem-ar-2024,persons_naturalised,2024,actual,agree,confirmed,521,1,"PDF p. 42 (printed p. 42), Table 3",521,1,PDF p. 42,2024 (Total),high,1,"Table 3: 2024 — Naturalized Main Applicants 173, Naturalized Dependants 348, Total 521",,
o-09cd99f2a0,tur-tbmm-bakan-q-2025-09,irregular_naturalisations_detected,2025-09-24,claim,agree,confirmed,1198,1,p. 1,1198,1,p. 1,,high,1,"'...hayali satışlar dolayısıyla 451 yabancı uyruklu kişiye, 50 bin dolar karşılığında, aileleriyle birlikte 1198 usulsüz Türk vatandaşlığı kazanımının gerçekleştirildiği...tespit edilmiştir.' (due to sham sales, 451 foreign nationals, together with their families, 1198 irregular Turkish citizenship acquisitions were found to have occurred)",1198 is the total including family members (dependants); the 451 figure refers only to the main applicants (foreign nationals who made the sham purchases).,
o-eee327a8ca,tur-tbmm-pbk-2024-11-20,children_naturalised,2024-11-20,provisional,agree,confirmed,77871,1,p. 99,77.871,1,p. 99,as of 20 Nov 2024,high,1,"İçişleri Bakanı Ali Yerlikaya: ""...onların 35.399'u eş, 77.871'i çocuk"" (of the 159.433 total, 77,871 are children)",Turkish '.' is a thousands separator.,
o-7c40ade54c,tur-tbmm-pbk-2024-11-20,main_applicants_approved,2024-11-20,provisional,agree,confirmed,46163,1,p. 99,46.163,1,p. 99,as of 20 Nov 2024,high,1,"""159.433 yabancı yatırım yaparak, istisnai olarak Türk vatandaşlığını kazanmıştır ama bunların 46.163'ü yatırımcı""",,
o-779b3f1c8e,tur-tbmm-pbk-2024-11-20,persons_naturalised,2024-11-20,provisional,agree,confirmed,159433,1,p. 99,159.433,1,p. 99,as of 20 Nov 2024,high,1,"""159.433 yabancı yatırım yaparak, istisnai olarak Türk vatandaşlığını kazanmıştır""",46.163 investors + 35.399 spouses + 77.871 children = 159.433.,
o-7f19a1a3d4,tur-tbmm-pbk-2024-11-20,spouses_naturalised,2024-11-20,provisional,agree,confirmed,35399,1,p. 99,35.399,1,p. 99,as of 20 Nov 2024,high,1,"""...onların 35.399'u eş...""",,
o-451755c452,tur-tbmm-pbk-2025-11-17,citizenships_revoked,2025-09-24/2025-11-17,provisional,agree,confirmed,451,1,p. 88,451,1,p. 88,,high,1,İçişleri Bakanı Ali Yerlikaya: '...451 yabancıya ailleriyle birlikte Türk vatandaşlığını kazanabilmesi için muvazaalı gayrimenkul satışı yapan 117 şüpheli...451 yabancının Türk vatandaşlığını geri aldık.' (we revoked Turkish citizenship of 451 foreigners),"Interior Minister states the operation was conducted on 24/9/2025 and that Turkish citizenship of 451 foreigners was revoked/taken back ('geri aldık'), matching the requested cumulative period.",
o-8a66fe3da9,tur-tuik-foreign-house-sales,house_sales_foreigners,2013,actual,agree,confirmed,12181,1,"sheet t3, row 4",12181,1,"sheet t3, row 4","Yabancılara yapılan satışlar / Sales to foreigners, 2013",high,1,2013: Toplam,"Read directly from sheet t3 column 'Yabancılara yapılan satışlar / Sales to foreigners' (dwellings, integer count).",
o-dc28673089,tur-tuik-foreign-house-sales,house_sales_foreigners,2014,actual,agree,confirmed,18959,1,"sheet t3, row 5",18959,1,"sheet t3, row 5","Yabancılara yapılan satışlar / Sales to foreigners, 2014",high,1,2014: Toplam,"Read directly from sheet t3 column 'Yabancılara yapılan satışlar / Sales to foreigners' (dwellings, integer count).",
o-aaabc640a5,tur-tuik-foreign-house-sales,house_sales_foreigners,2015,actual,agree,confirmed,22830,1,"sheet t3, row 6",22830,1,"sheet t3, row 6","Yabancılara yapılan satışlar / Sales to foreigners, 2015",high,1,2015: Toplam,"Read directly from sheet t3 column 'Yabancılara yapılan satışlar / Sales to foreigners' (dwellings, integer count).",
o-282871ee1b,tur-tuik-foreign-house-sales,house_sales_foreigners,2016,actual,agree,confirmed,18189,1,"sheet t3, row 7",18189,1,"sheet t3, row 7","Yabancılara yapılan satışlar / Sales to foreigners, 2016",high,1,2016: Toplam,"Read directly from sheet t3 column 'Yabancılara yapılan satışlar / Sales to foreigners' (dwellings, integer count).",
o-2ccfb6213c,tur-tuik-foreign-house-sales,house_sales_foreigners,2017,actual,agree,confirmed,22234,1,"sheet t3, row 8",22234,1,"sheet t3, row 8","Yabancılara yapılan satışlar / Sales to foreigners, 2017",high,1,2017: Toplam,"Read directly from sheet t3 column 'Yabancılara yapılan satışlar / Sales to foreigners' (dwellings, integer count).",
o-cfbbf55469,tur-tuik-foreign-house-sales,house_sales_foreigners,2018,actual,agree,confirmed,39663,1,"sheet t3, row 9",39663,1,"sheet t3, row 9","Yabancılara yapılan satışlar / Sales to foreigners, 2018",high,1,2018: Toplam,"Read directly from sheet t3 column 'Yabancılara yapılan satışlar / Sales to foreigners' (dwellings, integer count).",
o-c2eca88307,tur-tuik-foreign-house-sales,house_sales_foreigners,2019,actual,agree,confirmed,45483,1,"sheet t3, row 10",45483,1,"sheet t3, row 10","Yabancılara yapılan satışlar / Sales to foreigners, 2019",high,1,2019: Toplam,"Read directly from sheet t3 column 'Yabancılara yapılan satışlar / Sales to foreigners' (dwellings, integer count).",
o-a860b1e908,tur-tuik-foreign-house-sales,house_sales_foreigners,2020,actual,agree,confirmed,40812,1,"sheet t3, row 11",40812,1,"sheet t3, row 11","Yabancılara yapılan satışlar / Sales to foreigners, 2020",high,1,2020: Toplam,"Read directly from sheet t3 column 'Yabancılara yapılan satışlar / Sales to foreigners' (dwellings, integer count).",
o-cdcf061065,tur-tuik-foreign-house-sales,house_sales_foreigners,2021,actual,agree,confirmed,58576,1,"sheet t3, row 12",58576,1,"sheet t3, row 12","Yabancılara yapılan satışlar / Sales to foreigners, 2021",high,1,2021: Toplam,"Read directly from sheet t3 column 'Yabancılara yapılan satışlar / Sales to foreigners' (dwellings, integer count).",
o-3fe727f27d,tur-tuik-foreign-house-sales,house_sales_foreigners,2022,actual,agree,confirmed,67490,1,"sheet t3, row 13",67490,1,"sheet t3, row 13","Yabancılara yapılan satışlar / Sales to foreigners, 2022",high,1,2022: Toplam,"Read directly from sheet t3 column 'Yabancılara yapılan satışlar / Sales to foreigners' (dwellings, integer count).",
o-63214c4166,tur-tuik-foreign-house-sales,house_sales_foreigners,2023,actual,agree,confirmed,35005,1,"sheet t3, row 14",35005,1,"sheet t3, row 14","Yabancılara yapılan satışlar / Sales to foreigners, 2023",high,1,2023: Toplam,"Read directly from sheet t3 column 'Yabancılara yapılan satışlar / Sales to foreigners' (dwellings, integer count).",
o-b30e674da1,tur-tuik-foreign-house-sales,house_sales_foreigners,2024,actual,agree,confirmed,23781,1,"sheet t3, row 15",23781,1,"sheet t3, row 15","Yabancılara yapılan satışlar / Sales to foreigners, 2024",high,1,2024: Toplam,"Read directly from sheet t3 column 'Yabancılara yapılan satışlar / Sales to foreigners' (dwellings, integer count).",
o-b516887ec2,tur-tuik-foreign-house-sales,house_sales_foreigners,2025,actual,agree,confirmed,21534,1,"sheet t3, row 16",21534,1,"sheet t3, row 16","Yabancılara yapılan satışlar / Sales to foreigners, 2025",high,1,2025: Toplam,"Read directly from sheet t3 column 'Yabancılara yapılan satışlar / Sales to foreigners' (dwellings, integer count).",
