source_id,source_type,stored,title,numbers,rules,events,cases,measures,splits,status,contains,to_do,reviewed_by,reviewed_on
aia-aera-act-rev-2022,legislation,yes,"Anguilla Economic Residence Act, R.S.A. c. A64 (law as at 31 December 2022)",0,1,1,0,,,not_reviewed,,,,
aia-aera-regs-rev-2022,legislation,yes,"Anguilla Economic Residence Regulations, R.R.A. A64-1 (law as at 31 December 2022)",0,4,0,0,,,not_reviewed,,,,
aia-exco-minutes-2019-02-07,government,yes,"Minutes of the 175th Meeting of the Eleventh Anguilla Executive Council, 7 February 2019",0,0,1,0,,,not_reviewed,,,,
aia-exco-minutes-2022-12-08,government,yes,"Minutes of the 116th Meeting of the Twelfth Anguilla Executive Council, 8 December 2022",0,0,1,0,,,not_reviewed,,,,
aia-mof-arbi-presentation-2018,government,yes,"Anguilla Residency by Investment (ARBI) Information Session presentation, 23 August 2018",0,0,0,0,,,not_reviewed,,,,
are-adro-golden-visa-investors,government,yes,Abu Dhabi Golden Visa - Investors,0,2,0,0,,,not_reviewed,,,,
are-alkhaleej-cabinet-500k-2025,media,no,"الإمارات تصدر 500 ألف إقامة ذهبية في 2024 (UAE issues 500,000 golden residences in 2024)",1,0,0,0,long_term_residence_issued 1,,not_reviewed,,,,
are-alkhaleej-gdrfa-2023,media,no,"«إقامة دبي» تصدر 158 ألف إقامة ذهبية خلال 2023 (Dubai residency directorate issues 158,000 golden residences in 2023)",3,0,0,0,long_term_residence_issued 3,emirate,not_reviewed,,,,
are-alkhaleej-gdrfa-h1-2026,media,no,"66 الف اقامة ذهبية في دبي خلال 6 اشهر (66,000 golden residences in Dubai in six months)",1,0,0,0,long_term_residence_issued 1,emirate,not_reviewed,,,,
are-cabinet-res-56-2018,legislation,yes,قرار مجلس الوزراء رقم (56) لسنة 2018 في شأن تنظيم تصاريح الإقامة للمستثمرين ورواد الأعمال وأصحاب المواهب التخصصية (Cabinet Resolution No. 56 of 2018 regulating ,0,4,2,0,,,not_reviewed,,,,
are-cabinet-res-56-2018-modifications,legislation,yes,تعديلات التشريع: قرار مجلس الوزراء بشأن تعديل بعض أحكام قرار مجلس الوزراء في شأن تنظيم تصاريح الإقامة للمستثمرين ورواد الأعمال وأصحاب المواهب التخصصية (amendmen,0,0,1,0,,,not_reviewed,,,,
are-cabinet-res-65-2022,legislation,yes,قرار مجلس الوزراء رقم (65) لسنة 2022 بإصدار اللائحة التنفيذية للمرسوم بقانون اتحادي رقم (29) لسنة 2021 في شأن دخول وإقامة الأجانب (Cabinet Resolution No. 65 of ,0,0,1,0,,,not_reviewed,,,,
are-decree-law-29-2021,legislation,yes,مرسوم بقانون اتحادي رقم (29) لسنة 2021 في شأن دخول وإقامة الأجانب (Federal Decree-Law No. 29 of 2021 on the Entry and Residence of Foreigners),0,0,1,0,,,not_reviewed,,,,
are-dld-golden-visa-investor-service,government,yes,Request for Golden Visa (Investor),0,2,0,0,,,not_reviewed,,,,
are-gdrfad-golden-investor-service,government,yes,Issuing a golden residence permit (investors),0,5,0,0,,,not_reviewed,,,,
are-gdrfad-news-2022-results,government,yes,"About 80,000 Golden Residency were issued",2,0,0,0,long_term_residence_issued 2,emirate,not_reviewed,,,,
are-gdrfad-news-golden-2019-2022,government,yes,"GDRFA Dubai issues more than 152,000 golden visas, 16m transactions handled between 2019 & 2022",1,0,0,0,long_term_residence_issued 1,emirate,not_reviewed,,,,
are-uae-portal-golden-visa,government,yes,Golden visa,0,1,0,0,,,not_reviewed,,"Priority review: described as holding statistics or tables, but only 0 number(s) extracted.",,
are-wam-cabinet-long-term-visa-2018,government,yes,UAE Cabinet approves new long-term visa for international investors and professional talents... and 100% investors’ ownership by year end,0,0,1,0,,,not_reviewed,,"Priority review: described as holding statistics or tables, but only 0 number(s) extracted.",,
are-wam-citizenship-amendments-2021,government,yes,"UAE grants citizenship and passport to investors, professionals, special talents",0,0,1,0,,,not_reviewed,,,,
are-wam-dld-20-investors-2019,government,yes,DLD grants five-year Golden Visa to 20 investors,2,0,0,0,rbi_investment_total 1; residence_permits_issued 1,route,not_reviewed,,,,
are-wam-exec-regs-2022,government,yes,UAE Cabinet approves Executive Regulations of Federal Decree-Law on Entry and Residence of Foreigners,0,1,1,0,,,not_reviewed,,,,
are-wam-gdrfa-400-golden-2019,government,yes,GDRFA: 400 Gold Card UAE visas issued so far,2,0,0,0,long_term_residence_issued 1; rbi_eligible_persons 1,,not_reviewed,,,,
are-wam-gdrfa-golden-2022,government,yes,"UAE golden visas issued in all categories increased to 79,617 in 2022: GDRFA",2,0,0,0,long_term_residence_issued 2,emirate,not_reviewed,,,,
are-wam-golden-card-launch-2019,government,yes,‘Golden Card’: Permanent residency system for UAE’s expats launches,2,0,1,0,rbi_eligible_investment 1; rbi_eligible_persons 1,,not_reviewed,,,,
are-wam-ica-first-golden-2019,government,yes,ICA issues first UAE Permanent Residency 'Golden Card' in Abu Dhabi,2,0,0,0,rbi_eligible_investment 1; rbi_eligible_persons 1,,not_reviewed,,,,
arg-bora-dec-285-2026,legislation,yes,"Decreto 285/2026 (DECTO-2026-285-APN-PTE) - Agencia de Programas de Ciudadanía por Inversión, Boletín Oficial, 28/04/2026",0,0,1,0,,,not_reviewed,,,,
arg-bora-dec-524-2025,legislation,yes,"Decreto 524/2025 (DECTO-2025-524-APN-PTE), Boletín Oficial, 31/07/2025",0,0,1,0,,,not_reviewed,,,,
arg-bora-dnu-366-2025,legislation,yes,"Decreto 366/2025 (DNU-2025-366-APN-PTE), Boletín Oficial de la República Argentina, 29/05/2025",0,0,1,0,,,not_reviewed,,,,
arg-bora-ley-27802-2026,legislation,yes,"Ley 27802 - Ley de Modernización Laboral, Boletín Oficial, 06/03/2026",0,0,1,0,,,not_reviewed,,,,
arg-infoleg-dec616-2010,legislation,yes,Decreto 616/2010: Reglamentación de la Ley de Migraciones No. 25.871 y sus modificatorias,0,1,1,0,,,not_reviewed,,,,
atg-antiguanews-2026-04,media,no,"Browne Defends CIP, Says Programme Generated Over $1.4 Billion for Antigua and Barbuda",1,0,0,0,cbi_fiscal_revenue 1,,not_reviewed,,,,
atg-cbi-act-2013,legislation,yes,"Antigua and Barbuda Citizenship by Investment Act, 2013 (No. 2 of 2013), with the Citizenship by Investment Regulations, 2013 in the Schedule",0,4,1,0,,,not_reviewed,,,,
atg-cbi-regs-2013,legislation,yes,"Antigua and Barbuda Citizenship by Investment (Amendment) Regulations, 2013 (S.I. 2013 No. 24)",0,1,1,0,,,not_reviewed,,,,
atg-cbi-regs-2017,legislation,yes,"Antigua and Barbuda Citizenship by Investment (Amendment) Regulations, 2017 (S.I. 2017 No. 76)",0,1,0,0,,,not_reviewed,,,,
atg-cbi-regs-2018,legislation,yes,"Antigua and Barbuda Citizenship by Investment (Amendment) Regulations, 2018 (S.I. 2018 No. 16)",0,1,1,0,,,not_reviewed,,,,
atg-cbi-regs-2019,legislation,yes,"Antigua and Barbuda Citizenship by Investment (Amendment) Regulations, 2019 (S.I. 2019 No. 10)",0,1,1,0,,,not_reviewed,,,,
atg-cbi-regs-2020b,legislation,yes,Antigua and Barbuda Citizenship by Investment (Amendment) (No. 2) Regulations 2020 (S.I. 2020 No. 85),0,0,1,0,,,not_reviewed,,,,
atg-cbi-regs-2024,legislation,yes,Antigua and Barbuda Citizenship by Investment (Amendment) Regulations 2024 (S.I. 2024 No. 50),0,4,1,0,,,not_reviewed,,,,
atg-ciu-6m-2014,government,yes,Antigua and Barbuda Citizenship by Investment Unit CIP 6-Month Report Summary 2014,0,0,0,0,,,not_reviewed,,"Known not extracted: applications by country (nationality) and by investment category, contributions and disbursement tables, passports by year. Only 1-2 totals taken.",,
atg-ciu-6m-2015h2,government,yes,"Antigua and Barbuda Citizenship by Investment Unit Six-Monthly Report, 1 June to 17 December 2015",4,0,0,0,applications_received 2; passports_issued 2,,not_reviewed,,"Known not extracted: applications by country (nationality) and by investment category, contributions and disbursement tables, passports by year. Only 1-2 totals taken.",,
atg-ciu-6m-2016h1,government,yes,"Antigua and Barbuda Citizenship by Investment Unit Six-Monthly Report, 1 January to 15 June 2016",2,0,0,0,applications_received 1; cbi_fee_revenue 1,,not_reviewed,,"Known not extracted: applications by country (nationality) and by investment category, contributions and disbursement tables, passports by year. Only 1-2 totals taken.",,
atg-ciu-6m-2016h2,government,yes,"Antigua and Barbuda Citizenship by Investment Unit Six-Monthly Report, 16 June to 31 December 2016",9,0,0,0,cbi_fee_revenue 4; passports_issued 3; applications_received 1; cbi_contributions 1,,not_reviewed,,"Known not extracted: applications by country (nationality) and by investment category, contributions and disbursement tables, passports by year. Only 1-2 totals taken.",,
atg-ciu-6m-2017h1,government,yes,"Antigua and Barbuda Citizenship by Investment Unit Six-Monthly Report, 1 January to 30 June 2017",2,0,0,0,applications_received 1; cbi_contributions 1,,not_reviewed,,"Known not extracted: applications by country (nationality) and by investment category, contributions and disbursement tables, passports by year. Only 1-2 totals taken.",,
atg-ciu-6m-2017h2,government,yes,"Antigua and Barbuda Citizenship by Investment Unit Six-Monthly Report, 1 July to 31 December 2017",5,0,0,0,passports_issued 4; applications_received 1,,not_reviewed,,"Known not extracted: applications by country (nationality) and by investment category, contributions and disbursement tables, passports by year. Only 1-2 totals taken.",,
atg-ciu-6m-2018h1,government,yes,"Antigua and Barbuda Citizenship by Investment Unit Six-Monthly Report, 1 January to 30 June 2018",1,0,0,0,applications_received 1,,not_reviewed,,"Known not extracted: applications by country (nationality) and by investment category, contributions and disbursement tables, passports by year. Only 1-2 totals taken.",,
atg-ciu-6m-2018h2,government,yes,"Antigua and Barbuda Citizenship by Investment Unit Six-Monthly Report, 1 July to 31 December 2018",1,0,0,0,applications_received 1,,not_reviewed,,"Known not extracted: applications by country (nationality) and by investment category, contributions and disbursement tables, passports by year. Only 1-2 totals taken.",,
atg-ciu-6m-2019h1,government,yes,"Antigua and Barbuda Citizenship by Investment Unit Six-Monthly Report, 1 January to 30 June 2019",1,0,0,0,applications_received 1,,not_reviewed,,"Known not extracted: applications by country (nationality) and by investment category, contributions and disbursement tables, passports by year. Only 1-2 totals taken.",,
atg-ciu-6m-2019h2,government,yes,"Antigua and Barbuda Citizenship by Investment Unit Six-Monthly Report, 1 July to 31 December 2019",7,0,0,0,passports_issued 6; applications_received 1,,not_reviewed,,"Known not extracted: applications by country (nationality) and by investment category, contributions and disbursement tables, passports by year. Only 1-2 totals taken.",,
atg-ciu-6m-2020h1,government,yes,"Antigua and Barbuda Citizenship by Investment Unit Six-Monthly Report, 1 January to 30 June 2020",1,0,0,0,applications_received 1,,not_reviewed,,"Known not extracted: applications by country (nationality) and by investment category, contributions and disbursement tables, passports by year. Only 1-2 totals taken.",,
atg-ciu-6m-2020h2,government,yes,"Antigua and Barbuda Citizenship by Investment Unit Six-Monthly Report, 1 July to 31 December 2020",1,0,0,0,applications_received 1,,not_reviewed,,"Known not extracted: applications by country (nationality) and by investment category, contributions and disbursement tables, passports by year. Only 1-2 totals taken.",,
atg-ciu-6m-2021h1,government,yes,"Antigua and Barbuda Citizenship by Investment Unit Six-Monthly Report, 1 January to 30 June 2021",1,0,0,0,applications_received 1,,not_reviewed,,"Known not extracted: applications by country (nationality) and by investment category, contributions and disbursement tables, passports by year. Only 1-2 totals taken.",,
atg-ciu-6m-2021h2,government,yes,"Antigua and Barbuda Citizenship by Investment Unit Six-Monthly Report, 1 July to 31 December 2021",1,0,0,0,applications_received 1,,not_reviewed,,"Known not extracted: applications by country (nationality) and by investment category, contributions and disbursement tables, passports by year. Only 1-2 totals taken.",,
atg-ciu-6m-2022h1,government,yes,"Antigua and Barbuda Citizenship by Investment Unit Six-Monthly Report, 1 January to 30 June 2022",3,0,0,0,applications_received 1; cbi_contributions 1; passports_issued 1,,not_reviewed,,"Known not extracted: applications by country (nationality) and by investment category, contributions and disbursement tables, passports by year. Only 1-2 totals taken.",,
atg-ciu-6m-2022h2,government,yes,"Antigua and Barbuda Citizenship by Investment Unit Six-Monthly Report, 1 July to 31 December 2022",1,0,0,0,applications_received 1,,not_reviewed,,"Known not extracted: applications by country (nationality) and by investment category, contributions and disbursement tables, passports by year. Only 1-2 totals taken.",,
atg-ciu-6m-2023h1,government,yes,"Antigua and Barbuda Citizenship by Investment Unit Six-Monthly Report, 1 January to 30 June 2023",1,0,0,0,applications_received 1,,not_reviewed,,"Known not extracted: applications by country (nationality) and by investment category, contributions and disbursement tables, passports by year. Only 1-2 totals taken.",,
atg-ciu-6m-2023h2,government,yes,"Antigua and Barbuda Citizenship by Investment Unit Six-Monthly Report, 1 July to 31 December 2023",1,0,0,0,applications_received 1,,not_reviewed,,"Known not extracted: applications by country (nationality) and by investment category, contributions and disbursement tables, passports by year. Only 1-2 totals taken.",,
atg-ciu-6m-2024h1,government,yes,"Antigua and Barbuda Citizenship by Investment Unit Six-Monthly Report, 1 January to 30 June 2024",13,0,0,0,passports_issued 11; applications_received 2,,not_reviewed,,"Known not extracted: applications by country (nationality) and by investment category, contributions and disbursement tables, passports by year. Only 1-2 totals taken.",,
atg-ciu-ndf-change-2017,government,yes,CIU notice to Industry Partners: effective date of change to NDF (17 October 2017),0,0,1,0,,,not_reviewed,,,,
atg-ciu-ndf-notice-2017,government,yes,CIU notice to Industry Partners: reduction to NDF (13 October 2017),0,1,0,0,,,not_reviewed,,,,
atg-ciu-web-business-investment,government,yes,Antigua and Barbuda CIP: Business investment option (web page),0,1,0,0,,,not_reviewed,,,,
atg-ciu-web-canada-2017,government,yes,Guidelines for citizens of Antigua and Barbuda regarding travel to Canada,0,0,1,0,,,not_reviewed,,,,
atg-ciu-web-disparities-2017,government,yes,CIU Clarifies Alleged Disparities in Six-Monthly Reports,0,0,1,0,,,not_reviewed,,"Priority review: described as holding statistics or tables, but only 0 number(s) extracted.",,
atg-ciu-web-iraq-2016,government,yes,Citizenship Granted to Iraqi Nationals,0,0,1,0,,,not_reviewed,,,,
atg-ciu-web-ndf,government,yes,Antigua and Barbuda CIP: NDF investment option (web page),0,0,0,0,,,not_reviewed,,,,
atg-ciu-web-real-estate,government,yes,Antigua and Barbuda CIP: Real estate investment option (web page),0,0,0,0,,,not_reviewed,,,,
atg-ciu-web-sanders-2025-12,government,yes,"Statement by Sir Ronald Sanders, Ambassador of Antigua and Barbuda to the United States (19 December 2025)",0,0,1,0,,,not_reviewed,,,,
atg-ciu-web-schedule-of-fees,government,yes,Antigua and Barbuda CIP: Schedule of Fees (web page),0,0,0,0,,,not_reviewed,,,,
atg-ciu-web-uwi-fund,government,yes,Antigua and Barbuda CIP: University of the West Indies (UWI) Fund option (web page),0,0,0,0,,,not_reviewed,,,,
atg-ciu-web-visa-bond-2026-01,government,yes,Statement on U.S. Visa Bonds and Travel to the United States (7 January 2026),0,0,1,0,,,not_reviewed,,,,
atg-imf-art4-2014,imf,yes,Antigua and Barbuda: Staff Report for the 2014 Article IV Consultation and Second Post-Program Monitoring (IMF Country Report No. 15/189),4,0,0,0,cbi_fiscal_revenue 2; cbi_fiscal_revenue_pct_gdp 2,,not_reviewed,,,,
atg-imf-art4-2022,imf,yes,Antigua and Barbuda: 2022 Article IV Consultation-Press Release and Staff Report (IMF Country Report No. 23/184),5,0,0,0,cbi_fiscal_revenue 5,,not_reviewed,,,,
atg-imf-art4-2023,imf,yes,Antigua and Barbuda: 2023 Article IV Consultation-Press Release and Staff Report (IMF Country Report No. 24/22),7,0,0,0,cbi_fiscal_revenue 5; cbi_fiscal_revenue_pct_gdp 2,,not_reviewed,,,,
atg-imf-art4-2025,imf,yes,Antigua and Barbuda: 2025 Article IV Consultation-Press Release and Staff Report (IMF Country Report No. 25/96),5,0,0,0,cbi_fiscal_revenue 3; cbi_fiscal_revenue_pct_gdp 1; cbi_fiscal_revenue_pct_revenue 1,,not_reviewed,,,,
atg-imf-art4-2026,imf,yes,Antigua and Barbuda: 2026 Article IV Consultation-Press Release; Staff Report; and Statement by the Executive Director (IMF Country Report No. 26/97),6,0,1,0,cbi_fiscal_revenue 5; cbi_fiscal_revenue_pct_gdp 1,,not_reviewed,,,,
atg-imidaily-2024-06,industry,no,Antigua CIU Announces New Price Thresholds But Delays Implementation of MoA by 30 Days,0,0,1,0,,,not_reviewed,,,,
atg-imidaily-2026-07,industry,no,"Browne Warns Antigua Could Lose EU Visa-Free Access by Year's End, Vows CIP Will Continue",1,0,1,0,cbi_fiscal_revenue 1,,not_reviewed,,,,
atg-mof-budget-2023,government,yes,2023 Budget Statement (2 March 2023),1,0,0,0,cbi_fiscal_revenue 1,,not_reviewed,,,,
atg-mof-budget-2024,government,yes,2024 Budget Statement (15 December 2023),2,0,0,0,cbi_fiscal_revenue 2,,not_reviewed,,,,
atg-mof-budget-2026,government,yes,2026 Budget Statement 'People-Centred Growth and Development' (4 December 2025),2,0,0,0,cbi_fiscal_revenue 2,,not_reviewed,,,,
atg-observer-2015-08-150,media,no,150 citizenships granted through 'aggressive' CIP promo,2,0,0,0,cbi_inflows 1; persons_naturalised 1,,not_reviewed,,,,
atg-observer-2015-08-changes,media,no,Changes to CIP lead to more applicants,0,0,1,0,,,not_reviewed,,,,
aus-aph-ae14-212-2014,government,yes,"Question on notice AE14/212: Significant Investor visa (Additional Estimates, 25 February 2014)",1,0,0,0,main_applicants_approved 1,,not_reviewed,,,,
aus-aph-ae14-213-2014,government,yes,"Question on notice AE14/213: Significant Investor visa new investment options (Additional Estimates, 25 February 2014)",2,0,1,0,main_applicants_approved 1; rbi_investment_total 1,,not_reviewed,,,,
aus-aph-be14-475-2014,government,yes,"Question on notice BE14/475: reports commissioned (Budget Estimates, 26-27 May 2014)",0,0,0,0,,,not_reviewed,,,,
aus-aph-se13-0222-2013,government,yes,"Question on notice SE13/0222: Significant Investor Visa statistics (Supplementary Budget Estimates, 19 November 2013)",2,0,0,0,applications_approved 1; applications_received 1,,not_reviewed,,"Priority review: described as holding statistics or tables, but only 2 number(s) extracted.",,
aus-aph-se14-445-2014,government,yes,"Question on notice SE14/445: Significant Investor Visa and the JSCM review (Supplementary Budget Estimates, 20 October 2014)",0,0,1,0,,,not_reviewed,,,,
aus-aph-se14-446-2014,government,yes,"Question on notice SE14/446: Significant Investor Visa grants and investment (Supplementary Budget Estimates, 20 October 2014)",7,0,0,0,main_applicants_approved 2; rbi_investment_total 2; applications_received 1; applications_rejected 1; applications_withdrawn 1,,not_reviewed,,,,
aus-dha-biip-discussion-paper-2019,government,yes,Business Innovation and Investment Program: Getting a better deal for Australia (consultation paper),5,3,2,0,main_applicants_approved 2; rbi_investment_total 2; visa_places_planned 1,route,not_reviewed,,,,
aus-dha-biip-review-findings-2020,government,yes,Business Innovation and Investment Program Review: report of consultation findings and review outcomes,1,0,2,0,visa_places_planned 1,,not_reviewed,,,,
aus-dha-bp0068-2025,government,yes,"BP0068 Migration Program Outcomes between 2015-16 and 2024-25 (Permanent Migration Program (Skilled & Family) Outcomes Snapshot, Annual Statistics)",36,0,0,0,residence_permits_issued 26; main_applicants_approved 10,nationality; route,not_reviewed,,,,
aus-dha-cif-faq-2021,government,yes,Complying Investment Framework (CIF) Frequently Asked Questions,0,0,0,0,,,not_reviewed,,,,
aus-dha-foi-160600956-2016,government,yes,FOI request FA 16/06/00956: Business Innovation and Investment programme statistics,0,0,1,0,,,not_reviewed,,"Priority review: described as holding statistics or tables, but only 0 number(s) extracted.",,
aus-dha-foi-170600834-2017,government,yes,FOI request FA 17/06/00834: Business Innovation and Investment visa statistics by programme year,28,0,0,0,applications_received 14; main_applicants_approved 14,route,not_reviewed,,,,
aus-dha-foi-200500111-2020,government,yes,"FOI request FA 20/05/00111: subclass 188, 132 and 888 primary visa applications and grants by stream and government sponsor",4,0,0,0,applications_received 2; main_applicants_approved 2,,not_reviewed,,,,
aus-dha-foi-200800701-2020,government,yes,"FOI request FA 20/08/00701: documents on the Business Innovation and Investment Program (internal emails and briefing, 2019)",6,0,0,0,applicant_nationality_share 2; main_applicants_approved 2; rbi_investment_total 2,nationality,not_reviewed,,,,
aus-dha-foi-201101057-2020,government,yes,"FOI request FA 20/12/01057: Significant Investor visa lodgements, grants, refusals and processing times",9,0,0,0,applications_received 3; applications_rejected 3; main_applicants_approved 3,,not_reviewed,,,,
aus-dha-foi-210400633-2021,government,yes,"FOI request FA 21/04/00633: subclass 188 activity by stream, July 2018-March 2021",6,0,0,0,applications_received 2; applications_rejected 2; main_applicants_approved 2,route,not_reviewed,,,,
aus-dha-foi-211001119-2021,government,yes,"FOI request FA 21/10/01119: Significant Investor and Investor stream applications and grants by country, nominator and year",96,0,0,0,applications_received 40; main_applicants_approved 36; cbi_rejection_rate 20,nationality; route,not_reviewed,,,,
aus-dha-immi-biip-closure-2026,government,yes,BIIP closure and refunds,0,0,1,0,,,not_reviewed,,,,
aus-dha-immi-investor-stream-2026,government,yes,Investor stream (subclass 188) - visa listing page,0,1,0,0,,,not_reviewed,,,,
aus-dha-immi-piv-2019,government,yes,Business Innovation and Investment (provisional) visa (subclass 188): Premium Investor stream (visa page),0,2,0,0,,,not_reviewed,,,,
aus-dha-immi-repealed-160-165-2026,government,yes,Business Skills (provisional) visas (subclasses 160-165) (repealed visas page),0,0,0,0,,,not_reviewed,,,,
aus-dha-immi-siv-stream-2026,government,yes,Significant Investor stream (subclass 188) - visa listing page,0,1,1,0,,,not_reviewed,,,,
aus-dha-mp-report-2014-15,government,yes,2014-15 Migration Programme Report,3,0,0,0,applications_pending_incl_family 1; applications_received 1; residence_permits_issued 1,,not_reviewed,,,,
aus-dha-mp-report-2015-16,government,yes,2015-16 Migration Programme Report,5,0,1,0,applications_pending_incl_family 2; applications_received 2; residence_permits_issued 1,,not_reviewed,,,,
aus-dha-mp-report-2017-18,government,yes,2017-18 Migration Program Report,3,0,0,0,applications_pending_incl_family 1; applications_received 1; residence_permits_issued 1,,not_reviewed,,,,
aus-dha-mp-report-2018-19,government,yes,2018-19 Migration Program Report,7,0,0,0,applications_received 3; residence_permits_issued 2; applications_pending_incl_family 1; cbi_rejection_rate 1,,not_reviewed,,,,
aus-dha-mp-report-2019-20,government,yes,2019-20 Migration Program Report,6,0,0,0,applications_pending_incl_family 2; applications_received 1; cbi_rejection_rate 1; residence_permits_issued 1; visa_places_planned 1,,not_reviewed,,,,
aus-dha-mp-report-2020-21,government,yes,2020-21 Migration Program Report,6,0,0,0,residence_permits_issued 3; applications_pending_incl_family 1; applications_received 1; cbi_rejection_rate 1,route,not_reviewed,,,,
aus-dha-mp-report-2021-22,government,yes,2021-22 Migration Program Report,5,0,0,0,residence_permits_issued 3; applications_pending_incl_family 1; applications_received 1,route,not_reviewed,,,,
aus-dha-mp-report-2022-23,government,yes,2022-23 Migration Program Report,6,0,0,0,residence_permits_issued 3; applications_pending_incl_family 1; applications_received 1; cbi_rejection_rate 1,route,not_reviewed,,,,
aus-dha-mp-report-2023-24,government,yes,2023-24 Migration Program Report,6,0,1,0,residence_permits_issued 3; applications_pending_incl_family 1; applications_received 1; cbi_rejection_rate 1,route,not_reviewed,,,,
aus-dha-mp-report-2024-25,government,yes,2024-25 Migration Program Report,6,0,1,0,residence_permits_issued 3; applications_pending_incl_family 1; applications_received 1; cbi_rejection_rate 1,route,not_reviewed,,,,
aus-dha-review-migration-system-2023,government,yes,Review of the Migration System: Final Report 2023 (Parkinson review),0,0,1,0,,,not_reviewed,,,,
aus-leg-lin21-041-es-2021,legislation,yes,Explanatory Statement: Migration (Complying Investments) Amendment Instrument (LIN 21/041) 2021,0,0,1,0,,,not_reviewed,,,,
aut-bgbl-ii-2014-39,legislation,yes,"Verordnung der Bundesregierung über das Verfahren zur Erlangung einer Bestätigung gemäß § 10 Abs. 6 des Staatsbürgerschaftsgesetzes 1985, BGBl. II Nr. 39/2014",0,0,1,0,,,not_reviewed,,,,
aut-foi-10-6-2018,ngo,no,Geheimniskrämerei um Staatsbürgerschaften für Promis und Investoren,2,0,1,0,applications_rejected 1; persons_naturalised 1,,not_reviewed,,,,
aut-orf-koloini-2013,media,no,Koloini-Prozess: Vier Freisprüche,0,0,2,0,,,not_reviewed,,,,
aut-orf-scheuch-2012-07,media,no,Schuldspruch für Uwe Scheuch,0,0,1,0,,,not_reviewed,,,,
aut-orf-scheuch-2012-12,media,no,Scheuch: Sieben Monate und Geldstrafe,0,0,1,0,,,not_reviewed,,,,
aut-parl-ab-1617-2018,government,yes,Anfragebeantwortung 1617/AB XXVI. GP: Geheimniskrämerei bei der Vergabe von Staatsbürgerschaften (zu 1634/J),1,0,1,0,persons_naturalised 1,,not_reviewed,,"Priority review: described as holding statistics or tables, but only 1 number(s) extracted.",,
aut-parl-ab-17628-2024,government,yes,Anfragebeantwortung 17628/AB XXVII. GP: Verleihung von Staatsbürgerschaften nach § 10 Abs. 6 StbG (zu 18221/J),2,0,0,0,persons_naturalised 2,,not_reviewed,,,,
aut-parl-ab-4341-2010,government,yes,Anfragebeantwortung 4341/AB XXIV. GP: Verleihung der Staatsbürgerschaft gemäß § 10 Abs. 6 StbG (zu 4378/J),55,0,0,0,applications_received 45; special_interest_cabinet_applications 5; special_interest_confirmations 5,region,not_reviewed,,,,
aut-parl-ab-8483-2011,government,yes,Anfragebeantwortung 8483/AB XXIV. GP: Selbstbestimmungsrecht und doppelte Staatsbürgerschaft für Südtiroler und Südtirolerinnen (zu 8561/J),0,0,1,0,,,not_reviewed,,,,
aut-parl-ab-9520-2022,government,yes,Anfragebeantwortung 9520/AB XXVII. GP: Ehrenstaatsbürgerschaft für Polizeiretter der Terrornacht am 2. November 2020 (zu 9689/J),13,0,0,0,persons_naturalised 13,,not_reviewed,,,,
aut-presse-scheuch-tibet-2010,media,no,Affäre Scheuch: Einbürgerung von Investoren scheiterte,0,0,1,0,,,not_reviewed,,,,
aut-ris-stbg-s10-2026,legislation,yes,"Staatsbürgerschaftsgesetz 1985 (StbG), § 10, consolidated version in force from 12.06.2026 (last amended by BGBl. I Nr. 39/2026)",0,0,0,0,,,not_reviewed,,,,
aut-standard-koloini-2011,media,no,Russische Investoren zahlten für Einbürgerung zweimal an Haider,0,0,1,0,,,not_reviewed,,,,
bgr-capital-2019-01-22,media,no,Правосъдното министерство предлага отмяна на гражданството срещу инвестиции,3,0,1,0,persons_naturalised 3,route,not_reviewed,,,,
bgr-dnes-2021-08-09,media,no,"Колко чужденци са получили ""златни паспорти"" в България?",16,1,1,0,investment_certificates_issued 15; persons_naturalised 1,nationality; route; stage,not_reviewed,,,,
bgr-economy-2022-02-17,media,no,Парламентът отмени възможността за гражданство срещу инвестиции,0,0,1,0,,,not_reviewed,,,,
bgr-economy-2022-03-25,media,no,Парламентът окончателно отмени придобиването на гражданство срещу инвестиция,0,1,1,0,,,not_reviewed,,,,
bgr-lex-zbg-2026,legislation,yes,Закон за българското гражданство (consolidated text),0,0,2,0,,,not_reviewed,,,,
bgr-lex-zchrb-2026,legislation,yes,Закон за чужденците в Република България (consolidated text),0,6,0,0,,,not_reviewed,,,,
bgr-ns-bill-47-202-01-2-2022,legislation,yes,"Законопроект за изменение на Закона за българското гражданство, № 47-202-01-2, с мотиви и Решение № 12 на Министерския съвет от 14 януари 2022 г. (Government bi",0,0,1,0,,,not_reviewed,,,,
bgr-ustreasury-jy0208-2021,government,yes,Treasury Sanctions Influential Bulgarian Individuals and Their Expansive Networks for Engaging in Corruption (press release jy0208),0,0,1,0,,,not_reviewed,,,,
bhr-gdn-2000-benefit-2022,media,no,"2,000 benefit from Golden Visa push",1,0,1,0,long_term_residence_issued 1,,not_reviewed,,,,
bhr-gdn-golden-demand-2022,media,no,Golden Residency Visa demand (NPRA spokesperson),2,0,0,0,applications_received 1; long_term_residence_issued 1,,not_reviewed,,,,
bhr-moi-order-20-2022,legislation,yes,Minister of Interior Order No. (20) of 2022 on granting entry visas and golden residence permits to foreigners in the Kingdom of Bahrain,0,2,1,0,,,not_reviewed,,,,
bhr-moi-press-130k-2025,government,yes,"Bahrain Lowers Minimum Real Estate Investment for Golden Residency to USD 345,000",0,0,1,0,,,not_reviewed,,,,
bhr-npra-golden-property,government,yes,"Golden Residency for Foreigners Owning Real Estate in Bahrain (service page, English)",0,2,0,0,,,not_reviewed,,,,
bhr-npra-golden-property-ar,government,yes,"إصدار الإقامة الذهبية للأجانب أصحاب العقارات في مملكة البحرين (service page, Arabic)",0,0,0,0,,,not_reviewed,,,,
bhr-npra-golden-residency,government,yes,Golden Residency (service page),0,0,0,0,,,not_reviewed,,,,
bhr-pm-res-47-2023,legislation,yes,Prime Minister Resolution No. (47) of 2023 on granting entry visas and platinum residence permits in the Kingdom of Bahrain,0,0,1,0,,,not_reviewed,,,,
bhr-tradearabia-10000-2024,media,no,Bahrain issues over 10 000 Golden Residency permits,1,0,0,0,long_term_residence_issued 1,,not_reviewed,,,,
bhs-ag-imm-amend-bill-2024,legislation,yes,"Immigration (Amendment) Bill, 2024",0,2,1,0,,,not_reviewed,,,,
bhs-doi-ar-2019,government,yes,Department of Immigration Annual Report 2019,3,0,0,0,applications_approved 1; applications_pending 1; applications_rejected 1,permit_type,not_reviewed,,,,
bhs-doi-fee-scale-2026,government,yes,Immigration Fee Scale,0,2,0,0,,,not_reviewed,,,,
bhs-moea-imm-amend-bill-2021,legislation,yes,"Immigration (Amendment) Bill, 2021",0,0,1,0,,,not_reviewed,,,,
bhs-mof-budget-comm-2024,government,yes,Budget Communication 2024/2025,0,2,1,0,,,not_reviewed,,,,
bhs-mofa-pr-page-2026,government,yes,Applying for Permanent Residence,0,0,0,0,,,not_reviewed,,,,
bhs-rtc-accelerated-2011,media,no,Bahamas tightens immigration rules,0,1,1,0,,,not_reviewed,,,,
bhs-tribune-delaney-2021,media,no,Ex-AG: Put real estate residency threshold to $1m,0,0,0,0,,,not_reviewed,,,,
bhs-tribune-epr-2024,media,no,Permanent residency reform labelled 'huge',0,0,1,0,,,not_reviewed,,,,
bhs-tribune-epr-floor-2021,media,no,Govt mulling $1m investment floor for permanent residency,0,0,0,0,,,not_reviewed,,,,
bmu-mel-eic-update-2021,government,yes,Update on the Economic Investment Certificate,3,0,0,0,applications_approved 1; rbi_investment_total 1; residence_permits_issued 1,,not_reviewed,,,,
bmu-mel-eirc-600m-2025,government,yes,EIRC Programme Surpasses $600 Million in Investment,18,0,0,0,applications_approved 6; rbi_investment_total 6; residence_permits_valid 6,route,not_reviewed,,,,
bmu-mel-eirc-bonds-2024,government,yes,Government Updates Investment Options for Economic Investment and Residential Certificates,16,1,1,0,rbi_investment_total 6; applications_approved 5; residence_permits_valid 5,route,not_reviewed,,,,
bmu-mel-eirc-policy-2023,government,yes,The Economic Investment Residential Certificate Policy (January 2023),0,0,0,0,,,not_reviewed,,,,
bmu-mel-eirc-pr-2023,government,yes,Economic Investment and Residential Certificate Policy Continues to Benefit Bermuda's Economy,12,0,0,0,applications_approved 4; rbi_investment_total 4; residence_permits_valid 4,route,not_reviewed,,,,
bmu-mel-ms-eic-2021,government,yes,Ministerial Statement: Economic Investment Certificate,0,2,1,0,,,not_reviewed,,,,
bmu-mel-ms-eirc-revision-2023,government,yes,The Economic Investment and Residential Certificate Policy Revision,2,0,1,0,rbi_investment_total 2,route,not_reviewed,,,,
bmu-mel-yer-2022,government,yes,Ministry of Economy and Labour Year End Review 2022,3,0,0,0,applications_approved 1; rbi_investment_total 1; residence_permits_valid 1,,not_reviewed,,,,
bmu-mel-yir-pr-2024,government,yes,"Ministry of Economy and Labour Releases 2024 Year in Review: Driving Growth, Empowering Bermudians",1,0,0,0,rbi_investment_total 1,,not_reviewed,,,,
bmu-parl-ms-eic-2022,government,yes,Ministerial Statement: Update on Economic Investment Certificate in Bermuda (15 July 2022),5,0,0,0,rbi_investment_total 3; applications_approved 1; residence_permits_issued 1,route,not_reviewed,,,,
bra-agenciagov-imoveis-2024,government,yes,Imigrantes investiram R$ 283 milhões em imóveis no Brasil em 2024,6,1,0,0,rbi_investment_total 6,nationality; route,not_reviewed,,,,
bra-dou-rn-13-2017,legislation,yes,"Resolução Normativa nº 13, de 12 de dezembro de 2017 (Conselho Nacional de Imigração): autorização de residência para investimento de pessoa física em pessoa ju",0,2,0,0,,,not_reviewed,,,,
bra-dou-rn-36-2018,legislation,yes,"Resolução Normativa nº 36, de 9 de outubro de 2018 (Conselho Nacional de Imigração): autorização de residência em decorrência de investimento imobiliário",0,1,0,0,,,not_reviewed,,,,
bra-obmigra-cgil-2t2019,government,yes,"Autorizações de residência concedidas a imigrantes, Relatório 2º Trimestre (abr-jun) 2019",4,0,0,0,rbi_investment_total 2; residence_permits_issued 2,route,not_reviewed,,,,
bra-obmigra-relatorio-anual-2022,government,yes,Relatório Anual OBMigra 2022 (chapter on residence authorisations for qualified workers and investors),14,0,0,0,residence_permits_issued 14,route,not_reviewed,,,,
bra-obmigra-relatorio-anual-2025,government,yes,Relatório Anual OBMigra 2025 (chapter on qualified workers and foreign investors),32,3,2,0,residence_permits_issued 24; rbi_investment_total 8,nationality; route,not_reviewed,,,,
brb-bizbarbados-serp-2025,media,no,Making Residency a Reality in Barbados,0,1,0,0,,,not_reviewed,,,,
brb-imm-sep-page-2026,government,yes,Requirements for Special Entry Permit,0,1,0,0,,,not_reviewed,,,,
bwa-dailynews-cbi-bill-2025,government,yes,Botswana Considers Citizenship by Investment,0,0,1,0,,,not_reviewed,,,,
bwa-dailynews-parliament-2025,government,yes,Parliament Approves Citizenship Amendment Bill,0,0,1,0,,,not_reviewed,,,,
bwa-gazette-bill-35-2025,legislation,yes,"National Registration (Amendment) Bill, 2025 (Bill No. 35 of 2025), Supplement B, Botswana Government Extraordinary Gazette, 12 December 2025",0,0,1,0,,,not_reviewed,,,,
bwa-yourbotswana-mou-2025,media,no,Botswana signs agreement to launch Citizenship By Investment Programme,0,0,1,0,,,not_reviewed,,,,
can-cbc-iivc-2016,media,no,Millionaire immigrant investor program lures only 7 instead of 60,1,0,0,0,applications_pending 1,,not_reviewed,,,,
can-cic-eval-bip-2014,government,yes,Evaluation of the Federal Business Immigration Program,47,2,4,0,rbi_investment_total 12; applications_approved 6; applications_received 6; applications_rejected 6; applications_withdrawn 6; main_applicants_approved 6; applications_pending_incl_family 5,applicant,not_reviewed,,,,
can-fca-jia-2015,court,yes,"Jia v. Canada (Citizenship and Immigration), 2015 FCA 146 (A-320-14), judgment of 15 June 2015",0,0,1,0,,,not_reviewed,,,,
can-fin-budget-2014,government,yes,The Road to Balance: Creating Jobs and Opportunities. Economic Action Plan 2014 (Budget 2014),0,0,1,0,,,not_reviewed,,,,
can-gazette-mi-iivc-2015,legislation,yes,"Canada Gazette, Part I, Vol. 149, No. 4 (24 January 2015): Ministerial Instructions Respecting the Immigrant Investor Venture Capital Class",0,1,1,0,,,not_reviewed,,,,
can-goq-am-2018-001,legislation,yes,"Arrêté numéro AM 2018-001 du ministre de l'Immigration, de la Diversité et de l'Inclusion en date du 19 mars 2018 (Gazette officielle du Québec, 28 mars 2018, n",1,0,1,0,applications_pending 1,,not_reviewed,,,,
can-goq-am-2018-009,legislation,yes,"Arrêté numéro AM 2018-009 du ministre de l'Immigration, de la Diversité et de l'Inclusion en date du 10 juillet 2018 (Gazette officielle du Québec, 1er août 201",0,0,1,0,,,not_reviewed,,,,
can-goq-am-2019-001,legislation,yes,"Arrêté numéro 2019-001 du ministre de l'Immigration, de la Diversité et de l'Inclusion en date du 4 janvier 2019 (Gazette officielle du Québec, 16 janvier 2019,",0,0,1,0,,,not_reviewed,,,,
can-goq-am-2019-007,legislation,yes,"Arrêté numéro AM 2019-007 du ministre de l'Immigration, de la Francisation et de l'Intégration en date du 22 octobre 2019 (Gazette officielle du Québec, 30 octo",0,0,1,0,,,not_reviewed,,,,
can-goq-am-2020-001,legislation,yes,"Arrêté numéro 2020-001 du ministre de l'Immigration, de la Francisation et de l'Intégration en date du 8 mai 2020 (Gazette officielle du Québec, 20 mai 2020)",0,0,1,0,,,not_reviewed,,,,
can-goq-am-2021-007,legislation,yes,"Arrêté numéro 2021-007 de la ministre de l'Immigration, de la Francisation et de l'Intégration (Gazette officielle du Québec, 31 mars 2021, no 13)",0,0,1,0,,,not_reviewed,,,,
can-goq-riq-dec1570-2023,legislation,yes,"Décret 1570-2023 du 25 octobre 2023: Règlement modifiant le Règlement sur l'immigration au Québec (Gazette officielle du Québec, 8 novembre 2023, no 45)",0,2,1,0,,,not_reviewed,,,,
can-goq-riq-draft-2018,legislation,yes,"Projet de règlement: Règlement sur l'immigration au Québec (Gazette officielle du Québec, 28 mars 2018, no 13)",0,1,0,0,,,not_reviewed,,,,
can-iq-access-iip-2026,government,yes,Réponse à une demande d'accès à l'information du 30 janvier 2026 (N/D 1-310-039): valeur des contributions des immigrants investisseurs au Programme des immigra,12,0,0,0,rbi_investment_total 10; cbi_contributions 2,,not_reviewed,,,,
can-ircc-ff2015-pr-category,government,yes,Facts & Figures 2015: Immigration Overview - Permanent Residents. Canada - Permanent residents by category (IRCC_FFPR_02_E),10,0,0,0,residence_permits_issued 10,,not_reviewed,,,,
can-ircc-ff2015-pr-category-pa,government,yes,Facts & Figures 2015: Immigration Overview - Permanent Residents. Canada - Permanent residents by category (principal applicants) (IRCC_FFPR_05_E),10,0,0,0,main_applicants_approved 10,applicant,not_reviewed,,,,
can-ircc-iivc-closure-2021,government,yes,Program delivery update: Removing the no longer active Immigrant Investor Venture Capital class program from the permanent resident programs list (29 January 20,0,0,1,0,,,not_reviewed,,,,
can-ircc-mi19-2015,government,yes,Ministerial Instructions 19 (MI19): Instructions respecting the Immigrant Investor Venture Capital Class,0,0,1,0,,,not_reviewed,,,,
can-ircc-pr-citzcat-2026,government,yes,"Canada - Admissions of Permanent Residents by Country of Citizenship and Immigration Category, January 2015 - July 2026 (EN_ODP-PR-CitzImmCat.xlsx)",105,0,0,0,residence_permits_issued 105,nationality,not_reviewed,,,,
can-ircc-pr-provcat-2026,government,yes,"Canada - Admissions of Permanent Residents by Province/Territory of Intended Destination and Immigration Category, January 2015 - July 2026 (EN_ODP-PR-ProvImmCa",22,0,0,0,residence_permits_issued 22,destination,not_reviewed,,,,
can-justice-eap2014-act1,legislation,yes,"Economic Action Plan 2014 Act, No. 1 (S.C. 2014, c. 20), full text",0,0,1,0,,,not_reviewed,,,,
can-mifi-air-riq-2023,government,yes,Analyse d'impact réglementaire: Règlement modifiant le Règlement sur l'immigration au Québec (modifications aux programmes d'immigration économique...),3,0,1,0,applications_received 1; rbi_intermediary_income 1; residence_status_retained_pct 1,,not_reviewed,,,,
che-bbl-2011-6021,government,yes,Botschaft zum Bundesgesetz über die Besteuerung nach dem Aufwand vom 29. Juni 2011 (BBl 2011 6021),0,0,0,0,,,not_reviewed,,,,
che-blick-2026-08-23,media,no,"Blick hat alle Kantone ausgewertet: Immer weniger Pauschalbesteuerte, aber trotzdem mehr Steuereinnahmen",1,0,0,0,lump_sum_taxpayers 1,,not_reviewed,,,,
che-fdk-mm-aufwandbesteuerung-2019,government,yes,"Die Besteuerung nach dem Aufwand bringt höhere Erträge trotz weniger Fällen (Medienmitteilung, with annex: Ergebnisse der Umfragen in den Kantonen zur Aufwandbe",12,0,1,0,lump_sum_tax_revenue 6; lump_sum_taxpayers 6,,not_reviewed,,,,
che-fedlex-dbg-2016,legislation,yes,"Bundesgesetz über die direkte Bundessteuer (DBG, SR 642.11), consolidated version of 1 January 2016",0,1,1,0,,,not_reviewed,,,,
che-fedlex-dbg-2025,legislation,yes,"Bundesgesetz über die direkte Bundessteuer (DBG, SR 642.11), consolidated version of 1 January 2025",0,1,0,0,,,not_reviewed,,,,
che-fedlex-dbg-2026,legislation,yes,"Bundesgesetz über die direkte Bundessteuer (DBG, SR 642.11), consolidated version of 2 September 2026",0,1,0,0,,,not_reviewed,,,,
che-fedlex-vzae-2026,legislation,yes,"Verordnung über Zulassung, Aufenthalt und Erwerbstätigkeit (VZAE, SR 142.201), consolidated version of 1 October 2026",0,0,0,0,,,not_reviewed,,,,
che-swissvotes-587,academic,no,"Swissvotes: Volksinitiative ""Schluss mit den Steuerprivilegien für Millionäre (Abschaffung der Pauschalbesteuerung)"", vote of 30 November 2014 (Kurzbeschreibung",0,0,1,0,,,not_reviewed,,,,
com-bbc-2014-11-10,media,no,Kuwait's stateless Bidun 'offered Comoros citizenship',0,0,1,0,,,not_reviewed,,,,
com-france24-2018-04-10,media,no,Comoros ex-presidents embroiled in passport sale scandal,1,1,0,0,cbi_revenue_missing 1,,not_reviewed,,,,
com-guardian-2015,media,no,The bizarre scheme to transform a remote island into the new Dubai,3,0,2,0,cbi_fiscal_revenue 2; cbi_court_award 1,,not_reviewed,,,,
com-imf-art4-2012,imf,yes,"Union of the Comoros: Staff Report for the 2012 Article IV Consultation, Fourth Review Under the Three-Year Arrangement Under the Extended Credit Facility, and ",7,1,0,0,cbi_fiscal_revenue_pct_gdp 7,,not_reviewed,,,,
com-imf-art4-2014,imf,yes,Union of the Comoros: Staff Report for the 2014 Article IV Consultation (IMF Country Report No. 15/34),1,0,0,0,cbi_fiscal_revenue_pct_gdp 1,,not_reviewed,,,,
com-imf-cr-09-307,imf,yes,Comoros: Assessment of Performance Under the Program Supported by Emergency Post-Conflict Assistance and Request for a Three-Year Arrangement Under the Poverty ,1,0,0,0,cbi_fiscal_revenue_pct_gdp 1,,not_reviewed,,,,
com-imf-hipc-cp-2013,imf,yes,Union of the Comoros: Enhanced Initiative for Heavily Indebted Poor Countries: Completion Point Document and Multilateral Debt Relief Initiative (IMF Country Re,0,0,0,0,,,not_reviewed,,,,
com-lefigaro-2022-11-21,media,no,Comores : l'ancien président Sambi jugé pour «haute trahison»,0,0,1,0,,,not_reviewed,,,,
com-reuters-2018-01-20,media,no,Comoros says abuse of passports-for-cash scheme worries Gulf allies,3,0,1,0,cbi_inflows 1; citizenships_revoked 1; persons_naturalised 1,,not_reviewed,,,,
com-reuters-2018-03-23,media,no,"Exclusive: Comoros passport scheme was unlawful, abused by 'mafia' networks - report",3,2,3,0,passports_issued 2; cbi_revenue_missing 1,route,not_reviewed,,,,
com-reuters-2018-06-29,media,no,"As sanctions bit, Iranian executives bought African passports",1,0,0,0,passports_issued 1,birthplace,not_reviewed,,,,
com-reuters-2018-08-21,media,no,Ex-Comoros president charged with graft in connection to passports scheme,0,0,1,0,,,not_reviewed,,,,
com-rfi-2022-11-28,media,no,Comores: l'ex-président Ahmed Abdallah Sambi condamné à la prison à perpétuité,1,0,1,0,cbi_revenue_missing 1,,not_reviewed,,,,
com-voa-2018-04-10,media,no,Deux ex-présidents au coeur d'un scandale de vente de passeports aux Comores,2,0,0,0,cbi_revenue_missing 1; passports_issued 1,,not_reviewed,,,,
cpv-bo-lei-30-ix-2018,legislation,no,"Lei n.º 30/IX/2018, de 23 de abril: cria o Green Card - Autorização de Residência Permanente (Boletim Oficial, I Série, n.º 23)",0,2,1,0,,,not_reviewed,,,,
cpv-bo-lei-33-x-2023,legislation,no,"Lei n.º 33/X/2023, de 22 de agosto: condições de atribuição, aquisição, perda e reaquisição da nacionalidade cabo-verdiana (Boletim Oficial, I Série, n.º 89)",0,0,1,0,,,not_reviewed,,,,
cri-gaceta-ley9996-2021,legislation,yes,"La Gaceta No. 135, 14 de julio de 2021: Ley No. 9996, Ley para la atracción de inversionistas, rentistas y pensionados",0,1,2,0,,,not_reviewed,,"Priority review: described as holding statistics or tables, but only 0 number(s) extracted.",,
cri-tse-reglamento-extranjeria-2012,legislation,yes,"Reglamento de Extranjería, Decreto Ejecutivo No. 37112-GOB (Alcance 64 a La Gaceta 95, 17 de mayo de 2012)",0,1,0,0,,,not_reviewed,,,,
cym-govky-fees-consult-2026,government,yes,Public Consultation Opens on Update to Immigration Application Fees,0,0,0,0,,,not_reviewed,,,,
cym-govky-readiness-2026,government,yes,Government Committed to Full Readiness for Immigration Law Changes,0,0,0,0,,,not_reviewed,,,,
cym-imm-amend-law-2012,legislation,yes,"The Immigration (Amendment) Law, 2012 (Law 2 of 2012)",0,0,1,0,,,not_reviewed,,,,
cym-imm-amend2-regs-2012,legislation,yes,"The Immigration (Amendment) (No. 2) Regulations, 2012",0,3,0,0,,,not_reviewed,,,,
cym-imm-amend4-regs-2017,legislation,yes,"The Immigration (Amendment) (No. 4) Regulations, 2017",0,2,1,0,,,not_reviewed,,,,
cym-imm-regs-2014rev,legislation,yes,Immigration Regulations (2014 Revision),0,4,0,0,,,not_reviewed,,,,
cym-imm-regs-2018rev,legislation,yes,Immigration Regulations (2018 Revision),0,0,0,0,,,not_reviewed,,,,
cym-imm-trans-amend-act-2025,legislation,yes,"Immigration (Transition) (Amendment and Validation) Act, 2025 (Act 14 of 2025)",0,0,1,0,,,not_reviewed,,,,
cym-mcei-amend-summary-2025,government,yes,"Summary of Amendments: Immigration (Transition) (Amendment and Validation) Act, 2025",0,0,0,0,,,not_reviewed,,"Priority review: described as holding statistics or tables, but only 0 number(s) extracted.",,
cym-mcei-fees-regs-draft-2026,government,yes,"Immigration (Transition) (Fees) Regulations, 2026 - Consultation Draft",0,0,1,0,,,not_reviewed,,,,
cym-parl-imm-transition-bill-2018,legislation,yes,"The Immigration (Transition) Bill, 2018",0,0,1,0,,,not_reviewed,,,,
cyp-aljazeera-abolition-2020,media,no,Cyprus abolishes citizenship through investment programme,0,0,0,0,,,not_reviewed,,,,
cyp-aljazeera-cyprus-papers-2020,media,no,Exclusive: Cyprus sold passports to criminals and fugitives,1,0,1,0,cbi_inflows 1,,not_reviewed,,,,
cyp-aljazeera-explainer-2020,media,no,Explainer: What are The Cyprus Papers?,0,0,0,0,,,not_reviewed,,,,
cyp-aljazeera-speaker-2020,media,no,Cyprus House speaker resigns following Al Jazeera investigation,1,0,1,0,cbi_inflows 1,,not_reviewed,,,,
cyp-audit-cip-2020-09,government,yes,Έλεγχος για την παραχώρηση κυπριακής υπηκοότητας στο πλαίσιο του Κυπριακού Επενδυτικού Προγράμματος (Audit of the granting of Cypriot citizenship under the Cypr,4,2,1,0,applications_approved 1; applications_pending 1; applications_received 1; applications_rejected 1,,not_reviewed,,,,
cyp-audit-cip-2020-11-en,government,yes,"Audit of granting Cypriot citizenship to company executives within the framework of the Cyprus Investment Programme, Special Report ΥΠΕΣ/04/2020 (Executive Summ",0,0,1,0,,,not_reviewed,,,,
cyp-audit-cip-2022,government,yes,"Έλεγχος του Κυπριακού Επενδυτικού Προγράμματος, Ειδική Έκθεση αρ. ΥΠΕΣ/01/2022 (Audit of the Cyprus Investment Programme, Special Report ΥΠΕΣ/01/2022)",30,0,11,0,main_applicants_approved 16; applications_approved_by_filing_year 9; cbi_revenue_loss_estimate 2; dependants_naturalised 2; persons_naturalised 1,applicant; item,not_reviewed,,,,
cyp-audit-rp-announcement-2023,government,yes,Ειδική έκθεση της Ελεγκτικής Υπηρεσίας με θέμα «Κανονιστικός έλεγχος προγράμματος ταχείας χορήγησης άδειας μετανάστευσης σε υπηκόους τρίτων χωρών που επενδύουν ,0,0,1,0,,,not_reviewed,,,,
cyp-crmd-rp-criteria-2023,government,yes,Κριτήρια που αφορούν στην ταχεία διαδικασία χορήγησης Άδειας Μετανάστευσης σε αιτητές που είναι υπήκοοι τρίτων χωρών και επενδύουν στην Κύπρο - Τέταρτη Αναθεώρη,0,6,0,0,,,not_reviewed,,,,
cyp-ec-inf-21-2743,eu,yes,"June infringements package: key decisions (INF/21/2743), section 'Investor citizenship schemes: European Commission urges CYPRUS and MALTA to stop selling EU ci",0,0,2,0,,,not_reviewed,,,,
cyp-ec-ip-22-2068,eu,yes,'Golden passport' schemes: Commission proceeds with infringement case against MALTA (IP/22/2068),1,0,1,0,investors_revoked 1,,not_reviewed,,,,
cyp-inquiry-cip-2021,government,yes,Έκθεση της Ερευνητικής Επιτροπής των κατ' εξαίρεση πολιτογραφήσεων αλλοδαπών επενδυτών και επιχειρηματιών (Report of the Inquiry Committee into exceptional natu,26,44,7,0,persons_naturalised 16; cbi_inflows 6; main_applicants_approved 2; dependants_naturalised 1; irregular_naturalisations_detected 1,applicant; route,not_reviewed,,,,
cyp-kdp-379-2020,legislation,yes,Οι περί Τιμητικής Πολιτογράφησης για Λόγους Δημοσίου Συμφέροντος και Πολιτογράφησης Αλλοδαπών Επιχειρηματιών ή Επενδυτών Κανονισμοί του 2020 (Κ.Δ.Π. 379/2020),0,4,0,0,,,not_reviewed,,,,
cyp-law-113-2020,legislation,yes,"Ο περί Αρχείου Πληθυσμού (Τροποποιητικός) (Αρ. 2) Νόμος του 2020, Ν. 113(Ι)/2020",0,0,1,0,,,not_reviewed,,,,
cyp-law-36-2013,legislation,yes,"Ο περί Αρχείου Πληθυσμού (Τροποποιητικός) Νόμος του 2013, Ν. 36(Ι)/2013",0,0,0,0,,,not_reviewed,,,,
cyp-lawoffice-adminappeal-2026,government,yes,Διοικητικό Εφετείο: Δεκτό το αίτημα του Γενικού Εισαγγελέα για παραπομπή στο Ανώτατο Συνταγματικό Δικαστήριο της έφεσης της Δημοκρατίας αναφορικά με την απόρριψ,0,0,1,0,,,not_reviewed,,,,
cyp-lawoffice-admincourt-interpol-2025,government,yes,Αρνητική η απόφαση του Διοικητικού Δικαστηρίου στην αίτηση προσώπου να μην απωλέσει την κυπριακή υπηκοότητα μέχρι την εκδίκαση της προσφυγής του,0,0,1,0,,,not_reviewed,,,,
cyp-lawoffice-admincourt-sanctions-2025,government,yes,Διοικητικό Δικαστήριο: «Όχι» σε αναστολή εκτέλεσης της Απόφασης του Υπουργικού για αποστέρηση της κυπριακής υπηκοότητας από πρόσωπα που βρίσκονται στον κατάλογο,0,0,2,0,,,not_reviewed,,,,
cyp-lawoffice-assize-2025,government,yes,Ανακοίνωση της Νομικής Υπηρεσίας σχετικά με σημερινή απόφαση του Μόνιμου Κακουργιοδικείου Λευκωσίας,0,0,1,0,,,not_reviewed,,,,
cyp-lawoffice-ec-closure-2026,government,yes,The European Commission closed the infringement procedure against Cyprus in relation to the Cyprus Investment Program,0,0,1,0,,,not_reviewed,,,,
cyp-lawoffice-supremecourt-warrant-2025,government,yes,"«Όχι» Ανωτάτου για ακύρωση εντάλματος έρευνας σε δικηγορική εταιρεία, για υπόθεση που σχετίζεται με τις κατ' εξαίρεση πολιτογραφήσεις στο πλαίσιο του ΚΕΠ",0,0,1,0,,,not_reviewed,,,,
cyp-moi-revocations-2025,government,yes,Ανακάλεσε την κυπριακή υπηκοότητα από 150 πρόσωπα η Κυβέρνηση,8,0,1,0,revocations_decided 6; citizenships_revoked 2,applicant,not_reviewed,,,,
cyp-moi-rp-audit-response-2023,government,yes,Ανακοίνωση Υπουργείου Εσωτερικών για την Ειδική Έκθεση της Ελεγκτικής Υπηρεσίας για το Πρόγραμμα ταχείας χορήγησης άδειας μετανάστευσης σε υπηκόους τρίτων χωρών,0,0,0,0,,,not_reviewed,,,,
cyp-moi-rp-criteria-2023,government,yes,Ανακοίνωση του Υπουργείου Εσωτερικών για τα αναθεωρημένα κριτήρια ταχείας διαδικασίας χορήγησης άδειας μετανάστευσης σε αιτητές υπηκόους τρίτων χωρών που επενδύ,0,1,1,0,,,not_reviewed,,,,
cyp-presidency-spokesman-deprivation-2025,government,yes,Δηλώσεις του Κυβερνητικού Εκπροσώπου για τη διαδικασία αποστέρησης της κυπριακής υπηκοότητας,1,0,1,0,revocations_decided 1,,not_reviewed,,,,
cyp-presidency-spokesman-ec-2026,government,yes,Δηλώσεις του Κυβερνητικού Εκπροσώπου για την απόφαση της Ευρωπαϊκής Επιτροπής για το πρώην Επενδυτικό Πρόγραμμα της Κύπρου,1,0,0,0,revocations_decided 1,,not_reviewed,,,,
dma-budget-address-2015-16,government,yes,Budget Address 2015-2016,1,0,0,0,cbi_fiscal_revenue 1,,not_reviewed,,,,
dma-budget-address-2016-17,government,yes,Budget Address 2016-2017,3,0,0,0,cbi_fiscal_revenue 3,,not_reviewed,,,,
dma-budget-address-2017-18,government,yes,Budget Address 2017-2018,3,0,0,0,cbi_fiscal_revenue 2; cbi_inflows 1,,not_reviewed,,,,
dma-budget-address-2018-19,government,yes,Budget Address 2018-2019,1,0,1,0,cbi_fiscal_revenue 1,,not_reviewed,,,,
dma-budget-address-2019-20,government,yes,Budget Address 2019-2020,1,0,0,0,cbi_fiscal_revenue 1,,not_reviewed,,,,
dma-budget-address-2022-23,government,yes,Budget Address 2022-2023,0,0,0,0,,,not_reviewed,,,,
dma-budget-address-2023-24,government,yes,Budget Address 2023-2024: Resetting to Ensure the Judicious use of Government’s limited resources,0,1,1,0,,,not_reviewed,,,,
dma-budget-address-2024-25,government,yes,Budget Address 2024-2025,1,0,0,0,cbi_fiscal_revenue 1,,not_reviewed,,,,
dma-budget-address-2025-26,government,yes,Budget Address 2025/2026,2,0,0,0,cbi_fiscal_revenue 1; cbi_fiscal_revenue_pct_revenue 1,,not_reviewed,,,,
dma-budget-address-2026-27,government,yes,Budget Address 2026/2027: Protecting Our Progress. Strengthening Our Independence. Securing Our Future,0,0,1,0,,,not_reviewed,,,,
dma-caribbean360-2026-08,media,no,Dominica unveils diaspora citizenship plan as CBI revenue under threat,1,0,0,0,cbi_fiscal_revenue_pct_revenue 1,,not_reviewed,,,,
dma-cbiu-brochure-2024,government,yes,Dominica Citizenship by Investment Unit brochure 2024,0,1,1,0,,,not_reviewed,,,,
dma-cbiu-re-brochure-2024,government,yes,Dominica Citizenship by Investment Unit real estate brochure 2024,0,0,0,0,,,not_reviewed,,,,
dma-crs-in12631-2025,government,yes,"Expanded “Travel Ban” to Take Effect January 1, 2026 (CRS Insight IN12631)",0,0,1,0,,,not_reviewed,,,,
dma-eu-reg-2025-2441,eu,yes,Regulation (EU) 2025/2441 amending Regulation (EU) 2018/1806 as regards the revision of the visa suspension mechanism,0,0,1,0,,,not_reviewed,,,,
dma-imf-art4-2016,imf,yes,Dominica: 2016 Article IV Consultation - Press Release; Staff Report; and Statement by the Executive Director for Dominica (IMF Country Report No. 16/244),7,0,1,0,cbi_fiscal_revenue_pct_gdp 4; cbi_fiscal_revenue 3,,not_reviewed,,,,
dma-imf-art4-2017,imf,yes,Dominica: 2017 Article IV Consultation - Press Release and Staff Report (IMF Country Report No. 17/391),5,0,0,0,cbi_fiscal_revenue_pct_gdp 2; cbi_inflows_pct_gdp 2; cbi_fiscal_revenue 1,,not_reviewed,,,,
dma-imf-art4-2018,imf,yes,Dominica: 2018 Article IV Consultation - Press Release and Staff Report (IMF Country Report No. 18/265),14,1,2,0,cbi_fiscal_revenue 7; cbi_fiscal_revenue_pct_gdp 7,,not_reviewed,,,,
dma-imf-art4-2021,imf,yes,Dominica: 2021 Article IV Consultation - Press Release; Staff Report; and Statement by the Executive Director for Dominica (IMF Country Report No. 22/40),10,0,0,0,cbi_fiscal_revenue_pct_gdp 6; cbi_fiscal_revenue 4,,not_reviewed,,,,
dma-imf-art4-2023,imf,yes,Dominica: 2023 Article IV Consultation - Press Release; and Staff Report for Dominica (IMF Country Report No. 23/246),3,0,0,0,cbi_fiscal_revenue_pct_gdp 2; cbi_fiscal_revenue 1,,not_reviewed,,,,
dma-imf-art4-2024,imf,yes,Dominica: 2024 Article IV Consultation - Press Release; Staff Report; and Statement by the Executive Director for Dominica (IMF Country Report No. 24/192),13,0,0,0,cbi_inflows_pct_gdp 4; cbi_fiscal_revenue 3; cbi_fiscal_revenue_pct_gdp 3; cbi_inflows 3,,not_reviewed,,,,
dma-imf-art4-2025,imf,yes,Dominica: 2025 Article IV Consultation - Press Release; and Staff Report (IMF Country Report No. 25/130),15,0,0,0,cbi_fiscal_revenue_pct_gdp 5; cbi_inflows_pct_gdp 4; cbi_fiscal_revenue 3; cbi_inflows 3,,not_reviewed,,,,
dma-imf-art4-2026,imf,yes,Dominica: 2026 Article IV Consultation - Press Release; Staff Report; and Statement by the Executive Director for Dominica (IMF Country Report No. 26/117),22,0,0,0,cbi_inflows 6; cbi_inflows_pct_gdp 6; cbi_fiscal_revenue 5; cbi_fiscal_revenue_pct_gdp 5,,not_reviewed,,,,
dma-imf-wp-15-93,imf,yes,Too Much of a Good Thing? Prudent Management of Inflows under Economic Citizenship Programs (IMF Working Paper WP/15/93),1,1,0,0,cbi_fiscal_revenue_pct_gdp 1,,not_reviewed,,"Priority review: described as holding statistics or tables, but only 1 number(s) extracted.",,
dma-imidaily-2024-09,industry,no,Dominica CBI Revenues at 37% of GDP: IMF Warns of “Over-Reliance”,1,0,0,0,cbi_fiscal_revenue_pct_gdp 1,,not_reviewed,,,,
dma-mof-estimates-2013-14,government,yes,Recurrent Revenue Estimates 2013/2014 (Estimates of Revenue and Expenditure for the fiscal year ending 30 June 2014),4,0,0,0,cbi_fiscal_revenue 4,,not_reviewed,,,,
dma-mof-estimates-2016-17,government,yes,Estimates 2016/2017: Recurrent Revenue Estimates (part 03 of the Estimates volume),3,0,0,0,cbi_fiscal_revenue 3,,not_reviewed,,,,
dma-mof-estimates-2017-18,government,yes,Estimates 2017/2018: Recurrent Revenue Estimates (part 05 of the Estimates volume),3,0,0,0,cbi_fiscal_revenue 3,,not_reviewed,,,,
dma-mof-estimates-2018-19,government,yes,Estimates 2018/2019 (approved estimates),3,0,0,0,cbi_fiscal_revenue 3,,not_reviewed,,,,
dma-mof-estimates-2019-20,government,yes,Estimates 2019/2020 (draft estimates),3,0,0,0,cbi_fiscal_revenue 3,,not_reviewed,,,,
dma-mof-estimates-2020-21,government,yes,Estimates 2020/2021 (budget estimates),3,0,0,0,cbi_fiscal_revenue 3,,not_reviewed,,,,
dma-mof-estimates-2021-22,government,yes,"Estimates 2021/2022 (draft estimates, complete)",3,0,0,0,cbi_fiscal_revenue 3,,not_reviewed,,,,
dma-mof-estimates-2022-23,government,yes,Estimates 2022/2023,3,0,0,0,cbi_fiscal_revenue 3,,not_reviewed,,,,
dma-mof-estimates-2023-24,government,yes,Estimates 2023/2024,3,0,0,0,cbi_fiscal_revenue 3,,not_reviewed,,,,
dma-mof-estimates-2023-24-final,government,yes,Estimates 2023/2024 (final version),1,0,0,0,cbi_fiscal_revenue 1,,not_reviewed,,,,
dma-mof-estimates-2024-25,government,yes,Estimates 2024/2025,2,0,0,0,cbi_fiscal_revenue 2,,not_reviewed,,,,
dma-mof-estimates-2025-26,government,yes,Estimates 2025/2026,2,0,0,0,cbi_fiscal_revenue 2,,not_reviewed,,,,
dma-occrp-2023,media,no,"Implausible Budget Numbers, Undisclosed Names Raise Red Flags about Dominica’s Citizenship-By-Investment Program",7,0,1,0,persons_naturalised 4; cbi_inflows 2; cbi_fiscal_revenue 1,,not_reviewed,,,,
dma-oecs-cbi-moa-2024,international_org,yes,"Memorandum of Agreement on Citizenship by Investment Programmes (signed, scanned)",0,0,0,0,,,not_reviewed,,,,
dma-oecs-moa-release-2024,international_org,yes,Caribbean countries pressing forward with the implementation of the Memorandum of Agreement on Citizenship by Investment Programmes (OECS media release),0,1,2,0,,,not_reviewed,,,,
dma-searchlight-2026-07,media,no,EU gives OECS countries deadline to phase out CBI programmes,0,0,1,0,,,not_reviewed,,,,
dma-sro1-2024,legislation,yes,Commonwealth of Dominica Citizenship by Investment Regulations 2024 (S.R.O. 1 of 2024),0,2,1,0,,,not_reviewed,,,,
dma-sro23-2017,legislation,yes,"Commonwealth of Dominica Citizenship by Investment (Amendment) Regulations, 2017 (S.R.O. 23 of 2017)",0,2,1,0,,,not_reviewed,,,,
dma-sro37-2014,legislation,yes,"Commonwealth of Dominica Citizenship by Investment Regulations, 2014 (S.R.O. 37 of 2014)",0,2,1,0,,,not_reviewed,,,,
dma-sro38-2016,legislation,yes,Commonwealth of Dominica Citizenship by Investment (Amendment) Regulations 2016 (S.R.O. 38 of 2016),0,0,0,0,,,not_reviewed,,,,
dma-sro8-2024,legislation,yes,Commonwealth of Dominica Citizenship by Investment Regulations (S.R.O. 8 of 2024),0,3,1,0,,,not_reviewed,,,,
dma-uk-hcws979-2023,government,yes,"Written statement HCWS979: Statement of Changes in Immigration Rules (Imposition of a Visa Regime on Dominica, Honduras, Namibia, Timor-Leste, and Vanuatu)",0,0,1,0,,,not_reviewed,,,,
dom-diariolibre-2021,media,no,Migración agilizará residencia dominicana a inversionistas,0,0,1,0,,,not_reviewed,,,,
dom-presidencia-vui-2024,government,yes,ProDominicana incorpora trámites de residencia por inversión al sistema Ventanilla Única de Inversión,0,0,1,0,,,not_reviewed,,,,
egy-aljazeera-opinion-2023,media,no,جدوى منح الجنسية المصرية مقابل ودائع دولارية,0,0,1,0,,,not_reviewed,,,,
egy-aljazeera-terms-2023,media,no,تعديلات وقرارات جديدة.. أربع حالات لنيل الجنسية المصرية,0,5,0,0,,,not_reviewed,,,,
egy-ecu-about-2026,government,yes,من نحن - الجنسية المصرية بالبرامج الاستثمارية (About the unit),0,0,1,0,,,not_reviewed,,,,
egy-ecu-faq-2026,government,yes,الأسئلة المتكررة (FAQ),0,0,0,0,,,not_reviewed,,,,
egy-ecu-programmes-2026,government,yes,البرامج الاستثمارية - الجنسية المصرية بالبرامج الاستثمارية (Investment programmes page),0,0,0,0,,,not_reviewed,,,,
egy-ecu-steps-2026,government,yes,خطوات الحصول على الجنسية المصرية (Steps),0,0,0,0,,,not_reviewed,,,,
egy-egyptindependent-2018,media,no,Egypt Parliament approves granting nationality to foreign residents for LE7 million deposit,0,0,1,0,,,not_reviewed,,,,
egy-gazette-pmd-1321-2022,legislation,yes,قرار رئيس مجلس الوزراء رقم 1321 لسنة 2022 (Prime Minister's Decree No. 1321 of 2022 granting Egyptian nationality),1,0,0,0,persons_naturalised 1,item,not_reviewed,,,,
egy-gazette-pmd-1323-2022,legislation,yes,قرار رئيس مجلس الوزراء رقم 1323 لسنة 2022 (Prime Minister's Decree No. 1323 of 2022 granting Egyptian nationality),1,0,0,0,persons_naturalised 1,item,not_reviewed,,,,
egy-gazette-pmd-2653-2022,legislation,yes,قرار رئيس مجلس الوزراء رقم 2653 لسنة 2022 (Prime Minister's Decree No. 2653 of 2022 granting Egyptian nationality),1,0,0,0,persons_naturalised 1,item,not_reviewed,,,,
egy-gazette-pmd-3099-2019,legislation,yes,قرار رئيس مجلس الوزراء رقم 3099 لسنة 2019 بتنظيم حالات منح الجنسية المصرية للأجانب (Prime Minister's Decree No. 3099 of 2019 regulating the grant of Egyptian na,0,5,1,0,,,not_reviewed,,,,
egy-gazette-pmd-3280-2023,legislation,yes,قرار رئيس مجلس الوزراء رقم 3280 لسنة 2023 (Prime Minister's Decree No. 3280 of 2023 granting Egyptian nationality),1,0,0,0,persons_naturalised 1,item,not_reviewed,,,,
egy-gazette-pmd-3562-2023,legislation,yes,قرار رئيس مجلس الوزراء رقم 3562 لسنة 2023 بتعديل بعض أحكام قرار رئيس مجلس الوزراء رقم 3099 لسنة 2019 وبعض أحكام قرار رئيس مجلس الوزراء رقم 647 لسنة 2020 (Prime ,0,1,1,0,,,not_reviewed,,,,
egy-gazette-pmd-3708-2023,legislation,yes,قرار رئيس مجلس الوزراء رقم 3708 لسنة 2023 (Prime Minister's Decree No. 3708 of 2023 granting Egyptian nationality),1,0,0,0,persons_naturalised 1,item,not_reviewed,,,,
egy-gazette-pmd-3709-2023,legislation,yes,قرار رئيس مجلس الوزراء رقم 3709 لسنة 2023 (Prime Minister's Decree No. 3709 of 2023 granting Egyptian nationality),1,0,0,0,persons_naturalised 1,item,not_reviewed,,,,
egy-gazette-pmd-3710-2023,legislation,yes,قرار رئيس مجلس الوزراء رقم 3710 لسنة 2023 (Prime Minister's Decree No. 3710 of 2023 granting Egyptian nationality),1,0,0,0,persons_naturalised 1,item,not_reviewed,,,,
egy-gazette-pmd-3711-2023,legislation,yes,قرار رئيس مجلس الوزراء رقم 3711 لسنة 2023 (Prime Minister's Decree No. 3711 of 2023 granting Egyptian nationality),1,0,0,0,persons_naturalised 1,item,not_reviewed,,,,
egy-gazette-pmd-3712-2023,legislation,yes,قرار رئيس مجلس الوزراء رقم 3712 لسنة 2023 (Prime Minister's Decree No. 3712 of 2023 granting Egyptian nationality),1,0,0,0,persons_naturalised 1,item,not_reviewed,,,,
egy-gazette-pmd-3713-2023,legislation,yes,قرار رئيس مجلس الوزراء رقم 3713 لسنة 2023 (Prime Minister's Decree No. 3713 of 2023 granting Egyptian nationality),1,0,0,0,persons_naturalised 1,item,not_reviewed,,,,
egy-gazette-pmd-4876-2023,legislation,yes,قرار رئيس مجلس الوزراء رقم 4876 لسنة 2023 (Prime Minister's Decree No. 4876 of 2023 granting Egyptian nationality),1,0,0,0,persons_naturalised 1,item,not_reviewed,,,,
egy-gazette-pmd-596-2023,legislation,yes,قرار رئيس مجلس الوزراء رقم 596 لسنة 2023 (Prime Minister's Decree No. 596 of 2023 granting Egyptian nationality),1,0,0,0,persons_naturalised 1,item,not_reviewed,,,,
egy-gazette-pmd-876-2023,legislation,yes,قرار رئيس مجلس الوزراء رقم 876 لسنة 2023 بتعديل بعض أحكام قرار رئيس مجلس الوزراء رقم 3099 لسنة 2019 بتنظيم حالات منح الجنسية المصرية للأجانب (Prime Minister's D,0,5,1,0,,,not_reviewed,,,,
egy-law-140-2019,legislation,yes,قانون رقم 140 لسنة 2019 بتعديل بعض أحكام القانون رقم 89 لسنة 1960 فى شأن دخول وإقامة الأجانب والقانون رقم 26 لسنة 1975 بشأن الجنسية المصرية (Law No. 140 of 2019,0,1,1,0,,,not_reviewed,,,,
egy-law-173-2018,legislation,yes,القانون رقم 173 لسنة 2018 بتعديل بعض أحكام القانون رقم 89 لسنة 1960 بشأن دخول وإقامة الأجانب والقانون رقم 26 لسنة 1975 بشأن الجنسية المصرية (Law No. 173 of 2018,0,1,1,0,,,not_reviewed,,,,
egy-youm7-pmd2653-2022,media,no,رئيس الوزراء يصدر 5 قرارات.. أبرزها الموافقة على منح الجنسية لـ15 شخصًا,1,0,0,0,persons_naturalised 1,,not_reviewed,,,,
esp-boe-ley-14-2013,legislation,yes,"Ley 14/2013, de 27 de septiembre, de apoyo a los emprendedores y su internacionalización (BOE-A-2013-10074)",0,5,1,0,,,not_reviewed,,,,
esp-boe-ley-14-2013-consolidated,legislation,yes,"Ley 14/2013, de 27 de septiembre, de apoyo a los emprendedores y su internacionalización - texto consolidado",0,0,0,0,,,not_reviewed,,,,
esp-boe-ley-25-2015,legislation,yes,"Ley 25/2015, de 28 de julio, de mecanismo de segunda oportunidad, reducción de la carga financiera y otras medidas de orden social (BOE-A-2015-8469)",0,2,1,0,,,not_reviewed,,,,
esp-boe-ley-28-2022,legislation,yes,"Ley 28/2022, de 21 de diciembre, de fomento del ecosistema de las empresas emergentes (BOE-A-2022-21739)",0,0,1,0,,,not_reviewed,,,,
esp-boe-lo-1-2025,legislation,yes,"Ley Orgánica 1/2025, de 2 de enero, de medidas en materia de eficiencia del Servicio Público de Justicia (BOE-A-2025-76)",0,0,1,0,,,not_reviewed,,,,
esp-congreso-resp-184-102709-2023,government,yes,Respuesta del Gobierno a la pregunta escrita 184/102709 (Miquel i Valentí) sobre visados por inversión significativa de capital 2020-2022,3,0,0,0,investor_visas_issued 3,,not_reviewed,,,,
esp-congreso-resp-184-15597-2024,government,yes,Respuesta del Gobierno a la pregunta escrita 184/15597 (Iñarritu García) sobre la concesión de Golden Visa en el año 2024,1,0,0,0,investor_visas_issued 1,route,not_reviewed,,,,
esp-congreso-resp-184-41377-2019,government,yes,Respuesta del Gobierno a las preguntas escritas 184/41377 a 184/41381 (Campuzano i Canadés) sobre visados por inversiones inmobiliarias,23,0,0,0,residence_permits_issued 11; rbi_investment_total 10; investor_visas_issued 1; residence_permits_renewed 1,nationality; route,not_reviewed,,,,
esp-congreso-resp-184-44882-2019,government,yes,"Respuesta del Gobierno a la pregunta escrita 184/44882 (Ten Oliver) sobre las Golden Visas, con anexo estadístico de visados tipo D Ley 14/2013",16,0,0,0,investor_visas_issued 16,route,not_reviewed,,,,
esp-congreso-resp-184-6938-2024,government,yes,Respuesta del Gobierno a la pregunta escrita 184/6938 sobre el número de visados de residencia para inversores 'Golden Visa' otorgados desde su aprobación,12,0,0,0,investor_visas_issued 12,route,not_reviewed,,,,
esp-congreso-resp-184-81047-2022,government,yes,Respuesta del Gobierno a la pregunta escrita 184/81047 sobre 'Golden Visa' a ciudadanos de Rusia y Bielorrusia,0,0,1,0,,,not_reviewed,,,,
esp-congreso-resp-184-87824-2022,government,yes,Respuesta del Gobierno a la pregunta escrita 184/87824 sobre el acceso de Enrique Peña Nieto al visado de residencia para inversores,0,0,1,0,,,not_reviewed,,,,
esp-congreso-resp-184-99877-2023,government,yes,"Respuesta del Gobierno a la pregunta escrita 184/99877 (Rosique i Saltor, Vallugera Balañà) sobre visados por adquisición de inmuebles en Cataluña",1,0,0,0,investor_visas_issued 1,region,not_reviewed,,,,
esp-congreso-resp-184-99878-2023,government,yes,"Respuesta del Gobierno a la pregunta escrita 184/99878 (Rosique i Saltor, Vallugera Balañà) sobre visados por adquisición de inmuebles en Comunitat Valenciana",1,0,0,0,investor_visas_issued 1,region,not_reviewed,,,,
esp-congreso-resp-184-99879-2023,government,yes,"Respuesta del Gobierno a la pregunta escrita 184/99879 (Rosique i Saltor, Vallugera Balañà) sobre visados por adquisición de inmuebles en Illes Balears",1,0,0,0,investor_visas_issued 1,region,not_reviewed,,,,
esp-meyss-informe-movilidad-2015,government,yes,"Informe sobre la aplicación de la Sección de Movilidad Internacional de la Ley 14/2013, de 27 de septiembre, de apoyo a los emprendedores y su internacionalizac",14,0,0,0,residence_permits_issued 11; rbi_investment_total 3,nationality; route,not_reviewed,,,,
esp-mivau-golden-visa-2024-04-09,government,yes,"Isabel Rodríguez, sobre la eliminación de las 'golden visa' inmobiliarias (nota de prensa, Consejo de Ministros)",21,0,0,0,residence_permits_issued 12; rbi_investment_total 9,route,not_reviewed,,,,
esp-moncloa-2025-04-02,government,yes,El 3 de abril entra en vigor el fin de las 'Golden Visa',0,0,1,0,,,not_reviewed,,,,
esp-moncloa-cmin-2024-04-09,government,yes,El Gobierno impulsa la eliminación de los visados de residencia por inversión inmobiliaria (resumen del Consejo de Ministros),1,0,0,0,residence_permits_issued 1,route,not_reviewed,,,,
esp-moncloa-referencia-cmin-2024-04-09,government,yes,"Referencia del Consejo de Ministros, 9 de abril de 2024 (Informe sobre la propuesta de modificación del régimen de residencia por inversión)",6,0,1,0,residence_permits_issued 6,route,not_reviewed,,,,
esp-ti-golden-visas-2023,ngo,no,"""Golden visas"": la adquisición de permisos de residencia por inversión en España. Principales riesgos, desafíos y recomendaciones",15,0,0,0,investor_visas_issued 12; rbi_investment_total 1; residence_permits_issued 1; residence_permits_renewed 1,nationality,not_reviewed,,,,
est-err-2018-04-09,media,no,Estonia issues three large investor residence permits in 2017,3,0,0,0,residence_permits_issued 2; applications_received 1,nationality; route,not_reviewed,,,,
est-rt-aliens-act-en-2026,legislation,yes,"Aliens Act (Välismaalaste seadus), English translation, consolidated text in force 01.01.2026-21.05.2026",0,3,1,0,,,not_reviewed,,,,
fra-anef-passeport-talent-investisseur,government,yes,Demande de titre de séjour passeport talent investisseur ou porteur d'un projet économique: liste des documents justificatifs à fournir,0,1,0,0,,,not_reviewed,,,,
gbr-ho-cp632-2022,legislation,yes,"Statement of Changes in Immigration Rules, CP 632 (17 February 2022)",0,0,1,0,,,not_reviewed,,,,
gbr-ho-cp632-em-2022,government,yes,Explanatory Memorandum to the Statement of Changes in Immigration Rules presented to Parliament on 17 February 2022 (CP 632),0,0,1,0,,,not_reviewed,,,,
gbr-ho-extensions-datasets-2026-06,government,yes,"Immigration system statistics, year ending June 2026: Extensions - detailed datasets",10,0,0,0,residence_permits_renewed 10,applicant,not_reviewed,,,,
gbr-ho-hc1025-2015,legislation,yes,"Statement of Changes in Immigration Rules, HC 1025 (26 February 2015)",0,0,1,0,,,not_reviewed,,,,
gbr-ho-hc1919-em-2019,government,yes,Explanatory Memorandum to the Statement of Changes in Immigration Rules HC 1919 (7 March 2019),0,0,1,0,,,not_reviewed,,,,
gbr-ho-hc607-2008,legislation,yes,"Statement of Changes in Immigration Rules, HC 607 (laid 9 June 2008)",0,2,1,0,,,not_reviewed,,"Priority review: described as holding statistics or tables, but only 0 number(s) extracted.",,
gbr-ho-hc693-2014,legislation,yes,"Statement of Changes in Immigration Rules, HC 693 (16 October 2014)",0,3,1,0,,,not_reviewed,,,,
gbr-ho-hc863-2011,legislation,yes,"Statement of Changes in Immigration Rules, HC 863 (16 March 2011)",0,2,1,0,,,not_reviewed,,,,
gbr-ho-hcws1159-2018,government,yes,Written statement HCWS1159: Statement of Changes in Immigration Rules (6 December 2018),0,0,1,0,,,not_reviewed,,,,
gbr-ho-hcws492-2023,government,yes,Written statement HCWS492: The Tier 1 (Investor) route: Review of operation between 30 June 2008 and 6 April 2015,4,0,2,0,cbi_rejection_rate 3; residence_permits_issued 1,applicant; stage,not_reviewed,,,,
gbr-ho-news-closure-2022,government,yes,Tier 1 Investor Visa route closes over security concerns (press release),0,0,0,0,,,not_reviewed,,,,
gbr-ho-pq135529-2018,government,yes,Written answer to question 135529 (politically exposed persons in the Tier 1 Investor route),0,0,0,0,,,not_reviewed,,,,
gbr-ho-pq153990-2022,government,yes,Written answer to question 153990 (sanctioned Russians who held Tier 1 Investor visas),0,0,1,0,,,not_reviewed,,,,
gbr-ho-pq160106-2023,government,yes,Written answer to question 160106 (Tier 1 (Investor) review),1,0,0,0,residence_permits_issued 1,applicant,not_reviewed,,,,
gbr-ho-pq208816-2014,government,yes,Written answer to question 208816 (investor visas granted to Russian citizens),2,0,0,0,residence_permits_issued 2,nationality,not_reviewed,,,,
gbr-ho-settlement-datasets-2026-06,government,yes,"Immigration system statistics, year ending June 2026: Settlement - detailed datasets",24,0,0,0,settlement_grants 24,nationality,not_reviewed,,,,
gbr-ho-settlement-tables-2019-12,government,yes,"Immigration statistics, year ending December 2019: settlement tables (se_01 to se_06)",25,0,0,0,settlement_grants 25,nationality,not_reviewed,,,,
gbr-ho-vis-tables-2018-12,government,yes,"Immigration Statistics, year ending December 2018: Entry clearance visas tables volume 1 (entry-visas1-dec-2018-tables)",22,0,0,0,residence_permits_issued 22,applicant,not_reviewed,,,,
gbr-ho-why-work-2022-03,government,yes,"Why do people come to the UK? To work (Immigration statistics, year ending March 2022)",5,0,0,0,residence_permits_issued 5,nationality,not_reviewed,,,,
gbr-isc-russia-2020,government,yes,Russia (HC 632),0,0,1,0,,,not_reviewed,,,,
gbr-mac-tier1-investor-2014,government,yes,Tier 1 (Investor) route: investment thresholds and economic benefits,29,0,1,0,residence_permits_issued 21; residence_permits_renewed 5; applications_processed 1; applications_rejected 1; rbi_investment_total 1,applicant; nationality,not_reviewed,,,,
gha-parl-gipa-bill-2026,legislation,yes,"Ghana Investment Promotion Authority Bill, 2026",0,0,1,0,,,not_reviewed,,,,
grc-eu-com-2019-12,eu,yes,"Report from the Commission: Investor Citizenship and Residence Schemes in the European Union, COM(2019) 12 final",0,0,1,0,,,not_reviewed,,,,
grc-gtp-2025-02-13,media,no,Golden Visa Applications in Greece Reach Record High in 2024,4,0,0,0,applications_pending 1; applications_received 1; cbi_inflows 1; residence_permits_issued 1,,not_reviewed,,,,
grc-imidaily-2022-01-16,industry,no,"At 1,035 Approvals, The Greek Golden Visa Was Officially Europe's Biggest in 2021",2,0,0,0,dependants_approved 1; main_applicants_approved 1,,not_reviewed,,,,
grc-law-5007-2022,legislation,yes,"Ν. 5007/2022 (ΦΕΚ Α 241/23.12.2022), άρθρα 91-92: Μόνιμη άδεια διαμονής επενδυτή - αντικατάσταση παρ. Β άρθρου 20 ν. 4251/2014; μεταβατική διάταξη",0,2,1,0,,,not_reviewed,,,,
grc-law-5038-2023,legislation,yes,Νόμος 5038/2023 Κώδικας Μετανάστευσης (ΦΕΚ Α 81/01.04.2023),0,5,1,0,,,not_reviewed,,,,
grc-law-5100-2024-consolidated,legislation,yes,"Νόμος 5100/2024, κωδικοποιημένος με τον 5167/2024, ΦΕΚ Α 49/5.4.2024 - Άρθρο 64: Άδεια διαμονής που συνδέεται με επενδύσεις σε ακίνητη περιουσία",0,4,3,0,,,not_reviewed,,,,
grc-mma-legal-migration-2021-12-annexb,government,yes,"Νόμιμη Μετανάστευση Δεκέμβριος 2021 - Παράρτημα Β (Legal Migration, December 2021, Annex B tables)",30,0,0,0,investor_permits_valid_initial 12; investor_permits_valid_renewal 12; applications_approved_by_filing_year 2; applications_pending_incl_family 1; family_permits_valid_initial 1; family_permits_valid_renewal 1; investor_permits_valid_initial_chn 1,nationality,not_reviewed,,"Known not extracted: family-member permits by nationality (Πίνακας 12β/7β), applications by year and status (13α/13β) and any other tables. Investor permits by nationality (12α/7α) extracted 2026-10-08. Whole document not yet reviewed.",,
grc-mma-legal-migration-2022-12,government,yes,"Νόμιμη Μετανάστευση Δεκέμβριος 2022 (Legal Migration monthly statistical bulletin, Δεκέμβριος 2022)",1,0,0,0,residence_permits_valid 1,,not_reviewed,,Only the golden-visa total taken; other golden-visa figures in Section 4 not yet checked.,,
grc-mma-legal-migration-2022-12-annexb,government,yes,"Νόμιμη Μετανάστευση Δεκέμβριος 2022 - Παράρτημα Β (Legal Migration, Δεκέμβριος 2022, Annex B tables)",30,0,0,0,investor_permits_valid_initial 12; investor_permits_valid_renewal 12; applications_received 1; family_permits_valid_initial 1; family_permits_valid_renewal 1; investor_permits_valid_initial_chn 1; main_applicants_approved 1; residence_permits_issued 1,nationality,not_reviewed,,"Known not extracted: family-member permits by nationality (Πίνακας 12β/7β), applications by year and status (13α/13β) and any other tables. Investor permits by nationality (12α/7α) extracted 2026-10-08. Whole document not yet reviewed.",,
grc-mma-legal-migration-2023-12,government,yes,"Νόμιμη Μετανάστευση Δεκέμβριος 2023 (Legal Migration monthly statistical bulletin, Δεκέμβριος 2023)",1,0,0,0,residence_permits_valid 1,,not_reviewed,,Only the golden-visa total taken; other golden-visa figures in Section 4 not yet checked.,,
grc-mma-legal-migration-2023-12-annexb,government,yes,"Νόμιμη Μετανάστευση Δεκέμβριος 2023 - Παράρτημα Β (Legal Migration, Δεκέμβριος 2023, Annex B tables)",32,0,0,0,investor_permits_valid_initial 12; investor_permits_valid_renewal 12; applications_received 2; applications_pending 1; family_permits_valid_initial 1; family_permits_valid_renewal 1; investor_permits_valid_initial_chn 1; main_applicants_approved 1; residence_permits_issued 1,nationality,not_reviewed,,"Known not extracted: family-member permits by nationality (Πίνακας 12β/7β), applications by year and status (13α/13β) and any other tables. Investor permits by nationality (12α/7α) extracted 2026-10-08. Whole document not yet reviewed.",,
grc-mma-legal-migration-2024-12,government,yes,"Νόμιμη Μετανάστευση Δεκέμβριος 2024 (Legal Migration monthly statistical bulletin, Δεκέμβριος 2024)",1,0,0,0,residence_permits_valid 1,,not_reviewed,,Only the golden-visa total taken; other golden-visa figures in Section 4 not yet checked.,,
grc-mma-legal-migration-2024-12-annexb,government,yes,"Νόμιμη Μετανάστευση Δεκέμβριος 2024 - Παράρτημα Β (Legal Migration, Δεκέμβριος 2024, Annex B tables)",39,0,0,0,investor_permits_valid_initial 12; investor_permits_valid_renewal 12; applications_received 7; applications_pending 1; applications_pending_incl_family 1; family_permits_valid_initial 1; family_permits_valid_renewal 1; investor_permits_valid 1; investor_permits_valid_initial_chn 1; main_applicants_approved 1; residence_permits_issued 1,nationality,not_reviewed,,"Known not extracted: family-member permits by nationality (Πίνακας 12β/7β), applications by year and status (13α/13β) and any other tables. Investor permits by nationality (12α/7α) extracted 2026-10-08. Whole document not yet reviewed.",,
grc-mma-legal-migration-2025-12,government,yes,"Νόμιμη Μετανάστευση Δεκέμβριος 2025 (Legal Migration monthly statistical bulletin, Δεκέμβριος 2025)",1,0,0,0,residence_permits_valid 1,,not_reviewed,,Only the golden-visa total taken; other golden-visa figures in Section 4 not yet checked.,,
grc-mma-legal-migration-2025-12-annexb,government,yes,"Νόμιμη Μετανάστευση Δεκέμβριος 2025 - Παράρτημα Β (Legal Migration, Δεκέμβριος 2025, Annex B tables)",36,0,0,0,investor_permits_valid_initial 12; investor_permits_valid_renewal 12; applications_received 2; applications_pending 1; applications_pending_incl_family 1; applications_rejected 1; family_permits_valid_initial 1; family_permits_valid_renewal 1; investor_permits_valid 1; investor_permits_valid_initial_chn 1; investor_permits_valid_initial_tur 1; main_applicants_approved 1; residence_permits_issued 1,nationality,not_reviewed,,"Known not extracted: family-member permits by nationality (Πίνακας 12β/7β), applications by year and status (13α/13β) and any other tables. Investor permits by nationality (12α/7α) extracted 2026-10-08. Whole document not yet reviewed.",,
grc-mma-legal-migration-2026-08,government,yes,"Νόμιμη Μετανάστευση Αύγουστος 2026 (Legal Migration monthly statistical bulletin, Αύγουστος 2026)",1,0,0,0,residence_permits_valid 1,,not_reviewed,,Only the golden-visa total taken; other golden-visa figures in Section 4 not yet checked.,,
grc-mma-legal-migration-2026-08-annexb,government,yes,"Νόμιμη Μετανάστευση Αύγουστος 2026 - Παράρτημα Β (Legal Migration, Αύγουστος 2026, Annex B tables)",36,0,0,0,investor_permits_valid_initial 12; investor_permits_valid_renewal 12; applications_received 3; applications_pending 1; applications_pending_incl_family 1; family_permits_valid_initial 1; family_permits_valid_renewal 1; investor_permits_valid 1; investor_permits_valid_initial_chn 1; investor_permits_valid_initial_tur 1; main_applicants_approved 1; residence_permits_issued 1,nationality,not_reviewed,,"Known not extracted: family-member permits by nationality (Πίνακας 12β/7β), applications by year and status (13α/13β) and any other tables. Investor permits by nationality (12α/7α) extracted 2026-10-08. Whole document not yet reviewed.",,
grc-mma-permits-2016-12,government,yes,"ΣΤΑΤΙΣΤΙΚΑ_ΑΔ_20161231 (valid residence permits of third-country nationals, 31.12.2016, spreadsheet)",1,0,0,0,investor_permits_valid 1,,not_reviewed,,Known not extracted: valid permits by nationality and permit type for the golden-visa permit categories (pivot sheet). Only a total taken so far.,,
grc-mma-permits-2017-12,government,yes,"ΣΤΑΤΙΣΤΙΚΑ_ΑΔ_20171231 (valid residence permits of third-country nationals, 31.12.2017, spreadsheet)",1,0,0,0,investor_permits_valid 1,,not_reviewed,,Known not extracted: valid permits by nationality and permit type for the golden-visa permit categories (pivot sheet). Only a total taken so far.,,
grc-mma-permits-2018-12,government,yes,"ΣΤΑΤΙΣΤΙΚΑ_ΑΔ_20181231 (valid residence permits of third-country nationals, 31.12.2018, spreadsheet)",1,0,0,0,investor_permits_valid 1,,not_reviewed,,Known not extracted: valid permits by nationality and permit type for the golden-visa permit categories (pivot sheet). Only a total taken so far.,,
grc-mma-permits-2019-12,government,yes,"ΣΤΑΤΙΣΤΙΚΑ_ΑΔ_20191231 (valid residence permits of third-country nationals, 31.12.2019, spreadsheet)",1,0,0,0,investor_permits_valid 1,,not_reviewed,,Known not extracted: valid permits by nationality and permit type for the golden-visa permit categories (pivot sheet). Only a total taken so far.,,
grc-movingto-2026-07-10,industry,no,"Greece Golden Visa Queue Falls 7% but 33,051 Files Remain",2,0,0,0,applications_pending_incl_family 1; applications_received 1,,not_reviewed,,,,
grc-ti-greece-2021,ngo,no,Χρυσή Βίζα: Σειρήνα ή Δούρειος Ίππος; (Golden Visa: Siren or Trojan Horse?),2,2,0,0,dependants_approved 1; main_applicants_approved 1,,not_reviewed,,,,
grc-tovima-2026-05-20,media,no,Μαγνήτης για επενδυτές η Golden Visa - Ποιοι αγοράζουν ακίνητα και πού,2,0,0,0,investor_permits_valid_initial_chn 1; investor_permits_valid_initial_tur 1,,not_reviewed,,,,
grc-ypes-circular-13-2013,government,yes,"Εγκύκλιος αριθ. 13: Εφαρμογή των διατάξεων του άρθρου 6 του ν. 4146/2013 (ορθή επανάληψη), Αρ. Πρωτ. 25426",0,2,1,0,,,not_reviewed,,,,
grc-ypes-circular-15-2013,government,yes,"Εγκύκλιος αριθ. 15: Εφαρμογή των διατάξεων του άρθρου 6 του ν. 4146/2013, Αρ. Πρωτ. 38425",0,0,1,0,,,not_reviewed,,,,
grd-bestcitizens-2019,industry,no,History of Grenada Economic Citizenship Program,1,1,2,0,persons_naturalised 1,,not_reviewed,,,,
grd-cbiunit-web-2015,government,yes,Grenada Citizenship by Investment Unit website: Approved Real Estate Projects (archived 15 July 2015),0,2,0,0,,,not_reviewed,,,,
grd-eu-dec-2016-270,eu,yes,Council Decision (EU) 2016/270 of 12 February 2016 on the conclusion of the Agreement between the European Union and Grenada on the short-stay visa waiver,0,0,1,0,,,not_reviewed,,,,
grd-eu-vsm8-2025,eu,yes,Report from the Commission: Eighth Report under the Visa Suspension Mechanism (COM(2025) 792 final),0,0,1,0,,,not_reviewed,,,,
grd-ima-ceo-processing-2024,government,yes,The CEO's Desk: IMA Grenada Processing Report (2024),3,0,0,0,applications_processed 3,,not_reviewed,,,,
grd-ima-circular-3-2024,government,yes,IMA Grenada Circular No. 3 of 2024 (Update to Circular No. 2 - Minimum Investment Threshold) with Circular No. 2 of 2024,0,0,1,0,,,not_reviewed,,,,
grd-ima-stats-2024q4,government,yes,IMA Grenada Quarterly Statistics: Q4 2024 (with year-to-date),7,0,0,0,applications_approved 1; applications_processed 1; applications_received 1; applications_rejected 1; cbi_fiscal_revenue 1; cbi_real_estate_inflows 1; persons_naturalised 1,,not_reviewed,,,,
grd-ima-stats-2025q4,government,yes,IMA Grenada Quarterly Statistics: Q4 2025 (with year-to-date),7,0,0,0,applications_approved 1; applications_processed 1; applications_received 1; applications_rejected 1; cbi_fiscal_revenue 1; cbi_real_estate_inflows 1; persons_naturalised 1,,not_reviewed,,,,
grd-ima-stats-2026q1,government,yes,IMA Grenada Quarterly Statistics: Q1 2026,3,0,0,0,applications_approved 1; applications_received 1; persons_naturalised 1,,not_reviewed,,,,
grd-ima-web-2024,government,yes,"Citizenship by Investment - Investment Migration Agency (IMA) Grenada (web page, archived 19 May 2024)",0,1,1,0,,,not_reviewed,,,,
grd-imf-art4-2016,imf,yes,"Grenada: Staff Report for the 2016 Article IV Consultation, Fourth Review Under the Extended Credit Facility ... (IMF Country Report No. 16/133)",3,0,1,0,cbi_fiscal_revenue_pct_gdp 2; cbi_fiscal_revenue 1,,not_reviewed,,,,
grd-imf-art4-2019,imf,yes,Grenada: 2019 Article IV Consultation - Press Release; Staff Report; and Statement by the Executive Director for Grenada (IMF Country Report No. 19/192),5,0,0,0,cbi_fiscal_revenue 4; cbi_inflows_pct_gdp 1,,not_reviewed,,,,
grd-imf-art4-2022,imf,yes,Grenada: 2022 Article IV Consultation - Press Release; Staff Report; and Statement by the Executive Director for Grenada (IMF Country Report No. 22/134),1,0,0,0,cbi_inflows_pct_gdp 1,,not_reviewed,,"Priority review: described as holding statistics or tables, but only 1 number(s) extracted.",,
grd-imf-art4-2023,imf,yes,Grenada: 2023 Article IV Consultation - Press Release; and Staff Report (IMF Country Report No. 23/261),1,0,4,0,cbi_inflows_pct_gdp 1,,not_reviewed,,,,
grd-imf-art4-2024,imf,yes,Grenada: 2024 Article IV Consultation - Press Release; Staff Report; and Statement by the Executive Director for Grenada (IMF Country Report No. 25/39),18,0,2,0,cbi_fiscal_revenue 8; cbi_inflows_pct_gdp 7; cbi_fiscal_revenue_pct_gdp 3,,not_reviewed,,,,
grd-imf-art4-2025,imf,yes,Grenada: 2025 Article IV Consultation - Press Release and Staff Report (IMF Country Report No. 26/9),13,0,1,0,cbi_fiscal_revenue 5; cbi_inflows_pct_gdp 4; cbi_fiscal_revenue_pct_gdp 3; cbi_contingency_fund_balance 1,,not_reviewed,,,,
grd-imf-ecf1-2014,imf,yes,Grenada: First Review Under the Extended Credit Facility Arrangement and Financing Assurances Review - Staff Report; Press Release (IMF Country Report No. 14/36,0,3,2,0,,,not_reviewed,,"Priority review: described as holding statistics or tables, but only 0 number(s) extracted.",,
grd-imf-ecf2-2015,imf,yes,Grenada: Second Review Under the Extended Credit Facility ... Press Release; and Staff Report (IMF Country Report No. 15/193),2,0,2,0,cbi_inflows 1; cbi_inflows_pct_gdp 1,,not_reviewed,,"Priority review: described as holding statistics or tables, but only 2 number(s) extracted.",,
grd-mof-budget-2024,government,yes,"2024 Budget Statement (presented by Hon. Dennis Cornwall, 4 December 2023)",1,0,0,0,cbi_contingency_fund_balance 1,,not_reviewed,,,,
grd-mof-budget-2025,government,yes,2025 Budget Statement,0,0,1,0,,,not_reviewed,,,,
grd-mof-budget-2026,government,yes,Budget Statement 2026,0,0,0,0,,,not_reviewed,,,,
grd-mof-cbistats-2014-15,government,yes,"Grenada: Citizenship by Investment Statistics (Cumulative Data), March 2014 - December 2015",4,0,0,0,applications_approved 1; applications_received 1; cbi_inflows 1; persons_naturalised 1,,not_reviewed,,,,
grd-mof-cbistats-2016,government,yes,"Grenada: Citizenship by Investment Statistics, 2016 (1st half, 2nd half, total)",5,0,0,0,applications_approved 1; applications_received 1; applications_rejected 1; cbi_inflows 1; persons_naturalised 1,,not_reviewed,,,,
grd-mof-cbistats-2017q3,government,yes,"Grenada: Citizenship by Investment Statistics, 3rd Quarter 2017 (with January-September total)",4,0,0,0,applications_approved 1; applications_received 1; cbi_inflows 1; persons_naturalised 1,,not_reviewed,,,,
grd-mof-cbistats-2018,government,yes,"Grenada: Citizenship by Investment Statistics, 2018 by quarter and total",6,0,0,0,applications_approved 1; applications_received 1; applications_rejected 1; cbi_inflows 1; cbi_transfers_to_government 1; persons_naturalised 1,,not_reviewed,,,,
grd-mof-cbistats-2019q4,government,yes,"Grenada: Citizenship by Investment Statistics, 4th Quarter 2019",1,0,0,0,cbi_inflows 1,,not_reviewed,,"Priority review: described as holding statistics or tables, but only 1 number(s) extracted.",,
grd-mof-cbistats-2020q4,government,yes,"Grenada: Citizenship by Investment Statistics, 4th Quarter 2020 (with annual total)",5,0,0,0,applications_approved 1; applications_received 1; applications_rejected 1; cbi_inflows 1; persons_naturalised 1,,not_reviewed,,,,
grd-mof-cbistats-2021q4,government,yes,"Grenada: Citizenship by Investment Statistics, 4th Quarter 2021 (with annual total)",5,0,0,0,applications_approved 1; applications_received 1; applications_rejected 1; cbi_inflows 1; persons_naturalised 1,,not_reviewed,,,,
grd-mof-cbistats-2022q4,government,yes,"Grenada: Citizenship by Investment Statistics, October-December 2022",1,0,0,0,cbi_inflows 1,,not_reviewed,,"Priority review: described as holding statistics or tables, but only 1 number(s) extracted.",,
grd-mof-cbistats-2023q1,government,yes,"Grenada: Citizenship by Investment Statistics, January-March 2023 (re-posted version)",1,0,0,0,persons_naturalised 1,,not_reviewed,,"Priority review: described as holding statistics or tables, but only 1 number(s) extracted.",,
grd-mof-cbistats-2023q2-v1,government,yes,"Grenada: Citizenship by Investment Statistics, April-June 2023 (first published version)",1,0,0,0,persons_naturalised 1,,not_reviewed,,"Priority review: described as holding statistics or tables, but only 1 number(s) extracted.",,
grd-mof-cbistats-2023q2-v2,government,yes,"Grenada: Citizenship by Investment Statistics, April-June 2023 (updated version)",1,0,0,0,persons_naturalised 1,,not_reviewed,,"Priority review: described as holding statistics or tables, but only 1 number(s) extracted.",,
grd-mof-cbistats-2023q3,government,yes,"Grenada: Citizenship by Investment Statistics, July-September 2023 (re-posted version)",1,0,0,0,persons_naturalised 1,,not_reviewed,,"Priority review: described as holding statistics or tables, but only 1 number(s) extracted.",,
grd-mof-cbistats-2023q4,government,yes,"Grenada: Citizenship by Investment Statistics, October-December 2023",2,0,0,0,cbi_inflows 1; persons_naturalised 1,,not_reviewed,,"Priority review: described as holding statistics or tables, but only 2 number(s) extracted.",,
grd-mof-estimates-2017,government,yes,Estimates of Revenue and Expenditure for the Year 2017 (with forward estimates 2018-2019),3,0,0,0,cbi_fiscal_revenue 3,,not_reviewed,,,,
grd-mof-estimates-2018,government,yes,Estimates of Revenue and Expenditure for the Year 2018 (compilation),2,0,0,0,cbi_fiscal_revenue 2,,not_reviewed,,,,
grd-mof-estimates-2021,government,yes,Estimates of Revenue and Expenditure 2021,3,0,0,0,cbi_fiscal_revenue 3,,not_reviewed,,,,
grd-mof-estimates-2022,government,yes,Estimate of Revenue and Expenditure 2022 (final),2,0,0,0,cbi_fiscal_revenue 2,,not_reviewed,,,,
grd-mof-estimates-2023,government,yes,Estimates of Revenue and Expenditure 2023 (with forward estimates 2024-2025),2,0,0,0,cbi_fiscal_revenue 2,,not_reviewed,,,,
grd-mof-estimates-2024,government,yes,Estimates of Revenue and Expenditure 2024 (with forward estimates 2025-2026),2,0,0,0,cbi_fiscal_revenue 2,,not_reviewed,,,,
grd-mof-estimates-2025,government,yes,Government of Grenada: Estimates of Revenue and Expenditure 2025-2027,2,0,0,0,cbi_fiscal_revenue 2,,not_reviewed,,,,
grd-mof-estimates-2026,government,yes,Government of Grenada: Estimates of Revenue and Expenditure 2026-2028,2,0,0,0,cbi_fiscal_revenue 2,,not_reviewed,,,,
grd-mof-imastats-2024q4,government,yes,"Investment Migration Agency (IMA Statistics): Fiscal Performance - IMA, Oct-Dec 2024",1,0,0,0,cbi_contingency_fund_balance 1,,not_reviewed,,"Priority review: described as holding statistics or tables, but only 1 number(s) extracted.",,
grd-mof-imastats-2025q4,government,yes,"Investment Migration Agency (IMA Statistics): Fiscal Performance - IMA, Oct-Dec 2025",1,0,0,0,cbi_contingency_fund_balance 1,,not_reviewed,,"Priority review: described as holding statistics or tables, but only 1 number(s) extracted.",,
grd-mof-mtefs-2025,government,yes,Medium-Term Economic and Fiscal Strategy Report 2025-2027,5,0,0,0,cbi_fiscal_revenue 5,,not_reviewed,,,,
grd-mof-mtff-2024,government,yes,Medium-Term Fiscal Framework 2025-2027 (September 2024),3,0,0,0,cbi_fiscal_revenue 3,,not_reviewed,,,,
grd-mof-press-ima-2025,government,yes,Press release: Performance of IMA Revenues (January-April 2025),1,0,1,0,cbi_fiscal_revenue_pct_revenue 1,,not_reviewed,,,,
grd-nowgrenada-2022-12,media,no,PM: Government projecting CBI earnings over EC$240 million,3,0,0,0,persons_naturalised 2; cbi_fiscal_revenue 1,,not_reviewed,,,,
grd-nowgrenada-2023-09,media,no,Many Russians gained citizenship through CBI for first 6 months of 2023,3,0,2,0,persons_naturalised 2; cbi_fiscal_revenue 1,,not_reviewed,,,,
grd-sro-12-2024,legislation,yes,"Grenada Citizenship by Investment (Amendment) Regulations, 2024 (S.R.O. No. 12 of 2024)",0,4,1,0,,,not_reviewed,,,,
grd-sro-15-2024,legislation,yes,"Grenada Citizenship by Investment (Amendment) (No. 2) Regulations, 2024 (S.R.O. No. 15 of 2024)",0,1,0,0,,,not_reviewed,,"Priority review: described as holding statistics or tables, but only 0 number(s) extracted.",,
grd-un-ga-2001,government,yes,"Statement by H.E. The Honourable Elvin Nimrod, Minister for Foreign Affairs and Cooperation, to the 56th Session of the UN General Assembly",0,0,1,0,,,not_reviewed,,,,
hkg-fstb-legco-brief-new-cies-2023,legislation,yes,Legislative Council Brief: New Capital Investment Entrant Scheme (File Ref: ASST/3/1/8/2/1C),0,3,2,0,,,not_reviewed,,,,
hkg-fstb-pr-new-cies-enhancements-2025,government,yes,"Government announces details of enhancement measures for New Capital Investment Entrant Scheme (press release, 7 January 2025)",4,0,1,0,applications_received 1; eligibility_approved 1; investment_certificates_issued 1; rbi_investment_total 1,stage,not_reviewed,,,,
hkg-immd-ar-2009-ch1,government,yes,"Immigration Department Annual Report 2009-10, Chapter 1 (English web edition)",6,0,0,0,applications_received 2; applications_approved 1; approvals_in_principle_outstanding 1; main_applicants_approved 1; rbi_investment_total 1,applicant,not_reviewed,,,,
hkg-immd-ar-2011-ch1,government,yes,"Immigration Department Annual Report 2011, Chapter 1 (English web edition)",6,0,0,0,applications_received 2; applications_approved 1; approvals_in_principle_outstanding 1; main_applicants_approved 1; rbi_investment_total 1,applicant,not_reviewed,,,,
hkg-immd-ar-2012-app5,government,yes,"Immigration Department Annual Report 2012, Appendix 5: Statistics on Visas/Entry Permits Issued",3,0,0,0,investor_visas_issued 3,,not_reviewed,,,,
hkg-immd-ar-2012-ch1,government,yes,"Immigration Department Annual Report 2012, Chapter 1 (English web edition)",6,0,0,0,applications_received 2; applications_approved 1; approvals_in_principle_outstanding 1; main_applicants_approved 1; rbi_investment_total 1,applicant,not_reviewed,,,,
hkg-immd-ar-2013-app5,government,yes,"Immigration Department Annual Report 2013, Appendix 5: Statistics on Visas/Entry Permits Issued",1,0,0,0,investor_visas_issued 1,,not_reviewed,,"Priority review: described as holding statistics or tables, but only 1 number(s) extracted.",,
hkg-immd-ar-2013-ch1,government,yes,"Immigration Department Annual Report 2013, Chapter 1 (English web edition)",6,0,0,0,applications_received 2; applications_approved 1; approvals_in_principle_outstanding 1; main_applicants_approved 1; rbi_investment_total 1,applicant,not_reviewed,,,,
hkg-immd-ar-2014-app5,government,yes,"Immigration Department Annual Report 2014, Appendix 5: Statistics on Visas/Entry Permits Issued",1,0,0,0,investor_visas_issued 1,,not_reviewed,,"Priority review: described as holding statistics or tables, but only 1 number(s) extracted.",,
hkg-immd-ar-2014-ch1,government,yes,"Immigration Department Annual Report 2014, Chapter 1 (English web edition)",6,0,0,0,applications_received 2; applications_approved 1; approvals_in_principle_outstanding 1; main_applicants_approved 1; rbi_investment_total 1,applicant,not_reviewed,,,,
hkg-immd-ar-2015-app5,government,yes,"Immigration Department Annual Report 2015, Appendix 5: Statistics on Visas/Entry Permits Issued",1,0,0,0,investor_visas_issued 1,,not_reviewed,,"Priority review: described as holding statistics or tables, but only 1 number(s) extracted.",,
hkg-immd-ar-2015-ch1,government,yes,"Immigration Department Annual Report 2015, Chapter 1 (English web edition)",3,0,0,0,approvals_in_principle_outstanding 1; main_applicants_approved 1; rbi_investment_total 1,,not_reviewed,,,,
hkg-immd-ar-2016-app5,government,yes,"Immigration Department Annual Report 2016, Appendix 5: Statistics on Visas/Entry Permits Issued",1,0,0,0,investor_visas_issued 1,,not_reviewed,,"Priority review: described as holding statistics or tables, but only 1 number(s) extracted.",,
hkg-immd-ar-2016-ch2,government,yes,"Immigration Department Annual Report 2016, Chapter 2 (English web edition)",3,0,0,0,approvals_in_principle_outstanding 1; main_applicants_approved 1; rbi_investment_total 1,,not_reviewed,,,,
hkg-immd-ar-2017-app5,government,yes,"Immigration Department Annual Report 2017, Appendix 5: Statistics on Visas/Entry Permits Issued",1,0,0,0,investor_visas_issued 1,,not_reviewed,,"Priority review: described as holding statistics or tables, but only 1 number(s) extracted.",,
hkg-immd-ar-2017-ch2,government,yes,"Immigration Department Annual Report 2017, Chapter 2 (English web edition)",3,0,0,0,approvals_in_principle_outstanding 1; main_applicants_approved 1; rbi_investment_total 1,,not_reviewed,,,,
hkg-immd-ar-2018-app5,government,yes,"Immigration Department Annual Report 2018, Appendix 5: Statistics on Visas/Entry Permits Issued",1,0,0,0,investor_visas_issued 1,,not_reviewed,,"Priority review: described as holding statistics or tables, but only 1 number(s) extracted.",,
hkg-immd-ar-2018-ch2,government,yes,"Immigration Department Annual Report 2018, Chapter 2 (English web edition)",3,0,0,0,approvals_in_principle_outstanding 1; main_applicants_approved 1; rbi_investment_total 1,,not_reviewed,,,,
hkg-immd-ar-2019-app5,government,yes,"Immigration Department Annual Report 2019, Appendix 5: Statistics on Visas/Entry Permits Issued",1,0,0,0,investor_visas_issued 1,,not_reviewed,,"Priority review: described as holding statistics or tables, but only 1 number(s) extracted.",,
hkg-immd-ar-2019-ch2,government,yes,"Immigration Department Annual Report 2019, Chapter 2 (English web edition)",3,0,0,0,approvals_in_principle_outstanding 1; main_applicants_approved 1; rbi_investment_total 1,,not_reviewed,,,,
hkg-immd-ar-2020-app5,government,yes,"Immigration Department Annual Report 2020, Appendix 5: Statistics on Visas/Entry Permits Issued",1,0,0,0,investor_visas_issued 1,,not_reviewed,,"Priority review: described as holding statistics or tables, but only 1 number(s) extracted.",,
hkg-immd-ar-2020-ch2,government,yes,"Immigration Department Annual Report 2020, Chapter 2 (English web edition)",2,0,0,0,main_applicants_approved 1; rbi_investment_total 1,,not_reviewed,,"Priority review: described as holding statistics or tables, but only 2 number(s) extracted.",,
hkg-immd-ar-2021-app5,government,yes,"Immigration Department Annual Report 2021, Appendix 5: Statistics on Visas/Entry Permits Issued",1,0,0,0,investor_visas_issued 1,,not_reviewed,,"Priority review: described as holding statistics or tables, but only 1 number(s) extracted.",,
hkg-immd-ar-2021-ch2,government,yes,"Immigration Department Annual Report 2021, Chapter 2 (English web edition)",2,0,0,0,main_applicants_approved 1; rbi_investment_total 1,,not_reviewed,,"Priority review: described as holding statistics or tables, but only 2 number(s) extracted.",,
hkg-immd-ar-2022-app5,government,yes,"Immigration Department Annual Report 2022, Appendix 5: Statistics on Visas/Entry Permits Issued",1,0,0,0,investor_visas_issued 1,,not_reviewed,,"Priority review: described as holding statistics or tables, but only 1 number(s) extracted.",,
hkg-immd-ar-2022-ch2,government,yes,"Immigration Department Annual Report 2022, Chapter 2 (English web edition)",2,0,0,0,main_applicants_approved 1; rbi_investment_total 1,,not_reviewed,,"Priority review: described as holding statistics or tables, but only 2 number(s) extracted.",,
hkg-immd-ar-2023-app5,government,yes,"Immigration Department Annual Report 2023, Appendix 5: Statistics on Visas/Entry Permits Issued",1,0,1,0,investor_visas_issued 1,,not_reviewed,,"Priority review: described as holding statistics or tables, but only 1 number(s) extracted.",,
hkg-immd-ar-2023-ch2,government,yes,"Immigration Department Annual Report 2023, Chapter 2 (English web edition)",2,0,0,0,main_applicants_approved 1; rbi_investment_total 1,,not_reviewed,,"Priority review: described as holding statistics or tables, but only 2 number(s) extracted.",,
hkg-immd-ar-2024-app5,government,yes,"Immigration Department Annual Report 2024, Appendix 5: Statistics on Visas/Entry Permits Issued",3,0,0,0,applications_approved 2; investor_visas_issued 1,stage,not_reviewed,,,,
hkg-immd-cies-announcement-2012,government,yes,"Announcement on the amendments to Rules for the Capital Investment Entrant Scheme w.e.f. 14 October 2010 (ImmD web page, archived 20 Dec 2012)",0,0,1,0,,,not_reviewed,,,,
hkg-immd-cies-page-2026,government,yes,Capital Investment Entrant Scheme (ImmD web page),0,0,0,0,,,not_reviewed,,,,
hkg-immd-cies-stats-2012-12,government,yes,"Statistics on the Capital Investment Entrant Scheme (ImmD web page, figures as at 31 December 2012; Traditional Chinese version)",21,0,0,0,applications_received 6; approvals_in_principle_outstanding 6; main_applicants_approved 6; rbi_investment_total 3,category; route,not_reviewed,,,,
hkg-immd-cies-stats-2013-03,government,yes,"Statistics on the Capital Investment Entrant Scheme (ImmD web page, figures as at 31 March 2013; English version)",21,0,0,0,applications_received 6; approvals_in_principle_outstanding 6; main_applicants_approved 6; rbi_investment_total 3,category; route,not_reviewed,,,,
hkg-immd-cies-stats-2013-06,government,yes,"Statistics on the Capital Investment Entrant Scheme (ImmD web page, figures as at 30 June 2013; English version)",21,0,0,0,applications_received 6; approvals_in_principle_outstanding 6; main_applicants_approved 6; rbi_investment_total 3,category; route,not_reviewed,,,,
hkg-immd-cies-stats-2013-09,government,yes,"Statistics on the Capital Investment Entrant Scheme (ImmD web page, figures as at 30 September 2013; English version)",21,0,0,0,applications_received 6; approvals_in_principle_outstanding 6; main_applicants_approved 6; rbi_investment_total 3,category; route,not_reviewed,,,,
hkg-immd-cies-stats-2013-12,government,yes,"Statistics on the Capital Investment Entrant Scheme (ImmD web page, figures as at 31 December 2013; English version)",21,0,0,0,applications_received 6; approvals_in_principle_outstanding 6; main_applicants_approved 6; rbi_investment_total 3,category; route,not_reviewed,,,,
hkg-immd-cies-stats-2014-03,government,yes,"Statistics on the Capital Investment Entrant Scheme (ImmD web page, figures as at 31 March 2014; Traditional Chinese version)",21,0,0,0,applications_received 6; approvals_in_principle_outstanding 6; main_applicants_approved 6; rbi_investment_total 3,category; route,not_reviewed,,,,
hkg-immd-cies-stats-2014-06,government,yes,"Statistics on the Capital Investment Entrant Scheme (ImmD web page, figures as at 30 June 2014; Simplified Chinese version)",21,0,0,0,applications_received 6; approvals_in_principle_outstanding 6; main_applicants_approved 6; rbi_investment_total 3,category; route,not_reviewed,,,,
hkg-immd-review-2024-annex,government,yes,"Immigration Department Review 2024, Annex: applications received and approved under admission schemes, 2023-2024 (27 January 2025)",4,0,0,0,applications_approved 2; applications_received 2,stage,not_reviewed,,,,
hkg-immd-review-2025-annex,government,yes,"Immigration Department Review 2025, Annex: applications received and approved under admission schemes, 2024-2025 (13 February 2026)",9,0,0,0,applications_approved 4; applications_received 4; residence_permits_renewed 1,stage,not_reviewed,,,,
hkg-investhk-new-cies-measure-2026,government,yes,New CIES - New measure effective from 1 March 2026 (web page),0,0,0,0,,,not_reviewed,,,,
hkg-investhk-pr-new-cies-first-batch-2024,government,yes,"First batch of visa applications approved under the New Capital Investment Entrant Scheme (press release, 3 July 2024)",4,0,1,0,applications_approved 2; applications_received 1; rbi_investment_total 1,stage,not_reviewed,,,,
hkg-investhk-pr-new-cies-first-year-2025,government,yes,"First-year review of New Capital Investment Entrant Scheme reports over 1 200 applications, expected to bring over HK$ 37 Billion to Hong Kong (press release, 2",23,0,0,0,rbi_investment_total 8; applications_approved 6; applications_received 3; eligibility_approved 3; investment_certificates_issued 3,route; stage,not_reviewed,,,,
hkg-investhk-pr-new-cies-online-2024,government,yes,"New Capital Investment Entrant Scheme releases online application platform, reports promising increase in application figures (press release, 16 September 2024)",4,0,0,0,applications_received 1; eligibility_approved 1; investment_certificates_issued 1; rbi_investment_total 1,stage,not_reviewed,,,,
hkg-investhk-pr-new-cies-opens-2024,government,yes,"New Capital Investment Entrant Scheme opens for application from March 1 (press release, 1 March 2024)",0,0,1,0,,,not_reviewed,,,,
hkg-investhk-pr-new-cies-residential-2024,government,yes,"Enhancement measures on New Capital Investment Entrant Scheme (press release, 16 October 2024)",0,1,1,0,,,not_reviewed,,,,
hkg-investhk-pr-new-cies-two-year-2026,government,yes,"Two-year milestone: New Capital Investment Entrant Scheme attracts nearly 3 200 applications with expected investment of about HK$95 billion (press release, 2 M",10,0,1,0,rbi_investment_total 8; applications_approved 1; applications_received 1,route; stage,not_reviewed,,,,
hkg-investhk-pr-new-cies-two-year-2026-appendix,government,yes,"Appendix to the 2 March 2026 press release: application figures and distribution of investment amounts as of February 28, 2026",1,0,0,0,applications_received 1,stage,not_reviewed,,,,
hkg-investhk-results-2026h1,government,yes,InvestHK 2026 1H Results Highlights (attachment to press release of 25 June 2026),3,0,0,0,applications_approved 1; applications_received 1; rbi_investment_total 1,stage,not_reviewed,,,,
hkg-isd-pr-cies-amended-2010,government,yes,"Capital Investment Entrant Scheme amended (press release, 13 October 2010)",3,1,1,0,dependants_approved 1; main_applicants_approved 1; rbi_investment_total 1,,not_reviewed,,,,
hkg-isd-pr-cies-launch-2003,government,yes,"Capital Investment Entrant Scheme to be Implemented in October (press release, 30 September 2003)",0,1,1,0,,,not_reviewed,,,,
hkg-isd-pr-cies-suspension-2015,government,yes,"Suspension of Capital Investment Entrant Scheme (press release, 14 January 2015)",1,0,1,0,applications_pending 1,,not_reviewed,,,,
hkg-isd-pr-new-cies-details-2023,government,yes,"Government announces details of new Capital Investment Entrant Scheme (press release, 19 December 2023)",0,0,0,0,,,not_reviewed,,,,
hkg-legco-lcq1-cies-2005,legislation,yes,"LCQ1: Capital Investment Entrant Scheme (written reply by the Secretary for Security, 27 April 2005)",4,0,0,0,applications_pending 1; applications_received 1; approvals_in_principle_outstanding 1; main_applicants_approved 1,,not_reviewed,,,,
hkg-legco-lcq12-cies-2008,legislation,yes,"LCQ12: Capital Investment Entrant Scheme (written reply, 16 April 2008)",24,0,0,0,main_applicants_approved 23; approvals_in_principle_outstanding 1,category; residence,not_reviewed,,,,
hkg-legco-lcq12-cies-2010,legislation,yes,"LCQ12: Capital Investment Entrant Scheme (written reply by the Secretary for Security, 5 May 2010)",3,0,0,0,rbi_investment_total 2; main_applicants_approved 1,route,not_reviewed,,,,
hkg-legco-lcq12-cies-2010-annex,legislation,yes,Annex to LCQ12 (5 May 2010): Types of Applicants (Nationality) and Types of Investments,66,0,0,0,rbi_investment_total 42; main_applicants_approved 24,category; route,not_reviewed,,,,
hkg-legco-lcq13-cies-2009,legislation,yes,"LCQ13: Capital Investment Entrant Scheme (written reply by the Secretary for Security, 2 December 2009)",5,0,0,0,rbi_investment_total 2; applications_received 1; applications_rejected 1; main_applicants_approved 1,route,not_reviewed,,,,
hkg-legco-lcq15-cies-2004,legislation,yes,"LCQ15: Capital Investment Entrant Scheme (written reply by the Secretary for Security, 9 June 2004)",15,0,0,0,applications_received 6; main_applicants_approved 4; rbi_investment_total 3; applications_rejected 1; approvals_in_principle_outstanding 1,category; route,not_reviewed,,,,
hkg-legco-lcq15-cies-2004-annex-a,legislation,yes,"LCQ15 (9 June 2004), Annex A: Nationalities of the 137 foreign nationals",30,0,0,0,applications_received 30,category; nationality,not_reviewed,,,,
hkg-legco-lcq15-cies-2004-annex-b,legislation,yes,"LCQ15 (9 June 2004), Annex B: Statistics of the 158 Chinese nationals who have obtained permanent resident status in a foreign country",18,0,0,0,applications_received 18,category; residence,not_reviewed,,,,
hkg-legco-lcq15-cies-2009,legislation,yes,"LCQ15: Capital Investment Entrant Scheme (written reply by the Secretary for Security, 11 November 2009)",19,0,0,0,rbi_investment_total 7; applications_received 6; main_applicants_approved 4; applications_rejected 1; dependants_approved 1,category; route,not_reviewed,,,,
hkg-legco-lcq15-new-capital-2024,legislation,yes,"LCQ15: Measures to attract new capital to Hong Kong (written reply by the Secretary for Financial Services and the Treasury, 12 June 2024)",0,0,0,0,,,not_reviewed,,,,
hkg-legco-lcq15-new-capital-2024-annex,legislation,yes,Annex to LCQ15 (12 June 2024): Assessment of applications under the New Capital Investment Entrant Scheme (as of end-May 2024),72,0,0,0,applications_received 60; applications_approved 6; eligibility_approved 3; investment_certificates_issued 3,age; category; country; stage,not_reviewed,,,,
hkg-legco-lcq6-inward-investment-2025,legislation,yes,"LCQ6: Measures to attract inward investment (written reply, 16 April 2025)",15,0,0,0,applications_received 12; applications_rejected 1; eligibility_approved 1; rbi_investment_total 1,country; stage,not_reviewed,,,,
hkg-legco-lcq7-cies-2011,legislation,yes,"LCQ7: Capital Investment Entrant Scheme (written reply by the Secretary for Security, 23 February 2011)",0,0,0,0,,,not_reviewed,,"Priority review: described as holding statistics or tables, but only 0 number(s) extracted.",,
hkg-legco-lcq8-cies-2018,legislation,yes,"LCQ8: Capital Investment Entrant Scheme (written reply by the Secretary for Security, 12 December 2018)",20,0,0,0,applications_approved 4; applications_pending 4; applications_rejected 4; residence_renewals_refused 4; settlement_grants 4,,not_reviewed,,,,
hkg-legco-lcq9-new-cies-2025,legislation,yes,"LCQ9: New Capital Investment Entrant Scheme (written reply by the Secretary for Financial Services and the Treasury, 26 March 2025)",13,0,0,0,rbi_investment_total 8; applications_approved 2; applications_received 1; eligibility_approved 1; investment_certificates_issued 1,route; stage,not_reviewed,,,,
hkg-legco-se-paper-cies-2010,legislation,yes,"Legislative Council Panel on Security: Quality Migrant Admission Scheme and Capital Investment Entrant Scheme, LC Paper No. CB(2)633/09-10(05), for information ",18,0,0,0,rbi_investment_total 7; applications_received 6; main_applicants_approved 4; dependants_approved 1,category; route,not_reviewed,,,,
hrv-zakonhr-zakon-o-strancima-2026,legislation,yes,"Zakon o strancima (NN 133/20 and later amendments to NN 55/26), consolidated text",0,1,0,0,,,not_reviewed,,,,
hun-444-revocations-2018,media,no,Tizenhat kötvényes papírjait vonták vissza utólag,2,0,1,0,residence_permits_issued 1; residence_permits_revoked 1,,not_reviewed,,,,
hun-akk-annual-report-2013,government,yes,Éves jelentés az államadósság kezeléséről 2013 (Annual report on government debt management 2013),1,0,0,0,rbi_bonds_outstanding 1,,not_reviewed,,"Priority review: described as holding statistics or tables, but only 1 number(s) extracted.",,
hun-akk-annual-report-2014,government,yes,Éves jelentés az államadósság kezeléséről 2014 (Annual report on government debt management 2014),1,0,0,0,rbi_bonds_outstanding 1,,not_reviewed,,"Priority review: described as holding statistics or tables, but only 1 number(s) extracted.",,
hun-akk-annual-report-2015,government,yes,Éves jelentés az államadósság kezeléséről 2015 (Annual report on government debt management 2015),1,0,0,0,rbi_bonds_outstanding 1,,not_reviewed,,"Priority review: described as holding statistics or tables, but only 1 number(s) extracted.",,
hun-akk-annual-report-2016,government,yes,Éves jelentés az államadósság kezeléséről 2016 (Annual report on government debt management 2016),1,0,0,0,rbi_bonds_outstanding 1,,not_reviewed,,"Priority review: described as holding statistics or tables, but only 1 number(s) extracted.",,
hun-akk-annual-report-2017,government,yes,Éves jelentés az államadósság kezeléséről 2017 (Annual report on government debt management 2017),1,0,0,0,rbi_bonds_outstanding 1,,not_reviewed,,"Priority review: described as holding statistics or tables, but only 1 number(s) extracted.",,
hun-akk-annual-report-2018,government,yes,Éves jelentés az államadósság kezeléséről 2018 (Annual report on government debt management 2018),2,0,1,0,rbi_bonds_outstanding 1; rbi_bonds_redeemed 1,,not_reviewed,,"Priority review: described as holding statistics or tables, but only 2 number(s) extracted.",,
hun-akk-annual-report-2019,government,yes,Éves jelentés az államadósság kezeléséről 2019 (Annual report on government debt management 2019),2,0,0,0,rbi_bonds_outstanding 1; rbi_bonds_redeemed 1,,not_reviewed,,"Priority review: described as holding statistics or tables, but only 2 number(s) extracted.",,
hun-akk-annual-report-2020,government,yes,Éves jelentés az államadósság kezeléséről 2020 (Annual report on government debt management 2020),2,0,0,0,rbi_bonds_outstanding 1; rbi_bonds_redeemed 1,,not_reviewed,,"Priority review: described as holding statistics or tables, but only 2 number(s) extracted.",,
hun-akk-annual-report-2021,government,yes,Éves jelentés az államadósság kezeléséről 2021 (Annual report on government debt management 2021),2,0,0,0,rbi_bonds_outstanding 1; rbi_bonds_redeemed 1,,not_reviewed,,"Priority review: described as holding statistics or tables, but only 2 number(s) extracted.",,
hun-akk-annual-report-2022,government,yes,Éves jelentés az államadósság kezeléséről 2022 (Annual report on government debt management 2022),1,0,1,0,rbi_bonds_redeemed 1,,not_reviewed,,"Priority review: described as holding statistics or tables, but only 1 number(s) extracted.",,
hun-akk-lmak-web-2019,government,yes,Letelepedési Magyar Államkötvények (Settlement Hungarian Government Bonds) - programme page,0,1,4,0,,,not_reviewed,,,,
hun-bm-k6396-2015,government,yes,Válasz Szabó Tímea (független) K/6396. számon és K/6397. számon benyújtott írásbeli kérdéseire (Interior Minister's answer to written questions K/6396 and K/639,39,0,0,0,residence_permits_issued 39,nationality,not_reviewed,,,,
hun-hvg-gip-2024-12,media,no,Szeptember végéig 109-en igényeltek vendégbefektetői „aranyvízumot”,2,0,0,0,investor_visa_applications 1; investor_visas_issued 1,,not_reviewed,,,,
hun-hvg-gip-2025-03,media,no,"Csak 25-en kértek vendégbefektetői tartózkodási engedélyt, nem nagyon pörög a letelepedési kötvény utódja",2,0,0,0,applications_received 1; investor_visa_applications 1,,not_reviewed,,,,
hun-index-bmh-2017-12,media,no,"Megvan, mennyien érkeztek a letelepedési kötvényprogrammal",5,0,0,0,residence_permits_issued 4; rbi_bonds_sold 1,applicant,not_reviewed,,,,
hun-index-ngm-sneider-2017,media,no,17 ezer letelepedési kötvényt adtak el offshore-cégek gazdasági migránsoknak,1,0,0,0,rbi_bonds_sold 1,,not_reviewed,,,,
hun-mk-act-ccxx-2012,legislation,yes,2012. évi CCXX. törvény a harmadik országbeli állampolgárok beutazásáról és tartózkodásáról szóló 2007. évi II. törvény módosításáról (Act CCXX of 2012 amending,0,1,1,0,,,not_reviewed,,,,
hun-mk-act-xc-2023,legislation,yes,2023. évi XC. törvény a harmadik országbeli állampolgárok beutazására és tartózkodására vonatkozó általános szabályokról (Act XC of 2023 on the general rules fo,0,3,1,0,,,not_reviewed,,,,
hun-mk-ngm-decree-4-2013,legislation,yes,A nemzetgazdasági miniszter 4/2013. (II. 19.) NGM rendelete a harmadik országbeli állampolgárok beutazásáról és tartózkodásáról szóló törvényben meghatározott á,0,0,1,0,,,not_reviewed,,,,
hun-njt-act-xc-2023-v2024-09-01,legislation,yes,"2023. évi XC. törvény - consolidated text, time state from 2024.09.01",0,0,0,0,,,not_reviewed,,,,
hun-njt-act-xc-2023-v2024-12-30,legislation,yes,"2023. évi XC. törvény - consolidated text, time state from 2024.12.30",0,0,1,0,,,not_reviewed,,,,
hun-njt-act-xc-2023-v2026-10-01,legislation,yes,2023. évi XC. törvény - consolidated text in force 2026.10.01,0,0,0,0,,,not_reviewed,,,,
hun-oif-guest-investor-web-2026,government,yes,Vendégbefektetői tartózkodási engedély (Guest investor residence permit) - information page,0,0,0,0,,,not_reviewed,,,,
hun-telex-gip-2025-01,media,no,A kormány nagy csendben kiherélte az új magyar letelepedési programot,0,0,0,0,,,not_reviewed,,,,
hun-ti-kfib-lmak-2018,ngo,no,A letelepedési államkötvények szerepe a magyar állam finanszírozásában (The role of residency bonds in financing the Hungarian state),15,0,2,0,cbi_bond_purchases 6; rbi_bonds_outstanding 4; rbi_bond_excess_cost 2; rbi_bonds_sold 1; rbi_intermediary_income 1; residence_permits_issued 1,,not_reviewed,,,,
idn-imigrasi-gci-2026-02,government,yes,"Mengenal Perbedaan Global Citizen of Indonesia dan Golden Visa Indonesia (Siaran Pers, 2 Feb 2026)",0,6,1,0,,,not_reviewed,,,,
idn-imigrasi-gv-2025-09,government,yes,"Imigrasi Catat 1.012 Golden Visa Diterbitkan, Sumbang Investasi Rp48 Triliun (Siaran Pers, 26 Sep 2025)",4,0,0,0,rbi_investment_total 2; cbi_fee_revenue 1; residence_permits_issued 1,route,not_reviewed,,,,
idn-imigrasi-gv-2026-05,government,yes,"Siaran Pers: Jelang 2 tahun Peluncuran, Nilai Investasi dari Golden Visa Indonesia Tembus Rp 52,1 Triliun (21 Mei 2026)",8,0,1,0,rbi_investment_total 4; residence_permits_issued 4,nationality; route,not_reviewed,,,,
intl-atg-cip-canada-visa-2017,government,yes,Guidelines for citizens of Antigua and Barbuda regarding travel to Canada,0,0,1,0,,,not_reviewed,,,,
intl-can-ircc-kna-visa-2014,government,yes,Notice – St. Kitts and Nevis citizens now need a visa to travel to Canada (archived),0,0,1,0,,,not_reviewed,,,,
intl-cjeu-c181-23,court,yes,"Judgment of the Court (Grand Chamber) of 29 April 2025, Commission v Malta (Citoyenneté par investissement), C-181/23, ECLI:EU:C:2025:283",0,0,1,0,,,not_reviewed,,,,
intl-cjeu-c181-23-ag,court,yes,"Opinion of Advocate General Collins delivered on 4 October 2024, Case C-181/23, European Commission v Republic of Malta",0,0,1,0,,,not_reviewed,,,,
intl-ec-com-2019-12,eu,yes,"Investor Citizenship and Residence Schemes in the European Union, COM(2019) 12 final",0,2,4,0,,,not_reviewed,,,,
intl-ec-com-2020-325,eu,yes,"Third Report under the Visa Suspension Mechanism, COM(2020) 325 final",4,0,1,0,applications_pending 1; persons_naturalised 1; applications_approved 1; applications_received 1,,not_reviewed,,,,
intl-ec-com-2021-602,eu,yes,"Fourth Report under the Visa Suspension Mechanism, COM(2021) 602 final",0,0,2,0,,,not_reviewed,,,,
intl-ec-com-2022-715,eu,yes,"Fifth Report under the Visa Suspension Mechanism, COM(2022) 715 final",2,0,0,0,applications_received 1; passports_issued 1,,not_reviewed,,,,
intl-ec-com-2023-730,eu,yes,"Sixth Report under the Visa Suspension Mechanism, COM(2023) 730 final",7,0,3,0,passports_issued 4; cbi_rejection_rate 1; applications_rejected 1; persons_naturalised 1,route,not_reviewed,,,,
intl-ec-com-2024-366,eu,yes,"Report from the Commission to the European Parliament and the Council on the suspension of the visa exemption for nationals of Vanuatu, COM(2024) 366 final",1,0,1,0,passports_issued 1,,not_reviewed,,,,
intl-ec-com-2024-571,eu,yes,"Seventh Report under the Visa Suspension Mechanism, COM(2024) 571 final",47,0,0,0,applications_received 17; applications_rejected 14; passports_issued 8; main_applicants_approved 6; applications_pending 1; applications_processed 1,nationality,not_reviewed,,,,
intl-ec-com-2025-792,eu,yes,"Eighth Report under the Visa Suspension Mechanism, COM(2025) 792 final",10,0,3,0,cbi_rejection_rate 3; persons_naturalised 3; applications_received 2; passports_issued 1; applications_pending 1,,not_reviewed,,,,
intl-ec-ip-09-846,eu,yes,"Signature of the short-stay visa waiver agreements between the European Community and Antigua and Barbuda, The Bahamas, Saint Kitts and Nevis, Mauritius, Barbad",0,0,1,0,,,not_reviewed,,,,
intl-ec-ip-20-1925,eu,yes,"Investor citizenship schemes: European Commission opens infringements against Cyprus and Malta for ""selling"" EU citizenship (IP/20/1925)",0,0,2,0,,,not_reviewed,,,,
intl-ec-ip-22-1731,eu,yes,"Commission urges Member States to act on 'golden passports' and 'golden residence permits' schemes, and to take immediate steps in the context of the Russian in",0,0,1,0,,,not_reviewed,,,,
intl-ec-rec-c-2022-2028,eu,yes,Commission Recommendation of 28.3.2022 on immediate steps in the context of the Russian invasion of Ukraine in relation to investor citizenship schemes and inve,0,0,2,0,,,not_reviewed,,,,
intl-ec-swd-2019-5,eu,yes,"Commission Staff Working Document accompanying the Report on Investor Citizenship and Residence Schemes in the European Union, SWD(2019) 5 final",48,2,0,0,residence_permits_issued 44; applications_received 3; applications_pending 1,,not_reviewed,,,,
intl-ec-swd-2020-132,eu,yes,"Commission Staff Working Document accompanying the Third Report under the Visa Suspension Mechanism, SWD(2020) 132 final",5,0,3,0,applications_pending 1; persons_naturalised 1; applications_approved 1; applications_received 1; applications_rejected 1,,not_reviewed,,,,
intl-ec-swd-2021-206,eu,yes,"Commission Staff Working Document accompanying the Fourth Report under the Visa Suspension Mechanism, SWD(2021) 206 final",3,0,0,0,applications_approved 1; applications_received 1; persons_naturalised 1,,not_reviewed,,,,
intl-ec-swd-2022-405,eu,yes,"Commission Staff Working Document accompanying the Fifth Report under the Visa Suspension Mechanism, SWD(2022) 405 final",13,0,0,0,persons_naturalised 13,nationality,not_reviewed,,,,
intl-ec-swd-2025-429,eu,yes,"Commission Staff Working Document accompanying the Eighth Report under the Visa Suspension Mechanism, SWD(2025) 429 final",65,0,1,0,applications_received 22; applications_rejected 16; passports_issued 13; persons_naturalised 6; cbi_rejection_rate 5; applications_approved 2; applications_pending 1,nationality,not_reviewed,,,,
intl-eccb-us-roundtable-2024,international_org,yes,Third US-Caribbean Roundtable on Citizenship by Investment Advances Implementation of the Six CBI Principles (ECCB News Release),0,0,1,0,,,not_reviewed,,"Priority review: described as holding statistics or tables, but only 0 number(s) extracted.",,
intl-ep-res-2022-0065,eu,yes,"European Parliament resolution of 9 March 2022 with proposals to the Commission on citizenship and residence by investment schemes (2021/2026(INL)), P9_TA(2022)",3,0,3,0,applications_approved 1; cbi_rbi_investment 1; cbi_rbi_persons 1,,not_reviewed,,,,
intl-eprs-cbi-rbi-2018,eu,yes,"Citizenship by Investment (CBI) and Residency by Investment (RBI) schemes in the EU: State of play, issues and impacts (PE 627.128)",15,0,1,0,rbi_investment_total 6; residence_permits_issued 4; cbi_inflows_pct_gdp 2; persons_naturalised 2; cbi_rbi_investment 1,route,not_reviewed,,,,
intl-eprs-eava-cbi-rbi-2021,eu,yes,Avenues for EU action on citizenship and residence by investment schemes: European added value assessment (PE 694.217),20,0,1,0,rbi_investment_total 5; cbi_rbi_investment 4; residence_permits_issued 3; applications_approved 3; cbi_rbi_persons 3; persons_naturalised 2,category,not_reviewed,,,,
intl-eu-atg-visa-waiver-2009,legislation,yes,Agreement between the European Community and Antigua and Barbuda on the short-stay visa waiver,0,0,0,0,,,not_reviewed,,,,
intl-eu-dec-2007-627,legislation,yes,Council Decision of 28 September 2007 denouncing on behalf of the Community Protocol 3 on ACP sugar (2007/627/EC),0,0,2,0,,,not_reviewed,,,,
intl-eu-dec-2022-2198,legislation,yes,Council Decision (EU) 2022/2198 of 8 November 2022 on the suspension in whole of the application of the EU–Vanuatu short-stay visa waiver agreement,0,0,1,0,,,not_reviewed,,,,
intl-eu-dec-2022-366,legislation,yes,Council Decision (EU) 2022/366 of 3 March 2022 on the partial suspension of the application of the Agreement between the European Union and the Republic of Vanu,1,0,1,0,passports_issued 1,,not_reviewed,,,,
intl-eu-delreg-2023-222,legislation,yes,Commission Delegated Regulation (EU) 2023/222 of 1 December 2022 on the temporary suspension of the visa exemption for all nationals of Vanuatu,0,0,1,0,,,not_reviewed,,,,
intl-eu-dma-visa-waiver-2015,legislation,yes,Agreement between the European Union and the Commonwealth of Dominica on the short-stay visa waiver,0,0,1,0,,,not_reviewed,,,,
intl-eu-grd-visa-waiver-2015,legislation,yes,Agreement between the European Union and Grenada on the short-stay visa waiver,0,0,1,0,,,not_reviewed,,,,
intl-eu-impreg-2022-693,legislation,yes,Commission Implementing Regulation (EU) 2022/693 of 27 April 2022 on the temporary suspension of the visa exemption for nationals of Vanuatu,2,0,2,0,applications_rejected 1; passports_issued 1,,not_reviewed,,,,
intl-eu-kna-visa-waiver-2009,legislation,yes,Agreement between the European Community and the Federation of Saint Kitts and Nevis on the short-stay visa waiver,0,0,0,0,,,not_reviewed,,,,
intl-eu-lca-visa-waiver-2015,legislation,yes,Agreement between the European Union and Saint Lucia on the short-stay visa waiver,0,0,1,0,,,not_reviewed,,,,
intl-eu-reg-1932-2006,legislation,yes,Council Regulation (EC) No 1932/2006 of 21 December 2006 amending Regulation (EC) No 539/2001,0,0,1,0,,,not_reviewed,,,,
intl-eu-reg-2025-11,legislation,yes,Regulation (EU) 2025/11 of the European Parliament and of the Council of 19 December 2024 amending Regulation (EU) 2018/1806 as regards Vanuatu,2,0,2,0,applications_received 1; applications_rejected 1,,not_reviewed,,,,
intl-eu-reg-2025-2441,legislation,yes,Regulation (EU) 2025/2441 of the European Parliament and of the Council of 26 November 2025 amending Regulation (EU) 2018/1806 as regards the revision of the su,0,0,1,0,,,not_reviewed,,,,
intl-eu-reg-266-2006,legislation,yes,Regulation (EC) No 266/2006 of the European Parliament and of the Council of 15 February 2006 establishing accompanying measures for Sugar Protocol countries af,1,0,1,0,eu_sugar_protocol_adjustment_aid 1,,not_reviewed,,,,
intl-eu-reg-318-2006,legislation,yes,Council Regulation (EC) No 318/2006 of 20 February 2006 on the common organisation of the markets in the sugar sector,8,0,1,0,eu_sugar_reference_price_raw 4; eu_sugar_reference_price_white 4,,not_reviewed,,,,
intl-eu-reg-509-2014,legislation,yes,Regulation (EU) No 509/2014 of the European Parliament and of the Council of 15 May 2014 amending Council Regulation (EC) No 539/2001,0,0,1,0,,,not_reviewed,,,,
intl-eui-globalcit-cpv-2026,academic,no,Report on Citizenship Law: Cape Verde (RSC/GLOBALCIT-CR 2026/01),0,0,1,0,,,not_reviewed,,,,
intl-eui-globalcit-oceania-2020,academic,no,Comparative Regional Report on Citizenship Law: Oceania (RSCAS/GLOBALCIT-Comp 2020/1),3,0,4,0,persons_naturalised 2; cbi_inflows_pct_gdp 1,,not_reviewed,,,,
intl-fatf-increased-monitoring-2022-03,international_org,yes,Jurisdictions under Increased Monitoring - March 2022,0,0,1,0,,,not_reviewed,,,,
intl-fatf-increased-monitoring-2024-02,international_org,yes,Jurisdictions under Increased Monitoring - 23 February 2024,0,0,1,0,,,not_reviewed,,,,
intl-fatf-oecd-cbi-rbi-2023,international_org,yes,Misuse of Citizenship and Residency by Investment Programmes (joint FATF/OECD report),2,0,1,0,cbi_rbi_investment 1; cbi_rbi_persons 1,,not_reviewed,,,,
intl-fincen-2014-a004,government,yes,FIN-2014-A004: Abuse of the Citizenship-by-Investment Program Sponsored by the Federation of St. Kitts and Nevis,0,0,1,0,,,not_reviewed,,,,
intl-fincen-2014-a004-rescinded,government,yes,"FIN-2014-A004: Passports Obtained Through St. Kitts and Nevis Citizenship-by-Investment Program Used to Facilitate Financial Crime (advisory page, marked rescin",0,0,1,0,,,not_reviewed,,,,
intl-gbr-hc1715-em-2023,government,yes,Explanatory Memorandum to the Statement of Changes in Immigration Rules presented to Parliament on 19 July 2023 (HC 1715),0,0,2,0,,,not_reviewed,,,,
intl-globalcit-caribbean-2020,academic,no,Comparative Regional Report on Citizenship Law: Anglophone Caribbean (RSCAS/GLOBALCIT-Comp 2020/03),0,0,0,0,,,not_reviewed,,,,
intl-imc-hong-kong-new-cies-2024,industry,no,Revitalizing Hong Kong: The New Capital Investment Entrant Scheme's Impact and Potential,1,0,0,0,rbi_investment_total 1,,not_reviewed,,,,
intl-imf-cr-24-93,imf,yes,Eastern Caribbean Currency Union: 2024 Staff Report for the 2024 Article IV Consultation on Common Policies of Member Countries (IMF Country Report No. 24/93),0,0,1,0,,,not_reviewed,,,,
intl-imf-wp-15-93,imf,yes,Too Much of a Good Thing? Prudent Management of Inflows under Economic Citizenship Programs (IMF Working Paper WP/15/93),11,0,2,0,ndf_income_pct_gdp 7; cbi_fiscal_revenue_pct_gdp 2; ndf_assets_pct_gdp 2,,not_reviewed,,,,
intl-kna-ciu-fincen-rescission-2026,government,yes,St. Kitts and Nevis Citizenship Unit confirms rescission of FinCEN advisory,0,0,1,0,,,not_reviewed,,,,
intl-oecd-cbi-rbi-2018,international_org,yes,Residence/Citizenship by investment schemes (list of potentially high-risk CBI/RBI schemes),0,0,21,0,,,not_reviewed,,,,
intl-oecd-cbi-rbi-2018-11,international_org,yes,"Residence/Citizenship by investment schemes (OECD CRS high-risk list, version ""Last updated: 20 November 2018"")",0,0,1,0,,,not_reviewed,,,,
intl-oecd-cbi-rbi-2019-09,international_org,yes,"Residence/Citizenship by investment schemes (OECD CRS high-risk list, archived 21 September 2019)",0,0,1,0,,,not_reviewed,,,,
intl-oecd-cbi-rbi-2020-06,international_org,yes,"Residence/Citizenship by investment schemes (OECD CRS high-risk list, archived 26 June 2020)",0,0,1,0,,,not_reviewed,,,,
intl-oecd-cbi-rbi-2021-01,international_org,yes,"Residence/Citizenship by investment schemes (OECD CRS high-risk list, archived January 2021)",0,0,1,0,,,not_reviewed,,,,
intl-oecd-cbi-rbi-2023-05,international_org,yes,"Residence/Citizenship by investment schemes (OECD CRS high-risk list, archived 20 May 2023)",0,0,0,0,,,not_reviewed,,,,
intl-oecs-cbi-moa-2024,government,yes,Memorandum of Agreement between the Member States of the Organisation of Eastern Caribbean States offering Citizenship By Investment Programs,0,0,2,0,,,not_reviewed,,,,
intl-oecs-moa-implementation-2024,international_org,yes,Caribbean countries pressing forward with the implementation of the Memorandum of Agreement on Citizenship by Investment Programmes (OECS Media Release),0,0,1,0,,,not_reviewed,,,,
intl-sknis-moa-2024,government,yes,Historic memorandum of agreement signed by four OECS states operating citizenship by investment programmes,0,0,0,0,,,not_reviewed,,,,
intl-techcabal-africa-cbi-2026,media,no,Digital Nomads: Africa enters the golden passport market as the world tightens rules,0,0,1,0,,,not_reviewed,,,,
intl-ti-gw-european-getaway-2018,ngo,no,European Getaway: Inside the Murky World of Golden Visas,97,0,1,0,main_applicants_approved 56; rbi_investment_total 22; dependants_approved 10; applications_received 5; cbi_rbi_investment 2; persons_naturalised 1; residence_permits_issued 1,nationality; route,not_reviewed,,,,
intl-usa-proc-10998-2025,legislation,yes,"Proclamation 10998 of December 16, 2025: Restricting and Limiting the Entry of Foreign Nationals To Protect the Security of the United States",0,0,2,0,,,not_reviewed,,,,
intl-usdos-incsr-2000,government,yes,"International Narcotics Control Strategy Report 2000 (issued March 1, 2001): Money Laundering and Financial Crimes",1,0,2,0,cbi_fiscal_revenue 1,,not_reviewed,,,,
intl-usdos-incsr-2001,government,yes,"International Narcotics Control Strategy Report 2001 (issued March 1, 2002): Money Laundering and Financial Crimes",0,1,4,0,,,not_reviewed,,,,
intl-usdos-incsr-2002-ofc,government,yes,International Narcotics Control Strategy Report 2002: Offshore Financial Services Table,0,0,1,0,,,not_reviewed,,"Priority review: described as holding statistics or tables, but only 0 number(s) extracted.",,
intl-usdos-incsr-2003-ofc,government,yes,"International Narcotics Control Strategy Report 2003, Volume II: Offshore Financial Centers",0,0,1,0,,,not_reviewed,,"Priority review: described as holding statistics or tables, but only 0 number(s) extracted.",,
intl-wto-ds265-onepage,international_org,yes,"EC – Export Subsidies on Sugar (DS265, 266, 283): one-page case summary",0,0,1,0,,,not_reviewed,,,,
intl-wto-ds265-summary,international_org,yes,DS265: European Communities — Export Subsidies on Sugar (dispute summary),0,0,6,0,,,not_reviewed,,,,
irl-dail-debate-2000-04-13,government,yes,"Dáil Éireann debate, 13 April 2000: Irish Nationality and Citizenship Bill, 1999 [Seanad]: Second Stage",0,0,0,0,,,not_reviewed,,,,
irl-dail-debate-2004-10-27,government,yes,"Dáil Éireann debate, 27 October 2004: Irish Nationality and Citizenship Bill 2004: Second Stage",0,0,1,0,,,not_reviewed,,,,
irl-dail-pq-1994-10-25,government,yes,"Dáil Éireann debate, 25 October 1994: Oral Answers - Citizenship Applications (Questions 34, 45, 51, 57, 58, 69, 72, 83, 87, 88, 89, 101, 178)",5,2,1,0,applications_approved 3; applications_pending 1; applications_received 1,route,not_reviewed,,,,
irl-dail-pq-1998-06-25,government,yes,"Dáil Éireann debate, 25 June 1998 (Vol. 493 No. 2): Priority Questions - Passports for Investment Scheme [15575/98], with the Minister's summary of the 'Review ",21,2,4,0,rbi_investment_total 15; dependants_naturalised 3; main_applicants_approved 2; persons_naturalised 1,sector,not_reviewed,,,,
irl-dail-pq-2002-10-17,government,yes,"Dáil Éireann debate, 17 October 2002: Priority Questions - Passports for Investment Scheme [18486/02]",0,0,1,0,,,not_reviewed,,,,
irl-dail-wa-1994-06-14,government,yes,"Dáil Éireann debate, 14 June 1994: Written Answers - Naturalisation Applications (Questions 66, 74, 75)",3,0,0,0,applications_approved 3,,not_reviewed,,,,
irl-dail-wa-2004-12-14,government,yes,"Dáil Éireann debate, 14 December 2004: Written Answers - Citizenship Applications [33010/04]",4,0,0,0,dependants_naturalised 1; main_applicants_approved 1; persons_naturalised 1; rbi_investment_total 1,,not_reviewed,,,,
irl-dail-wa-2005-11-22,government,yes,"Dáil Éireann debate, 22 November 2005: Written Answers - Passports for Investment Scheme [35772/05]",2,0,0,0,dependants_naturalised 1; main_applicants_approved 1,,not_reviewed,,,,
irl-doj-closure-pr-2023,government,yes,Minister Harris announces closure of the Immigrant Investor Programme,2,0,1,0,applications_pending 1; rbi_investment_total 1,,not_reviewed,,,,
irl-doj-iip-interim-eval,government,yes,Interim Evaluation of the Immigrant Investor Programme ('IIP'),16,0,0,0,rbi_investment_total 10; applications_received 6,route,not_reviewed,,,,
irl-doj-iip-review-phase1,government,yes,"Review of the Immigrant Investor Programme - Phase One (social and economic analysis), final report",5,0,1,0,applications_received 2; residence_permits_issued 2; rbi_investment_total 1,nationality,not_reviewed,,,,
irl-doj-iip-review-phase2,government,yes,"Phase Two Review - Immigrant Investor Programme, Final Report (redacted)",0,0,1,0,,,not_reviewed,,,,
irl-inca-2004,legislation,yes,Irish Nationality and Citizenship Act 2004 (Number 38 of 2004),0,0,0,0,,,not_reviewed,,,,
irl-inis-changes-pr-2013,government,yes,Shatter announces changes to Immigrant Investor Programme,2,5,1,0,applications_approved 1; rbi_investment_total 1,,not_reviewed,,"Priority review: described as holding statistics or tables, but only 2 number(s) extracted.",,
irl-inis-iip-guidelines-2012,government,yes,Immigrant Investor Programme Guidelines (2012),0,5,0,0,,,not_reviewed,,,,
irl-inis-iip-guidelines-2014,government,yes,Immigrant Investor Programme 2014 Guidelines,0,2,1,0,,,not_reviewed,,,,
irl-inis-iip-guidelines-2016,government,yes,"Immigrant Investor Programme Guidelines, December 2016 (amended August 2017)",0,2,0,0,,,not_reviewed,,,,
irl-inis-iip-guidelines-2018,government,yes,"Immigrant Investor Programme Guidelines, January 2018",0,0,0,0,,,not_reviewed,,,,
irl-inis-iip-guidelines-2019,government,yes,Immigrant Investor Programme Guidelines for Applicants (published February 2019),0,0,0,0,,,not_reviewed,,,,
irl-inis-launch-pr-2012,government,yes,Formal Launch of New Programmes for Investors and Entrepreneurs,0,0,1,0,,,not_reviewed,,,,
irl-inis-new-programmes-2016,government,yes,"Investor and Entrepreneur Schemes (INIS web page, late 2016)",0,0,2,0,,,not_reviewed,,,,
irl-isd-closure-faq-2023,government,yes,FAQs - Closure of the Immigrant Investor Programme (IIP),0,0,1,0,,,not_reviewed,,,,
irl-isd-iip-external-review,government,yes,Immigrant Investor Programme - External Review (terms of reference page),0,0,1,0,,,not_reviewed,,,,
irl-isd-iip-guidelines-2022,government,yes,Immigrant Investor Programme Guidelines for Applicants (October 2022),0,0,0,0,,,not_reviewed,,,,
irl-isd-iip-processing-2023,government,yes,Processing of IIP applications on hand following the closure of the Programme,0,0,1,0,,,not_reviewed,,,,
irl-oir-wa-2012-11-07,government,yes,"Dáil Éireann written answers, 2012-11-07 (Questions 142)",2,0,0,0,applications_approved 1; applications_received 1,,not_reviewed,,,,
irl-oir-wa-2014-04-30,government,yes,"Dáil Éireann written answers, 2014-04-30 (Questions 529-530)",2,0,0,0,applications_approved 1; applications_received 1,,not_reviewed,,,,
irl-oir-wa-2017-11-07,government,yes,"Dáil Éireann written answers, 2017-11-07 (Questions 528)",1,0,0,0,rbi_investment_total 1,sector,not_reviewed,,,,
irl-oir-wa-2017-11-16,government,yes,"Dáil Éireann written answers, 2017-11-16 (Questions 120-122)",1,1,1,0,applications_received 1,,not_reviewed,,,,
irl-oir-wa-2017-12-05,government,yes,"Dáil Éireann written answers, 2017-12-05 (Questions 80)",0,0,1,0,,,not_reviewed,,,,
irl-oir-wa-2019-11-06,government,yes,"Dáil Éireann written answers, 2019-11-06 (Questions 86-97)",24,0,1,0,applications_approved 14; applications_received 10,route,not_reviewed,,,,
irl-oir-wa-2021-05-27,government,yes,"Dáil Éireann written answers, 2021-05-27 (Questions 257-260)",6,0,0,0,applications_received 6,nationality,not_reviewed,,,,
irl-oir-wa-2022-03-22,government,yes,"Dáil Éireann written answers, 2022-03-22 (Questions 781 etc.)",12,0,0,0,applications_approved 6; applications_received 6,nationality,not_reviewed,,,,
irl-oir-wa-2022-04-06,government,yes,"Dáil Éireann written answers, 2022-04-06 (Questions 183-184)",0,0,1,0,,,not_reviewed,,,,
irl-oir-wa-2022-05-04,government,yes,"Dáil Éireann written answers, 2022-05-04 (Questions 405-408)",0,0,2,0,,,not_reviewed,,"Priority review: described as holding statistics or tables, but only 0 number(s) extracted.",,
irl-oir-wa-2022-10-18,government,yes,"Dáil Éireann written answers, 2022-10-18 (Questions 655)",6,0,0,0,applications_approved 6,nationality,not_reviewed,,,,
irl-oir-wa-2022-11-16,government,yes,"Dáil Éireann written answers, 2022-11-16 (Questions 162)",2,0,0,0,applications_approved 1; rbi_investment_total 1,route,not_reviewed,,,,
irl-oir-wa-2023-02-28,government,yes,"Dáil Éireann written answers, 2023-02-28 (Questions 486-487)",51,0,0,0,applications_approved 21; rbi_investment_total 17; applications_received 12; applications_rejected 1,nationality; route,not_reviewed,,,,
irl-oir-wa-2023-06-20,government,yes,"Dáil Éireann written answers, 2023-06-20 (Questions 448-455)",5,0,1,0,applications_approved 5,nationality,not_reviewed,,,,
irl-oir-wa-2025-07-29,government,yes,"Dáil Éireann written answers, 2025-07-29 (Questions 2105-2106)",11,0,0,0,applications_approved 5; rbi_investment_total 5; applications_pending 1,route,not_reviewed,,,,
irl-oir-wa-2025-12-16,government,yes,"Dáil Éireann written answers, 2025-12-16 (Questions 716)",1,0,0,0,applications_pending 1,,not_reviewed,,,,
irl-oir-wa-2026-03-18,government,yes,"Dáil Éireann written answers, 2026-03-18 (Questions 1285)",47,0,1,0,applications_approved 15; applications_received 15; rbi_investment_total 15; applications_pending 1; applications_rejected 1,,not_reviewed,,,,
irl-rte-golden-visa-2025,media,no,Calls for investigation into axed golden visa scheme,0,0,1,0,,,not_reviewed,,,,
ita-mimit-investor-visa-page-2026,government,yes,Investor Visa for Italy: un visto per attrarre investimenti strategici dall'estero,0,0,0,0,,,not_reviewed,,,,
ita-mimit-iv4i-dm-2017-07-21,legislation,yes,Decreto interministeriale 21 luglio 2017 (MISE - Interno - MAECI) sulla procedura di ingresso e soggiorno per investitori,0,0,0,0,,,not_reviewed,,,,
ita-mimit-iv4i-home-en-2026,government,yes,Investor Visa for Italy - programme portal home page (English),0,0,2,0,,,not_reviewed,,,,
ita-mimit-iv4i-manuale-2021,government,yes,Investor Visa for Italy - Manuale operativo (aggiornato 19 luglio 2021),0,0,1,0,,,not_reviewed,,,,
ita-mimit-relazione-startup-2022,government,yes,Relazione annuale al Parlamento sullo stato di attuazione e l'impatto delle policy a sostegno di startup e PMI innovative - 2022,3,0,0,0,applications_received 2; applications_rejected 1,nationality; route,not_reviewed,,,,
ita-mise-relazione-startup-2020,government,yes,"Relazione annuale al Parlamento sullo stato di attuazione e l'impatto delle policy a sostegno di startup e PMI innovative (edizione 2020, dati 2019)",9,0,1,0,applications_received 8; applications_rejected 1,nationality; route,not_reviewed,,,,
ita-normattiva-dl-34-2020-art38,legislation,yes,"Decreto-legge 19 maggio 2020, n. 34 (Decreto Rilancio), art. 38 - testo originario",0,2,1,0,,,not_reviewed,,,,
ita-normattiva-dl-76-2020-art40quater,legislation,yes,"Decreto-legge 16 luglio 2020, n. 76, art. 40-quater 'Semplificazioni in materia di visto per investitori esteri' (inserted by L. 11 settembre 2020, n. 120)",0,0,1,0,,,not_reviewed,,,,
ita-normattiva-l-193-2024-art35,legislation,yes,"Legge 16 dicembre 2024, n. 193 (Legge annuale per il mercato e la concorrenza 2023), art. 35",0,1,1,0,,,not_reviewed,,,,
ita-normattiva-tui-art26bis-2017,legislation,yes,"D.Lgs. 25 luglio 1998, n. 286 (Testo unico immigrazione), art. 26-bis 'Ingresso e soggiorno per investitori' - testo vigente al 1-1-2017",0,4,1,0,,,not_reviewed,,,,
ita-normattiva-tui-art26bis-2026,legislation,yes,"D.Lgs. 25 luglio 1998, n. 286 (Testo unico immigrazione), art. 26-bis - testo vigente (in vigore dal 18-12-2024)",0,0,0,0,,,not_reviewed,,,,
ita-normattiva-tui-art26bis-history,legislation,yes,"D.Lgs. 286/1998, art. 26-bis - Aggiornamenti all'articolo (amendment history)",0,0,0,0,,,not_reviewed,,,,
jor-jic-206-investors-2020,government,yes,206 foreign investors granted Jordanian nationality since October 2,10,5,1,0,main_applicants_approved 4; rbi_investment_total 4; applications_pending 1; cbi_linked_employment 1,route,not_reviewed,,,,
jor-jic-conditions-2021,government,yes,تقديم حوافز وتسهيلات للاستثمارات - إمكانية منح الجنسية الأردنية عن طريق الاستثمار (conditions sheet),0,7,0,0,,,not_reviewed,,,,
jor-moi-brochure-2025,government,yes,فرص الحصول على الجنسية الأردنية والإقامة عن طريق الاستثمار (brochure),0,0,0,0,,,not_reviewed,,,,
jor-moin-bases-2023,government,yes,"المعايير والضوابط لمنح المستثمرين الجنسية الأردنية أو الإقامة لمدة خمس سنوات في المملكة الأردنية الهاشمية (Criteria and controls, Cabinet decisions 3657/2021 an",0,2,1,0,,,not_reviewed,,,,
jor-moin-mechanism-4375-2025,government,yes,آلية تنفيذ قرار مجلس الوزراء رقم (4375) تاريخ 2025/7/2 المتعلق بمنح المستثمرين الجنسية الأردنية أو الإقامة لمدة خمس سنوات (Implementing mechanism of Cabinet dec,0,9,2,0,,,not_reviewed,,,,
jor-pm-cabinet-bases-2021,government,yes,مجلس الوزراء يوافق على تعديل أسس منح الجنسية للمستثمرين (Cabinet approves amended bases for granting citizenship to investors),0,6,1,0,,,not_reviewed,,,,
khm-ann-ppp-thresholds-2026,media,no,Cambodian citizenship available to $3M donors; $1M investors,0,0,0,0,,,not_reviewed,,,,
khm-b2b-citizenship-2021,media,no,Nearly 600 Foreigners Obtained Cambodian Citizenship from 2020-2021,2,0,0,0,persons_naturalised 2,,not_reviewed,,,,
khm-cdc-law-nationality-1996,legislation,yes,"Law on Nationality (Preah Reach Kram NS/RKM/1096/30, promulgated 9 October 1996), unofficial English translation",0,2,1,0,,,not_reviewed,,,,
khm-diplomat-naturalisation-2026,media,no,"All in the Family: Citizenship, Crime, and Plausible Deniability in Cambodia",1,0,0,0,persons_naturalised 1,,not_reviewed,,,,
khm-law-nationality-2018,legislation,yes,"ច្បាប់ស្តីពីសញ្ជាតិ (Law on Nationality), Preah Reach Kram NS/RKM/0618/008 of 21 June 2018",0,0,1,0,,,not_reviewed,,,,
khm-law-nationality-amend-2025,legislation,yes,"ច្បាប់ស្តីពីវិសោធនកម្មច្បាប់ស្តីពីសញ្ជាតិ (Law on the Amendment to the Law on Nationality), Preah Reach Kram NS/RKM/0925/030 of 5 September 2025",0,0,0,0,,,not_reviewed,,,,
khm-occrp-citizenship-data-2024,media,no,Criminals May Benefit As Cambodia Hides New Citizenship Data,2,0,0,0,persons_naturalised 2,,not_reviewed,,,,
khm-occrp-haven-2026,media,no,How Cambodia Became A Haven For Criminals,0,0,1,0,,,not_reviewed,,,,
khm-st-citizenship-data-2024,media,no,Cambodia stops publishing details of new citizenships issued to foreigners,2,0,2,0,persons_naturalised 2,,not_reviewed,,,,
khm-subdecree-225-2025,legislation,yes,"អនុក្រឹត្យ ស្តីពីការអនុវត្តច្បាប់ស្តីពីសញ្ជាតិ (Sub-decree No. 225 on the implementation of the Law on Nationality), 1 December 2025",0,2,2,0,,,not_reviewed,,,,
kna-act-11-2024,legislation,yes,"Citizenship by Investment Unit Act, 2024 (No. 11 of 2024)",0,0,1,0,,,not_reviewed,,"Priority review: described as holding statistics or tables, but only 0 number(s) extracted.",,
kna-audit-report-2016,government,yes,Report by the Director of Audit on the Public Accounts for the year 2016,1,0,0,0,cbi_fiscal_revenue 1,,not_reviewed,,"Priority review: described as holding statistics or tables, but only 1 number(s) extracted.",,
kna-audit-report-2018,government,yes,Report by the Director of Audit on the Public Accounts for the year 2018,2,0,0,0,cbi_fiscal_revenue 1; cbi_fiscal_revenue_pct_revenue 1,,not_reviewed,,"Priority review: described as holding statistics or tables, but only 2 number(s) extracted.",,
kna-audit-report-2019,government,yes,Report by the Director of Audit on the Public Accounts for the year 2019,2,0,0,0,cbi_fiscal_revenue 1; cbi_fiscal_revenue_pct_revenue 1,,not_reviewed,,"Priority review: described as holding statistics or tables, but only 2 number(s) extracted.",,
kna-audit-report-2020,government,yes,Report by the Director of Audit on the Public Accounts for the year 2020,2,0,0,0,cbi_fiscal_revenue 1; cbi_fiscal_revenue_pct_revenue 1,,not_reviewed,,"Priority review: described as holding statistics or tables, but only 2 number(s) extracted.",,
kna-audit-report-2021,government,yes,Report by the Director of Audit on the Public Accounts for the year 2021,2,0,0,0,cbi_fiscal_revenue 1; cbi_fiscal_revenue_pct_revenue 1,,not_reviewed,,"Priority review: described as holding statistics or tables, but only 2 number(s) extracted.",,
kna-audit-report-2022,government,yes,Report by the Director of Audit on the Public Accounts for the year 2022,2,0,0,0,cbi_fiscal_revenue 1; cbi_fiscal_revenue_pct_revenue 1,,not_reviewed,,"Priority review: described as holding statistics or tables, but only 2 number(s) extracted.",,
kna-audit-report-2023,government,yes,Report by the Director of Audit on the Public Accounts for the year 2023,2,0,0,0,cbi_fiscal_revenue 1; cbi_fiscal_revenue_pct_revenue 1,,not_reviewed,,"Priority review: described as holding statistics or tables, but only 2 number(s) extracted.",,
kna-audit-report-2024,government,yes,Report by the Director of Audit on the Public Accounts for the year 2024,2,0,1,0,cbi_fiscal_revenue 1; cbi_fiscal_revenue_pct_revenue 1,,not_reviewed,,"Priority review: described as holding statistics or tables, but only 2 number(s) extracted.",,
kna-canada-gazette-sor-2014-267,government,yes,"Regulations Amending the Immigration and Refugee Protection Regulations (SOR/2014-267), Canada Gazette Part II, Vol. 148, No. 25",0,0,2,0,,,not_reviewed,,,,
kna-ciu-address-2022-12,government,yes,"Official Address of the Head of the Citizenship by Investment Unit, Michael Martin (December 2022)",0,3,0,0,,,not_reviewed,,,,
kna-ciu-chairman-update-2025-12,government,yes,"Quarterly Chairman Update, December 2025 Edition",0,0,1,0,,,not_reviewed,,,,
kna-ciu-fincen-rescission-2026,government,yes,St. Kitts and Nevis Citizenship Unit confirms rescission of FinCEN advisory,0,0,1,0,,,not_reviewed,,,,
kna-ciu-press-2023-07,government,yes,St Kitts and Nevis announces further monumental changes to its Citizenship by Investment Programme (press release),0,1,0,0,,,not_reviewed,,,,
kna-ciu-web-2026-09,government,yes,Citizenship Unit website pages: Sustainable Island State Contribution; Real Estate Investment; Previous Options Transition; Our Impact,0,1,0,0,,,not_reviewed,,,,
kna-ec-swd-2025-429,eu,yes,"Commission Staff Working Document accompanying the Eighth Report under the Visa Suspension Mechanism, SWD(2025) 429 final",10,0,1,0,applications_received 4; applications_rejected 3; passports_issued 3,,not_reviewed,,,,
kna-fincen-advisory-2014,government,yes,FIN-2014-A004: Abuse of the Citizenship-by-Investment Program Sponsored by the Federation of St. Kitts and Nevis,0,2,1,0,,,not_reviewed,,,,
kna-imf-art4-2021,imf,yes,St. Kitts and Nevis: 2021 Article IV Consultation - Press Release; Staff Report; and Statement by the Executive Director (IMF Country Report No. 21/236),10,4,0,0,cbi_fiscal_revenue 5; cbi_fiscal_revenue_pct_gdp 4; cbi_fiscal_revenue_pct_revenue 1,,not_reviewed,,,,
kna-imf-art4-2023,imf,yes,St. Kitts and Nevis: 2023 Article IV Consultation - Press Release; Staff Report; and Statement by the Executive Director (IMF Country Report No. 23/130),10,0,0,0,cbi_fiscal_revenue_pct_gdp 6; cbi_fiscal_revenue 4,,not_reviewed,,,,
kna-imf-art4-2025,imf,yes,St. Kitts and Nevis: 2025 Article IV Consultation - Press Release; Staff Report; and Statement by the Alternate Executive Director (IMF Country Report No. 25/10,11,0,1,0,cbi_fiscal_revenue_pct_gdp 9; cbi_capital_account_inflows_pct_gdp 2,,not_reviewed,,,,
kna-imf-cr-14-49,imf,yes,St. Kitts and Nevis: Fifth and Sixth Reviews under the Stand-By Arrangement ... Staff Report; Press Release (IMF Country Report No. 14/49),1,3,0,0,cbi_fiscal_revenue_pct_gdp 1,,not_reviewed,,,,
kna-imf-pr-2014,imf,yes,IMF Executive Board Concludes 2014 Article IV Consultation with St. Kitts and Nevis (Press Release No. 14/138),2,0,0,0,cbi_fiscal_revenue_pct_gdp 2,,not_reviewed,,,,
kna-imf-pr-2017,imf,yes,IMF Executive Board Concludes 2017 Article IV Consultation with St. Kitts and Nevis (Press Release No. 17/261),5,0,0,0,cbi_fiscal_revenue_pct_gdp 5,,not_reviewed,,,,
kna-imf-pr-2018,imf,yes,IMF Executive Board Concludes 2018 Article IV Consultation with St. Kitts and Nevis (Press Release No. 22/400),4,0,0,0,cbi_fiscal_revenue_pct_gdp 4,,not_reviewed,,,,
kna-imf-pr-2021,imf,yes,St. Kitts and Nevis: IMF Executive Board Concludes 2021 Article IV Consultation (Press Release No. 21/317),4,0,0,0,cbi_fiscal_revenue_pct_gdp 4,,not_reviewed,,,,
kna-imf-pr-2024,imf,yes,IMF Executive Board Concludes 2024 Article IV Consultation with St. Kitts and Nevis (Press Release No. 24/164),7,0,0,0,cbi_fiscal_revenue_pct_gdp 7,,not_reviewed,,,,
kna-imf-pr-2026,imf,yes,IMF Executive Board Concludes 2026 Article IV Consultation with St. Kitts and Nevis (Press Release No. 26/143),6,0,0,0,cbi_fiscal_revenue_pct_gdp 6,,not_reviewed,,,,
kna-imf-wp-15-93,imf,yes,Too Much of a Good Thing? Prudent Management of Inflows under Economic Citizenship Programs (IMF Working Paper WP/15/93),9,0,1,0,ndf_income_pct_gdp 7; cbi_fiscal_revenue_pct_gdp 1; cbi_ndf_inflows_pct_gdp 1,,not_reviewed,,,,
kna-imidaily-2024-12-10,media,no,"100,000+ Caribbean CBI Passports Since 2014, Rich EU Data Set Reveals",2,0,0,0,applications_received 1; passports_issued 1,,not_reviewed,,,,
kna-imidaily-2025-04-08,media,no,"St Kitts Revokes 13 Citizenships, Blacklists 2 Well-Known Marketing Agents",0,0,1,0,,,not_reviewed,,,,
kna-mof-budget-address-2023,government,yes,2023 Budget Address (Prime Minister and Minister of Finance),1,0,0,0,cbi_fiscal_revenue_pct_revenue 1,,not_reviewed,,,,
kna-mof-budget-address-2024,government,yes,2024 Budget Address (Prime Minister and Minister of Finance),0,0,1,0,,,not_reviewed,,,,
kna-mof-budget-address-2025,government,yes,2025 Budget Address (Prime Minister and Minister of Finance),0,0,1,0,,,not_reviewed,,,,
kna-mof-budget-address-2026,government,yes,2026 Budget Address (Prime Minister and Minister of Finance),0,0,1,0,,,not_reviewed,,,,
kna-mof-estimates-2010-v1,government,yes,"Estimates for the Year 2010, Volume I",3,0,0,0,cbi_fiscal_revenue 3,,not_reviewed,,,,
kna-mof-estimates-2011-v1,government,yes,"Estimates for the Year 2011, Volume I",3,0,0,0,cbi_fiscal_revenue 3,,not_reviewed,,,,
kna-mof-estimates-2012-v1,government,yes,"Estimates for the Year 2012, Volume I",3,0,0,0,cbi_fiscal_revenue 3,,not_reviewed,,,,
kna-mof-estimates-2013-v1,government,yes,"Estimates for the Year 2013, Volume I",3,0,0,0,cbi_fiscal_revenue 3,,not_reviewed,,,,
kna-mof-estimates-2014-v1,government,yes,"Estimates for the Year 2014, Volume I",3,0,0,0,cbi_fiscal_revenue 3,,not_reviewed,,,,
kna-mof-estimates-2015-v1,government,yes,"Estimates for the Year 2015, Volume I",3,0,0,0,cbi_fiscal_revenue 3,,not_reviewed,,,,
kna-mof-estimates-2016-v1,government,yes,"Estimates for the Year 2016, Volume I",3,0,0,0,cbi_fiscal_revenue 3,,not_reviewed,,,,
kna-mof-estimates-2017-v1,government,yes,"Estimates for the Year 2017, Volume I",3,0,0,0,cbi_fiscal_revenue 3,,not_reviewed,,,,
kna-mof-estimates-2018-v1,government,yes,"Estimates for the Year 2018, Volume I (Federal Government of St. Kitts and Nevis)",3,0,0,0,cbi_fiscal_revenue 3,,not_reviewed,,,,
kna-mof-estimates-2019-v1,government,yes,"Estimates for the Year 2019, Volume I (Federal Government of St. Kitts and Nevis)",3,0,0,0,cbi_fiscal_revenue 3,,not_reviewed,,,,
kna-mof-estimates-2021-v1,government,yes,"Estimates for the Year 2021, Volume I (Federal Government of St. Kitts and Nevis)",3,0,0,0,cbi_fiscal_revenue 3,,not_reviewed,,,,
kna-mof-estimates-2022-v1,government,yes,"Estimates for the Year 2022, Volume I (Federal Government of St. Kitts and Nevis)",3,0,0,0,cbi_fiscal_revenue 3,,not_reviewed,,,,
kna-mof-estimates-2023-v1,government,yes,"Estimates for the Year 2023, Volume I (Federal Government of St. Kitts and Nevis)",3,0,0,0,cbi_fiscal_revenue 3,,not_reviewed,,,,
kna-mof-estimates-2024-v1,government,yes,"Estimates for the Year 2024, Volume I (Federal Government of St. Kitts and Nevis)",3,0,0,0,cbi_fiscal_revenue 3,,not_reviewed,,,,
kna-mof-estimates-2025-v1,government,yes,"Estimates for the Year 2025, Volume I (Federal Government of St. Kitts and Nevis)",3,0,0,0,cbi_fiscal_revenue 3,,not_reviewed,,,,
kna-mof-estimates-2026-v1,government,yes,"Estimates for the Year 2026, Volume I (Federal Government of St. Kitts and Nevis)",4,0,0,0,cbi_fiscal_revenue 4,,not_reviewed,,,,
kna-sknis-canada-partial-waiver-2023-06-06,government,yes,Canada accords partial visa waiver to citizens of St. Kitts and Nevis,0,0,1,0,,,not_reviewed,,,,
kna-sknis-new-cbi-regs-2022-12-27,government,yes,"New Citizenship by Investment regulations envisage a professional Board of Governors to be appointed effective January 1, 2023",0,0,1,0,,,not_reviewed,,,,
kna-sknis-pm-cbi-speech-2024-10-17,government,yes,State of the Citizenship by Investment Programme Speech by Prime Minister Hon. Dr. Terrance Drew,6,0,3,0,cbi_fiscal_revenue 6,,not_reviewed,,,,
kna-sro-1-2026,legislation,yes,"Saint Christopher and Nevis Citizenship by Substantial Investment (Amendment) Regulations, 2026 (S.R.O. No. 1 of 2026)",0,1,1,0,,,not_reviewed,,,,
kna-sro-20-2024,legislation,yes,"Saint Christopher and Nevis Citizenship by Substantial Investment Regulations, 2024 (S.R.O. No. 20 of 2024)",0,1,1,0,,,not_reviewed,,,,
kna-sro-26-2023,legislation,yes,"Saint Christopher and Nevis Citizenship by Substantial Investment Regulations, 2023 (S.R.O. No. 26 of 2023)",0,6,1,0,,,not_reviewed,,,,
kna-sro-27-2023,legislation,yes,"Saint Christopher and Nevis Citizenship By Investment (Exclusion) Order, 2023 (S.R.O. No. 27 of 2023)",0,0,1,0,,,not_reviewed,,,,
kna-sro-43-2024,legislation,yes,"Saint Christopher and Nevis Citizenship by Substantial Investment (Amendment) Regulations, 2024 (S.R.O. No. 43 of 2024)",0,3,1,0,,,not_reviewed,,,,
kna-sugar-faostat-qcl,international_org,yes,"FAOSTAT Crops and livestock products (QCL), bulk download Production_Crops_Livestock_E_Americas: St Kitts and Nevis sugar rows",91,0,0,0,sugar_cane_production 46; sugar_production 45,,not_reviewed,,,,
kna-sugar-faostat-tcl,international_org,yes,"FAOSTAT Crops and livestock products trade (TCL), bulk download Trade_CropsLivestock_E_Americas: St Kitts and Nevis sugar rows",94,0,0,0,sugar_export_value 47; sugar_exports_quantity 47,,not_reviewed,,,,
kna-sugar-imf-cr07141,imf,yes,St. Kitts and Nevis: 2006 Article IV Consultation—Staff Report; Staff Statement; and Public Information Notice on the Executive Board Discussion (IMF Country Re,22,0,1,0,sugar_exports_pct_gdp 6; sugar_export_value 5; sugar_industry_debt_pct_gdp 5; sugar_industry_employment 2; eu_sugar_protocol_adjustment_aid 1; sugar_industry_employment_pct_labour_force 1; sugar_industry_losses_pct_gdp 1; sugar_severance_cost 1,,not_reviewed,,,,
kna-sugar-imf-cr1449,imf,yes,St. Kitts and Nevis: Fifth and Sixth Reviews under the Stand-By Arrangement (IMF Country Report No. 14/49),0,0,1,0,,,not_reviewed,,,,
kna-sugar-oecs-retraining-2005,international_org,yes,St. Kitts and Nevis: Retraining the Sugar Workers,3,0,1,0,sugar_industry_employment 1; sugar_industry_employment_pct_labour_force 1; sugar_severance_cost 1,,not_reviewed,,,,
kor-moj-public-investment-2023,government,yes,(보도자료) 법무부가 국민의 눈높이에 맞춰 공익사업 투자이민제도를 개선합니다. (2023. 6. 29.),0,5,2,0,,,not_reviewed,,,,
kor-moj-public-investment-page-2026,government,yes,공익사업 투자이민제 (Ministry of Justice web page),0,0,0,0,,,not_reviewed,,,,
kor-moj-tourism-investment-2023,government,yes,"(보도자료) 법무부, 국민의 눈높이에 맞춰 부동산 투자이민제도를 전면 개편합니다. (2023. 5. 1.)",0,1,2,0,,,not_reviewed,,,,
kor-segye-investment-immigration-2023,media,no,"법무부, '공익사업 투자이민제도' 기준액 대폭 상향",6,0,0,0,residence_permits_issued 4; cbi_rbi_persons 2,nationality,not_reviewed,,,,
kor-segye-jeju-2024,media,no,"제주도 ""대만 언론 과장 보도"" ""투자이민 금액도 사실과 달라…F-2비자 5억→10억 상향""",6,1,0,0,properties_acquired_for_cbi 5; settlement_grants 1,,not_reviewed,,,,
kor-segye-jeju-fdi-2024,media,no,'제주도가 중국 땅 된다'는 옛말… 직접투자 비중 중화권 5.7∼17.8%에 그쳐,2,0,0,0,properties_acquired_for_cbi 2,,not_reviewed,,,,
lca-cbi-act-2015,legislation,yes,"Citizenship by Investment Act, No. 14 of 2015",0,0,1,0,,,not_reviewed,,,,
lca-cbi-act-amend-2025,legislation,yes,"Citizenship by Investment (Amendment) Act, No. 22 of 2025",0,0,1,0,,,not_reviewed,,,,
lca-cbi-regs-2015,legislation,yes,"Citizenship by Investment Regulations, S.I. No. 89 of 2015",0,5,0,0,,,not_reviewed,,,,
lca-cbi-regs-2016b,legislation,yes,"Citizenship by Investment (Amendment) Regulations, S.I. No. 105 of 2016",0,2,0,0,,,not_reviewed,,,,
lca-cbi-regs-2017,legislation,yes,"Citizenship by Investment (Amendment) Regulations, S.I. No. 1 of 2017",0,0,0,0,,,not_reviewed,,"Priority review: described as holding statistics or tables, but only 0 number(s) extracted.",,
lca-cbi-regs-2020a,legislation,yes,"Citizenship by Investment (Amendment) Regulations, S.I. No. 73 of 2020",0,2,1,0,,,not_reviewed,,,,
lca-cbi-regs-2020b,legislation,yes,"Citizenship by Investment (Amendment) (No. 2) Regulations, S.I. No. 214 of 2020",0,1,0,0,,,not_reviewed,,,,
lca-cbi-regs-2022a,legislation,yes,"Citizenship by Investment (Amendment) Regulations, S.I. No. 4 of 2022",0,1,0,0,,,not_reviewed,,,,
lca-cbi-regs-2022b,legislation,yes,"Citizenship by Investment (Amendment) (No. 2) Regulations, S.I. No. 222 of 2022",0,2,1,0,,,not_reviewed,,,,
lca-cbi-regs-2023,legislation,yes,"Citizenship by Investment (Amendment) Regulations, S.I. No. 162 of 2023",0,1,0,0,,,not_reviewed,,,,
lca-cbi-regs-2024b,legislation,yes,"Citizenship by Investment (Amendment) (No. 2) Regulations, S.I. No. 106 of 2024",0,3,1,0,,,not_reviewed,,,,
lca-cbi-regs-2026,legislation,yes,"Citizenship by Investment (Amendment) Regulations, S.I. No. 57 of 2026",0,1,1,0,,,not_reviewed,,,,
lca-ciu-ar-2015-16,government,yes,Citizenship by Investment Programme Saint Lucia: Annual Report 2015-2016,1,0,0,0,cbi_unit_revenue 1,,not_reviewed,,"Priority review: described as holding statistics or tables, but only 1 number(s) extracted.",,
lca-ciu-ar-2016-17,government,yes,Citizenship by Investment Programme Saint Lucia: Annual Report 2016-2017,2,0,1,0,applications_approved 1; applications_received 1,,not_reviewed,,"Priority review: described as holding statistics or tables, but only 2 number(s) extracted.",,
lca-ciu-ar-2017-18,government,yes,CIP Saint Lucia Annual Report 2017/18,9,0,1,0,applications_rejected 2; cbi_transfers_to_government 2; applications_approved 1; applications_received 1; cbi_contributions 1; cbi_unit_revenue 1; persons_naturalised 1,,not_reviewed,,,,
lca-ciu-ar-2018-19,government,yes,CIP Saint Lucia Annual Report 2018-2019,8,0,0,0,cbi_transfers_to_government 2; cbi_unit_revenue 2; applications_approved 1; applications_received 1; cbi_contributions 1; persons_naturalised 1,,not_reviewed,,,,
lca-ciu-ar-2019-20,government,yes,CIP Saint Lucia Annual Report 2019/2020,6,0,0,0,applications_approved 1; applications_received 1; applications_rejected 1; cbi_transfers_to_government 1; cbi_unit_revenue 1; persons_naturalised 1,,not_reviewed,,,,
lca-ciu-ar-2020-21,government,yes,CIP Saint Lucia Annual Report 2020-2021,9,0,0,0,cbi_transfers_to_government 4; applications_approved 1; applications_received 1; cbi_bond_purchases 1; cbi_unit_revenue 1; persons_naturalised 1,,not_reviewed,,,,
lca-ciu-ar-2021-22,government,yes,CIP Saint Lucia Annual Report 2021-2022,12,0,2,0,cbi_contributions 3; applications_approved 2; cbi_transfers_to_government 2; applications_received 1; applications_rejected 1; cbi_bond_purchases 1; cbi_inflows 1; cbi_unit_revenue 1,,not_reviewed,,,,
lca-ciu-ar-2022-23,government,yes,CIP Saint Lucia Annual Report 2022-2023,9,0,0,0,cbi_bond_purchases 3; applications_approved 1; applications_received 1; applications_rejected 1; cbi_real_estate_inflows 1; cbi_transfers_to_government 1; cbi_unit_revenue 1,,not_reviewed,,,,
lca-ciu-ar-2023-24,government,yes,"Citizenship by Investment Annual Report 2023-2024: Rooted in Integrity, Growing with Purpose",10,0,0,0,applications_received 2; cbi_contributions 2; cbi_transfers_to_government 2; applications_approved 1; applications_rejected 1; cbi_bond_purchases 1; cbi_unit_revenue 1,,not_reviewed,,,,
lca-ciu-ar-2024-25,government,yes,Citizenship by Investment Annual Report 2024-2025: Continued Investment in People,10,0,1,0,applications_rejected 3; applications_received 2; cbi_transfers_to_government 2; applications_approved 1; cbi_contributions 1; cbi_unit_revenue 1,,not_reviewed,,,,
lca-gov-budget-2024,government,yes,"Budget Address 2024-2025, Prime Minister and Minister for Finance Philip J. Pierre",0,0,2,0,,,not_reviewed,,,,
lca-imf-art4-2017,imf,yes,St. Lucia: 2017 Article IV Consultation - Press Release and Staff Report (IMF Country Report No. 17/76),3,0,0,0,cbi_fiscal_revenue 3,,not_reviewed,,,,
lca-imf-art4-2018,imf,yes,St. Lucia: 2018 Article IV Consultation - Press Release; Staff Report (IMF Country Report No. 18/179),5,0,0,0,cbi_fiscal_revenue 4; cbi_fiscal_revenue_pct_gdp 1,,not_reviewed,,,,
lca-imf-art4-2019,imf,yes,St. Lucia: 2019 Article IV Consultation - Press Release and Staff Report,4,0,0,0,cbi_fiscal_revenue 3; cbi_fiscal_revenue_pct_gdp 1,,not_reviewed,,,,
lca-imf-art4-2022,imf,yes,St. Lucia: 2022 Article IV Consultation - Press Release; Staff Report; and Statement by the Executive Director,5,0,0,0,cbi_fiscal_revenue 4; cbi_inflows_pct_gdp 1,,not_reviewed,,,,
lca-imf-art4-2023,imf,yes,St. Lucia: 2023 Article IV Consultation - Press Release and Staff Report (IMF Country Report No. 24/68),3,0,0,0,cbi_fiscal_revenue 3,,not_reviewed,,,,
lca-imf-art4-2024,imf,yes,St. Lucia: 2024 Article IV Consultation - Press Release; Staff Report; and Statement by the Executive Director,3,0,0,0,cbi_fiscal_revenue_pct_gdp 3,,not_reviewed,,,,
lca-imf-art4-2025,imf,yes,St. Lucia: 2025 Article IV Consultation - Press Release and Staff Report (IMF Country Report No. 26/3),5,0,0,0,cbi_fiscal_revenue_pct_gdp 5,,not_reviewed,,,,
lca-imf-rcf-2020,imf,yes,St. Lucia: Request for Disbursement Under the Rapid Credit Facility - Press Release and Staff Report (IMF Country Report No. 20/157),2,0,0,0,cbi_fiscal_revenue 2,,not_reviewed,,"Priority review: described as holding statistics or tables, but only 2 number(s) extracted.",,
lca-imidaily-2026-04,media,no,"Saint Lucia CIP Applications Surge 424% to 5642, Revenue Nearly Quadruples",1,0,0,0,cbi_unit_revenue 1,,not_reviewed,,,,
lca-mof-estimates-2016-17,government,yes,Estimates of Revenue and Expenditure 2016-2017,4,0,0,0,cbi_fiscal_revenue 4,,not_reviewed,,,,
lca-mof-estimates-2017-18,government,yes,Estimates of Revenue and Expenditure 2017-2018 (draft estimates),2,0,0,0,cbi_fiscal_revenue 2,,not_reviewed,,,,
lca-mof-estimates-2018-19,government,yes,Estimates of Revenue and Expenditure 2018-2019 (draft estimates),3,0,0,0,cbi_fiscal_revenue 3,,not_reviewed,,,,
lca-mof-estimates-2019-20,government,yes,2019-2020 Estimates of Revenue and Expenditure,3,0,0,0,cbi_fiscal_revenue 3,,not_reviewed,,,,
lca-mof-estimates-2020-21,government,yes,Estimates of Revenue and Expenditure 2020-2021 (draft estimates),4,0,0,0,cbi_fiscal_revenue 3; cbi_transfers_to_government 1,category,not_reviewed,,,,
lca-mof-estimates-2021-22,government,yes,Estimates of Revenue and Expenditure 2021-2022 (draft estimates),3,0,0,0,cbi_transfers_to_government 2; cbi_fiscal_revenue 1,category,not_reviewed,,,,
lca-mof-estimates-2022-23,government,yes,Estimates of Revenue and Expenditure for FY 2022-2023 (draft copy),6,0,0,0,cbi_transfers_to_government 6,category,not_reviewed,,,,
lca-mof-estimates-2024-25,government,yes,2024-2025 Estimates of Revenue & Expenditure,1,0,0,0,cbi_transfers_to_government 1,category,not_reviewed,,,,
lca-nafsa-2025-12,ngo,no,"Proclamation of December 16, 2025: Travel Ban Effective January 1, 2026",0,0,1,0,,,not_reviewed,,,,
lca-nef-act-2019,legislation,yes,"Saint Lucia National Economic Fund Act, No. 18 of 2019",0,0,1,0,,,not_reviewed,,,,
lca-slutimes-2026-08,media,no,Inside Saint Lucia's latest CIP report: $402.2m generated in 2024/25,3,0,0,0,applications_received 1; cbi_transfers_to_government 1; cbi_unit_revenue 1,,not_reviewed,,,,
ltu-seimas-aliens-law-2026,legislation,yes,"Lietuvos Respublikos įstatymas dėl užsieniečių teisinės padėties (Nr. IX-2206), suvestinė redakcija 2026-07-01 - 2026-10-31",0,2,1,0,,,not_reviewed,,,,
lux-chd-pl-8586-2025,legislation,yes,Projet de loi n° 8586 portant modification de la loi modifiée du 29 août 2008 sur la libre circulation des personnes et l'immigration (document de dépôt),6,0,1,0,residence_permits_issued 5; residence_renewals_refused 1,,not_reviewed,,,,
lux-mfin-faq-investor-2018,government,yes,FAQ Titre de séjour Investisseur,0,4,0,0,,,not_reviewed,,,,
lux-paperjam-2019-02-12,media,no,Six visas dorés accordés au Luxembourg,1,0,0,0,residence_permits_issued 1,,not_reviewed,,,,
lva-likumi-immigration-law-2010-07,legislation,yes,"Imigrācijas likums (Immigration Law), consolidated version 01.07.2010.-03.02.2011.",0,4,0,0,,,not_reviewed,,,,
lva-likumi-immigration-law-2011-06,legislation,yes,"Imigrācijas likums (Immigration Law), consolidated version 16.06.2011.-30.06.2011.",0,4,1,0,,,not_reviewed,,,,
lva-likumi-immigration-law-2014-01,legislation,yes,"Imigrācijas likums (Immigration Law), consolidated version 01.01.2014.-30.06.2014.",0,5,1,0,,,not_reviewed,,,,
lva-likumi-immigration-law-2014-09,legislation,yes,"Imigrācijas likums (Immigration Law), consolidated version 01.09.2014.-31.12.2014.",0,3,1,0,,,not_reviewed,,,,
lva-likumi-immigration-law-2015-01,legislation,yes,"Imigrācijas likums (Immigration Law), consolidated version 01.01.2015.-30.06.2016.",0,2,0,0,,,not_reviewed,,,,
lva-likumi-immigration-law-2016-07,legislation,yes,"Imigrācijas likums (Immigration Law), consolidated version 01.07.2016.-01.03.2017.",0,5,1,0,,,not_reviewed,,,,
lva-likumi-immigration-law-2017-03,legislation,yes,"Imigrācijas likums (Immigration Law), consolidated version 02.03.2017.-30.04.2017.",0,1,1,0,,,not_reviewed,,,,
lva-likumi-immigration-law-2022-09,legislation,yes,"Imigrācijas likums (Immigration Law), consolidated version 24.09.2022.-19.04.2023.",0,0,1,0,,,not_reviewed,,,,
lva-likumi-immigration-law-2026-05,legislation,yes,"Imigrācijas likums (Immigration Law, adopted 31.10.2002), last consolidated version 20.05.2026.-14.09.2026. (status: Zaudējis spēku / no longer in force)",0,0,3,0,,,not_reviewed,,,,
lva-likumi-immigration-law-new-2026,legislation,yes,"Imigrācijas likums (new Immigration Law), adopted by the Saeima 20.08.2026, published Latvijas Vēstnesis 167, 01.09.2026, in force 15.09.2026",0,4,1,0,,,not_reviewed,,,,
lva-pmlp-annual-report-2014,government,yes,Pilsonības un migrācijas lietu pārvaldes 2014.gada publiskais pārskats (PMLP public annual report 2014),1,0,1,0,residence_permits_issued 1,route,not_reviewed,,"Priority review: described as holding statistics or tables, but only 1 number(s) extracted.",,
lva-pmlp-annual-report-2015,government,yes,Pilsonības un migrācijas lietu pārvaldes 2015.gada publiskais pārskats (PMLP public annual report 2015),3,0,1,0,applications_received 2; residence_permits_issued 1,route,not_reviewed,,,,
lva-pmlp-news-new-immigration-law-2026,government,yes,Spēkā stājas jaunais Imigrācijas likums: galvenās izmaiņas un prasības,0,0,1,0,,,not_reviewed,,,,
lva-pmlp-tua-first-2015,government,yes,"Pirmreizējās TUA, izsniegtās 2015. gadā (first-time temporary residence permits issued, by nationality and reason)",8,0,0,0,dependants_approved 4; main_applicants_approved 4,route,not_reviewed,,,,
lva-pmlp-tua-first-2016,government,yes,"Pirmreizējās TUA, izsniegtās 2016. gadā (first-time temporary residence permits issued, by nationality and reason)",8,0,0,0,dependants_approved 4; main_applicants_approved 4,route,not_reviewed,,,,
lva-pmlp-tua-first-2017,government,yes,"Pirmreizējās TUA, izsniegtās 2017. gadā (first-time temporary residence permits issued, by nationality and reason)",8,0,0,0,dependants_approved 4; main_applicants_approved 4,route,not_reviewed,,,,
lva-pmlp-tua-first-2018,government,yes,"Pirmreizējās TUA, izsniegtās 2018. gadā (first-time temporary residence permits issued, by nationality and reason)",8,0,0,0,dependants_approved 4; main_applicants_approved 4,route,not_reviewed,,,,
lva-pmlp-tua-first-2019,government,yes,"Pirmreizējās TUA, izsniegtās 2019. gadā (first-time temporary residence permits issued, by nationality and reason)",7,0,0,0,dependants_approved 4; main_applicants_approved 3,route,not_reviewed,,,,
lva-pmlp-tua-first-2020,government,yes,"Pirmreizējās TUA, izsniegtās 2020. gadā (first-time temporary residence permits issued, by nationality and reason)",5,0,0,0,dependants_approved 3; main_applicants_approved 2,route,not_reviewed,,,,
lva-pmlp-tua-first-2021,government,yes,"Pirmreizējās TUA, izsniegtās 2021. gadā (first-time temporary residence permits issued, by nationality and reason)",8,0,0,0,main_applicants_approved 5; dependants_approved 3,nationality; route,not_reviewed,,,,
lva-pmlp-tua-first-2022,government,yes,"Pirmreizējās TUA, izsniegtās 2022. gadā (first-time temporary residence permits issued, by nationality and reason)",11,0,0,0,main_applicants_approved 7; dependants_approved 4,nationality; route,not_reviewed,,,,
lva-pmlp-tua-first-2023,government,yes,"Pirmreizējās TUA, izsniegtās 2023. gadā (first-time temporary residence permits issued, by nationality and reason)",8,0,0,0,main_applicants_approved 5; dependants_approved 3,nationality; route,not_reviewed,,,,
lva-pmlp-tua-first-2024,government,yes,"Pirmreizējās TUA, izsniegtās 2024. gadā (first-time temporary residence permits issued, by nationality and reason)",9,0,0,0,main_applicants_approved 6; dependants_approved 3,nationality; route,not_reviewed,,,,
lva-pmlp-tua-first-2025,government,yes,"Pirmreizējās TUA, izsniegtās 2025. gadā (first-time temporary residence permits issued, by nationality and reason)",11,0,0,0,main_applicants_approved 7; dependants_approved 4,nationality; route,not_reviewed,,,,
lva-pmlp-tua-first-2026h1,government,yes,"Pirmreizējās TUA, izsniegtās 2026. gada 1. pusgadā (first-time temporary residence permits issued, by nationality and reason)",9,0,0,0,main_applicants_approved 6; dependants_approved 3,nationality; route,not_reviewed,,,,
lva-pmlp-tua-valid-2015-01-01,government,yes,"Ārzemnieki ar derīgām termiņuzturēšanās atļaujām uz 2015-01-01 (foreigners holding valid temporary residence permits, by nationality and reason)",24,0,0,0,investor_permits_valid 18; family_permits_valid 3; residence_permits_valid 3,nationality; route,not_reviewed,,,,
lva-pmlp-tua-valid-2016-01-01,government,yes,"Ārzemnieki ar derīgām termiņuzturēšanās atļaujām uz 2016-01-01 (foreigners holding valid temporary residence permits, by nationality and reason)",27,0,0,0,investor_permits_valid 19; family_permits_valid 4; residence_permits_valid 4,nationality; route,not_reviewed,,,,
lva-pmlp-tua-valid-2017-01-01,government,yes,"Ārzemnieki ar derīgām termiņuzturēšanās atļaujām uz 2017-01-01 (foreigners holding valid temporary residence permits, by nationality and reason)",23,0,0,0,investor_permits_valid 15; family_permits_valid 4; residence_permits_valid 4,nationality; route,not_reviewed,,,,
lva-pmlp-tua-valid-2018-01-01,government,yes,"Ārzemnieki ar derīgām termiņuzturēšanās atļaujām uz 2018-01-01 (foreigners holding valid temporary residence permits, by nationality and reason)",22,0,0,0,investor_permits_valid 15; family_permits_valid 4; residence_permits_valid 3,nationality; route,not_reviewed,,,,
lva-pmlp-tua-valid-2018-12-31,government,yes,"Ārzemnieki ar derīgām termiņuzturēšanās atļaujām uz 2018-12-31 (foreigners holding valid temporary residence permits, by nationality and reason)",23,0,0,0,investor_permits_valid 15; family_permits_valid 4; residence_permits_valid 4,nationality; route,not_reviewed,,,,
lva-pmlp-tua-valid-2019-07-01,government,yes,"Ārzemnieki ar derīgām termiņuzturēšanās atļaujām uz 2019-07-01 (foreigners holding valid temporary residence permits, by nationality and reason)",22,0,0,0,investor_permits_valid 14; family_permits_valid 4; residence_permits_valid 4,nationality; route,not_reviewed,,,,
lva-pmlp-tua-valid-2019-12-31,government,yes,"Ārzemnieki ar derīgām termiņuzturēšanās atļaujām uz 2019-12-31 (foreigners holding valid temporary residence permits, by nationality and reason)",22,0,0,0,investor_permits_valid 14; family_permits_valid 4; residence_permits_valid 4,nationality; route,not_reviewed,,,,
lva-pmlp-tua-valid-2020-12-31,government,yes,"Ārzemnieki ar derīgām termiņuzturēšanās atļaujām uz 2020-12-31 (foreigners holding valid temporary residence permits, by nationality and reason)",12,0,0,0,family_permits_valid 4; investor_permits_valid 4; residence_permits_valid 4,route,not_reviewed,,,,
lva-pmlp-tua-valid-2021-12-31,government,yes,"Ārzemnieki ar derīgām termiņuzturēšanās atļaujām uz 2021-12-31 (foreigners holding valid temporary residence permits, by nationality and reason)",20,0,0,0,investor_permits_valid 16; family_permits_valid 4,nationality; route,not_reviewed,,,,
lva-pmlp-tua-valid-2022-07-01,government,yes,"Ārzemnieki ar derīgām termiņuzturēšanās atļaujām uz 2022-07-01 (foreigners holding valid temporary residence permits, by nationality and reason)",20,0,0,0,investor_permits_valid 16; family_permits_valid 4,nationality; route,not_reviewed,,,,
lva-pmlp-tua-valid-2022-12-31,government,yes,"Ārzemnieki ar derīgām termiņuzturēšanās atļaujām uz 2022-12-31 (foreigners holding valid temporary residence permits, by nationality and reason)",20,0,0,0,investor_permits_valid 16; family_permits_valid 4,nationality; route,not_reviewed,,,,
lva-pmlp-tua-valid-2023-12-31,government,yes,"Ārzemnieki ar derīgām termiņuzturēšanās atļaujām uz 2023-12-31 (foreigners holding valid temporary residence permits, by nationality and reason)",20,0,0,0,investor_permits_valid 16; family_permits_valid 4,nationality; route,not_reviewed,,,,
lva-pmlp-tua-valid-2024-12-31,government,yes,"Ārzemnieki ar derīgām termiņuzturēšanās atļaujām uz 2024-12-31 (foreigners holding valid temporary residence permits, by nationality and reason)",24,0,0,0,investor_permits_valid 20; family_permits_valid 4,nationality; route,not_reviewed,,,,
lva-pmlp-tua-valid-2025-12-31,government,yes,"Ārzemnieki ar derīgām termiņuzturēšanās atļaujām uz 2025-12-31 (foreigners holding valid temporary residence permits, by nationality and reason)",24,0,0,0,investor_permits_valid 20; family_permits_valid 4,nationality; route,not_reviewed,,,,
lva-pmlp-tua-valid-2026-07-01,government,yes,"Ārzemnieki ar derīgām termiņuzturēšanās atļaujām uz 2026-07-01 (foreigners holding valid temporary residence permits, by nationality and reason)",22,0,0,0,investor_permits_valid 18; family_permits_valid 4,nationality; route,not_reviewed,,,,
lva-saeima-izmkom-jansons-2018,government,yes,"Kriminālprocesa Nr. 16870000911 faktu par termiņuzturēšanās atļauju iegūšanas veicināšanu saistība ar valsts drošības apdraudējumu (slides by Ritvars Jansons, a",17,0,0,0,applicant_nationality_share 5; applications_received 5; applications_rejected 2; residence_permits_cancelled 1; residence_permits_issued 1; residence_permits_revoked 1; residence_permits_valid 1; residence_renewals_refused 1,applicant; nationality,not_reviewed,,,,
mco-legimonaco-os-3153,legislation,yes,Ordonnance Souveraine n° 3.153 du 19 mars 1964 relative aux conditions d'entrée et de séjour des étrangers dans la Principauté (consolidated),0,0,0,0,,,not_reviewed,,,,
mco-tribune-2025-10-22,media,no,Monaco mise sur la sécurité et l'accompagnement personnalisé pour attirer et intégrer de nouveaux résidents,5,0,0,0,applicant_nationality_share 3; applications_received 1; applications_rejected 1,nationality,not_reviewed,,,,
mco-tribune-2026-01-21,media,no,"S'installer à Monaco : logement, finances et casier judiciaire parmi les critères d'accès",0,0,0,0,,,not_reviewed,,,,
mda-fisc-2020,media,no,Moratoriu asupra acordării cetățeniei prin investiții,0,0,1,0,,,not_reviewed,,,,
mda-gov-moratorium-bill-2020,government,yes,Hotărâre cu privire la aprobarea proiectului de lege pentru instituirea moratoriului privind acordarea cetățeniei Republicii Moldova în condițiile art. 17 alin.,0,0,1,0,,,not_reviewed,,,,
mda-mei-hg786-draft-2018,government,yes,"Proiectul hotărârii de Guvern cu privire la modificarea Hotărârii Guvernului nr. 786 din 04.10.2017 cu privire la dobândirea cetățeniei prin investiție (draft, ",0,0,1,0,,,not_reviewed,,,,
mda-moldovaorg-2019-08-06,media,no,Programul „Cetățenie prin Investiție”: au fost procesate cinci aplicații. Câți bani a obținut R.Moldova,1,2,0,0,cbi_contributions 1,,not_reviewed,,,,
mda-newsmaker-2020-02-25,media,no,Câți au cerut și câți au primit. Din ce țări sunt originare persoanele care au solicitat cetățenia Republicii Moldova prin intermediul programului de investiție,5,0,0,0,applications_pending 1; applications_received 1; applications_rejected 1; cbi_contributions 1; persons_naturalised 1,,not_reviewed,,,,
mda-tv8-2020-06-18,media,no,Parlamentul a abrogat Legea cetățeniei prin investiții,0,0,1,0,,,not_reviewed,,,,
mda-zdg-2020-08-07,media,no,"Alte 11 persoane vor primi cetățenia Republicii Moldova prin investiție. Decretul, semnat de Dodon",1,0,3,0,persons_naturalised 1,,not_reviewed,,,,
mex-dof-lineamientos-tramites-2012,legislation,yes,"Lineamientos para trámites y procedimientos migratorios (Secretaría de Gobernación), DOF 8 November 2012",0,1,0,0,,,not_reviewed,,,,
mhl-ag-citizenship-act-1984-consol,legislation,no,"Citizenship Act 1984 (43 MIRC Ch. 4), consolidated text with legislative history notes",0,2,3,0,,,not_reviewed,,,,
mhl-mij-1996-06-22,media,no,"Passport sales halted (Marshall Islands Journal, 22 June 1996, p. 19; reposted in the Journal's archive column)",0,0,1,0,,,not_reviewed,,,,
mhl-mvariety-2002-05-30,media,no,Man jailed for passport scam,0,0,1,0,,,not_reviewed,,,,
mkd-dw-economic-citizenship-2023,media,no,Со инвестиција од 200.000 евра до македонско државјанство,8,0,2,0,persons_naturalised 5; citizenships_revoked 2; applications_approved 1,route,not_reviewed,,,,
mkd-dw-golden-passports-2026,media,no,С. Македонија ги стега критериумите за „златните пасоши“,0,0,1,0,,,not_reviewed,,,,
mkd-ec-report-2025,eu,yes,"North Macedonia 2025 Report, SWD(2025) 753 final",2,0,0,0,persons_naturalised 2,nationality,not_reviewed,,,,
mkd-ec-screening-cluster1-2023,eu,yes,"Screening report North Macedonia, Cluster 1 - Fundamentals (external version)",2,0,1,0,applications_rejected 1; persons_naturalised 1,route,not_reviewed,,,,
mkd-makfax-zarrab-2017,media,no,„Макфакс“ истражува: Чавков му дал македонски пасош на уапсениот иранско-турски милијардер,1,0,1,0,persons_naturalised 1,,not_reviewed,,,,
mkd-sv-decree-2005-9,legislation,yes,"Уредба за утврдување на критериумите за особен научен, економски, културен, спортски или друг национален интерес за стекнување на државјанство на Република Маке",0,0,1,0,,,not_reviewed,,,,
mkd-sv-decree-2012-161,legislation,yes,"Уредба за изменување и дополнување на Уредбата за утврдување на критериумите за особен ... национален интерес за стекнување на државјанство, Службен весник бр. ",0,1,1,0,,,not_reviewed,,,,
mkd-sv-decree-2019-255,legislation,yes,"Уредба за изменување на Уредбата за утврдување на критериумите за особен ... национален интерес за стекнување на државјанство, Службен весник на РСМ бр. 255/201",0,1,1,0,,,not_reviewed,,,,
mkd-sv-decree-2021-42,legislation,yes,"Уредба за дополнување на Уредбата за утврдување на критериумите за особен ... национален интерес за стекнување државјанство, Службен весник на РСМ бр. 42/2021",0,0,1,0,,,not_reviewed,,,,
mkd-sv-law-citizenship-1992,legislation,yes,"Закон за државјанството на Република Македонија (Law on Citizenship), Службен весник на Република Македонија бр. 67/1992",0,0,1,0,,,not_reviewed,,,,
mkd-sv-law-citizenship-amend-2004,legislation,yes,"Закон за изменување и дополнување на Законот за државјанството на Република Македонија, Службен весник бр. 8/2004",0,0,1,0,,,not_reviewed,,,,
mlt-act-xxi-2025,legislation,yes,"Act No. XXI of 2025, Maltese Citizenship (Amendment) Act, 2025",0,0,1,0,,,not_reviewed,,,,
mlt-amphora-2025-factcheck,media,no,"FATTI: EUR 1.4 Billion From Malta's Golden Passport Sales Was ""Invested In The People""",1,0,0,0,cbi_inflows 1,,not_reviewed,,,,
mlt-businessnow-2023-01-13,media,no,Residency Malta generated more than EUR 50 million in 2022,8,0,0,0,applications_received 2; cbi_real_estate_inflows 2; cbi_transfers_to_government 2; cbi_to_development_fund 1; rbi_investment_total 1,route,not_reviewed,,,,
mlt-businessnow-2025-02-12,media,no,Malta's residency programmes generate EUR 132 million for economy in 2024,4,0,0,0,cbi_real_estate_inflows 2; cbi_transfers_to_government 1; residence_permits_issued 1,route,not_reviewed,,,,
mlt-cjeu-c181-23,court,yes,"Judgment of the Court (Grand Chamber) of 29 April 2025, European Commission v Republic of Malta, Case C-181/23",0,0,2,0,,,not_reviewed,,,,
mlt-cjeu-c181-23-press,court,yes,Press Release No 52/25: Judgment of the Court in Case C-181/23 | Commission v Malta (Citizenship by investment),0,0,0,0,,,not_reviewed,,,,
mlt-cma-notice-2025-09-02,government,yes,Amendments to the Maltese Citizenship Act and subsidiary legislation,0,0,1,0,,,not_reviewed,,,,
mlt-cma-pr-2025-07-23,government,yes,Press Release: The Government publishes amendments to the Maltese Citizenship Act,0,0,1,0,,,not_reviewed,,,,
mlt-doi-pr180521-2018,government,no,"Press release by the Parliamentary Secretariat for Reforms, Citizenship and Simplification of Administrative Processes: Another 50 Chinese families apply for Ma",0,0,0,0,,,not_reviewed,,,,
mlt-ec-com-2019-12,eu,yes,"Report from the Commission ... Investor Citizenship and Residence Schemes in the European Union, COM(2019) 12 final",0,0,1,0,,,not_reviewed,,,,
mlt-ec-ip-20-1925,eu,yes,"Investor citizenship schemes: European Commission opens infringements against Cyprus and Malta for ""selling"" EU citizenship (IP/20/1925)",0,0,1,0,,,not_reviewed,,,,
mlt-ec-ip-22-5422,eu,yes,Investor citizenship scheme: Commission refers MALTA to the Court of Justice (IP/22/5422),0,0,3,0,,,not_reviewed,,,,
mlt-imf-art4-2019,imf,yes,Malta: 2019 Article IV Consultation - Press Release; Staff Report; and Statement by the Executive Director for Malta (IMF Country Report No. 19/68),4,0,0,0,fiscal_balance_excl_cbi_pct_gdp 3; cbi_inflows_pct_gdp 1,,not_reviewed,,,,
mlt-imi-rma-stats-2022,industry,no,"Malta Has Granted Residency to 2,273 Investors Via MRVP and MPRP Since 2016, Now Planning Entrepreneur Visa",9,0,0,0,applicant_nationality_share 4; main_applicants_approved 3; cbi_rejection_rate 1; dependants_approved 1,nationality,not_reviewed,,,,
mlt-imi-rma-stats-2023,industry,no,Investment in Malta PR Program Passed Half-Billion Milestone as Applications Tripled in 2022,8,0,0,0,applications_received 3; rbi_investment_total 2; applicant_nationality_share 1; cbi_rejection_rate 1; main_applicants_approved 1,nationality,not_reviewed,,,,
mlt-ln-2013-167,legislation,yes,"L.N. 167 of 2013, Global Residence Programme Rules, 2013",0,5,1,0,,,not_reviewed,,,,
mlt-ln-2014-47,legislation,yes,"L.N. 47 of 2014, Individual Investor Programme of the Republic of Malta Regulations, 2014",0,7,1,0,,,not_reviewed,,,,
mlt-ln-2015-288,legislation,yes,"L.N. 288 of 2015, Malta Residence and Visa Programme Regulations, 2015",0,8,1,0,,,not_reviewed,,,,
mlt-ln-2017-189,legislation,yes,"L.N. 189 of 2017, Malta Residence and Visa Programme (Amendment) Regulations, 2017",0,1,1,0,,,not_reviewed,,,,
mlt-ln-2020-437,legislation,yes,"L.N. 437 of 2020, Granting of Citizenship for Exceptional Services Regulations, 2020",0,6,1,0,,,not_reviewed,,,,
mlt-ln-2021-121,legislation,yes,"L.N. 121 of 2021, Malta Permanent Residence Programme Regulations, 2021",0,6,0,0,,,not_reviewed,,,,
mlt-ln-2021-122,legislation,yes,"L.N. 122 of 2021, Malta Residence and Visa Programme (Amendment) Regulations, 2021",0,3,1,0,,,not_reviewed,,,,
mlt-ln-2024-310,legislation,yes,"L.N. 310 of 2024, Malta Permanent Residence Programme (Amendment No. 2) Regulations, 2024",0,8,1,0,,,not_reviewed,,,,
mlt-ln-2025-146,legislation,yes,"L.N. 146 of 2025, Malta Permanent Residence Programme (Amendment) Regulations, 2025",0,3,1,0,,,not_reviewed,,,,
mlt-ln-2025-159,legislation,yes,"L.N. 159 of 2025, Granting of Citizenship for Exceptional Services (Amendment) Regulations, 2025",0,0,0,0,,,not_reviewed,,,,
mlt-ln-2026-195,legislation,yes,"L.N. 195 of 2026, Individual Tax Programme Rules, 2026",0,4,1,0,,,not_reviewed,,,,
mlt-ndsf-ar-2020,government,yes,"National Development and Social Fund, Annual Report and Financial Statements, 31 December 2020",6,0,1,0,cbi_to_development_fund 6,,not_reviewed,,,,
mlt-ndsf-ar-2025,government,yes,"National Development and Social Fund, Annual Report and Financial Statements, 31 December 2025",3,0,1,0,cbi_to_development_fund 3,,not_reviewed,,,,
mlt-occrp-daphne-2018,media,no,Murdered Maltese Journalist was Investigating Island's Golden Visas,2,0,1,0,applications_received 1; cbi_inflows 1,,not_reviewed,,,,
mlt-orgcem-ar-2014,government,yes,First Annual Report on the IIP Programme of the Government of Malta,0,0,2,0,,,not_reviewed,,"Priority review: described as holding statistics or tables, but only 0 number(s) extracted.",,
mlt-orgcem-ar-2015,government,yes,Second Annual Report on the IIP Programme of the Government of Malta,6,0,0,0,applications_approved 1; applications_received 1; applications_rejected 1; cbi_contributions 1; main_applicants_approved 1; persons_naturalised 1,,not_reviewed,,,,
mlt-orgcem-ar-2016,government,yes,ORiip Annual Report 2016,10,0,0,0,applications_approved 1; applications_received 1; applications_rejected 1; cbi_contributions 1; cbi_contributions_pct_gdp 1; cbi_inflows 1; cbi_to_development_fund 1; cbi_transfers_to_government 1; main_applicants_approved 1; persons_naturalised 1,,not_reviewed,,,,
mlt-orgcem-ar-2017,government,yes,ORiip Annual Report 2017,10,0,0,0,applications_approved 1; applications_received 1; applications_rejected 1; cbi_contributions 1; cbi_contributions_pct_gdp 1; cbi_inflows 1; cbi_to_development_fund 1; cbi_transfers_to_government 1; main_applicants_approved 1; persons_naturalised 1,,not_reviewed,,,,
mlt-orgcem-ar-2018,government,yes,ORiip Annual Report 2018,5,0,0,0,cbi_contributions 1; cbi_inflows 1; cbi_to_development_fund 1; cbi_transfers_to_government 1; persons_naturalised 1,,not_reviewed,,,,
mlt-orgcem-ar-2019,government,yes,ORiip Annual Report 2019,5,0,0,0,cbi_contributions 1; cbi_inflows 1; cbi_to_development_fund 1; cbi_transfers_to_government 1; persons_naturalised 1,,not_reviewed,,,,
mlt-orgcem-ar-2020,government,yes,OR-GCES Annual Report 2019-2020,1,0,1,0,cbi_to_development_fund 1,,not_reviewed,,"Priority review: described as holding statistics or tables, but only 1 number(s) extracted.",,
mlt-orgcem-ar-2021,government,yes,OR-GCES Annual Report 2021,23,0,0,0,applications_received 8; applications_approved 7; applications_rejected 7; cbi_contributions 1,,not_reviewed,,,,
mlt-orgcem-ar-2022,government,yes,OR-GCES Annual Report 2022,16,0,0,0,cbi_contributions 10; applications_received 1; applications_rejected 1; cbi_inflows 1; cbi_to_development_fund 1; cbi_transfers_to_government 1; eligibility_approved 1,,not_reviewed,,,,
mlt-orgcem-ar-2023,government,yes,OR-GCES Annual Report 2023,7,0,0,0,applications_received 1; applications_rejected 1; cbi_contributions 1; cbi_inflows 1; cbi_to_development_fund 1; cbi_transfers_to_government 1; eligibility_approved 1,,not_reviewed,,,,
mlt-orgcem-ar-2024,government,yes,ORGCEM Annual Report 2024,30,0,1,0,main_applicants_approved 14; persons_naturalised 4; applications_approved 3; cbi_to_development_fund 2; cbi_transfers_to_government 2; applications_received 1; applications_rejected 1; cbi_contributions 1; cbi_inflows 1; eligibility_approved 1,,not_reviewed,,,,
mlt-pq-camilleri-2025-02,government,no,"Parliamentary question answered by the Minister for Home Affairs, Byron Camilleri, to Beppe Fenech Adami MP on residence permits and Residency Malta programmes ",0,0,0,0,,,not_reviewed,,,,
mlt-sl-123-130-2013,legislation,yes,"Subsidiary Legislation 123.130, High Net Worth Individuals - Non-EU/EEA/Swiss Nationals Rules (consolidated, L.N. 403 of 2011 as amended by L.N. 42 and 319 of 2",0,3,1,0,,,not_reviewed,,,,
mlt-sl-123-148-2020,legislation,yes,"Subsidiary Legislation 123.148, Global Residence Programme Rules (consolidated, as amended by L.N. 267 of 2014 and 69 of 2020)",0,0,0,0,,,not_reviewed,,,,
mlt-sl-217-18-2024,legislation,yes,"Subsidiary Legislation 217.18, Malta Residence and Visa Programme Regulations (consolidated, point in time 5 Mar 2024)",0,0,0,0,,,not_reviewed,,,,
mlt-sl-217-26-2025,legislation,yes,"Subsidiary Legislation 217.26, Malta Permanent Residence Programme Regulations (LN 121 of 2021 as amended by LNs 57 and 310 of 2024 and 146 of 2025)",0,0,1,0,,,not_reviewed,,,,
mne-biznis-2026-05-18,media,no,Ekonomsko državljanstvo dobilo 867 stranaca za uloženih 251 milion eura,1,0,0,0,applications_approved 1,,not_reviewed,,,,
mne-cdm-2026-08-21,media,no,"Gdje je završio novac od ekonomskog državljanstva: 251,2 miliona u turizmu, 31,4 miliona za inovacije",1,0,0,0,cbi_real_estate_inflows 1,,not_reviewed,,,,
mne-ec-report-2019,eu,yes,"Montenegro 2019 Report, Commission Staff Working Document, SWD(2019) 217 final",0,0,0,0,,,not_reviewed,,,,
mne-ec-report-2020,eu,yes,"Montenegro 2020 Report, Commission Staff Working Document, SWD(2020) 353 final",1,0,0,0,passports_issued 1,nationality,not_reviewed,,,,
mne-ec-report-2021,eu,yes,"Montenegro 2021 Report, Commission Staff Working Document, SWD(2021) 293 final",2,0,0,0,dependants_approved 1; main_applicants_approved 1,,not_reviewed,,,,
mne-ec-report-2022,eu,yes,"Montenegro 2022 Report, Commission Staff Working Document, SWD(2022) 335 final",8,0,1,0,applications_received 2; passports_issued 2; applications_approved 1; applications_pending 1; applications_pending_incl_family 1; applications_rejected 1,applicant,not_reviewed,,,,
mne-ec-report-2023,eu,yes,"Montenegro 2023 Report, Commission Staff Working Document, SWD(2023) 694 final",6,0,2,0,applications_received 2; applications_pending 1; dependants_approved 1; main_applicants_approved 1; persons_naturalised 1,applicant,not_reviewed,,,,
mne-ec-report-2024,eu,yes,"Montenegro 2024 Report, Commission Staff Working Document, SWD(2024) 694 final",0,0,0,0,,,not_reviewed,,,,
mne-gov-info-cbi-2021-05,government,yes,"Informacija o aktivnostima realizacije „Posebnog programa ulaganja od posebnog značaja za privredni i ekonomski interes Crne Gore“, sa predlozima daljih aktivno",3,0,0,0,applications_approved 1; applications_received 1; applications_rejected 1,,not_reviewed,,,,
mne-gov-info-cbi-2021-h2,government,yes,Informacija o aktivnostima realizacije „Posebnog programa ulaganja od posebnog značaja za privredni i ekonomski interes Crne Gore“ za period jul – decembar 2021,3,0,0,0,applications_approved 1; applications_received 1; applications_rejected 1,,not_reviewed,,,,
mne-gov-info-cbi-2021-q2,government,yes,Informacija o aktivnostima realizacije „Posebnog programa ulaganja od posebnog značaja za privredni i ekonomski interes Crne Gore“ za II kvartal 2021. godine,3,0,0,0,applications_approved 1; applications_received 1; applications_rejected 1,,not_reviewed,,,,
mne-gov-info-cbi-2021-q3,government,yes,Informacija o aktivnostima realizacije „Posebnog programa ulaganja od posebnog značaja za privredni i ekonomski interes Crne Gore“ za III kvartal 2021. godine,3,0,0,0,applications_approved 1; applications_received 1; applications_rejected 1,,not_reviewed,,,,
mne-investitor-2022-03-11,media,no,Investitori ostali bez pasoša: Šest hotela na primorju i sjeveru izbačeno s liste razvojnih projekata,0,0,1,0,,,not_reviewed,,,,
mne-investitor-2026-07-10,media,no,Ekonomsko državljanstvo najviše preko Henley & Partnersa: Kroz program prošlo 413 miliona eura,1,0,0,0,cbi_inflows 1,,not_reviewed,,,,
mne-mediterannews-2026-09-11,media,no,"Ekonomsko državljanstvo još nije završena priča: Pet zahtjeva i 2,24 miliona eura čekaju epilog",17,0,0,0,applications_approved 4; applications_received 4; applications_rejected 4; applications_pending 1; cbi_contributions 1; cbi_fee_revenue 1; cbi_real_estate_inflows 1; cbi_to_development_fund 1,agent,not_reviewed,,,,
mne-mirn-info-cbi-2026-07,government,yes,Informacija o stanju Posebnog programa ulaganja od posebnog značaja za privredni i ekonomski interes Crne Gore na dan 31. jul 2026. godine (finansijski aspekt),4,0,0,0,applications_approved 1; applications_rejected 1; cbi_fee_revenue 1; cbi_real_estate_inflows 1,route,not_reviewed,,,,
mne-mirn-info-cbi-2026-09,government,yes,Informacija o stanju Posebnog programa ulaganja od posebnog značaja za privredni i ekonomski interes Crne Gore na dan 01. septembar 2026. godine (finansijski as,19,0,0,0,applications_approved 4; applications_received 4; applications_rejected 4; cbi_real_estate_inflows 2; applications_pending 1; cbi_contributions 1; cbi_fee_revenue 1; cbi_to_development_fund 1; cbi_transfers_to_government 1,agent; route,not_reviewed,,,,
mne-sl-143-2021,legislation,yes,Odluka o izmjenama i dopunama Odluke o kriterijumima ... posebnog programa ulaganja ... (Službeni list CG 143/2021),0,1,1,0,,,not_reviewed,,,,
mne-sl-67-2023,legislation,yes,"Odluka o dopuni Odluke o kriterijumima za utvrđivanje naučnog, privrednog, ekonomskog, kulturnog i sportskog interesa Crne Gore za sticanje crnogorskog državlja",0,0,1,0,,,not_reviewed,,,,
mne-sl-68-2022,legislation,yes,Odluka o izmjeni i dopunama Odluke o kriterijumima ... posebnog programa ulaganja ... (Službeni list CG 68/2022),0,1,1,0,,,not_reviewed,,,,
mne-sl-79-2018,legislation,yes,"Odluka o kriterijumima, načinu i postupku izbora lica koje može steći crnogorsko državljanstvo prijemom radi realizacije posebnog programa ulaganja od posebnog ",0,6,2,0,,,not_reviewed,,,,
mne-vijesti-2026-06-20,media,no,"Odobreno 868 zahtjeva za dobijanje crnogorskog pasoša, šest još u proceduri odlučivanja",3,0,1,0,applications_approved 1; applications_pending 1; cbi_transfers_to_government 1,,not_reviewed,,,,
mus-citizenship-act-consol-2003,legislation,yes,"Mauritius Citizenship Act (RL 3/585), consolidated text",0,0,0,0,,,not_reviewed,,,,
mus-citizenship-amend-1995,legislation,yes,The Mauritius Citizenship (Amendment) Act 1995 (Act No. 24 of 1995),0,1,1,0,,,not_reviewed,,,,
mus-citizenship-amend-1999,legislation,yes,The Mauritius Citizenship (Amendment) Act 1999 (Act No. 34 of 1999),0,1,1,0,,,not_reviewed,,,,
mus-edb-act-consol-2026,legislation,yes,"Economic Development Board Act (Act 11 of 2017), consolidated text as amended to Act 13 of 2026",0,1,1,0,,,not_reviewed,,,,
mus-edb-ar-2021,government,yes,EDB Annual Report 2020/2021,6,1,0,0,family_permits_valid 1; house_sales_foreigners 1; investor_permits_valid 1; permanent_residence_permits_valid 1; rbi_investment_total 1; residence_permits_valid 1,,not_reviewed,,,,
mus-edb-guidelines-irs-res-pds-2024,government,yes,Guidelines for Buyers of Residential Property under the IRS / RES / PDS (Nov 2024),0,1,0,0,,,not_reviewed,,,,
mus-edb-web-g2-2026,government,yes,Ground + 2 Appartments - Residency in Mauritius (residency.mu),0,0,0,0,,,not_reviewed,,,,
mus-edb-web-investor-2026,government,yes,"Investment of USD 100,000 - Residency in Mauritius (residency.mu)",0,2,1,0,,,not_reviewed,,,,
mus-edb-web-irs-2026,government,yes,Integrated Resort Scheme - Residency in Mauritius (residency.mu),0,0,0,0,,,not_reviewed,,,,
mus-edb-web-retired-2026,government,yes,Retired Non-Citizen +50 years - Residency in Mauritius (residency.mu),0,1,0,0,,,not_reviewed,,,,
mus-fa-2015,legislation,yes,The Finance (Miscellaneous Provisions) Act 2015 (Act No. 9 of 2015),0,1,1,0,,,not_reviewed,,,,
mus-fa-2017,legislation,yes,The Finance (Miscellaneous Provisions) Act 2017 (Act No. 10 of 2017),0,1,0,0,,,not_reviewed,,,,
mus-fa-2020,legislation,yes,The Finance (Miscellaneous Provisions) Act 2020 (Act No. 7 of 2020),0,6,1,0,,,not_reviewed,,,,
mus-fa-2021,legislation,yes,The Finance (Miscellaneous Provisions) Act 2021 (Act No. 15 of 2021),0,2,1,0,,,not_reviewed,,,,
mus-fa-2023,legislation,yes,The Finance (Miscellaneous Provisions) Act 2023 (Act No. 12 of 2023),0,1,1,0,,,not_reviewed,,,,
mus-fa-2025,legislation,yes,The Finance Act 2025 (Act No. 18 of 2025),0,3,1,0,,,not_reviewed,,,,
mus-immigration-act-2022,legislation,yes,The Immigration Act 2022 (Act No. 14 of 2022),0,0,1,0,,,not_reviewed,,,,
mus-immigration-act-consol-2011,legislation,yes,"Immigration Act (Act 13 of 1970), consolidated text",0,1,1,0,,,not_reviewed,,,,
mus-mauritiustimes-cra-2018,media,no,Mauritius: Cash for Citizenship & The Passport Kings,0,0,0,0,,,not_reviewed,,,,
mus-mof-budget-speech-2018,government,yes,Budget Speech 2018-2019: Pursuing our Transformative Journey,0,0,1,0,,,not_reviewed,,,,
mys-aseanbriefing-pvip-2023,industry,no,Malaysia's Premium Visa Program Aimed at Attracting Wealthy Investors,0,3,0,0,,,not_reviewed,,,,
mys-edgeprop-mm2h-2025-10,media,no,"Nearly 6,000 foreign nationals approved visas under revamped MM2H — minister",8,0,0,0,residence_permits_issued 6; dependants_approved 1; main_applicants_approved 1,nationality; rules,not_reviewed,,,,
mys-fmt-pvip-2022,media,no,Govt eyeing RM206mil from premium visa programme,3,1,1,0,visa_places_planned 2; cbi_fee_revenue 1,,not_reviewed,,,,
mys-malaymail-mm2h-homes-2026,media,no,"Tourism minister: Over 740 bought homes under MM2H with 2,600 more in pipeline",6,0,0,0,properties_acquired_for_cbi 6,nationality,not_reviewed,,,,
mys-moha-mm2h-statement-2021,government,no,"Kenyataan Media: Program Malaysia My Second Home (MM2H), 11 Ogos 2021",0,0,0,0,,,not_reviewed,,,,
mys-motac-mm2h-categories-2025,government,yes,"MM2H Category & Requirements (Platinum, Gold, Silver, SEZ/SFZ) - One Stop Centre Malaysia My Second Home",0,16,0,0,,,not_reviewed,,,,
mys-motac-mm2h-notice-2025,government,yes,Pengumuman Terkini Program Malaysia My Second Home (MM2H),0,0,0,0,,,not_reviewed,,,,
mys-motac-mm2h-overview-2026,government,yes,MM2H Category Overview (web page),0,0,0,0,,,not_reviewed,,"Priority review: described as holding statistics or tables, but only 0 number(s) extracted.",,
mys-motac-mm2h-silver-2026,government,yes,MM2H Category Silver (web page),0,0,0,0,,,not_reviewed,,,,
mys-motac-mm2h-system-2025,government,yes,Hebahan: Penggunaan Sistem Pengurusan Maklumat Program Malaysia My Second Home (MM2H),0,1,1,0,,,not_reviewed,,,,
mys-nst-mm2h-approvals-2025,media,no,"MM2H programme approves 58,468 applications as of December 2024",7,0,1,0,dependants_approved 2; main_applicants_approved 2; rbi_investment_total 2; residence_permits_issued 1,route; rules,not_reviewed,,,,
mys-pac-mm2h-dr5-2022,government,yes,"DR. 5 Tahun 2022: Laporan PAC - Tindakan Susulan MOTAC, KDN dan JIM bagi Syor-syor Laporan PAC Parlimen berhubung Pengurusan Program Malaysia Rumah Keduaku (MM2",4,1,0,0,applications_received 3; properties_acquired_for_cbi 1,,not_reviewed,,,,
mys-pac-mm2h-statement-2021,government,yes,Kenyataan Media: Pembentangan Laporan Pengurusan Program Malaysia Rumah Keduaku (MM2H) di bawah MOTAC / KDN dan Jabatan Imigresen Malaysia (16 Disember 2021),0,0,2,0,,,not_reviewed,,,,
mys-parl-pq-bl159-2019,government,yes,"Pemberitahuan Pertanyaan Dewan Rakyat, Soalan Bukan Lisan No. 159 (YB Dato' Haji Jalaluddin bin Haji Alias, Jelebu), 2019: permohonan MM2H diterima dan dilulusk",3,0,0,0,applications_approved 1; applications_received 1; rbi_investment_total 1,,not_reviewed,,,,
mys-parl-pq-bl256-2020,government,yes,"Pemberitahuan Pertanyaan Dewan Rakyat, Soalan Bukan Lisan No. 256 (YB Puan Maria Chin binti Abdullah, Petaling Jaya): statistik permohonan MM2H 2018-2020",21,0,1,0,applications_approved 21,nationality,not_reviewed,,,,
mys-parl-pq-lisan22-2019,government,yes,"Pemberitahuan Pertanyaan Dewan Rakyat, Soalan Lisan No. 22 (YB Datuk Zahidi bin Zainul Abidin, Padang Besar), 23 Oktober 2019: jumlah permohonan berjaya MM2H me",12,0,1,0,applications_approved 12,nationality,not_reviewed,,,,
mys-parl-pq-lisan27-2021,government,yes,"Pemberitahuan Pertanyaan Jawab Lisan Dewan Rakyat, Soalan No. 27 (YB Tuan Khoo Poay Tiong, Kota Melaka), 4 Oktober 2021: dasar terkini Program MM2H",0,8,1,0,,,not_reviewed,,,,
nld-ah-tk-20192020-867,government,yes,"Aanhangsel Handelingen II 2019/20, nr. 867: antwoorden op vragen van de leden Groothuizen, Den Boer en Verhoeven over paspoorthandel op Malta (ontvangen 28 nove",1,0,0,0,residence_permits_issued 1,,not_reviewed,,,,
nld-kst-30573-182,government,yes,"Kamerstuk 30 573, nr. 182: Brief van de Staatssecretaris van Justitie en Veiligheid (Migratiebeleid), 11 januari 2021",0,0,1,0,,,not_reviewed,,,,
nld-stb-2024-83,legislation,yes,"Besluit van 9 april 2024 tot wijziging van het Besluit inburgering 2021, het Besluit uitvoering Wet arbeid vreemdelingen 2022 en het Vreemdelingenbesluit 2000 i",1,1,1,0,residence_permits_issued 1,,not_reviewed,,,,
nld-stcrt-2024-13488,legislation,yes,"Besluit van de Staatssecretaris van Justitie en Veiligheid van 24 april 2024 tot wijziging van de Vreemdelingencirculaire 2000 (WBV 2024/...), paragraph B11/2.2",0,0,1,0,,,not_reviewed,,,,
nru-act-11-1997,legislation,yes,Nauruan Community Ordinance Amendment Act 1997 (No. 11 of 1997),0,0,1,0,,,not_reviewed,,,,
nru-act-13-2026,legislation,yes,Nauru Economic and Climate Resilience Citizenship (Amendment) Act 2026 (No. 13 of 2026),0,0,1,0,,,not_reviewed,,,,
nru-act-15-2024,legislation,yes,Nauru Economic and Climate Resilience Citizenship Act 2024 (No. 15 of 2024),0,0,1,0,,,not_reviewed,,,,
nru-act-50-2025,legislation,yes,Nauru Economic and Climate Resilience Citizenship (Amendment) Act 2025 (No. 50 of 2025),0,0,1,0,,,not_reviewed,,,,
nru-cabinet-iruwa-2026,legislation,yes,"Designation of a Special Project (""The Iruwa Initiative"") (SL No. 4 of 2026), Government Gazette No. 36, G.N. No. 118/2026",0,1,1,0,,,not_reviewed,,,,
nru-cabinet-iruwa-ext-2026,legislation,yes,"Extension of the Designation of the Special Project for the Iruwa Initiative (SL No. 28 of 2026), Government Gazette No. 197, G.N. No. 570/2026",0,1,1,0,,,not_reviewed,,,,
nru-ecrcp-web-contribution-2025,government,yes,Contribution page of the Nauru Economic and Climate Resilience Citizenship Program website (Wayback capture of 25 Jan 2025),0,1,0,0,,,not_reviewed,,,,
nru-ecrcp-web-contribution-2026,government,yes,Contribution page of the Naoero Economic and Climate Resilience Citizenship Program website (as of 2 Oct 2026),0,1,0,0,,,not_reviewed,,,,
nru-ecrcp-web-cop29-2024,government,yes,"Nauru Launches Innovative Citizenship Program at COP 29, Linking Investment to Climate Action",0,0,1,0,,,not_reviewed,,,,
nru-gio-mr-2024-12,government,yes,"Economic, climate resilience citizenship program launched at Singapore global conference (media release, 1 December 2024)",0,0,1,0,,,not_reviewed,,,,
nru-imf-art4-2025,imf,yes,Republic of Nauru: 2025 Article IV Consultation - Press Release; Staff Report; and Statement by the Alternate Executive Director (IMF Country Report No. 25/275),4,0,1,0,cbi_fiscal_revenue 2; applications_received 1; cbi_fiscal_revenue_pct_gdp 1,,not_reviewed,,,,
nru-mof-bp1-2025,government,yes,"Republic of Nauru 2025-26 Budget, Budget Paper No 1",3,0,0,0,cbi_fiscal_revenue 3,,not_reviewed,,,,
nru-mof-bp1-2026,government,yes,"Republic of Naoero 2026-27 Budget, Budget Paper No 1",3,0,0,0,cbi_fiscal_revenue 3,,not_reviewed,,,,
nru-mof-bp2-2025,government,yes,"Republic of Nauru 2025-26 Budget, Budget Paper No 2",0,0,0,0,,,not_reviewed,,,,
nru-mof-budget-speech-2025,government,yes,"Appropriation Bill 2025-2026: Second Reading Speech (President David Adeang, 29 August 2025)",0,0,1,0,,,not_reviewed,,,,
nru-parl-approp-speech-2026,government,yes,"Appropriation Bill 2026-2027: Second Reading Speech (President David Adeang, 20 July 2026)",4,0,1,0,applications_approved 1; applications_received 1; applications_rejected 1; cbi_fiscal_revenue 1,,not_reviewed,,,,
nru-parl-em-bill-2026,legislation,yes,Nauru Economic and Climate Resilience Citizenship (Amendment) Bill 2026: Explanatory Memorandum,0,0,0,0,,,not_reviewed,,,,
nru-parl-speech-bill-2026,legislation,yes,"Nauru Economic and Climate Resilience Citizenship (Amendment) Bill 2026: Second Reading Speech (Minister Maverick Eoe, 31 March 2026)",0,0,0,0,,,not_reviewed,,,,
nru-regs-amend-2026,legislation,yes,"Nauru Economic and Climate Resilience Citizenship (Amendment) Regulations 2026 (No. 2 of 2026), Government Gazette No. 32, G.N. No. 114/2026",0,6,1,0,,,not_reviewed,,,,
nru-sl-2-2025,legislation,yes,"Nauru Economic and Climate Resilience Citizenship (Amendment) Regulations 2025 (SL No. 2 of 2025), Government Gazette No. 51, G.N. No. 126/2025",0,1,1,0,,,not_reviewed,,,,
nru-sl-28-2024,legislation,yes,"Nauru Economic and Climate Resilience Citizenship Regulations 2024 (SL No. 28 of 2024), Government Gazette No. 453, G.N. No. 1403/2024",0,8,1,0,,,not_reviewed,,,,
nru-sl-passport-fees-2025,legislation,yes,"Passports (Nauru Economic and Climate Resilience Citizenship Forms and Fees) Regulations 2025, Government Gazette No. 201, G.N. No. 583/2025",0,1,0,0,,,not_reviewed,,,,
nzl-beehive-aip-btr-2026,government,yes,AIP Visa Growth Category expands to support Build to Rent (ministerial release),0,0,0,0,,,not_reviewed,,,,
nzl-inz-aip-announcement-2022,government,yes,Changes to Investor Migrant Settings,0,0,0,0,,,not_reviewed,,,,
nzl-inz-aip-btr-2026,government,yes,New Build to Rent investment option added to Active Investor Plus,0,0,1,0,,,not_reviewed,,"Priority review: described as holding statistics or tables, but only 0 number(s) extracted.",,
nzl-inz-aip-release-2025,government,yes,Investor Category (media release),8,0,1,0,applications_received 2; applications_approved 1; applications_approved_in_principle 1; applications_pending 1; applications_withdrawn 1; rbi_investment_intended 1; rbi_investment_total 1,,not_reviewed,,,,
nzl-inz-aip-stats-20250514,government,yes,Active Investor Plus Visa statistics page (version archived 2025-05-14),17,0,0,0,applications_received 15; applications_approved_in_principle 1; applications_pending 1,nationality; route,not_reviewed,,,,
nzl-inz-aip-stats-20250616,government,yes,Active Investor Plus Visa statistics page (version archived 2025-06-16),6,0,0,0,applications_received 4; applications_approved_in_principle 1; applications_pending 1,route,not_reviewed,,,,
nzl-inz-aip-stats-20250717,government,yes,Active Investor Plus Visa statistics page (version archived 2025-07-17),6,0,0,0,applications_received 4; applications_approved_in_principle 1; applications_pending 1,route,not_reviewed,,,,
nzl-inz-aip-stats-20250910,government,yes,Active Investor Plus Visa statistics page (version archived 2025-09-10),10,0,0,0,applications_received 4; applications_approved 3; applications_approved_in_principle 1; applications_pending 1; rbi_investment_total 1,route,not_reviewed,,,,
nzl-inz-aip-stats-20251113,government,yes,Active Investor Plus Visa statistics page (version archived 2025-11-13),10,0,0,0,applications_received 4; applications_approved 3; applications_approved_in_principle 1; applications_pending 1; rbi_investment_total 1,route,not_reviewed,,,,
nzl-inz-aip-stats-20251216,government,yes,Active Investor Plus Visa statistics page (version archived 2025-12-16),42,0,0,0,applications_received 36; applications_approved 3; applications_approved_in_principle 1; applications_pending 1; rbi_investment_total 1,nationality; route,not_reviewed,,,,
nzl-inz-aip-stats-2026,government,yes,2025 changes to the Active Investor Plus Visa and statistics post-change,140,0,0,0,applications_received 105; rbi_investment_total 19; applications_approved 4; applications_approved_in_principle 3; applications_pending 3; applications_withdrawn_or_declined 3; rbi_investment_intended 3,nationality; route,not_reviewed,,,,
nzl-inz-aip-stats-20260213,government,yes,Active Investor Plus Visa statistics page (version archived 2026-02-13),10,0,0,0,applications_received 4; applications_approved 3; applications_approved_in_principle 1; applications_pending 1; rbi_investment_total 1,route,not_reviewed,,,,
nzl-inz-aip-stats-20260410,government,yes,Active Investor Plus Visa statistics page (version archived 2026-04-10),10,0,0,0,applications_received 4; applications_approved 3; applications_approved_in_principle 1; applications_pending 1; rbi_investment_total 1,route,not_reviewed,,,,
nzl-inz-aip-stats-20260526,government,yes,Active Investor Plus Visa statistics page (version archived 2026-05-26),10,0,0,0,applications_received 4; applications_approved 3; applications_approved_in_principle 1; applications_pending 1; rbi_investment_total 1,route,not_reviewed,,,,
nzl-inz-aip-stats-20260828,government,yes,Active Investor Plus Visa statistics page (version archived 2026-08-28),21,0,0,0,applications_approved 3; applications_approved_in_principle 3; applications_pending 3; applications_received 3; applications_withdrawn_or_declined 3; rbi_investment_intended 3; rbi_investment_total 3,route,not_reviewed,,,,
nzl-inz-aip-visa-2026,government,yes,Active Investor Plus Visa (visa information page),0,3,0,0,,,not_reviewed,,,,
nzl-inz-ops-bj2-1-2009,government,yes,"BJ2.1 Investor 1 Category (archived instructions, effective 27/07/2009)",0,1,1,0,,,not_reviewed,,,,
nzl-inz-ops-bj2-10-2017,government,yes,"BJ2.10 Applications available under the Investor 2 Category (to 28/07/2022), effective 22/05/2017",0,0,0,0,,,not_reviewed,,,,
nzl-inz-ops-bj2-2-2009,government,yes,"BJ2.2 Investor 2 Category (archived instructions, effective 27/07/2009)",0,1,0,0,,,not_reviewed,,,,
nzl-inz-ops-bj2-3-2009,government,yes,BJ2.3 Applications available under the Investor 2 Category (effective 27/07/2009),0,0,0,0,,,not_reviewed,,,,
nzl-inz-ops-bj2-5-2017,government,yes,"BJ2.5 Investor 2 Category (to 28/07/2022), effective 22/05/2017",0,1,1,0,,,not_reviewed,,,,
nzl-inz-ops-bj3-2016,government,yes,"BJ3 Investor 1 Category (to 28/07/2022), effective 10/11/2016",0,0,0,0,,,not_reviewed,,,,
nzl-inz-ops-bj5-45-2009,government,yes,BJ5.45 Settlement funds (effective 27/07/2009),0,1,0,0,,,not_reviewed,,,,
nzl-inz-ops-bj5-45-2017,government,yes,BJ5.45 Settlement funds (to 22/05/2017),0,0,0,0,,,not_reviewed,,,,
nzl-inz-ops-bj8-15-2009,government,yes,BJ8.15 Section 18A requirement: minimum period of time in New Zealand (effective 27/07/2009),0,0,0,0,,,not_reviewed,,,,
nzl-inz-ops-bj8-15-2017,government,yes,"BJ8.15 Section 49(1) condition: minimum period of time in New Zealand (to 28/07/2022), effective 28/08/2017",0,0,0,0,,,not_reviewed,,,,
nzl-inz-ops-bn3-2022,government,yes,BN3 Active Investor Plus visa category requirements (19/09/2022),0,2,0,0,,,not_reviewed,,,,
nzl-inz-ops-bn3-2024,government,yes,BN3 Active Investor Plus visa category requirements (23/06/2024),0,0,0,0,,,not_reviewed,,,,
nzl-inz-residence-decisions-2024,government,yes,Statistics — residence decisions by financial year (edition of 5 March 2024),18,0,0,0,applications_approved 6; applications_rejected 6; residence_permits_issued 6,,not_reviewed,,,,
nzl-inz-residence-decisions-2026,government,yes,Statistics — residence decisions by financial year,110,0,0,0,applications_rejected 52; applications_approved 30; residence_permits_issued 28,route,not_reviewed,,,,
nzl-mbie-aip-briefing-2021,government,yes,Briefing 2122-1943: Active Investor Plus visa: potential design changes,0,0,1,0,,,not_reviewed,,,,
nzl-mbie-aip-briefings-2024,government,yes,Briefings to the Minister of Immigration on the Active Investor Plus visa (proactive release),0,0,0,0,,,not_reviewed,,,,
nzl-mbie-cab-aip-2026,government,yes,"Changes to Active Investor Plus settings to support New Zealand's prosperity (Cabinet paper, proactive release)",0,0,0,0,,,not_reviewed,,,,
nzl-mbie-cab-investor-2022,government,yes,Coversheet and Cabinet paper: Investor migrants policy settings,4,2,0,0,main_applicants_approved 2; rbi_investment_total 2,,not_reviewed,,,,
nzl-mbie-cab-investor-2024,government,yes,"Changes to investor migrant policy settings to attract and facilitate investment to New Zealand (Cabinet paper, proactive release)",0,0,0,0,,,not_reviewed,,,,
nzl-mbie-cab-minute-2022,government,yes,Investor migrants policy settings: Minute of Decision CAB-22-MIN-0162.01,0,0,1,0,,,not_reviewed,,,,
nzl-mbie-cab-regs-2022,government,yes,"Immigration (Visa, Entry Permission, and Related Matters) Amendment Regulations (No 3) 2022 (Cabinet Legislation Committee paper)",0,0,2,0,,,not_reviewed,,,,
nzl-mbie-dev-minute-2021,government,yes,The Investment Attraction Strategy and Investor Migrants: Minute of Decision DEV-21-MIN-0162,0,0,1,0,,,not_reviewed,,,,
nzl-mbie-oia-2324-1201-2023,government,yes,"OIA response DOIA 2324-1201: Investor 1, Investor 2, Active Investor Plus and Parent Retirement applications in progress",3,0,0,0,applications_pending 3,,not_reviewed,,,,
omn-fm-irp-launch-2021,government,yes,Oman launches long-term residency program for expat investors,1,2,1,0,residence_permits_issued 1,,not_reviewed,,,,
omn-investoman-golden-residency-2025,government,yes,Oman Steps into the Global Spotlight with Launch of 10-Year Golden Residency,0,1,1,0,,,not_reviewed,,,,
omn-mhup-dec-58-2022,legislation,yes,Ministry of Housing and Urban Planning Ministerial Decision No. 58/2022 granting advantages to non-Omani investors in owning certain real estate,0,2,1,0,,,not_reviewed,,,,
omn-observer-irp-463-2022,media,no,Investor residency card holders reach 463 in Oman by May 2022,5,0,0,0,residence_permits_issued 4; rbi_investment_total 1,route,not_reviewed,,,,
omn-ona-irp-217-cards-2022,government,yes,More Than 200 Investor Residency Cards Issued for Various Nationalities in Oman,4,0,0,0,residence_permits_issued 4,route,not_reviewed,,,,
omn-rop-dec-234-2021,legislation,yes,Royal Oman Police Decision No. 234/2021 amending the Executive Regulations of the Foreign Residency Law,0,2,1,0,,,not_reviewed,,,,
omn-rop-dec-87-2026,legislation,yes,Royal Oman Police Decision No. 87/2026 amending the Executive Regulations of the Foreign Residency Law,0,0,1,0,,,not_reviewed,,,,
omn-sai-society-summary-2024,government,yes,ملخص المجتمع 2024 (Society Summary of the 2024 annual report),0,0,1,0,,,not_reviewed,,"Priority review: described as holding statistics or tables, but only 0 number(s) extracted.",,
omn-thenational-golden-2025,media,no,Oman to launch new golden visa scheme for investors,0,0,0,0,,,not_reviewed,,,,
omn-timesofoman-irp-2700-2023,media,no,"2,700 investor residency cards issued till August 21 in Oman",1,0,0,0,residence_permits_issued 1,,not_reviewed,,,,
pan-go-de109-2022,legislation,yes,"Gaceta Oficial Digital No. 29643-A (13 de octubre de 2022): Decreto Ejecutivo No. 109 de 13 de octubre de 2022, que modifica algunas disposiciones del Decreto E",0,2,1,0,,,not_reviewed,,,,
pan-go-de17-2026,legislation,yes,"Gaceta Oficial No. 30613 (16 de septiembre de 2026): Decreto Ejecutivo No. 17 de 8 de septiembre de 2026, que subroga el Decreto Ejecutivo No. 722 de 15 de octu",0,6,2,0,,,not_reviewed,,,,
pan-go-de193-2024,legislation,yes,"Gaceta Oficial Digital No. 30140-B (15 de octubre de 2024): Decreto Ejecutivo No. 193 de 15 de octubre de 2024, que modifica y adiciona algunas disposiciones al",0,2,1,0,,,not_reviewed,,,,
pan-go-de197-2021,legislation,yes,"Decreto Ejecutivo No. 197 de 7 de mayo de 2021, que modifica y adiciona artículos al Decreto Ejecutivo No. 416 de 13 de junio de 2012 (Gaceta Oficial Digital No",0,2,1,0,,,not_reviewed,,,,
pan-go-de226-2021,legislation,yes,"Decreto Ejecutivo No. 226 de 2021, que modifica artículos del Decreto Ejecutivo No. 416 de 13 de junio de 2012 y del Decreto Ejecutivo No. 197 de 7 de mayo de 2",0,1,1,0,,,not_reviewed,,,,
pan-go-de320-2008,legislation,yes,"Gaceta Oficial Digital No. 26104 (13 de agosto de 2008): Decreto Ejecutivo No. 320 de 8 de agosto de 2008, que reglamenta el Decreto Ley No. 3 de 22 de febrero ",0,4,1,0,,,not_reviewed,,,,
pan-go-de416-2012,legislation,yes,"Gaceta Oficial Digital No. 27058-A (18 de junio de 2012): Decreto Ejecutivo No. 416 de 13 de junio de 2012, que crea la subcategoría de Residente Permanente en ",0,1,1,0,,,not_reviewed,,,,
pan-go-de722-2020,legislation,yes,"Gaceta Oficial Digital No. 29136 (16 de octubre de 2020): Decreto Ejecutivo No. 722 de 15 de octubre de 2020, que crea dentro de la categoría de Residente Perma",0,8,1,0,,,not_reviewed,,,,
pan-mici-press-2022-08-18,government,yes,MICI certifica al inversionista calificado No. 100 y supera los 55 millones en inversiones bajo este régimen,2,0,0,0,investment_certificates_issued 1; rbi_investment_total 1,,not_reviewed,,,,
pan-mici-press-2022-10-18,government,yes,Exponen ventajas de programa para inversionistas calificados a agremiados de AmCham,2,0,0,0,applications_received 1; rbi_investment_total 1,,not_reviewed,,,,
pan-mici-press-2023-07-03,government,yes,"Ministro Alfaro: avanzamos hacia un Panamá con sólida plataforma comercial, generadora de oportunidades y riquezas para el país",2,0,0,0,investment_certificates_issued 1; rbi_investment_total 1,,not_reviewed,,"Priority review: described as holding statistics or tables, but only 2 number(s) extracted.",,
pan-mici-press-2023-07-27,government,yes,Atracción de inversionistas calificados creció 100% en el último año,3,0,0,0,investment_certificates_issued 2; rbi_investment_total 1,,not_reviewed,,,,
pan-mici-press-2023-08-02,government,yes,Alfaro Boyd: Panamá tiene enorme potencial para ser principal centro de inversiones sostenibles en la región,2,0,0,0,investment_certificates_issued 1; rbi_investment_total 1,,not_reviewed,,,,
pan-mici-press-2024-04-29,government,yes,Colombia y Estados Unidos lideran inversiones calificadas en Panamá,4,0,0,0,investment_certificates_issued 2; rbi_investment_total 2,,not_reviewed,,,,
pan-mici-press-2024-12-13,government,yes,"Programa de Inversionista Calificado supera las cifras de 2023, siendo un caso de éxito en la atracción de IED",1,0,0,0,investment_certificates_issued 1,,not_reviewed,,,,
pan-mici-press-2025-01-23,government,yes,Panamá refuerza su atractivo para inversionistas extranjeros con nuevas modificaciones al Programa de Inversionista Calificado,2,0,0,0,investment_certificates_issued 1; rbi_investment_total 1,,not_reviewed,,,,
pan-mici-press-2025-02-05,government,yes,Avanza captación de inversión extranjera mediante iniciativas estratégicas,2,0,0,0,investment_certificates_issued 1; rbi_investment_total 1,,not_reviewed,,,,
pan-mici-press-2025-02-26,government,yes,Ministro Moltó sustenta Memoria de Gestión 2024 ante la Comisión de Comercio y Asuntos Económicos de la Asamblea Nacional,2,0,0,0,investment_certificates_issued 1; rbi_investment_total 1,,not_reviewed,,,,
pan-mici-press-2025-05-28,government,yes,Firma global Mercan Group explora oportunidades de inversión en Panamá bajo el programa de Inversionista Calificado,1,0,0,0,rbi_investment_total 1,,not_reviewed,,,,
pan-mici-press-2025-08-05,government,yes,Ciudad de Panamá y Chame lideran el crecimiento inmobiliario impulsado por el Programa de Inversionista Calificado,10,0,0,0,investment_certificates_issued 7; rbi_investment_total 2; investment_certificates_share 1,nationality; route,not_reviewed,,,,
pan-mici-press-2025-12-16,government,yes,MICI presenta nueva plataforma para inversionistas calificados y refuerza la atracción de inversión,2,0,1,0,investment_certificates_issued 1; rbi_investment_total 1,,not_reviewed,,,,
pan-mici-press-2025-12-30,government,yes,MICI presenta resultados 2025 y agenda estratégica 2026,2,0,0,0,investment_certificates_issued 1; rbi_investment_total 1,,not_reviewed,,,,
pan-mici-press-2026-04-23,government,yes,Programa de Inversionistas Calificados cobra impulso y suma más intermediarios para escalar la inversión extranjera,2,0,0,0,investment_certificates_issued 1; rbi_investment_total 1,,not_reviewed,,,,
pan-mici-press-2026-07-10,government,yes,Programa de Inversionista Calificado acelera su crecimiento y atrae más inversión al país,10,0,0,0,investment_certificates_share 6; investment_certificates_issued 2; rbi_investment_total 2,route,not_reviewed,,,,
pan-mici-press-2026-09-21,government,yes,Atracción de inversión e impulso al empleo: Panamá amplía el alcance del programa Inversionista Calificado,4,0,0,0,investment_certificates_issued 2; rbi_investment_total 2,,not_reviewed,,,,
pan-mici-press-2026-09-28,government,yes,Panamá apuesta por más inversión y empleo con nuevo decreto de Inversionista Calificado,5,0,0,0,investment_certificates_issued 2; rbi_investment_total 2; investment_certificates_share 1,route,not_reviewed,,,,
pan-mici-web-de722,government,yes,"Decreto Ejecutivo Nº722 (programme page, Dirección de Promoción de Inversiones)",0,0,0,0,,,not_reviewed,,,,
pan-snm-residencia-2010-2021,government,yes,Permisos de residencia tramitados por condición: año 2010-2021 (cifras revisadas al 31 de diciembre del 2021),69,0,0,0,applications_approved 69,route,not_reviewed,,,,
pan-snm-residencia-2022,government,yes,Permisos de residencia: año 2022 (cifras preliminares al 31 de diciembre del 2022),12,0,0,0,applications_approved 4; applications_processed 4; applications_rejected 4,route,not_reviewed,,,,
pan-snm-residencia-2023,government,yes,Permisos de residencia: año 2023,17,0,0,0,applications_approved 6; applications_processed 6; applications_rejected 5,permit_type; route,not_reviewed,,,,
pan-snm-residencia-2024,government,yes,Permisos de residencia: año 2024 (cifras preliminares al 31 de diciembre del 2024),10,0,0,0,applications_approved 4; applications_processed 4; applications_rejected 2,route,not_reviewed,,,,
pan-snm-residencia-2025,government,yes,Permisos de residencia: año 2025 (cifras preliminares al 31 de diciembre del 2025),12,0,0,0,applications_approved 4; applications_processed 4; applications_rejected 4,route,not_reviewed,,,,
pan-snm-residencia-2026-08,government,yes,Permisos de residencia: año 2026 (cifras preliminares al 31 de agosto del 2026),3,0,0,0,applications_approved 3,route,not_reviewed,,,,
phl-coa-pra-aar-2020,government,yes,"Annual Audit Report on the Philippine Retirement Authority for the Years Ended December 31, 2020 and 2019",2,0,0,0,main_applicants_approved 2,category,not_reviewed,,,,
phl-coa-pra-aar-2021,government,yes,"Annual Audit Report on the Philippine Retirement Authority for the Years Ended December 31, 2021 and 2020",1,0,0,0,main_applicants_approved 1,category,not_reviewed,,,,
phl-coa-pra-aar-2022,government,yes,"Annual Audit Report on the Philippine Retirement Authority for the Years Ended December 31, 2022 and 2021",2,0,0,0,main_applicants_approved 1; residence_permits_cancelled 1,category,not_reviewed,,,,
phl-coa-pra-aar-2023,government,yes,"Annual Audit Report on the Philippine Retirement Authority for the Years Ended December 31, 2023 and 2022",1,0,0,0,main_applicants_approved 1,category,not_reviewed,,,,
phl-coa-pra-aar-2025,government,yes,"Annual Audit Report on the Philippine Retirement Authority for the year ended December 31, 2025",22,0,0,0,residence_permits_issued 22,nationality,not_reviewed,,,,
phl-dfa-nypcg-sirv,government,yes,Special Investor's Resident Visa (SIRV) (consular information page),0,2,0,0,,,not_reviewed,,,,
phl-pra-ar-2012,government,yes,Philippine Retirement Authority Annual Report 2012,28,0,0,0,rbi_investment_total 9; residence_permits_issued 8; main_applicants_approved 6; residence_permits_cancelled 3; dependants_approved 1; residence_permits_valid 1,nationality,not_reviewed,,,,
phl-pra-ar-2016,government,yes,Philippine Retirement Authority Annual Report 2016,0,5,1,0,,,not_reviewed,,"Priority review: described as holding statistics or tables, but only 0 number(s) extracted.",,
phl-pra-ar-2017,government,yes,Philippine Retirement Authority Annual Report 2017,17,0,0,0,residence_permits_issued 15; cbi_unit_revenue 1; rbi_investment_total 1,nationality,not_reviewed,,,,
phl-pra-ar-2019,government,yes,Philippine Retirement Authority Annual Report 2019,2,2,3,0,residence_permits_issued 2,,not_reviewed,,"Priority review: described as holding statistics or tables, but only 2 number(s) extracted.",,
phl-pra-ar-2020,government,yes,Philippine Retirement Authority Annual Report 2020,1,0,0,0,residence_permits_valid 1,,not_reviewed,,"Priority review: described as holding statistics or tables, but only 1 number(s) extracted.",,
phl-pra-ar-2021,government,yes,Philippine Retirement Authority Annual Report 2021,3,0,0,0,main_applicants_approved 1; residence_permits_issued 1; residence_permits_valid 1,,not_reviewed,,,,
phl-pra-ar-2025,government,yes,Philippine Retirement Authority Annual Report 2025,12,0,0,0,residence_permits_issued 6; main_applicants_approved 4; rbi_investment_total 1; residence_permits_valid 1,nationality,not_reviewed,,,,
phl-pra-expanded-srrv-2025,government,yes,"Expanded SRRV Program: persons qualified, SRRV options and documentary requirements (PRA-PD-LORQ-0010, Issue 0001, August 2025)",0,7,1,0,,,not_reviewed,,,,
png-act-42-2016,legislation,yes,Citizenship (Amendment) Act 2016 (No. 42 of 2016),0,0,1,0,,,not_reviewed,,,,
png-const-amend-43-2016,legislation,yes,Constitutional Amendment No. 43 (Dual Citizenship) Law 2016,0,0,1,0,,,not_reviewed,,,,
prt-aima-fees-2026,government,yes,Tabela de taxas e demais encargos devidos pelos procedimentos administrativos previstos na Lei 23/2007,0,3,0,0,,,not_reviewed,,,,
prt-aima-rma-2023,government,yes,Relatório de Migrações e Asilo 2023,7,0,0,0,main_applicants_approved 6; dependants_approved 1,nationality,not_reviewed,,,,
prt-aima-rma-2024,government,yes,Relatório de Migrações e Asilo 2024,10,0,0,0,main_applicants_approved 9; dependants_approved 1,nationality,not_reviewed,,,,
prt-aima-rma-2025,government,yes,Relatório de Migrações e Asilo 2025,10,0,1,0,main_applicants_approved 9; dependants_approved 1,nationality,not_reviewed,,,,
prt-aima-web-ari-2026,government,yes,Autorização de Residência para Investimento – Art. 90.º-A (web page),0,0,1,0,,,not_reviewed,,,,
prt-dl-14-2021,legislation,yes,"Decreto-Lei n.º 14/2021, de 12 de fevereiro",0,6,2,0,,,not_reviewed,,,,
prt-dl-41-2023,legislation,yes,"Decreto-Lei n.º 41/2023, de 2 de junho (cria a AIMA)",0,0,1,0,,,not_reviewed,,,,
prt-dr-1-2024,legislation,yes,"Decreto Regulamentar n.º 1/2024, de 17 de janeiro",0,0,0,0,,,not_reviewed,,,,
prt-dr-15a-2015,legislation,yes,"Decreto Regulamentar n.º 15-A/2015, de 2 de setembro",0,0,1,0,,,not_reviewed,,,,
prt-eco-gv-record-2026,media,no,"'Vistos gold' batem recorde em 2025, mas AIMA deixa de divulgar investimento captado",4,0,0,0,main_applicants_approved 3; rbi_investment_total 1,,not_reviewed,,,,
prt-igai-ari-audit-2014,government,yes,"Relatório Final do procedimento de concessão de autorização de residência para atividade de investimento pelo SEF (RELAT-122/2014, PI-21/2014)",2,3,1,0,applications_pending_incl_family 1; cbi_fee_revenue 1,,not_reviewed,,,,
prt-law-102-2017,legislation,yes,"Lei n.º 102/2017, de 28 de agosto (quinta alteração à Lei n.º 23/2007)",0,2,1,0,,,not_reviewed,,,,
prt-law-29-2012,legislation,yes,"Lei n.º 29/2012, de 9 de agosto (primeira alteração à Lei n.º 23/2007)",0,3,1,0,,,not_reviewed,,,,
prt-law-56-2023,legislation,yes,"Lei n.º 56/2023, de 6 de outubro (Mais Habitação) - legislação consolidada, versão à data de 29-12-2023",0,2,2,0,,,not_reviewed,,,,
prt-law-61-2025,legislation,yes,"Lei n.º 61/2025, de 22 de outubro (alteração à Lei n.º 23/2007)",0,0,1,0,,,not_reviewed,,,,
prt-law-63-2015,legislation,yes,"Lei n.º 63/2015, de 30 de junho (terceira alteração à Lei n.º 23/2007)",0,5,1,0,,,not_reviewed,,,,
prt-lo-1-2024,legislation,yes,"Lei Orgânica n.º 1/2024, de 5 de março (Lei da Nacionalidade)",0,0,1,0,,,not_reviewed,,,,
prt-lo-1-2026,legislation,yes,"Lei Orgânica n.º 1/2026, de 18 de maio (Lei da Nacionalidade)",0,0,1,0,,,not_reviewed,,,,
prt-lo-2-2006,legislation,yes,"Lei Orgânica n.º 2/2006, de 17 de abril (Lei da Nacionalidade)",0,0,0,0,,,not_reviewed,,,,
prt-lo-2-2018,legislation,yes,"Lei Orgânica n.º 2/2018, de 5 de julho (Lei da Nacionalidade)",0,0,1,0,,,not_reviewed,,,,
prt-observador-labirinto-verdict-2019,media,no,Vistos Gold. Miguel Macedo absolvido de todos os crimes; António Figueiredo condenado por dois crimes de corrupção,0,0,2,0,,,not_reviewed,,,,
prt-observador-macedo-resigns-2014,media,no,"Miguel Macedo demite-se, por ter a sua ""autoridade diminuída"". Mas recusa culpas nos vistos Gold",0,0,1,0,,,not_reviewed,,,,
prt-port-208-2017,legislation,yes,"Portaria n.º 208/2017, de 13 de julho (territórios do interior)",0,0,0,0,,,not_reviewed,,,,
prt-port-305a-2012,legislation,yes,"Portaria n.º 305-A/2012, de 4 de outubro (taxas)",0,3,1,0,,,not_reviewed,,,,
prt-port-307-2023,legislation,yes,"Portaria n.º 307/2023, de 13 de outubro (taxas)",0,3,0,0,,,not_reviewed,,,,
prt-sef-ari-map-2012-2013,government,yes,Autorização de Residência para Investimento - mapa estatístico: ARI 2012 e 2013,15,0,0,0,main_applicants_approved 10; rbi_investment_total 4; dependants_approved 1,nationality; route,not_reviewed,,,,
prt-sef-ari-map-2012-2019,government,yes,Autorização de Residência para Investimento - mapa estatístico: ARI 2012-2019 (acumulado),23,0,0,0,main_applicants_approved 14; rbi_investment_total 8; dependants_approved 1,nationality; route,not_reviewed,,,,
prt-sef-ari-map-2012-2023-09,government,yes,Autorização de Residência para Investimento - mapa estatístico: ARI Out 2012 - Set 2023 (cumulativo),27,0,0,0,main_applicants_approved 16; rbi_investment_total 10; dependants_approved 1,nationality; route,not_reviewed,,,,
prt-sef-ari-map-2014,government,yes,Autorização de Residência para Investimento - mapa estatístico: ARI 2014,13,0,0,0,main_applicants_approved 9; rbi_investment_total 3; dependants_approved 1,nationality; route,not_reviewed,,,,
prt-sef-ari-map-2015,government,yes,Autorização de Residência para Investimento - mapa estatístico: ARI 2015,13,0,0,0,main_applicants_approved 9; rbi_investment_total 3; dependants_approved 1,nationality; route,not_reviewed,,,,
prt-sef-ari-map-2016,government,yes,Autorização de Residência para Investimento - mapa estatístico: ARI 2016,17,0,0,0,main_applicants_approved 11; rbi_investment_total 5; dependants_approved 1,nationality; route,not_reviewed,,,,
prt-sef-ari-map-2017,government,yes,Autorização de Residência para Investimento - mapa estatístico: ARI 2017,17,0,0,0,main_applicants_approved 11; rbi_investment_total 5; dependants_approved 1,nationality; route,not_reviewed,,,,
prt-sef-ari-map-2018,government,yes,Autorização de Residência para Investimento - mapa estatístico: ARI 2018,17,0,0,0,main_applicants_approved 11; rbi_investment_total 5; dependants_approved 1,nationality; route,not_reviewed,,,,
prt-sef-ari-map-2019,government,yes,Autorização de Residência para Investimento - mapa estatístico: ARI 2019,23,0,0,0,main_applicants_approved 14; rbi_investment_total 8; dependants_approved 1,nationality; route,not_reviewed,,,,
prt-sef-ari-map-2020,government,yes,Autorização de Residência para Investimento - mapa estatístico: ARI 2020,22,0,0,0,main_applicants_approved 13; rbi_investment_total 8; dependants_approved 1,nationality; route,not_reviewed,,,,
prt-sef-ari-map-2021,government,yes,Autorização de Residência para Investimento - mapa estatístico: ARI 2021 (acumulado do ano),27,0,0,0,main_applicants_approved 16; rbi_investment_total 10; dependants_approved 1,nationality; route,not_reviewed,,,,
prt-sef-ari-map-2022,government,yes,Autorização de Residência para Investimento - mapa estatístico: ARI 2022 (acumulado do ano),25,0,0,0,main_applicants_approved 15; rbi_investment_total 9; dependants_approved 1,nationality; route,not_reviewed,,,,
prt-sef-ari-map-2023-01,government,yes,Autorização de Residência para Investimento - mapa estatístico: ARI Janeiro 2023,19,0,0,0,main_applicants_approved 12; rbi_investment_total 6; dependants_approved 1,nationality; route,not_reviewed,,,,
prt-sef-ari-map-2023-02,government,yes,Autorização de Residência para Investimento - mapa estatístico: ARI Fevereiro 2023,23,0,0,0,main_applicants_approved 14; rbi_investment_total 8; dependants_approved 1,nationality; route,not_reviewed,,,,
prt-sef-ari-map-2023-03,government,yes,Autorização de Residência para Investimento - mapa estatístico: ARI Março 2023,21,0,0,0,main_applicants_approved 13; rbi_investment_total 7; dependants_approved 1,nationality; route,not_reviewed,,,,
prt-sef-ari-map-2023-04,government,yes,Autorização de Residência para Investimento - mapa estatístico: ARI Abril 2023,25,0,0,0,main_applicants_approved 15; rbi_investment_total 9; dependants_approved 1,nationality; route,not_reviewed,,,,
prt-sef-ari-map-2023-05,government,yes,Autorização de Residência para Investimento - mapa estatístico: ARI Maio 2023,20,0,0,0,main_applicants_approved 12; rbi_investment_total 7; dependants_approved 1,nationality; route,not_reviewed,,,,
prt-sef-ari-map-2023-06,government,yes,Autorização de Residência para Investimento - mapa estatístico: ARI Junho 2023,26,0,0,0,main_applicants_approved 15; rbi_investment_total 10; dependants_approved 1,nationality; route,not_reviewed,,,,
prt-sef-ari-map-2023-07,government,yes,Autorização de Residência para Investimento - mapa estatístico: ARI Julho 2023,20,0,0,0,main_applicants_approved 12; rbi_investment_total 7; dependants_approved 1,nationality; route,not_reviewed,,,,
prt-sef-ari-map-2023-08,government,yes,Autorização de Residência para Investimento - mapa estatístico: ARI Agosto 2023,20,0,0,0,main_applicants_approved 12; rbi_investment_total 7; dependants_approved 1,nationality; route,not_reviewed,,,,
prt-sef-ari-map-2023-09,government,yes,Autorização de Residência para Investimento - mapa estatístico: ARI Setembro 2023,25,0,0,0,main_applicants_approved 15; rbi_investment_total 9; dependants_approved 1,nationality; route,not_reviewed,,,,
prt-sef-rifa-2013,government,yes,"Relatório de Imigração, Fronteiras e Asilo 2013",11,0,0,0,main_applicants_approved 3; rbi_investment_total 3; residence_permits_issued 2; applications_received 1; applications_rejected 1; dependants_approved 1,applicant; route,not_reviewed,,,,
prt-sef-rifa-2014,government,yes,"Relatório de Imigração, Fronteiras e Asilo 2014",10,0,0,0,main_applicants_approved 3; rbi_investment_total 3; residence_permits_issued 2; applications_rejected 1; dependants_approved 1,applicant; route,not_reviewed,,,,
prt-sef-rifa-2015,government,yes,"Relatório de Imigração, Fronteiras e Asilo 2015",14,0,0,0,main_applicants_approved 8; rbi_investment_total 3; residence_permits_issued 2; dependants_approved 1,applicant; nationality; route,not_reviewed,,,,
prt-sef-rifa-2016,government,yes,"Relatório de Imigração, Fronteiras e Asilo 2016",15,0,0,0,main_applicants_approved 9; rbi_investment_total 3; residence_permits_issued 2; dependants_approved 1,applicant; nationality; route,not_reviewed,,,,
prt-sef-rifa-2017,government,yes,"Relatório de Imigração, Fronteiras e Asilo 2017",15,0,0,0,main_applicants_approved 9; rbi_investment_total 3; residence_permits_issued 2; dependants_approved 1,applicant; nationality; route,not_reviewed,,,,
prt-sef-rifa-2018,government,yes,"Relatório de Imigração, Fronteiras e Asilo 2018",10,0,0,0,main_applicants_approved 4; rbi_investment_total 3; residence_permits_issued 2; dependants_approved 1,applicant; route,not_reviewed,,,,
prt-sef-rifa-2019,government,yes,"Relatório de Imigração, Fronteiras e Asilo 2019",20,0,0,0,main_applicants_approved 14; rbi_investment_total 3; residence_permits_issued 2; dependants_approved 1,applicant; nationality; route,not_reviewed,,,,
prt-sef-rifa-2020,government,yes,"Relatório de Imigração, Fronteiras e Asilo 2020",20,0,0,0,main_applicants_approved 14; rbi_investment_total 3; residence_permits_issued 2; dependants_approved 1,applicant; nationality; route,not_reviewed,,,,
prt-sef-rifa-2021,government,yes,"Relatório de Imigração, Fronteiras e Asilo 2021",20,0,0,0,main_applicants_approved 14; rbi_investment_total 3; residence_permits_issued 2; dependants_approved 1,applicant; nationality; route,not_reviewed,,,,
prt-sef-rifa-2022,government,yes,"Relatório de Imigração, Fronteiras e Asilo 2022",20,0,0,0,main_applicants_approved 14; rbi_investment_total 3; residence_permits_issued 2; dependants_approved 1,applicant; nationality; route,not_reviewed,,,,
prt-tc-ac-1133-2025,court,yes,"Acórdão do Tribunal Constitucional n.º 1133/2025 (Processo n.º 1383/2025), de 15 de dezembro de 2025",0,0,1,0,,,not_reviewed,,,,
qat-almeezan-law-10-2018,legislation,yes,Law No. (10) of 2018 on Permanent Residence,0,0,0,0,,,not_reviewed,,,,
qat-aqarat-own-real-estate,government,yes,Own real estate - privileges granted to non-Qataris ownership,0,2,0,0,,,not_reviewed,,,,
qat-glmm-law-10-2018,academic,no,Qatar: Law No. 10 of 2018 Regarding Permanent Residence (abstract),0,0,1,0,,,not_reviewed,,,,
qat-peninsula-prp-property-2020,media,no,Fast PRP delivery with non-Qatari property ownership,0,0,1,0,,,not_reviewed,,,,
qat-peninsula-title-residency-2025,media,no,"Residency in Qatar and title deed within days for property buyers investing $200,000",0,0,1,0,,,not_reviewed,,,,
qat-tourism-nonqatari-ownership-manual,government,yes,Non-Qatari ownership and use of real estate: instruction manual,0,2,0,0,,,not_reviewed,,,,
qat-usstate-ics-2025,government,yes,2025 Investment Climate Statement: Qatar,0,0,0,0,,,not_reviewed,,,,
sau-aawsat-entrepreneurs-2025,media,no,السعودية تمنح «الإقامة المميزة» لأكثر من 100 رائد أعمال,1,0,0,0,residence_permits_issued 1,route,not_reviewed,,,,
sau-arabnews-first-batch-2019,media,no,Saudi Arabia grants premium residency to 73 applicants,1,2,1,0,long_term_residence_issued 1,,not_reviewed,,,,
sau-argaam-five-products-2024,media,no,مركز الإقامة المميزة يطلق 5 منتجات لاستقطاب الكفاءات والمواهب والمستثمرين وروّاد الأعمال,0,3,0,0,,,not_reviewed,,,,
sau-argaam-prc-launch-2019,media,no,Saudi Arabia launches services center for special residency scheme,0,1,1,0,,,not_reviewed,,,,
sau-arynews-40163-applications-2025,media,no,"Saudi Arabia's Premium Residency platform receives 40,163 applications",2,0,0,0,applications_received 1; long_term_residence_issued 1,,not_reviewed,,,,
sau-enterprise-30mn-tier-2026,media,no,The Kingdom considers USD 30 mn entry tier for premium residency,0,0,1,0,,,not_reviewed,,,,
sau-gulfnews-8074-permits-2025,media,no,"Saudi Arabia issues record 8,074 'premium residency' permits in 2024 to attract global talent",4,0,0,0,long_term_residence_issued 4,route,not_reviewed,,,,
sau-gulfnews-falih-1238-investors-2024,media,no,"Saudi Arabia grants premium residency to over 1,200 foreign investors in less than one year",1,0,0,0,residence_permits_issued 1,route,not_reviewed,,,,
sau-gulfnews-five-products-2024,media,no,Saudi Arabia: 5 new premium residency options launched - what are the eligibility criteria?,0,3,0,0,,,not_reviewed,,,,
sau-misa-premium-residency-law-en-2024,legislation,yes,"Premium Residency Permit Law (English translation, as amended in 1445H)",0,0,0,0,,,not_reviewed,,,,
sau-prc-portal,government,no,Premium Residency Center portal (product and fee pages),0,0,0,0,,,not_reviewed,,,,
sau-spa-prc-five-products-2024,government,yes,"Premium Residency Center launches 5 products to attract competencies, talents, investors and entrepreneurs",0,0,1,0,,,not_reviewed,,,,
sau-uqn-cabinet-res-437-2024,legislation,yes,Council of Ministers Resolution No. 437 of 6/6/1445H approving the amendment of the Premium Residency Law,0,0,1,0,,,not_reviewed,,,,
sau-uqn-prl-amendment-2024,legislation,yes,Amendment of the Premium Residency Law issued by Royal Decree M/106 of 10/9/1440H (text of amendments),0,0,1,0,,,not_reviewed,,,,
sau-uqn-royal-decree-m84-2024,legislation,yes,Royal Decree No. M/84 of 11/06/1445H amending the Premium Residency Law,0,0,0,0,,,not_reviewed,,,,
sgp-cs-gip-factsheet-2009,government,yes,Global Investor Programme factsheet (version in use 2009-2010),0,4,0,0,,,not_reviewed,,,,
sgp-cs-gip-factsheet-2010,government,yes,Global Investor Programme Factsheet - English (October 2010),0,2,1,0,,,not_reviewed,,,,
sgp-cs-gip-factsheet-2011,government,yes,Global Investor Programme Factsheet (English) - 1 April 2011,0,0,0,0,,,not_reviewed,,,,
sgp-cs-gip-factsheet-2012,government,yes,"GIP Factsheet EN, 2 October 2012",0,1,0,0,,,not_reviewed,,,,
sgp-cs-gip-factsheet-2014,government,yes,Global Investor Programme factsheet (version of March 2014),0,1,0,0,,,not_reviewed,,,,
sgp-edb-gip-factsheet-2021,government,yes,"GIP Factsheet (English), 16 August 2021",0,2,0,0,,,not_reviewed,,,,
sgp-edb-gip-factsheet-2023,government,yes,Global Investor Programme factsheet (updated 2 August 2023),0,0,0,0,,,not_reviewed,,,,
sgp-edb-gip-factsheet-2025,government,yes,Global Investor Programme factsheet (updated 5 May 2025),0,1,0,0,,,not_reviewed,,,,
sgp-edb-gip-mr-2023,government,yes,"Changes to Global Investor Programme will Generate More Spin-offs for the Singapore Economy (Media Release, 2 March 2023)",2,4,2,0,main_applicants_approved 1; rbi_jobs_created 1,,not_reviewed,,"Priority review: described as holding statistics or tables, but only 2 number(s) extracted.",,
sgp-edb-gip-web-2026,government,yes,Global Investor Programme (GIP) - web page,0,1,0,0,,,not_reviewed,,,,
sgp-edb-gipselect-mr-2023,government,yes,"EDB appoints seven fund management companies as Global Investor Programme (GIP)-select funds (Media Release, 1 June 2023)",0,0,1,0,,,not_reviewed,,,,
sgp-parl-cos-mti-2023,legislation,yes,"Committee of Supply - Head V (Ministry of Trade and Industry), 28 February 2023",1,0,1,0,rbi_total_business_expenditure 1,,not_reviewed,,,,
sgp-parl-ms-aml-2023,legislation,yes,"Singapore's Anti-Money Laundering Regime (Ministerial Statements by Josephine Teo, Alvin Tan and Indranee Rajah, with clarifications), 3 October 2023",0,0,1,0,,,not_reviewed,,,,
sgp-parl-ms-property-2005,legislation,yes,"Policy Changes Affecting the Property Market (Ministerial Statement by the Minister for National Development, Mah Bow Tan), 19 July 2005",0,1,2,0,,,not_reviewed,,,,
sgp-parl-oa-gip-2012,legislation,yes,"Criteria for Singapore's Global Investor Programme (oral answer), 16 October 2012",0,0,1,0,,,not_reviewed,,,,
sgp-parl-oa-gip-2018,legislation,yes,"Deliverables from Global Investor Programme (oral answer), 9 January 2018",3,0,0,0,rbi_investment_total 1; rbi_jobs_created 1; rbi_total_business_expenditure 1,route,not_reviewed,,,,
sgp-parl-oa-gip-2023,legislation,yes,"Individuals who have Leveraged on Global Investor Programme to Qualify for Permanent Residency (oral answer), 23 February 2023",4,0,0,0,main_applicants_approved 1; rbi_investment_total 1; rbi_jobs_created 1; rbi_total_business_expenditure 1,route,not_reviewed,,,,
sgp-parl-oa-gip-2026,legislation,yes,"Data on Individuals Granted Permanent Residency under Global Investor Programme (oral answer), 27 February 2026",6,0,0,0,main_applicants_approved 4; rbi_investment_total 2,route,not_reviewed,,,,
sgp-parl-oa-gip-sfo-2025,legislation,yes,"Excluding S-REITs from New Rules for Global Investor Programme (oral answer), 8 April 2025",0,1,1,0,,,not_reviewed,,,,
sgp-parl-oa-sfo-2025,legislation,yes,"Data on Sanctioned Individuals Operating Tax-exempt Family Offices Locally (oral answer), 5 November 2025",0,0,1,0,,,not_reviewed,,,,
sgp-parl-wa-fis-2012,legislation,yes,"Applications for Singapore Permanent Residence under the Financial Investor Scheme (written answer), 15 October 2012",2,0,1,0,applications_rejected 1; main_applicants_approved 1,,not_reviewed,,,,
sgp-parl-wa-gip-2010,legislation,yes,"Global Investor Programme (written answer by the Minister for Trade and Industry, Lim Hng Kiang, to Mdm Ho Geok Choo), 22 November 2010",4,0,0,0,main_applicants_approved 2; rbi_investment_total 1; rbi_jobs_created 1,route,not_reviewed,,,,
sgp-parl-wa-gip-2017,legislation,yes,"Applicants Granted PR Status under EDB's Global Investor Programme (written answer), 1 August 2017",3,0,1,0,main_applicants_approved 1; persons_naturalised 1; residence_permits_revoked 1,,not_reviewed,,,,
sgp-parl-wa-gip-2026,legislation,yes,"Retention Rate of Permanent Residents in Global Investor Programme Over Past 10 Years (written answer), 7 April 2026",3,0,0,0,persons_naturalised 1; residence_renewals_refused 1; residence_status_retained_pct 1,,not_reviewed,,,,
sgp-parl-wa-gip-landed-2022,legislation,yes,"Proposal for Minimum Occupation Period for New Citizens who Buy Landed Residential Property (written answer), 9 May 2022",0,0,0,0,,,not_reviewed,,,,
sgp-parl-wa-ml-assets-2025,legislation,yes,"Cash and Non-cash Assets Surrendered In Connection with $3 Billion Money Laundering Case (written answer), 26 February 2025",0,0,1,0,,,not_reviewed,,,,
sgp-parl-wa-sfo-2023,legislation,yes,"Quantifying Contributions of Family Offices to Singapore's Economy (written answer), 6 July 2023",1,0,0,0,main_applicants_approved 1,route,not_reviewed,,,,
sgp-parl-wa-sfo-2024,legislation,yes,"Owner, Employment and Investment Profile of Family Offices in Singapore (written answer), 6 March 2024",1,0,0,0,sfo_tax_incentive_recipients 1,,not_reviewed,,,,
sgp-parl-wa-sfo-2026,legislation,yes,"Breakdown of Approved Family Offices and Assets Under Management (written answer), 5 August 2026",1,0,0,0,sfo_tax_incentive_recipients 1,,not_reviewed,,"Priority review: described as holding statistics or tables, but only 1 number(s) extracted.",,
sgp-parl-wa-sfo-ml-2024,legislation,yes,"Family Offices Linked to Accused Persons in Singapore's Largest Money Laundering Case (written answer), 2 July 2024",0,0,1,0,,,not_reviewed,,,,
sgp-spf-mr-ml-2023,government,yes,Ten Foreign Nationals To Be Charged For Offences Including Forgery And Money Laundering With An Estimated Value Of About One Billion In Cash And Various Assets ,0,0,1,0,,,not_reviewed,,,,
sle-act-11-2006,legislation,yes,"The Sierra Leone Citizenship (Amendment) Act, 2006 (Act No. 11 of 2006)",0,0,0,0,,,not_reviewed,,,,
sle-gfg-update-2025,industry,no,"Sierra Leone Sets a New Standard for Investment-Led Citizenship and Residency in Africa: Program Update, November 1, 2025 (GO-FOR-GOLD)",1,0,1,0,main_applicants_approved 1,,not_reviewed,,,,
sle-parl-citizenship-bill-2017,legislation,yes,"The Citizenship (Amendment) Act, 2017 (Bill, Supplement to the Sierra Leone Gazette Vol. CXLVIII, No. 34, 22 June 2017)",0,0,0,0,,,not_reviewed,,,,
sle-slid-notice-naturalisation-2024,government,yes,Public Notice: resumption of the naturalisation process from 1 October 2024,0,0,1,0,,,not_reviewed,,,,
sle-slid-policy-nationality,government,yes,Policy Guidance on Sierra Leone Citizenship Laws,0,0,0,0,,,not_reviewed,,,,
sle-slid-pr-2025,government,yes,"Press Release, January 2, 2025: Announcing New Arrangements for Naturalization of Qualifying Foreign National Investors & Sierra Leonean Ancestral Citizens",0,0,2,0,,,not_reviewed,,,,
sle-telegraph-2025,media,no,Sierra Leone launches Fast-Track Citizenship through GO-FOR-GOLD Program,0,0,1,0,,,not_reviewed,,,,
stp-cip-web-200-applications-2026,government,yes,A Growing Global Community: São Tomé and Príncipe's First 200 Applications (2 March 2026),1,0,0,0,applications_received 1,,not_reviewed,,,,
stp-cip-web-launch-2026,government,yes,Citizenship by Investment Program Official Launch in São Tomé and Príncipe (2 January 2026),0,0,1,0,,,not_reviewed,,,,
stp-cip-web-ntf-2026,government,yes,Donation to the National Transformation Fund (programme website cip.gov.st),0,2,0,0,,,not_reviewed,,,,
stp-cip-web-post-approval-fees-2026,government,yes,Post-Approval Inclusion Fees (programme website cip.gov.st),0,0,0,0,,,not_reviewed,,,,
stp-dr-dl-7-2025,legislation,yes,"Decreto-Lei n.º 07/2025 - Regulamentação da Nacionalidade por Investimento ou Doação (Diário da República, I Série, N.º 33, 1 de Agosto de 2025)",0,5,2,0,,,not_reviewed,,,,
syc-fincen-advisory-1996,government,yes,"FinCEN Advisory Vol. 1, Issue 2: Enhanced Scrutiny for Transactions Involving the Seychelles",0,0,1,0,,,not_reviewed,,,,
syc-fincen-withdrawal-2003,government,yes,FinCEN Advisory Issue 2W: Withdrawal (Transactions Involving the Seychelles),0,0,1,0,,,not_reviewed,,,,
syc-ics-fees-2020,government,yes,"Other fees (Permanent Resident, Residence Permit incl. Eden Island Scheme, Citizenship)",0,2,0,0,,,not_reviewed,,,,
syc-ics-pr-guideline-2013,government,yes,"Application for Permanent Residence Permit (Form IMM-15), notes and instructions",0,1,0,0,,,not_reviewed,,,,
syc-ics-quickguide-2013,government,yes,A Quick Guide to the new Seychelles Immigration Rules (November 2013),0,2,1,0,,,not_reviewed,,,,
syc-ics-special-circumstances-2014,government,yes,"Application for Registration as a Citizen of Seychelles under Special Circumstances (Form IMM2), notes",0,0,0,0,,,not_reviewed,,,,
syc-ics-web-residence-permit-2026,government,yes,Residence Permit (web page),0,0,0,0,,,not_reviewed,,,,
tca-coi-auld-2009,government,yes,"Turks and Caicos Islands Commission of Inquiry 2008-2009: Report of the Commissioner, Sir Robin Auld",0,0,1,0,,,not_reviewed,,,,
tca-dcn-prc-investment-process,government,yes,Permanent Residence Certificate Application Process - Investment Routes,0,0,0,0,,,not_reviewed,,,,
tca-imm-ord-rev-2021,legislation,yes,"Immigration Ordinance, Chapter 5.01, and Subsidiary Legislation (Revised Edition, law as at 31 March 2021)",0,8,1,0,,,not_reviewed,,,,
tca-misick-prc-2013,industry,no,TCI reintroduces investment-based permanent residency - exciting new inward investment scheme,0,0,1,0,,,not_reviewed,,,,
tca-rtc-imm-law-2012,media,no,New Immigration Law Signed,0,0,1,0,,,not_reviewed,,,,
tha-boi-ltr-brochure-2025,government,yes,Long-Term Resident (LTR) Visa brochure 2025,0,0,1,0,,,not_reviewed,,,,
tha-boi-ltr-site-2026,government,yes,LTR Visa: Long-Term Resident Visa (official website),0,3,0,0,,,not_reviewed,,,,
tha-tpc-ar-2025,government,no,"รายงานประจำปี 2568 (Annual Report 2025), Thailand Privilege Card Co., Ltd.",3,0,0,0,rbi_members_valid 3,,not_reviewed,,,,
tha-tpc-dc-newmembers-fy2568,government,yes,"จำนวนสมาชิกใหม่ งบประมาณ 2568 ณ วันที่ 30 กันยายน 2568 (Annual Report 2568, p. 91: รายงานการดำเนินงานด้านการขาย)",7,0,0,0,rbi_memberships_sold 7,permit_type,not_reviewed,,,,
tha-tpc-dc-sales-fy2568,government,yes,ภาพรวมผลการดำเนินงานสำหรับปีงบประมาณ 2568 (รายได้จากการขายบัตรปีงบประมาณ 2568),1,0,0,0,cbi_unit_revenue 1,,not_reviewed,,,,
tha-tpc-member-profile-2025,government,yes,โครงสร้างสมาชิกแยกตามสัญชาติและประเภทของสมาชิก ณ วันที่ 30 กันยายน 2568 (Thailand Privilege member profile),12,0,0,0,rbi_members_valid 12,nationality,not_reviewed,,,,
tha-tpc-old-packages-2026,government,yes,Existing Membership packages before October 2023 (web page),0,0,1,0,,,not_reviewed,,,,
tha-tpc-packages-2025,government,yes,"Membership package table: Gold, Platinum, Diamond, Reserve, Bronze and Thailand Privilege Pass",0,8,0,0,,,not_reviewed,,"Priority review: described as holding statistics or tables, but only 0 number(s) extracted.",,
ton-bbc-2003,media,no,Tongan court jester faces trial,2,0,0,0,cbi_fund_loss 1; passports_issued 1,,not_reviewed,,,,
ton-cnn-2001,media,no,Tonga's 'court jester' scandal no laughing matter,3,0,1,0,cbi_fund_loss 1; cbi_inflows 1; passports_issued 1,,not_reviewed,,,,
ton-mg-2002,media,no,Tonga says US jester lost millions of dollars,2,0,1,0,cbi_fund_loss 1; cbi_inflows 1,,not_reviewed,,,,
ton-nyt-1992,media,no,In the Court of the King of Tonga,1,3,0,0,cbi_inflows 1,,not_reviewed,,,,
ton-rnz-2003,media,no,Trial of former Tongan court jester set down for March next year,1,0,0,0,cbi_contingency_fund_balance 1,,not_reviewed,,,,
ton-smh-2004,media,no,No joke: jester's missing $33m,3,0,2,0,cbi_contingency_fund_balance 1; cbi_fund_loss 1; cbi_fund_recovered 1,,not_reviewed,,,,
tur-aa-2019-01-02,media,no,250+ apply for Turkish citizenship through investment,1,0,0,0,applications_received 1,,not_reviewed,,,,
tur-aa-2022-05-10,media,no,Bakan Soylu'dan Türk vatandaşlığının kazanılması süreçlerine ilişkin açıklama,2,0,0,0,cbi_inflows 1; main_applicants_approved 1,,not_reviewed,,,,
tur-cipturkey-2019-07-22,industry,no,"Turkey's CIP Surprises With Nearly 1,000 Approved Applications so Far",1,0,0,0,main_applicants_approved 1,,not_reviewed,,,,
tur-cumhuriyet-2021-10-29,media,no,250 bin dolar ödeyen 19 bin kişi TC vatandaşı oldu,2,0,0,0,investment_certificates_issued 1; properties_acquired_for_cbi 1,,not_reviewed,,,,
tur-hurriyet-2022-05-11,media,no,Soylu açıkladı: Rakamlarla yeni Türk vatandaşları,1,0,0,0,main_applicants_approved 1,,not_reviewed,,,,
tur-hurriyet-2026-08-04,media,no,Bakanlık açıkladı: Usulsüzlük tespit edilen 6 bin 134 kişinin Türk vatandaşlığı iptal edildi ya da geri alındı,3,0,1,0,citizenships_revoked 2; investors_revoked 1,,not_reviewed,,,,
tur-hurriyet-2026-09-21,media,no,İçişleri Bakanlığı duyurdu: Binlerce kişinin vatandaşlık kararı iptal edildi,2,0,0,0,citizenships_revoked 2,,not_reviewed,,,,
tur-kronos-2026-08-08,media,no,Yatırım yoluyla vatandaşlık tartışması: 10 yılda kaç bin kişiye verildi?,4,0,2,0,cbi_inflows 1; dependants_naturalised 1; main_applicants_approved 1; persons_naturalised 1,,not_reviewed,,,,
tur-mee-2019-07-11,media,no,REVEALED: Middle East nationals fuel Turkish billion-dollar citizenship bonanza,3,0,0,0,applications_pending 1; cbi_inflows 1; main_applicants_approved 1,,not_reviewed,,,,
tur-mevzuat-tvk-reg-consolidated,legislation,yes,Türk Vatandaşlığı Kanununun Uygulanmasına İlişkin Yönetmelik (consolidated text),0,0,0,0,,,not_reviewed,,,,
tur-milliyet-2026-09-21,media,no,Usulsüz Türk vatandaşlığı kazanma soruşturması: Binlerce kişinin vatandaşlık kararı iptal edildi veya geri alındı,1,0,1,0,irregular_naturalisations_detected 1,,not_reviewed,,,,
tur-nordicmonitor-2024-10-14,media,no,"Half a million naturalized foreigners, primarily Syrians, risk losing their Turkish citizenship",1,0,1,0,persons_naturalised 1,,not_reviewed,,,,
tur-rg-2016-08-13-law6735,legislation,yes,6735 sayılı Uluslararası İşgücü Kanunu (International Labour Force Law No. 6735),0,0,1,0,,,not_reviewed,,,,
tur-rg-2017-01-12-reg,legislation,yes,Türk Vatandaşlığı Kanununun Uygulanmasına İlişkin Yönetmelikte Değişiklik Yapılmasına Dair Yönetmelik (Karar Sayısı 2016/9601),0,5,1,0,,,not_reviewed,,,,
tur-rg-2017-05-05-reg,legislation,yes,Türk Vatandaşlığı Kanununun Uygulanmasına İlişkin Yönetmelikte Değişiklik Yapılmasına Dair Yönetmelik (Karar Sayısı 2017/10008),0,1,1,0,,,not_reviewed,,,,
tur-rg-2018-09-19-reg,legislation,yes,Türk Vatandaşlığı Kanununun Uygulanmasına İlişkin Yönetmelikte Değişiklik Yapılmasına Dair Yönetmelik (Cumhurbaşkanı Kararı No. 106),0,6,1,0,,,not_reviewed,,,,
tur-rg-2018-12-07-reg,legislation,yes,Türk Vatandaşlığı Kanununun Uygulanmasına İlişkin Yönetmelikte Değişiklik Yapılmasına Dair Yönetmelik (Cumhurbaşkanı Kararı No. 418),0,1,1,0,,,not_reviewed,,,,
tur-rg-2022-01-06-reg,legislation,yes,Türk Vatandaşlığı Kanununun Uygulanmasına İlişkin Yönetmelikte Değişiklik Yapılmasına Dair Yönetmelik (Cumhurbaşkanı Kararı No. 5072),0,1,1,0,,,not_reviewed,,,,
tur-rg-2022-05-13-reg,legislation,yes,Türk Vatandaşlığı Kanununun Uygulanmasına İlişkin Yönetmelikte Değişiklik Yapılmasına Dair Yönetmelik (Cumhurbaşkanı Kararı No. 5554),0,2,1,0,,,not_reviewed,,,,
tur-rg-2023-12-12-reg,legislation,yes,Türk Vatandaşlığı Kanununun Uygulanmasına İlişkin Yönetmelikte Değişiklik Yapılmasına Dair Yönetmelik (Cumhurbaşkanı Kararı No. 7938),0,1,1,0,,,not_reviewed,,,,
tur-tbmm-bakan-q-2025-09,legislation,yes,"Written question by Murat Bakan (CHP, İzmir) to the Interior Minister, 24.09.2025 (registered 29.09.2025)",1,0,1,0,irregular_naturalisations_detected 1,,not_reviewed,,"Priority review: described as holding statistics or tables, but only 1 number(s) extracted.",,
tur-tbmm-bill-tanal-2022,legislation,yes,"5901 sayılı Türk Vatandaşlığı Kanununda Değişiklik Yapılmasına Dair Kanun Teklifi ve gerekçesi (Mahmut Tanal, CHP İstanbul, 31.03.2022)",2,0,0,0,investment_certificates_issued 1; properties_acquired_for_cbi 1,,not_reviewed,,,,
tur-tbmm-pbk-2024-11-20,legislation,yes,"TBMM Plan ve Bütçe Komisyonu Tutanak Dergisi, 16'ncı Toplantı, 20 Kasım 2024 (Interior Ministry 2025 budget)",4,0,1,0,children_naturalised 1; main_applicants_approved 1; persons_naturalised 1; spouses_naturalised 1,,not_reviewed,,,,
tur-tbmm-pbk-2025-11-17,legislation,yes,"TBMM Plan ve Bütçe Komisyonu Tutanak Dergisi, 15'inci Toplantı, 17 Kasım 2025 (Interior Ministry 2026 budget)",1,0,1,0,citizenships_revoked 1,,not_reviewed,,,,
tur-tkgm-ykt-degerleme-raporu,government,yes,Tutar Tespit Belgesi (TTB) - valuation report for citizenship,0,0,1,0,,,not_reviewed,,,,
tur-tkgm-ykt-vatandaslik-kazanimi,government,yes,Vatandaşlık Kazanımı (Citizenship acquisition page),0,0,0,0,,,not_reviewed,,,,
tur-tuik-foreign-house-sales,government,yes,"Yabancılara yapılan konut satış sayıları, 2013-2025 / House sales to foreigners, 2013-2025 (statistical table)",13,0,0,0,house_sales_foreigners 13,,not_reviewed,,,,
tur-turizmekonomi-2026-08,media,no,174 bin kişi yatırım yoluyla TC vatandaşlığı aldı,2,0,0,0,main_applicants_approved 1; persons_naturalised 1,,not_reviewed,,,,
twn-moi-hkmo-residence-regs-2022,legislation,yes,香港澳門居民進入臺灣地區及居留定居許可辦法 (Regulations Governing Permits for Hong Kong and Macao Residents Entering the Taiwan Area and Setting up Residence or Registered Permanent,0,1,0,0,,,not_reviewed,,,,
twn-moj-immigration-act-2023,legislation,yes,"入出國及移民法 (Immigration Act), as amended 28 June 2023 (民國112年06月28日)",0,0,0,0,,,not_reviewed,,,,
twn-nia-apr-investment-guidelines-2024,government,yes,"Guidelines for Foreigners Applying for Alien Permanent Resident Certificate (Plum Blossom Card) for Individuals with Special Contributions, Senior Professionals",0,2,0,0,,,not_reviewed,,"Priority review: described as holding statistics or tables, but only 0 number(s) extracted.",,
twn-nia-hkmo-residence-regs-en-2018,legislation,yes,Regulations Governing Permits for Hong Kong and Macao Residents Entering the Taiwan Area and Setting up Residence or Registered Permanent Residence in R.O.C (En,0,0,0,0,,,not_reviewed,,,,
ury-impo-dec148-2007,legislation,yes,"Decreto No. 148/007: Reglamentación del IRPF (texto actualizado), artículo 5-BIS (residencia fiscal)",0,4,0,0,,,not_reviewed,,,,
ury-impo-dec163-2020,legislation,yes,"Decreto No. 163/020: Modificación del art. 5 del Decreto 148/007, relativo a promoción de inversiones",0,0,1,0,,,not_reviewed,,,,
ury-impo-ley18250-2008,legislation,yes,"Ley No. 18.250, Ley de Migraciones (texto actualizado)",0,0,1,0,,,not_reviewed,,,,
usa-court-behring-ndcal-2021,court,yes,"Behring Regional Center LLC v. Wolf, No. 20-cv-09263-JSC, Order granting summary judgment in plaintiff's favor on claim four (Dkt. 51)",0,0,1,0,,,not_reviewed,,,,
usa-court-behring-ndcal-2022,court,yes,"Behring Regional Center LLC v. Mayorkas, No. 22-cv-02487-VC, Order granting plaintiff's motion for a preliminary injunction (Dkt. 63)",0,0,1,0,,,not_reviewed,,,,
usa-dhs-ohss-yearbook-lpr-2023,government,yes,Yearbook of Immigration Statistics 2023: Lawful Permanent Residents tables (Excel),30,0,0,0,residence_permits_issued 30,entry,not_reviewed,,,,
usa-dhs-yearbook-2013,government,yes,2013 Yearbook of Immigration Statistics,10,0,0,0,residence_permits_issued 10,,not_reviewed,,,,
usa-dhsoig-14-19-2013,government,yes,United States Citizenship and Immigration Services' Employment-Based Fifth Preference (EB-5) Regional Center Program (OIG-14-19),1,0,1,0,regional_centers_designated 1,,not_reviewed,,,,
usa-dhsoig-eb5-mayorkas-2015,government,yes,Investigation into Employee Complaints about Management of U.S. Citizenship and Immigration Services' EB-5 Program,0,0,1,0,,,not_reviewed,,,,
usa-doc-trumpcard-web-2026,government,yes,The Trump Gold Card (trumpcard.gov home page and FAQ),0,0,1,0,,,not_reviewed,,,,
usa-doj-cdca-chan-2017,government,yes,Attorney Pleads Guilty to Federal Charges Stemming from $50 Million Scheme that Defrauded the EB-5 Visa Program and Chinese Investors,0,0,1,0,,,not_reviewed,,,,
usa-doj-cdca-zhao-2017,government,yes,Former Wife of Fugitive Chinese Official Pleads Guilty to Conspiring to Commit Immigration Fraud Related to EB-5 Investor Visa,0,0,1,0,,,not_reviewed,,,,
usa-doj-edla-nola-rc-2021,government,yes,Ex-White House Military Aide and Maryland Businessman Sentenced to Over 8 Years in Prison for Operating Fraudulent Eb-5 Visa Scheme,0,0,1,0,,,not_reviewed,,,,
usa-doj-ndca-sfrc-2021,government,yes,Two Defendants Plead Guilty to Federal Charges Filed in Connection with Oakland-Based EB-5 Visa Investment Scheme,0,0,1,0,,,not_reviewed,,,,
usa-doj-vt-quiros-2022,government,yes,Ariel Quiros Sentenced to 60 Months in Prison for EB-5 Fraud in Vermont's Northeast Kingdom,0,0,1,0,,,not_reviewed,,,,
usa-dos-vo-2005-table-v,government,yes,"Report of the Visa Office 2005, Table V: Immigrant Visas Issued and Adjustments of Status Subject to Numerical Limitations, Fiscal Year 2005",10,0,0,0,visa_numbers_used 10,nationality,not_reviewed,,,,
usa-dos-vo-2005-table-vi,government,yes,"Report of the Visa Office 2005, Table VI: Preference Visas Issued, Fiscal Year 2005",7,0,0,0,immigrant_visas_issued 7,nationality,not_reviewed,,,,
usa-dos-vo-2006-table-v,government,yes,"Report of the Visa Office 2006, Table V: Immigrant Visas Issued and Adjustments of Status Subject to Numerical Limitations, Fiscal Year 2006",10,0,0,0,visa_numbers_used 10,nationality,not_reviewed,,,,
usa-dos-vo-2006-table-vi,government,yes,"Report of the Visa Office 2006, Table VI: Preference Visas Issued, Fiscal Year 2006",10,0,0,0,immigrant_visas_issued 10,nationality,not_reviewed,,,,
usa-dos-vo-2007-table-v,government,yes,"Report of the Visa Office 2007, Table V: Immigrant Visas Issued and Adjustments of Status Subject to Numerical Limitations, Fiscal Year 2007",10,0,0,0,visa_numbers_used 10,nationality,not_reviewed,,,,
usa-dos-vo-2007-table-vi,government,yes,"Report of the Visa Office 2007, Table VI: Preference Visas Issued, Fiscal Year 2007",9,0,0,0,immigrant_visas_issued 9,nationality,not_reviewed,,,,
usa-dos-vo-2008-table-v3,government,yes,"Report of the Visa Office 2008, Table V (Part 3): Immigrant Visas Issued and Adjustments of Status Subject to Numerical Limitations, Fiscal Year 2008",10,0,0,0,visa_numbers_used 10,nationality,not_reviewed,,,,
usa-dos-vo-2008-table-vi4,government,yes,"Report of the Visa Office 2008, Table VI (Part IV): Preference Visas Issued, Fiscal Year 2008",10,0,0,0,immigrant_visas_issued 10,nationality,not_reviewed,,,,
usa-dos-vo-2009-table-v,government,yes,"Report of the Visa Office 2009, Table V: Immigrant Visas Issued and Adjustments of Status Subject to Numerical Limitations, Fiscal Year 2009",10,0,0,0,visa_numbers_used 10,nationality,not_reviewed,,,,
usa-dos-vo-2009-table-vi,government,yes,"Report of the Visa Office 2009, Table VI: Preference Visas Issued, Fiscal Year 2009",10,0,0,0,immigrant_visas_issued 10,nationality,not_reviewed,,,,
usa-dos-vo-2010-table-v3,government,yes,"Report of the Visa Office 2010, Table V (Part 3): Immigrant Visas Issued and Adjustments of Status Subject to Numerical Limitations, Fiscal Year 2010",10,0,0,0,visa_numbers_used 10,nationality,not_reviewed,,,,
usa-dos-vo-2010-table-vi4,government,yes,"Report of the Visa Office 2010, Table VI (Part IV): Preference Visas Issued, Fiscal Year 2010",10,0,0,0,immigrant_visas_issued 10,nationality,not_reviewed,,,,
usa-dos-vo-2011-table-v3,government,yes,"Report of the Visa Office 2011, Table V (Part 3): Immigrant Visas Issued and Adjustments of Status Subject to Numerical Limitations, Fiscal Year 2011",10,0,0,0,visa_numbers_used 10,nationality,not_reviewed,,,,
usa-dos-vo-2011-table-vi4,government,yes,"Report of the Visa Office 2011, Table VI (Part IV): Preference Visas Issued, Fiscal Year 2011",11,0,0,0,immigrant_visas_issued 11,nationality,not_reviewed,,,,
usa-dos-vo-2012-table-v3,government,yes,"Report of the Visa Office 2012, Table V (Part 3): Immigrant Visas Issued and Adjustments of Status Subject to Numerical Limitations, Fiscal Year 2012",10,0,0,0,visa_numbers_used 10,nationality,not_reviewed,,,,
usa-dos-vo-2012-table-vi4,government,yes,"Report of the Visa Office 2012, Table VI (Part IV): Preference Visas Issued, Fiscal Year 2012",9,0,0,0,immigrant_visas_issued 9,nationality,not_reviewed,,,,
usa-dos-vo-2013-table-v3,government,yes,"Report of the Visa Office 2013, Table V (Part 3): Immigrant Visas Issued and Adjustments of Status Subject to Numerical Limitations, Fiscal Year 2013",10,0,0,0,visa_numbers_used 10,nationality,not_reviewed,,,,
usa-dos-vo-2013-table-vi,government,yes,"Report of the Visa Office 2013, Table VI: Preference Visas Issued, Fiscal Year 2013",10,0,0,0,immigrant_visas_issued 10,nationality,not_reviewed,,,,
usa-dos-vo-2014-table-v3,government,yes,"Report of the Visa Office 2014, Table V (Part 3): Immigrant Visas Issued and Adjustments of Status Subject to Numerical Limitations, Fiscal Year 2014",9,0,0,0,visa_numbers_used 9,nationality,not_reviewed,,,,
usa-dos-vo-2014-table-vi,government,yes,"Report of the Visa Office 2014, Table VI: Preference Visas Issued, Fiscal Year 2014",9,0,0,0,immigrant_visas_issued 9,nationality,not_reviewed,,,,
usa-dos-vo-2015-table-v3,government,yes,"Report of the Visa Office 2015, Table V (Part 3): Immigrant Visas Issued and Adjustments of Status Subject to Numerical Limitations, Fiscal Year 2015",9,0,0,0,visa_numbers_used 9,nationality,not_reviewed,,,,
usa-dos-vo-2015-table-vi,government,yes,"Report of the Visa Office 2015, Table VI: Preference Visas Issued, Fiscal Year 2015",9,0,0,0,immigrant_visas_issued 9,nationality,not_reviewed,,,,
usa-dos-vo-2016-table-v,government,yes,"Report of the Visa Office 2016, Table V: Immigrant Visas Issued and Adjustments of Status Subject to Numerical Limitations, Fiscal Year 2016",9,0,0,0,visa_numbers_used 9,nationality,not_reviewed,,,,
usa-dos-vo-2016-table-vi,government,yes,"Report of the Visa Office 2016, Table VI: Preference Visas Issued, Fiscal Year 2016",9,0,0,0,immigrant_visas_issued 9,nationality,not_reviewed,,,,
usa-dos-vo-2017-table-v3,government,yes,"Report of the Visa Office 2017, Table V (Part 3): Immigrant Visas Issued and Adjustments of Status Subject to Numerical Limitations, Fiscal Year 2017",9,0,0,0,visa_numbers_used 9,nationality,not_reviewed,,,,
usa-dos-vo-2017-table-vi,government,yes,"Report of the Visa Office 2017, Table VI: Preference Visas Issued, Fiscal Year 2017",9,0,0,0,immigrant_visas_issued 9,nationality,not_reviewed,,,,
usa-dos-vo-2018-table-v3,government,yes,"Report of the Visa Office 2018, Table V (Part 3): Immigrant Visas Issued and Adjustments of Status Subject to Numerical Limitations, Fiscal Year 2018",9,0,0,0,visa_numbers_used 9,nationality,not_reviewed,,,,
usa-dos-vo-2018-table-vi,government,yes,"Report of the Visa Office 2018, Table VI: Preference Visas Issued, Fiscal Year 2018",9,0,0,0,immigrant_visas_issued 9,nationality,not_reviewed,,,,
usa-dos-vo-2019-table-v,government,yes,"Report of the Visa Office 2019, Table V: Immigrant Visas Issued and Adjustments of Status Subject to Numerical Limitations, Fiscal Year 2019",9,0,0,0,visa_numbers_used 9,nationality,not_reviewed,,,,
usa-dos-vo-2019-table-vi,government,yes,"Report of the Visa Office 2019, Table VI: Preference Visas Issued, Fiscal Year 2019",9,0,0,0,immigrant_visas_issued 9,nationality,not_reviewed,,,,
usa-dos-vo-2020-table-v3,government,yes,"Report of the Visa Office 2020, Table V (Part 3): Immigrant Visas Issued and Adjustments of Status Subject to Numerical Limitations, Fiscal Year 2020",9,0,0,0,visa_numbers_used 9,nationality,not_reviewed,,,,
usa-dos-vo-2020-table-vi,government,yes,"Report of the Visa Office 2020, Table VI: Preference Visas Issued, Fiscal Year 2020",9,0,0,0,immigrant_visas_issued 9,nationality,not_reviewed,,,,
usa-dos-vo-2021-table-v3,government,yes,"Report of the Visa Office 2021, Table V (Part 3): Immigrant Visas Issued and Adjustments of Status Subject to Numerical Limitations, Fiscal Year 2021",9,0,0,0,visa_numbers_used 9,nationality,not_reviewed,,,,
usa-dos-vo-2021-table-vi,government,yes,"Report of the Visa Office 2021, Table VI: Preference Visas Issued, Fiscal Year 2021",9,0,0,0,immigrant_visas_issued 9,nationality,not_reviewed,,,,
usa-dos-vo-2022-table-v3,government,yes,"Report of the Visa Office 2022, Table V (Part 3): Immigrant Visas Issued and Adjustments of Status Subject to Numerical Limitations, Fiscal Year 2022",17,0,0,0,visa_numbers_used 17,nationality; route,not_reviewed,,,,
usa-dos-vo-2022-table-vi,government,yes,"Report of the Visa Office 2022, Table VI: Preference Visas Issued, Fiscal Year 2022",17,0,0,0,immigrant_visas_issued 17,nationality; route,not_reviewed,,,,
usa-dos-vo-2023-table-v3,government,yes,"Report of the Visa Office 2023, Table V (Part 3): Immigrant Visas Issued and Adjustments of Status Subject to Numerical Limitations, Fiscal Year 2023",17,0,0,0,visa_numbers_used 17,nationality; route,not_reviewed,,,,
usa-dos-vo-2023-table-vi,government,yes,"Report of the Visa Office 2023, Table VI: Preference Visas Issued, Fiscal Year 2023",17,0,0,0,immigrant_visas_issued 17,nationality; route,not_reviewed,,,,
usa-dos-vo-2024-table-v3,government,yes,"Report of the Visa Office 2024, Table V (Part 3): Immigrant Visas Issued and Adjustments of Status Subject to Numerical Limitations, Fiscal Year 2024, Employmen",17,0,0,0,visa_numbers_used 17,nationality; route,not_reviewed,,,,
usa-dos-vo-2024-table-vi4,government,yes,"Report of the Visa Office 2024, Table VI (Part IV): Preference Visas Issued, Fiscal Year 2024, Employment Preferences (5th)",17,0,0,0,immigrant_visas_issued 17,nationality; route,not_reviewed,,,,
usa-fr-eb5-fee-nprm-2025,government,yes,"U.S. Citizenship and Immigration Services Employment-Based Immigrant Visa, Fifth Preference (EB-5) Fee Rule (Proposed rule), 90 FR 48516",0,0,1,0,,,not_reviewed,,,,
usa-fr-eb5-fee-rule-2026,legislation,yes,"U.S. Citizenship and Immigration Services Employment-Based Immigrant Visa, Fifth Preference (EB-5) Fee Rule (Final rule), 91 FR 61940",0,7,3,0,,,not_reviewed,,,,
usa-fr-eb5-integrity-nprm-2026,government,yes,EB-5 Reform and Integrity Act of 2022; Ensuring the Integrity of the EB-5 Program; Automatic Revocation of Petitions for Immigrant Classification (Proposed rule,20,0,2,0,applications_received 8; conditions_removal_petitions_received 8; rbi_investment_total 3; regional_centers_terminated 1,route,not_reviewed,,,,
usa-fr-eb5-modernization-2019,legislation,yes,"EB-5 Immigrant Investor Program Modernization (Final rule), 84 FR 35750",4,3,1,0,applications_received 3; regional_centers_terminated 1,route,not_reviewed,,,,
usa-fr-eo-14351-2025,legislation,yes,"Executive Order 14351 of September 19, 2025: The Gold Card, 90 FR 46031",0,2,2,0,,,not_reviewed,,,,
usa-fr-i140g-notice-2026-03,government,yes,"Agency Information Collection Activities; Revision of a Currently Approved Collection: Immigrant Petition for the Gold Card Program (Form I-140G), 60-day notice",0,0,0,0,,,not_reviewed,,,,
usa-fr-integrity-fund-fee-2023,government,yes,"Notice of EB-5 Regional Center Integrity Fund Fee, 88 FR 13141",0,0,1,0,,,not_reviewed,,,,
usa-fr-uscis-fee-rule-2024,legislation,yes,"U.S. Citizenship and Immigration Services Fee Schedule and Changes to Certain Other Immigration Benefit Request Requirements (Final rule), 89 FR 6194",0,5,1,0,,,not_reviewed,,,,
usa-gao-15-696-2015,government,yes,Immigrant Investor Program: Additional Actions Needed to Better Assess Fraud Risks and Report Economic Benefits (GAO-15-696),5,0,1,0,fraud_enforcement_actions 1; fraud_investigations_open 1; rbi_investment_total 1; regional_centers_designated 1; regional_centers_terminated 1,,not_reviewed,,,,
usa-gao-16-828-2016,government,yes,"Immigrant Investor Program: Progress Made to Detect and Prevent Fraud, but Additional Actions Could Further Agency Efforts (GAO-16-828)",2,0,0,0,regional_centers_designated 1; regional_centers_terminated 1,,not_reviewed,,,,
usa-law-pl101-649-1990,legislation,yes,"Public Law 101-649, Immigration Act of 1990 (104 Stat. 4978)",0,1,1,0,,,not_reviewed,,,,
usa-law-pl102-395-1992,legislation,yes,"Public Law 102-395, Departments of Commerce, Justice, and State, the Judiciary, and Related Agencies Appropriations Act, 1993 (106 Stat. 1828)",0,0,1,0,,,not_reviewed,,,,
usa-law-pl117-103-2022,legislation,yes,"Public Law 117-103, Consolidated Appropriations Act, 2022 - Division BB: EB-5 Reform and Integrity Act of 2022 (136 Stat. 49)",0,4,2,0,,,not_reviewed,,,,
usa-sec-alert-eb5-2013,government,yes,Investor Alert: Investment Scams Exploit Immigrant Investor Program,0,0,1,0,,,not_reviewed,,,,
usa-sec-pr-2013-20,government,yes,SEC Halts $150 Million Investment Scheme to Dupe Foreign Investors and Exploit Immigration Program (Press Release 2013-20),0,0,1,0,,,not_reviewed,,,,
usa-sec-pr-2016-69,government,yes,SEC Case Freezes Assets of Ski Resort Steeped in Fraudulent EB-5 Offerings (Press Release 2016-69),2,0,1,0,investor_funds_misappropriated 2,,not_reviewed,,,,
usa-uscis-data-allforms-fy2020q4,government,yes,"Number of Service-wide Forms Fiscal Year To-Date, By Quarter and Form Status, Fiscal Year 2020",6,0,0,0,applications_approved 1; applications_pending 1; applications_received 1; conditions_removal_petitions_approved 1; conditions_removal_petitions_pending 1; conditions_removal_petitions_received 1,,not_reviewed,,,,
usa-uscis-data-allforms-fy2021q4,government,yes,"Number of Service-wide Forms By Quarter, Form Status, and Processing Time, Fiscal Year 2021, Quarter 4",8,0,0,0,applications_approved 1; applications_pending 1; applications_received 1; applications_rejected 1; conditions_removal_petitions_approved 1; conditions_removal_petitions_denied 1; conditions_removal_petitions_pending 1; conditions_removal_petitions_received 1,,not_reviewed,,,,
usa-uscis-data-allforms-fy2022q4,government,yes,"Number of Service-wide Forms By Quarter, Form Status, and Processing Time, Fiscal Year 2022, Quarter 4",8,0,0,0,applications_approved 1; applications_pending 1; applications_received 1; applications_rejected 1; conditions_removal_petitions_approved 1; conditions_removal_petitions_denied 1; conditions_removal_petitions_pending 1; conditions_removal_petitions_received 1,,not_reviewed,,,,
usa-uscis-data-allforms-fy2023q4,government,yes,"Number of Service-wide Forms By Quarter, Form Status, and Processing Time, July 1, 2023 - September 30, 2023 (CSV)",16,0,0,0,applications_approved 3; applications_pending 3; applications_received 3; applications_rejected 3; conditions_removal_petitions_approved 1; conditions_removal_petitions_denied 1; conditions_removal_petitions_pending 1; conditions_removal_petitions_received 1,form,not_reviewed,,,,
usa-uscis-data-allforms-fy2024q4,government,yes,"Number of Service-wide Forms By Quarter, Form Status, and Processing Time, July 1, 2024 - September 30, 2024",16,0,0,0,applications_approved 3; applications_pending 3; applications_received 3; applications_rejected 3; conditions_removal_petitions_approved 1; conditions_removal_petitions_denied 1; conditions_removal_petitions_pending 1; conditions_removal_petitions_received 1,form,not_reviewed,,,,
usa-uscis-data-allforms-fy2025q4,government,yes,"Number of Service-wide Forms By Quarter, Form Status, and Processing Time, July 1, 2025 - September 30, 2025",16,0,0,0,applications_approved 3; applications_pending 3; applications_received 3; applications_rejected 3; conditions_removal_petitions_approved 1; conditions_removal_petitions_denied 1; conditions_removal_petitions_pending 1; conditions_removal_petitions_received 1,form,not_reviewed,,,,
usa-uscis-data-allforms-fy2026q3,government,yes,"Number of Service-wide Forms By Quarter, Form Status, and Processing Time, April 1, 2026 - June 30, 2026",16,0,0,0,applications_approved 3; applications_pending 3; applications_received 3; applications_rejected 3; conditions_removal_petitions_approved 1; conditions_removal_petitions_denied 1; conditions_removal_petitions_pending 1; conditions_removal_petitions_received 1,form,not_reviewed,,,,
usa-uscis-data-eb-awaiting-visa-2024-09,government,yes,"Number of Form I-140, I-360, I-526/E Approved Employment-Based Petitions Awaiting Visa Availability, By Preference Category and Country of Birth, As of Septembe",2,0,0,0,petitions_approved_awaiting_visa 2,nationality; set_aside,not_reviewed,,,,
usa-uscis-data-eb-awaiting-visa-2025-09,government,yes,"Number of Form I-140, I-360, I-526/E Approved Employment-Based Petitions Awaiting Visa Availability, By Preference Category and Country of Birth, As of Septembe",2,0,0,0,petitions_approved_awaiting_visa 2,nationality; set_aside,not_reviewed,,,,
usa-uscis-data-eb-awaiting-visa-2026-06,government,yes,"Number of Form I-140, I-360, I-526/E Approved Employment-Based Petitions Awaiting Visa Availability, By Preference Category and Country of Birth, As of June 202",2,0,0,0,petitions_approved_awaiting_visa 2,nationality; set_aside,not_reviewed,,,,
usa-uscis-data-i526-cob-fy2022-2024,government,yes,"I-526, Immigrant Petition by Standalone Investor and I-526E, Immigrant Petition by Regional Center Investor: Receipts by Receipt Month, Quarter, Investment Type",21,0,0,0,applications_received 21,form; set_aside,not_reviewed,,,,
usa-uscis-data-i526-cob-fy2025,government,yes,"I-526 and I-526E: Receipts by Receipt Month, Quarter, Investment Type, and Country of Birth, For Fiscal Year 2025",8,0,0,0,applications_received 8,form; set_aside,not_reviewed,,,,
usa-uscis-data-i526-fy2020q1,government,yes,"Number of Form I-526, Immigrant Petition by Alien Investor, By Fiscal Year, Quarter, and Case Status, Fiscal Year 2008 Through Fiscal Year 2020 Quarter 1",48,0,0,0,applications_approved 12; applications_pending 12; applications_received 12; applications_rejected 12,,not_reviewed,,,,
usa-uscis-data-i526-i829-fy1991-2013,government,yes,"Form I-526, Immigrant Petition by Alien Entrepreneur and Form I-829, Petition by Entrepreneur to Remove Conditions: Agency-wide Receipts, Approvals, Denials, Fi",120,0,0,0,applications_approved 21; applications_received 21; applications_rejected 21; conditions_removal_petitions_approved 19; conditions_removal_petitions_denied 19; conditions_removal_petitions_received 19,,not_reviewed,,,,
usa-uscis-data-i829-fy2020q1,government,yes,"Form I-829, Petition by Entrepreneurs to Remove Conditions on Permanent Resident Status, By Fiscal Year, Quarter, and Case Status, Fiscal Year 2008 Through Fisc",48,0,0,0,conditions_removal_petitions_approved 12; conditions_removal_petitions_denied 12; conditions_removal_petitions_pending 12; conditions_removal_petitions_received 12,,not_reviewed,,,,
usa-uscis-web-approved-rcs-2026,government,yes,Approved EB-5 Immigrant Investor Regional Centers (web page),1,0,0,0,regional_centers_designated 1,,not_reviewed,,,,
usa-uscis-web-eb5-classification-2025,government,yes,About the EB-5 Visa Classification (web page),0,2,0,0,,,not_reviewed,,,,
usa-uscis-web-eb5-program-2023,government,yes,EB-5 Immigrant Investor Program (web page),0,0,0,0,,,not_reviewed,,,,
usa-uscis-web-eb5-whats-new-2025,government,yes,EB-5 What's New (web page),0,0,0,0,,,not_reviewed,,,,
usa-uscis-web-i140g-2025,government,yes,"I-140G, Immigrant Petition for the Gold Card Program (web page)",0,1,1,0,,,not_reviewed,,,,
usa-uscode-8-1427-2023,legislation,yes,"8 U.S.C. 1427 - Requirements of naturalization (United States Code, 2023 edition)",0,0,0,0,,,not_reviewed,,,,
usa-wh-goldcard-factsheet-2025,government,yes,Fact Sheet: President Donald J. Trump Launches the Gold Card Program,0,0,0,0,,,not_reviewed,,,,
vut-abc-verp-2015,media,no,Vanuatu sells honorary citizenships in fundraising effort after Cyclone Pam destruction,0,1,1,0,,,not_reviewed,,,,
vut-cit-amend-act-18-2014,legislation,yes,Citizenship (Amendment) Act No. 18 of 2014,0,0,1,0,,,not_reviewed,,,,
vut-cit-amend-act-34-2018,legislation,yes,Citizenship (Amendment) Act No. 34 of 2018,0,0,1,0,,,not_reviewed,,,,
vut-cit-amend-act-39-2013,legislation,yes,Citizenship (Amendment) Act No. 39 of 2013,0,0,1,0,,,not_reviewed,,,,
vut-cit-amend-act-40-2014,legislation,yes,Citizenship (Amendment) Act No. 40 of 2014,0,0,1,0,,,not_reviewed,,,,
vut-citizenship-act-cap112-2021,legislation,yes,"Laws of the Republic of Vanuatu, Consolidated Edition 2021: Citizenship [CAP. 112]",0,0,0,0,,,not_reviewed,,,,
vut-coc-chargeable-fees,government,yes,Citizenship Office Chargeable Fees,0,1,0,0,,,not_reviewed,,"Priority review: described as holding statistics or tables, but only 0 number(s) extracted.",,
vut-coc-fees-directive-2020,government,yes,Enforcement of Government Prescribed Fees (directive to all DSP and VCP agents),0,3,1,0,,,not_reviewed,,,,
vut-coc-press-2024-12,government,yes,Press release: Vanuatu Strengthens Citizenship Program With Enhanced Due Diligence and Investment Verification,0,1,1,0,,,not_reviewed,,,,
vut-coc-reo-commencement-2021,government,yes,"Commencement of the REO Program (letter ""To whom it may concern"")",0,0,0,0,,,not_reviewed,,,,
vut-coc-web-ciip-agents,government,yes,Vanuatu Contribution Program (VCP) Vanuatu Development Support Program (DSP) CIIP suspension removed (news item),0,0,0,0,,,not_reviewed,,,,
vut-coc-web-fees,government,yes,Fees and Charges (web page),0,2,0,0,,,not_reviewed,,"Priority review: described as holding statistics or tables, but only 0 number(s) extracted.",,
vut-coc-web-reo,government,yes,Real Estate Option Program (REO) (news item),0,0,1,0,,,not_reviewed,,,,
vut-coc-web-revocations,government,yes,Revocations (news item),1,0,0,0,citizenships_revoked 1,,not_reviewed,,,,
vut-coc-web-types,government,yes,Types of Citizenship (web page),0,0,0,0,,,not_reviewed,,,,
vut-devpolicy-verp-2015,media,no,Citizenship for sale: Vanuatu launches 'Economic rehabilitation after Pam',0,1,0,0,,,not_reviewed,,,,
vut-dsp-amend-order-39-2020,legislation,yes,Citizenship (Development Support Program) (Amendment) Regulations Order No. 39 of 2020,0,1,1,0,,,not_reviewed,,,,
vut-dsp-regs-order-33-2019,legislation,yes,Citizenship (Development Support Program) Regulations Order No. 33 of 2019,0,9,2,0,,,not_reviewed,,,,
vut-fees-order-133-2013,legislation,yes,Citizenship (Application Forms) (Fees and Charges) (Amendment) Order No. 133 of 2013,0,1,0,0,,,not_reviewed,,,,
vut-fees-order-6-2014,legislation,yes,Citizenship (Application Forms) (Fees and Charges) (Amendment) Order No. 6 of 2014,0,2,1,0,,,not_reviewed,,,,
vut-fiu-dd-notice-2025,government,yes,"Vanuatu FIU Due Diligence Checks (notice, ref FIU 18/2/10)",0,0,1,0,,,not_reviewed,,,,
vut-guardian-2020-03,media,no,Coronavirus fears and controversial passport sales: Vanuatu's election explained,1,0,0,0,passports_issued 1,,not_reviewed,,,,
vut-guardian-2021-07,media,no,"Citizenship for sale: fugitives, politicians and disgraced businesspeople buying Vanuatu passports",3,0,1,0,passports_issued 2; cbi_fiscal_revenue 1,nationality,not_reviewed,,,,
vut-guardian-2025-06,media,no,Andrew Tate secured Vanuatu passport when arrested in Romania,0,0,1,0,,,not_reviewed,,,,
vut-imf-art4-2015,imf,yes,Vanuatu: 2015 Article IV Consultation and Request for Disbursement under the Rapid Credit Facility and Purchase under the Rapid Financing Instrument (IMF Countr,6,2,3,0,cbi_fiscal_revenue_pct_gdp 4; main_applicants_approved 1; passports_issued 1,,not_reviewed,,,,
vut-imf-art4-2016,imf,yes,Vanuatu: 2016 Article IV Consultation (IMF Country Report No. 16/336),0,0,0,0,,,not_reviewed,,,,
vut-imf-art4-2023,imf,yes,Vanuatu: 2023 Article IV Consultation-Press Release; Staff Report; and Statement by the Executive Director for Vanuatu (IMF Country Report No. 23/115),11,1,1,0,cbi_fiscal_revenue 5; cbi_fiscal_revenue_pct_gdp 5; cbi_fiscal_revenue_pct_revenue 1,,not_reviewed,,,,
vut-imf-art4-2024,imf,yes,Vanuatu: 2024 Article IV Consultation-Press Release and Staff Report (IMF Country Report No. 24/278),11,0,1,0,cbi_fiscal_revenue 5; cbi_fiscal_revenue_pct_gdp 5; cbi_fiscal_revenue_pct_revenue 1,,not_reviewed,,,,
vut-imf-art4-2025,imf,yes,Vanuatu: 2025 Article IV Consultation-Press Release; and Staff Report (IMF Country Report No. 25/277),11,0,4,0,cbi_fiscal_revenue_pct_gdp 6; cbi_fiscal_revenue 5,,not_reviewed,,,,
vut-mfem-budget-2025-v1,government,yes,"Budget 2025, Volume 1: Fiscal Strategy Report",4,0,0,0,cbi_fiscal_revenue 4,,not_reviewed,,,,
vut-mfem-budget-2026-v1,government,yes,"Budget 2026, Volume 1: Fiscal Strategy Report",1,0,0,0,cbi_fiscal_revenue 1,,not_reviewed,,,,
vut-mfem-ca-revenue-2020,government,yes,2020 Financial Regulations Revenue Report: Constitutional Agencies,4,0,0,0,cbi_fiscal_revenue 3; cbi_fee_revenue 1,,not_reviewed,,,,
vut-mfem-ca-revenue-2021,government,yes,2021 Financial Regulations Revenue Report: Constitutional Agencies,2,0,0,0,cbi_fee_revenue 1; cbi_fiscal_revenue 1,,not_reviewed,,,,
vut-mfem-ca-revenue-2022,government,yes,2022 Financial Regulations Revenue Report: Constitutional Agencies,2,0,0,0,cbi_fee_revenue 1; cbi_fiscal_revenue 1,,not_reviewed,,,,
vut-mfem-ca-revenue-2023,government,yes,2023 Financial Regulations Revenue Report: Constitutional Agencies,3,0,0,0,cbi_fiscal_revenue 2; cbi_fee_revenue 1,,not_reviewed,,,,
vut-mfem-ca-revenue-2024h1,government,yes,2024 Half Year Report: Constitutional Agencies,2,0,0,0,cbi_fiscal_revenue 2,,not_reviewed,,,,
vut-mfem-coc-revenue-2019,government,yes,2019 Financial Regulations Revenue Report: Citizenship Office,1,0,0,0,cbi_fiscal_revenue 1,,not_reviewed,,,,
vut-mfem-hyefr-2019,government,yes,Half-Year Economic and Fiscal Update of 2019,1,0,1,0,cbi_fiscal_revenue 1,,not_reviewed,,,,
vut-mfem-hyefr-2020,government,yes,Half-Year Economic and Fiscal Update of 2020,1,0,0,0,cbi_fiscal_revenue 1,,not_reviewed,,,,
vut-mfem-hyefr-2021,government,yes,Half-Year Economic and Fiscal Update of 2021,1,0,0,0,cbi_fiscal_revenue 1,,not_reviewed,,,,
vut-mfem-hyefr-2022,government,yes,Half-Year Economic and Fiscal Update of 2022,1,0,1,0,cbi_fiscal_revenue 1,,not_reviewed,,,,
vut-mfem-hyefr-2024,government,yes,Half-Year Economic and Fiscal Update of 2024,1,0,0,0,cbi_fiscal_revenue 1,,not_reviewed,,,,
vut-mfem-hyefr-2025,government,yes,Half-Year Economic and Fiscal Update of 2025,3,0,1,0,cbi_fiscal_revenue 3,,not_reviewed,,,,
vut-mfem-hyefr-2026,government,yes,Half-Year Economic and Fiscal Update of 2026,2,0,0,0,cbi_fiscal_revenue 2,,not_reviewed,,,,
vut-mfem-monthly-2016-12,government,yes,Treasury Monthly Budget Report - December 2016,2,0,0,0,cbi_fiscal_revenue 2,,not_reviewed,,"Priority review: described as holding statistics or tables, but only 2 number(s) extracted.",,
vut-mfem-monthly-2017-12,government,yes,Treasury Monthly Budget Report - December 2017,2,0,2,0,cbi_fiscal_revenue 2,,not_reviewed,,"Priority review: described as holding statistics or tables, but only 2 number(s) extracted.",,
vut-mfem-monthly-2019-12,government,yes,Treasury Monthly Budget Report - December 2019,3,0,0,0,cbi_fiscal_revenue 3,,not_reviewed,,,,
vut-mfem-monthly-2020-12,government,yes,Treasury Monthly Budget Report - December 2020,2,0,0,0,cbi_fiscal_revenue 2,,not_reviewed,,"Priority review: described as holding statistics or tables, but only 2 number(s) extracted.",,
vut-mfem-monthly-2021-12,government,yes,Treasury Monthly Budget Report - December 2021,2,0,0,0,cbi_fiscal_revenue 2,,not_reviewed,,"Priority review: described as holding statistics or tables, but only 2 number(s) extracted.",,
vut-mfem-monthly-2022-12,government,yes,Treasury Monthly Budget Report - December 2022,3,0,0,0,cbi_fiscal_revenue 3,,not_reviewed,,,,
vut-mfem-monthly-2023-12,government,yes,Treasury Monthly Budget Report - December 2023,3,0,0,0,cbi_fiscal_revenue 3,,not_reviewed,,,,
vut-mfem-monthly-2025-12,government,yes,Treasury Monthly Budget Report - December 2025,2,0,0,0,cbi_fiscal_revenue 2,,not_reviewed,,"Priority review: described as holding statistics or tables, but only 2 number(s) extracted.",,
vut-vcp-amend-order-38-2020,legislation,yes,Citizenship (Contribution Program) (Amendment) Regulations Order No. 38 of 2020,0,1,1,0,,,not_reviewed,,,,
wsm-cia-2015,legislation,yes,"Citizenship Investment Act 2015 (No. 48 of 2015), official revised version as at 31 December 2022",0,1,2,0,,,not_reviewed,,"Priority review: described as holding statistics or tables, but only 0 number(s) extracted.",,
wsm-cir-2016,legislation,yes,Citizenship Investment Regulations 2016,0,2,0,0,,,not_reviewed,,,,
wsm-mcil-brochure-2024,government,yes,Citizenship Investment: Guide of Reference (brochure),0,1,0,0,,,not_reviewed,,"Priority review: described as holding statistics or tables, but only 0 number(s) extracted.",,
wsm-observer-2025-10-26,media,no,State-linked investors barred from Samoa's citizenship program,0,0,1,0,,,not_reviewed,,,,
