obs_id,jurisdiction,program_id,indicator,period,period_basis,value,value_high,unit,scale,status,source_id,location,quote,notes,superseded_by,added_date,added_by
o-3076e3aa02,ATG,atg-cbi,applications_received,2013/2015-12-17,cumulative,644,,applications,1,actual,atg-ciu-6m-2015h2,"PDF p. 5, Appendix II",Total Applications 197 100.0 644 100.0,Applications received (each application may cover a family); all investment routes. Inception to 17 December 2015.,,2026-09-28,research:antigua-barbuda
o-063e413eb7,ATG,atg-cbi,applications_received,2013/2024-06-30,cumulative,5203,,applications,1,actual,atg-ciu-6m-2024h1,"PDF p. 7, Appendix II","Total Applications 739 100.00 5,203 100.00","Applications received (each application may cover a family); all investment routes. Inception to 30 June 2024: NDF 4,023; real estate 766; business 311; UWI 103.",,2026-09-28,research:antigua-barbuda
o-c60c9831ef,ATG,atg-cbi,applications_received,2015-06-01/2015-12-17,date_range,197,,applications,1,actual,atg-ciu-6m-2015h2,"PDF p. 5, Appendix II",Total Applications 197 100.0 644 100.0,Applications received (each application may cover a family); all investment routes. Period is 1 June to 17 December 2015 as printed.,,2026-09-28,research:antigua-barbuda
o-2c61cdee62,ATG,atg-cbi,applications_received,2015-2023,cumulative,4332,,applications,1,reported,intl-ec-swd-2025-429,"PDF p. 37, table (Eastern Caribbean), row ""Total applications received""",Total applications received: 4 332 (2015-2023),"Data submitted to the Commission by national authorities, ""in some cases, partial"".",,2026-09-28,research:context-timeline
o-75e47290ee,ATG,atg-cbi,applications_received,2016-01-01/2016-06-15,date_range,147,,applications,1,actual,atg-ciu-6m-2016h1,"PDF p. 2, Appendix I",Total Applications 147 100,Applications received (each application may cover a family); all investment routes.,,2026-09-28,research:antigua-barbuda
o-04ea5f8017,ATG,atg-cbi,applications_received,2016-06-16/2016-12-31,date_range,143,,applications,1,actual,atg-ciu-6m-2016h2,"PDF p. 6, Appendix II",Total Applications 143 100 934 100,Applications received (each application may cover a family); all investment routes.,,2026-09-28,research:antigua-barbuda
o-3a74270e92,ATG,atg-cbi,applications_received,2017-H1,half_year,187,,applications,1,actual,atg-ciu-6m-2017h1,"PDF p. 6, Appendix II",Total Applications 187 100 1121 100,Applications received (each application may cover a family); all investment routes.,,2026-09-28,research:antigua-barbuda
o-ce2e5043a9,ATG,atg-cbi,applications_received,2017-H2,half_year,135,,applications,1,actual,atg-ciu-6m-2017h2,"PDF p. 6, Appendix II",Total Applications 135 100 1269 100,"Applications received (each application may cover a family); all investment routes. Inception totals do not add up: 1121 (to Jun 2017) + 135 = 1256, not 1269.",,2026-09-28,research:antigua-barbuda
o-0b330ebd9a,ATG,atg-cbi,applications_received,2018-H1,half_year,278,,applications,1,actual,atg-ciu-6m-2018h1,"PDF p. 6, Appendix II",Total Applications 278 100 1547 100,Applications received (each application may cover a family); all investment routes. NDF 261 of 278 in the period (93.9%).,,2026-09-28,research:antigua-barbuda
o-629db7dc58,ATG,atg-cbi,applications_received,2018-H2,half_year,400,,applications,1,actual,atg-ciu-6m-2018h2,"PDF p. 6, Appendix II",Total Applications 400 100 1947 100,Applications received (each application may cover a family); all investment routes. Highest half-year before 2023; NDF 373 (93.3%).,,2026-09-28,research:antigua-barbuda
o-752155ad7f,ATG,atg-cbi,applications_received,2019-H1,half_year,241,,applications,1,actual,atg-ciu-6m-2019h1,"PDF p. 6, Appendix II",Total Applications 241 100 2188 100,Applications received (each application may cover a family); all investment routes.,,2026-09-28,research:antigua-barbuda
o-7767f252e4,ATG,atg-cbi,applications_received,2019-H2,half_year,231,,applications,1,actual,atg-ciu-6m-2019h2,"PDF p. 6, Appendix II",Total Applications 231 100 2420 100,Applications received (each application may cover a family); all investment routes.,,2026-09-28,research:antigua-barbuda
o-bc3e4cf5e5,ATG,atg-cbi,applications_received,2020-H1,half_year,189,,applications,1,actual,atg-ciu-6m-2020h1,"PDF p. 7, Appendix II",Total Applications 189 100.00 2610 100.00,"Applications received (each application may cover a family); all investment routes. Unusual mix: Real Estate 179 (94.71%), NDF 10 (5.29%).",,2026-09-28,research:antigua-barbuda
o-42e84aa218,ATG,atg-cbi,applications_received,2020-H2,half_year,182,,applications,1,actual,atg-ciu-6m-2020h2,"PDF p. 7, Appendix II",Total Applications 182 100.00 2792 100.00,Applications received (each application may cover a family); all investment routes. First period with UWI route (6).,,2026-09-28,research:antigua-barbuda
o-78afb67910,ATG,atg-cbi,applications_received,2021-H1,half_year,223,,applications,1,actual,atg-ciu-6m-2021h1,"PDF p. 7, Appendix II",Total Applications 223 100.00 3015 100.00,Applications received (each application may cover a family); all investment routes. Column header reads 'Inception to 31st Jun 2021'.,,2026-09-28,research:antigua-barbuda
o-41c02923ca,ATG,atg-cbi,applications_received,2021-H2,half_year,275,,applications,1,actual,atg-ciu-6m-2021h2,"PDF p. 7, Appendix II",Total Applications 275 100.00 3290,Applications received (each application may cover a family); all investment routes. The inception % column wrongly repeats 3290 in the total row.,,2026-09-28,research:antigua-barbuda
o-2dc49bab24,ATG,atg-cbi,applications_received,2022-H1,half_year,229,,applications,1,actual,atg-ciu-6m-2022h1,"PDF p. 8, Appendix II",Total Applications 229 100.00 3519 100.00,Applications received (each application may cover a family); all investment routes.,,2026-09-28,research:antigua-barbuda
o-b30963ebac,ATG,atg-cbi,applications_received,2022-H2,half_year,260,,applications,1,actual,atg-ciu-6m-2022h2,"PDF p. 8, Appendix II",Total Applications 260 100.00 3779 100.00,Applications received (each application may cover a family); all investment routes.,,2026-09-28,research:antigua-barbuda
o-53b00a2d25,ATG,atg-cbi,applications_received,2023,calendar_year,685,,applications,1,reported,intl-ec-swd-2025-429,PDF p. 37,"In Saint Kitts and Nevis, the volume of applications went from 1,987 in 2023 to 223 in 2024 and in Grenada from 2,297 to 420 applications. [...] Antigua and Barbuda recorded a notable increase, from 685 in 2023 to 1,733 in 2024.",From the text; the table does not show 2023 for these countries.,,2026-09-28,research:context-timeline
o-0916afce15,ATG,atg-cbi,applications_received,2023-H1,half_year,242,,applications,1,actual,atg-ciu-6m-2023h1,"PDF p. 7, Appendix II",Total Applications 242 100.00 4021 100.00,Applications received (each application may cover a family); all investment routes.,,2026-09-28,research:antigua-barbuda
o-ce25339a8c,ATG,atg-cbi,applications_received,2023-H2,half_year,443,,applications,1,actual,atg-ciu-6m-2023h2,"PDF p. 6 (printed p. 7), Appendix II",Total Applications 443 100 4464 100.00,Applications received (each application may cover a family); all investment routes.,,2026-09-28,research:antigua-barbuda
o-3dc33a4c6f,ATG,atg-cbi,applications_received,2024,calendar_year,1733,,applications,1,reported,intl-ec-swd-2025-429,"PDF p. 37, table (Eastern Caribbean), row ""Total applications received""",Total applications received: 1 733 (2024),"Data submitted to the Commission by national authorities, ""in some cases, partial"".",,2026-09-28,research:context-timeline
o-c4a92f5e64,ATG,atg-cbi,applications_received,2024-H1,half_year,739,,applications,1,actual,atg-ciu-6m-2024h1,"PDF p. 7, Appendix II","Total Applications 739 100.00 5,203 100.00","Applications received (each application may cover a family); all investment routes. Highest half-year in the series; NDF 611 (82.68%), real estate 108, UWI 18, business 2. Period just before the new US$230,000 NDF threshold (from Aug 2024).",,2026-09-28,research:antigua-barbuda
o-5240e59d7e,ATG,atg-cbi,applications_received,2025-01/2025-04-30,partial_year,78,,applications,1,reported,intl-ec-swd-2025-429,"PDF p. 37, table (Eastern Caribbean), row ""Total applications received""",Total applications received: 78 (2025 until 30/4),"Data submitted to the Commission by national authorities, ""in some cases, partial"".",,2026-09-28,research:context-timeline
o-5191b00a89,ATG,atg-cbi,applications_rejected,2015-2023,cumulative,169,,applications,1,reported,intl-ec-swd-2025-429,"PDF p. 37, table (Eastern Caribbean), row ""Rejections""",Rejections: 169 (2015-2023),"Data submitted to the Commission by national authorities, ""in some cases, partial"".",,2026-09-28,research:context-timeline
o-74b84cf193,ATG,atg-cbi,applications_rejected,2024,calendar_year,30,,applications,1,reported,intl-ec-swd-2025-429,"PDF p. 37, table (Eastern Caribbean), row ""Rejections""",Rejections: 30 (2024),"Data submitted to the Commission by national authorities, ""in some cases, partial"".",,2026-09-28,research:context-timeline
o-3c8832b3e5,ATG,atg-cbi,applications_rejected,2025-01/2025-04-30,partial_year,5,,applications,1,reported,intl-ec-swd-2025-429,"PDF p. 37, table (Eastern Caribbean), row ""Rejections""",Rejections: 5 (2025 until 30/4),"Data submitted to the Commission by national authorities, ""in some cases, partial"".",,2026-09-28,research:context-timeline
o-c5c13b80c9,ATG,atg-cbi,cbi_contributions,2016-06-16/2016-12-31,date_range,19300000.00,,USD,1,actual,atg-ciu-6m-2016h2,"PDF p. 11, Appendix III","Total for the Period 271 $ 19,300,000.00","NDF contributions listed application by application in Appendix III; the total row gives number of persons and total contribution. Printed '$'; individual lines are $200,000 or $250,000, which match the US$ NDF thresholds of the time, so US$ is assumed. 271 is persons.",,2026-09-28,research:antigua-barbuda
o-29ecb745fc,ATG,atg-cbi,cbi_contributions,2017-H1,half_year,14750000.00,,USD,1,actual,atg-ciu-6m-2017h1,"PDF p. 12, Appendix III","Total 207 ... 14,750,000.00",NDF contributions listed application by application in Appendix III; the total row gives number of persons and total contribution. Scanned document with no text layer; text was obtained by OCR (tesseract) and every number used here was checked visually against the page image. Currency assumed US$ as above; 207 is persons.,,2026-09-28,research:antigua-barbuda
o-6b8b27d736,ATG,atg-cbi,cbi_contributions,2022-H1,half_year,18550000,,USD,1,actual,atg-ciu-6m-2022h1,"PDF p. 17, Appendix III","TOTAL 591 $18,550,000","NDF contributions listed application by application in Appendix III; the total row gives number of persons and total contribution. Appendix header says '1st July to 31st December 2021' but all entries are dated Jan-Jun 2022. Lines are mostly $100,000 (US$ NDF threshold then), so US$ is assumed; 591 is persons.",,2026-09-28,research:antigua-barbuda
o-448f532035,ATG,atg-cbi,cbi_fee_revenue,2013,calendar_year,390150.00,,XCD,1,actual,atg-ciu-6m-2016h2,"PDF p. 13, Appendix V","TOTAL REVENUE GENERATED 390,150.00 32,345,478.00 81,226,670.00 76,564,508.61 190,526,806.61","CIU operating account revenue: passport stamp fees, agent licence fees, application processing fees and due diligence fees. Excludes NDF contributions and real-estate/business investments. Table headed EC$.",,2026-09-28,research:antigua-barbuda
o-206398f6e1,ATG,atg-cbi,cbi_fee_revenue,2014,calendar_year,32345478.00,,XCD,1,actual,atg-ciu-6m-2016h2,"PDF p. 13, Appendix V","TOTAL REVENUE GENERATED 390,150.00 32,345,478.00 81,226,670.00 76,564,508.61 190,526,806.61","CIU operating account revenue: passport stamp fees, agent licence fees, application processing fees and due diligence fees. Excludes NDF contributions and real-estate/business investments. Table headed EC$.",,2026-09-28,research:antigua-barbuda
o-484be5ffa0,ATG,atg-cbi,cbi_fee_revenue,2015,calendar_year,81226670.00,,XCD,1,actual,atg-ciu-6m-2016h2,"PDF p. 13, Appendix V","TOTAL REVENUE GENERATED 390,150.00 32,345,478.00 81,226,670.00 76,564,508.61 190,526,806.61","CIU operating account revenue: passport stamp fees, agent licence fees, application processing fees and due diligence fees. Excludes NDF contributions and real-estate/business investments. Table headed EC$.",,2026-09-28,research:antigua-barbuda
o-a0e48d4ee5,ATG,atg-cbi,cbi_fee_revenue,2016,calendar_year,76564508.61,,XCD,1,actual,atg-ciu-6m-2016h2,"PDF p. 13, Appendix V","TOTAL REVENUE GENERATED 390,150.00 32,345,478.00 81,226,670.00 76,564,508.61 190,526,806.61","CIU operating account revenue: passport stamp fees, agent licence fees, application processing fees and due diligence fees. Excludes NDF contributions and real-estate/business investments. Table headed EC$.",,2026-09-28,research:antigua-barbuda
o-c41a17e00f,ATG,atg-cbi,cbi_fee_revenue,2016-01-01/2016-06-15,date_range,35350720,,XCD,1,actual,atg-ciu-6m-2016h1,"PDF p. 5, Appendix III","Application Processing Fees $ 28,136,250.00 79.6% ... 35,350,720 100.0%","CIU operating account revenue: passport stamp fees, agent licence fees, application processing fees and due diligence fees. Excludes NDF contributions and real-estate/business investments. Currency not printed on this page; the same table in the next report is headed EC$. Includes 'Revenue - Other' 581,380.38.",,2026-09-28,research:antigua-barbuda
o-db76dac7c1,ATG,atg-cbi,cbi_fiscal_revenue,2013/2026-04,cumulative,1.4,,XCD,billion,claim,atg-antiguanews-2026-04,quote of PM,the programme has generated more than $1.4 billion in non-tax revenues for the people of Antigua and Barbuda,"PM Gaston Browne, April 2026 ('$1.4 billion in 11 years'). IMI Daily gives it as EC$1.4 billion. Scale 'billion' as printed. Not reconcilable with the IMF/budget annual figures without the missing years.",,2026-09-28,research:antigua-barbuda
o-be98d6a155,ATG,atg-cbi,cbi_fiscal_revenue,2014,calendar_year,63.7,,XCD,million,provisional,atg-imf-art4-2014,"PDF p. 35, Table 2",Of which: CIP 1/ 0.0 10.0 53.7 63.7 1.9 116.0 3.4,Footnote: 'CIP processing fees and NDF contributions collected by central government.' Column '2014' under 'Prel.' (2014H1 10.0 + 2014H2 53.7). Table 3 of the same report rounds this to 64.,,2026-09-28,research:antigua-barbuda
o-42813c8dc1,ATG,atg-cbi,cbi_fiscal_revenue,2015,calendar_year,116,,XCD,million,projection,atg-imf-art4-2014,"PDF p. 36, Table 3",Of which: CIP revenue ... 64 116 73 74 76 77 78,Staff projection ('Proj.').,,2026-09-28,research:antigua-barbuda
o-5e4aba519e,ATG,atg-cbi,cbi_fiscal_revenue,2017,calendar_year,105,,XCD,million,actual,atg-imf-art4-2022,"PDF p. 34, Table 3a (image)",o/w CIP revenue 105 60 142 98 91 98 103 107 107 106 108,,,2026-09-28,research:antigua-barbuda
o-d8ae78458a,ATG,atg-cbi,cbi_fiscal_revenue,2018,calendar_year,60,,XCD,million,actual,atg-imf-art4-2022,"PDF p. 34, Table 3a (image)",o/w CIP revenue 105 60 142 98 91 98 103 107 107 106 108,,,2026-09-28,research:antigua-barbuda
o-a8bd4a8629,ATG,atg-cbi,cbi_fiscal_revenue,2018,calendar_year,60,,XCD,million,actual,atg-imf-art4-2023,"PDF p. 30, Table 3a",o/w CIP revenue 60 142 98 91 86 100 93 93 91 93 98,,,2026-09-28,research:antigua-barbuda
o-907bc44d22,ATG,atg-cbi,cbi_fiscal_revenue,2019,calendar_year,142,,XCD,million,actual,atg-imf-art4-2022,"PDF p. 34, Table 3a (image)",o/w CIP revenue 105 60 142 98 91 98 103 107 107 106 108,,,2026-09-28,research:antigua-barbuda
o-eab1288fa4,ATG,atg-cbi,cbi_fiscal_revenue,2019,calendar_year,142,,XCD,million,actual,atg-imf-art4-2023,"PDF p. 30, Table 3a",o/w CIP revenue 60 142 98 91 86 100 93 93 91 93 98,,,2026-09-28,research:antigua-barbuda
o-e20b87506a,ATG,atg-cbi,cbi_fiscal_revenue,2020,calendar_year,98,,XCD,million,actual,atg-imf-art4-2022,"PDF p. 34, Table 3a (image)",o/w CIP revenue 105 60 142 98 91 98 103 107 107 106 108,,,2026-09-28,research:antigua-barbuda
o-31388790fb,ATG,atg-cbi,cbi_fiscal_revenue,2020,calendar_year,98,,XCD,million,actual,atg-imf-art4-2023,"PDF p. 30, Table 3a",o/w CIP revenue 60 142 98 91 86 100 93 93 91 93 98,,,2026-09-28,research:antigua-barbuda
o-4a333edf22,ATG,atg-cbi,cbi_fiscal_revenue,2021,calendar_year,91,,XCD,million,provisional,atg-imf-art4-2022,"PDF p. 34, Table 3a (image)",o/w CIP revenue 105 60 142 98 91 98 103 107 107 106 108,2021 column is 'Prel.'.,,2026-09-28,research:antigua-barbuda
o-4ff9f74e82,ATG,atg-cbi,cbi_fiscal_revenue,2021,calendar_year,91,,XCD,million,actual,atg-imf-art4-2023,"PDF p. 30, Table 3a",o/w CIP revenue 60 142 98 91 86 100 93 93 91 93 98,,,2026-09-28,research:antigua-barbuda
o-32c16c793d,ATG,atg-cbi,cbi_fiscal_revenue,2022,calendar_year,86,,XCD,million,provisional,atg-imf-art4-2023,"PDF p. 30, Table 3a",o/w CIP revenue 60 142 98 91 86 100 93 93 91 93 98,"2022 column is 'Prel.'; later IMF vintages (2025, 2026) revise 2022 to 68.",,2026-09-28,research:antigua-barbuda
o-c53c17bb9d,ATG,atg-cbi,cbi_fiscal_revenue,2022,calendar_year,68,,XCD,million,actual,atg-imf-art4-2025,"PDF p. 31, Table 4a",o/w CIP revenue 98 91 68 62 74 74 74 74 74 74,,,2026-09-28,research:antigua-barbuda
o-978fffb8b8,ATG,atg-cbi,cbi_fiscal_revenue,2022,calendar_year,68,,XCD,million,actual,atg-imf-art4-2026,"PDF p. 30, Table 4a",o/w CIP revenue 91 68 62 74 158 120 120 120 120 120 120,,,2026-09-28,research:antigua-barbuda
o-673c6f842b,ATG,atg-cbi,cbi_fiscal_revenue,2022,calendar_year,88.8,,XCD,million,provisional,atg-mof-budget-2023,PDF p. 10,receipts from the Citizenship by Investment programme accounted for nearly 60 per cent of non-tax revenue and amounted to $88.8 million,"Outturn stated in March 2023 budget speech. The 2024 budget speech says 2023's $67 million is 'the same level as in 2022', and the IMF's later tables give 68 for 2022; 88.8 is close to the IMF's preliminary 86 (Jan 2024 report).",,2026-09-28,research:antigua-barbuda
o-3b818b7e5f,ATG,atg-cbi,cbi_fiscal_revenue,2023,calendar_year,62,,XCD,million,actual,atg-imf-art4-2025,"PDF p. 31, Table 4a",o/w CIP revenue 98 91 68 62 74 74 74 74 74 74,,,2026-09-28,research:antigua-barbuda
o-ace16917df,ATG,atg-cbi,cbi_fiscal_revenue,2023,calendar_year,62,,XCD,million,actual,atg-imf-art4-2026,"PDF p. 30, Table 4a",o/w CIP revenue 91 68 62 74 158 120 120 120 120 120 120,,,2026-09-28,research:antigua-barbuda
o-bbb0e8fda8,ATG,atg-cbi,cbi_fiscal_revenue,2023,calendar_year,67,,XCD,million,estimate,atg-mof-budget-2024,PDF p. 12,this contribution is expected to amount to $67 million in 2023 - the same level as in 2022,Expected outturn given in Dec 2023. IMF later reports 62 for 2023.,,2026-09-28,research:antigua-barbuda
o-6ed22be9f1,ATG,atg-cbi,cbi_fiscal_revenue,2024,calendar_year,74,,XCD,million,estimate,atg-imf-art4-2025,"PDF p. 31, Table 4a",o/w CIP revenue 98 91 68 62 74 74 74 74 74 74,2024 column is 'Est.'.,,2026-09-28,research:antigua-barbuda
o-b3c112e5a5,ATG,atg-cbi,cbi_fiscal_revenue,2024,calendar_year,74,,XCD,million,actual,atg-imf-art4-2026,"PDF p. 30, Table 4a",o/w CIP revenue 91 68 62 74 158 120 120 120 120 120 120,,,2026-09-28,research:antigua-barbuda
o-3b6928dc7a,ATG,atg-cbi,cbi_fiscal_revenue,2024,calendar_year,130,,XCD,million,budget,atg-mof-budget-2024,PDF p. 34,A major component of the budgeted Non-Tax Revenue of $176.9 million will be CIP receipts of $130 million.,IMF later reports 74 for 2024.,,2026-09-28,research:antigua-barbuda
o-a82afe0a68,ATG,atg-cbi,cbi_fiscal_revenue,2025,calendar_year,158,,XCD,million,estimate,atg-imf-art4-2026,"PDF p. 30, Table 4a",o/w CIP revenue 91 68 62 74 158 120 120 120 120 120 120,2025 column is 'Est.' (Table 4b labels it 'Prel.'). Highest value in any IMF vintage.,,2026-09-28,research:antigua-barbuda
o-f5d241e55a,ATG,atg-cbi,cbi_fiscal_revenue,2025,calendar_year,157,,XCD,million,estimate,atg-mof-budget-2026,PDF p. 19,"Non-tax revenue totals $289.7 million, including $157 million from the Citizenship by Investment Programme",Projected 2025 outturn in the Dec 2025 budget speech (the passage reviews 2025). IMF 2026 report: 158 (est.).,,2026-09-28,research:antigua-barbuda
o-143724274a,ATG,atg-cbi,cbi_fiscal_revenue,2026,calendar_year,120,,XCD,million,projection,atg-imf-art4-2026,"PDF p. 30, Table 4a",o/w CIP revenue 91 68 62 74 158 120 120 120 120 120 120,Staff projection; matches the 2026 budget figure of $120 million.,,2026-09-28,research:antigua-barbuda
o-82119659e1,ATG,atg-cbi,cbi_fiscal_revenue,2026,calendar_year,157,,XCD,million,reported,atg-imidaily-2026-07,body text,the 2026 Budget projects EC$157 million (approximately US$58 million) in CIP revenue for the year,"Probably a misreading: in the 2026 Budget Statement, $157 million is the projected 2025 outturn and the 2026 budget line is $120 million (atg-mof-budget-2026).",,2026-09-28,research:antigua-barbuda
o-0ddd9eb734,ATG,atg-cbi,cbi_fiscal_revenue,2026,calendar_year,120,,XCD,million,budget,atg-mof-budget-2026,PDF p. 44,"Non-tax revenue is expected to reach $240.7 million, including $120 million in CIP receipts and surpluses from state-owned enterprises.",Wording is ambiguous: '$120 million in CIP receipts and surpluses' may combine both items. The IMF projects 120 for CIP alone.,,2026-09-28,research:antigua-barbuda
o-0c0549259e,ATG,atg-cbi,cbi_fiscal_revenue_pct_gdp,2014,calendar_year,1.9,,percent_of_gdp,1,provisional,atg-imf-art4-2014,"PDF p. 37, Table 4",Of which: CIP revenue ... 1.9 3.4 2.0 1.9 1.9 1.8 1.8,,,2026-09-28,research:antigua-barbuda
o-a967e8b412,ATG,atg-cbi,cbi_fiscal_revenue_pct_gdp,2015,calendar_year,3.4,,percent_of_gdp,1,projection,atg-imf-art4-2014,"PDF p. 37, Table 4",Of which: CIP revenue ... 1.9 3.4 2.0 1.9 1.9 1.8 1.8,,,2026-09-28,research:antigua-barbuda
o-cecb941cb6,ATG,atg-cbi,cbi_fiscal_revenue_pct_gdp,2019,calendar_year,3.1,,percent_of_gdp,1,actual,atg-imf-art4-2023,"PDF p. 31, Table 3b",o/w CIP revenue 1.4 3.1 2.6 2.2 1.8 1.9 1.6 1.5 1.4 1.4 1.4,Peak year in the IMF series.,,2026-09-28,research:antigua-barbuda
o-c5c4d3158e,ATG,atg-cbi,cbi_fiscal_revenue_pct_gdp,2022,calendar_year,1.8,,percent_of_gdp,1,provisional,atg-imf-art4-2023,"PDF p. 31, Table 3b",o/w CIP revenue 1.4 3.1 2.6 2.2 1.8 1.9 1.6 1.5 1.4 1.4 1.4,,,2026-09-28,research:antigua-barbuda
o-cad3f3d8ae,ATG,atg-cbi,cbi_fiscal_revenue_pct_gdp,2024,calendar_year,1.2,,percent_of_gdp,1,estimate,atg-imf-art4-2025,"PDF p. 32, Table 4b",o/w CIP revenue 2.6 2.1 1.3 1.1 1.2 1.2 1.1 1.1 1.0 1.0,,,2026-09-28,research:antigua-barbuda
o-d8575b7f71,ATG,atg-cbi,cbi_fiscal_revenue_pct_gdp,2025,calendar_year,2.6,,percent_of_gdp,1,estimate,atg-imf-art4-2026,"PDF p. 31, Table 4b",o/w CIP revenue 2.1 1.4 1.1 1.3 2.6 1.9 1.8 1.7 1.6 1.6 1.5,,,2026-09-28,research:antigua-barbuda
o-44ba1915db,ATG,atg-cbi,cbi_fiscal_revenue_pct_revenue,2023,calendar_year,9.4,,percent,1,actual,atg-imf-art4-2025,"PDF p. 56, annex on revenue","Tax revenue, non-tax revenue, and Citizen-by-Investment (CBI) revenue constituted 82.2, 8.4, and 9.4 percent of total revenue",Share of total revenue. Note: the table on p. 31 (62 of 926 total revenue and grants) would give about 6.7%; the basis of the 9.4% is not explained.,,2026-09-28,research:antigua-barbuda
o-9dd062ae5a,ATG,atg-cbi,cbi_inflows,2014-06/2015-08-10,date_range,50,,unspecified,million,claim,atg-observer-2015-08-150,para 1,about $50 million being pumped into the economy through the Citizenship by Investment Programme,Currency not stated (probably EC$ or US$); scope unclear. Same article gives the goal of 'about US $10 million a month'.,,2026-09-28,research:antigua-barbuda
o-840431eb30,ATG,atg-cbi,cbi_rejection_rate,2024,calendar_year,1.7,,percent,1,reported,intl-ec-com-2025-792,"p. 7 (printed), PDF p. 8","in 2024 rejection rates were 1.7% in Antigua and Barbuda, 5.3% in Saint Lucia, and 6.5% in Dominica",The report cites only the three lowest rates; SWD(2025) 429 also gives Grenada 22.1% and St Kitts and Nevis 43.9%.,,2026-09-28,research:context-timeline
o-5dccc0eecf,ATG,atg-cbi,cbi_rejection_rate,2024,calendar_year,1.7,,percent,1,reported,intl-ec-swd-2025-429,"PDF p. 38, table (Eastern Caribbean), row ""Rejection rate (2024)""",Rejection rate (2024): 1.7%,"Data submitted to the Commission by national authorities, ""in some cases, partial"".",,2026-09-28,research:context-timeline
o-fb8e56c34a,ATG,atg-cbi,passports_issued,2013/2015-12-17,cumulative,793,,persons,1,actual,atg-ciu-6m-2015h2,"PDF p. 6, Appendix III",Number of Passport Issued under the Programme By Investment Category ... Total 307 793,Inception to 17 Dec 2015. Compare the 2016 report's yearly chart: 2014 (252) + 2015 (655) = 907.,,2026-09-28,research:antigua-barbuda
o-5b57ef83f2,ATG,atg-cbi,passports_issued,2014,calendar_year,252,,persons,1,actual,atg-ciu-6m-2016h2,"PDF p. 12, Appendix IV (pie chart)",Number of Citizenship Passports issued under the Citizenship Programme by Year ... 252,"'Number of Citizenship Passports issued under the Citizenship Programme by Year' (pie chart labels). Counts persons (main applicants and dependants), not applications. The yearly series differs between report vintages: the 2016 and 2019 reports give 2014=252, 2015=655, 2016=1016; the mid-2017 chart gives 2014=233, 2015=401, 2016=314; the 2022 and 2024 reports give 2014=401, 2016=116. 401 is also the 2018 value, and 116 looks like a dropped digit of 1016, so the later vintage may contain transcription errors. No explanation found.",,2026-09-28,research:antigua-barbuda
o-f32ac906bf,ATG,atg-cbi,passports_issued,2014,calendar_year,233,,persons,1,actual,atg-ciu-6m-2017h2,"PDF p. 12, Appendix IV (pie chart, image)",Number of Citizenship Passports issued under the Citizenship Programme by Year Inception to 30th June 2017 ... 233,"'Number of Citizenship Passports issued under the Citizenship Programme by Year' (pie chart labels). Counts persons (main applicants and dependants), not applications. The yearly series differs between report vintages: the 2016 and 2019 reports give 2014=252, 2015=655, 2016=1016; the mid-2017 chart gives 2014=233, 2015=401, 2016=314; the 2022 and 2024 reports give 2014=401, 2016=116. 401 is also the 2018 value, and 116 looks like a dropped digit of 1016, so the later vintage may contain transcription errors. No explanation found. This chart sits in the Jul-Dec 2017 report but is titled 'Inception to 30th June 2017'; the 2017 slice is taken to be Jan-Jun 2017.",,2026-09-28,research:antigua-barbuda
o-0ff3b2dcae,ATG,atg-cbi,passports_issued,2014,calendar_year,252,,persons,1,actual,atg-ciu-6m-2019h2,"PDF p. 17, Appendix IV (pie chart, image)",Number of Citizenship Passports issued under the Citizenship Programme by Year Inception to 31st December June 2019 ... 252,"'Number of Citizenship Passports issued under the Citizenship Programme by Year' (pie chart labels). Counts persons (main applicants and dependants), not applications. The yearly series differs between report vintages: the 2016 and 2019 reports give 2014=252, 2015=655, 2016=1016; the mid-2017 chart gives 2014=233, 2015=401, 2016=314; the 2022 and 2024 reports give 2014=401, 2016=116. 401 is also the 2018 value, and 116 looks like a dropped digit of 1016, so the later vintage may contain transcription errors. No explanation found.",,2026-09-28,research:antigua-barbuda
o-8352c88a61,ATG,atg-cbi,passports_issued,2014,calendar_year,401,,persons,1,actual,atg-ciu-6m-2024h1,"PDF p. 21, Appendix IV (pie chart, image)",Number of Citizenship Passports issued under the Citizenship Programme by Year from Inception to 30th June 2024 ... 2014 401,"'Number of Citizenship Passports issued under the Citizenship Programme by Year' (pie chart labels). Counts persons (main applicants and dependants), not applications. The yearly series differs between report vintages: the 2016 and 2019 reports give 2014=252, 2015=655, 2016=1016; the mid-2017 chart gives 2014=233, 2015=401, 2016=314; the 2022 and 2024 reports give 2014=401, 2016=116. 401 is also the 2018 value, and 116 looks like a dropped digit of 1016, so the later vintage may contain transcription errors. No explanation found. Chart anomaly: 2014 = 401 duplicates the 2018 figure and 2016 = 116 looks like a dropped digit (earlier editions: 252 and 1,016); see discrepancies.",,2026-09-28,research:antigua-barbuda
o-2030f37f39,ATG,atg-cbi,passports_issued,2015,calendar_year,655,,persons,1,actual,atg-ciu-6m-2016h2,"PDF p. 12, Appendix IV (pie chart)",Number of Citizenship Passports issued under the Citizenship Programme by Year ... 655,"'Number of Citizenship Passports issued under the Citizenship Programme by Year' (pie chart labels). Counts persons (main applicants and dependants), not applications. The yearly series differs between report vintages: the 2016 and 2019 reports give 2014=252, 2015=655, 2016=1016; the mid-2017 chart gives 2014=233, 2015=401, 2016=314; the 2022 and 2024 reports give 2014=401, 2016=116. 401 is also the 2018 value, and 116 looks like a dropped digit of 1016, so the later vintage may contain transcription errors. No explanation found.",,2026-09-28,research:antigua-barbuda
o-a72eddfbc3,ATG,atg-cbi,passports_issued,2015,calendar_year,401,,persons,1,actual,atg-ciu-6m-2017h2,"PDF p. 12, Appendix IV (pie chart, image)",Number of Citizenship Passports issued under the Citizenship Programme by Year Inception to 30th June 2017 ... 401,"'Number of Citizenship Passports issued under the Citizenship Programme by Year' (pie chart labels). Counts persons (main applicants and dependants), not applications. The yearly series differs between report vintages: the 2016 and 2019 reports give 2014=252, 2015=655, 2016=1016; the mid-2017 chart gives 2014=233, 2015=401, 2016=314; the 2022 and 2024 reports give 2014=401, 2016=116. 401 is also the 2018 value, and 116 looks like a dropped digit of 1016, so the later vintage may contain transcription errors. No explanation found. This chart sits in the Jul-Dec 2017 report but is titled 'Inception to 30th June 2017'; the 2017 slice is taken to be Jan-Jun 2017.",,2026-09-28,research:antigua-barbuda
o-e17898f7b3,ATG,atg-cbi,passports_issued,2015,calendar_year,655,,persons,1,actual,atg-ciu-6m-2019h2,"PDF p. 17, Appendix IV (pie chart, image)",Number of Citizenship Passports issued under the Citizenship Programme by Year Inception to 31st December June 2019 ... 655,"'Number of Citizenship Passports issued under the Citizenship Programme by Year' (pie chart labels). Counts persons (main applicants and dependants), not applications. The yearly series differs between report vintages: the 2016 and 2019 reports give 2014=252, 2015=655, 2016=1016; the mid-2017 chart gives 2014=233, 2015=401, 2016=314; the 2022 and 2024 reports give 2014=401, 2016=116. 401 is also the 2018 value, and 116 looks like a dropped digit of 1016, so the later vintage may contain transcription errors. No explanation found.",,2026-09-28,research:antigua-barbuda
o-ec06ae5c6b,ATG,atg-cbi,passports_issued,2015,calendar_year,655,,persons,1,actual,atg-ciu-6m-2024h1,"PDF p. 21, Appendix IV (pie chart, image)",Number of Citizenship Passports issued under the Citizenship Programme by Year from Inception to 30th June 2024 ... 2015 655,"'Number of Citizenship Passports issued under the Citizenship Programme by Year' (pie chart labels). Counts persons (main applicants and dependants), not applications. The yearly series differs between report vintages: the 2016 and 2019 reports give 2014=252, 2015=655, 2016=1016; the mid-2017 chart gives 2014=233, 2015=401, 2016=314; the 2022 and 2024 reports give 2014=401, 2016=116. 401 is also the 2018 value, and 116 looks like a dropped digit of 1016, so the later vintage may contain transcription errors. No explanation found.",,2026-09-28,research:antigua-barbuda
o-2376bd99aa,ATG,atg-cbi,passports_issued,2015-06-01/2015-12-17,date_range,307,,persons,1,actual,atg-ciu-6m-2015h2,"PDF p. 6, Appendix III",Number of Passport Issued under the Programme By Investment Category ... Total 307 793,"NDF 251, real estate 52, business 4.",,2026-09-28,research:antigua-barbuda
o-04b6e4b6ee,ATG,atg-cbi,passports_issued,2015-2023,cumulative,7995,,passports,1,reported,intl-ec-swd-2025-429,"PDF p. 38, table (Eastern Caribbean), row ""Total passports issued""",Total passports issued: 7 995 (2015-2023),"Data submitted to the Commission by national authorities, ""in some cases, partial"".",,2026-09-28,research:context-timeline
o-02a5d29e29,ATG,atg-cbi,passports_issued,2016,calendar_year,1016,,persons,1,actual,atg-ciu-6m-2016h2,"PDF p. 12, Appendix IV (pie chart)",Number of Citizenship Passports issued under the Citizenship Programme by Year ... 1016,"'Number of Citizenship Passports issued under the Citizenship Programme by Year' (pie chart labels). Counts persons (main applicants and dependants), not applications. The yearly series differs between report vintages: the 2016 and 2019 reports give 2014=252, 2015=655, 2016=1016; the mid-2017 chart gives 2014=233, 2015=401, 2016=314; the 2022 and 2024 reports give 2014=401, 2016=116. 401 is also the 2018 value, and 116 looks like a dropped digit of 1016, so the later vintage may contain transcription errors. No explanation found.",,2026-09-28,research:antigua-barbuda
o-b81f438676,ATG,atg-cbi,passports_issued,2016,calendar_year,314,,persons,1,actual,atg-ciu-6m-2017h2,"PDF p. 12, Appendix IV (pie chart, image)",Number of Citizenship Passports issued under the Citizenship Programme by Year Inception to 30th June 2017 ... 314,"'Number of Citizenship Passports issued under the Citizenship Programme by Year' (pie chart labels). Counts persons (main applicants and dependants), not applications. The yearly series differs between report vintages: the 2016 and 2019 reports give 2014=252, 2015=655, 2016=1016; the mid-2017 chart gives 2014=233, 2015=401, 2016=314; the 2022 and 2024 reports give 2014=401, 2016=116. 401 is also the 2018 value, and 116 looks like a dropped digit of 1016, so the later vintage may contain transcription errors. No explanation found. This chart sits in the Jul-Dec 2017 report but is titled 'Inception to 30th June 2017'; the 2017 slice is taken to be Jan-Jun 2017.",,2026-09-28,research:antigua-barbuda
o-82b6dd72fc,ATG,atg-cbi,passports_issued,2016,calendar_year,1016,,persons,1,actual,atg-ciu-6m-2019h2,"PDF p. 17, Appendix IV (pie chart, image)",Number of Citizenship Passports issued under the Citizenship Programme by Year Inception to 31st December June 2019 ... 1016,"'Number of Citizenship Passports issued under the Citizenship Programme by Year' (pie chart labels). Counts persons (main applicants and dependants), not applications. The yearly series differs between report vintages: the 2016 and 2019 reports give 2014=252, 2015=655, 2016=1016; the mid-2017 chart gives 2014=233, 2015=401, 2016=314; the 2022 and 2024 reports give 2014=401, 2016=116. 401 is also the 2018 value, and 116 looks like a dropped digit of 1016, so the later vintage may contain transcription errors. No explanation found.",,2026-09-28,research:antigua-barbuda
o-8c59be8c87,ATG,atg-cbi,passports_issued,2016,calendar_year,116,,persons,1,actual,atg-ciu-6m-2024h1,"PDF p. 21, Appendix IV (pie chart, image)",Number of Citizenship Passports issued under the Citizenship Programme by Year from Inception to 30th June 2024 ... 2016 116,"'Number of Citizenship Passports issued under the Citizenship Programme by Year' (pie chart labels). Counts persons (main applicants and dependants), not applications. The yearly series differs between report vintages: the 2016 and 2019 reports give 2014=252, 2015=655, 2016=1016; the mid-2017 chart gives 2014=233, 2015=401, 2016=314; the 2022 and 2024 reports give 2014=401, 2016=116. 401 is also the 2018 value, and 116 looks like a dropped digit of 1016, so the later vintage may contain transcription errors. No explanation found. Chart anomaly: 2014 = 401 duplicates the 2018 figure and 2016 = 116 looks like a dropped digit (earlier editions: 252 and 1,016); see discrepancies.",,2026-09-28,research:antigua-barbuda
o-8a2d77cf14,ATG,atg-cbi,passports_issued,2017,calendar_year,399,,persons,1,actual,atg-ciu-6m-2019h2,"PDF p. 17, Appendix IV (pie chart, image)",Number of Citizenship Passports issued under the Citizenship Programme by Year Inception to 31st December June 2019 ... 399,"'Number of Citizenship Passports issued under the Citizenship Programme by Year' (pie chart labels). Counts persons (main applicants and dependants), not applications. The yearly series differs between report vintages: the 2016 and 2019 reports give 2014=252, 2015=655, 2016=1016; the mid-2017 chart gives 2014=233, 2015=401, 2016=314; the 2022 and 2024 reports give 2014=401, 2016=116. 401 is also the 2018 value, and 116 looks like a dropped digit of 1016, so the later vintage may contain transcription errors. No explanation found.",,2026-09-28,research:antigua-barbuda
o-f629bc5c04,ATG,atg-cbi,passports_issued,2017,calendar_year,399,,persons,1,actual,atg-ciu-6m-2024h1,"PDF p. 21, Appendix IV (pie chart, image)",Number of Citizenship Passports issued under the Citizenship Programme by Year from Inception to 30th June 2024 ... 2017 399,"'Number of Citizenship Passports issued under the Citizenship Programme by Year' (pie chart labels). Counts persons (main applicants and dependants), not applications. The yearly series differs between report vintages: the 2016 and 2019 reports give 2014=252, 2015=655, 2016=1016; the mid-2017 chart gives 2014=233, 2015=401, 2016=314; the 2022 and 2024 reports give 2014=401, 2016=116. 401 is also the 2018 value, and 116 looks like a dropped digit of 1016, so the later vintage may contain transcription errors. No explanation found.",,2026-09-28,research:antigua-barbuda
o-f159b40ef6,ATG,atg-cbi,passports_issued,2017-H1,half_year,321,,persons,1,actual,atg-ciu-6m-2017h2,"PDF p. 12, Appendix IV (pie chart, image)",Number of Citizenship Passports issued under the Citizenship Programme by Year Inception to 30th June 2017 ... 321,"'Number of Citizenship Passports issued under the Citizenship Programme by Year' (pie chart labels). Counts persons (main applicants and dependants), not applications. The yearly series differs between report vintages: the 2016 and 2019 reports give 2014=252, 2015=655, 2016=1016; the mid-2017 chart gives 2014=233, 2015=401, 2016=314; the 2022 and 2024 reports give 2014=401, 2016=116. 401 is also the 2018 value, and 116 looks like a dropped digit of 1016, so the later vintage may contain transcription errors. No explanation found. This chart sits in the Jul-Dec 2017 report but is titled 'Inception to 30th June 2017'; the 2017 slice is taken to be Jan-Jun 2017.",,2026-09-28,research:antigua-barbuda
o-1cde7047ec,ATG,atg-cbi,passports_issued,2018,calendar_year,401,,persons,1,actual,atg-ciu-6m-2019h2,"PDF p. 17, Appendix IV (pie chart, image)",Number of Citizenship Passports issued under the Citizenship Programme by Year Inception to 31st December June 2019 ... 401,"'Number of Citizenship Passports issued under the Citizenship Programme by Year' (pie chart labels). Counts persons (main applicants and dependants), not applications. The yearly series differs between report vintages: the 2016 and 2019 reports give 2014=252, 2015=655, 2016=1016; the mid-2017 chart gives 2014=233, 2015=401, 2016=314; the 2022 and 2024 reports give 2014=401, 2016=116. 401 is also the 2018 value, and 116 looks like a dropped digit of 1016, so the later vintage may contain transcription errors. No explanation found.",,2026-09-28,research:antigua-barbuda
o-a2eead84c9,ATG,atg-cbi,passports_issued,2018,calendar_year,401,,persons,1,actual,atg-ciu-6m-2024h1,"PDF p. 21, Appendix IV (pie chart, image)",Number of Citizenship Passports issued under the Citizenship Programme by Year from Inception to 30th June 2024 ... 2018 401,"'Number of Citizenship Passports issued under the Citizenship Programme by Year' (pie chart labels). Counts persons (main applicants and dependants), not applications. The yearly series differs between report vintages: the 2016 and 2019 reports give 2014=252, 2015=655, 2016=1016; the mid-2017 chart gives 2014=233, 2015=401, 2016=314; the 2022 and 2024 reports give 2014=401, 2016=116. 401 is also the 2018 value, and 116 looks like a dropped digit of 1016, so the later vintage may contain transcription errors. No explanation found.",,2026-09-28,research:antigua-barbuda
o-7cb7036467,ATG,atg-cbi,passports_issued,2019,calendar_year,1112,,persons,1,actual,atg-ciu-6m-2019h2,"PDF p. 17, Appendix IV (pie chart, image)",Number of Citizenship Passports issued under the Citizenship Programme by Year Inception to 31st December June 2019 ... 1112,"'Number of Citizenship Passports issued under the Citizenship Programme by Year' (pie chart labels). Counts persons (main applicants and dependants), not applications. The yearly series differs between report vintages: the 2016 and 2019 reports give 2014=252, 2015=655, 2016=1016; the mid-2017 chart gives 2014=233, 2015=401, 2016=314; the 2022 and 2024 reports give 2014=401, 2016=116. 401 is also the 2018 value, and 116 looks like a dropped digit of 1016, so the later vintage may contain transcription errors. No explanation found.",,2026-09-28,research:antigua-barbuda
o-41ad24beab,ATG,atg-cbi,passports_issued,2019,calendar_year,1112,,persons,1,actual,atg-ciu-6m-2024h1,"PDF p. 21, Appendix IV (pie chart, image)","Number of Citizenship Passports issued under the Citizenship Programme by Year from Inception to 30th June 2024 ... 2019 1,112","'Number of Citizenship Passports issued under the Citizenship Programme by Year' (pie chart labels). Counts persons (main applicants and dependants), not applications. The yearly series differs between report vintages: the 2016 and 2019 reports give 2014=252, 2015=655, 2016=1016; the mid-2017 chart gives 2014=233, 2015=401, 2016=314; the 2022 and 2024 reports give 2014=401, 2016=116. 401 is also the 2018 value, and 116 looks like a dropped digit of 1016, so the later vintage may contain transcription errors. No explanation found.",,2026-09-28,research:antigua-barbuda
o-64fb42478b,ATG,atg-cbi,passports_issued,2020,calendar_year,1623,,persons,1,actual,atg-ciu-6m-2024h1,"PDF p. 21, Appendix IV (pie chart, image)","Number of Citizenship Passports issued under the Citizenship Programme by Year from Inception to 30th June 2024 ... 2020 1,623","'Number of Citizenship Passports issued under the Citizenship Programme by Year' (pie chart labels). Counts persons (main applicants and dependants), not applications. The yearly series differs between report vintages: the 2016 and 2019 reports give 2014=252, 2015=655, 2016=1016; the mid-2017 chart gives 2014=233, 2015=401, 2016=314; the 2022 and 2024 reports give 2014=401, 2016=116. 401 is also the 2018 value, and 116 looks like a dropped digit of 1016, so the later vintage may contain transcription errors. No explanation found.",,2026-09-28,research:antigua-barbuda
o-c467d3baa9,ATG,atg-cbi,passports_issued,2021,calendar_year,1152,,persons,1,actual,atg-ciu-6m-2024h1,"PDF p. 21, Appendix IV (pie chart, image)","Number of Citizenship Passports issued under the Citizenship Programme by Year from Inception to 30th June 2024 ... 2021 1,152","'Number of Citizenship Passports issued under the Citizenship Programme by Year' (pie chart labels). Counts persons (main applicants and dependants), not applications. The yearly series differs between report vintages: the 2016 and 2019 reports give 2014=252, 2015=655, 2016=1016; the mid-2017 chart gives 2014=233, 2015=401, 2016=314; the 2022 and 2024 reports give 2014=401, 2016=116. 401 is also the 2018 value, and 116 looks like a dropped digit of 1016, so the later vintage may contain transcription errors. No explanation found.",,2026-09-28,research:antigua-barbuda
o-0be615e8ba,ATG,atg-cbi,passports_issued,2022,calendar_year,1346,,persons,1,actual,atg-ciu-6m-2024h1,"PDF p. 21, Appendix IV (pie chart, image)","Number of Citizenship Passports issued under the Citizenship Programme by Year from Inception to 30th June 2024 ... 2022 1,346","'Number of Citizenship Passports issued under the Citizenship Programme by Year' (pie chart labels). Counts persons (main applicants and dependants), not applications. The yearly series differs between report vintages: the 2016 and 2019 reports give 2014=252, 2015=655, 2016=1016; the mid-2017 chart gives 2014=233, 2015=401, 2016=314; the 2022 and 2024 reports give 2014=401, 2016=116. 401 is also the 2018 value, and 116 looks like a dropped digit of 1016, so the later vintage may contain transcription errors. No explanation found.",,2026-09-28,research:antigua-barbuda
o-004d7355eb,ATG,atg-cbi,passports_issued,2022-H1,half_year,683,,persons,1,actual,atg-ciu-6m-2022h1,"PDF p. 18, Appendix IV (pie chart)",Number of Citizenship Passports issued under the Citizenship Programme by Year from Inception to 30th June 2022 ... 683,"'Number of Citizenship Passports issued under the Citizenship Programme by Year' (pie chart labels). Counts persons (main applicants and dependants), not applications. The yearly series differs between report vintages: the 2016 and 2019 reports give 2014=252, 2015=655, 2016=1016; the mid-2017 chart gives 2014=233, 2015=401, 2016=314; the 2022 and 2024 reports give 2014=401, 2016=116. 401 is also the 2018 value, and 116 looks like a dropped digit of 1016, so the later vintage may contain transcription errors. No explanation found.",,2026-09-28,research:antigua-barbuda
o-f0517a5294,ATG,atg-cbi,passports_issued,2023,calendar_year,1191,,persons,1,actual,atg-ciu-6m-2024h1,"PDF p. 21, Appendix IV (pie chart, image)","Number of Citizenship Passports issued under the Citizenship Programme by Year from Inception to 30th June 2024 ... 2023 1,191","'Number of Citizenship Passports issued under the Citizenship Programme by Year' (pie chart labels). Counts persons (main applicants and dependants), not applications. The yearly series differs between report vintages: the 2016 and 2019 reports give 2014=252, 2015=655, 2016=1016; the mid-2017 chart gives 2014=233, 2015=401, 2016=314; the 2022 and 2024 reports give 2014=401, 2016=116. 401 is also the 2018 value, and 116 looks like a dropped digit of 1016, so the later vintage may contain transcription errors. No explanation found.",,2026-09-28,research:antigua-barbuda
o-75fcd367a7,ATG,atg-cbi,passports_issued,2024,calendar_year,1276,,passports,1,reported,intl-ec-swd-2025-429,"PDF p. 38, table (Eastern Caribbean), row ""Total passports issued""",Total passports issued: 1 276 (2024),"Data submitted to the Commission by national authorities, ""in some cases, partial"".",,2026-09-28,research:context-timeline
o-9f345e72d9,ATG,atg-cbi,passports_issued,2024-H1,half_year,622,,persons,1,actual,atg-ciu-6m-2024h1,"PDF p. 21, Appendix IV (pie chart, image)",Number of Citizenship Passports issued under the Citizenship Programme by Year from Inception to 30th June 2024 ... 2024-H1 622,"'Number of Citizenship Passports issued under the Citizenship Programme by Year' (pie chart labels). Counts persons (main applicants and dependants), not applications. The yearly series differs between report vintages: the 2016 and 2019 reports give 2014=252, 2015=655, 2016=1016; the mid-2017 chart gives 2014=233, 2015=401, 2016=314; the 2022 and 2024 reports give 2014=401, 2016=116. 401 is also the 2018 value, and 116 looks like a dropped digit of 1016, so the later vintage may contain transcription errors. No explanation found.",,2026-09-28,research:antigua-barbuda
o-f29578b15e,ATG,atg-cbi,passports_issued,2025-01/2025-04-30,partial_year,540,,passports,1,reported,intl-ec-swd-2025-429,"PDF p. 38, table (Eastern Caribbean), row ""Total passports issued""",Total passports issued: 540 (2025 until 30/4),"Data submitted to the Commission by national authorities, ""in some cases, partial"".",,2026-09-28,research:context-timeline
o-2feb439736,ATG,atg-cbi,persons_naturalised,2014-06/2015-08-10,date_range,150,,persons,1,claim,atg-observer-2015-08-150,para 2,"to date , about 150 new citizenships have been granted under the CIP",PM Gaston Browne to the Observer; period is from the June 2014 election to the article date. Approximate ('about').,,2026-09-28,research:antigua-barbuda
o-89d976207a,DMA,dma-cbi,applications_received,2015-2022,cumulative,13161,,applications,1,reported,intl-ec-swd-2025-429,"PDF p. 37, table (Eastern Caribbean), row ""Total applications received""",Total applications received: 13 161 (2015-2022),"Data submitted to the Commission by national authorities, ""in some cases, partial"".",,2026-09-28,research:context-timeline
o-cc7fd12c1a,DMA,dma-cbi,applications_received,2023,calendar_year,4068,,applications,1,reported,intl-ec-swd-2025-429,"PDF p. 37, table (Eastern Caribbean), row ""Total applications received""",Total applications received: 4 068 in 2023,"Data submitted to the Commission by national authorities, ""in some cases, partial"".",,2026-09-28,research:context-timeline
o-7c93201709,DMA,dma-cbi,applications_received,2024,calendar_year,3893,,applications,1,reported,intl-ec-swd-2025-429,"PDF p. 37, table (Eastern Caribbean), row ""Total applications received""",Total applications received: 3 893 in 2024,"Data submitted to the Commission by national authorities, ""in some cases, partial"".",,2026-09-28,research:context-timeline
o-891394bd12,DMA,dma-cbi,applications_rejected,2019-2022,cumulative,420,,applications,1,reported,intl-ec-swd-2025-429,"PDF p. 37, table (Eastern Caribbean), row ""Rejections""",Rejections: 420 (2019-2022),"Data submitted to the Commission by national authorities, ""in some cases, partial"".",,2026-09-28,research:context-timeline
o-1ae283e0c2,DMA,dma-cbi,applications_rejected,2023,calendar_year,210,,applications,1,reported,intl-ec-swd-2025-429,"PDF p. 37, table (Eastern Caribbean), row ""Rejections""",Rejections: 210 (2023),"Data submitted to the Commission by national authorities, ""in some cases, partial"".",,2026-09-28,research:context-timeline
o-06b2b7bc9f,DMA,dma-cbi,applications_rejected,2024,calendar_year,255,,applications,1,reported,intl-ec-swd-2025-429,"PDF p. 37, table (Eastern Caribbean), row ""Rejections""",Rejections: 255 (2024),"Data submitted to the Commission by national authorities, ""in some cases, partial"".",,2026-09-28,research:context-timeline
o-2c5b6afcef,DMA,dma-cbi,cbi_fiscal_revenue,2018-06/2019-07,as_of_date,80,,USD,million,reported,dma-occrp-2023,Article text,But the national budget records just $80 million of passport revenue for the same time period.,OCCRP reading of budget records; currency not stated (likely US$ conversion). Compare IMF FY2018/19 CBI revenue EC$208.3m (about US$77m at EC$2.70/US$).,,2026-09-28,research:dominica
o-c3250a9f83,DMA,dma-cbi,cbi_fiscal_revenue,FY2012/13,fiscal_year,50.7,,XCD,million,estimate,dma-imf-art4-2018,"PDF p. 35, Table 3a (Statement of Operations of the Central Government, EC$ millions)",Citizenship-by-Investment 50.7 49.7 23.0 72.7 331.8 195.0 107.9 88.1 56.9 47.8 48.7 49.7,"Fiscal year July-June; table column ""2012"" = FY2012/13 (table note 2). Central government revenue line (other non-tax revenue); excludes real-estate purchases. Historical column; data from the authorities plus Fund staff estimates.",,2026-09-28,research:dominica
o-3a3e089c7e,DMA,dma-cbi,cbi_fiscal_revenue,FY2013/14,fiscal_year,49.7,,XCD,million,estimate,dma-imf-art4-2018,"PDF p. 35, Table 3a (Statement of Operations of the Central Government, EC$ millions)",Citizenship-by-Investment 50.7 49.7 23.0 72.7 331.8 195.0 107.9 88.1 56.9 47.8 48.7 49.7,"Fiscal year July-June; table column ""2013"" = FY2013/14 (table note 2). Central government revenue line (other non-tax revenue); excludes real-estate purchases. Historical column; data from the authorities plus Fund staff estimates.",,2026-09-28,research:dominica
o-5176a8270d,DMA,dma-cbi,cbi_fiscal_revenue,FY2014/15,fiscal_year,23.0,,XCD,million,estimate,dma-imf-art4-2018,"PDF p. 35, Table 3a (Statement of Operations of the Central Government, EC$ millions)",Citizenship-by-Investment 50.7 49.7 23.0 72.7 331.8 195.0 107.9 88.1 56.9 47.8 48.7 49.7,"Fiscal year July-June; table column ""2014"" = FY2014/15 (table note 2). Central government revenue line (other non-tax revenue); excludes real-estate purchases. Historical column; data from the authorities plus Fund staff estimates.",,2026-09-28,research:dominica
o-0870ab4e52,DMA,dma-cbi,cbi_fiscal_revenue,FY2015/16,fiscal_year,70.0,,XCD,million,budget,dma-budget-address-2015-16,PDF p. 12,"Non-tax revenue is expected to contribute $92.1 million, of which revenue from the Citizenship By Investment Programme will contribute $70.0 million.",,,2026-09-28,research:dominica
o-c863b2f119,DMA,dma-cbi,cbi_fiscal_revenue,FY2015/16,fiscal_year,99.0,,XCD,million,provisional,dma-budget-address-2016-17,PDF p. 7,"total collections amounted to $115.6 million, with 85.6 percent or $99.0 million, coming from the Citizenship By investment Programme (CBIP) inflows.",Preliminary outturn stated by the Minister. IMF tables give EC$67.0m (2016 report) and EC$72.7m (2017/2018 reports) for FY2015/16. Location corrected by page check (2026-09-28).,,2026-09-28,research:dominica
o-16eabb8186,DMA,dma-cbi,cbi_fiscal_revenue,FY2015/16,fiscal_year,200,,XCD,million,claim,dma-budget-address-2016-17,PDF p. 34,it is under this Government that we have increased our revenue earnings to over 200 million in the last financial year.,"Stated as ""over 200 million"" in the section on the CBI programme; conflicts with the EC$99.0m CBIP figure given on p. 6 of the same address. May include inflows beyond budget revenue (e.g. real estate); unclear. Location corrected by page check (2026-09-28).",,2026-09-28,research:dominica
o-167b9907ef,DMA,dma-cbi,cbi_fiscal_revenue,FY2015/16,fiscal_year,67.0,,XCD,million,estimate,dma-imf-art4-2016,"PDF p. 36, Table 5a (Statement of Operations of the Central Government, Active Scenario, EC$ millions), row ""Of which: ECP""",Of which : ECP 50.7 49.7 23.0 67.0 50.0 50.0 50.0 50.0 50.0 50.0,"Fiscal year July-June; table column ""2015"" = FY2015/16 (table note 2). Central government revenue line (other non-tax revenue); excludes real-estate purchases. Historical column; data from the authorities plus Fund staff estimates.",,2026-09-28,research:dominica
o-075753e0ea,DMA,dma-cbi,cbi_fiscal_revenue,FY2015/16,fiscal_year,72.7,,XCD,million,estimate,dma-imf-art4-2018,"PDF p. 35, Table 3a (Statement of Operations of the Central Government, EC$ millions)",Citizenship-by-Investment 50.7 49.7 23.0 72.7 331.8 195.0 107.9 88.1 56.9 47.8 48.7 49.7,"Fiscal year July-June; table column ""2015"" = FY2015/16 (table note 2). Central government revenue line (other non-tax revenue); excludes real-estate purchases. Historical column; data from the authorities plus Fund staff estimates.",,2026-09-28,research:dominica
o-7cf52e41bd,DMA,dma-cbi,cbi_fiscal_revenue,FY2016/17,fiscal_year,201.8,,XCD,million,budget,dma-budget-address-2016-17,PDF p. 16,the Citizenship By Investment Programme which is expected to contribute $201.8 million for the year.,Location corrected by page check (2026-09-28).,,2026-09-28,research:dominica
o-a327fbba2a,DMA,dma-cbi,cbi_fiscal_revenue,FY2016/17,fiscal_year,334.0,,XCD,million,provisional,dma-budget-address-2017-18,PDF p. 8,A total of $507.0 million was collected under the CBI of which $334.0 million was used for budget financing.,Portion of CBI collections used for budget financing.,,2026-09-28,research:dominica
o-63d371b1ca,DMA,dma-cbi,cbi_fiscal_revenue,FY2016/17,fiscal_year,50.0,,XCD,million,projection,dma-imf-art4-2016,"PDF p. 36, Table 5a (Statement of Operations of the Central Government, Active Scenario, EC$ millions), row ""Of which: ECP""",Of which : ECP 50.7 49.7 23.0 67.0 50.0 50.0 50.0 50.0 50.0 50.0,"Fiscal year July-June; table column ""2016"" = FY2016/17 (table note 2). Central government revenue line (other non-tax revenue); excludes real-estate purchases. First projection year of this vintage.",,2026-09-28,research:dominica
o-6a03601f57,DMA,dma-cbi,cbi_fiscal_revenue,FY2016/17,fiscal_year,166.0,,XCD,million,budget,dma-imf-art4-2016,"PDF p. 69, Supplement Table 1 (Fiscal Developments, FY2015-16), column ""FY2016 Draft Budget""",of which : ECP 67.0 50.0 166.0 4.9 3.6 11.9,Draft budget figure for FY2016/17 as reported by IMF staff; staff estimate in the same table is EC$50.0m. The actual budget address projected EC$201.8m (see dma-budget-address-2016-17).,,2026-09-28,research:dominica
o-2ebbc56eee,DMA,dma-cbi,cbi_fiscal_revenue,FY2016/17,fiscal_year,136.0,,XCD,million,projection,dma-imf-art4-2017,"PDF p. 38, Table 5a (Statement of Operations of the Central Government, Active Scenario, EC$ millions), row ""Of which: CBI""",Of which : CBI 50.7 49.7 23.0 72.7 136.0 133.9 87.8 70.0 62.7 56.0 57.1,"Fiscal year July-June; table column ""2016"" = FY2016/17 (table note 2). Central government revenue line (other non-tax revenue); excludes real-estate purchases. First projection year of this vintage.",,2026-09-28,research:dominica
o-148bf28430,DMA,dma-cbi,cbi_fiscal_revenue,FY2016/17,fiscal_year,331.8,,XCD,million,estimate,dma-imf-art4-2018,"PDF p. 35, Table 3a (Statement of Operations of the Central Government, EC$ millions)",Citizenship-by-Investment 50.7 49.7 23.0 72.7 331.8 195.0 107.9 88.1 56.9 47.8 48.7 49.7,"Fiscal year July-June; table column ""2016"" = FY2016/17 (table note 2). Central government revenue line (other non-tax revenue); excludes real-estate purchases. Historical column; data from the authorities plus Fund staff estimates.",,2026-09-28,research:dominica
o-ccfba347c5,DMA,dma-cbi,cbi_fiscal_revenue,FY2016/17,fiscal_year,491.2,,XCD,million,estimate,dma-imf-art4-2021,"PDF p. 34, Table 2a (Central Government Operations, EC$ millions)",Citizenship-by-Investment 491.2 315.4 208.3 182.4 448.0 404.0 341.5 327.2 307.2 302.0 314.8,"Fiscal year July-June; table column ""2016"" = FY2016/17 (table note 2). Central government revenue line (other non-tax revenue); excludes real-estate purchases. Historical column; data from the authorities plus Fund staff estimates.",,2026-09-28,research:dominica
o-e7eb71c751,DMA,dma-cbi,cbi_fiscal_revenue,FY2017/18,fiscal_year,399.9,,XCD,million,budget,dma-budget-address-2017-18,PDF p. 22,the Citizenship By Investment Programme which is expected to contribute $399.9 million for the year.,Budget prepared before Hurricane Maria (Sept 2017).,,2026-09-28,research:dominica
o-420077f35e,DMA,dma-cbi,cbi_fiscal_revenue,FY2017/18,fiscal_year,195.0,,XCD,million,estimate,dma-imf-art4-2018,"PDF p. 35, Table 3a (Statement of Operations of the Central Government, EC$ millions)",Citizenship-by-Investment 50.7 49.7 23.0 72.7 331.8 195.0 107.9 88.1 56.9 47.8 48.7 49.7,"Fiscal year July-June; table column ""2017"" = FY2017/18 (table note 2). Central government revenue line (other non-tax revenue); excludes real-estate purchases. Historical column; data from the authorities plus Fund staff estimates.",,2026-09-28,research:dominica
o-5ed2ef16fd,DMA,dma-cbi,cbi_fiscal_revenue,FY2017/18,fiscal_year,315.4,,XCD,million,estimate,dma-imf-art4-2021,"PDF p. 34, Table 2a (Central Government Operations, EC$ millions)",Citizenship-by-Investment 491.2 315.4 208.3 182.4 448.0 404.0 341.5 327.2 307.2 302.0 314.8,"Fiscal year July-June; table column ""2017"" = FY2017/18 (table note 2). Central government revenue line (other non-tax revenue); excludes real-estate purchases. Historical column; data from the authorities plus Fund staff estimates.",,2026-09-28,research:dominica
o-249f297c9f,DMA,dma-cbi,cbi_fiscal_revenue,FY2018/19,fiscal_year,406.6,,XCD,million,budget,dma-budget-address-2018-19,PDF p. 31,"the Citizenship By Investment Programme (CBIP), which is expected to bring in $406.6 million.",IMF tables later put FY2018/19 CBI revenue at EC$208.3m.,,2026-09-28,research:dominica
o-9f00f03a73,DMA,dma-cbi,cbi_fiscal_revenue,FY2018/19,fiscal_year,107.9,,XCD,million,projection,dma-imf-art4-2018,"PDF p. 35, Table 3a (Statement of Operations of the Central Government, EC$ millions)",Citizenship-by-Investment 50.7 49.7 23.0 72.7 331.8 195.0 107.9 88.1 56.9 47.8 48.7 49.7,"Fiscal year July-June; table column ""2018"" = FY2018/19 (table note 2). Central government revenue line (other non-tax revenue); excludes real-estate purchases. First projection year of this vintage.",,2026-09-28,research:dominica
o-9c3a4f6218,DMA,dma-cbi,cbi_fiscal_revenue,FY2018/19,fiscal_year,208.3,,XCD,million,estimate,dma-imf-art4-2021,"PDF p. 34, Table 2a (Central Government Operations, EC$ millions)",Citizenship-by-Investment 491.2 315.4 208.3 182.4 448.0 404.0 341.5 327.2 307.2 302.0 314.8,"Fiscal year July-June; table column ""2018"" = FY2018/19 (table note 2). Central government revenue line (other non-tax revenue); excludes real-estate purchases. Historical column; data from the authorities plus Fund staff estimates.",,2026-09-28,research:dominica
o-7d038640fe,DMA,dma-cbi,cbi_fiscal_revenue,FY2019/20,fiscal_year,417.5,,XCD,million,budget,dma-budget-address-2019-20,PDF p. 15,"the Citizenship by Investment Programme (CBIP), which is expected to bring in $417.5 million.",IMF tables later put FY2019/20 CBI revenue at EC$182.4m. Location corrected by page check (2026-09-28).,,2026-09-28,research:dominica
o-c9a2966091,DMA,dma-cbi,cbi_fiscal_revenue,FY2019/20,fiscal_year,182.4,,XCD,million,estimate,dma-imf-art4-2024,"PDF p. 33, Table 3a (Statement of Operations of the Central Government)",Citizenship-by-Investment 182.4 448.0 458.6 625.3 331.0 304.2 301.8 317.3 333.1 348.8 364.7,"Fiscal year July-June; table column ""2019"" = FY2019/20 (table note 2). Central government revenue line (other non-tax revenue); excludes real-estate purchases. Historical column; data from the authorities plus Fund staff estimates.",,2026-09-28,research:dominica
o-9a145e3c49,DMA,dma-cbi,cbi_fiscal_revenue,FY2020/21,fiscal_year,448.0,,XCD,million,estimate,dma-imf-art4-2025,"PDF p. 35, Table 3a (Statement of Operations of the Central Government)",Citizenship-by-Investment 448.0 458.6 625.3 602.3 585.6 491.0 342.9 359.6 376.2 393.1 410.5,"Fiscal year July-June; table column ""2020"" = FY2020/21 (table note 2). Central government revenue line (other non-tax revenue); excludes real-estate purchases. Historical column; data from the authorities plus Fund staff estimates.",,2026-09-28,research:dominica
o-569a971ab3,DMA,dma-cbi,cbi_fiscal_revenue,FY2021/22,fiscal_year,404.0,,XCD,million,projection,dma-imf-art4-2021,"PDF p. 34, Table 2a (Central Government Operations, EC$ millions)",Citizenship-by-Investment 491.2 315.4 208.3 182.4 448.0 404.0 341.5 327.2 307.2 302.0 314.8,"Fiscal year July-June; table column ""2021"" = FY2021/22 (table note 2). Central government revenue line (other non-tax revenue); excludes real-estate purchases. First projection year of this vintage.",,2026-09-28,research:dominica
o-ee87b024cf,DMA,dma-cbi,cbi_fiscal_revenue,FY2021/22,fiscal_year,458.6,,XCD,million,estimate,dma-imf-art4-2026,"PDF p. 35, Table 3a (Statement of Operations of the Central Government)",Citizenship-by-Investment 458.6 625.3 602.3 670.5 569.9 444.6 360.8 378.2 395.2 412.0 429.5,"Fiscal year July-June; table column ""2021"" = FY2021/22 (table note 2). Central government revenue line (other non-tax revenue); excludes real-estate purchases. Historical column; data from the authorities plus Fund staff estimates.",,2026-09-28,research:dominica
o-77282f3b91,DMA,dma-cbi,cbi_fiscal_revenue,FY2022/23,fiscal_year,323.6,,XCD,million,projection,dma-imf-art4-2023,"PDF p. 35, Table 3a (Statement of Operations of the Central Government)",Citizenship-by-Investment 208.3 182.4 448.0 458.6 323.6 333.2 314.4 309.9 324.8 340.1 356.1,"Read visually from an image table (no text layer); columns 2018-2028, 'Prel.' over 2021 and projections from 2022. Fiscal year July-June; column ""2022"" = FY2022/23.  Later vintages put FY2022/23 at EC$625.3m / 36.6% of GDP.",,2026-09-28,research:dominica
o-6a7e5c9fa8,DMA,dma-cbi,cbi_fiscal_revenue,FY2022/23,fiscal_year,625.3,,XCD,million,estimate,dma-imf-art4-2026,"PDF p. 35, Table 3a (Statement of Operations of the Central Government)",Citizenship-by-Investment 458.6 625.3 602.3 670.5 569.9 444.6 360.8 378.2 395.2 412.0 429.5,"Fiscal year July-June; table column ""2022"" = FY2022/23 (table note 2). Central government revenue line (other non-tax revenue); excludes real-estate purchases. Historical column; data from the authorities plus Fund staff estimates.",,2026-09-28,research:dominica
o-a23524d41e,DMA,dma-cbi,cbi_fiscal_revenue,FY2023/24,fiscal_year,331.0,,XCD,million,provisional,dma-imf-art4-2024,"PDF p. 33, Table 3a (Statement of Operations of the Central Government)",Citizenship-by-Investment 182.4 448.0 458.6 625.3 331.0 304.2 301.8 317.3 333.1 348.8 364.7,"Fiscal year July-June; table column ""2023"" = FY2023/24 (table note 2). Central government revenue line (other non-tax revenue); excludes real-estate purchases. Column labelled 'Prel.' in the table.",,2026-09-28,research:dominica
o-73ad1f4d41,DMA,dma-cbi,cbi_fiscal_revenue,FY2023/24,fiscal_year,602.3,,XCD,million,estimate,dma-imf-art4-2026,"PDF p. 35, Table 3a (Statement of Operations of the Central Government)",Citizenship-by-Investment 458.6 625.3 602.3 670.5 569.9 444.6 360.8 378.2 395.2 412.0 429.5,"Fiscal year July-June; table column ""2023"" = FY2023/24 (table note 2). Central government revenue line (other non-tax revenue); excludes real-estate purchases. Historical column; data from the authorities plus Fund staff estimates.",,2026-09-28,research:dominica
o-b8c70aba95,DMA,dma-cbi,cbi_fiscal_revenue,FY2024/25,fiscal_year,760.0,,XCD,million,budget,dma-budget-address-2024-25,PDF p. 37,"we expect to raise tax revenues of at least $414.1 million, $760.0 million through the CBI",IMF 2026 report estimates FY2024/25 CBI revenue at EC$670.5m. Location corrected by page check (2026-09-28).,,2026-09-28,research:dominica
o-aef000b0f6,DMA,dma-cbi,cbi_fiscal_revenue,FY2024/25,fiscal_year,304.2,,XCD,million,projection,dma-imf-art4-2024,"PDF p. 33, Table 3a (Statement of Operations of the Central Government)",Citizenship-by-Investment 182.4 448.0 458.6 625.3 331.0 304.2 301.8 317.3 333.1 348.8 364.7,"Fiscal year July-June; table column ""2024"" = FY2024/25 (table note 2). Central government revenue line (other non-tax revenue); excludes real-estate purchases. First projection year of this vintage.",,2026-09-28,research:dominica
o-c6df6e5a5d,DMA,dma-cbi,cbi_fiscal_revenue,FY2024/25,fiscal_year,585.6,,XCD,million,estimate,dma-imf-art4-2025,"PDF p. 35, Table 3a (Statement of Operations of the Central Government)",Citizenship-by-Investment 448.0 458.6 625.3 602.3 585.6 491.0 342.9 359.6 376.2 393.1 410.5,"Fiscal year July-June; table column ""2024"" = FY2024/25 (table note 2). Central government revenue line (other non-tax revenue); excludes real-estate purchases. Historical column; data from the authorities plus Fund staff estimates.",,2026-09-28,research:dominica
o-c3f839f344,DMA,dma-cbi,cbi_fiscal_revenue,FY2024/25,fiscal_year,670.5,,XCD,million,estimate,dma-imf-art4-2026,"PDF p. 35, Table 3a (Statement of Operations of the Central Government)",Citizenship-by-Investment 458.6 625.3 602.3 670.5 569.9 444.6 360.8 378.2 395.2 412.0 429.5,"Fiscal year July-June; table column ""2024"" = FY2024/25 (table note 2). Central government revenue line (other non-tax revenue); excludes real-estate purchases. Historical column; data from the authorities plus Fund staff estimates.",,2026-09-28,research:dominica
o-f7eb5fdfc3,DMA,dma-cbi,cbi_fiscal_revenue,FY2025/26,fiscal_year,635.0,,XCD,million,budget,dma-budget-address-2025-26,PDF p. 44,"The recurrent revenue estimates comprise tax revenues of $443.9 million, $635.0 million from the CBI",IMF 2026 report projects EC$569.9m for FY2025/26. Location corrected by page check (2026-09-28).,,2026-09-28,research:dominica
o-e478a1dfbd,DMA,dma-cbi,cbi_fiscal_revenue,FY2025/26,fiscal_year,491.0,,XCD,million,projection,dma-imf-art4-2025,"PDF p. 35, Table 3a (Statement of Operations of the Central Government)",Citizenship-by-Investment 448.0 458.6 625.3 602.3 585.6 491.0 342.9 359.6 376.2 393.1 410.5,"Fiscal year July-June; table column ""2025"" = FY2025/26 (table note 2). Central government revenue line (other non-tax revenue); excludes real-estate purchases. First projection year of this vintage.",,2026-09-28,research:dominica
o-de4c14115b,DMA,dma-cbi,cbi_fiscal_revenue,FY2025/26,fiscal_year,569.9,,XCD,million,projection,dma-imf-art4-2026,"PDF p. 35, Table 3a (Statement of Operations of the Central Government)",Citizenship-by-Investment 458.6 625.3 602.3 670.5 569.9 444.6 360.8 378.2 395.2 412.0 429.5,"Fiscal year July-June; table column ""2025"" = FY2025/26 (table note 2). Central government revenue line (other non-tax revenue); excludes real-estate purchases. First projection year of this vintage.",,2026-09-28,research:dominica
o-c11b6fa555,DMA,dma-cbi,cbi_fiscal_revenue_pct_gdp,2013,calendar_year,3.4,,percent_of_gdp,1,estimate,dma-imf-wp-15-93,"PDF p. 14, Box 1","ECP receipts, in the form of fees to the budget increased from less than 1 percent of GDP in 2008 to an estimated 13 and 3.4 percent of GDP in St. Kitts and Nevis and Dominica, in 2013, respectively",Box text is laid out around a chart; quote reassembled from the text layer. Year basis stated as 2013 (IMF tables elsewhere give 3.6% for FY2013/14 and 3.8% for FY2012/13).,,2026-09-28,research:dominica
o-47de1f176e,DMA,dma-cbi,cbi_fiscal_revenue_pct_gdp,2013,calendar_year,3.4,,percent_of_gdp,1,estimate,intl-imf-wp-15-93,"p. 13 (printed), Box 1","ECP receipts, in the form of fees to the budget increased from less than 1 percent of GDP in 2008 to an estimated 13 and 3.4 percent of GDP in St. Kitts and Nevis and Dominica, in 2013, respectively.",,,2026-09-28,research:context-timeline
o-9fecbe5a70,DMA,dma-cbi,cbi_fiscal_revenue_pct_gdp,FY2012/13,fiscal_year,3.8,,percent_of_gdp,1,estimate,dma-imf-art4-2018,"PDF p. 36, Table 3b (percent of GDP)",Citizenship-by-Investment 3.8 3.6 1.6 4.8 21.6 13.9 7.8 5.8 3.5 2.8 2.8 2.7,"Fiscal year July-June; table column ""2012"" = FY2012/13 (table note 2). Central government revenue line (other non-tax revenue); excludes real-estate purchases. Historical column; data from the authorities plus Fund staff estimates.",,2026-09-28,research:dominica
o-fa1685a26e,DMA,dma-cbi,cbi_fiscal_revenue_pct_gdp,FY2013/14,fiscal_year,3.6,,percent_of_gdp,1,estimate,dma-imf-art4-2018,"PDF p. 36, Table 3b (percent of GDP)",Citizenship-by-Investment 3.8 3.6 1.6 4.8 21.6 13.9 7.8 5.8 3.5 2.8 2.8 2.7,"Fiscal year July-June; table column ""2013"" = FY2013/14 (table note 2). Central government revenue line (other non-tax revenue); excludes real-estate purchases. Historical column; data from the authorities plus Fund staff estimates.",,2026-09-28,research:dominica
o-9b23156c51,DMA,dma-cbi,cbi_fiscal_revenue_pct_gdp,FY2014/15,fiscal_year,1.7,,percent_of_gdp,1,estimate,dma-imf-art4-2016,"PDF p. 37, Table 5b (percent of GDP), row ""Of which: ECP""",Of which : ECP 3.8 3.6 1.7 4.9 3.6 3.4 3.3 3.1 3.0 2.9,"Fiscal year July-June; table column ""2014"" = FY2014/15 (table note 2). Central government revenue line (other non-tax revenue); excludes real-estate purchases. Historical column; data from the authorities plus Fund staff estimates.",,2026-09-28,research:dominica
o-68bf6356f4,DMA,dma-cbi,cbi_fiscal_revenue_pct_gdp,FY2014/15,fiscal_year,1.6,,percent_of_gdp,1,estimate,dma-imf-art4-2018,"PDF p. 36, Table 3b (percent of GDP)",Citizenship-by-Investment 3.8 3.6 1.6 4.8 21.6 13.9 7.8 5.8 3.5 2.8 2.8 2.7,"Fiscal year July-June; table column ""2014"" = FY2014/15 (table note 2). Central government revenue line (other non-tax revenue); excludes real-estate purchases. Historical column; data from the authorities plus Fund staff estimates.",,2026-09-28,research:dominica
o-c2853ecb0d,DMA,dma-cbi,cbi_fiscal_revenue_pct_gdp,FY2015/16,fiscal_year,4.9,,percent_of_gdp,1,estimate,dma-imf-art4-2016,"PDF p. 37, Table 5b (percent of GDP), row ""Of which: ECP""",Of which : ECP 3.8 3.6 1.7 4.9 3.6 3.4 3.3 3.1 3.0 2.9,"Fiscal year July-June; table column ""2015"" = FY2015/16 (table note 2). Central government revenue line (other non-tax revenue); excludes real-estate purchases. Historical column; data from the authorities plus Fund staff estimates.",,2026-09-28,research:dominica
o-edb5294600,DMA,dma-cbi,cbi_fiscal_revenue_pct_gdp,FY2015/16,fiscal_year,5.2,,percent_of_gdp,1,estimate,dma-imf-art4-2017,"PDF p. 39, Table 5b (percent of GDP), row ""Of which: CBI""",Of which : CBI 3.8 3.6 1.6 5.2 9.4 8.9 5.6 4.3 3.7 3.2 3.2,"Fiscal year July-June; table column ""2015"" = FY2015/16 (table note 2). Central government revenue line (other non-tax revenue); excludes real-estate purchases. Historical column; data from the authorities plus Fund staff estimates.",,2026-09-28,research:dominica
o-b020814ad6,DMA,dma-cbi,cbi_fiscal_revenue_pct_gdp,FY2015/16,fiscal_year,4.8,,percent_of_gdp,1,estimate,dma-imf-art4-2018,"PDF p. 36, Table 3b (percent of GDP)",Citizenship-by-Investment 3.8 3.6 1.6 4.8 21.6 13.9 7.8 5.8 3.5 2.8 2.8 2.7,"Fiscal year July-June; table column ""2015"" = FY2015/16 (table note 2). Central government revenue line (other non-tax revenue); excludes real-estate purchases. Historical column; data from the authorities plus Fund staff estimates.",,2026-09-28,research:dominica
o-48bf12fa36,DMA,dma-cbi,cbi_fiscal_revenue_pct_gdp,FY2016/17,fiscal_year,3.6,,percent_of_gdp,1,projection,dma-imf-art4-2016,"PDF p. 37, Table 5b (percent of GDP), row ""Of which: ECP""",Of which : ECP 3.8 3.6 1.7 4.9 3.6 3.4 3.3 3.1 3.0 2.9,"Fiscal year July-June; table column ""2016"" = FY2016/17 (table note 2). Central government revenue line (other non-tax revenue); excludes real-estate purchases. First projection year of this vintage.",,2026-09-28,research:dominica
o-4b84f1918e,DMA,dma-cbi,cbi_fiscal_revenue_pct_gdp,FY2016/17,fiscal_year,11.9,,percent_of_gdp,1,budget,dma-imf-art4-2016,"PDF p. 68, Supplement (Draft Budget FY2016)",non-tax revenues are significantly higher mainly as a result of the collection of ECP revenues at 11.9 percent of GDP,"Draft budget projection described by IMF staff as ""an historical record"".",,2026-09-28,research:dominica
o-687ecd3a24,DMA,dma-cbi,cbi_fiscal_revenue_pct_gdp,FY2016/17,fiscal_year,9.4,,percent_of_gdp,1,projection,dma-imf-art4-2017,"PDF p. 39, Table 5b (percent of GDP), row ""Of which: CBI""",Of which : CBI 3.8 3.6 1.6 5.2 9.4 8.9 5.6 4.3 3.7 3.2 3.2,"Fiscal year July-June; table column ""2016"" = FY2016/17 (table note 2). Central government revenue line (other non-tax revenue); excludes real-estate purchases. First projection year of this vintage.",,2026-09-28,research:dominica
o-8e312a66b8,DMA,dma-cbi,cbi_fiscal_revenue_pct_gdp,FY2016/17,fiscal_year,21.6,,percent_of_gdp,1,estimate,dma-imf-art4-2018,"PDF p. 36, Table 3b (percent of GDP)",Citizenship-by-Investment 3.8 3.6 1.6 4.8 21.6 13.9 7.8 5.8 3.5 2.8 2.8 2.7,"Fiscal year July-June; table column ""2016"" = FY2016/17 (table note 2). Central government revenue line (other non-tax revenue); excludes real-estate purchases. Historical column; data from the authorities plus Fund staff estimates.",,2026-09-28,research:dominica
o-d500cf737b,DMA,dma-cbi,cbi_fiscal_revenue_pct_gdp,FY2016/17,fiscal_year,32.6,,percent_of_gdp,1,estimate,dma-imf-art4-2021,"PDF p. 35, Table 2b (Central Government Operations, percent of GDP)",Citizenship-by-Investment 32.6 21.2 13.1 11.6 29.5 24.5 19.0 17.0 15.0 14.0 14.0,"Fiscal year July-June; table column ""2016"" = FY2016/17 (table note 2). Central government revenue line (other non-tax revenue); excludes real-estate purchases. Historical column; data from the authorities plus Fund staff estimates.",,2026-09-28,research:dominica
o-3d15781e26,DMA,dma-cbi,cbi_fiscal_revenue_pct_gdp,FY2017/18,fiscal_year,13.9,,percent_of_gdp,1,estimate,dma-imf-art4-2018,"PDF p. 36, Table 3b (percent of GDP)",Citizenship-by-Investment 3.8 3.6 1.6 4.8 21.6 13.9 7.8 5.8 3.5 2.8 2.8 2.7,"Fiscal year July-June; table column ""2017"" = FY2017/18 (table note 2). Central government revenue line (other non-tax revenue); excludes real-estate purchases. Historical column; data from the authorities plus Fund staff estimates.",,2026-09-28,research:dominica
o-e81ece04f6,DMA,dma-cbi,cbi_fiscal_revenue_pct_gdp,FY2017/18,fiscal_year,21.2,,percent_of_gdp,1,estimate,dma-imf-art4-2021,"PDF p. 35, Table 2b (Central Government Operations, percent of GDP)",Citizenship-by-Investment 32.6 21.2 13.1 11.6 29.5 24.5 19.0 17.0 15.0 14.0 14.0,"Fiscal year July-June; table column ""2017"" = FY2017/18 (table note 2). Central government revenue line (other non-tax revenue); excludes real-estate purchases. Historical column; data from the authorities plus Fund staff estimates.",,2026-09-28,research:dominica
o-25d51122eb,DMA,dma-cbi,cbi_fiscal_revenue_pct_gdp,FY2018/19,fiscal_year,7.8,,percent_of_gdp,1,projection,dma-imf-art4-2018,"PDF p. 36, Table 3b (percent of GDP)",Citizenship-by-Investment 3.8 3.6 1.6 4.8 21.6 13.9 7.8 5.8 3.5 2.8 2.8 2.7,"Fiscal year July-June; table column ""2018"" = FY2018/19 (table note 2). Central government revenue line (other non-tax revenue); excludes real-estate purchases. First projection year of this vintage.",,2026-09-28,research:dominica
o-31cf4f5084,DMA,dma-cbi,cbi_fiscal_revenue_pct_gdp,FY2018/19,fiscal_year,13.1,,percent_of_gdp,1,estimate,dma-imf-art4-2021,"PDF p. 35, Table 2b (Central Government Operations, percent of GDP)",Citizenship-by-Investment 32.6 21.2 13.1 11.6 29.5 24.5 19.0 17.0 15.0 14.0 14.0,"Fiscal year July-June; table column ""2018"" = FY2018/19 (table note 2). Central government revenue line (other non-tax revenue); excludes real-estate purchases. Historical column; data from the authorities plus Fund staff estimates.",,2026-09-28,research:dominica
o-e0baa8f899,DMA,dma-cbi,cbi_fiscal_revenue_pct_gdp,FY2019/20,fiscal_year,11.6,,percent_of_gdp,1,estimate,dma-imf-art4-2021,"PDF p. 35, Table 2b (Central Government Operations, percent of GDP)",Citizenship-by-Investment 32.6 21.2 13.1 11.6 29.5 24.5 19.0 17.0 15.0 14.0 14.0,"Fiscal year July-June; table column ""2019"" = FY2019/20 (table note 2). Central government revenue line (other non-tax revenue); excludes real-estate purchases. Historical column; data from the authorities plus Fund staff estimates.",,2026-09-28,research:dominica
o-823f478953,DMA,dma-cbi,cbi_fiscal_revenue_pct_gdp,FY2019/20,fiscal_year,12.1,,percent_of_gdp,1,estimate,dma-imf-art4-2024,"PDF p. 34, Table 3b (in percent of GDP)",Citizenship-by-Investment 12.1 31.3 29.2 36.6 18.0 15.4 14.5 14.5 14.5 14.5 14.5,"Fiscal year July-June; table column ""2019"" = FY2019/20 (table note 2). Central government revenue line (other non-tax revenue); excludes real-estate purchases. Historical column; data from the authorities plus Fund staff estimates.",,2026-09-28,research:dominica
o-322c75aa96,DMA,dma-cbi,cbi_fiscal_revenue_pct_gdp,FY2020/21,fiscal_year,29.5,,percent_of_gdp,1,provisional,dma-imf-art4-2021,"PDF p. 35, Table 2b (Central Government Operations, percent of GDP)",Citizenship-by-Investment 32.6 21.2 13.1 11.6 29.5 24.5 19.0 17.0 15.0 14.0 14.0,"Fiscal year July-June; table column ""2020"" = FY2020/21 (table note 2). Central government revenue line (other non-tax revenue); excludes real-estate purchases. Column labelled 'Prel.' in the table.",,2026-09-28,research:dominica
o-10a473b838,DMA,dma-cbi,cbi_fiscal_revenue_pct_gdp,FY2020/21,fiscal_year,31.3,,percent_of_gdp,1,estimate,dma-imf-art4-2025,"PDF p. 36, Table 3b (in percent of GDP)",Citizenship-by-Investment 31.3 29.2 36.7 33.0 30.0 23.6 15.7 15.7 15.7 15.7 15.7,"Fiscal year July-June; table column ""2020"" = FY2020/21 (table note 2). Central government revenue line (other non-tax revenue); excludes real-estate purchases. Historical column; data from the authorities plus Fund staff estimates.",,2026-09-28,research:dominica
o-50f74f94a8,DMA,dma-cbi,cbi_fiscal_revenue_pct_gdp,FY2021/22,fiscal_year,24.5,,percent_of_gdp,1,projection,dma-imf-art4-2021,"PDF p. 35, Table 2b (Central Government Operations, percent of GDP)",Citizenship-by-Investment 32.6 21.2 13.1 11.6 29.5 24.5 19.0 17.0 15.0 14.0 14.0,"Fiscal year July-June; table column ""2021"" = FY2021/22 (table note 2). Central government revenue line (other non-tax revenue); excludes real-estate purchases. First projection year of this vintage.",,2026-09-28,research:dominica
o-959892f5ce,DMA,dma-cbi,cbi_fiscal_revenue_pct_gdp,FY2021/22,fiscal_year,28.6,,percent_of_gdp,1,provisional,dma-imf-art4-2023,"PDF p. 36, Table 3b (Statement of Operations of the Central Government)",Citizenship-by-Investment 13.2 12.1 31.3 28.6 18.0 17.0 15.0 14.0 14.0 14.0 14.0,"Read visually from an image table (no text layer); columns 2018-2028, 'Prel.' over 2021 and projections from 2022. Fiscal year July-June; column ""2021"" = FY2021/22.",,2026-09-28,research:dominica
o-0424407cae,DMA,dma-cbi,cbi_fiscal_revenue_pct_gdp,FY2021/22,fiscal_year,29.2,,percent_of_gdp,1,estimate,dma-imf-art4-2026,"PDF p. 36, Table 3b (in percent of GDP)",Citizenship-by-Investment 29.2 36.6 33.1 34.7 27.5 20.3 15.7 15.7 15.7 15.7 15.7,"Fiscal year July-June; table column ""2021"" = FY2021/22 (table note 2). Central government revenue line (other non-tax revenue); excludes real-estate purchases. Historical column; data from the authorities plus Fund staff estimates.",,2026-09-28,research:dominica
o-50157fc62d,DMA,dma-cbi,cbi_fiscal_revenue_pct_gdp,FY2022/23,fiscal_year,18.0,,percent_of_gdp,1,projection,dma-imf-art4-2023,"PDF p. 36, Table 3b (Statement of Operations of the Central Government)",Citizenship-by-Investment 13.2 12.1 31.3 28.6 18.0 17.0 15.0 14.0 14.0 14.0 14.0,"Read visually from an image table (no text layer); columns 2018-2028, 'Prel.' over 2021 and projections from 2022. Fiscal year July-June; column ""2022"" = FY2022/23.  Later vintages put FY2022/23 at EC$625.3m / 36.6% of GDP.",,2026-09-28,research:dominica
o-82f0eedc93,DMA,dma-cbi,cbi_fiscal_revenue_pct_gdp,FY2022/23,fiscal_year,36.7,,percent_of_gdp,1,estimate,dma-imf-art4-2025,"PDF p. 36, Table 3b (in percent of GDP)",Citizenship-by-Investment 31.3 29.2 36.7 33.0 30.0 23.6 15.7 15.7 15.7 15.7 15.7,"Fiscal year July-June; table column ""2022"" = FY2022/23 (table note 2). Central government revenue line (other non-tax revenue); excludes real-estate purchases. Historical column; data from the authorities plus Fund staff estimates.",,2026-09-28,research:dominica
o-fff3aabbb9,DMA,dma-cbi,cbi_fiscal_revenue_pct_gdp,FY2022/23,fiscal_year,36.6,,percent_of_gdp,1,estimate,dma-imf-art4-2026,"PDF p. 36, Table 3b (in percent of GDP)",Citizenship-by-Investment 29.2 36.6 33.1 34.7 27.5 20.3 15.7 15.7 15.7 15.7 15.7,"Fiscal year July-June; table column ""2022"" = FY2022/23 (table note 2). Central government revenue line (other non-tax revenue); excludes real-estate purchases. Historical column; data from the authorities plus Fund staff estimates.",,2026-09-28,research:dominica
o-a0075d8a70,DMA,dma-cbi,cbi_fiscal_revenue_pct_gdp,FY2022/23,fiscal_year,37,,percent_of_gdp,1,reported,dma-imidaily-2024-09,Article text,CBI revenue reached an unprecedented 37% of the country’s GDP in FY2022/23,Trade-press rounding of the IMF 2024 Article IV figure (36.6% in Table 3b).,,2026-09-28,research:dominica
o-8afa3f1565,DMA,dma-cbi,cbi_fiscal_revenue_pct_gdp,FY2023/24,fiscal_year,18.0,,percent_of_gdp,1,provisional,dma-imf-art4-2024,"PDF p. 34, Table 3b (in percent of GDP)",Citizenship-by-Investment 12.1 31.3 29.2 36.6 18.0 15.4 14.5 14.5 14.5 14.5 14.5,"Fiscal year July-June; table column ""2023"" = FY2023/24 (table note 2). Central government revenue line (other non-tax revenue); excludes real-estate purchases. Column labelled 'Prel.' in the table.",,2026-09-28,research:dominica
o-57a0b91275,DMA,dma-cbi,cbi_fiscal_revenue_pct_gdp,FY2023/24,fiscal_year,33.0,,percent_of_gdp,1,estimate,dma-imf-art4-2025,"PDF p. 36, Table 3b (in percent of GDP)",Citizenship-by-Investment 31.3 29.2 36.7 33.0 30.0 23.6 15.7 15.7 15.7 15.7 15.7,"Fiscal year July-June; table column ""2023"" = FY2023/24 (table note 2). Central government revenue line (other non-tax revenue); excludes real-estate purchases. Historical column; data from the authorities plus Fund staff estimates.",,2026-09-28,research:dominica
o-225c58e661,DMA,dma-cbi,cbi_fiscal_revenue_pct_gdp,FY2023/24,fiscal_year,33.1,,percent_of_gdp,1,estimate,dma-imf-art4-2026,"PDF p. 36, Table 3b (in percent of GDP)",Citizenship-by-Investment 29.2 36.6 33.1 34.7 27.5 20.3 15.7 15.7 15.7 15.7 15.7,"Fiscal year July-June; table column ""2023"" = FY2023/24 (table note 2). Central government revenue line (other non-tax revenue); excludes real-estate purchases. Historical column; data from the authorities plus Fund staff estimates.",,2026-09-28,research:dominica
o-e255dfd4b8,DMA,dma-cbi,cbi_fiscal_revenue_pct_gdp,FY2024/25,fiscal_year,15.4,,percent_of_gdp,1,projection,dma-imf-art4-2024,"PDF p. 34, Table 3b (in percent of GDP)",Citizenship-by-Investment 12.1 31.3 29.2 36.6 18.0 15.4 14.5 14.5 14.5 14.5 14.5,"Fiscal year July-June; table column ""2024"" = FY2024/25 (table note 2). Central government revenue line (other non-tax revenue); excludes real-estate purchases. First projection year of this vintage.",,2026-09-28,research:dominica
o-67a4bb9bb1,DMA,dma-cbi,cbi_fiscal_revenue_pct_gdp,FY2024/25,fiscal_year,30.0,,percent_of_gdp,1,estimate,dma-imf-art4-2025,"PDF p. 36, Table 3b (in percent of GDP)",Citizenship-by-Investment 31.3 29.2 36.7 33.0 30.0 23.6 15.7 15.7 15.7 15.7 15.7,"Fiscal year July-June; table column ""2024"" = FY2024/25 (table note 2). Central government revenue line (other non-tax revenue); excludes real-estate purchases. Historical column; data from the authorities plus Fund staff estimates.",,2026-09-28,research:dominica
o-1546c19e71,DMA,dma-cbi,cbi_fiscal_revenue_pct_gdp,FY2024/25,fiscal_year,34.7,,percent_of_gdp,1,estimate,dma-imf-art4-2026,"PDF p. 36, Table 3b (in percent of GDP)",Citizenship-by-Investment 29.2 36.6 33.1 34.7 27.5 20.3 15.7 15.7 15.7 15.7 15.7,"Fiscal year July-June; table column ""2024"" = FY2024/25 (table note 2). Central government revenue line (other non-tax revenue); excludes real-estate purchases. Historical column; data from the authorities plus Fund staff estimates.",,2026-09-28,research:dominica
o-0b1269905a,DMA,dma-cbi,cbi_fiscal_revenue_pct_gdp,FY2025/26,fiscal_year,23.6,,percent_of_gdp,1,projection,dma-imf-art4-2025,"PDF p. 36, Table 3b (in percent of GDP)",Citizenship-by-Investment 31.3 29.2 36.7 33.0 30.0 23.6 15.7 15.7 15.7 15.7 15.7,"Fiscal year July-June; table column ""2025"" = FY2025/26 (table note 2). Central government revenue line (other non-tax revenue); excludes real-estate purchases. First projection year of this vintage.",,2026-09-28,research:dominica
o-fc1babb747,DMA,dma-cbi,cbi_fiscal_revenue_pct_gdp,FY2025/26,fiscal_year,27.5,,percent_of_gdp,1,projection,dma-imf-art4-2026,"PDF p. 36, Table 3b (in percent of GDP)",Citizenship-by-Investment 29.2 36.6 33.1 34.7 27.5 20.3 15.7 15.7 15.7 15.7 15.7,"Fiscal year July-June; table column ""2025"" = FY2025/26 (table note 2). Central government revenue line (other non-tax revenue); excludes real-estate purchases. First projection year of this vintage.",,2026-09-28,research:dominica
o-16a6fa7032,DMA,dma-cbi,cbi_fiscal_revenue_pct_revenue,FY2024/25,fiscal_year,58,,percent,1,provisional,dma-budget-address-2025-26,PDF p. 5,The CBI continues to be a critical source of financing mainly for capital expenditure and accounts for roughly 58 percent of total revenues.,"Stated as ""roughly""; in the review of FY2024/25 fiscal developments; unclear whether grants are included in total revenues. Location corrected by page check (2026-09-28).",,2026-09-28,research:dominica
o-77a2292a15,DMA,dma-cbi,cbi_fiscal_revenue_pct_revenue,FY2025/26,fiscal_year,56.7,,percent,1,claim,dma-caribbean360-2026-08,Article text (quoted statement),Dominica's 2025-2026 budget projected that 56.7 per cent of recurrent government revenue would come from CBI,"Attributed to the Dominica Freedom Party (opposition), as cited by Caribbean360; derived from budget estimates (EC$635.0m CBI of EC$1,103.7m recurrent revenue, which gives about 57.5%, so the basis of 56.7% is unclear).",,2026-09-28,research:dominica
o-285c1a84fb,DMA,dma-cbi,cbi_inflows,2017-2020,cumulative,1.2,,USD,billion,reported,dma-occrp-2023,Article text,"the scheme made the island $1.2 billion between 2017 and 2020 alone, according to Dominica’s government.",Attributed to the government without a document reference; currency not stated.,,2026-09-28,research:dominica
o-2eafe0350b,DMA,dma-cbi,cbi_inflows,2018-06/2019-07,as_of_date,170,,USD,million,claim,dma-occrp-2023,Article text,"Dominica sold just under 2,000 citizenships and had received about $170 million.","Prime Minister’s statement in parliament as reported by OCCRP (""about""). Currency not stated in the article; OCCRP generally reports US$. Budget records cited by OCCRP show about $80 million of passport revenue for the same period.",,2026-09-28,research:dominica
o-d26a4dc31a,DMA,dma-cbi,cbi_inflows,2019,calendar_year,72.3,,USD,million,estimate,dma-imf-art4-2024,"PDF p. 32, Table 2 (Balance of Payments, US$ millions)",of which Citizenship By Investment 72.3 116.7 167.9 200.7 177.1 117.6 112.2 114.7 120.5 126.3 132.1,Calendar year; CBI shown in the balance of payments (capital account). BoP measure of CBI flows as compiled by IMF staff/ECCB from cash-based fiscal data; not identical to the fiscal revenue line. Historical column; data from the authorities plus Fund staff estimates.,,2026-09-28,research:dominica
o-5866d0aaae,DMA,dma-cbi,cbi_inflows,2020,calendar_year,116.7,,USD,million,estimate,dma-imf-art4-2025,"PDF p. 34, Table 2 (Balance of Payments, US$ millions)",of which Citizenship By Investment 116.7 167.9 200.7 227.3 220.0 199.4 154.4 130.1 136.3 142.5 148.8,Calendar year; CBI shown in the balance of payments (capital account). BoP measure of CBI flows as compiled by IMF staff/ECCB from cash-based fiscal data; not identical to the fiscal revenue line. Historical column; data from the authorities plus Fund staff estimates.,,2026-09-28,research:dominica
o-dda2c3c135,DMA,dma-cbi,cbi_inflows,2021,calendar_year,167.9,,USD,million,estimate,dma-imf-art4-2026,"PDF p. 34, Table 2 (Balance of Payments, US$ millions)",of which Citizenship By Investment 167.9 200.7 227.3 235.7 229.7 187.9 149.2 136.9 143.2 149.5 155.8,Calendar year; CBI shown in the balance of payments (capital account). BoP measure of CBI flows as compiled by IMF staff/ECCB from cash-based fiscal data; not identical to the fiscal revenue line. Historical column; data from the authorities plus Fund staff estimates.,,2026-09-28,research:dominica
o-7e61c6e9fc,DMA,dma-cbi,cbi_inflows,2022,calendar_year,200.7,,USD,million,estimate,dma-imf-art4-2026,"PDF p. 34, Table 2 (Balance of Payments, US$ millions)",of which Citizenship By Investment 167.9 200.7 227.3 235.7 229.7 187.9 149.2 136.9 143.2 149.5 155.8,Calendar year; CBI shown in the balance of payments (capital account). BoP measure of CBI flows as compiled by IMF staff/ECCB from cash-based fiscal data; not identical to the fiscal revenue line. Historical column; data from the authorities plus Fund staff estimates.,,2026-09-28,research:dominica
o-0982b5d356,DMA,dma-cbi,cbi_inflows,2023,calendar_year,177.1,,USD,million,estimate,dma-imf-art4-2024,"PDF p. 32, Table 2 (Balance of Payments, US$ millions)",of which Citizenship By Investment 72.3 116.7 167.9 200.7 177.1 117.6 112.2 114.7 120.5 126.3 132.1,Calendar year; CBI shown in the balance of payments (capital account). BoP measure of CBI flows as compiled by IMF staff/ECCB from cash-based fiscal data; not identical to the fiscal revenue line. Historical column; data from the authorities plus Fund staff estimates.,,2026-09-28,research:dominica
o-914bf92a32,DMA,dma-cbi,cbi_inflows,2023,calendar_year,227.3,,USD,million,estimate,dma-imf-art4-2026,"PDF p. 34, Table 2 (Balance of Payments, US$ millions)",of which Citizenship By Investment 167.9 200.7 227.3 235.7 229.7 187.9 149.2 136.9 143.2 149.5 155.8,Calendar year; CBI shown in the balance of payments (capital account). BoP measure of CBI flows as compiled by IMF staff/ECCB from cash-based fiscal data; not identical to the fiscal revenue line. Historical column; data from the authorities plus Fund staff estimates.,,2026-09-28,research:dominica
o-f82e239a97,DMA,dma-cbi,cbi_inflows,2024,calendar_year,117.6,,USD,million,projection,dma-imf-art4-2024,"PDF p. 32, Table 2 (Balance of Payments, US$ millions)",of which Citizenship By Investment 72.3 116.7 167.9 200.7 177.1 117.6 112.2 114.7 120.5 126.3 132.1,Calendar year; CBI shown in the balance of payments (capital account). BoP measure of CBI flows as compiled by IMF staff/ECCB from cash-based fiscal data; not identical to the fiscal revenue line. First projection year of this vintage.,,2026-09-28,research:dominica
o-2eb2fb9fcd,DMA,dma-cbi,cbi_inflows,2024,calendar_year,220.0,,USD,million,provisional,dma-imf-art4-2025,"PDF p. 34, Table 2 (Balance of Payments, US$ millions)",of which Citizenship By Investment 116.7 167.9 200.7 227.3 220.0 199.4 154.4 130.1 136.3 142.5 148.8,Calendar year; CBI shown in the balance of payments (capital account). BoP measure of CBI flows as compiled by IMF staff/ECCB from cash-based fiscal data; not identical to the fiscal revenue line. Column labelled 'Prel.' in the table.,,2026-09-28,research:dominica
o-8c8a40d210,DMA,dma-cbi,cbi_inflows,2024,calendar_year,235.7,,USD,million,estimate,dma-imf-art4-2026,"PDF p. 34, Table 2 (Balance of Payments, US$ millions)",of which Citizenship By Investment 167.9 200.7 227.3 235.7 229.7 187.9 149.2 136.9 143.2 149.5 155.8,Calendar year; CBI shown in the balance of payments (capital account). BoP measure of CBI flows as compiled by IMF staff/ECCB from cash-based fiscal data; not identical to the fiscal revenue line. Historical column; data from the authorities plus Fund staff estimates.,,2026-09-28,research:dominica
o-642c1776dc,DMA,dma-cbi,cbi_inflows,2025,calendar_year,199.4,,USD,million,projection,dma-imf-art4-2025,"PDF p. 34, Table 2 (Balance of Payments, US$ millions)",of which Citizenship By Investment 116.7 167.9 200.7 227.3 220.0 199.4 154.4 130.1 136.3 142.5 148.8,Calendar year; CBI shown in the balance of payments (capital account). BoP measure of CBI flows as compiled by IMF staff/ECCB from cash-based fiscal data; not identical to the fiscal revenue line. First projection year of this vintage.,,2026-09-28,research:dominica
o-6ffd2167ce,DMA,dma-cbi,cbi_inflows,2025,calendar_year,229.7,,USD,million,provisional,dma-imf-art4-2026,"PDF p. 34, Table 2 (Balance of Payments, US$ millions)",of which Citizenship By Investment 167.9 200.7 227.3 235.7 229.7 187.9 149.2 136.9 143.2 149.5 155.8,Calendar year; CBI shown in the balance of payments (capital account). BoP measure of CBI flows as compiled by IMF staff/ECCB from cash-based fiscal data; not identical to the fiscal revenue line. Column labelled 'Prel.' in the table.,,2026-09-28,research:dominica
o-de558d9fa2,DMA,dma-cbi,cbi_inflows,2026,calendar_year,187.9,,USD,million,projection,dma-imf-art4-2026,"PDF p. 34, Table 2 (Balance of Payments, US$ millions)",of which Citizenship By Investment 167.9 200.7 227.3 235.7 229.7 187.9 149.2 136.9 143.2 149.5 155.8,Calendar year; CBI shown in the balance of payments (capital account). BoP measure of CBI flows as compiled by IMF staff/ECCB from cash-based fiscal data; not identical to the fiscal revenue line. First projection year of this vintage.,,2026-09-28,research:dominica
o-3ef684d1e6,DMA,dma-cbi,cbi_inflows,FY2016/17,fiscal_year,507.0,,XCD,million,provisional,dma-budget-address-2017-18,PDF p. 8,A total of $507.0 million was collected under the CBI of which $334.0 million was used for budget financing.,"Total CBI collections. IMF: EC$136.0m (2017 report, projection), EC$331.8m (2018), EC$491.2m (2021) for FY2016/17 CBI revenue.",,2026-09-28,research:dominica
o-5c06d39b99,DMA,dma-cbi,cbi_inflows_pct_gdp,2015,calendar_year,3.4,,percent_of_gdp,1,estimate,dma-imf-art4-2017,"PDF p. 12, para on external sector","CBI revenues, which increased from 3.4 percent of GDP in 2015 to estimated 7.4 percent in 2016",Stated in the external-sector discussion; basis (fiscal vs. BoP) not specified. Differs from the fiscal-year table figures (5.2% for FY2015/16).,,2026-09-28,research:dominica
o-fa1adeef33,DMA,dma-cbi,cbi_inflows_pct_gdp,2016,calendar_year,7.4,,percent_of_gdp,1,estimate,dma-imf-art4-2017,"PDF p. 12, para on external sector","CBI revenues, which increased from 3.4 percent of GDP in 2015 to estimated 7.4 percent in 2016",Pre-Maria staff estimate; later reports put FY2016/17 CBI revenue at 21.6% (2018) and 32.6% (2021) of GDP.,,2026-09-28,research:dominica
o-97021c594c,DMA,dma-cbi,cbi_inflows_pct_gdp,2019,calendar_year,11.8,,percent_of_gdp,1,estimate,dma-imf-art4-2024,"PDF p. 32, Table 2 (Balance of Payments, percent of GDP)",of which Citizenship By Investment 11.8 23.2 30.2 33.0 26.9 16.6 14.9 14.4 14.5 14.4 14.5,Calendar year; CBI shown in the balance of payments (capital account). BoP measure of CBI flows as compiled by IMF staff/ECCB from cash-based fiscal data; not identical to the fiscal revenue line. Historical column; data from the authorities plus Fund staff estimates.,,2026-09-28,research:dominica
o-c929d1c25d,DMA,dma-cbi,cbi_inflows_pct_gdp,2020,calendar_year,23.2,,percent_of_gdp,1,estimate,dma-imf-art4-2025,"PDF p. 34, Table 2 (Balance of Payments, percent of GDP)",of which Citizenship By Investment 23.2 30.2 33.1 34.8 31.5 26.7 19.5 15.7 15.7 15.7 15.7,Calendar year; CBI shown in the balance of payments (capital account). BoP measure of CBI flows as compiled by IMF staff/ECCB from cash-based fiscal data; not identical to the fiscal revenue line. Historical column; data from the authorities plus Fund staff estimates.,,2026-09-28,research:dominica
o-0e1bd3b8ab,DMA,dma-cbi,cbi_inflows_pct_gdp,2021,calendar_year,30.2,,percent_of_gdp,1,estimate,dma-imf-art4-2026,"PDF p. 34, Table 2 (Balance of Payments, percent of GDP)",of which Citizenship By Investment 30.2 33.1 34.5 34.2 30.9 23.8 17.9 15.7 15.7 15.7 15.7,Calendar year; CBI shown in the balance of payments (capital account). BoP measure of CBI flows as compiled by IMF staff/ECCB from cash-based fiscal data; not identical to the fiscal revenue line. Historical column; data from the authorities plus Fund staff estimates.,,2026-09-28,research:dominica
o-1008705ae2,DMA,dma-cbi,cbi_inflows_pct_gdp,2022,calendar_year,33.0,,percent_of_gdp,1,estimate,dma-imf-art4-2024,"PDF p. 32, Table 2 (Balance of Payments, percent of GDP)",of which Citizenship By Investment 11.8 23.2 30.2 33.0 26.9 16.6 14.9 14.4 14.5 14.4 14.5,Calendar year; CBI shown in the balance of payments (capital account). BoP measure of CBI flows as compiled by IMF staff/ECCB from cash-based fiscal data; not identical to the fiscal revenue line. Historical column; data from the authorities plus Fund staff estimates.,,2026-09-28,research:dominica
o-44ab717b9c,DMA,dma-cbi,cbi_inflows_pct_gdp,2022,calendar_year,33.1,,percent_of_gdp,1,estimate,dma-imf-art4-2026,"PDF p. 34, Table 2 (Balance of Payments, percent of GDP)",of which Citizenship By Investment 30.2 33.1 34.5 34.2 30.9 23.8 17.9 15.7 15.7 15.7 15.7,Calendar year; CBI shown in the balance of payments (capital account). BoP measure of CBI flows as compiled by IMF staff/ECCB from cash-based fiscal data; not identical to the fiscal revenue line. Historical column; data from the authorities plus Fund staff estimates.,,2026-09-28,research:dominica
o-96b3051ad2,DMA,dma-cbi,cbi_inflows_pct_gdp,2023,calendar_year,26.9,,percent_of_gdp,1,estimate,dma-imf-art4-2024,"PDF p. 32, Table 2 (Balance of Payments, percent of GDP)",of which Citizenship By Investment 11.8 23.2 30.2 33.0 26.9 16.6 14.9 14.4 14.5 14.4 14.5,Calendar year; CBI shown in the balance of payments (capital account). BoP measure of CBI flows as compiled by IMF staff/ECCB from cash-based fiscal data; not identical to the fiscal revenue line. Historical column; data from the authorities plus Fund staff estimates.,,2026-09-28,research:dominica
o-25237c0d92,DMA,dma-cbi,cbi_inflows_pct_gdp,2023,calendar_year,34.8,,percent_of_gdp,1,estimate,dma-imf-art4-2025,"PDF p. 34, Table 2 (Balance of Payments, percent of GDP)",of which Citizenship By Investment 23.2 30.2 33.1 34.8 31.5 26.7 19.5 15.7 15.7 15.7 15.7,Calendar year; CBI shown in the balance of payments (capital account). BoP measure of CBI flows as compiled by IMF staff/ECCB from cash-based fiscal data; not identical to the fiscal revenue line. Historical column; data from the authorities plus Fund staff estimates.,,2026-09-28,research:dominica
o-4694ee62e6,DMA,dma-cbi,cbi_inflows_pct_gdp,2023,calendar_year,34.5,,percent_of_gdp,1,estimate,dma-imf-art4-2026,"PDF p. 34, Table 2 (Balance of Payments, percent of GDP)",of which Citizenship By Investment 30.2 33.1 34.5 34.2 30.9 23.8 17.9 15.7 15.7 15.7 15.7,Calendar year; CBI shown in the balance of payments (capital account). BoP measure of CBI flows as compiled by IMF staff/ECCB from cash-based fiscal data; not identical to the fiscal revenue line. Historical column; data from the authorities plus Fund staff estimates.,,2026-09-28,research:dominica
o-55588efcbe,DMA,dma-cbi,cbi_inflows_pct_gdp,2024,calendar_year,16.6,,percent_of_gdp,1,projection,dma-imf-art4-2024,"PDF p. 32, Table 2 (Balance of Payments, percent of GDP)",of which Citizenship By Investment 11.8 23.2 30.2 33.0 26.9 16.6 14.9 14.4 14.5 14.4 14.5,Calendar year; CBI shown in the balance of payments (capital account). BoP measure of CBI flows as compiled by IMF staff/ECCB from cash-based fiscal data; not identical to the fiscal revenue line. First projection year of this vintage.,,2026-09-28,research:dominica
o-bf5ccf7639,DMA,dma-cbi,cbi_inflows_pct_gdp,2024,calendar_year,31.5,,percent_of_gdp,1,provisional,dma-imf-art4-2025,"PDF p. 34, Table 2 (Balance of Payments, percent of GDP)",of which Citizenship By Investment 23.2 30.2 33.1 34.8 31.5 26.7 19.5 15.7 15.7 15.7 15.7,Calendar year; CBI shown in the balance of payments (capital account). BoP measure of CBI flows as compiled by IMF staff/ECCB from cash-based fiscal data; not identical to the fiscal revenue line. Column labelled 'Prel.' in the table.,,2026-09-28,research:dominica
o-d2d1ecc2b3,DMA,dma-cbi,cbi_inflows_pct_gdp,2024,calendar_year,34.2,,percent_of_gdp,1,estimate,dma-imf-art4-2026,"PDF p. 34, Table 2 (Balance of Payments, percent of GDP)",of which Citizenship By Investment 30.2 33.1 34.5 34.2 30.9 23.8 17.9 15.7 15.7 15.7 15.7,Calendar year; CBI shown in the balance of payments (capital account). BoP measure of CBI flows as compiled by IMF staff/ECCB from cash-based fiscal data; not identical to the fiscal revenue line. Historical column; data from the authorities plus Fund staff estimates.,,2026-09-28,research:dominica
o-9419e0c65b,DMA,dma-cbi,cbi_inflows_pct_gdp,2025,calendar_year,26.7,,percent_of_gdp,1,projection,dma-imf-art4-2025,"PDF p. 34, Table 2 (Balance of Payments, percent of GDP)",of which Citizenship By Investment 23.2 30.2 33.1 34.8 31.5 26.7 19.5 15.7 15.7 15.7 15.7,Calendar year; CBI shown in the balance of payments (capital account). BoP measure of CBI flows as compiled by IMF staff/ECCB from cash-based fiscal data; not identical to the fiscal revenue line. First projection year of this vintage.,,2026-09-28,research:dominica
o-0ec73752ed,DMA,dma-cbi,cbi_inflows_pct_gdp,2025,calendar_year,30.9,,percent_of_gdp,1,provisional,dma-imf-art4-2026,"PDF p. 34, Table 2 (Balance of Payments, percent of GDP)",of which Citizenship By Investment 30.2 33.1 34.5 34.2 30.9 23.8 17.9 15.7 15.7 15.7 15.7,Calendar year; CBI shown in the balance of payments (capital account). BoP measure of CBI flows as compiled by IMF staff/ECCB from cash-based fiscal data; not identical to the fiscal revenue line. Column labelled 'Prel.' in the table.,,2026-09-28,research:dominica
o-f9563a9e54,DMA,dma-cbi,cbi_inflows_pct_gdp,2026,calendar_year,23.8,,percent_of_gdp,1,projection,dma-imf-art4-2026,"PDF p. 34, Table 2 (Balance of Payments, percent of GDP)",of which Citizenship By Investment 30.2 33.1 34.5 34.2 30.9 23.8 17.9 15.7 15.7 15.7 15.7,Calendar year; CBI shown in the balance of payments (capital account). BoP measure of CBI flows as compiled by IMF staff/ECCB from cash-based fiscal data; not identical to the fiscal revenue line. First projection year of this vintage.,,2026-09-28,research:dominica
o-724d782cb2,DMA,dma-cbi,cbi_rejection_rate,2024,calendar_year,6.5,,percent,1,reported,intl-ec-com-2025-792,"p. 7 (printed), PDF p. 8","in 2024 rejection rates were 1.7% in Antigua and Barbuda, 5.3% in Saint Lucia, and 6.5% in Dominica",The report cites only the three lowest rates; SWD(2025) 429 also gives Grenada 22.1% and St Kitts and Nevis 43.9%.,,2026-09-28,research:context-timeline
o-2159ca3e0b,DMA,dma-cbi,cbi_rejection_rate,2024,calendar_year,6.5,,percent,1,reported,intl-ec-swd-2025-429,"PDF p. 38, table (Eastern Caribbean), row ""Rejection rate (2024)""",Rejection rate (2024): 6.5%,"Data submitted to the Commission by national authorities, ""in some cases, partial"".",,2026-09-28,research:context-timeline
o-0f2431c1dd,DMA,dma-cbi,passports_issued,2018-2021,cumulative,29590,,passports,1,reported,intl-ec-swd-2025-429,"PDF p. 38, table (Eastern Caribbean), row ""Total passports issued""",Total passports issued: 29 590 (2018-2021),"Data submitted to the Commission by national authorities, ""in some cases, partial"". Covers 2018-2021 only; 2022 missing from the table.",,2026-09-28,research:context-timeline
o-f1d14cd4e2,DMA,dma-cbi,passports_issued,2023,calendar_year,9539,,passports,1,reported,intl-ec-swd-2025-429,"PDF p. 38, table (Eastern Caribbean), row ""Total passports issued""",Total passports issued: 9 539 (2023),"Data submitted to the Commission by national authorities, ""in some cases, partial"".",,2026-09-28,research:context-timeline
o-b0e095ac97,DMA,dma-cbi,passports_issued,2024,calendar_year,9586,,passports,1,reported,intl-ec-swd-2025-429,"PDF p. 38, table (Eastern Caribbean), row ""Total passports issued""",Total passports issued: 9 586 (2024),"Data submitted to the Commission by national authorities, ""in some cases, partial"".",,2026-09-28,research:context-timeline
o-cd60bc3c71,DMA,dma-cbi,passports_issued,to 2023-10,cumulative,34500,,passports,1,reported,intl-ec-com-2023-730,p. 37 (printed),"with a total of at least 88 000 passports issued to date. For certain countries, this number is above 30 000 (34 500 passports issued by Dominica; 36 742 by Saint Kitts and Nevis).",Start year not stated. SWD(2025) 429 gives 29 590 for 2018-2021 only.,,2026-09-28,research:context-timeline
o-4ded73c9b1,DMA,dma-cbi,persons_naturalised,2007-2022,cumulative,7700,,persons,1,reported,dma-occrp-2023,Article text,"The national gazettes, which span the years 2007 to 2022, include the names of roughly 7,700 new citizens.","OCCRP count of names published in the official gazette; ""roughly"". Not limited to CBI naturalisations as far as stated.",,2026-09-28,research:dominica
o-a17e3a6da8,DMA,dma-cbi,persons_naturalised,2018-06/2019-07,as_of_date,2000,,persons,1,claim,dma-occrp-2023,Article text,"In parliament, Prime Minister Skerrit said that between June 2018 and July 2019, Dominica sold just under 2,000 citizenships and had received about $170 million.","Prime Minister’s statement as reported by OCCRP: ""just under 2,000"". Unclear whether persons or applications. OCCRP says gazettes show almost 4,000 people for part of the period.",,2026-09-28,research:dominica
o-c1e7ae1dc0,DMA,dma-cbi,persons_naturalised,FY2016/17-FY2017/18,cumulative,1664,,persons,1,reported,dma-occrp-2023,Article text,"In gazettes that correspond with these two budget years, however, the names of only 1,664 people were included",OCCRP count from gazettes for the fiscal years ending 2017 and 2018; OCCRP says naturalisation fees in the same years raised almost $3 million.,,2026-09-28,research:dominica
o-93bd3b670c,DMA,dma-cbi,persons_naturalised,FY2016/17-FY2021/22,cumulative,19000,,persons,1,claim,dma-occrp-2023,Article text,"a line item for naturalization in Dominica’s national budgets that covers the period from mid-2016 to mid-2022 suggests that the government collected enough naturalization fees to account for more than 19,000 new citizens","OCCRP inference from naturalisation-fee revenue (""more than 19,000""); not an official count. Suggests over 10,000 undisclosed names.",,2026-09-28,research:dominica
o-26fabdb19b,GRC,grc-golden-visa,applications_pending,2023-12-31,as_of_date,8797,,applications,1,actual,grc-mma-legal-migration-2023-12-annexb,"p. 14, Πίνακας 16",ΜΟΝΙΜΟΥ ΕΠΕΝΔΥΤΗ 3 26 115 170 826 7.657 8.797,"Main-investor applications pending (initial + renewal), all filing years.",,2026-09-28,research:greece
o-0cd2c5d163,GRC,grc-golden-visa,applications_pending,2024-12-31,as_of_date,12087,,applications,1,reported,grc-gtp-2025-02-13,later paragraph,"with 12,087 pending applications as of 2024","Attributed to Astons; matches the Ministry Dec 2024 figure for pending INITIAL main-investor applications (Πίνακας 13a/16), not all pending files (15,420 main incl. renewals; 49,301 incl. family).",,2026-09-28,research:greece
o-62cf1f0db2,GRC,grc-golden-visa,applications_pending,2024-12-31,as_of_date,15420,,applications,1,actual,grc-mma-legal-migration-2024-12-annexb,"p. 15, Πίνακας 16",ΔΙΑΜΟΝΗΣ ΜΟΝΙΜΟΥ 3 9 23 64 244 4.383 10.694 15.420,"Main-investor applications pending (initial 12,087 + renewal 3,333).",,2026-09-28,research:greece
o-2d94f9205a,GRC,grc-golden-visa,applications_pending,2025-12-31,as_of_date,11553,,applications,1,actual,grc-mma-legal-migration-2025-12-annexb,"p. 15, Πίνακας 16",ΑΔΕΙΑ ΔΙΑΜΟΝΗΣ ΜΟΝΙΜΟΥ 47 123 595 5.214 5.574 11.553 ΕΠΕΝΔΥΤΗ (Ν4251/14),"Main-investor applications pending (initial 9,958 + renewal 1,595).",,2026-09-28,research:greece
o-d41ad2e28b,GRC,grc-golden-visa,applications_pending,2026-08-31,as_of_date,7686,,applications,1,actual,grc-mma-legal-migration-2026-08-annexb,"p. 15, Πίνακας 16",ΑΔΕΙΑ ΔΙΑΜΟΝΗΣ ΜΟΝΙΜΟΥ 83 176 1.957 2.134 3.336 7.686 ΕΠΕΝΔΥΤΗ (Ν4251/14),"Main-investor applications pending (initial 6,145 + renewal 1,541).",,2026-09-28,research:greece
o-3fa2228d4f,GRC,grc-golden-visa,applications_pending_incl_family,2024-12-31,as_of_date,49301,,applications,1,actual,grc-mma-legal-migration-2024-12-annexb,"p. 15, Πίνακας 16",ΕΚΚΡΕΜΟΤΗΤΩΝ 16 35 54 236 674 14.203 34.083 49.301,"All pending Golden Visa files: main investors plus family members (""ΓΕΝΙΚΟ ΣΥΝΟΛΟ ΕΚΚΡΕΜΟΤΗΤΩΝ""). Family row is labelled ""ΜΕΛΗ ΟΙΚΟΓΕΝΕΙΑΣ ΠΟΛΙΤΗ ΤΡΙΤΗΣ ΧΩΡΑΣ (Ν4251/14)"" in the investor table.",,2026-09-28,research:greece
o-c82a70a8fb,GRC,grc-golden-visa,applications_pending_incl_family,2025-12-31,as_of_date,40372,,applications,1,actual,grc-mma-legal-migration-2025-12-annexb,"p. 15, Πίνακας 16",ΕΚΚΡΕΜΟΤΗΤΩΝ 179 371 2.697 17.107 20.018 40.372,"All pending Golden Visa files, main investors plus family members.",,2026-09-28,research:greece
o-7a4bcbe41f,GRC,grc-golden-visa,applications_pending_incl_family,2026-05-31,as_of_date,33051,,applications,1,reported,grc-movingto-2026-07-10,section Pending,"Pending investor and family applications fell from 35,669 in March to 33,051 in May 2026",Attributed to Ministry May 2026 edition; main investors plus family members.,,2026-09-28,research:greece
o-713b341cf9,GRC,grc-golden-visa,applications_pending_incl_family,2026-08-31,as_of_date,28681,,applications,1,actual,grc-mma-legal-migration-2026-08-annexb,"p. 15, Πίνακας 16",ΕΚΚΡΕΜΟΤΗΤΩΝ 280 1.327 6.871 8.216 11.987 28.681,"All pending Golden Visa files, main investors plus family members.",,2026-09-28,research:greece
o-f3f2b655ff,GRC,grc-golden-visa,applications_received,2018,calendar_year,1969,,applications,1,actual,grc-mma-legal-migration-2024-12-annexb,"p. 12, Πίνακας 13α",2018 1.933 18 15 3 1.969,"Initial (first-grant) applications by main investors, by year the application was filed (""ΕΤΟΣ ΚΑΤΑΘΕΣΗΣ ΑΙΤΗΜΑΤΟΣ""), row total of issued + rejected + withdrawn + pending. Excludes renewals and family members. Figures for the same year are revised between editions. Edition of Dec 2024.",,2026-09-28,research:greece
o-4226ac7e79,GRC,grc-golden-visa,applications_received,2018-2023,cumulative,22298,,applications,1,actual,grc-mma-legal-migration-2023-12-annexb,"p. 11, Πίνακας 13α",ΣΥΝΟΛΟ ΑΡΧΙΚΩΝ ΧΟΡΗΓΗΣΕΩΝ 14.499 125 78 7.596 22.298,"Total initial applications filed 2018-2023 (of which 14,499 issued, 125 rejected, 78 withdrawn, 7,596 pending). This total of applications has been cited by some websites as ""permits issued""; it is not.",,2026-09-28,research:greece
o-8bacd737d2,GRC,grc-golden-visa,applications_received,2019,calendar_year,4055,,applications,1,actual,grc-mma-legal-migration-2024-12-annexb,"p. 12, Πίνακας 13α",2019 3.969 55 26 5 4.055,"Initial (first-grant) applications by main investors, by year the application was filed (""ΕΤΟΣ ΚΑΤΑΘΕΣΗΣ ΑΙΤΗΜΑΤΟΣ""), row total of issued + rejected + withdrawn + pending. Excludes renewals and family members. Figures for the same year are revised between editions. Edition of Dec 2024.",,2026-09-28,research:greece
o-27c8830a51,GRC,grc-golden-visa,applications_received,2020,calendar_year,1485,,applications,1,actual,grc-mma-legal-migration-2024-12-annexb,"p. 12, Πίνακας 13α",2020 1.426 21 18 20 1.485,"Initial (first-grant) applications by main investors, by year the application was filed (""ΕΤΟΣ ΚΑΤΑΘΕΣΗΣ ΑΙΤΗΜΑΤΟΣ""), row total of issued + rejected + withdrawn + pending. Excludes renewals and family members. Figures for the same year are revised between editions. Edition of Dec 2024.",,2026-09-28,research:greece
o-4d25507007,GRC,grc-golden-visa,applications_received,2021,calendar_year,1993,,applications,1,actual,grc-mma-legal-migration-2024-12-annexb,"p. 12, Πίνακας 13α",2021 1.900 9 22 62 1.993,"Initial (first-grant) applications by main investors, by year the application was filed (""ΕΤΟΣ ΚΑΤΑΘΕΣΗΣ ΑΙΤΗΜΑΤΟΣ""), row total of issued + rejected + withdrawn + pending. Excludes renewals and family members. Figures for the same year are revised between editions. Edition of Dec 2024.",,2026-09-28,research:greece
o-e497ea64f3,GRC,grc-golden-visa,applications_received,2022,calendar_year,4264,,applications,1,provisional,grc-mma-legal-migration-2022-12-annexb,"p. 12, Πίνακας 13α",2022 1.593 4 9 2.658 4.264,"Initial (first-grant) applications by main investors, by year the application was filed (""ΕΤΟΣ ΚΑΤΑΘΕΣΗΣ ΑΙΤΗΜΑΤΟΣ""), row total of issued + rejected + withdrawn + pending. Excludes renewals and family members. Figures for the same year are revised between editions. Edition of Dec 2022; later editions show 4,353 (Dec 2024), 4,350 (Dec 2025) and 4,344 (Aug 2026).",,2026-09-28,research:greece
o-c28983bb05,GRC,grc-golden-visa,applications_received,2022,calendar_year,4353,,applications,1,actual,grc-mma-legal-migration-2024-12-annexb,"p. 12, Πίνακας 13α",2022 4.149 28 9 167 4.353,"Initial (first-grant) applications by main investors, by year the application was filed (""ΕΤΟΣ ΚΑΤΑΘΕΣΗΣ ΑΙΤΗΜΑΤΟΣ""), row total of issued + rejected + withdrawn + pending. Excludes renewals and family members. Figures for the same year are revised between editions. Edition of Dec 2024.",,2026-09-28,research:greece
o-dc8a73c3a0,GRC,grc-golden-visa,applications_received,2023,calendar_year,8351,,applications,1,provisional,grc-mma-legal-migration-2023-12-annexb,"p. 11, Πίνακας 13α",2023 1.665 17 6.669 8.351,"Initial (first-grant) applications by main investors, by year the application was filed (""ΕΤΟΣ ΚΑΤΑΘΕΣΗΣ ΑΙΤΗΜΑΤΟΣ""), row total of issued + rejected + withdrawn + pending. Excludes renewals and family members. Figures for the same year are revised between editions. Edition of Dec 2023; later editions show 8,477 (Dec 2024), 8,461 (Dec 2025), 8,457 (Aug 2026).",,2026-09-28,research:greece
o-beaa597f4e,GRC,grc-golden-visa,applications_received,2023,calendar_year,8477,,applications,1,provisional,grc-mma-legal-migration-2024-12-annexb,"p. 12, Πίνακας 13α",2023 4.244 42 2 4.189 8.477,"Initial (first-grant) applications by main investors, by year the application was filed (""ΕΤΟΣ ΚΑΤΑΘΕΣΗΣ ΑΙΤΗΜΑΤΟΣ""), row total of issued + rejected + withdrawn + pending. Excludes renewals and family members. Figures for the same year are revised between editions. Edition of Dec 2024.",,2026-09-28,research:greece
o-53bd7f0255,GRC,grc-golden-visa,applications_received,2024,calendar_year,9289,,applications,1,reported,grc-gtp-2025-02-13,para 1,"a record-breaking 9,289 applications were submitted for residence permits under Greece's Golden Visa program","Attributed to the Ministry; matches the Dec 2024 Annex B figure for initial main-investor applications (later revised to 9,391 and 9,372).",,2026-09-28,research:greece
o-02d04f48d6,GRC,grc-golden-visa,applications_received,2024,calendar_year,9289,,applications,1,provisional,grc-mma-legal-migration-2024-12-annexb,"p. 12, Πίνακας 13α",2024 1.617 30 1 7.641 9.289,"Initial (first-grant) applications by main investors, by year the application was filed (""ΕΤΟΣ ΚΑΤΑΘΕΣΗΣ ΑΙΤΗΜΑΤΟΣ""), row total of issued + rejected + withdrawn + pending. Excludes renewals and family members. Figures for the same year are revised between editions. Edition of Dec 2024.",,2026-09-28,research:greece
o-41e75a3d04,GRC,grc-golden-visa,applications_received,2024,calendar_year,9391,,applications,1,provisional,grc-mma-legal-migration-2025-12-annexb,"p. 12, Πίνακας 13α",2024 4.894 59 1 4.437 9.391,"Initial (first-grant) applications by main investors, by year the application was filed (""ΕΤΟΣ ΚΑΤΑΘΕΣΗΣ ΑΙΤΗΜΑΤΟΣ""), row total of issued + rejected + withdrawn + pending. Excludes renewals and family members. Figures for the same year are revised between editions. Edition of Dec 2025.",,2026-09-28,research:greece
o-08e0c3b4c2,GRC,grc-golden-visa,applications_received,2024,calendar_year,9372,,applications,1,actual,grc-mma-legal-migration-2026-08-annexb,"p. 12, Πίνακας 13α",2024 7.563 81 2 1.726 9.372,"Initial (first-grant) applications by main investors, by year the application was filed (""ΕΤΟΣ ΚΑΤΑΘΕΣΗΣ ΑΙΤΗΜΑΤΟΣ""), row total of issued + rejected + withdrawn + pending. Excludes renewals and family members. Figures for the same year are revised between editions. Edition of Aug 2026.",,2026-09-28,research:greece
o-a2bad68968,GRC,grc-golden-visa,applications_received,2025,calendar_year,6978,,applications,1,provisional,grc-mma-legal-migration-2025-12-annexb,"p. 12, Πίνακας 13α",2025 2.122 10 4.846 6.978,"Initial (first-grant) applications by main investors, by year the application was filed (""ΕΤΟΣ ΚΑΤΑΘΕΣΗΣ ΑΙΤΗΜΑΤΟΣ""), row total of issued + rejected + withdrawn + pending. Excludes renewals and family members. Figures for the same year are revised between editions. Edition of Dec 2025.",,2026-09-28,research:greece
o-c5e24e9cc0,GRC,grc-golden-visa,applications_received,2025,calendar_year,7021,,applications,1,provisional,grc-mma-legal-migration-2026-08-annexb,"p. 12, Πίνακας 13α",2025 5.159 32 1.830 7.021,"Initial (first-grant) applications by main investors, by year the application was filed (""ΕΤΟΣ ΚΑΤΑΘΕΣΗΣ ΑΙΤΗΜΑΤΟΣ""), row total of issued + rejected + withdrawn + pending. Excludes renewals and family members. Figures for the same year are revised between editions. Edition of Aug 2026.",,2026-09-28,research:greece
o-d01a691fb3,GRC,grc-golden-visa,applications_received,2025,calendar_year,7025,,applications,1,reported,grc-movingto-2026-07-10,section New applications,"9,382 initial permanent-investor applications filed in 2024 and 7,025 in 2025","Attributed to Ministry May 2026 edition, Annex B Table 13a; yet another vintage (Dec 2025: 6,978; Aug 2026: 7,021).",,2026-09-28,research:greece
o-a968e5be31,GRC,grc-golden-visa,applications_received,2026-01/2026-08,year_to_date,3426,,applications,1,provisional,grc-mma-legal-migration-2026-08-annexb,"p. 12, Πίνακας 13α",2026 1.048 5 2.373 3.426,"Initial (first-grant) applications by main investors, by year the application was filed (""ΕΤΟΣ ΚΑΤΑΘΕΣΗΣ ΑΙΤΗΜΑΤΟΣ""), row total of issued + rejected + withdrawn + pending. Excludes renewals and family members. Figures for the same year are revised between editions. Edition of Aug 2026; covers January-August 2026 only (year to date).",,2026-09-28,research:greece
o-b0240b358f,GRC,grc-golden-visa,applications_rejected,2021-2025,cumulative,202,,applications,1,actual,grc-mma-legal-migration-2025-12-annexb,"p. 12, Πίνακας 13α",ΣΥΝΟΛΟ ΑΡΧΙΚΩΝ ΧΟΡΗΓΗΣΕΩΝ 20.970 202 40 9.958 31.170,"Initial main-investor applications filed 2021-2025: 202 rejected, 40 withdrawn, out of 31,170 filed (Dec 2025 edition). Rejection rate under 1% of filed applications.",,2026-09-28,research:greece
o-44abd58406,GRC,grc-golden-visa,cbi_inflows,2024,calendar_year,2.32,,EUR,billion,claim,grc-gtp-2025-02-13,para 1,representing real estate investments totaling at least 2.32 billion euros,"Not an official measured value: no ministry table reports investment amounts. The figure equals 9,289 applications x EUR 250,000 (the old minimum), i.e. a theoretical floor, which is also wrong for applications under the EUR 500,000 zones. Treat as a claim.",,2026-09-28,research:greece
o-5bbfb6aaaa,GRC,grc-golden-visa,dependants_approved,2014-2020-07,cumulative,23758,,permits,1,reported,grc-ti-greece-2021,p. 3,και πάνω από 23.758 για τα μέλη των οικογενειών τους,"Translation: ""and over 23,758 for their family members"". Same caveats as the 8,011 figure. Ratio ~3 family permits per investor is far above the ~2 in 2022+ Ministry stocks; unexplained.",,2026-09-28,research:greece
o-90c62cbd0a,GRC,grc-golden-visa,dependants_approved,2021,calendar_year,3383,,permits,1,reported,grc-imidaily-2022-01-16,para 3,"the number of approved dependents rose markedly, from 1,971 in 2020 to 3,383 in 2021","Family members (dependants) approved in 2021, derived from cumulative counts.",,2026-09-28,research:greece
o-759bb54493,GRC,grc-golden-visa,family_permits_valid_initial,2022-12-31,as_of_date,17834,,permits,1,actual,grc-mma-legal-migration-2022-12-annexb,"p. 11, Πίνακας 12β","ΣΥΝΟΛΟ 2.481 100,0% ΣΥΝΟΛΟ 17.834 100,0%","Family members of investors (""ΜΕΛΗ ΟΙΚΟΓΕΝΕΙΑΣ ΕΠΕΝΔΥΤΩΝ""), valid initial permits.",,2026-09-28,research:greece
o-13d2379636,GRC,grc-golden-visa,family_permits_valid_initial,2023-12-31,as_of_date,21520,,permits,1,actual,grc-mma-legal-migration-2023-12-annexb,"p. 10, Πίνακας 12β",ΣΥΝΟΛΟ 4.461 100% ΣΥΝΟΛΟ 21.520 100%,"Family members of investors (""ΜΕΛΗ ΟΙΚΟΓΕΝΕΙΑΣ ΕΠΕΝΔΥΤΩΝ""), valid initial permits.",,2026-09-28,research:greece
o-28a574c403,GRC,grc-golden-visa,family_permits_valid_initial,2024-12-31,as_of_date,23924,,permits,1,actual,grc-mma-legal-migration-2024-12-annexb,"p. 11, Πίνακας 12β",ΣΥΝΟΛΟ 6.670 100% ΣΥΝΟΛΟ 23.924 100%,"Family members of investors (""ΜΕΛΗ ΟΙΚΟΓΕΝΕΙΑΣ ΕΠΕΝΔΥΤΩΝ""), valid initial permits.",,2026-09-28,research:greece
o-50f68ce908,GRC,grc-golden-visa,family_permits_valid_initial,2025-12-31,as_of_date,40902,,permits,1,actual,grc-mma-legal-migration-2025-12-annexb,"p. 11, Πίνακας 12β",ΣΥΝΟΛΟ 10.368 100% ΣΥΝΟΛΟ 40.902 100%,"Family members of investors (""ΜΕΛΗ ΟΙΚΟΓΕΝΕΙΑΣ ΕΠΕΝΔΥΤΩΝ""), valid initial permits.",,2026-09-28,research:greece
o-590431ba65,GRC,grc-golden-visa,family_permits_valid_initial,2026-08-31,as_of_date,54001,,permits,1,actual,grc-mma-legal-migration-2026-08-annexb,"p. 11, Πίνακας 12β",ΣΥΝΟΛΟ 12.024 100% ΣΥΝΟΛΟ 54.001 100%,"Family members of investors (""ΜΕΛΗ ΟΙΚΟΓΕΝΕΙΑΣ ΕΠΕΝΔΥΤΩΝ""), valid initial permits.",,2026-09-28,research:greece
o-ebf6c1a77b,GRC,grc-golden-visa,family_permits_valid_renewal,2022-12-31,as_of_date,2481,,permits,1,actual,grc-mma-legal-migration-2022-12-annexb,"p. 11, Πίνακας 12β","ΣΥΝΟΛΟ 2.481 100,0% ΣΥΝΟΛΟ 17.834 100,0%","Family members of investors, valid renewed/reissued permits.",,2026-09-28,research:greece
o-3534f6dc51,GRC,grc-golden-visa,family_permits_valid_renewal,2023-12-31,as_of_date,4461,,permits,1,actual,grc-mma-legal-migration-2023-12-annexb,"p. 10, Πίνακας 12β",ΣΥΝΟΛΟ 4.461 100% ΣΥΝΟΛΟ 21.520 100%,"Family members of investors, valid renewed/reissued permits.",,2026-09-28,research:greece
o-99a29095d6,GRC,grc-golden-visa,family_permits_valid_renewal,2024-12-31,as_of_date,6670,,permits,1,actual,grc-mma-legal-migration-2024-12-annexb,"p. 11, Πίνακας 12β",ΣΥΝΟΛΟ 6.670 100% ΣΥΝΟΛΟ 23.924 100%,"Family members of investors, valid renewed/reissued permits.",,2026-09-28,research:greece
o-b8992deb64,GRC,grc-golden-visa,family_permits_valid_renewal,2025-12-31,as_of_date,10368,,permits,1,actual,grc-mma-legal-migration-2025-12-annexb,"p. 11, Πίνακας 12β",ΣΥΝΟΛΟ 10.368 100% ΣΥΝΟΛΟ 40.902 100%,"Family members of investors, valid renewed/reissued permits.",,2026-09-28,research:greece
o-f14affba4f,GRC,grc-golden-visa,family_permits_valid_renewal,2026-08-31,as_of_date,12024,,permits,1,actual,grc-mma-legal-migration-2026-08-annexb,"p. 11, Πίνακας 12β",ΣΥΝΟΛΟ 12.024 100% ΣΥΝΟΛΟ 54.001 100%,"Family members of investors, valid renewed/reissued permits.",,2026-09-28,research:greece
o-75e1fbc2cf,GRC,grc-golden-visa,investor_permits_valid,2016-12-31,as_of_date,1506,,permits,1,actual,grc-mma-permits-2016-12,"sheet ""Κατηγορία-Φύλο"", row ""ΜΟΝΙΜΗ ΑΔΕΙΑ ΔΙΑΜΟΝΗΣ ΕΠΕΝΔΥΤΗ (Ν4251/14)"", column Σύνολο",ΜΟΝΙΜΗ ΑΔΕΙΑ ΔΙΑΜΟΝΗΣ ΕΠΕΝΔΥΤΗ (Ν4251/14) 909 597 1506,"Valid investor permanent residence permits (men, women, total). Family members of investors not identifiable in this dataset (probably counted under generic family types), so this approximates main investors only. Separate small category ""ΕΠΕΝΔΥΤΗΣ/ΕΠΕΝΔΥΤΕΣ"" (business investors, 8-12 permits) excluded.",,2026-09-28,research:greece
o-be7ec7f7b1,GRC,grc-golden-visa,investor_permits_valid,2017-12-31,as_of_date,2269,,permits,1,actual,grc-mma-permits-2017-12,"sheet ""Τύπος - Φύλο"", row ""ΕΠΕΝΔΥΤΗΣ-ΜΟΝΙΜΗ ΔΙΑΜΟΝΗ"", column Σύνολο",ΕΠΕΝΔΥΤΗΣ-ΜΟΝΙΜΗ ΔΙΑΜΟΝΗ 1357 912 2269,"Valid investor permanent residence permits (men, women, total). Family members of investors not identifiable in this dataset (probably counted under generic family types), so this approximates main investors only. Separate small category ""ΕΠΕΝΔΥΤΗΣ/ΕΠΕΝΔΥΤΕΣ"" (business investors, 8-12 permits) excluded.",,2026-09-28,research:greece
o-3827d7261a,GRC,grc-golden-visa,investor_permits_valid,2018-12-31,as_of_date,3962,,permits,1,actual,grc-mma-permits-2018-12,"sheet ""Τύπος - Φύλο"", row ""ΕΠΕΝΔΥΤΗΣ-ΜΟΝΙΜΗ ΔΙΑΜΟΝΗ"", column Σύνολο",ΕΠΕΝΔΥΤΗΣ-ΜΟΝΙΜΗ ΔΙΑΜΟΝΗ 2352 1610 3962,"Valid investor permanent residence permits (men, women, total). Family members of investors not identifiable in this dataset (probably counted under generic family types), so this approximates main investors only. Separate small category ""ΕΠΕΝΔΥΤΗΣ/ΕΠΕΝΔΥΤΕΣ"" (business investors, 8-12 permits) excluded.",,2026-09-28,research:greece
o-08267deae0,GRC,grc-golden-visa,investor_permits_valid,2019-12-31,as_of_date,6892,,permits,1,actual,grc-mma-permits-2019-12,"sheet ""Τύπος - Φύλο"", row ""ΕΠΕΝΔΥΤΗΣ-ΜΟΝΙΜΗ ΔΙΑΜΟΝΗ"", column Σύνολο",ΕΠΕΝΔΥΤΗΣ-ΜΟΝΙΜΗ ΔΙΑΜΟΝΗ 3898 2994 6892,"Valid investor permanent residence permits (men, women, total). Family members of investors not identifiable in this dataset (probably counted under generic family types), so this approximates main investors only. Separate small category ""ΕΠΕΝΔΥΤΗΣ/ΕΠΕΝΔΥΤΕΣ"" (business investors, 8-12 permits) excluded.",,2026-09-28,research:greece
o-ceafde7a2e,GRC,grc-golden-visa,investor_permits_valid,2024-12-31,as_of_date,17455,,permits,1,actual,grc-mma-legal-migration-2024-12-annexb,"p. 10, Πίνακας 12α (table by sex)",ΣΥΝΟΛΟ 10.141 7.314 17.455,All valid main-investor permits (initial + renewal). Closest official proxy for number of investors (persons) holding a Golden Visa at that date.,,2026-09-28,research:greece
o-b2e6283162,GRC,grc-golden-visa,investor_permits_valid,2025-12-31,as_of_date,27786,,permits,1,actual,grc-mma-legal-migration-2025-12-annexb,"p. 10, Πίνακας 12α (table by sex)",ΣΥΝΟΛΟ 15.976 11.810 27.786,All valid main-investor permits (initial + renewal). Closest official proxy for number of investors (persons) holding a Golden Visa at that date.,,2026-09-28,research:greece
o-70b08ec7d4,GRC,grc-golden-visa,investor_permits_valid,2026-08-31,as_of_date,34759,,permits,1,actual,grc-mma-legal-migration-2026-08-annexb,"p. 10, Πίνακας 12α (table by sex)",ΣΥΝΟΛΟ 19.892 14.867 34.759,All valid main-investor permits (initial + renewal). Closest official proxy for number of investors (persons) holding a Golden Visa at that date.,,2026-09-28,research:greece
o-1b2e081336,GRC,grc-golden-visa,investor_permits_valid_initial,2022-12-31,as_of_date,9802,,permits,1,actual,grc-mma-legal-migration-2022-12-annexb,"p. 11, Πίνακας 12α","ΣΥΝΟΛΟ 1.630 100,0% ΣΥΝΟΛΟ 9.802 100,0%","Main investors, valid first-grant (initial) permits (""ΑΡΧ. ΧΟΡΗΓΗΣΗ""). Excludes family members and renewed permits.",,2026-09-28,research:greece
o-5bd0244730,GRC,grc-golden-visa,investor_permits_valid_initial,2023-12-31,as_of_date,12126,,permits,1,actual,grc-mma-legal-migration-2023-12-annexb,"p. 10, Πίνακας 12α",ΣΥΝΟΛΟ 3.035 100% ΣΥΝΟΛΟ 12.126 100%,"Main investors, valid first-grant (initial) permits (""ΑΡΧ. ΧΟΡΗΓΗΣΗ""). Excludes family members and renewed permits.",,2026-09-28,research:greece
o-f14ea0ba58,GRC,grc-golden-visa,investor_permits_valid_initial,2024-12-31,as_of_date,12928,,permits,1,actual,grc-mma-legal-migration-2024-12-annexb,"p. 10, Πίνακας 12α",ΑΡΧΙΚΗ ΧΟΡΗΓΗΣΗ 7.449 5.479 12.928,"Main investors, valid first-grant (initial) permits (""ΑΡΧ. ΧΟΡΗΓΗΣΗ""). Excludes family members and renewed permits.",,2026-09-28,research:greece
o-13596e804b,GRC,grc-golden-visa,investor_permits_valid_initial,2025-12-31,as_of_date,20732,,permits,1,actual,grc-mma-legal-migration-2025-12-annexb,"p. 10, Πίνακας 12α",ΑΡΧΙΚΗ ΧΟΡΗΓΗΣΗ 11.984 8.748 20.732,"Main investors, valid first-grant (initial) permits (""ΑΡΧ. ΧΟΡΗΓΗΣΗ""). Excludes family members and renewed permits.",,2026-09-28,research:greece
o-ce39400a8e,GRC,grc-golden-visa,investor_permits_valid_initial,2026-08-31,as_of_date,26690,,permits,1,actual,grc-mma-legal-migration-2026-08-annexb,"p. 10, Πίνακας 12α",ΑΡΧΙΚΗ ΧΟΡΗΓΗΣΗ 15.344 11.346 26.690,"Main investors, valid first-grant (initial) permits (""ΑΡΧ. ΧΟΡΗΓΗΣΗ""). Excludes family members and renewed permits.",,2026-09-28,research:greece
o-bce839ccfd,GRC,grc-golden-visa,investor_permits_valid_initial_chn,2022-12-31,as_of_date,6159,,permits,1,actual,grc-mma-legal-migration-2022-12-annexb,"p. 11, Πίνακας 12α","ΚΙΝΑ 6.159 62,8%","Nationality: China only. Main investors, valid initial permits, by nationality (""ΥΠΗΚΟΟΤΗΤΑ""). Breakdown of Πίνακας 12α; not a separate indicator: see notes for nationality. Share printed in the table. Note the 2023->2024 drop in Chinese initial permits while renewals rose (Dec 2024 renewals: China 2.522), i.e. permits moving from the initial to the renewal column.",,2026-09-28,research:greece
o-42ee469714,GRC,grc-golden-visa,investor_permits_valid_initial_chn,2023-12-31,as_of_date,7385,,permits,1,actual,grc-mma-legal-migration-2023-12-annexb,"p. 10, Πίνακας 12α","ΚΙΝΑ 7.385 60,9%","Nationality: China only. Main investors, valid initial permits, by nationality (""ΥΠΗΚΟΟΤΗΤΑ""). Breakdown of Πίνακας 12α; not a separate indicator: see notes for nationality. Share printed in the table. Note the 2023->2024 drop in Chinese initial permits while renewals rose (Dec 2024 renewals: China 2.522), i.e. permits moving from the initial to the renewal column.",,2026-09-28,research:greece
o-fcc0e2edc1,GRC,grc-golden-visa,investor_permits_valid_initial_chn,2024-12-31,as_of_date,6457,,permits,1,actual,grc-mma-legal-migration-2024-12-annexb,"p. 10, Πίνακας 12α","ΚΙΝΑ 6.457 49,9%","Nationality: China only. Main investors, valid initial permits, by nationality (""ΥΠΗΚΟΟΤΗΤΑ""). Breakdown of Πίνακας 12α; not a separate indicator: see notes for nationality. Share printed in the table. Note the 2023->2024 drop in Chinese initial permits while renewals rose (Dec 2024 renewals: China 2.522), i.e. permits moving from the initial to the renewal column.",,2026-09-28,research:greece
o-a63a098c18,GRC,grc-golden-visa,investor_permits_valid_initial_chn,2025-12-31,as_of_date,9926,,permits,1,actual,grc-mma-legal-migration-2025-12-annexb,"p. 10, Πίνακας 12α","ΚΙΝΑ 9.926 47,9%","Nationality: China only. Main investors, valid initial permits, by nationality (""ΥΠΗΚΟΟΤΗΤΑ""). Breakdown of Πίνακας 12α; not a separate indicator: see notes for nationality. Share printed in the table. Note the 2023->2024 drop in Chinese initial permits while renewals rose (Dec 2024 renewals: China 2.522), i.e. permits moving from the initial to the renewal column.",,2026-09-28,research:greece
o-ba100ebe6d,GRC,grc-golden-visa,investor_permits_valid_initial_chn,2026-03-31,as_of_date,11136,,permits,1,reported,grc-tovima-2026-05-20,para 2,επενδυτές από την Κίνα ... με 11.136 άδειες,"Translation: ""investors from China ... with 11,136 permits"". Cites Ministry March 2026 statistics; consistent in scale with Chinese valid initial main-investor permits (9,926 in Dec 2025, 12,664 in Aug 2026). Nationality: China only. Assigned to valid INITIAL main-investor permits by analogy with the Ministry tables (the article does not say whether renewals or family members are included).",,2026-09-28,research:greece
o-b3fb0be28b,GRC,grc-golden-visa,investor_permits_valid_initial_chn,2026-08-31,as_of_date,12664,,permits,1,actual,grc-mma-legal-migration-2026-08-annexb,"p. 10, Πίνακας 12α","ΚΙΝΑ 12.664 47,4%","Nationality: China only. Main investors, valid initial permits, by nationality (""ΥΠΗΚΟΟΤΗΤΑ""). Breakdown of Πίνακας 12α; not a separate indicator: see notes for nationality. Share printed in the table. Note the 2023->2024 drop in Chinese initial permits while renewals rose (Dec 2024 renewals: China 2.522), i.e. permits moving from the initial to the renewal column.",,2026-09-28,research:greece
o-9284ebda35,GRC,grc-golden-visa,investor_permits_valid_initial_tur,2025-12-31,as_of_date,3291,,permits,1,actual,grc-mma-legal-migration-2025-12-annexb,"p. 10, Πίνακας 12α","ΤΟΥΡΚΙΑ 3.291 15,9%","Nationality: Turkey only. Main investors, valid initial permits, by nationality (""ΥΠΗΚΟΟΤΗΤΑ""). Breakdown of Πίνακας 12α; not a separate indicator: see notes for nationality. Share printed in the table. Note the 2023->2024 drop in Chinese initial permits while renewals rose (Dec 2024 renewals: China 2.522), i.e. permits moving from the initial to the renewal column.",,2026-09-28,research:greece
o-bc0667d9b1,GRC,grc-golden-visa,investor_permits_valid_initial_tur,2026-03-31,as_of_date,3820,,permits,1,reported,grc-tovima-2026-05-20,para 2,"επενδυτές από την Τουρκία, με 3.820 άδειες","Translation: ""investors from Turkey, with 3,820 permits"". Nationality: Turkey only. Assigned to valid INITIAL main-investor permits by analogy with the Ministry tables (the article does not say whether renewals or family members are included).",,2026-09-28,research:greece
o-86aa3ed115,GRC,grc-golden-visa,investor_permits_valid_initial_tur,2026-08-31,as_of_date,5107,,permits,1,actual,grc-mma-legal-migration-2026-08-annexb,"p. 10, Πίνακας 12α","ΤΟΥΡΚΙΑ 5.107 19,1%","Nationality: Turkey only. Main investors, valid initial permits, by nationality (""ΥΠΗΚΟΟΤΗΤΑ""). Breakdown of Πίνακας 12α; not a separate indicator: see notes for nationality. Share printed in the table. Note the 2023->2024 drop in Chinese initial permits while renewals rose (Dec 2024 renewals: China 2.522), i.e. permits moving from the initial to the renewal column.",,2026-09-28,research:greece
o-0c81018871,GRC,grc-golden-visa,investor_permits_valid_renewal,2022-12-31,as_of_date,1630,,permits,1,actual,grc-mma-legal-migration-2022-12-annexb,"p. 11, Πίνακας 12α","ΣΥΝΟΛΟ 1.630 100,0% ΣΥΝΟΛΟ 9.802 100,0%","Main investors, valid renewed/reissued permits (""ΑΝΑΝΕΩΣΗ/ΕΠΑΝΕΚΔΟΣΗ"").",,2026-09-28,research:greece
o-8ed53cdd6d,GRC,grc-golden-visa,investor_permits_valid_renewal,2023-12-31,as_of_date,3035,,permits,1,actual,grc-mma-legal-migration-2023-12-annexb,"p. 10, Πίνακας 12α",ΣΥΝΟΛΟ 3.035 100% ΣΥΝΟΛΟ 12.126 100%,"Main investors, valid renewed/reissued permits (""ΑΝΑΝΕΩΣΗ/ΕΠΑΝΕΚΔΟΣΗ"").",,2026-09-28,research:greece
o-dc79d04389,GRC,grc-golden-visa,investor_permits_valid_renewal,2024-12-31,as_of_date,4527,,permits,1,actual,grc-mma-legal-migration-2024-12-annexb,"p. 10, Πίνακας 12α",ΑΝΑΝΕΩΣΗ/ ΕΠΑΝΕΚΔΟΣΗ 2.692 1.835 4.527,"Main investors, valid renewed/reissued permits (""ΑΝΑΝΕΩΣΗ/ΕΠΑΝΕΚΔΟΣΗ"").",,2026-09-28,research:greece
o-8f69a1499a,GRC,grc-golden-visa,investor_permits_valid_renewal,2025-12-31,as_of_date,7054,,permits,1,actual,grc-mma-legal-migration-2025-12-annexb,"p. 10, Πίνακας 12α",ΑΝΑΝΕΩΣΗ/ ΕΠΑΝΕΚΔΟΣΗ 3.992 3.062 7.054,"Main investors, valid renewed/reissued permits (""ΑΝΑΝΕΩΣΗ/ΕΠΑΝΕΚΔΟΣΗ"").",,2026-09-28,research:greece
o-3ceb5cbc10,GRC,grc-golden-visa,investor_permits_valid_renewal,2026-08-31,as_of_date,8069,,permits,1,actual,grc-mma-legal-migration-2026-08-annexb,"p. 10, Πίνακας 12α",ΑΝΑΝΕΩΣΗ/ ΕΠΑΝΕΚΔΟΣΗ 4.548 3.521 8.069,"Main investors, valid renewed/reissued permits (""ΑΝΑΝΕΩΣΗ/ΕΠΑΝΕΚΔΟΣΗ"").",,2026-09-28,research:greece
o-2d282d887a,GRC,grc-golden-visa,main_applicants_approved,2014-2020-07,cumulative,8011,,permits,1,reported,grc-ti-greece-2021,p. 3,το Υπουργείο Εξωτερικών εξέδωσε 8.011 άδειες διαμονής για τους ίδιους τους επενδυτές ακινήτων,"Translation: ""the Ministry of Foreign Affairs issued 8,011 residence permits for the real-estate investors themselves"" (2014 to July 2020). Footnote cites Enterprise Greece data dated 05.01.2021 and says they are VALID permits drawn from the Ministry of Migration database, contradicting the ""issued"" wording. Attribution to the Foreign Ministry is likely an error.",,2026-09-28,research:greece
o-a789bc5528,GRC,grc-golden-visa,main_applicants_approved,2021,calendar_year,1035,,permits,1,reported,grc-imidaily-2022-01-16,para 1,"bringing the 2021 annual total to 1,035 approvals","Derived from monthly increments of a cumulative official count (probably Enterprise Greece). Much lower than the Ministry's later count of 1,900-1,910 issued among initial applications filed in 2021 (by filing year, including decisions taken after 2021) - different definitions (decision year vs filing year) and vintages.",,2026-09-28,research:greece
o-9901931d84,GRC,grc-golden-visa,main_applicants_approved,2021-12/2022-12,rolling_13_months,2241,,permits,1,actual,grc-mma-legal-migration-2022-12-annexb,"p. 14, Πίνακας 15",ΣΥΝΟΛΟ 2.241 671 2.912,"Main investors, initial (first-grant) permits issued. Permits issued, by month of decision (""ανά μήνα έκδοσης απόφασης""), Πίνακας 15. The table covers a 13-month window (both end months included), so it is NOT a calendar-year figure and consecutive editions overlap by one month.",,2026-09-28,research:greece
o-8d3f27166d,GRC,grc-golden-visa,main_applicants_approved,2022-12/2023-12,rolling_13_months,4496,,permits,1,actual,grc-mma-legal-migration-2023-12-annexb,"p. 13, Πίνακας 15",ΣΥΝΟΛΟ 4.496 1.543 6.039,"Main investors, initial (first-grant) permits issued. Permits issued, by month of decision (""ανά μήνα έκδοσης απόφασης""), Πίνακας 15. The table covers a 13-month window (both end months included), so it is NOT a calendar-year figure and consecutive editions overlap by one month.",,2026-09-28,research:greece
o-cbe73beace,GRC,grc-golden-visa,main_applicants_approved,2023-12/2024-12,rolling_13_months,4885,,permits,1,actual,grc-mma-legal-migration-2024-12-annexb,"p. 14, Πίνακας 15",ΣΥΝΟΛΟ 4.885 1.902 6.787,"Main investors, initial (first-grant) permits issued. Permits issued, by month of decision (""ανά μήνα έκδοσης απόφασης""), Πίνακας 15. The table covers a 13-month window (both end months included), so it is NOT a calendar-year figure and consecutive editions overlap by one month.",,2026-09-28,research:greece
o-4bdb40b573,GRC,grc-golden-visa,main_applicants_approved,2024-12/2025-12,rolling_13_months,9382,,permits,1,actual,grc-mma-legal-migration-2025-12-annexb,"p. 14, Πίνακας 15",ΣΥΝΟΛΟ 9.382 2.923 12.305,"Main investors, initial (first-grant) permits issued. Permits issued, by month of decision (""ανά μήνα έκδοσης απόφασης""), Πίνακας 15. The table covers a 13-month window (both end months included), so it is NOT a calendar-year figure and consecutive editions overlap by one month.",,2026-09-28,research:greece
o-f6d5e66f03,GRC,grc-golden-visa,main_applicants_approved,2025-08/2026-08,rolling_13_months,10778,,permits,1,actual,grc-mma-legal-migration-2026-08-annexb,"p. 14, Πίνακας 15",ΣΥΝΟΛΟ 10.778 2.431 13.209,"Main investors, initial (first-grant) permits issued. Permits issued, by month of decision (""ανά μήνα έκδοσης απόφασης""), Πίνακας 15. The table covers a 13-month window (both end months included), so it is NOT a calendar-year figure and consecutive editions overlap by one month.",,2026-09-28,research:greece
o-3b460e0e86,GRC,grc-golden-visa,residence_permits_issued,2021-12/2022-12,rolling_13_months,2912,,permits,1,actual,grc-mma-legal-migration-2022-12-annexb,"p. 14, Πίνακας 15",ΣΥΝΟΛΟ 2.241 671 2.912,"Main investors, initial plus renewal permits issued. Family-member permits not included. Permits issued, by month of decision (""ανά μήνα έκδοσης απόφασης""), Πίνακας 15. The table covers a 13-month window (both end months included), so it is NOT a calendar-year figure and consecutive editions overlap by one month.",,2026-09-28,research:greece
o-0f241c58b9,GRC,grc-golden-visa,residence_permits_issued,2022-12/2023-12,rolling_13_months,6039,,permits,1,actual,grc-mma-legal-migration-2023-12-annexb,"p. 13, Πίνακας 15",ΣΥΝΟΛΟ 4.496 1.543 6.039,"Main investors, initial plus renewal permits issued. Family-member permits not included. Permits issued, by month of decision (""ανά μήνα έκδοσης απόφασης""), Πίνακας 15. The table covers a 13-month window (both end months included), so it is NOT a calendar-year figure and consecutive editions overlap by one month.",,2026-09-28,research:greece
o-b8704e3bf3,GRC,grc-golden-visa,residence_permits_issued,2023-12/2024-12,rolling_13_months,6787,,permits,1,actual,grc-mma-legal-migration-2024-12-annexb,"p. 14, Πίνακας 15",ΣΥΝΟΛΟ 4.885 1.902 6.787,"Main investors, initial plus renewal permits issued. Family-member permits not included. Permits issued, by month of decision (""ανά μήνα έκδοσης απόφασης""), Πίνακας 15. The table covers a 13-month window (both end months included), so it is NOT a calendar-year figure and consecutive editions overlap by one month.",,2026-09-28,research:greece
o-8e93f36e7d,GRC,grc-golden-visa,residence_permits_issued,2024,calendar_year,4536,,permits,1,claim,grc-gtp-2025-02-13,later paragraph,"4,536 permits granted in 2024, up from 4,231 in 2023","Attributed by GTP to Astons (migration agency), not the Ministry. Definition unclear; the Ministry's 13-month table (Dec 2023-Dec 2024) shows 4,885 initial permits issued, and the Dec 2024 edition shows 1,617 issued among applications filed in 2024.",,2026-09-28,research:greece
o-ef4c38cbcf,GRC,grc-golden-visa,residence_permits_issued,2024-12/2025-12,rolling_13_months,12305,,permits,1,actual,grc-mma-legal-migration-2025-12-annexb,"p. 14, Πίνακας 15",ΣΥΝΟΛΟ 9.382 2.923 12.305,"Main investors, initial plus renewal permits issued. Family-member permits not included. Permits issued, by month of decision (""ανά μήνα έκδοσης απόφασης""), Πίνακας 15. The table covers a 13-month window (both end months included), so it is NOT a calendar-year figure and consecutive editions overlap by one month.",,2026-09-28,research:greece
o-de787e15db,GRC,grc-golden-visa,residence_permits_issued,2025-08/2026-08,rolling_13_months,13209,,permits,1,actual,grc-mma-legal-migration-2026-08-annexb,"p. 14, Πίνακας 15",ΣΥΝΟΛΟ 10.778 2.431 13.209,"Main investors, initial plus renewal permits issued. Family-member permits not included. Permits issued, by month of decision (""ανά μήνα έκδοσης απόφασης""), Πίνακας 15. The table covers a 13-month window (both end months included), so it is NOT a calendar-year figure and consecutive editions overlap by one month.",,2026-09-28,research:greece
o-86a302e531,GRC,grc-golden-visa,residence_permits_valid,2022-12-31,as_of_date,31747,,permits,1,actual,grc-mma-legal-migration-2022-12,"p. 11, Γράφημα 15",Σύνολο 31 747,"Read from chart (Γράφημα 15) on rendered page. Total = valid permits of main investors plus family members, first grants plus renewals (""Συνολικές ισχύουσες άδειες διαμονής μόνιμου επενδυτή""). Includes family members, so this is persons holding investor-linked permits, not investors.",,2026-09-28,research:greece
o-567af48603,GRC,grc-golden-visa,residence_permits_valid,2023-12-31,as_of_date,41142,,permits,1,actual,grc-mma-legal-migration-2023-12,"p. 11, Γράφημα 15",Σύνολο 41 142,"Read from chart (Γράφημα 15) on rendered page. Total = valid permits of main investors plus family members, first grants plus renewals (""Συνολικές ισχύουσες άδειες διαμονής μόνιμου επενδυτή""). Includes family members, so this is persons holding investor-linked permits, not investors.",,2026-09-28,research:greece
o-09f5bd7dca,GRC,grc-golden-visa,residence_permits_valid,2024-12-31,as_of_date,48049,,permits,1,actual,grc-mma-legal-migration-2024-12,"p. 11, Γράφημα 15",Σύνολο 48 049,"Read from chart (Γράφημα 15) on rendered page. Total = valid permits of main investors plus family members, first grants plus renewals (""Συνολικές ισχύουσες άδειες διαμονής μόνιμου επενδυτή""). Includes family members, so this is persons holding investor-linked permits, not investors.",,2026-09-28,research:greece
o-664a309fff,GRC,grc-golden-visa,residence_permits_valid,2025-12-31,as_of_date,79056,,permits,1,actual,grc-mma-legal-migration-2025-12,"p. 11, Γράφημα 15",Σύνολο 79 056,"Read from chart (Γράφημα 15) on rendered page. Total = valid permits of main investors plus family members, first grants plus renewals (""Συνολικές ισχύουσες άδειες διαμονής μόνιμου επενδυτή""). Includes family members, so this is persons holding investor-linked permits, not investors.",,2026-09-28,research:greece
o-6ce505482e,GRC,grc-golden-visa,residence_permits_valid,2026-08-31,as_of_date,100784,,permits,1,actual,grc-mma-legal-migration-2026-08,"p. 11, Γράφημα 15",Σύνολο 100 784,"Read from chart (Γράφημα 15) on rendered page. Total = valid permits of main investors plus family members, first grants plus renewals (""Συνολικές ισχύουσες άδειες διαμονής μόνιμου επενδυτή""). Includes family members, so this is persons holding investor-linked permits, not investors.",,2026-09-28,research:greece
o-9f50cbbba6,GRD,grd-cbi,applications_approved,2014-03/2015-12,cumulative,100,,applications,1,actual,grd-mof-cbistats-2014-15,"p. 5, column 'TOTAL as at December 2015'",TOTAL as at December 2015 ... 100,"Values read from the TOTAL column (row order: applications received, approved, new citizens). Approved/rejected by Cabinet.",,2026-09-28,research:grenada
o-846e8fc155,GRD,grd-cbi,applications_approved,2016,calendar_year,124,,applications,1,actual,grd-mof-cbistats-2016,"p. 1, TOTAL column",2. Applications approved by Cabinet ... 39 85 124, Approved/rejected by Cabinet.,,2026-09-28,research:grenada
o-f714ed8e76,GRD,grd-cbi,applications_approved,2017-01/2017-09,cumulative,194,,applications,1,actual,grd-mof-cbistats-2017q3,"p. 1, TOTAL column",2. Applications approved by Cabinet 125 17 33 19 69 194, Approved/rejected by Cabinet.,,2026-09-28,research:grenada
o-83fb3c2c70,GRD,grd-cbi,applications_approved,2018,calendar_year,244,,applications,1,actual,grd-mof-cbistats-2018,"p. 1, TOTAL column",2. Applications approved by Cabinet 40 60 61 83 244, Approved/rejected by Cabinet.,,2026-09-28,research:grenada
o-c2cac998e1,GRD,grd-cbi,applications_approved,2020,calendar_year,375,,applications,1,actual,grd-mof-cbistats-2020q4,"p. 1, TOTAL column",2. Applications approved by Cabinet 40 31 13 84 375, Approved/rejected by Cabinet.,,2026-09-28,research:grenada
o-7fb34bf864,GRD,grd-cbi,applications_approved,2021,calendar_year,402,,applications,1,actual,grd-mof-cbistats-2021q4,"p. 1, TOTAL column",2. Applications approved by Cabinet 36 66 32 134 402, Approved/rejected by Cabinet.,,2026-09-28,research:grenada
o-9f1f3f3c90,GRD,grd-cbi,applications_approved,2024,calendar_year,"1,583",,applications,1,actual,grd-ima-stats-2024q4,"p. 1, column 'Y-T-D' (Q4 2024 report)","2a. Applications Approved 46 50 76 172 1,583",Includes approvals of backlog applications filed in earlier years.,,2026-09-28,research:grenada
o-8e365519e3,GRD,grd-cbi,applications_approved,2025,calendar_year,495,,applications,1,actual,grd-ima-stats-2025q4,"p. 1, column 'Y-T-D' (Q4 2025 report)",2a. Applications Approved 57 64 33 154 495,,,2026-09-28,research:grenada
o-5c5cf5bb0a,GRD,grd-cbi,applications_approved,2026-Q1,quarter,119,,applications,1,actual,grd-ima-stats-2026q1,"p. 1, column 'Total'",2a. Applications Approved 34 38 47 119 119,,,2026-09-28,research:grenada
o-efe338c10a,GRD,grd-cbi,applications_processed,2021,calendar_year,430,,applications,1,actual,grd-ima-ceo-processing-2024,"p. 1, chart 'Processing Efficiency 2021-2023' (data labels)",430 493 1581 / 2021 2022 2023,Read from bar-chart data labels; 'processed' includes approvals and denials.,,2026-09-28,research:grenada
o-94f7701b00,GRD,grd-cbi,applications_processed,2022,calendar_year,493,,applications,1,actual,grd-ima-ceo-processing-2024,"p. 1, chart 'Processing Efficiency 2021-2023' (data labels)",430 493 1581 / 2021 2022 2023,Read from bar-chart data labels; 'processed' includes approvals and denials.,,2026-09-28,research:grenada
o-417573c0ca,GRD,grd-cbi,applications_processed,2023,calendar_year,1581,,applications,1,actual,grd-ima-ceo-processing-2024,"p. 1, chart 'Processing Efficiency 2021-2023' (data labels)",430 493 1581 / 2021 2022 2023,Read from bar-chart data labels; 'processed' includes approvals and denials.,,2026-09-28,research:grenada
o-a133c0080f,GRD,grd-cbi,applications_processed,2024,calendar_year,"1,676",,applications,1,actual,grd-ima-stats-2024q4,"p. 1, column 'Y-T-D' (Q4 2024 report)","2. Total Applications Processed 51 56 78 185 1,676",,,2026-09-28,research:grenada
o-66ce3760a0,GRD,grd-cbi,applications_processed,2025,calendar_year,557,,applications,1,actual,grd-ima-stats-2025q4,"p. 1, column 'Y-T-D' (Q4 2025 report)",2. Total Applications Processed 59 65 37 161 557,,,2026-09-28,research:grenada
o-076bfed695,GRD,grd-cbi,applications_received,2014-03/2015-12,cumulative,128,,applications,1,actual,grd-mof-cbistats-2014-15,"p. 5, column 'TOTAL as at December 2015'",TOTAL as at December 2015 ... 128,"Values read from the TOTAL column (row order: applications received, approved, new citizens).",,2026-09-28,research:grenada
o-7156c58edd,GRD,grd-cbi,applications_received,2015-2023,cumulative,5847,,applications,1,reported,intl-ec-swd-2025-429,"PDF p. 37, table (Eastern Caribbean), row ""Total applications received""",Total applications received: 5 847 (2015-2023),"Data submitted to the Commission by national authorities, ""in some cases, partial"".",,2026-09-28,research:context-timeline
o-276daa2529,GRD,grd-cbi,applications_received,2016,calendar_year,175,,applications,1,actual,grd-mof-cbistats-2016,"p. 1, TOTAL column",1. Applications received ... 62 113 175,,,2026-09-28,research:grenada
o-5ed696204b,GRD,grd-cbi,applications_received,2017-01/2017-09,cumulative,296,,applications,1,actual,grd-mof-cbistats-2017q3,"p. 1, TOTAL column",1. Applications received 189 37 43 27 107 296,,,2026-09-28,research:grenada
o-862c74239b,GRD,grd-cbi,applications_received,2018,calendar_year,314,,applications,1,actual,grd-mof-cbistats-2018,"p. 1, TOTAL column",1. Applications received 77 84 85 68 314,,,2026-09-28,research:grenada
o-4eb1b363f1,GRD,grd-cbi,applications_received,2020,calendar_year,394,,applications,1,actual,grd-mof-cbistats-2020q4,"p. 1, TOTAL column",1. Applications received 28 51 40 119 394,,,2026-09-28,research:grenada
o-9ff105efb5,GRD,grd-cbi,applications_received,2021,calendar_year,566,,applications,1,actual,grd-mof-cbistats-2021q4,"p. 1, TOTAL column",1. Applications received 46 72 57 175 566,,,2026-09-28,research:grenada
o-91b8f35f6f,GRD,grd-cbi,applications_received,2023,calendar_year,2297,,applications,1,reported,intl-ec-swd-2025-429,PDF p. 37,"In Saint Kitts and Nevis, the volume of applications went from 1,987 in 2023 to 223 in 2024 and in Grenada from 2,297 to 420 applications. [...] Antigua and Barbuda recorded a notable increase, from 685 in 2023 to 1,733 in 2024.",From the text; the table does not show 2023 for these countries.,,2026-09-28,research:context-timeline
o-194d6003ae,GRD,grd-cbi,applications_received,2024,calendar_year,420,,applications,1,actual,grd-ima-stats-2024q4,"p. 1, column 'Y-T-D' (Q4 2024 report)",1. Applications Received 32 26 36 94 420,,,2026-09-28,research:grenada
o-f36fbece00,GRD,grd-cbi,applications_received,2024,calendar_year,420,,applications,1,reported,intl-ec-swd-2025-429,"PDF p. 37, table (Eastern Caribbean), row ""Total applications received""",Total applications received: 420 (2024),"Data submitted to the Commission by national authorities, ""in some cases, partial"".",,2026-09-28,research:context-timeline
o-8c486644cc,GRD,grd-cbi,applications_received,2025,calendar_year,469,,applications,1,actual,grd-ima-stats-2025q4,"p. 1, column 'Y-T-D' (Q4 2025 report)",1. Applications Received 41 46 41 128 469,,,2026-09-28,research:grenada
o-1afb0ef369,GRD,grd-cbi,applications_received,2025-01/2025-03-31,partial_year,123,,applications,1,reported,intl-ec-swd-2025-429,"PDF p. 37, table (Eastern Caribbean), row ""Total applications received""",Total applications received: 123 (2025 until 31/03),"Data submitted to the Commission by national authorities, ""in some cases, partial"".",,2026-09-28,research:context-timeline
o-8f6fc674bb,GRD,grd-cbi,applications_received,2026-Q1,quarter,103,,applications,1,actual,grd-ima-stats-2026q1,"p. 1, column 'Total'",1. Applications Received 31 24 48 103 103,,,2026-09-28,research:grenada
o-a5b3e8d5ed,GRD,grd-cbi,applications_rejected,2015-2023,cumulative,256,,applications,1,reported,intl-ec-swd-2025-429,"PDF p. 37, table (Eastern Caribbean), row ""Rejections""",Rejections: 256 (2015-2023),"Data submitted to the Commission by national authorities, ""in some cases, partial"".",,2026-09-28,research:context-timeline
o-f15c3a0e2c,GRD,grd-cbi,applications_rejected,2016,calendar_year,19,,applications,1,actual,grd-mof-cbistats-2016,"p. 1, TOTAL column",4. Applications rejected by Cabinet ... 8 11 19, Approved/rejected by Cabinet.,,2026-09-28,research:grenada
o-df61bcf4b7,GRD,grd-cbi,applications_rejected,2018,calendar_year,13,,applications,1,actual,grd-mof-cbistats-2018,"p. 1, TOTAL column",4. Applications rejected by Cabinet - 7 5 1 13, Approved/rejected by Cabinet.,,2026-09-28,research:grenada
o-9b7428bc28,GRD,grd-cbi,applications_rejected,2020,calendar_year,35,,applications,1,actual,grd-mof-cbistats-2020q4,"p. 1, TOTAL column",4. Applications rejected by Cabinet 1 5 - 6 35, Approved/rejected by Cabinet.,,2026-09-28,research:grenada
o-33eda884b8,GRD,grd-cbi,applications_rejected,2021,calendar_year,24,,applications,1,actual,grd-mof-cbistats-2021q4,"p. 1, TOTAL column",4. Applications rejected by Cabinet 2 2 2 6 24, Approved/rejected by Cabinet.,,2026-09-28,research:grenada
o-af70bd5b55,GRD,grd-cbi,applications_rejected,2024,calendar_year,93,,applications,1,actual,grd-ima-stats-2024q4,"p. 1, column 'Y-T-D' (Q4 2024 report)",2b. Application Denied 5 6 2 13 93,'Application Denied'.,,2026-09-28,research:grenada
o-6c06f88902,GRD,grd-cbi,applications_rejected,2024,calendar_year,93,,applications,1,reported,intl-ec-swd-2025-429,"PDF p. 37, table (Eastern Caribbean), row ""Rejections""",Rejections: 93 (2024),"Data submitted to the Commission by national authorities, ""in some cases, partial"".",,2026-09-28,research:context-timeline
o-ca9c12b77c,GRD,grd-cbi,applications_rejected,2025,calendar_year,62,,applications,1,actual,grd-ima-stats-2025q4,"p. 1, column 'Y-T-D' (Q4 2025 report)",2b. Application Denied 2 1 4 7 62,'Application Denied'.,,2026-09-28,research:grenada
o-81cb6369ea,GRD,grd-cbi,applications_rejected,2025-01/2025-03-31,partial_year,25,,applications,1,reported,intl-ec-swd-2025-429,"PDF p. 37, table (Eastern Caribbean), row ""Rejections""",Rejections: 25 (2025 until 31/03),"Data submitted to the Commission by national authorities, ""in some cases, partial"".",,2026-09-28,research:context-timeline
o-c7e7bfbfcd,GRD,grd-cbi,cbi_contingency_fund_balance,2023-11-30,as_of_date,19.0,,XCD,million,actual,grd-mof-budget-2024,"p. 19 (printed p. 15), section 8.7","As of 30th November 2023, an amount of $19.0 million has been lodged with the Eastern Caribbean Central Bank (ECCB) into that Fund.",Fund receives 10% of NTF receipts.,,2026-09-28,research:grenada
o-7c9351d1da,GRD,grd-cbi,cbi_contingency_fund_balance,2024-12,as_of_date,"54,632,288.60",,XCD,1,actual,grd-mof-imastats-2024q4,"p. 1, notes ii, 'Closing Balance', Dec-24 column","Closing Balance $ 49,108,037.60 $ 53,220,983.60 $ 54,632,288.60",,,2026-09-28,research:grenada
o-cd3c911398,GRD,grd-cbi,cbi_contingency_fund_balance,2025-10,as_of_date,61.1,,XCD,million,reported,grd-imf-art4-2025,"PDF p. 69, footnote 12 (Debt Sustainability Analysis annex)","10 percent of the NTF CBI receipts are transferred to the fund, which totaled $61.1m at October-2025.",Currency not stated in the footnote; the rest of the report uses EC$. Status 'reported' because IMF relays an authorities' balance.,,2026-09-28,research:grenada
o-08f54e1e2f,GRD,grd-cbi,cbi_contingency_fund_balance,2025-12,as_of_date,"64,395,831.00",,XCD,1,actual,grd-mof-imastats-2025q4,"p. 1, notes ii, 'Closing Balance', Dec-25 column","Closing Balance $ 63,065,172.00 $ 63,475,122.50 $ 64,395,831.00",,,2026-09-28,research:grenada
o-88dec29848,GRD,grd-cbi,cbi_fiscal_revenue,2015,calendar_year,16.3,,XCD,million,actual,grd-imf-art4-2016,"PDF p. 14, text table 'Grenada: Fiscal Program Performance'",CBI-related revenue                                    0.3        16.3,Sub-item of non-tax revenue; column '2015 Act.'. Same value in CR 19/192 Table 2a.,,2026-09-28,research:grenada
o-9a9ac90506,GRD,grd-cbi,cbi_fiscal_revenue,2016,calendar_year,3.4,,XCD,million,actual,grd-imf-art4-2019,"PDF p. 35, Table 2a (non-tax revenue)",Citizenship by Investment Program                    0.3    16.3      3.4     4.9      3.3      3.1     3.4,"Only CBI non-tax revenue (fees) - NTF contributions were then recorded as grants and, per the report, not all CBI receipts were recorded in the budget. Not comparable with later IMF series (CR 25/39 shows 96.1 for 2019).",,2026-09-28,research:grenada
o-2f591bcf67,GRD,grd-cbi,cbi_fiscal_revenue,2017,calendar_year,4.9,,XCD,million,actual,grd-imf-art4-2019,"PDF p. 35, Table 2a (non-tax revenue)",Citizenship by Investment Program                    0.3    16.3      3.4     4.9      3.3      3.1     3.4,"Only CBI non-tax revenue (fees) - NTF contributions were then recorded as grants and, per the report, not all CBI receipts were recorded in the budget. Not comparable with later IMF series (CR 25/39 shows 96.1 for 2019).",,2026-09-28,research:grenada
o-15fd615569,GRD,grd-cbi,cbi_fiscal_revenue,2018,calendar_year,3.3,,XCD,million,estimate,grd-imf-art4-2019,"PDF p. 35, Table 2a (non-tax revenue)",Citizenship by Investment Program                    0.3    16.3      3.4     4.9      3.3      3.1     3.4,"Only CBI non-tax revenue (fees) - NTF contributions were then recorded as grants and, per the report, not all CBI receipts were recorded in the budget. Not comparable with later IMF series (CR 25/39 shows 96.1 for 2019). Column marked 'Est.'.",,2026-09-28,research:grenada
o-1cbcb6d6f4,GRD,grd-cbi,cbi_fiscal_revenue,2018,calendar_year,"97,762,549",,XCD,1,actual,grd-mof-cbistats-2018,"p. 1, row 8 'CBI Payments to Treasury', TOTAL column","8. CBI Payments to Treasury 23,709,924 20,251,017 26,099,707 27,701,901 97,762,549","Cash paid to Treasury: NTF (Section 10) 82,150,586, CBI (Section 11) 12,923,763, CBI dividends 2,688,200. Contrast with IMF CR 19/192, which shows only EC$3.3m CBI non-tax revenue for 2018 (NTF transfers were recorded as grants).",,2026-09-28,research:grenada
o-bfeb14b14b,GRD,grd-cbi,cbi_fiscal_revenue,2019,calendar_year,3.1,,XCD,million,budget,grd-imf-art4-2019,"PDF p. 35, Table 2a (non-tax revenue)",Citizenship by Investment Program                    0.3    16.3      3.4     4.9      3.3      3.1     3.4,"Only CBI non-tax revenue (fees) - NTF contributions were then recorded as grants and, per the report, not all CBI receipts were recorded in the budget. Not comparable with later IMF series (CR 25/39 shows 96.1 for 2019). Column '2019 Budget'.",,2026-09-28,research:grenada
o-7e3825b735,GRD,grd-cbi,cbi_fiscal_revenue,2019,calendar_year,96.1,,XCD,million,estimate,grd-imf-art4-2024,"PDF p. 35, Table 3a, non-tax revenue line 'Citizenship by Investment Program'",Citizenship by Investment Program                  96.1     101.5      120.3    135.4     457.3     555.8     185.5,"Line printed under non-tax revenue although the footnote says NTF contributions were recorded as grants before 2023; for 2019-2022 the line exceeds total non-tax revenue in the same table (e.g. 2019 non-tax revenue 59.7), so it appears to include NTF grants. 2024 is a staff estimate made before year-end (report completed Jan 2025).",,2026-09-28,research:grenada
o-994939c35d,GRD,grd-cbi,cbi_fiscal_revenue,2019,calendar_year,8.0,,XCD,million,estimate,grd-imf-art4-2024,"PDF p. 35, Table 3a, memorandum item 'Government CBI revenue (millions of EC$)'",Government CBI revenue (millions of EC$)                 8.0    17.3       32.3      73.1     381.6     451.3     231.3,Differs from the 'Citizenship by Investment Program' line in the same table and from CR 26/9 (which gives 101.5 for 2020 and 553.7 for 2024). 2023 value equals MoF 'old format' IMA revenue (381.6).,,2026-09-28,research:grenada
o-fe790bd36c,GRD,grd-cbi,cbi_fiscal_revenue,2020,calendar_year,101.5,,XCD,million,estimate,grd-imf-art4-2024,"PDF p. 35, Table 3a, non-tax revenue line 'Citizenship by Investment Program'",Citizenship by Investment Program                  96.1     101.5      120.3    135.4     457.3     555.8     185.5,"Line printed under non-tax revenue although the footnote says NTF contributions were recorded as grants before 2023; for 2019-2022 the line exceeds total non-tax revenue in the same table (e.g. 2019 non-tax revenue 59.7), so it appears to include NTF grants. 2024 is a staff estimate made before year-end (report completed Jan 2025).",,2026-09-28,research:grenada
o-b925ba4be5,GRD,grd-cbi,cbi_fiscal_revenue,2020,calendar_year,17.3,,XCD,million,estimate,grd-imf-art4-2024,"PDF p. 35, Table 3a, memorandum item 'Government CBI revenue (millions of EC$)'",Government CBI revenue (millions of EC$)                 8.0    17.3       32.3      73.1     381.6     451.3     231.3,Differs from the 'Citizenship by Investment Program' line in the same table and from CR 26/9 (which gives 101.5 for 2020 and 553.7 for 2024). 2023 value equals MoF 'old format' IMA revenue (381.6).,,2026-09-28,research:grenada
o-f5a5231596,GRD,grd-cbi,cbi_fiscal_revenue,2020,calendar_year,101.5,,XCD,million,estimate,grd-imf-art4-2025,"PDF p. 33, Table 3a, memorandum items",Government CBI revenue (millions of EC$)                      101.5       120.3       135.4       457.3      553.7       175.6       143.8,,,2026-09-28,research:grenada
o-ba6af38b66,GRD,grd-cbi,cbi_fiscal_revenue,2022,calendar_year,"78,822,511",,XCD,1,provisional,grd-mof-estimates-2023,"p. 53, Recurrent revenue estimates, item 18001 'CBI Fees', column 'Actual Provisional 2022'","18001 CBI Fees                                                             78,822,511          25,712,200         240,461,920","Before 2023 NTF contributions were recorded as capital grants, so this line is not comparable with 2023+ (Estimates 2023, p. ix para 9).",,2026-09-28,research:grenada
o-c8330ad5ef,GRD,grd-cbi,cbi_fiscal_revenue,2022-01/2022-09,cumulative,112,,XCD,million,reported,grd-nowgrenada-2022-12,summary bullets / para 4,"Between January and September 2022, CBI generated EC$112 million income to Government",Government announcement as reported; definition of 'income to Government' unclear. MoF Estimates give 78.8m provisional for all of 2022 under 'CBI Fees' (NTF recorded as grants).,,2026-09-28,research:grenada
o-a3d6fca9e2,GRD,grd-cbi,cbi_fiscal_revenue,2023,calendar_year,457.3,,XCD,million,estimate,grd-imf-art4-2024,"PDF p. 35, Table 3a, non-tax revenue line 'Citizenship by Investment Program'",Citizenship by Investment Program                  96.1     101.5      120.3    135.4     457.3     555.8     185.5,"Line printed under non-tax revenue although the footnote says NTF contributions were recorded as grants before 2023; for 2019-2022 the line exceeds total non-tax revenue in the same table (e.g. 2019 non-tax revenue 59.7), so it appears to include NTF grants. 2024 is a staff estimate made before year-end (report completed Jan 2025).",,2026-09-28,research:grenada
o-6de65b6a26,GRD,grd-cbi,cbi_fiscal_revenue,2023,calendar_year,381.6,,XCD,million,estimate,grd-imf-art4-2024,"PDF p. 35, Table 3a, memorandum item 'Government CBI revenue (millions of EC$)'",Government CBI revenue (millions of EC$)                 8.0    17.3       32.3      73.1     381.6     451.3     231.3,Differs from the 'Citizenship by Investment Program' line in the same table and from CR 26/9 (which gives 101.5 for 2020 and 553.7 for 2024). 2023 value equals MoF 'old format' IMA revenue (381.6).,,2026-09-28,research:grenada
o-ea4cfa188a,GRD,grd-cbi,cbi_fiscal_revenue,2023,calendar_year,457.3,,XCD,million,estimate,grd-imf-art4-2025,"PDF p. 33, Table 3a, memorandum items",Government CBI revenue (millions of EC$)                      101.5       120.3       135.4       457.3      553.7       175.6       143.8,,,2026-09-28,research:grenada
o-327f7a123b,GRD,grd-cbi,cbi_fiscal_revenue,2023,calendar_year,"240,461,920",,XCD,1,budget,grd-mof-estimates-2023,"p. 53, item 18001 'CBI Fees', column 'Estimates 2023'","18001 CBI Fees                                                             78,822,511          25,712,200         240,461,920",First budget with NTF contributions classified as non-tax revenue.,,2026-09-28,research:grenada
o-bb1ffff518,GRD,grd-cbi,cbi_fiscal_revenue,2023,calendar_year,"375,269,871",,XCD,1,provisional,grd-mof-estimates-2024,"p. 52, item 18001 'CBI Fees', column 'Actual Provisional 2023'","18001 CBI Fees                                                             375,269,871           240,461,920         280,697,921",Provisional; later reported as 381.6m (old format) / 458.3m (new format) in the MTEFS 2025-2027.,,2026-09-28,research:grenada
o-fd9e533b2e,GRD,grd-cbi,cbi_fiscal_revenue,2023,calendar_year,381.6,,XCD,million,actual,grd-mof-mtefs-2025,"p. 18, Table 3 (Total Revenue and Grants, Jan-Dec)",o/w IMA Revenues           381.6        553.7      172.1         45.1%,'Old format' (related fees netted). Table 4 (p. 19) restates 2023 as 458.3 in the new gross format.,,2026-09-28,research:grenada
o-fb4a2e6795,GRD,grd-cbi,cbi_fiscal_revenue,2023,calendar_year,458.3,,XCD,million,actual,grd-mof-mtefs-2025,"p. 19, Table 4 'IMA Revenues 2023 and 2024: Old vs New Format'",IMA Revenues                                   381.6          458.3             473.0             553.7,"New format: related fees recorded gross, with IMA expenses (76.7m in 2023) recorded as expenditure. Components 2023: NTF 197.8, approved projects government contributions 135.3, other fees 125.2.",,2026-09-28,research:grenada
o-d02441a9fe,GRD,grd-cbi,cbi_fiscal_revenue,2023-01/2023-06,cumulative,157,,XCD,million,claim,grd-nowgrenada-2023-09,para 6,"The first 6 months of 2023 were described by Duncan as a windfall, with revenue of EC$157 million from approved applicants.",Statement by CBI Committee chairman Richard Duncan. MoF MTFF gives 156.3m IMA revenue for Jan-Jun 2023.,,2026-09-28,research:grenada
o-c821ba9242,GRD,grd-cbi,cbi_fiscal_revenue,2023-H1,half_year,156.3,,XCD,million,actual,grd-mof-mtff-2024,"p. 13, Table 3 (January-June)",o/w IMA Revenues                        156.3       247.7              91.4       58.5%,,,2026-09-28,research:grenada
o-c58ec9a346,GRD,grd-cbi,cbi_fiscal_revenue,2024,calendar_year,"472,981,142",,XCD,1,actual,grd-ima-stats-2024q4,"p. 1, row 4 'Net Revenues', Y-T-D column","Net Revenues 50,500,632 21,688,893 10,474,175 82,663,700 472,981,142","Net of 'All Associated Expenditure' (80,729,035). Gross components: NTF 347,584,260; real-estate government contribution 162,246,311; other 43,879,607 (these gross items match MoF's 553.7m new-format IMA revenue). Net figure matches MoF 'old format' 473.0m.",,2026-09-28,research:grenada
o-f8b1679fa3,GRD,grd-cbi,cbi_fiscal_revenue,2024,calendar_year,555.8,,XCD,million,estimate,grd-imf-art4-2024,"PDF p. 35, Table 3a, non-tax revenue line 'Citizenship by Investment Program'",Citizenship by Investment Program                  96.1     101.5      120.3    135.4     457.3     555.8     185.5,"Line printed under non-tax revenue although the footnote says NTF contributions were recorded as grants before 2023; for 2019-2022 the line exceeds total non-tax revenue in the same table (e.g. 2019 non-tax revenue 59.7), so it appears to include NTF grants. 2024 is a staff estimate made before year-end (report completed Jan 2025).",,2026-09-28,research:grenada
o-553c5e810e,GRD,grd-cbi,cbi_fiscal_revenue,2024,calendar_year,451.3,,XCD,million,estimate,grd-imf-art4-2024,"PDF p. 35, Table 3a, memorandum item 'Government CBI revenue (millions of EC$)'",Government CBI revenue (millions of EC$)                 8.0    17.3       32.3      73.1     381.6     451.3     231.3,Differs from the 'Citizenship by Investment Program' line in the same table and from CR 26/9 (which gives 101.5 for 2020 and 553.7 for 2024). 2023 value equals MoF 'old format' IMA revenue (381.6).,,2026-09-28,research:grenada
o-4b20117357,GRD,grd-cbi,cbi_fiscal_revenue,2024,calendar_year,553.7,,XCD,million,estimate,grd-imf-art4-2025,"PDF p. 33, Table 3a, memorandum items",Government CBI revenue (millions of EC$)                      101.5       120.3       135.4       457.3      553.7       175.6       143.8,,,2026-09-28,research:grenada
o-dd04dcf42c,GRD,grd-cbi,cbi_fiscal_revenue,2024,calendar_year,"280,697,921",,XCD,1,budget,grd-mof-estimates-2024,"p. 52, item 18001 'CBI Fees', column 'Approved Estimates 2024'","18001 CBI Fees                                                             375,269,871           240,461,920         280,697,921",,,2026-09-28,research:grenada
o-d206eb6b87,GRD,grd-cbi,cbi_fiscal_revenue,2024,calendar_year,"553,710,178",,XCD,1,provisional,grd-mof-estimates-2025,"p. 88, item 18001 'Economic Citizenship', column 'Actual Provisional 2024'","18001 - Economic Citizenship                 553,710,178         280,697,922      140,417,136         157,063,457            170,864,520",,,2026-09-28,research:grenada
o-63a62abd87,GRD,grd-cbi,cbi_fiscal_revenue,2024,calendar_year,553.7,,XCD,million,actual,grd-mof-mtefs-2025,"p. 18, Table 3; p. 19, Table 4 (new format)",o/w IMA Revenues           381.6        553.7      172.1         45.1%,"New gross format (old format: 473.0). Components: NTF 347.6, approved projects government contributions 162.2, other IMA related fees 43.9. IMA expenses 80.7m recorded as expenditure.",,2026-09-28,research:grenada
o-5d6357dfe7,GRD,grd-cbi,cbi_fiscal_revenue,2024,calendar_year,473.0,,XCD,million,actual,grd-mof-mtefs-2025,"p. 19, Table 4 (old format 'CBI Fees Net')",IMA Revenues                                   381.6          458.3             473.0             553.7,"Old (net) format, comparable with 381.6 for 2023.",,2026-09-28,research:grenada
o-ba5c937138,GRD,grd-cbi,cbi_fiscal_revenue,2024,calendar_year,280.7,,XCD,million,budget,grd-mof-mtefs-2025,"p. 22, Table 4 'Central Government's Actual 2024 Fiscal Performance'",o/w IMA Revenues       553.7         280.7         273.0         97.3,Budget column; actual outturn 553.7 exceeded budget by 97.3%.,,2026-09-28,research:grenada
o-78543bd925,GRD,grd-cbi,cbi_fiscal_revenue,2024,calendar_year,398.5,,XCD,million,estimate,grd-mof-mtff-2024,"p. 15, Table 5 'Central Government's Estimated 2024 Fiscal Performance'",o/w IMA Revenues       398.5         280.7        117.8           42.0,September 2024 estimate of full-year outturn; actual turned out at 553.7 (new format).,,2026-09-28,research:grenada
o-7ebe23175e,GRD,grd-cbi,cbi_fiscal_revenue,2024-H1,half_year,247.7,,XCD,million,provisional,grd-mof-mtff-2024,"p. 13, Table 3 (January-June)",o/w IMA Revenues                        156.3       247.7              91.4       58.5%,,,2026-09-28,research:grenada
o-9b60acfb68,GRD,grd-cbi,cbi_fiscal_revenue,2025,calendar_year,"152,999,122",,XCD,1,actual,grd-ima-stats-2025q4,"p. 1, row 4 'Net Revenues', Y-T-D column","Net Revenues 7,186,044 23,580,322 12,374,533 43,140,899 152,999,122","Net of associated expenditure (39,258,500). Gross components: NTF 92,527,844; real-estate government contribution 64,704,974; other 35,024,804. MoF 2026-28 Estimates give 2025 provisional 165,906,890; IMF CR 26/9 estimates 175.6m.",,2026-09-28,research:grenada
o-82e6916f53,GRD,grd-cbi,cbi_fiscal_revenue,2025,calendar_year,175.6,,XCD,million,estimate,grd-imf-art4-2025,"PDF p. 33, Table 3a, memorandum items",Government CBI revenue (millions of EC$)                      101.5       120.3       135.4       457.3      553.7       175.6       143.8,"2024 value matches MoF new-format IMA revenue (553.7). 2025 is a staff estimate; MoF 2026-28 Estimates give 2025 provisional actual 165,906,890 and the non-tax line in this same table shows 165.6 for 2025.",,2026-09-28,research:grenada
o-e66c2cc906,GRD,grd-cbi,cbi_fiscal_revenue,2025,calendar_year,"140,417,136",,XCD,1,budget,grd-mof-estimates-2025,"p. 88, item 18001, column 'Estimates 2025'","18001 - Economic Citizenship                 553,710,178         280,697,922      140,417,136         157,063,457            170,864,520",Budget 2025 (a 74.6% fall from 2024).,,2026-09-28,research:grenada
o-468e8e6659,GRD,grd-cbi,cbi_fiscal_revenue,2025,calendar_year,"165,906,890",,XCD,1,provisional,grd-mof-estimates-2026,"p. 72, item 18001 'Economic Citizenship', column 'Actual Provisional 2025'","165,906,890       140,417,136      173,973,807         184,880,690         196,045,643",Presumably prepared before year-end (Estimates presented Dec 2025). IMF CR 26/9: 175.6 (memo) / 165.6 (non-tax line).,,2026-09-28,research:grenada
o-ecc27e56af,GRD,grd-cbi,cbi_fiscal_revenue,2026,calendar_year,143.8,,XCD,million,projection,grd-imf-art4-2025,"PDF p. 33, Table 3a, memorandum items",Government CBI revenue (millions of EC$)                      101.5       120.3       135.4       457.3      553.7       175.6       143.8,,,2026-09-28,research:grenada
o-07a91e889a,GRD,grd-cbi,cbi_fiscal_revenue,2026,calendar_year,"173,973,807",,XCD,1,budget,grd-mof-estimates-2026,"p. 72, item 18001, column 'Estimates 2026'","165,906,890       140,417,136      173,973,807         184,880,690         196,045,643",,,2026-09-28,research:grenada
o-af27040fd7,GRD,grd-cbi,cbi_fiscal_revenue_pct_gdp,2015,calendar_year,0.7,,percent_of_gdp,1,actual,grd-imf-art4-2016,"PDF p. 6, footnote to selected indicators table",1/ Includes 0.7 percent of GDP CBI-related non-tax revenue in 2015,Staff figure; the authorities' MEFP in the same report says 0.5 percent of GDP.,,2026-09-28,research:grenada
o-8317016017,GRD,grd-cbi,cbi_fiscal_revenue_pct_gdp,2015,calendar_year,0.5,,percent_of_gdp,1,reported,grd-imf-art4-2016,"PDF p. 63, MEFP para 3 (authorities' letter)",(including 0.5 percent of GDP in budgetary revenue from the Citizen-By-Investment (CBI) programme),Authorities' figure in the Memorandum of Economic and Financial Policies; differs from staff's 0.7.,,2026-09-28,research:grenada
o-407b084d99,GRD,grd-cbi,cbi_fiscal_revenue_pct_gdp,2020,calendar_year,0.6,,percent_of_gdp,1,estimate,grd-imf-art4-2024,"PDF p. 33, Table 1 (memorandum items); same values in Table 3b",Government CBI revenue (Percent of GDP)                             0.2       0.6            1.1      2.2     10.7      12.0      5.8,Memo line 'Government CBI revenue'. For 2019-2022 this vintage's memo line is far below the 'Citizenship by Investment Program' non-tax revenue line in Table 3b (e.g. 2020: 0.6 vs 3.6) and below the next vintage (CR 26/9: 3.6 for 2020). Definition not explained in the report.,,2026-09-28,research:grenada
o-38712a5786,GRD,grd-cbi,cbi_fiscal_revenue_pct_gdp,2020,calendar_year,3.6,,percent_of_gdp,1,estimate,grd-imf-art4-2025,"PDF p. 31, Table 1 (memorandum items); same in Table 3b",Government CBI revenue (Percent of GDP)                                      3.6          4.0      4.1        12.7       14.7      4.4        3.5,Revised definition vs CR 25/39 memo line (2020: 3.6 here vs 0.6 there).,,2026-09-28,research:grenada
o-a272a9c182,GRD,grd-cbi,cbi_fiscal_revenue_pct_gdp,2023,calendar_year,10.5,,percent_of_gdp,1,estimate,grd-imf-art4-2024,"PDF p. 9, para 4",CBI revenues of 10½ percent of GDP in 2023,Text gives 10½; Table 1/3b give 10.7 (memo) and 12.8 (non-tax line) for the same year. Value transcribed from the fraction '10½'.,,2026-09-28,research:grenada
o-c87be382da,GRD,grd-cbi,cbi_fiscal_revenue_pct_gdp,2024,calendar_year,12.0,,percent_of_gdp,1,estimate,grd-imf-art4-2024,"PDF p. 33, Table 1 (memorandum items); same values in Table 3b",Government CBI revenue (Percent of GDP)                             0.2       0.6            1.1      2.2     10.7      12.0      5.8,Memo line 'Government CBI revenue'. For 2019-2022 this vintage's memo line is far below the 'Citizenship by Investment Program' non-tax revenue line in Table 3b (e.g. 2020: 0.6 vs 3.6) and below the next vintage (CR 26/9: 3.6 for 2020). Definition not explained in the report.,,2026-09-28,research:grenada
o-84bce4e99e,GRD,grd-cbi,cbi_fiscal_revenue_pct_gdp,2024,calendar_year,14.7,,percent_of_gdp,1,estimate,grd-imf-art4-2025,"PDF p. 31, Table 1 (memorandum items); same in Table 3b",Government CBI revenue (Percent of GDP)                                      3.6          4.0      4.1        12.7       14.7      4.4        3.5,Revised definition vs CR 25/39 memo line (2020: 3.6 here vs 0.6 there).,,2026-09-28,research:grenada
o-0362f8c477,GRD,grd-cbi,cbi_fiscal_revenue_pct_gdp,2025,calendar_year,4.4,,percent_of_gdp,1,estimate,grd-imf-art4-2025,"PDF p. 31, Table 1 (memorandum items); same in Table 3b",Government CBI revenue (Percent of GDP)                                      3.6          4.0      4.1        12.7       14.7      4.4        3.5,Revised definition vs CR 25/39 memo line (2020: 3.6 here vs 0.6 there).,,2026-09-28,research:grenada
o-31324a86d3,GRD,grd-cbi,cbi_fiscal_revenue_pct_revenue,2025-01/2025-04,cumulative,12,,percent,1,provisional,grd-mof-press-ima-2025,p. 1,"revenues in 2025 have returned to historical norms, representing approximately 12 percent of total government revenues.",Approximate; denominator 'total government revenues'.,,2026-09-28,research:grenada
o-123c566bfb,GRD,grd-cbi,cbi_inflows,2014-03/2015-12,cumulative,"70,200,000",,XCD,1,actual,grd-mof-cbistats-2014-15,"p. 5, column 'TOTAL as at December 2015', row 5 'Amounts due (calculated)'","TOTAL as at December 2015 ... 70,200,000","Amounts due calculated from approvals (NTF 10.8m, budgetary fees 5.4m, approved CBI projects 54.0m). Row 6 of the same table gives a Dec-15 cumulative of 71,685,000.",,2026-09-28,research:grenada
o-fddda6a6f7,GRD,grd-cbi,cbi_inflows,2014-09/2015-03,cumulative,5.4,,XCD,million,reported,grd-imf-ecf2-2015,"PDF p. 18, footnote 9","Since the beginning of the inflows in September 2014, the receipts have amounted to EC$5.4 million or around 0.2 percent of GDP in the six months to March 2015.",'Receipts' under the programme's arrears-clearance arrangement; unclear whether this covers all inflows or only public-sector receipts.,,2026-09-28,research:grenada
o-2997e378da,GRD,grd-cbi,cbi_inflows,2016,calendar_year,"77,287,500",,XCD,1,actual,grd-mof-cbistats-2016,"p. 1, row 5, TOTAL column","5. Amounts due (calculated)* 25,920,000 51,367,500 77,287,500","Gross amounts due from Cabinet approvals, incl. amounts invested in approved real-estate projects (34,425,000).",,2026-09-28,research:grenada
o-f77a96f77f,GRD,grd-cbi,cbi_inflows,2017-01/2017-09,cumulative,"116,910,000",,XCD,1,actual,grd-mof-cbistats-2017q3,"p. 1, row 5, TOTAL column","5. Amounts due (calculated)* 74,790,000 11,002,500 20,857,500 10,260,000 42,120,000 116,910,000",Gross amounts due from approvals.,,2026-09-28,research:grenada
o-b350d818a9,GRD,grd-cbi,cbi_inflows,2018,calendar_year,"152,550,000",,XCD,1,actual,grd-mof-cbistats-2018,"p. 1, row 5, TOTAL column","5. Amounts due (calculated)* 26,190,000 35,640,000 36,990,000 53,730,000 152,550,000","Gross amounts due from approvals: NTF 93,960,000; budgetary fees 9,450,000; approved CBI projects 49,140,000.",,2026-09-28,research:grenada
o-631c8ac17d,GRD,grd-cbi,cbi_inflows,2019,calendar_year,"169,087,500",,XCD,1,actual,grd-mof-cbistats-2019q4,"p. 1, row 6 'Amounts due - cumulative (calculated)', Dec-19 column","6. Amounts due - cumulative (calculated) 118,665,000 141,210,000 169,087,500 169,087,500",Year-to-date cumulative at December = calendar 2019. Gross amounts due from approvals.,,2026-09-28,research:grenada
o-ffb27ff7be,GRD,grd-cbi,cbi_inflows,2020,calendar_year,"252,855,000",,XCD,1,actual,grd-mof-cbistats-2020q4,"p. 1, row 5, TOTAL column","5. Amounts due (calculated)* 28,282,500 20,790,000 8,640,000 57,712,500 252,855,000","Gross amounts due from approvals (NTF 84,240,000; budgetary fees 17,280,000; approved CBI projects 151,335,000).",,2026-09-28,research:grenada
o-79108e1e98,GRD,grd-cbi,cbi_inflows,2021,calendar_year,"281,610,000",,XCD,1,actual,grd-mof-cbistats-2021q4,"p. 1, row 5, TOTAL column","5. Amounts due (calculated)* 26,730,000 45,630,000 22,950,000 95,310,000 281,610,000","Gross amounts due from approvals (NTF 88,020,000; budgetary fees 32,265,000; approved CBI projects 161,325,000).",,2026-09-28,research:grenada
o-48af1fc7b4,GRD,grd-cbi,cbi_inflows,2022,calendar_year,"274,860,000",,XCD,1,actual,grd-mof-cbistats-2022q4,"p. 1, row 6 'Amounts due - cumulative (calculated)', Dec-22 column","6. Amounts due - cumulative (calculated) 216,540,000 263,790,000 274,860,000 274,860,000","Year-to-date at December = calendar 2022. The cumulative row excludes 'Other Fees' (it sums NTF 51.3m, budgetary fees 37.26m, approved projects 186.3m). Much lower than IMF CBI inflows for 2022 (10.8-10.9% of GDP, i.e. roughly EC$360m).",,2026-09-28,research:grenada
o-b5dda8733a,GRD,grd-cbi,cbi_inflows,2023,calendar_year,"1,128,747,211",,XCD,1,actual,grd-mof-cbistats-2023q4,"p. 1, row 6 'Cumulative CBI Revenues', Dec-23 column","6. Cumulative CBI Revenues 945,182,949 1,016,597,202 1,128,747,211 1,128,747,211","Year-to-date at December = calendar 2023. 'CBI Estimated Revenues' based on Cabinet approvals: NTF 274,320,000; government contribution 134,325,000; related fees 48,477,211; due to developers 671,625,000. Consistent in size with IMF 31.3-31.6% of GDP.",,2026-09-28,research:grenada
o-89de933e38,GRD,grd-cbi,cbi_inflows_pct_gdp,2014-2022,average,5,,percent_of_gdp,1,estimate,grd-imf-art4-2023,"PDF p. 42, Annex II (External Sector Assessment)",Citizenship-by-Investment (CBI) revenues have averaged about 5 percent of GDP since the launch of the program in 2014.,Report says 'CBI revenues' in a balance-of-payments context; unclear whether gross inflows or government revenue. End year not stated (report data run to 2022). Approximate ('about').,,2026-09-28,research:grenada
o-a3766dab79,GRD,grd-cbi,cbi_inflows_pct_gdp,2015,calendar_year,4.25,,percent_of_gdp,1,budget,grd-imf-ecf2-2015,"PDF p. 18, para 18",the budget counts on significant inflows from CBI (4¼ percent of GDP),2015 budget assumption; transcribed from '4¼'. Actual 2015 CBI budget revenue was 0.5-0.7% of GDP (CR 16/133).,,2026-09-28,research:grenada
o-597c083ff4,GRD,grd-cbi,cbi_inflows_pct_gdp,2018,calendar_year,4.5,,percent_of_gdp,1,estimate,grd-imf-art4-2019,"PDF p. 10, para 4",Solid Citizenship-by-Investment (CBI) inflows (4½ percent of GDP) supported growth,Paragraph discusses 2017-18; year taken as 2018. Transcribed from '4½'.,,2026-09-28,research:grenada
o-28fab65a4f,GRD,grd-cbi,cbi_inflows_pct_gdp,2019,calendar_year,5.2,,percent_of_gdp,1,estimate,grd-imf-art4-2024,"PDF p. 33, Table 1 (memorandum items)",Citizenship-by-Investment (CBI) inflows (percent of GDP)            5.2       9.0            9.3     10.8     31.6      31.2     11.1,"IMF staff series based on authorities' data (Table 1 sources: country authorities, ECCB, IMF staff estimates).",,2026-09-28,research:grenada
o-7283a02d3e,GRD,grd-cbi,cbi_inflows_pct_gdp,2020,calendar_year,9.0,,percent_of_gdp,1,estimate,grd-imf-art4-2024,"PDF p. 33, Table 1 (memorandum items)",Citizenship-by-Investment (CBI) inflows (percent of GDP)            5.2       9.0            9.3     10.8     31.6      31.2     11.1,"IMF staff series based on authorities' data (Table 1 sources: country authorities, ECCB, IMF staff estimates).",,2026-09-28,research:grenada
o-956a833cc9,GRD,grd-cbi,cbi_inflows_pct_gdp,2021,unspecified,4,,percent_of_gdp,1,estimate,grd-imf-art4-2022,"PDF p. 37, Annex (External Sector Assessment), Capital and Financial Accounts",Citizenship-by-Investment (CBI) revenues are stable at 4 percent of GDP.,Period not stated; 2021 assumed as the latest year discussed in the same paragraph. 'Revenues' may mean inflows. Contrasts with CR 25/39 (9.3% of GDP inflows in 2021).,,2026-09-28,research:grenada
o-efc1fdb97a,GRD,grd-cbi,cbi_inflows_pct_gdp,2021,calendar_year,9.3,,percent_of_gdp,1,estimate,grd-imf-art4-2024,"PDF p. 33, Table 1 (memorandum items)",Citizenship-by-Investment (CBI) inflows (percent of GDP)            5.2       9.0            9.3     10.8     31.6      31.2     11.1,"IMF staff series based on authorities' data (Table 1 sources: country authorities, ECCB, IMF staff estimates).",,2026-09-28,research:grenada
o-39a72bc0e8,GRD,grd-cbi,cbi_inflows_pct_gdp,2022,calendar_year,10.8,,percent_of_gdp,1,estimate,grd-imf-art4-2024,"PDF p. 33, Table 1 (memorandum items)",Citizenship-by-Investment (CBI) inflows (percent of GDP)            5.2       9.0            9.3     10.8     31.6      31.2     11.1,"IMF staff series based on authorities' data (Table 1 sources: country authorities, ECCB, IMF staff estimates).",,2026-09-28,research:grenada
o-b9f854db98,GRD,grd-cbi,cbi_inflows_pct_gdp,2023,calendar_year,31.6,,percent_of_gdp,1,estimate,grd-imf-art4-2024,"PDF p. 33, Table 1 (memorandum items)",Citizenship-by-Investment (CBI) inflows (percent of GDP)            5.2       9.0            9.3     10.8     31.6      31.2     11.1,"IMF staff series based on authorities' data (Table 1 sources: country authorities, ECCB, IMF staff estimates).",,2026-09-28,research:grenada
o-3929404316,GRD,grd-cbi,cbi_inflows_pct_gdp,2023,calendar_year,31.3,,percent_of_gdp,1,estimate,grd-imf-art4-2025,"PDF p. 31, Table 1 (memorandum items)",Citizenship-by-Investment (CBI) inflows (percent of GDP)                     9.0          9.3     10.9        31.3       29.6     10.2        7.8,"Columns 2020-2030; 2025 marked 'Est.', 2026 onward projections. Differs slightly from CR 25/39 for 2023-2024 (31.6, 31.2) owing to GDP and data revisions.",,2026-09-28,research:grenada
o-883af41271,GRD,grd-cbi,cbi_inflows_pct_gdp,2024,calendar_year,31.2,,percent_of_gdp,1,estimate,grd-imf-art4-2024,"PDF p. 33, Table 1 (memorandum items)",Citizenship-by-Investment (CBI) inflows (percent of GDP)            5.2       9.0            9.3     10.8     31.6      31.2     11.1,"IMF staff series; 2024 marked 'Est.', 2025 onward projections. Earlier years based on authorities' data and staff estimates.",,2026-09-28,research:grenada
o-1e76f430f4,GRD,grd-cbi,cbi_inflows_pct_gdp,2024,calendar_year,29.6,,percent_of_gdp,1,estimate,grd-imf-art4-2025,"PDF p. 31, Table 1 (memorandum items)",Citizenship-by-Investment (CBI) inflows (percent of GDP)                     9.0          9.3     10.9        31.3       29.6     10.2        7.8,"Columns 2020-2030; 2025 marked 'Est.', 2026 onward projections. Differs slightly from CR 25/39 for 2023-2024 (31.6, 31.2) owing to GDP and data revisions.",,2026-09-28,research:grenada
o-b351fef4e6,GRD,grd-cbi,cbi_inflows_pct_gdp,2025,calendar_year,11.1,,percent_of_gdp,1,projection,grd-imf-art4-2024,"PDF p. 33, Table 1 (memorandum items)",Citizenship-by-Investment (CBI) inflows (percent of GDP)            5.2       9.0            9.3     10.8     31.6      31.2     11.1,"IMF staff series; 2024 marked 'Est.', 2025 onward projections. Earlier years based on authorities' data and staff estimates.",,2026-09-28,research:grenada
o-1a7bb51cbb,GRD,grd-cbi,cbi_inflows_pct_gdp,2025,calendar_year,10.2,,percent_of_gdp,1,estimate,grd-imf-art4-2025,"PDF p. 31, Table 1 (memorandum items)",Citizenship-by-Investment (CBI) inflows (percent of GDP)                     9.0          9.3     10.9        31.3       29.6     10.2        7.8,"Columns 2020-2030; 2025 marked 'Est.', 2026 onward projections. Differs slightly from CR 25/39 for 2023-2024 (31.6, 31.2) owing to GDP and data revisions.",,2026-09-28,research:grenada
o-7016e8dded,GRD,grd-cbi,cbi_inflows_pct_gdp,2026,calendar_year,7.8,,percent_of_gdp,1,projection,grd-imf-art4-2025,"PDF p. 31, Table 1 (memorandum items)",Citizenship-by-Investment (CBI) inflows (percent of GDP)                     9.0          9.3     10.9        31.3       29.6     10.2        7.8,"Columns 2020-2030; 2025 marked 'Est.', 2026 onward projections. Differs slightly from CR 25/39 for 2023-2024 (31.6, 31.2) owing to GDP and data revisions.",,2026-09-28,research:grenada
o-64f8befef8,GRD,grd-cbi,cbi_real_estate_inflows,2024,calendar_year,"562,005,854",,XCD,1,actual,grd-ima-stats-2024q4,"p. 1, row 5, Y-T-D column","5.Real Estate Investments (Inflows to Project Developer's Escrow Account) ... 562,005,854",Money paid by applicants into approved developers' escrow accounts; not government revenue.,,2026-09-28,research:grenada
o-555603b18a,GRD,grd-cbi,cbi_real_estate_inflows,2025,calendar_year,"211,216,473",,XCD,1,actual,grd-ima-stats-2025q4,"p. 1, row 5, Y-T-D column","5.Real Estate Investments (Inflows to Project Developer's Escrow Account) 211,216,473",,,2026-09-28,research:grenada
o-40ac84e4ff,GRD,grd-cbi,cbi_rejection_rate,2024,calendar_year,22.1,,percent,1,reported,intl-ec-swd-2025-429,"PDF p. 38, table (Eastern Caribbean), row ""Rejection rate (2024)""",Rejection rate (2024): 22.1%,"Data submitted to the Commission by national authorities, ""in some cases, partial"". Equals 2024 rejections / 2024 applications in the same table (93/420); not a cohort rate.",,2026-09-28,research:context-timeline
o-94d9d0c1fa,GRD,grd-cbi,passports_issued,2015-2023,cumulative,16086,,passports,1,reported,intl-ec-swd-2025-429,"PDF p. 38, table (Eastern Caribbean), row ""Total passports issued""",Total passports issued: 16 086 (2015-2023),"Data submitted to the Commission by national authorities, ""in some cases, partial"".",,2026-09-28,research:context-timeline
o-a00f393b2f,GRD,grd-cbi,passports_issued,2024,calendar_year,5180,,passports,1,reported,intl-ec-swd-2025-429,"PDF p. 38, table (Eastern Caribbean), row ""Total passports issued""",Total passports issued: 5 180 (2024),"Data submitted to the Commission by national authorities, ""in some cases, partial"". Exceeds 2024 applications (420) many times over; passports include family members and applications from earlier years.",,2026-09-28,research:context-timeline
o-bb7ab0b5a4,GRD,grd-cbi,passports_issued,2025-01/2025-03-31,partial_year,1518,,passports,1,reported,intl-ec-swd-2025-429,"PDF p. 38, table (Eastern Caribbean), row ""Total passports issued""",Total passports issued: 1 518 (2025 until 31/03),"Data submitted to the Commission by national authorities, ""in some cases, partial"".",,2026-09-28,research:context-timeline
o-803b31764c,GRD,grd-ecp,persons_naturalised,1999-2001,cumulative,545,,persons,1,claim,grd-bestcitizens-2019,section on 2001 review,A review in early 2001 by the Grenada International Financial Services Authority found that a total of 545 passports were issued over the previous two years,"Economic Citizenship Program (1997-2001), not the current programme. Passports, not necessarily persons. Industry blog, no primary document found.",,2026-09-28,research:grenada
o-990ea3a211,GRD,grd-cbi,persons_naturalised,2014-03/2015-12,cumulative,246,,persons,1,actual,grd-mof-cbistats-2014-15,"p. 5, column 'TOTAL as at December 2015'",TOTAL as at December 2015 ... 246,"Values read from the TOTAL column (row order: applications received, approved, new citizens). 'Number of new citizens' (main applicants and dependants) approved by Cabinet.",,2026-09-28,research:grenada
o-13d7392a08,GRD,grd-cbi,persons_naturalised,2014-2022,cumulative,"7,000",,persons,1,claim,grd-nowgrenada-2022-12,summary bullets,"Since 2014, CBI programme has resulted in over 7,000 new citizens of Grenada",'Over'; lower bound.,,2026-09-28,research:grenada
o-1f89c39f12,GRD,grd-cbi,persons_naturalised,2014-2023-06,cumulative,"8,000",,persons,1,reported,grd-nowgrenada-2023-09,para 3,"based on published data from the Ministry of Finance, over 8,000 people have gained Grenada citizenship through the programme",Journalist's tally of MoF data; lower bound.,,2026-09-28,research:grenada
o-eb40b42ae9,GRD,grd-cbi,persons_naturalised,2016,calendar_year,484,,persons,1,actual,grd-mof-cbistats-2016,"p. 1, TOTAL column",3. Number of new citizens ... 159 325 484, 'Number of new citizens' (main applicants and dependants) approved by Cabinet.,,2026-09-28,research:grenada
o-4bc265299d,GRD,grd-cbi,persons_naturalised,2017-01/2017-09,cumulative,705,,persons,1,actual,grd-mof-cbistats-2017q3,"p. 1, TOTAL column",3. Number of new citizens 449 65 122 69 256 705, 'Number of new citizens' (main applicants and dependants) approved by Cabinet.,,2026-09-28,research:grenada
o-c2c1b6e239,GRD,grd-cbi,persons_naturalised,2018,calendar_year,851,,persons,1,actual,grd-mof-cbistats-2018,"p. 1, TOTAL column",3. Number of new citizens 109 198 246 298 851, 'Number of new citizens' (main applicants and dependants) approved by Cabinet.,,2026-09-28,research:grenada
o-d022bf99c7,GRD,grd-cbi,persons_naturalised,2020,calendar_year,"1,111",,persons,1,actual,grd-mof-cbistats-2020q4,"p. 1, TOTAL column","3. Number of new citizens 121 97 34 252 1,111", 'Number of new citizens' (main applicants and dependants) approved by Cabinet.,,2026-09-28,research:grenada
o-69e1985e7c,GRD,grd-cbi,persons_naturalised,2021,calendar_year,"1,272",,persons,1,actual,grd-mof-cbistats-2021q4,"p. 1, TOTAL column","3. Number of new citizens 101 204 102 407 1,272", 'Number of new citizens' (main applicants and dependants) approved by Cabinet.,,2026-09-28,research:grenada
o-fffa22b8f2,GRD,grd-cbi,persons_naturalised,2022-01/2022-09,cumulative,"1,058",,persons,1,reported,grd-nowgrenada-2022-12,para 4,"1,058 people were approved for citizenship through CBI between January and September 2022",Reports an October 2022 government announcement.,,2026-09-28,research:grenada
o-c095705f68,GRD,grd-cbi,persons_naturalised,2023-01/2023-06,cumulative,"2,011",,persons,1,reported,grd-nowgrenada-2023-09,summary bullets,"From January to June 2023, Cabinet approved 2,011 new citizens","Equals MoF Q1 (980) plus the first-published Q2 figure (1,031); the revised Q2 figure (1,536) implies more.",,2026-09-28,research:grenada
o-29764e4d34,GRD,grd-cbi,persons_naturalised,2023-Q1,quarter,980,,persons,1,actual,grd-mof-cbistats-2023q1,"p. 1, row 3, quarter column",3. Number of new citizens 245 157 578 980,,,2026-09-28,research:grenada
o-99e3f078a1,GRD,grd-cbi,persons_naturalised,2023-Q2,quarter,"1,031",,persons,1,provisional,grd-mof-cbistats-2023q2-v1,"p. 1, row 3, quarter column","3. Number of new citizens 436 75 520 1,031","First published version; May-23 later revised from 75 to 580, raising the quarter to 1,536 (grd-mof-cbistats-2023q2-v2). Media figure of 2,011 for H1 2023 used this version. Should be marked superseded by the revised row.",,2026-09-28,research:grenada
o-9d3bc4c0ce,GRD,grd-cbi,persons_naturalised,2023-Q2,quarter,"1,536",,persons,1,actual,grd-mof-cbistats-2023q2-v2,"p. 1, row 3, quarter column","3. Number of new citizens 436 580 520 1,536","Revised figure; the first published Q2 2023 sheet showed 1,031 (see grd-mof-cbistats-2023q2-v1).",,2026-09-28,research:grenada
o-8a1c638100,GRD,grd-cbi,persons_naturalised,2023-Q3,quarter,"1,112",,persons,1,actual,grd-mof-cbistats-2023q3,"p. 1, row 3, quarter column","3. Number of new citizens 329 424 359 1,112",,,2026-09-28,research:grenada
o-2aef1c01ec,GRD,grd-cbi,persons_naturalised,2023-Q4,quarter,"1,166",,persons,1,actual,grd-mof-cbistats-2023q4,"p. 1, row 3, quarter column","3. Number of new citizens 321 346 499 1,166",,,2026-09-28,research:grenada
o-b2d4a1f307,GRD,grd-cbi,persons_naturalised,2024,calendar_year,"5,443",,persons,1,actual,grd-ima-stats-2024q4,"p. 1, column 'Y-T-D' (Q4 2024 report)","3. Number of New Citizens 161 172 249 582 5,443",Main applicants and dependants.,,2026-09-28,research:grenada
o-a72dbcd41d,GRD,grd-cbi,persons_naturalised,2025,calendar_year,"1,124",,persons,1,actual,grd-ima-stats-2025q4,"p. 1, column 'Y-T-D' (Q4 2025 report)","3. Number of New Citizens 24 41 34 99 1,124","IMA note (from Q4 2025): 'The data for ""Number of New Citizens"" represents the number of individuals who have been granted citizenship and will reflect this definition going forward.'",,2026-09-28,research:grenada
o-e9fce54989,GRD,grd-cbi,persons_naturalised,2026-Q1,quarter,539,,persons,1,actual,grd-ima-stats-2026q1,"p. 1, column 'Total'",3. Number of New Citizens 157 217 165 539 539,"IMA note (from Q4 2025): 'The data for ""Number of New Citizens"" represents the number of individuals who have been granted citizenship and will reflect this definition going forward.'",,2026-09-28,research:grenada
o-ab14172da6,INTL,,applications_approved,2011-2019,cumulative,42180,,applications,1,reported,intl-ep-res-2022-0065,"OJ C 347/99, recital J","the EPRS EAVA Study estimates that, from 2011 to 2019, 42 180 applications under CBI/RBI schemes were approved and more than 132 000 persons, including family members of applicants from third countries, obtained residence or citizenship in Member States via CBI/RBI schemes with the total investment estimated at EUR 21,4 billion","EU Member States aggregate, CBI and RBI combined; EPRS European Added Value Assessment estimate cited by Parliament. The EPRS study itself was not retrieved (europarl.europa.eu blocks scripted access).",,2026-09-28,research:context-timeline
o-7d04b3aa2f,INTL,,applications_received,2023,calendar_year,13113,,applications,1,reported,intl-ec-com-2025-792,"p. 7 (printed), PDF p. 8","The number of applications remains high, with 13,113 in 2023 and 10,573 in 2024.",Aggregate of the five Eastern Caribbean CBI states.,,2026-09-28,research:context-timeline
o-a10d5c0691,INTL,,applications_received,2023,calendar_year,13113,,applications,1,reported,intl-ec-swd-2025-429,PDF p. 37,"the total number of investor citizenship schemes applications across the five countries, has remained substantial (13,113 in 2023, 10,573 in 2024)",Aggregate of five states.,,2026-09-28,research:context-timeline
o-3e5f41e7ca,INTL,,applications_received,2024,calendar_year,10573,,applications,1,reported,intl-ec-com-2025-792,"p. 7 (printed), PDF p. 8","The number of applications remains high, with 13,113 in 2023 and 10,573 in 2024.",Aggregate of the five Eastern Caribbean CBI states.,,2026-09-28,research:context-timeline
o-109d22c250,INTL,,applications_received,2024,calendar_year,10573,,applications,1,reported,intl-ec-swd-2025-429,PDF p. 37,"the total number of investor citizenship schemes applications across the five countries, has remained substantial (13,113 in 2023, 10,573 in 2024)",Aggregate of five states. Note: the five 2024 values in the SWD table (1 733 + 3 893 + 420 + 223 + 4 304) sum to 10 573.,,2026-09-28,research:context-timeline
o-f495fd1d6a,INTL,,cbi_rbi_investment,2011-2019,cumulative,21.4,,EUR,billion,reported,intl-ep-res-2022-0065,"OJ C 347/99, recital J","the EPRS EAVA Study estimates that, from 2011 to 2019, 42 180 applications under CBI/RBI schemes were approved and more than 132 000 persons, including family members of applicants from third countries, obtained residence or citizenship in Member States via CBI/RBI schemes with the total investment estimated at EUR 21,4 billion","EU Member States aggregate, CBI and RBI combined; decimal comma in source.",,2026-09-28,research:context-timeline
o-5e60027a86,INTL,,cbi_rbi_persons,2011-2019,cumulative,132000,,persons,1,reported,intl-ep-res-2022-0065,"OJ C 347/99, recital J","the EPRS EAVA Study estimates that, from 2011 to 2019, 42 180 applications under CBI/RBI schemes were approved and more than 132 000 persons, including family members of applicants from third countries, obtained residence or citizenship in Member States via CBI/RBI schemes with the total investment estimated at EUR 21,4 billion","""more than 132 000""; includes family members; EU Member States aggregate, CBI and RBI combined.",,2026-09-28,research:context-timeline
o-ea1f32e693,INTL,,eu_sugar_protocol_adjustment_aid,2006,calendar_year,40000000,,EUR,1,budget,intl-eu-reg-266-2006,"Article 8, OJ L 50/4",The financial reference amount for implementation of this Regulation for 2006 shall be EUR 40 000 000,For all 18 Sugar Protocol countries listed in the Annex (incl. St Kitts and Nevis).,,2026-09-28,research:context-timeline
o-666abfce98,INTL,,eu_sugar_protocol_adjustment_aid,2007-2013,cumulative,1.3,,EUR,billion,reported,kna-sugar-imf-cr07141,"PDF p. 24, footnote 5","The EU has announced that €1.3 billion will be made available to ACP sugar producers during 2007–13, but neither country allocations nor disbursement modalities have been finalized.",IMF citing an EU announcement; country allocation for St Kitts not found.,,2026-09-28,research:context-timeline
o-cd56b6d985,INTL,,eu_sugar_reference_price_raw,MY2006/2007,marketing_year,496.8,,EUR_per_tonne,1,actual,intl-eu-reg-318-2006,"Article 3(2), OJ L 58/6","EUR 496,8 per tonne for each of the marketing years 2006/2007 and 2007/2008","Legislated EU reference price (not a market outturn); decimal comma in source. ""as from 2009/2010"" applies to later years too. EU-wide (jurisdiction INTL = European Union).",,2026-09-28,research:context-timeline
o-718dd6965b,INTL,,eu_sugar_reference_price_raw,MY2007/2008,marketing_year,496.8,,EUR_per_tonne,1,actual,intl-eu-reg-318-2006,"Article 3(2), OJ L 58/6","EUR 496,8 per tonne for each of the marketing years 2006/2007 and 2007/2008","Legislated EU reference price (not a market outturn); decimal comma in source. ""as from 2009/2010"" applies to later years too. EU-wide (jurisdiction INTL = European Union).",,2026-09-28,research:context-timeline
o-a369272089,INTL,,eu_sugar_reference_price_raw,MY2008/2009,marketing_year,448.8,,EUR_per_tonne,1,actual,intl-eu-reg-318-2006,"Article 3(2), OJ L 58/6","EUR 448,8 per tonne for the marketing year 2008/2009","Legislated EU reference price (not a market outturn); decimal comma in source. ""as from 2009/2010"" applies to later years too. EU-wide (jurisdiction INTL = European Union).",,2026-09-28,research:context-timeline
o-d8a9e391c5,INTL,,eu_sugar_reference_price_raw,MY2009/2010,marketing_year,335.2,,EUR_per_tonne,1,actual,intl-eu-reg-318-2006,"Article 3(2), OJ L 58/6","EUR 335,2 per tonne as from marketing year 2009/2010","Legislated EU reference price (not a market outturn); decimal comma in source. ""as from 2009/2010"" applies to later years too. EU-wide (jurisdiction INTL = European Union).",,2026-09-28,research:context-timeline
o-c6ac470b3c,INTL,,eu_sugar_reference_price_white,MY2006/2007,marketing_year,631.9,,EUR_per_tonne,1,actual,intl-eu-reg-318-2006,"Article 3(1), OJ L 58/6","EUR 631,9 per tonne for each of the marketing years 2006/2007 and 2007/2008","Legislated EU reference price (not a market outturn); decimal comma in source. ""as from 2009/2010"" applies to later years too. EU-wide (jurisdiction INTL = European Union).",,2026-09-28,research:context-timeline
o-1439cbb640,INTL,,eu_sugar_reference_price_white,MY2007/2008,marketing_year,631.9,,EUR_per_tonne,1,actual,intl-eu-reg-318-2006,"Article 3(1), OJ L 58/6","EUR 631,9 per tonne for each of the marketing years 2006/2007 and 2007/2008","Legislated EU reference price (not a market outturn); decimal comma in source. ""as from 2009/2010"" applies to later years too. EU-wide (jurisdiction INTL = European Union).",,2026-09-28,research:context-timeline
o-0cb61a45b9,INTL,,eu_sugar_reference_price_white,MY2008/2009,marketing_year,541.5,,EUR_per_tonne,1,actual,intl-eu-reg-318-2006,"Article 3(1), OJ L 58/6","EUR 541,5 per tonne for the marketing year 2008/2009","Legislated EU reference price (not a market outturn); decimal comma in source. ""as from 2009/2010"" applies to later years too. EU-wide (jurisdiction INTL = European Union).",,2026-09-28,research:context-timeline
o-562041b2ce,INTL,,eu_sugar_reference_price_white,MY2009/2010,marketing_year,404.4,,EUR_per_tonne,1,actual,intl-eu-reg-318-2006,"Article 3(1), OJ L 58/6","EUR 404,4 per tonne as from the marketing year 2009/2010","Legislated EU reference price (not a market outturn); decimal comma in source. ""as from 2009/2010"" applies to later years too. EU-wide (jurisdiction INTL = European Union).",,2026-09-28,research:context-timeline
o-5d0a773ed8,INTL,,passports_issued,to 2023-10,cumulative,88000,,passports,1,reported,intl-ec-com-2023-730,"p. 37 (printed), section ""Eastern Caribbean States""","with a total of at least 88 000 passports issued to date. For certain countries, this number is above 30 000 (34 500 passports issued by Dominica; 36 742 by Saint Kitts and Nevis).","Aggregate of ATG, DMA, GRD, KNA, LCA; ""at least""; based on information from national authorities; start year not stated.",,2026-09-28,research:context-timeline
o-46f18788cc,INTL,,passports_issued,to 2025,cumulative,107000,,passports,1,estimate,intl-ec-com-2025-792,"p. 7 (printed), PDF p. 8","It is estimated that around 107,000 passports have been issued through the schemes operated by these countries.","Aggregate of the five Eastern Caribbean CBI states; ""around"". SWD(2025) 429 gives 107,625.",,2026-09-28,research:context-timeline
o-f2f94fd50a,INTL,,passports_issued,to 2025,cumulative,107625,,passports,1,estimate,intl-ec-swd-2025-429,PDF p. 37,"To date, an estimated 107,625 passports have been issued across the five Eastern Caribbean investor citizenship schemes operating countries.",Aggregate of five states.,,2026-09-28,research:context-timeline
o-566836e5b6,KNA,kna-cbi,applications_received,2015-2023,cumulative,19655,,applications,1,reported,intl-ec-swd-2025-429,"PDF p. 37, table (Eastern Caribbean), row ""Total applications received""",Total applications received: 19 655 (2015-2023),"Data submitted to the Commission by national authorities, ""in some cases, partial"".",,2026-09-28,research:context-timeline
o-86af44865e,KNA,kna-cbi,applications_received,2015-2023,cumulative,19655,,applications,1,reported,kna-ec-swd-2025-429,"PDF pp. 36-37, section II 'Eastern Caribbean', table of data submitted by the five countries",19 655 (2015-2023),Data submitted by St. Kitts and Nevis to the European Commission. Applications may cover a whole family.,,2026-09-28,research:st-kitts-nevis
o-a113bceef4,KNA,kna-cbi,applications_received,2023,calendar_year,1987,,applications,1,reported,intl-ec-swd-2025-429,PDF p. 37,"In Saint Kitts and Nevis, the volume of applications went from 1,987 in 2023 to 223 in 2024 and in Grenada from 2,297 to 420 applications. [...] Antigua and Barbuda recorded a notable increase, from 685 in 2023 to 1,733 in 2024.",From the text; the table does not show 2023 for these countries.,,2026-09-28,research:context-timeline
o-48d0545dfb,KNA,kna-cbi,applications_received,2023,calendar_year,1987,,applications,1,reported,kna-ec-swd-2025-429,"PDF p. 37, text","In Saint Kitts and Nevis, the volume of applications went from 1,987 in 2023 to 223 in 2024",Location corrected by page check (2026-09-28).,,2026-09-28,research:st-kitts-nevis
o-edce2584ea,KNA,kna-cbi,applications_received,2024,calendar_year,223,,applications,1,reported,intl-ec-swd-2025-429,"PDF p. 37, table (Eastern Caribbean), row ""Total applications received""",Total applications received: 223 (2024),"Data submitted to the Commission by national authorities, ""in some cases, partial"". Sharp fall; the SWD does not explain it (possibly the 2023-24 programme overhaul/price rise; not stated).",,2026-09-28,research:context-timeline
o-fbb2307db2,KNA,kna-cbi,applications_received,2024,calendar_year,223,,applications,1,reported,kna-ec-swd-2025-429,"PDF p. 37, text and table","In Saint Kitts and Nevis, the volume of applications went from 1,987 in 2023 to 223 in 2024",An 89% fall; contrasts with CIU claims of increased applications after the Oct 2024 restructuring. Location corrected by page check (2026-09-28).,,2026-09-28,research:st-kitts-nevis
o-736c14a654,KNA,kna-cbi,applications_received,2024-01-01/2024-06-30,partial_year,98,,applications,1,reported,kna-imidaily-2024-12-10,article body,"Applications plummeted to 98 in the first half of 2024 from 1,987 in 2023.",Media report attributing to EU Seventh VSM report; primary not verified.,,2026-09-28,research:st-kitts-nevis
o-ed5a866440,KNA,kna-cbi,applications_received,2025-01-01/2025-04-30,partial_year,171,,applications,1,reported,kna-ec-swd-2025-429,"PDF pp. 36-37, section II 'Eastern Caribbean', table of data submitted by the five countries",171 (2025 until 30/4),,,2026-09-28,research:st-kitts-nevis
o-b95b3193f6,KNA,kna-cbi,applications_received,2025-01/2025-04-30,partial_year,171,,applications,1,reported,intl-ec-swd-2025-429,"PDF p. 37, table (Eastern Caribbean), row ""Total applications received""",Total applications received: 171 (2025 until 30/4),"Data submitted to the Commission by national authorities, ""in some cases, partial"".",,2026-09-28,research:context-timeline
o-d93bb0c750,KNA,kna-cbi,applications_rejected,2015-2023,cumulative,739,,applications,1,reported,intl-ec-swd-2025-429,"PDF p. 37, table (Eastern Caribbean), row ""Rejections""",Rejections: 739 (2015-2023),"Data submitted to the Commission by national authorities, ""in some cases, partial"".",,2026-09-28,research:context-timeline
o-dc2ef4519f,KNA,kna-cbi,applications_rejected,2015-2023,cumulative,739,,applications,1,reported,kna-ec-swd-2025-429,"PDF pp. 36-37, section II 'Eastern Caribbean', table of data submitted by the five countries",739 (2015-2023),,,2026-09-28,research:st-kitts-nevis
o-3739022de4,KNA,kna-cbi,applications_rejected,2024,calendar_year,98,,applications,1,reported,intl-ec-swd-2025-429,"PDF p. 37, table (Eastern Caribbean), row ""Rejections""",Rejections: 98 (2024),"Data submitted to the Commission by national authorities, ""in some cases, partial"".",,2026-09-28,research:context-timeline
o-397c99ac44,KNA,kna-cbi,applications_rejected,2024,calendar_year,98,,applications,1,reported,kna-ec-swd-2025-429,"PDF pp. 36-37, section II 'Eastern Caribbean', table of data submitted by the five countries",98 (2024),"The table gives a 2024 rejection rate of 43.9% for St. Kitts and Nevis, the highest of the five.",,2026-09-28,research:st-kitts-nevis
o-9d910cf5fd,KNA,kna-cbi,applications_rejected,2025-01-01/2025-04-30,partial_year,86,,applications,1,reported,kna-ec-swd-2025-429,"PDF pp. 36-37, section II 'Eastern Caribbean', table of data submitted by the five countries",86 (2025 until 30/4),,,2026-09-28,research:st-kitts-nevis
o-2a9d8373e8,KNA,kna-cbi,applications_rejected,2025-01/2025-04-30,partial_year,86,,applications,1,reported,intl-ec-swd-2025-429,"PDF p. 37, table (Eastern Caribbean), row ""Rejections""",Rejections: 86 (2025 until 30/4),"Data submitted to the Commission by national authorities, ""in some cases, partial"".",,2026-09-28,research:context-timeline
o-595b462d6c,KNA,kna-cbi,cbi_capital_account_inflows_pct_gdp,2020-2023,average,7.5,,percent_of_gdp,1,estimate,kna-imf-art4-2025,"PDF p. 44, External Sector Assessment, 'Capital and Financial Accounts' box","While CBI inflows to the capital account averaging 7.5 percent of GDP during 2020-2023, they are projected to decline to 2.9 percent of GDP in 2024.",Capital-account component of CBI inflows (separate from budgetary fees in services).,,2026-09-28,research:st-kitts-nevis
o-8f9a008513,KNA,kna-cbi,cbi_capital_account_inflows_pct_gdp,2024,calendar_year,2.9,,percent_of_gdp,1,projection,kna-imf-art4-2025,"PDF p. 44, External Sector Assessment, 'Capital and Financial Accounts' box",they are projected to decline to 2.9 percent of GDP in 2024,,,2026-09-28,research:st-kitts-nevis
o-8bbe961f37,KNA,kna-cbi,cbi_fiscal_revenue,2016,calendar_year,175,,XCD,million,actual,kna-audit-report-2016,"PDF p. 17, section Recurrent Revenue",Citizenship by Investment Unit ($175 million).,"Federal Government of St. Kitts only (excludes Nevis Island Administration). Revenue collected by the Citizenship by Investment Unit (includes fund contributions, application and due diligence fees). CIU collections. Same page: CBI fees 92% of CIU collections, rest application and due diligence fees.",,2026-09-28,research:st-kitts-nevis
o-b802d1f501,KNA,kna-cbi,cbi_fiscal_revenue,2016,calendar_year,175263635,,XCD,1,actual,kna-mof-estimates-2018-v1,"PDF p. 12, section 2.1 Financial Summary by Economic Classification","Citizenship by Investment 110,000,000 120,000,000 168,000,000 170,000,000 (2,000,000) 175,263,635",Federal Government of St. Kitts only (excludes Nevis Island Administration). Last column = 2016 Actual.,,2026-09-28,research:st-kitts-nevis
o-9ad7ead992,KNA,kna-cbi,cbi_fiscal_revenue,2017,calendar_year,140146855,,XCD,1,estimate,kna-mof-estimates-2018-v1,"PDF p. 16, section 2.2 Fiscal Operations","Citizenship by Investment 168,000,000 140,146,855 170,000,000 175,263,635","Federal Government of St. Kitts only (excludes Nevis Island Administration). Second column = 2017 Projections (in-year estimate at budget time); the 2017 approved estimate was 170,000,000. Compare 2017 actual 149,411,767 in the 2019 Estimates.",,2026-09-28,research:st-kitts-nevis
o-db44171e72,KNA,kna-cbi,cbi_fiscal_revenue,2017,calendar_year,149411767,,XCD,1,actual,kna-mof-estimates-2019-v1,"PDF p. 11, section 2.1 Financial Summary by Economic Classification","Citizenship by Investment 100,000,000 120,000,000 230,000,000 168,000,000 62,000,000 149,411,767",Federal Government of St. Kitts only (excludes Nevis Island Administration). Last column = 2017 Actual.,,2026-09-28,research:st-kitts-nevis
o-1367509813,KNA,kna-cbi,cbi_fiscal_revenue,2018,calendar_year,418,,XCD,million,actual,kna-audit-report-2018,"PDF p. 23, section Recurrent Revenue",This Unit collected $418 million in 2018.,"Federal Government of St. Kitts only (excludes Nevis Island Administration). Revenue collected by the Citizenship by Investment Unit (includes fund contributions, application and due diligence fees). Breakdown on same page: government fees $78m; Hurricane Relief Fund $242m; Sustainable Growth Fund $2m; application fees $8m; background checks $88m. The 2019 Estimates had projected 363,756,282 for 2018.",,2026-09-28,research:st-kitts-nevis
o-dda9b7bc45,KNA,kna-cbi,cbi_fiscal_revenue,2018,calendar_year,168000000,,XCD,1,budget,kna-mof-estimates-2018-v1,"PDF p. 16, section 2.2 Fiscal Operations","Citizenship by Investment 168,000,000 140,146,855 170,000,000 175,263,635",Federal Government of St. Kitts only (excludes Nevis Island Administration). First column = 2018 Estimates. Audited 2018 CIU collections were $418 million (audit report 2018).,,2026-09-28,research:st-kitts-nevis
o-4173f44f10,KNA,kna-cbi,cbi_fiscal_revenue,2018,calendar_year,363756282,,XCD,1,estimate,kna-mof-estimates-2019-v1,"PDF p. 15, section 2.2 Fiscal Operations","Citizenship by Investment 230,000,000 363,756,282 168,000,000 149,411,767",Federal Government of St. Kitts only (excludes Nevis Island Administration). Second column = 2018 Projections. Audited 2018 CIU collections were about $418 million.,,2026-09-28,research:st-kitts-nevis
o-d375d49436,KNA,kna-cbi,cbi_fiscal_revenue,2019,calendar_year,443,,XCD,million,actual,kna-audit-report-2019,"PDF p. 23, section Recurrent Revenue",This Unit collected almost $443 million in 2019.,"Federal Government of St. Kitts only (excludes Nevis Island Administration). Revenue collected by the Citizenship by Investment Unit (includes fund contributions, application and due diligence fees). 'almost'. Breakdown: government fees $168m; HRF $139m; SGF $78m; application fees $12m; background checks $46m.",,2026-09-28,research:st-kitts-nevis
o-b95dabdc63,KNA,kna-cbi,cbi_fiscal_revenue,2019,calendar_year,443,,XCD,million,actual,kna-imf-art4-2021,"PDF p. 17 (printed p. 13), text table 'General Government Fiscal Operations, 2019-21'",o/w: Citizenship by investment (CBI) Budgetary Receipts 443 295 259 250 350,"Columns: 2019 Actual, 2020 Budget, 2020 Actual, 2021 Budget, 2021 IMF Staff. General government.",,2026-09-28,research:st-kitts-nevis
o-409b1f842b,KNA,kna-cbi,cbi_fiscal_revenue,2019,calendar_year,442.6,,XCD,million,estimate,kna-imf-art4-2023,"PDF p. 34 (printed p. 30), Table 3 Balance of Payments, 2019-28",o/w Citizenship-by-investment budgetary fees 442.6 270.8 542.6 678.2 539.1 505.5 467.3 424.4 393.5 358.6,Recorded under services exports in the IMF balance of payments (budgetary fees only; real-estate CBI flows are elsewhere in the BoP). 2022 marked Est.; 2023-2028 projections not recorded.,,2026-09-28,research:st-kitts-nevis
o-f1e37627d9,KNA,kna-cbi,cbi_fiscal_revenue,2019,calendar_year,230000000,,XCD,1,budget,kna-mof-estimates-2019-v1,"PDF p. 15, section 2.2 Fiscal Operations","Citizenship by Investment 230,000,000 363,756,282 168,000,000 149,411,767",Federal Government of St. Kitts only (excludes Nevis Island Administration). First column = 2019 Estimates.,,2026-09-28,research:st-kitts-nevis
o-fb8d3a4738,KNA,kna-cbi,cbi_fiscal_revenue,2019,calendar_year,442617122,,XCD,1,actual,kna-mof-estimates-2021-v1,"PDF p. 12, section 2.1 Financial Summary by Economic Classification","Citizenship by Investment 158,981,819 189,264,070 250,000,000 295,000,000 (45,000,000) 442,617,122",Federal Government of St. Kitts only (excludes Nevis Island Administration). Last column = 2019 Actual.,,2026-09-28,research:st-kitts-nevis
o-862dcf628b,KNA,kna-cbi,cbi_fiscal_revenue,2019,calendar_year,443,,XCD,million,claim,kna-sknis-pm-cbi-speech-2024-10-17,bulleted list after 'Let us examine the numbers',"In 2019, CBI generated EC$443 million for the Federal Government.","Prime Minister's speech; rounded, unaudited. Consistent with audited/estimates figures to within ~EC$1m.",,2026-09-28,research:st-kitts-nevis
o-fbe8da0cfe,KNA,kna-cbi,cbi_fiscal_revenue,2020,calendar_year,270,,XCD,million,actual,kna-audit-report-2020,"PDF p. 25, section Recurrent Revenue",This collection amounted to $270 million in 2020.,"Federal Government of St. Kitts only (excludes Nevis Island Administration). Revenue collected by the Citizenship by Investment Unit (includes fund contributions, application and due diligence fees). ",,2026-09-28,research:st-kitts-nevis
o-40ff4ef339,KNA,kna-cbi,cbi_fiscal_revenue,2020,calendar_year,295,,XCD,million,budget,kna-imf-art4-2021,"PDF p. 17 (printed p. 13), text table 'General Government Fiscal Operations, 2019-21'",o/w: Citizenship by investment (CBI) Budgetary Receipts 443 295 259 250 350,2020 Budget column. The same report's variance table (PDF p. 11) shows the 2020 budget for CBI as 298 - an internal inconsistency.,,2026-09-28,research:st-kitts-nevis
o-9bf4796533,KNA,kna-cbi,cbi_fiscal_revenue,2020,calendar_year,298,,XCD,million,budget,kna-imf-art4-2021,"PDF p. 11, text table on 2020 budget vs actual",CBI 298 259 -39 -1.5,"Columns: Budget (A), Actual (B), difference (EC$m), percent of 2020 GDP. Conflicts with 295 on PDF p. 17 of the same report.",,2026-09-28,research:st-kitts-nevis
o-ded0820035,KNA,kna-cbi,cbi_fiscal_revenue,2020,calendar_year,259,,XCD,million,actual,kna-imf-art4-2021,"PDF p. 17 (printed p. 13), text table 'General Government Fiscal Operations, 2019-21'",o/w: Citizenship by investment (CBI) Budgetary Receipts 443 295 259 250 350,"General government 'actual' 259 vs Federal Government actual 270,807,661 (2022 Estimates) and audited CIU collections $270m - the IMF general-government figure is ~EC$12m lower; definitions (e.g. netting) unexplained.",,2026-09-28,research:st-kitts-nevis
o-4b794b070e,KNA,kna-cbi,cbi_fiscal_revenue,2020,calendar_year,270.8,,XCD,million,estimate,kna-imf-art4-2023,"PDF p. 34 (printed p. 30), Table 3 Balance of Payments, 2019-28",o/w Citizenship-by-investment budgetary fees 442.6 270.8 542.6 678.2 539.1 505.5 467.3 424.4 393.5 358.6,Recorded under services exports in the IMF balance of payments (budgetary fees only; real-estate CBI flows are elsewhere in the BoP). 2022 marked Est.; 2023-2028 projections not recorded.,,2026-09-28,research:st-kitts-nevis
o-1c700b8ebb,KNA,kna-cbi,cbi_fiscal_revenue,2020,calendar_year,295000000,,XCD,1,budget,kna-mof-estimates-2021-v1,"PDF p. 16, section 2.2 Fiscal Operations","Citizenship by Investment 250,000,000 261,444,997 295,000,000 442,617,122",Federal Government of St. Kitts only (excludes Nevis Island Administration). Third column = 2020 Approved Estimates.,,2026-09-28,research:st-kitts-nevis
o-8ebe38704d,KNA,kna-cbi,cbi_fiscal_revenue,2020,calendar_year,261444997,,XCD,1,estimate,kna-mof-estimates-2021-v1,"PDF p. 16, section 2.2 Fiscal Operations","Citizenship by Investment 250,000,000 261,444,997 295,000,000 442,617,122",Federal Government of St. Kitts only (excludes Nevis Island Administration). Second column = 2020 Projections.,,2026-09-28,research:st-kitts-nevis
o-ca5c817a11,KNA,kna-cbi,cbi_fiscal_revenue,2020,calendar_year,270807661,,XCD,1,actual,kna-mof-estimates-2022-v1,"PDF p. 12, section 2.1 Financial Summary by Economic Classification","Citizenship by Investment 250,000,000 300,000,000 400,000,000 250,000,000 270,807,661",Federal Government of St. Kitts only (excludes Nevis Island Administration). Last column = 2020 Actual.,,2026-09-28,research:st-kitts-nevis
o-610e4bbeb8,KNA,kna-cbi,cbi_fiscal_revenue,2020,calendar_year,271,,XCD,million,claim,kna-sknis-pm-cbi-speech-2024-10-17,bulleted list after 'Let us examine the numbers',"In 2020, it generated EC$271 million.","Prime Minister's speech; rounded, unaudited. Consistent with audited/estimates figures to within ~EC$1m.",,2026-09-28,research:st-kitts-nevis
o-ac49dc136f,KNA,kna-cbi,cbi_fiscal_revenue,2021,calendar_year,543,,XCD,million,actual,kna-audit-report-2021,"PDF p. 21, section Recurrent Revenue",This collection amounted to $543 million in 2021.,"Federal Government of St. Kitts only (excludes Nevis Island Administration). Revenue collected by the Citizenship by Investment Unit (includes fund contributions, application and due diligence fees). Breakdown: government fees $278m; HRF $333 thousand; SGF $123m; application fees $27m; background checks $114m.",,2026-09-28,research:st-kitts-nevis
o-3f9d6f45e5,KNA,kna-cbi,cbi_fiscal_revenue,2021,calendar_year,350,,XCD,million,projection,kna-imf-art4-2021,"PDF p. 17 (printed p. 13), text table 'General Government Fiscal Operations, 2019-21'",o/w: Citizenship by investment (CBI) Budgetary Receipts 443 295 259 250 350,2021 IMF staff projection (budget was 250). Outturn 542.6m (Federal actual).,,2026-09-28,research:st-kitts-nevis
o-74872bc76d,KNA,kna-cbi,cbi_fiscal_revenue,2021,calendar_year,542.6,,XCD,million,estimate,kna-imf-art4-2023,"PDF p. 34 (printed p. 30), Table 3 Balance of Payments, 2019-28",o/w Citizenship-by-investment budgetary fees 442.6 270.8 542.6 678.2 539.1 505.5 467.3 424.4 393.5 358.6,Recorded under services exports in the IMF balance of payments (budgetary fees only; real-estate CBI flows are elsewhere in the BoP). 2022 marked Est.; 2023-2028 projections not recorded.,,2026-09-28,research:st-kitts-nevis
o-1ba5cf61a2,KNA,kna-cbi,cbi_fiscal_revenue,2021,calendar_year,250000000,,XCD,1,budget,kna-mof-estimates-2022-v1,"PDF p. 16, section 2.2 Fiscal Operations","Citizenship by Investment 400,000,000 500,000,000 250,000,000 270,807,661",Federal Government of St. Kitts only (excludes Nevis Island Administration). Third column = 2021 Approved Estimates.,,2026-09-28,research:st-kitts-nevis
o-362129b0e0,KNA,kna-cbi,cbi_fiscal_revenue,2021,calendar_year,500000000,,XCD,1,estimate,kna-mof-estimates-2022-v1,"PDF p. 16, section 2.2 Fiscal Operations","Citizenship by Investment 400,000,000 500,000,000 250,000,000 270,807,661",Federal Government of St. Kitts only (excludes Nevis Island Administration). Second column = 2021 Projections.,,2026-09-28,research:st-kitts-nevis
o-c3adfcc543,KNA,kna-cbi,cbi_fiscal_revenue,2021,calendar_year,542553639,,XCD,1,actual,kna-mof-estimates-2023-v1,"PDF p. 12, section 2.1 Financial Summary by Economic Classification","Citizenship by Investment 419,835,789 466,484,210 518,315,789 400,000,000 542,553,639","Federal Government of St. Kitts only (excludes Nevis Island Administration). Last column = 2021 Actual. Line items (thousands, PDF p. 102): fees 278,428; application fees 27,078; background checks 114,238; HRF 333; SGF 122,477.",,2026-09-28,research:st-kitts-nevis
o-0cb9df5005,KNA,kna-cbi,cbi_fiscal_revenue,2021,calendar_year,543,,XCD,million,claim,kna-sknis-pm-cbi-speech-2024-10-17,bulleted list after 'Let us examine the numbers',"In 2021, EC$543 million.","Prime Minister's speech; rounded, unaudited. Consistent with audited/estimates figures to within ~EC$1m.",,2026-09-28,research:st-kitts-nevis
o-3297b70493,KNA,kna-cbi,cbi_fiscal_revenue,2022,calendar_year,669,,XCD,million,actual,kna-audit-report-2022,"PDF p. 21, section Recurrent Revenue",This collection amounted to $669 million in 2022.,"Federal Government of St. Kitts only (excludes Nevis Island Administration). Revenue collected by the Citizenship by Investment Unit (includes fund contributions, application and due diligence fees). Breakdown: government fees $343m; HRF $376 thousand; SGF $123m; application fees $29m; background checks $174m.",,2026-09-28,research:st-kitts-nevis
o-4381a1fe02,KNA,kna-cbi,cbi_fiscal_revenue,2022,calendar_year,678.2,,XCD,million,estimate,kna-imf-art4-2023,"PDF p. 34 (printed p. 30), Table 3 Balance of Payments, 2019-28",o/w Citizenship-by-investment budgetary fees 442.6 270.8 542.6 678.2 539.1 505.5 467.3 424.4 393.5 358.6,"Recorded under services exports in the IMF balance of payments (budgetary fees only; real-estate CBI flows are elsewhere in the BoP). 2022 marked Est.; 2023-2028 projections not recorded. 2022 value later came in at 669,358,624 (Federal actual).",,2026-09-28,research:st-kitts-nevis
o-1293c9e44b,KNA,kna-cbi,cbi_fiscal_revenue,2022,calendar_year,400000000,,XCD,1,budget,kna-mof-estimates-2023-v1,"PDF p. 16, section 2.2 Fiscal Operations","Citizenship by Investment 518,315,789 678,240,618 400,000,000 542,553,639",Federal Government of St. Kitts only (excludes Nevis Island Administration). Third column = 2022 Approved Estimates.,,2026-09-28,research:st-kitts-nevis
o-f12b44db7f,KNA,kna-cbi,cbi_fiscal_revenue,2022,calendar_year,678240618,,XCD,1,estimate,kna-mof-estimates-2023-v1,"PDF p. 16, section 2.2 Fiscal Operations","Citizenship by Investment 518,315,789 678,240,618 400,000,000 542,553,639",Federal Government of St. Kitts only (excludes Nevis Island Administration). Second column = 2022 Projections.,,2026-09-28,research:st-kitts-nevis
o-b84eb460b0,KNA,kna-cbi,cbi_fiscal_revenue,2022,calendar_year,669358624,,XCD,1,actual,kna-mof-estimates-2024-v1,"PDF p. 15, section 2.1 Financial Summary by Economic Classification","Citizenship by Investment 530,000,000 515,000,000 540,000,000 518,315,789 21,684,211 669,358,624","Federal Government of St. Kitts only (excludes Nevis Island Administration). Last column = 2022 Actual. Line items (thousands, PDF p. 107): fees 342,648; application fees 28,978; background checks 174,390; HRF 376; SGF 122,967.",,2026-09-28,research:st-kitts-nevis
o-19645af41e,KNA,kna-cbi,cbi_fiscal_revenue,2022,calendar_year,669,,XCD,million,claim,kna-sknis-pm-cbi-speech-2024-10-17,bulleted list after 'Let us examine the numbers',"In 2022, EC$669 million.","Prime Minister's speech; rounded, unaudited. Consistent with audited/estimates figures to within ~EC$1m.",,2026-09-28,research:st-kitts-nevis
o-8c848a6b8f,KNA,kna-cbi,cbi_fiscal_revenue,2023,calendar_year,621,,XCD,million,actual,kna-audit-report-2023,"PDF p. 24, section Recurrent Revenue",This collection amounted to $621 million in 2023.,"Federal Government of St. Kitts only (excludes Nevis Island Administration). Revenue collected by the Citizenship by Investment Unit (includes fund contributions, application and due diligence fees). Breakdown: government fees $423m; HRF $333 thousand; SGF $81m; application fees $10m; background checks $108m.",,2026-09-28,research:st-kitts-nevis
o-9b6e214fd3,KNA,kna-cbi,cbi_fiscal_revenue,2023,calendar_year,518315789,,XCD,1,budget,kna-mof-estimates-2024-v1,"PDF p. 19, section 2.2 Fiscal Operations","Citizenship by Investment 540,000,000 610,000,000 518,315,789 669,358,624",Federal Government of St. Kitts only (excludes Nevis Island Administration). Third column = 2023 Approved Estimates.,,2026-09-28,research:st-kitts-nevis
o-0033ed9a20,KNA,kna-cbi,cbi_fiscal_revenue,2023,calendar_year,610000000,,XCD,1,estimate,kna-mof-estimates-2024-v1,"PDF p. 19, section 2.2 Fiscal Operations","Citizenship by Investment 540,000,000 610,000,000 518,315,789 669,358,624",Federal Government of St. Kitts only (excludes Nevis Island Administration). Second column = 2023 Projections.,,2026-09-28,research:st-kitts-nevis
o-ab9a6a22f7,KNA,kna-cbi,cbi_fiscal_revenue,2023,calendar_year,620754504,,XCD,1,actual,kna-mof-estimates-2025-v1,"PDF p. 16, section 2.1 Financial Summary by Economic Classification","Citizenship by Investment 437,000,000 467,000,000 495,000,000 540,000,000 (45,000,000) 620,754,504","Federal Government of St. Kitts only (excludes Nevis Island Administration). Last column = 2023 Actual. Line items (thousands, PDF p. 111): fees 422,592; application fees 9,558; background checks 107,602; HRF 333; SGF 80,669.",,2026-09-28,research:st-kitts-nevis
o-c2af9b00e8,KNA,kna-cbi,cbi_fiscal_revenue,2023,calendar_year,620,,XCD,million,claim,kna-sknis-pm-cbi-speech-2024-10-17,bulleted list after 'Let us examine the numbers',"In 2023, EC$620 million.","Prime Minister's speech; rounded, unaudited. Consistent with audited/estimates figures to within ~EC$1m.",,2026-09-28,research:st-kitts-nevis
o-436cef5a8c,KNA,kna-cbi,cbi_fiscal_revenue,2024,calendar_year,540000000,,XCD,1,budget,kna-mof-estimates-2025-v1,"PDF p. 20, section 2.2 Fiscal Operations","Citizenship by Investment 495,000,000 305,838,741 540,000,000 620,754,504",Federal Government of St. Kitts only (excludes Nevis Island Administration). Third column = 2024 Approved Estimates.,,2026-09-28,research:st-kitts-nevis
o-089eb6eca9,KNA,kna-cbi,cbi_fiscal_revenue,2024,calendar_year,305838741,,XCD,1,estimate,kna-mof-estimates-2025-v1,"PDF p. 20, section 2.2 Fiscal Operations","Citizenship by Investment 495,000,000 305,838,741 540,000,000 620,754,504",Federal Government of St. Kitts only (excludes Nevis Island Administration). Second column = 2024 Projections (made c. late 2024).,,2026-09-28,research:st-kitts-nevis
o-626f8919a1,KNA,kna-cbi,cbi_fiscal_revenue,2024,calendar_year,244157349,,XCD,1,actual,kna-mof-estimates-2026-v1,"PDF p. 16, section 2.1 Financial Summary by Economic Classification","Citizenship by Investment 254,520,000 252,000,000 240,000,000 495,000,000 (255,000,000) 244,157,349","Federal Government of St. Kitts only (excludes Nevis Island Administration). Last column = 2024 Actual. Per the 2024 audit report the CIU as a government department closed on 9 Aug 2024 and 2024 CIU revenue covers 1 Jan-8 Aug only. Line items (thousands, PDF p. 112): fees 202,877; application fees 1,900; background checks 2,942; SGF 36,439.",,2026-09-28,research:st-kitts-nevis
o-564891490b,KNA,kna-cbi,cbi_fiscal_revenue,2024-01-01/2024-08-08,partial_year,244,,XCD,million,actual,kna-audit-report-2024,"PDF p. 21, section Recurrent Revenue",The Citizenship by Investment Unit collected $244 million between January and August 2024.,"Federal Government of St. Kitts only (excludes Nevis Island Administration). Revenue collected by the Citizenship by Investment Unit (includes fund contributions, application and due diligence fees). Partial year: the CIU as a government department closed 9 Aug 2024; collections after that date by the new statutory Unit are not included here. Breakdown: government fees $203m; SGF $36m; application fees $1.9m; background checks $2.9m. Conflicts with PM's claim of EC$218m 'up to September' 2024.",,2026-09-28,research:st-kitts-nevis
o-8469e62ae5,KNA,kna-cbi,cbi_fiscal_revenue,2024-01-01/2024-09-30,partial_year,218,,XCD,million,claim,kna-sknis-pm-cbi-speech-2024-10-17,paragraph after the bulleted list,"In 2024, up to September, CBI has generated EC$218 million","Lower than the audited EC$244m collected 1 Jan-8 Aug 2024 (audit report 2024), although it covers a longer period. Unexplained discrepancy; the speech may use a narrower definition or earlier data.",,2026-09-28,research:st-kitts-nevis
o-4f4d5a4f58,KNA,kna-cbi,cbi_fiscal_revenue,2025,calendar_year,495000000,,XCD,1,budget,kna-mof-estimates-2026-v1,"PDF p. 20, section 2.2 Fiscal Operations","Citizenship by Investment 240,000,000 124,468,926 495,000,000 244,157,349",Federal Government of St. Kitts only (excludes Nevis Island Administration). Third column = 2025 Approved Estimates.,,2026-09-28,research:st-kitts-nevis
o-5d38b3b392,KNA,kna-cbi,cbi_fiscal_revenue,2025,calendar_year,124468926,,XCD,1,estimate,kna-mof-estimates-2026-v1,"PDF p. 20, section 2.2 Fiscal Operations","Citizenship by Investment 240,000,000 124,468,926 495,000,000 244,157,349","Federal Government of St. Kitts only (excludes Nevis Island Administration). Second column = 2025 Projections (in-year estimate at the time of the 2026 budget, Dec 2025). About a quarter of the 2025 budget.",,2026-09-28,research:st-kitts-nevis
o-3d7138e521,KNA,kna-cbi,cbi_fiscal_revenue,2026,calendar_year,240000000,,XCD,1,budget,kna-mof-estimates-2026-v1,"PDF p. 20, section 2.2 Fiscal Operations","Citizenship by Investment 240,000,000 124,468,926 495,000,000 244,157,349",Federal Government of St. Kitts only (excludes Nevis Island Administration). First column = 2026 Estimates.,,2026-09-28,research:st-kitts-nevis
o-a09f82a4bd,KNA,kna-cbi,cbi_fiscal_revenue_pct_gdp,2010,calendar_year,2.3,,percent_of_gdp,1,estimate,kna-imf-pr-2014,"Press release, paragraph on fiscal consolidation",CBI revenues grew from 2.3 percent of GDP in 2010 to a projected 13 percent of GDP in 2013,,,2026-09-28,research:st-kitts-nevis
o-d0649d23a8,KNA,kna-cbi,cbi_fiscal_revenue_pct_gdp,2011-2020,average,10,,percent_of_gdp,1,estimate,kna-imf-art4-2021,"PDF p. 47, Annex (debt sustainability) bullet on CBI revenues",This compares to their average 10 percent of GDP in 2011–2020 and 13 percent of GDP in 2018–20.,,,2026-09-28,research:st-kitts-nevis
o-b67ab35007,KNA,kna-cbi,cbi_fiscal_revenue_pct_gdp,2012,calendar_year,7,,percent_of_gdp,1,estimate,kna-imf-cr-14-49,"PDF p. 9, Box 2","Overall, government fee collections have grown steadily, exceeding 7 percent of GDP in 2012.",'exceeding 7'; government fee collections only (excludes SIDF contributions).,,2026-09-28,research:st-kitts-nevis
o-f637af0928,KNA,kna-cbi,cbi_fiscal_revenue_pct_gdp,2012-2019,average,10,,percent_of_gdp,1,estimate,kna-imf-art4-2021,"PDF p. 9 (printed p. 5), para 3",A significant part of large CBI revenues averaging 10 percent of GDP during 2012–19 was prudently saved,,,2026-09-28,research:st-kitts-nevis
o-0f5b580005,KNA,kna-cbi,cbi_fiscal_revenue_pct_gdp,2012-2020,average,11,,percent_of_gdp,1,estimate,kna-imf-art4-2021,"PDF p. 21, para on buffers",Annual CBI revenues have averaged 11 percent of GDP (30 percent of total revenues) since 2012,'since 2012' to the time of writing (2021); end year inferred as 2020. Same report (PDF p. 9) says 'averaging 10 percent of GDP during 2012–19'.,,2026-09-28,research:st-kitts-nevis
o-a9f4d15d33,KNA,kna-cbi,cbi_fiscal_revenue_pct_gdp,2013,calendar_year,13,,percent_of_gdp,1,estimate,intl-imf-wp-15-93,"p. 13 (printed), Box 1","ECP receipts, in the form of fees to the budget increased from less than 1 percent of GDP in 2008 to an estimated 13 and 3.4 percent of GDP in St. Kitts and Nevis and Dominica, in 2013, respectively.",Fees to the central government budget only; excludes SIDF contributions (about another 12% of GDP) and real estate.,,2026-09-28,research:context-timeline
o-bf93796f5f,KNA,kna-cbi,cbi_fiscal_revenue_pct_gdp,2013,calendar_year,13,,percent_of_gdp,1,projection,kna-imf-pr-2014,"Press release, paragraph on fiscal consolidation",CBI revenues grew from 2.3 percent of GDP in 2010 to a projected 13 percent of GDP in 2013,Projection made before year-end data were available.,,2026-09-28,research:st-kitts-nevis
o-1cee8dc606,KNA,kna-cbi,cbi_fiscal_revenue_pct_gdp,2013,calendar_year,13,,percent_of_gdp,1,estimate,kna-imf-wp-15-93,"PDF p. 14, box on ECP inflows","ECP receipts, in the form of fees to the budget increased from less than 1 percent of GDP in 2008 to an estimated 13 and 3.4 percent of GDP in St. Kitts and Nevis and Dominica, in 2013, respectively.",Fees to the budget only; excludes contributions to SIDF and real-estate investment.,,2026-09-28,research:st-kitts-nevis
o-40e1fe8728,KNA,kna-cbi,cbi_fiscal_revenue_pct_gdp,2014-2019,average,11,,percent_of_gdp,1,estimate,kna-imf-art4-2025,"PDF p. 65 (printed p. 61), Annex IX para 4",slightly below the pre-pandemic average of 11 percent of GDP for 2014-2019,,,2026-09-28,research:st-kitts-nevis
o-8884ae579f,KNA,kna-cbi,cbi_fiscal_revenue_pct_gdp,2015,calendar_year,12.4,,percent_of_gdp,1,estimate,kna-imf-pr-2017,Table 'Selected Economic and Financial Indicators 2015-19',o/w CBI fees | 12.4 | 7.2 | 3.9 | 3.7 | 1.8,IMF staff table; general government (Federal Government + Nevis Island Administration). Row values are for 2015-2019; 2016 marked Est. ,,2026-09-28,research:st-kitts-nevis
o-c6de4bc97e,KNA,kna-cbi,cbi_fiscal_revenue_pct_gdp,2015,calendar_year,11.6,,percent_of_gdp,1,estimate,kna-imf-pr-2018,Table 'Selected Economic Indicators' (2015-2020),o/w CBI fees | 11.6 | 6.8 | 5.7 | 7.4 | 2.6 | 2.0,"IMF staff table; general government (Federal Government + Nevis Island Administration). Row values are for 2015-2018; 2017 marked Est. Staff report finalised 2018; 2019-2020 projections (2.6, 2.0) not recorded.",,2026-09-28,research:st-kitts-nevis
o-1313ac110e,KNA,kna-cbi,cbi_fiscal_revenue_pct_gdp,2016,calendar_year,7.2,,percent_of_gdp,1,estimate,kna-imf-pr-2017,Table 'Selected Economic and Financial Indicators 2015-19',o/w CBI fees | 12.4 | 7.2 | 3.9 | 3.7 | 1.8,IMF staff table; general government (Federal Government + Nevis Island Administration). Row values are for 2015-2019; 2016 marked Est. ,,2026-09-28,research:st-kitts-nevis
o-504bbb5bf7,KNA,kna-cbi,cbi_fiscal_revenue_pct_gdp,2016,calendar_year,6.8,,percent_of_gdp,1,estimate,kna-imf-pr-2018,Table 'Selected Economic Indicators' (2015-2020),o/w CBI fees | 11.6 | 6.8 | 5.7 | 7.4 | 2.6 | 2.0,"IMF staff table; general government (Federal Government + Nevis Island Administration). Row values are for 2015-2018; 2017 marked Est. Staff report finalised 2018; 2019-2020 projections (2.6, 2.0) not recorded.",,2026-09-28,research:st-kitts-nevis
o-53184d1054,KNA,kna-cbi,cbi_fiscal_revenue_pct_gdp,2017,calendar_year,3.9,,percent_of_gdp,1,projection,kna-imf-pr-2017,Table 'Selected Economic and Financial Indicators 2015-19',o/w CBI fees | 12.4 | 7.2 | 3.9 | 3.7 | 1.8,IMF staff table; general government (Federal Government + Nevis Island Administration). Row values are for 2015-2019; 2016 marked Est. ,,2026-09-28,research:st-kitts-nevis
o-d8837c675c,KNA,kna-cbi,cbi_fiscal_revenue_pct_gdp,2017,calendar_year,5.7,,percent_of_gdp,1,estimate,kna-imf-pr-2018,Table 'Selected Economic Indicators' (2015-2020),o/w CBI fees | 11.6 | 6.8 | 5.7 | 7.4 | 2.6 | 2.0,"IMF staff table; general government (Federal Government + Nevis Island Administration). Row values are for 2015-2018; 2017 marked Est. Staff report finalised 2018; 2019-2020 projections (2.6, 2.0) not recorded.",,2026-09-28,research:st-kitts-nevis
o-9ddd609173,KNA,kna-cbi,cbi_fiscal_revenue_pct_gdp,2017-2021,cumulative,65,,percent_of_gdp,1,estimate,kna-imf-art4-2023,"PDF p. 9, para 2",Recurrent CBI revenue (amouting to a cumulative 65 percent of GDP between 2017 and 2021),Sum of annual ratios over five years.,,2026-09-28,research:st-kitts-nevis
o-033f3ad97d,KNA,kna-cbi,cbi_fiscal_revenue_pct_gdp,2018,calendar_year,3.7,,percent_of_gdp,1,projection,kna-imf-pr-2017,Table 'Selected Economic and Financial Indicators 2015-19',o/w CBI fees | 12.4 | 7.2 | 3.9 | 3.7 | 1.8,IMF staff table; general government (Federal Government + Nevis Island Administration). Row values are for 2015-2019; 2016 marked Est. ,,2026-09-28,research:st-kitts-nevis
o-aa3eb5a17b,KNA,kna-cbi,cbi_fiscal_revenue_pct_gdp,2018,calendar_year,7.4,,percent_of_gdp,1,projection,kna-imf-pr-2018,Table 'Selected Economic Indicators' (2015-2020),o/w CBI fees | 11.6 | 6.8 | 5.7 | 7.4 | 2.6 | 2.0,"IMF staff table; general government (Federal Government + Nevis Island Administration). Row values are for 2015-2018; 2017 marked Est. Staff report finalised 2018; 2019-2020 projections (2.6, 2.0) not recorded.",,2026-09-28,research:st-kitts-nevis
o-6a8dfe9f48,KNA,kna-cbi,cbi_fiscal_revenue_pct_gdp,2018,calendar_year,14.3,,percent_of_gdp,1,estimate,kna-imf-pr-2021,Table 1 'Selected Economic Indicators 2018-24',o/w CBI fees | 14.3 | 14.1 | 9.8 | 13.3 | 9.0 | 9.0 | 9.0,"IMF staff table; general government (Federal Government + Nevis Island Administration). Row values are for 2018-2021; 2020 marked Est. Uses pre-revision nominal GDP (2019: EC$3,145m).",,2026-09-28,research:st-kitts-nevis
o-475eaad093,KNA,kna-cbi,cbi_fiscal_revenue_pct_gdp,2018-2020,average,13,,percent_of_gdp,1,estimate,kna-imf-art4-2021,"PDF p. 47, Annex (debt sustainability) bullet on CBI revenues",This compares to their average 10 percent of GDP in 2011–2020 and 13 percent of GDP in 2018–20.,,,2026-09-28,research:st-kitts-nevis
o-471ef33c7c,KNA,kna-cbi,cbi_fiscal_revenue_pct_gdp,2019,calendar_year,14.8,,percent_of_gdp,1,estimate,kna-imf-art4-2023,"PDF p. 33 (printed p. 29), Table 2b Federal Government Fiscal Operations",Citizenship by investment (CBI) budgetary receipts 14.8 11.3 23.3 25.8 19.0 17.0 15.0 13.0 11.5 10.0,IMF staff table; general government (Federal Government + Nevis Island Administration). Row values are for 2019-2023; 2022 marked Est. Row labelled 'CBI budgetary receipts'; later-year projections (17.0-10.0 for 2024-2028) not recorded.,,2026-09-28,research:st-kitts-nevis
o-2638b0240f,KNA,kna-cbi,cbi_fiscal_revenue_pct_gdp,2019,calendar_year,14.8,,percent_of_gdp,1,estimate,kna-imf-art4-2025,"PDF p. 10 (printed p. 6), text table 'Recent Developments: Key Fiscal Items'",Citizenship by investment (CBI) revenue 14.8 11.3 23.4 25.3 21.7 8.1 -13.6,Columns 2019-2024 and change 2024-23. Only 2019 recorded from this table (other years duplicate Table 2 of the same report).,,2026-09-28,research:st-kitts-nevis
o-49d7c77973,KNA,kna-cbi,cbi_fiscal_revenue_pct_gdp,2019,calendar_year,1.8,,percent_of_gdp,1,projection,kna-imf-pr-2017,Table 'Selected Economic and Financial Indicators 2015-19',o/w CBI fees | 12.4 | 7.2 | 3.9 | 3.7 | 1.8,IMF staff table; general government (Federal Government + Nevis Island Administration). Row values are for 2015-2019; 2016 marked Est. ,,2026-09-28,research:st-kitts-nevis
o-8158f86529,KNA,kna-cbi,cbi_fiscal_revenue_pct_gdp,2019,calendar_year,14.1,,percent_of_gdp,1,estimate,kna-imf-pr-2021,Table 1 'Selected Economic Indicators 2018-24',o/w CBI fees | 14.3 | 14.1 | 9.8 | 13.3 | 9.0 | 9.0 | 9.0,"IMF staff table; general government (Federal Government + Nevis Island Administration). Row values are for 2018-2021; 2020 marked Est. Uses pre-revision nominal GDP (2019: EC$3,145m).",,2026-09-28,research:st-kitts-nevis
o-d0a3f9b0df,KNA,kna-cbi,cbi_fiscal_revenue_pct_gdp,2019,calendar_year,14.8,,percent_of_gdp,1,estimate,kna-imf-pr-2024,Table 'Selected Economic Indicators 2019-25',o/w CBI fees | 14.8 | 11.3 | 23.4 | 25.5 | 21.5 | 18.0 | 16.0,IMF staff table; general government (Federal Government + Nevis Island Administration). Row values are for 2019-2025; 2023 marked Est. ,,2026-09-28,research:st-kitts-nevis
o-21866ef513,KNA,kna-cbi,cbi_fiscal_revenue_pct_gdp,2020,calendar_year,11.3,,percent_of_gdp,1,estimate,kna-imf-art4-2023,"PDF p. 33 (printed p. 29), Table 2b Federal Government Fiscal Operations",Citizenship by investment (CBI) budgetary receipts 14.8 11.3 23.3 25.8 19.0 17.0 15.0 13.0 11.5 10.0,IMF staff table; general government (Federal Government + Nevis Island Administration). Row values are for 2019-2023; 2022 marked Est. Row labelled 'CBI budgetary receipts'; later-year projections (17.0-10.0 for 2024-2028) not recorded.,,2026-09-28,research:st-kitts-nevis
o-8128bd00b3,KNA,kna-cbi,cbi_fiscal_revenue_pct_gdp,2020,calendar_year,11.3,,percent_of_gdp,1,estimate,kna-imf-art4-2025,"PDF p. 34 (printed p. 30), Table 2 Federal Government Fiscal Operations, 2020-30",Citizenship by investment (CBI) revenue 11.3 23.4 25.3 21.7 8.1 9.0 9.0 9.0 9.0 9.0 9.0,IMF staff table; general government (Federal Government + Nevis Island Administration). Row values are for 2020-2025; 2024 marked Est. The same values (with 2019 = 14.8) appear in the text table on PDF p. 10. Medium-term projection 9.0 each year to 2030.,,2026-09-28,research:st-kitts-nevis
o-d5e05f0bad,KNA,kna-cbi,cbi_fiscal_revenue_pct_gdp,2020,calendar_year,9.8,,percent_of_gdp,1,estimate,kna-imf-pr-2021,Table 1 'Selected Economic Indicators 2018-24',o/w CBI fees | 14.3 | 14.1 | 9.8 | 13.3 | 9.0 | 9.0 | 9.0,"IMF staff table; general government (Federal Government + Nevis Island Administration). Row values are for 2018-2021; 2020 marked Est. Uses pre-revision nominal GDP (2019: EC$3,145m).",,2026-09-28,research:st-kitts-nevis
o-75acedd97e,KNA,kna-cbi,cbi_fiscal_revenue_pct_gdp,2020,calendar_year,11.3,,percent_of_gdp,1,estimate,kna-imf-pr-2024,Table 'Selected Economic Indicators 2019-25',o/w CBI fees | 14.8 | 11.3 | 23.4 | 25.5 | 21.5 | 18.0 | 16.0,IMF staff table; general government (Federal Government + Nevis Island Administration). Row values are for 2019-2025; 2023 marked Est. ,,2026-09-28,research:st-kitts-nevis
o-e9be74368e,KNA,kna-cbi,cbi_fiscal_revenue_pct_gdp,2021,calendar_year,23.3,,percent_of_gdp,1,estimate,kna-imf-art4-2023,"PDF p. 33 (printed p. 29), Table 2b Federal Government Fiscal Operations",Citizenship by investment (CBI) budgetary receipts 14.8 11.3 23.3 25.8 19.0 17.0 15.0 13.0 11.5 10.0,IMF staff table; general government (Federal Government + Nevis Island Administration). Row values are for 2019-2023; 2022 marked Est. Row labelled 'CBI budgetary receipts'; later-year projections (17.0-10.0 for 2024-2028) not recorded.,,2026-09-28,research:st-kitts-nevis
o-27c5a3b011,KNA,kna-cbi,cbi_fiscal_revenue_pct_gdp,2021,calendar_year,23.4,,percent_of_gdp,1,estimate,kna-imf-art4-2025,"PDF p. 34 (printed p. 30), Table 2 Federal Government Fiscal Operations, 2020-30",Citizenship by investment (CBI) revenue 11.3 23.4 25.3 21.7 8.1 9.0 9.0 9.0 9.0 9.0 9.0,IMF staff table; general government (Federal Government + Nevis Island Administration). Row values are for 2020-2025; 2024 marked Est. The same values (with 2019 = 14.8) appear in the text table on PDF p. 10. Medium-term projection 9.0 each year to 2030.,,2026-09-28,research:st-kitts-nevis
o-9404ae7cb1,KNA,kna-cbi,cbi_fiscal_revenue_pct_gdp,2021,calendar_year,13.3,,percent_of_gdp,1,projection,kna-imf-pr-2021,Table 1 'Selected Economic Indicators 2018-24',o/w CBI fees | 14.3 | 14.1 | 9.8 | 13.3 | 9.0 | 9.0 | 9.0,"IMF staff table; general government (Federal Government + Nevis Island Administration). Row values are for 2018-2021; 2020 marked Est. Uses pre-revision nominal GDP (2019: EC$3,145m).",,2026-09-28,research:st-kitts-nevis
o-dc4318a4a5,KNA,kna-cbi,cbi_fiscal_revenue_pct_gdp,2021,calendar_year,23.4,,percent_of_gdp,1,estimate,kna-imf-pr-2024,Table 'Selected Economic Indicators 2019-25',o/w CBI fees | 14.8 | 11.3 | 23.4 | 25.5 | 21.5 | 18.0 | 16.0,IMF staff table; general government (Federal Government + Nevis Island Administration). Row values are for 2019-2025; 2023 marked Est. ,,2026-09-28,research:st-kitts-nevis
o-b90156f61b,KNA,kna-cbi,cbi_fiscal_revenue_pct_gdp,2021,calendar_year,23.8,,percent_of_gdp,1,estimate,kna-imf-pr-2026,Table 'Selected Economic Indicators 2021-27',o/w CBI fees | 23.8 | 25.8 | 22.2 | 8.6 | 5.3 | 6.0 | 6.5,"IMF staff table; general government (Federal Government + Nevis Island Administration). Row values are for 2021-2026; 2025 marked Est. Uses revised (lower) nominal GDP, which raises ratios vs the 2025 vintage.",,2026-09-28,research:st-kitts-nevis
o-ff1c94fd07,KNA,kna-cbi,cbi_fiscal_revenue_pct_gdp,2022,calendar_year,25.8,,percent_of_gdp,1,estimate,kna-imf-art4-2023,"PDF p. 33 (printed p. 29), Table 2b Federal Government Fiscal Operations",Citizenship by investment (CBI) budgetary receipts 14.8 11.3 23.3 25.8 19.0 17.0 15.0 13.0 11.5 10.0,IMF staff table; general government (Federal Government + Nevis Island Administration). Row values are for 2019-2023; 2022 marked Est. Row labelled 'CBI budgetary receipts'; later-year projections (17.0-10.0 for 2024-2028) not recorded.,,2026-09-28,research:st-kitts-nevis
o-af7f791b46,KNA,kna-cbi,cbi_fiscal_revenue_pct_gdp,2022,calendar_year,25.3,,percent_of_gdp,1,estimate,kna-imf-art4-2025,"PDF p. 34 (printed p. 30), Table 2 Federal Government Fiscal Operations, 2020-30",Citizenship by investment (CBI) revenue 11.3 23.4 25.3 21.7 8.1 9.0 9.0 9.0 9.0 9.0 9.0,IMF staff table; general government (Federal Government + Nevis Island Administration). Row values are for 2020-2025; 2024 marked Est. The same values (with 2019 = 14.8) appear in the text table on PDF p. 10. Medium-term projection 9.0 each year to 2030.,,2026-09-28,research:st-kitts-nevis
o-b19e7884d4,KNA,kna-cbi,cbi_fiscal_revenue_pct_gdp,2022,calendar_year,25.5,,percent_of_gdp,1,estimate,kna-imf-pr-2024,Table 'Selected Economic Indicators 2019-25',o/w CBI fees | 14.8 | 11.3 | 23.4 | 25.5 | 21.5 | 18.0 | 16.0,IMF staff table; general government (Federal Government + Nevis Island Administration). Row values are for 2019-2025; 2023 marked Est. ,,2026-09-28,research:st-kitts-nevis
o-f79a3bc5ce,KNA,kna-cbi,cbi_fiscal_revenue_pct_gdp,2022,calendar_year,25.8,,percent_of_gdp,1,estimate,kna-imf-pr-2026,Table 'Selected Economic Indicators 2021-27',o/w CBI fees | 23.8 | 25.8 | 22.2 | 8.6 | 5.3 | 6.0 | 6.5,"IMF staff table; general government (Federal Government + Nevis Island Administration). Row values are for 2021-2026; 2025 marked Est. Uses revised (lower) nominal GDP, which raises ratios vs the 2025 vintage.",,2026-09-28,research:st-kitts-nevis
o-1b80c12da5,KNA,kna-cbi,cbi_fiscal_revenue_pct_gdp,2023,calendar_year,19.0,,percent_of_gdp,1,projection,kna-imf-art4-2023,"PDF p. 33 (printed p. 29), Table 2b Federal Government Fiscal Operations",Citizenship by investment (CBI) budgetary receipts 14.8 11.3 23.3 25.8 19.0 17.0 15.0 13.0 11.5 10.0,IMF staff table; general government (Federal Government + Nevis Island Administration). Row values are for 2019-2023; 2022 marked Est. Row labelled 'CBI budgetary receipts'; later-year projections (17.0-10.0 for 2024-2028) not recorded.,,2026-09-28,research:st-kitts-nevis
o-cfbfdef1a4,KNA,kna-cbi,cbi_fiscal_revenue_pct_gdp,2023,calendar_year,21.7,,percent_of_gdp,1,estimate,kna-imf-art4-2025,"PDF p. 34 (printed p. 30), Table 2 Federal Government Fiscal Operations, 2020-30",Citizenship by investment (CBI) revenue 11.3 23.4 25.3 21.7 8.1 9.0 9.0 9.0 9.0 9.0 9.0,IMF staff table; general government (Federal Government + Nevis Island Administration). Row values are for 2020-2025; 2024 marked Est. The same values (with 2019 = 14.8) appear in the text table on PDF p. 10. Medium-term projection 9.0 each year to 2030.,,2026-09-28,research:st-kitts-nevis
o-e2195ace55,KNA,kna-cbi,cbi_fiscal_revenue_pct_gdp,2023,calendar_year,21.5,,percent_of_gdp,1,estimate,kna-imf-pr-2024,Table 'Selected Economic Indicators 2019-25',o/w CBI fees | 14.8 | 11.3 | 23.4 | 25.5 | 21.5 | 18.0 | 16.0,IMF staff table; general government (Federal Government + Nevis Island Administration). Row values are for 2019-2025; 2023 marked Est. ,,2026-09-28,research:st-kitts-nevis
o-122c6304fb,KNA,kna-cbi,cbi_fiscal_revenue_pct_gdp,2023,calendar_year,22.2,,percent_of_gdp,1,estimate,kna-imf-pr-2026,Table 'Selected Economic Indicators 2021-27',o/w CBI fees | 23.8 | 25.8 | 22.2 | 8.6 | 5.3 | 6.0 | 6.5,"IMF staff table; general government (Federal Government + Nevis Island Administration). Row values are for 2021-2026; 2025 marked Est. Uses revised (lower) nominal GDP, which raises ratios vs the 2025 vintage.",,2026-09-28,research:st-kitts-nevis
o-a003977f61,KNA,kna-cbi,cbi_fiscal_revenue_pct_gdp,2024,calendar_year,8.1,,percent_of_gdp,1,estimate,kna-imf-art4-2025,"PDF p. 34 (printed p. 30), Table 2 Federal Government Fiscal Operations, 2020-30",Citizenship by investment (CBI) revenue 11.3 23.4 25.3 21.7 8.1 9.0 9.0 9.0 9.0 9.0 9.0,IMF staff table; general government (Federal Government + Nevis Island Administration). Row values are for 2020-2025; 2024 marked Est. The same values (with 2019 = 14.8) appear in the text table on PDF p. 10. Medium-term projection 9.0 each year to 2030.,,2026-09-28,research:st-kitts-nevis
o-361880e0fa,KNA,kna-cbi,cbi_fiscal_revenue_pct_gdp,2024,calendar_year,18.0,,percent_of_gdp,1,projection,kna-imf-pr-2024,Table 'Selected Economic Indicators 2019-25',o/w CBI fees | 14.8 | 11.3 | 23.4 | 25.5 | 21.5 | 18.0 | 16.0,IMF staff table; general government (Federal Government + Nevis Island Administration). Row values are for 2019-2025; 2023 marked Est. ,,2026-09-28,research:st-kitts-nevis
o-88a6dfee0c,KNA,kna-cbi,cbi_fiscal_revenue_pct_gdp,2024,calendar_year,8.6,,percent_of_gdp,1,estimate,kna-imf-pr-2026,Table 'Selected Economic Indicators 2021-27',o/w CBI fees | 23.8 | 25.8 | 22.2 | 8.6 | 5.3 | 6.0 | 6.5,"IMF staff table; general government (Federal Government + Nevis Island Administration). Row values are for 2021-2026; 2025 marked Est. Uses revised (lower) nominal GDP, which raises ratios vs the 2025 vintage.",,2026-09-28,research:st-kitts-nevis
o-0929d320aa,KNA,kna-cbi,cbi_fiscal_revenue_pct_gdp,2025,calendar_year,9.0,,percent_of_gdp,1,projection,kna-imf-art4-2025,"PDF p. 34 (printed p. 30), Table 2 Federal Government Fiscal Operations, 2020-30",Citizenship by investment (CBI) revenue 11.3 23.4 25.3 21.7 8.1 9.0 9.0 9.0 9.0 9.0 9.0,IMF staff table; general government (Federal Government + Nevis Island Administration). Row values are for 2020-2025; 2024 marked Est. The same values (with 2019 = 14.8) appear in the text table on PDF p. 10. Medium-term projection 9.0 each year to 2030.,,2026-09-28,research:st-kitts-nevis
o-63eca6b3a7,KNA,kna-cbi,cbi_fiscal_revenue_pct_gdp,2025,calendar_year,16,,percent_of_gdp,1,budget,kna-imf-art4-2025,"PDF p. 11, para 7",The authorities assume that CBI revenue will bounce back to 16 percent of GDP,Authorities' 2025 budget assumption as reported by IMF staff (staff projected 9.0). Outturn per IMF 2026 vintage: 5.3 (est.).,,2026-09-28,research:st-kitts-nevis
o-43d7391692,KNA,kna-cbi,cbi_fiscal_revenue_pct_gdp,2025,calendar_year,16.0,,percent_of_gdp,1,projection,kna-imf-pr-2024,Table 'Selected Economic Indicators 2019-25',o/w CBI fees | 14.8 | 11.3 | 23.4 | 25.5 | 21.5 | 18.0 | 16.0,IMF staff table; general government (Federal Government + Nevis Island Administration). Row values are for 2019-2025; 2023 marked Est. ,,2026-09-28,research:st-kitts-nevis
o-8281a524e5,KNA,kna-cbi,cbi_fiscal_revenue_pct_gdp,2025,calendar_year,5.3,,percent_of_gdp,1,estimate,kna-imf-pr-2026,Table 'Selected Economic Indicators 2021-27',o/w CBI fees | 23.8 | 25.8 | 22.2 | 8.6 | 5.3 | 6.0 | 6.5,"IMF staff table; general government (Federal Government + Nevis Island Administration). Row values are for 2021-2026; 2025 marked Est. Uses revised (lower) nominal GDP, which raises ratios vs the 2025 vintage.",,2026-09-28,research:st-kitts-nevis
o-ae9874fc04,KNA,kna-cbi,cbi_fiscal_revenue_pct_gdp,2026,calendar_year,6.0,,percent_of_gdp,1,projection,kna-imf-pr-2026,Table 'Selected Economic Indicators 2021-27',o/w CBI fees | 23.8 | 25.8 | 22.2 | 8.6 | 5.3 | 6.0 | 6.5,"IMF staff table; general government (Federal Government + Nevis Island Administration). Row values are for 2021-2026; 2025 marked Est. Uses revised (lower) nominal GDP, which raises ratios vs the 2025 vintage.",,2026-09-28,research:st-kitts-nevis
o-7bd2160742,KNA,kna-cbi,cbi_fiscal_revenue_pct_revenue,2012-2020,average,30,,percent,1,estimate,kna-imf-art4-2021,"PDF p. 21, para on buffers",Annual CBI revenues have averaged 11 percent of GDP (30 percent of total revenues) since 2012,General government; denominator total revenues. End year inferred as 2020.,,2026-09-28,research:st-kitts-nevis
o-a9a683a2ac,KNA,kna-cbi,cbi_fiscal_revenue_pct_revenue,2018,calendar_year,46,,percent,1,actual,kna-audit-report-2018,"PDF p. 23, pie chart '2018 Recurrent Revenue Collection by Department'",CIU 46%,Federal Government of St. Kitts only (excludes Nevis Island Administration). Denominator: recurrent revenue (excludes grants and capital revenue). Value read from the chart label.,,2026-09-28,research:st-kitts-nevis
o-8e2738edc7,KNA,kna-cbi,cbi_fiscal_revenue_pct_revenue,2019,calendar_year,45,,percent,1,actual,kna-audit-report-2019,"PDF p. 23, pie chart '2019 Recurrent Revenue Collection by Department'",Revenue collected by the Citizenship by Investment Unit contributed 45% to the Government's overall recurrent revenue collections for 2019.,Federal Government of St. Kitts only (excludes Nevis Island Administration). Denominator: recurrent revenue (excludes grants and capital revenue).,,2026-09-28,research:st-kitts-nevis
o-b37529fb1c,KNA,kna-cbi,cbi_fiscal_revenue_pct_revenue,2020,calendar_year,40,,percent,1,actual,kna-audit-report-2020,"PDF p. 25, pie chart '2020 Recurrent Revenue Collection by Department'",this department collected 40% of the government's recurrent revenue in 2020.,Federal Government of St. Kitts only (excludes Nevis Island Administration). Denominator: recurrent revenue (excludes grants and capital revenue).,,2026-09-28,research:st-kitts-nevis
o-328dd2acc9,KNA,kna-cbi,cbi_fiscal_revenue_pct_revenue,2021,calendar_year,57,,percent,1,actual,kna-audit-report-2021,"PDF p. 21, pie chart '2021 Recurrent Revenue Collection by Department'",this department collected 57% of the government's recurrent revenue in 2021.,Federal Government of St. Kitts only (excludes Nevis Island Administration). Denominator: recurrent revenue (excludes grants and capital revenue).,,2026-09-28,research:st-kitts-nevis
o-8219163366,KNA,kna-cbi,cbi_fiscal_revenue_pct_revenue,2021,calendar_year,54.9,,percent,1,provisional,kna-mof-budget-address-2023,"PDF p. 7, para 9",inflows from the CBI Programme accounted for 54.9 percent of Total Revenue and Grants and funded 63.5 percent of the Government's Total Expenditure,Federal Government of St. Kitts only (excludes Nevis Island Administration). Denominator: total revenue and grants (EC$988.8m). Compare 57% of recurrent revenue in the 2021 audit report (different denominator).,,2026-09-28,research:st-kitts-nevis
o-34b246972e,KNA,kna-cbi,cbi_fiscal_revenue_pct_revenue,2022,calendar_year,60,,percent,1,actual,kna-audit-report-2022,"PDF p. 21, pie chart '2022 Recurrent Revenue Collection by Department'",this department collected 60% of the government's recurrent revenue in 2022.,Federal Government of St. Kitts only (excludes Nevis Island Administration). Denominator: recurrent revenue (excludes grants and capital revenue).,,2026-09-28,research:st-kitts-nevis
o-6df5bde312,KNA,kna-cbi,cbi_fiscal_revenue_pct_revenue,2023,calendar_year,55,,percent,1,actual,kna-audit-report-2023,"PDF p. 24, pie chart '2023 Recurrent Revenue Collection by Department'",department collected 55% of the government's recurrent revenue in 2023.,Federal Government of St. Kitts only (excludes Nevis Island Administration). Denominator: recurrent revenue (excludes grants and capital revenue).,,2026-09-28,research:st-kitts-nevis
o-48e556e6f3,KNA,kna-cbi,cbi_fiscal_revenue_pct_revenue,2024,calendar_year,32,,percent,1,actual,kna-audit-report-2024,"PDF p. 21, pie chart '2024 Recurrent Revenue Collection by Department'",CIU 32%,Federal Government of St. Kitts only (excludes Nevis Island Administration). Denominator: recurrent revenue (excludes grants and capital revenue). Value read from the chart label. 2024 covers CIU collections Jan-8 Aug only.,,2026-09-28,research:st-kitts-nevis
o-5bd207a049,KNA,kna-cbi,cbi_ndf_inflows_pct_gdp,2013,calendar_year,12,,percent_of_gdp,1,estimate,kna-imf-wp-15-93,"PDF p. 14, box on ECP inflows","there are further ECP inflows to the NDF, the Sugar Industry Diversification Foundation (SIDF), estimated at about another 12 percent of GDP in 2013",'about'. In addition to fees to the budget (~13% GDP).,,2026-09-28,research:st-kitts-nevis
o-67ed0b973e,KNA,kna-cbi,cbi_rejection_rate,2024,calendar_year,43.9,,percent,1,reported,intl-ec-swd-2025-429,"PDF p. 38, table (Eastern Caribbean), row ""Rejection rate (2024)""",Rejection rate (2024): 43.9%,"Data submitted to the Commission by national authorities, ""in some cases, partial"". Equals 98/223 from the same table; decisions in 2024 may relate to earlier applications, so this is not a cohort rate. Not mentioned in the report text, which cites only the low rates.",,2026-09-28,research:context-timeline
o-633c7ab4c7,KNA,kna-cbi,ndf_assets_pct_gdp,2013,as_of_date,24,,percent_of_gdp,1,estimate,intl-imf-wp-15-93,"p. 22 (printed), Box 5",accumulated assets were estimated at about 24 percent of GDP at end-2013,SIDF accumulated assets. Same paper says 25 percent in Box 1 (internal inconsistency).,,2026-09-28,research:context-timeline
o-da2d719173,KNA,kna-cbi,ndf_assets_pct_gdp,2013,as_of_date,25,,percent_of_gdp,1,estimate,intl-imf-wp-15-93,"p. 13 (printed), Box 1","At end-2013, the accumulated central government deposits were about 20 percent of GDP and additional SIDF assets were estimated at 25 percent of GDP.",Differs from the 24 percent in Box 5 of the same paper.,,2026-09-28,research:context-timeline
o-b13de5c7d3,KNA,kna-cbi,ndf_income_pct_gdp,2007,calendar_year,0.9,,percent_of_gdp,1,reported,intl-imf-wp-15-93,"p. 22 (printed), Box 5, table ""SIDF Operations"", row Income",Income 1/ 0.9 1.5 2.4 5.9 8.7 10.1 11.9,"Sugar Industry Diversification Foundation income, net of processing and due diligence fees (note 1/). 2007-2011 from SIDF financial statements; 2012-2013 authorities and staff estimates (marked ""est"").",,2026-09-28,research:context-timeline
o-4f982ea8a5,KNA,kna-cbi,ndf_income_pct_gdp,2007,calendar_year,0.9,,percent_of_gdp,1,reported,kna-imf-wp-15-93,"PDF p. 23, Box 5 table 'SIDF Operations (In percent of GDP)'",Income 0.9 1.5 2.4 5.9 8.7 10.1 11.9,"SIDF income net of processing and due diligence fees (footnote 1/). Per the box, 2007-2011 from SIDF financial statements, 2012-2013 authorities and staff estimates (marked est).",,2026-09-28,research:st-kitts-nevis
o-fc30a8ae40,KNA,kna-cbi,ndf_income_pct_gdp,2008,calendar_year,1.5,,percent_of_gdp,1,reported,intl-imf-wp-15-93,"p. 22 (printed), Box 5, table ""SIDF Operations"", row Income",Income 1/ 0.9 1.5 2.4 5.9 8.7 10.1 11.9,"Sugar Industry Diversification Foundation income, net of processing and due diligence fees (note 1/). 2007-2011 from SIDF financial statements; 2012-2013 authorities and staff estimates (marked ""est"").",,2026-09-28,research:context-timeline
o-d1c72eac55,KNA,kna-cbi,ndf_income_pct_gdp,2008,calendar_year,1.5,,percent_of_gdp,1,reported,kna-imf-wp-15-93,"PDF p. 23, Box 5 table 'SIDF Operations (In percent of GDP)'",Income 0.9 1.5 2.4 5.9 8.7 10.1 11.9,"SIDF income net of processing and due diligence fees (footnote 1/). Per the box, 2007-2011 from SIDF financial statements, 2012-2013 authorities and staff estimates (marked est).",,2026-09-28,research:st-kitts-nevis
o-1fa22b0aa2,KNA,kna-cbi,ndf_income_pct_gdp,2009,calendar_year,2.4,,percent_of_gdp,1,reported,intl-imf-wp-15-93,"p. 22 (printed), Box 5, table ""SIDF Operations"", row Income",Income 1/ 0.9 1.5 2.4 5.9 8.7 10.1 11.9,"Sugar Industry Diversification Foundation income, net of processing and due diligence fees (note 1/). 2007-2011 from SIDF financial statements; 2012-2013 authorities and staff estimates (marked ""est"").",,2026-09-28,research:context-timeline
o-40773fb94d,KNA,kna-cbi,ndf_income_pct_gdp,2009,calendar_year,2.4,,percent_of_gdp,1,reported,kna-imf-wp-15-93,"PDF p. 23, Box 5 table 'SIDF Operations (In percent of GDP)'",Income 0.9 1.5 2.4 5.9 8.7 10.1 11.9,"SIDF income net of processing and due diligence fees (footnote 1/). Per the box, 2007-2011 from SIDF financial statements, 2012-2013 authorities and staff estimates (marked est).",,2026-09-28,research:st-kitts-nevis
o-b5ceefe540,KNA,kna-cbi,ndf_income_pct_gdp,2010,calendar_year,5.9,,percent_of_gdp,1,reported,intl-imf-wp-15-93,"p. 22 (printed), Box 5, table ""SIDF Operations"", row Income",Income 1/ 0.9 1.5 2.4 5.9 8.7 10.1 11.9,"Sugar Industry Diversification Foundation income, net of processing and due diligence fees (note 1/). 2007-2011 from SIDF financial statements; 2012-2013 authorities and staff estimates (marked ""est"").",,2026-09-28,research:context-timeline
o-179635f7f2,KNA,kna-cbi,ndf_income_pct_gdp,2010,calendar_year,5.9,,percent_of_gdp,1,reported,kna-imf-wp-15-93,"PDF p. 23, Box 5 table 'SIDF Operations (In percent of GDP)'",Income 0.9 1.5 2.4 5.9 8.7 10.1 11.9,"SIDF income net of processing and due diligence fees (footnote 1/). Per the box, 2007-2011 from SIDF financial statements, 2012-2013 authorities and staff estimates (marked est).",,2026-09-28,research:st-kitts-nevis
o-d5b5d26814,KNA,kna-cbi,ndf_income_pct_gdp,2011,calendar_year,8.7,,percent_of_gdp,1,reported,intl-imf-wp-15-93,"p. 22 (printed), Box 5, table ""SIDF Operations"", row Income",Income 1/ 0.9 1.5 2.4 5.9 8.7 10.1 11.9,"Sugar Industry Diversification Foundation income, net of processing and due diligence fees (note 1/). 2007-2011 from SIDF financial statements; 2012-2013 authorities and staff estimates (marked ""est"").",,2026-09-28,research:context-timeline
o-524ddcc38a,KNA,kna-cbi,ndf_income_pct_gdp,2011,calendar_year,8.7,,percent_of_gdp,1,reported,kna-imf-wp-15-93,"PDF p. 23, Box 5 table 'SIDF Operations (In percent of GDP)'",Income 0.9 1.5 2.4 5.9 8.7 10.1 11.9,"SIDF income net of processing and due diligence fees (footnote 1/). Per the box, 2007-2011 from SIDF financial statements, 2012-2013 authorities and staff estimates (marked est).",,2026-09-28,research:st-kitts-nevis
o-5d1b4a305f,KNA,kna-cbi,ndf_income_pct_gdp,2012,calendar_year,10.1,,percent_of_gdp,1,estimate,intl-imf-wp-15-93,"p. 22 (printed), Box 5, table ""SIDF Operations"", row Income",Income 1/ 0.9 1.5 2.4 5.9 8.7 10.1 11.9,"Sugar Industry Diversification Foundation income, net of processing and due diligence fees (note 1/). 2007-2011 from SIDF financial statements; 2012-2013 authorities and staff estimates (marked ""est"").",,2026-09-28,research:context-timeline
o-ffd1d3247c,KNA,kna-cbi,ndf_income_pct_gdp,2012,calendar_year,10.1,,percent_of_gdp,1,estimate,kna-imf-wp-15-93,"PDF p. 23, Box 5 table 'SIDF Operations (In percent of GDP)'",Income 0.9 1.5 2.4 5.9 8.7 10.1 11.9,"SIDF income net of processing and due diligence fees (footnote 1/). Per the box, 2007-2011 from SIDF financial statements, 2012-2013 authorities and staff estimates (marked est).",,2026-09-28,research:st-kitts-nevis
o-02f6f9b750,KNA,kna-cbi,ndf_income_pct_gdp,2013,calendar_year,11.9,,percent_of_gdp,1,estimate,intl-imf-wp-15-93,"p. 22 (printed), Box 5, table ""SIDF Operations"", row Income",Income 1/ 0.9 1.5 2.4 5.9 8.7 10.1 11.9,"Sugar Industry Diversification Foundation income, net of processing and due diligence fees (note 1/). 2007-2011 from SIDF financial statements; 2012-2013 authorities and staff estimates (marked ""est"").",,2026-09-28,research:context-timeline
o-da1b367535,KNA,kna-cbi,ndf_income_pct_gdp,2013,calendar_year,11.9,,percent_of_gdp,1,estimate,kna-imf-wp-15-93,"PDF p. 23, Box 5 table 'SIDF Operations (In percent of GDP)'",Income 0.9 1.5 2.4 5.9 8.7 10.1 11.9,"SIDF income net of processing and due diligence fees (footnote 1/). Per the box, 2007-2011 from SIDF financial statements, 2012-2013 authorities and staff estimates (marked est).",,2026-09-28,research:st-kitts-nevis
o-1876279ec4,KNA,kna-cbi,passports_issued,2015-2022,cumulative,35577,,passports,1,reported,kna-imidaily-2024-12-10,article body,"Saint Kitts & Nevis issued 35,577 CBI passports (citizenships) between 2015 and 2022.","Media report attributing the figure to the EU Seventh VSM report (Dec 2024); primary not verified. Implies ~13,000 passports in 2023 alone when compared with 48,844 for 2015-2023 (EU 8th report SWD).",,2026-09-28,research:st-kitts-nevis
o-a609ad9a47,KNA,kna-cbi,passports_issued,2015-2023,cumulative,48844,,passports,1,reported,intl-ec-swd-2025-429,"PDF p. 38, table (Eastern Caribbean), row ""Total passports issued""",Total passports issued: 48 844 (2015-2023),"Data submitted to the Commission by national authorities, ""in some cases, partial"". Higher than the 36 742 ""to date"" in COM(2023) 730.",,2026-09-28,research:context-timeline
o-fcc5ebe3ce,KNA,kna-cbi,passports_issued,2015-2023,cumulative,48844,,passports,1,reported,kna-ec-swd-2025-429,"PDF pp. 36-37, section II 'Eastern Caribbean', table of data submitted by the five countries",48 844 (2015-2023),Passports issued to main applicants and family members.,,2026-09-28,research:st-kitts-nevis
o-384c967773,KNA,kna-cbi,passports_issued,2024,calendar_year,6437,,passports,1,reported,intl-ec-swd-2025-429,"PDF p. 38, table (Eastern Caribbean), row ""Total passports issued""",Total passports issued: 6 437 (2024),"Data submitted to the Commission by national authorities, ""in some cases, partial"". Exceeds 2024 applications (223); passports include family members and earlier applications.",,2026-09-28,research:context-timeline
o-68874d9d68,KNA,kna-cbi,passports_issued,2024,calendar_year,6437,,passports,1,reported,kna-ec-swd-2025-429,"PDF pp. 36-37, section II 'Eastern Caribbean', table of data submitted by the five countries",6 437 (2024),"High relative to 223 applications received in 2024, presumably reflecting approvals of earlier applications and family members.",,2026-09-28,research:st-kitts-nevis
o-53d43bfe82,KNA,kna-cbi,passports_issued,2025-01-01/2025-04-30,partial_year,734,,passports,1,reported,kna-ec-swd-2025-429,"PDF pp. 36-37, section II 'Eastern Caribbean', table of data submitted by the five countries",734 (2025 until 30/4),,,2026-09-28,research:st-kitts-nevis
o-7ecab674cc,KNA,kna-cbi,passports_issued,2025-01/2025-04-30,partial_year,734,,passports,1,reported,intl-ec-swd-2025-429,"PDF p. 38, table (Eastern Caribbean), row ""Total passports issued""",Total passports issued: 734 (2025 until 30/4),"Data submitted to the Commission by national authorities, ""in some cases, partial"".",,2026-09-28,research:context-timeline
o-5d1a3661b2,KNA,kna-cbi,passports_issued,to 2023-10,cumulative,36742,,passports,1,reported,intl-ec-com-2023-730,p. 37 (printed),"with a total of at least 88 000 passports issued to date. For certain countries, this number is above 30 000 (34 500 passports issued by Dominica; 36 742 by Saint Kitts and Nevis).",Start year not stated. Much lower than SWD(2025) 429 figure of 48 844 for 2015-2023 — the two Commission documents disagree or use different cut-offs.,,2026-09-28,research:context-timeline
o-eb84af7afa,KNA,,sugar_cane_production,1961,calendar_year,419595,,tonnes,1,reported,kna-sugar-faostat-qcl,"kna-sugar-faostat-qcl.csv: Item ""Sugar cane"", Element ""Production"", column Y1961","Saint Kitts and Nevis,Sugar cane,Production,t,Y1961=419595.000000,Y1961F=A",FAO flag A (official figure). The 2006 zero reflects the July 2005 closure.,,2026-09-28,research:context-timeline
o-15f1f555b3,KNA,,sugar_cane_production,1962,calendar_year,395628,,tonnes,1,reported,kna-sugar-faostat-qcl,"kna-sugar-faostat-qcl.csv: Item ""Sugar cane"", Element ""Production"", column Y1962","Saint Kitts and Nevis,Sugar cane,Production,t,Y1962=395628.000000,Y1962F=A",FAO flag A (official figure). The 2006 zero reflects the July 2005 closure.,,2026-09-28,research:context-timeline
o-e96d22a01d,KNA,,sugar_cane_production,1963,calendar_year,356286,,tonnes,1,reported,kna-sugar-faostat-qcl,"kna-sugar-faostat-qcl.csv: Item ""Sugar cane"", Element ""Production"", column Y1963","Saint Kitts and Nevis,Sugar cane,Production,t,Y1963=356286.000000,Y1963F=A",FAO flag A (official figure). The 2006 zero reflects the July 2005 closure.,,2026-09-28,research:context-timeline
o-ea1913bfa0,KNA,,sugar_cane_production,1964,calendar_year,383554,,tonnes,1,reported,kna-sugar-faostat-qcl,"kna-sugar-faostat-qcl.csv: Item ""Sugar cane"", Element ""Production"", column Y1964","Saint Kitts and Nevis,Sugar cane,Production,t,Y1964=383554.000000,Y1964F=A",FAO flag A (official figure). The 2006 zero reflects the July 2005 closure.,,2026-09-28,research:context-timeline
o-0c8f7f5a8d,KNA,,sugar_cane_production,1965,calendar_year,347663,,tonnes,1,reported,kna-sugar-faostat-qcl,"kna-sugar-faostat-qcl.csv: Item ""Sugar cane"", Element ""Production"", column Y1965","Saint Kitts and Nevis,Sugar cane,Production,t,Y1965=347663.000000,Y1965F=A",FAO flag A (official figure). The 2006 zero reflects the July 2005 closure.,,2026-09-28,research:context-timeline
o-ad0435db91,KNA,,sugar_cane_production,1966,calendar_year,353926,,tonnes,1,reported,kna-sugar-faostat-qcl,"kna-sugar-faostat-qcl.csv: Item ""Sugar cane"", Element ""Production"", column Y1966","Saint Kitts and Nevis,Sugar cane,Production,t,Y1966=353926.000000,Y1966F=A",FAO flag A (official figure). The 2006 zero reflects the July 2005 closure.,,2026-09-28,research:context-timeline
o-45721efea2,KNA,,sugar_cane_production,1967,calendar_year,333040,,tonnes,1,reported,kna-sugar-faostat-qcl,"kna-sugar-faostat-qcl.csv: Item ""Sugar cane"", Element ""Production"", column Y1967","Saint Kitts and Nevis,Sugar cane,Production,t,Y1967=333040.000000,Y1967F=A",FAO flag A (official figure). The 2006 zero reflects the July 2005 closure.,,2026-09-28,research:context-timeline
o-bdc02cde1b,KNA,,sugar_cane_production,1968,calendar_year,326136,,tonnes,1,reported,kna-sugar-faostat-qcl,"kna-sugar-faostat-qcl.csv: Item ""Sugar cane"", Element ""Production"", column Y1968","Saint Kitts and Nevis,Sugar cane,Production,t,Y1968=326136.000000,Y1968F=A",FAO flag A (official figure). The 2006 zero reflects the July 2005 closure.,,2026-09-28,research:context-timeline
o-b7819b46f9,KNA,,sugar_cane_production,1969,calendar_year,246888,,tonnes,1,reported,kna-sugar-faostat-qcl,"kna-sugar-faostat-qcl.csv: Item ""Sugar cane"", Element ""Production"", column Y1969","Saint Kitts and Nevis,Sugar cane,Production,t,Y1969=246888.000000,Y1969F=A",FAO flag A (official figure). The 2006 zero reflects the July 2005 closure.,,2026-09-28,research:context-timeline
o-c9cfc69ad6,KNA,,sugar_cane_production,1970,calendar_year,331216,,tonnes,1,reported,kna-sugar-faostat-qcl,"kna-sugar-faostat-qcl.csv: Item ""Sugar cane"", Element ""Production"", column Y1970","Saint Kitts and Nevis,Sugar cane,Production,t,Y1970=331216.000000,Y1970F=A",FAO flag A (official figure). The 2006 zero reflects the July 2005 closure.,,2026-09-28,research:context-timeline
o-1cc9c188cc,KNA,,sugar_cane_production,1971,calendar_year,276352,,tonnes,1,reported,kna-sugar-faostat-qcl,"kna-sugar-faostat-qcl.csv: Item ""Sugar cane"", Element ""Production"", column Y1971","Saint Kitts and Nevis,Sugar cane,Production,t,Y1971=276352.000000,Y1971F=A",FAO flag A (official figure). The 2006 zero reflects the July 2005 closure.,,2026-09-28,research:context-timeline
o-a4b1223bdd,KNA,,sugar_cane_production,1972,calendar_year,248932,,tonnes,1,reported,kna-sugar-faostat-qcl,"kna-sugar-faostat-qcl.csv: Item ""Sugar cane"", Element ""Production"", column Y1972","Saint Kitts and Nevis,Sugar cane,Production,t,Y1972=248932.000000,Y1972F=X",FAO flag X (figure from external organization). The 2006 zero reflects the July 2005 closure.,,2026-09-28,research:context-timeline
o-eae3826b8a,KNA,,sugar_cane_production,1973,calendar_year,214376,,tonnes,1,reported,kna-sugar-faostat-qcl,"kna-sugar-faostat-qcl.csv: Item ""Sugar cane"", Element ""Production"", column Y1973","Saint Kitts and Nevis,Sugar cane,Production,t,Y1973=214376.000000,Y1973F=A",FAO flag A (official figure). The 2006 zero reflects the July 2005 closure.,,2026-09-28,research:context-timeline
o-478e944e2c,KNA,,sugar_cane_production,1974,calendar_year,220472,,tonnes,1,reported,kna-sugar-faostat-qcl,"kna-sugar-faostat-qcl.csv: Item ""Sugar cane"", Element ""Production"", column Y1974","Saint Kitts and Nevis,Sugar cane,Production,t,Y1974=220472.000000,Y1974F=A",FAO flag A (official figure). The 2006 zero reflects the July 2005 closure.,,2026-09-28,research:context-timeline
o-6b04bc8b08,KNA,,sugar_cane_production,1975,calendar_year,219456,,tonnes,1,reported,kna-sugar-faostat-qcl,"kna-sugar-faostat-qcl.csv: Item ""Sugar cane"", Element ""Production"", column Y1975","Saint Kitts and Nevis,Sugar cane,Production,t,Y1975=219456.000000,Y1975F=A",FAO flag A (official figure). The 2006 zero reflects the July 2005 closure.,,2026-09-28,research:context-timeline
o-7587e87743,KNA,,sugar_cane_production,1976,calendar_year,326136,,tonnes,1,reported,kna-sugar-faostat-qcl,"kna-sugar-faostat-qcl.csv: Item ""Sugar cane"", Element ""Production"", column Y1976","Saint Kitts and Nevis,Sugar cane,Production,t,Y1976=326136.000000,Y1976F=A",FAO flag A (official figure). The 2006 zero reflects the July 2005 closure.,,2026-09-28,research:context-timeline
o-3f7a4b3f69,KNA,,sugar_cane_production,1977,calendar_year,352000,,tonnes,1,reported,kna-sugar-faostat-qcl,"kna-sugar-faostat-qcl.csv: Item ""Sugar cane"", Element ""Production"", column Y1977","Saint Kitts and Nevis,Sugar cane,Production,t,Y1977=352000.000000,Y1977F=A",FAO flag A (official figure). The 2006 zero reflects the July 2005 closure.,,2026-09-28,research:context-timeline
o-f4924b1fb1,KNA,,sugar_cane_production,1978,calendar_year,362000,,tonnes,1,reported,kna-sugar-faostat-qcl,"kna-sugar-faostat-qcl.csv: Item ""Sugar cane"", Element ""Production"", column Y1978","Saint Kitts and Nevis,Sugar cane,Production,t,Y1978=362000.000000,Y1978F=A",FAO flag A (official figure). The 2006 zero reflects the July 2005 closure.,,2026-09-28,research:context-timeline
o-c36f8d6b74,KNA,,sugar_cane_production,1979,calendar_year,384000,,tonnes,1,reported,kna-sugar-faostat-qcl,"kna-sugar-faostat-qcl.csv: Item ""Sugar cane"", Element ""Production"", column Y1979","Saint Kitts and Nevis,Sugar cane,Production,t,Y1979=384000.000000,Y1979F=A",FAO flag A (official figure). The 2006 zero reflects the July 2005 closure.,,2026-09-28,research:context-timeline
o-caf630592a,KNA,,sugar_cane_production,1980,calendar_year,352000,,tonnes,1,reported,kna-sugar-faostat-qcl,"kna-sugar-faostat-qcl.csv: Item ""Sugar cane"", Element ""Production"", column Y1980","Saint Kitts and Nevis,Sugar cane,Production,t,Y1980=352000.000000,Y1980F=A",FAO flag A (official figure). The 2006 zero reflects the July 2005 closure.,,2026-09-28,research:context-timeline
o-dad7b13063,KNA,,sugar_cane_production,1981,calendar_year,337500,,tonnes,1,reported,kna-sugar-faostat-qcl,"kna-sugar-faostat-qcl.csv: Item ""Sugar cane"", Element ""Production"", column Y1981","Saint Kitts and Nevis,Sugar cane,Production,t,Y1981=337500.000000,Y1981F=A",FAO flag A (official figure). The 2006 zero reflects the July 2005 closure.,,2026-09-28,research:context-timeline
o-7b31e9fde6,KNA,,sugar_cane_production,1982,calendar_year,349600,,tonnes,1,reported,kna-sugar-faostat-qcl,"kna-sugar-faostat-qcl.csv: Item ""Sugar cane"", Element ""Production"", column Y1982","Saint Kitts and Nevis,Sugar cane,Production,t,Y1982=349600.000000,Y1982F=A",FAO flag A (official figure). The 2006 zero reflects the July 2005 closure.,,2026-09-28,research:context-timeline
o-ac06c8d9fb,KNA,,sugar_cane_production,1983,calendar_year,276200,,tonnes,1,reported,kna-sugar-faostat-qcl,"kna-sugar-faostat-qcl.csv: Item ""Sugar cane"", Element ""Production"", column Y1983","Saint Kitts and Nevis,Sugar cane,Production,t,Y1983=276200.000000,Y1983F=A",FAO flag A (official figure). The 2006 zero reflects the July 2005 closure.,,2026-09-28,research:context-timeline
o-3f4c9b9578,KNA,,sugar_cane_production,1984,calendar_year,298315,,tonnes,1,reported,kna-sugar-faostat-qcl,"kna-sugar-faostat-qcl.csv: Item ""Sugar cane"", Element ""Production"", column Y1984","Saint Kitts and Nevis,Sugar cane,Production,t,Y1984=298315.000000,Y1984F=A",FAO flag A (official figure). The 2006 zero reflects the July 2005 closure.,,2026-09-28,research:context-timeline
o-a37bba2a1c,KNA,,sugar_cane_production,1985,calendar_year,263098,,tonnes,1,reported,kna-sugar-faostat-qcl,"kna-sugar-faostat-qcl.csv: Item ""Sugar cane"", Element ""Production"", column Y1985","Saint Kitts and Nevis,Sugar cane,Production,t,Y1985=263098.000000,Y1985F=A",FAO flag A (official figure). The 2006 zero reflects the July 2005 closure.,,2026-09-28,research:context-timeline
o-b6bf3af5f6,KNA,,sugar_cane_production,1986,calendar_year,260370,,tonnes,1,reported,kna-sugar-faostat-qcl,"kna-sugar-faostat-qcl.csv: Item ""Sugar cane"", Element ""Production"", column Y1986","Saint Kitts and Nevis,Sugar cane,Production,t,Y1986=260370.000000,Y1986F=A",FAO flag A (official figure). The 2006 zero reflects the July 2005 closure.,,2026-09-28,research:context-timeline
o-967aea51cb,KNA,,sugar_cane_production,1987,calendar_year,258660,,tonnes,1,reported,kna-sugar-faostat-qcl,"kna-sugar-faostat-qcl.csv: Item ""Sugar cane"", Element ""Production"", column Y1987","Saint Kitts and Nevis,Sugar cane,Production,t,Y1987=258660.000000,Y1987F=A",FAO flag A (official figure). The 2006 zero reflects the July 2005 closure.,,2026-09-28,research:context-timeline
o-1bf5a31f1d,KNA,,sugar_cane_production,1988,calendar_year,270830,,tonnes,1,reported,kna-sugar-faostat-qcl,"kna-sugar-faostat-qcl.csv: Item ""Sugar cane"", Element ""Production"", column Y1988","Saint Kitts and Nevis,Sugar cane,Production,t,Y1988=270830.000000,Y1988F=A",FAO flag A (official figure). The 2006 zero reflects the July 2005 closure.,,2026-09-28,research:context-timeline
o-ec53567d1e,KNA,,sugar_cane_production,1989,calendar_year,252300,,tonnes,1,reported,kna-sugar-faostat-qcl,"kna-sugar-faostat-qcl.csv: Item ""Sugar cane"", Element ""Production"", column Y1989","Saint Kitts and Nevis,Sugar cane,Production,t,Y1989=252300.000000,Y1989F=A",FAO flag A (official figure). The 2006 zero reflects the July 2005 closure.,,2026-09-28,research:context-timeline
o-c77a5ec4ef,KNA,,sugar_cane_production,1990,calendar_year,170000,,tonnes,1,estimate,kna-sugar-faostat-qcl,"kna-sugar-faostat-qcl.csv: Item ""Sugar cane"", Element ""Production"", column Y1990","Saint Kitts and Nevis,Sugar cane,Production,t,Y1990=170000.000000,Y1990F=E",FAO flag E (estimated value). The 2006 zero reflects the July 2005 closure.,,2026-09-28,research:context-timeline
o-f744f934cb,KNA,,sugar_cane_production,1991,calendar_year,200000,,tonnes,1,estimate,kna-sugar-faostat-qcl,"kna-sugar-faostat-qcl.csv: Item ""Sugar cane"", Element ""Production"", column Y1991","Saint Kitts and Nevis,Sugar cane,Production,t,Y1991=200000.000000,Y1991F=E",FAO flag E (estimated value). The 2006 zero reflects the July 2005 closure.,,2026-09-28,research:context-timeline
o-27ef480212,KNA,,sugar_cane_production,1992,calendar_year,280000,,tonnes,1,estimate,kna-sugar-faostat-qcl,"kna-sugar-faostat-qcl.csv: Item ""Sugar cane"", Element ""Production"", column Y1992","Saint Kitts and Nevis,Sugar cane,Production,t,Y1992=280000.000000,Y1992F=E",FAO flag E (estimated value). The 2006 zero reflects the July 2005 closure.,,2026-09-28,research:context-timeline
o-56b1094d42,KNA,,sugar_cane_production,1993,calendar_year,218000,,tonnes,1,reported,kna-sugar-faostat-qcl,"kna-sugar-faostat-qcl.csv: Item ""Sugar cane"", Element ""Production"", column Y1993","Saint Kitts and Nevis,Sugar cane,Production,t,Y1993=218000.000000,Y1993F=A",FAO flag A (official figure). The 2006 zero reflects the July 2005 closure.,,2026-09-28,research:context-timeline
o-def278f48a,KNA,,sugar_cane_production,1994,calendar_year,180494,,tonnes,1,reported,kna-sugar-faostat-qcl,"kna-sugar-faostat-qcl.csv: Item ""Sugar cane"", Element ""Production"", column Y1994","Saint Kitts and Nevis,Sugar cane,Production,t,Y1994=180494.000000,Y1994F=A",FAO flag A (official figure). The 2006 zero reflects the July 2005 closure.,,2026-09-28,research:context-timeline
o-e0a77b26df,KNA,,sugar_cane_production,1995,calendar_year,183170,,tonnes,1,reported,kna-sugar-faostat-qcl,"kna-sugar-faostat-qcl.csv: Item ""Sugar cane"", Element ""Production"", column Y1995","Saint Kitts and Nevis,Sugar cane,Production,t,Y1995=183170.000000,Y1995F=A",FAO flag A (official figure). The 2006 zero reflects the July 2005 closure.,,2026-09-28,research:context-timeline
o-58122b706a,KNA,,sugar_cane_production,1996,calendar_year,207000,,tonnes,1,reported,kna-sugar-faostat-qcl,"kna-sugar-faostat-qcl.csv: Item ""Sugar cane"", Element ""Production"", column Y1996","Saint Kitts and Nevis,Sugar cane,Production,t,Y1996=207000.000000,Y1996F=A",FAO flag A (official figure). The 2006 zero reflects the July 2005 closure.,,2026-09-28,research:context-timeline
o-2f09d78e2d,KNA,,sugar_cane_production,1997,calendar_year,310064,,tonnes,1,reported,kna-sugar-faostat-qcl,"kna-sugar-faostat-qcl.csv: Item ""Sugar cane"", Element ""Production"", column Y1997","Saint Kitts and Nevis,Sugar cane,Production,t,Y1997=310064.000000,Y1997F=A",FAO flag A (official figure). The 2006 zero reflects the July 2005 closure.,,2026-09-28,research:context-timeline
o-dd8369afde,KNA,,sugar_cane_production,1998,calendar_year,244398,,tonnes,1,reported,kna-sugar-faostat-qcl,"kna-sugar-faostat-qcl.csv: Item ""Sugar cane"", Element ""Production"", column Y1998","Saint Kitts and Nevis,Sugar cane,Production,t,Y1998=244398.000000,Y1998F=A",FAO flag A (official figure). The 2006 zero reflects the July 2005 closure.,,2026-09-28,research:context-timeline
o-9189325fc5,KNA,,sugar_cane_production,1999,calendar_year,196784,,tonnes,1,reported,kna-sugar-faostat-qcl,"kna-sugar-faostat-qcl.csv: Item ""Sugar cane"", Element ""Production"", column Y1999","Saint Kitts and Nevis,Sugar cane,Production,t,Y1999=196784.000000,Y1999F=A",FAO flag A (official figure). The 2006 zero reflects the July 2005 closure.,,2026-09-28,research:context-timeline
o-bef99e2961,KNA,,sugar_cane_production,2000,calendar_year,191387,,tonnes,1,reported,kna-sugar-faostat-qcl,"kna-sugar-faostat-qcl.csv: Item ""Sugar cane"", Element ""Production"", column Y2000","Saint Kitts and Nevis,Sugar cane,Production,t,Y2000=191387.000000,Y2000F=A",FAO flag A (official figure). The 2006 zero reflects the July 2005 closure.,,2026-09-28,research:context-timeline
o-cba9b7e972,KNA,,sugar_cane_production,2001,calendar_year,191400,,tonnes,1,estimate,kna-sugar-faostat-qcl,"kna-sugar-faostat-qcl.csv: Item ""Sugar cane"", Element ""Production"", column Y2001","Saint Kitts and Nevis,Sugar cane,Production,t,Y2001=191400.000000,Y2001F=E",FAO flag E (estimated value). The 2006 zero reflects the July 2005 closure.,,2026-09-28,research:context-timeline
o-61fa754c14,KNA,,sugar_cane_production,2002,calendar_year,193000,,tonnes,1,estimate,kna-sugar-faostat-qcl,"kna-sugar-faostat-qcl.csv: Item ""Sugar cane"", Element ""Production"", column Y2002","Saint Kitts and Nevis,Sugar cane,Production,t,Y2002=193000.000000,Y2002F=E",FAO flag E (estimated value). The 2006 zero reflects the July 2005 closure.,,2026-09-28,research:context-timeline
o-be9db10fd1,KNA,,sugar_cane_production,2003,calendar_year,193000,,tonnes,1,estimate,kna-sugar-faostat-qcl,"kna-sugar-faostat-qcl.csv: Item ""Sugar cane"", Element ""Production"", column Y2003","Saint Kitts and Nevis,Sugar cane,Production,t,Y2003=193000.000000,Y2003F=E",FAO flag E (estimated value). The 2006 zero reflects the July 2005 closure.,,2026-09-28,research:context-timeline
o-19b693508a,KNA,,sugar_cane_production,2004,calendar_year,260000,,tonnes,1,estimate,kna-sugar-faostat-qcl,"kna-sugar-faostat-qcl.csv: Item ""Sugar cane"", Element ""Production"", column Y2004","Saint Kitts and Nevis,Sugar cane,Production,t,Y2004=260000.000000,Y2004F=E",FAO flag E (estimated value). The 2006 zero reflects the July 2005 closure.,,2026-09-28,research:context-timeline
o-f6817742c9,KNA,,sugar_cane_production,2005,calendar_year,100000,,tonnes,1,reported,kna-sugar-faostat-qcl,"kna-sugar-faostat-qcl.csv: Item ""Sugar cane"", Element ""Production"", column Y2005","Saint Kitts and Nevis,Sugar cane,Production,t,Y2005=100000.000000,Y2005F=A",FAO flag A (official figure). The 2006 zero reflects the July 2005 closure.,,2026-09-28,research:context-timeline
o-7b3202dbbb,KNA,,sugar_cane_production,2006,calendar_year,0,,tonnes,1,reported,kna-sugar-faostat-qcl,"kna-sugar-faostat-qcl.csv: Item ""Sugar cane"", Element ""Production"", column Y2006","Saint Kitts and Nevis,Sugar cane,Production,t,Y2006=0.000000,Y2006F=A",FAO flag A (official figure). The 2006 zero reflects the July 2005 closure.,,2026-09-28,research:context-timeline
o-e064f93a78,KNA,,sugar_export_value,1961,calendar_year,5240,,USD,thousand,reported,kna-sugar-faostat-tcl,"kna-sugar-faostat-tcl.csv: Item ""Raw cane or beet sugar (centrifugal only)"", Element ""Export value"", column Y1961","Saint Kitts and Nevis,Raw cane or beet sugar (centrifugal only),Export value,1000 USD,Y1961=5240.000000,Y1961F=A","FAO flag A (official figure). Raw sugar only, current USD.",,2026-09-28,research:context-timeline
o-8fcb687eb1,KNA,,sugar_export_value,1962,calendar_year,4480,,USD,thousand,reported,kna-sugar-faostat-tcl,"kna-sugar-faostat-tcl.csv: Item ""Raw cane or beet sugar (centrifugal only)"", Element ""Export value"", column Y1962","Saint Kitts and Nevis,Raw cane or beet sugar (centrifugal only),Export value,1000 USD,Y1962=4480.000000,Y1962F=A","FAO flag A (official figure). Raw sugar only, current USD.",,2026-09-28,research:context-timeline
o-feed5dae72,KNA,,sugar_export_value,1963,calendar_year,4180,,USD,thousand,reported,kna-sugar-faostat-tcl,"kna-sugar-faostat-tcl.csv: Item ""Raw cane or beet sugar (centrifugal only)"", Element ""Export value"", column Y1963","Saint Kitts and Nevis,Raw cane or beet sugar (centrifugal only),Export value,1000 USD,Y1963=4180.000000,Y1963F=X","FAO flag X (figure from external organization). Raw sugar only, current USD.",,2026-09-28,research:context-timeline
o-ef0dce2582,KNA,,sugar_export_value,1964,calendar_year,5180,,USD,thousand,reported,kna-sugar-faostat-tcl,"kna-sugar-faostat-tcl.csv: Item ""Raw cane or beet sugar (centrifugal only)"", Element ""Export value"", column Y1964","Saint Kitts and Nevis,Raw cane or beet sugar (centrifugal only),Export value,1000 USD,Y1964=5180.000000,Y1964F=A","FAO flag A (official figure). Raw sugar only, current USD.",,2026-09-28,research:context-timeline
o-8f9acfb702,KNA,,sugar_export_value,1965,calendar_year,3900,,USD,thousand,reported,kna-sugar-faostat-tcl,"kna-sugar-faostat-tcl.csv: Item ""Raw cane or beet sugar (centrifugal only)"", Element ""Export value"", column Y1965","Saint Kitts and Nevis,Raw cane or beet sugar (centrifugal only),Export value,1000 USD,Y1965=3900.000000,Y1965F=X","FAO flag X (figure from external organization). Raw sugar only, current USD.",,2026-09-28,research:context-timeline
o-52a077314a,KNA,,sugar_export_value,1966,calendar_year,4430,,USD,thousand,reported,kna-sugar-faostat-tcl,"kna-sugar-faostat-tcl.csv: Item ""Raw cane or beet sugar (centrifugal only)"", Element ""Export value"", column Y1966","Saint Kitts and Nevis,Raw cane or beet sugar (centrifugal only),Export value,1000 USD,Y1966=4430.000000,Y1966F=A","FAO flag A (official figure). Raw sugar only, current USD.",,2026-09-28,research:context-timeline
o-cc11b373fd,KNA,,sugar_export_value,1967,calendar_year,4720,,USD,thousand,reported,kna-sugar-faostat-tcl,"kna-sugar-faostat-tcl.csv: Item ""Raw cane or beet sugar (centrifugal only)"", Element ""Export value"", column Y1967","Saint Kitts and Nevis,Raw cane or beet sugar (centrifugal only),Export value,1000 USD,Y1967=4720.000000,Y1967F=A","FAO flag A (official figure). Raw sugar only, current USD.",,2026-09-28,research:context-timeline
o-105cf78ea0,KNA,,sugar_export_value,1968,calendar_year,3380,,USD,thousand,reported,kna-sugar-faostat-tcl,"kna-sugar-faostat-tcl.csv: Item ""Raw cane or beet sugar (centrifugal only)"", Element ""Export value"", column Y1968","Saint Kitts and Nevis,Raw cane or beet sugar (centrifugal only),Export value,1000 USD,Y1968=3380.000000,Y1968F=A","FAO flag A (official figure). Raw sugar only, current USD.",,2026-09-28,research:context-timeline
o-1f6ba17f3a,KNA,,sugar_export_value,1969,calendar_year,3680,,USD,thousand,reported,kna-sugar-faostat-tcl,"kna-sugar-faostat-tcl.csv: Item ""Raw cane or beet sugar (centrifugal only)"", Element ""Export value"", column Y1969","Saint Kitts and Nevis,Raw cane or beet sugar (centrifugal only),Export value,1000 USD,Y1969=3680.000000,Y1969F=A","FAO flag A (official figure). Raw sugar only, current USD.",,2026-09-28,research:context-timeline
o-a0d16655b7,KNA,,sugar_export_value,1970,calendar_year,2836,,USD,thousand,reported,kna-sugar-faostat-tcl,"kna-sugar-faostat-tcl.csv: Item ""Raw cane or beet sugar (centrifugal only)"", Element ""Export value"", column Y1970","Saint Kitts and Nevis,Raw cane or beet sugar (centrifugal only),Export value,1000 USD,Y1970=2836.000000,Y1970F=A","FAO flag A (official figure). Raw sugar only, current USD.",,2026-09-28,research:context-timeline
o-fed00c3f48,KNA,,sugar_export_value,1971,calendar_year,2459,,USD,thousand,reported,kna-sugar-faostat-tcl,"kna-sugar-faostat-tcl.csv: Item ""Raw cane or beet sugar (centrifugal only)"", Element ""Export value"", column Y1971","Saint Kitts and Nevis,Raw cane or beet sugar (centrifugal only),Export value,1000 USD,Y1971=2459.000000,Y1971F=A","FAO flag A (official figure). Raw sugar only, current USD.",,2026-09-28,research:context-timeline
o-0bae30a324,KNA,,sugar_export_value,1972,calendar_year,3750,,USD,thousand,reported,kna-sugar-faostat-tcl,"kna-sugar-faostat-tcl.csv: Item ""Raw cane or beet sugar (centrifugal only)"", Element ""Export value"", column Y1972","Saint Kitts and Nevis,Raw cane or beet sugar (centrifugal only),Export value,1000 USD,Y1972=3750.000000,Y1972F=A","FAO flag A (official figure). Raw sugar only, current USD.",,2026-09-28,research:context-timeline
o-8090c8cf7c,KNA,,sugar_export_value,1973,calendar_year,2936,,USD,thousand,reported,kna-sugar-faostat-tcl,"kna-sugar-faostat-tcl.csv: Item ""Raw cane or beet sugar (centrifugal only)"", Element ""Export value"", column Y1973","Saint Kitts and Nevis,Raw cane or beet sugar (centrifugal only),Export value,1000 USD,Y1973=2936.000000,Y1973F=A","FAO flag A (official figure). Raw sugar only, current USD.",,2026-09-28,research:context-timeline
o-c1e9745c6c,KNA,,sugar_export_value,1974,calendar_year,6282,,USD,thousand,reported,kna-sugar-faostat-tcl,"kna-sugar-faostat-tcl.csv: Item ""Raw cane or beet sugar (centrifugal only)"", Element ""Export value"", column Y1974","Saint Kitts and Nevis,Raw cane or beet sugar (centrifugal only),Export value,1000 USD,Y1974=6282.000000,Y1974F=A","FAO flag A (official figure). Raw sugar only, current USD.",,2026-09-28,research:context-timeline
o-3b3bbfc727,KNA,,sugar_export_value,1975,calendar_year,12690,,USD,thousand,reported,kna-sugar-faostat-tcl,"kna-sugar-faostat-tcl.csv: Item ""Raw cane or beet sugar (centrifugal only)"", Element ""Export value"", column Y1975","Saint Kitts and Nevis,Raw cane or beet sugar (centrifugal only),Export value,1000 USD,Y1975=12690.000000,Y1975F=A","FAO flag A (official figure). Raw sugar only, current USD.",,2026-09-28,research:context-timeline
o-1c4dc6612a,KNA,,sugar_export_value,1976,calendar_year,9891,,USD,thousand,reported,kna-sugar-faostat-tcl,"kna-sugar-faostat-tcl.csv: Item ""Raw cane or beet sugar (centrifugal only)"", Element ""Export value"", column Y1976","Saint Kitts and Nevis,Raw cane or beet sugar (centrifugal only),Export value,1000 USD,Y1976=9891.000000,Y1976F=A","FAO flag A (official figure). Raw sugar only, current USD.",,2026-09-28,research:context-timeline
o-3c1cd0ed74,KNA,,sugar_export_value,1977,calendar_year,9359,,USD,thousand,reported,kna-sugar-faostat-tcl,"kna-sugar-faostat-tcl.csv: Item ""Raw cane or beet sugar (centrifugal only)"", Element ""Export value"", column Y1977","Saint Kitts and Nevis,Raw cane or beet sugar (centrifugal only),Export value,1000 USD,Y1977=9359.000000,Y1977F=A","FAO flag A (official figure). Raw sugar only, current USD.",,2026-09-28,research:context-timeline
o-dc297bcdab,KNA,,sugar_export_value,1978,calendar_year,11750,,USD,thousand,reported,kna-sugar-faostat-tcl,"kna-sugar-faostat-tcl.csv: Item ""Raw cane or beet sugar (centrifugal only)"", Element ""Export value"", column Y1978","Saint Kitts and Nevis,Raw cane or beet sugar (centrifugal only),Export value,1000 USD,Y1978=11750.000000,Y1978F=A","FAO flag A (official figure). Raw sugar only, current USD.",,2026-09-28,research:context-timeline
o-ffbe76302e,KNA,,sugar_export_value,1979,calendar_year,11293,,USD,thousand,reported,kna-sugar-faostat-tcl,"kna-sugar-faostat-tcl.csv: Item ""Raw cane or beet sugar (centrifugal only)"", Element ""Export value"", column Y1979","Saint Kitts and Nevis,Raw cane or beet sugar (centrifugal only),Export value,1000 USD,Y1979=11293.000000,Y1979F=A","FAO flag A (official figure). Raw sugar only, current USD.",,2026-09-28,research:context-timeline
o-dc66010127,KNA,,sugar_export_value,1980,calendar_year,14348,,USD,thousand,reported,kna-sugar-faostat-tcl,"kna-sugar-faostat-tcl.csv: Item ""Raw cane or beet sugar (centrifugal only)"", Element ""Export value"", column Y1980","Saint Kitts and Nevis,Raw cane or beet sugar (centrifugal only),Export value,1000 USD,Y1980=14348.000000,Y1980F=A","FAO flag A (official figure). Raw sugar only, current USD.",,2026-09-28,research:context-timeline
o-a58ad68464,KNA,,sugar_export_value,1981,calendar_year,14713,,USD,thousand,reported,kna-sugar-faostat-tcl,"kna-sugar-faostat-tcl.csv: Item ""Raw cane or beet sugar (centrifugal only)"", Element ""Export value"", column Y1981","Saint Kitts and Nevis,Raw cane or beet sugar (centrifugal only),Export value,1000 USD,Y1981=14713.000000,Y1981F=A","FAO flag A (official figure). Raw sugar only, current USD.",,2026-09-28,research:context-timeline
o-3ae8742cb8,KNA,,sugar_export_value,1982,calendar_year,11086,,USD,thousand,reported,kna-sugar-faostat-tcl,"kna-sugar-faostat-tcl.csv: Item ""Raw cane or beet sugar (centrifugal only)"", Element ""Export value"", column Y1982","Saint Kitts and Nevis,Raw cane or beet sugar (centrifugal only),Export value,1000 USD,Y1982=11086.000000,Y1982F=A","FAO flag A (official figure). Raw sugar only, current USD.",,2026-09-28,research:context-timeline
o-40234407c8,KNA,,sugar_export_value,1983,calendar_year,10002,,USD,thousand,reported,kna-sugar-faostat-tcl,"kna-sugar-faostat-tcl.csv: Item ""Raw cane or beet sugar (centrifugal only)"", Element ""Export value"", column Y1983","Saint Kitts and Nevis,Raw cane or beet sugar (centrifugal only),Export value,1000 USD,Y1983=10002.000000,Y1983F=A","FAO flag A (official figure). Raw sugar only, current USD.",,2026-09-28,research:context-timeline
o-82a5d4d629,KNA,,sugar_export_value,1984,calendar_year,11267,,USD,thousand,reported,kna-sugar-faostat-tcl,"kna-sugar-faostat-tcl.csv: Item ""Raw cane or beet sugar (centrifugal only)"", Element ""Export value"", column Y1984","Saint Kitts and Nevis,Raw cane or beet sugar (centrifugal only),Export value,1000 USD,Y1984=11267.000000,Y1984F=A","FAO flag A (official figure). Raw sugar only, current USD.",,2026-09-28,research:context-timeline
o-f6200c4ec6,KNA,,sugar_export_value,1985,calendar_year,6422,,USD,thousand,reported,kna-sugar-faostat-tcl,"kna-sugar-faostat-tcl.csv: Item ""Raw cane or beet sugar (centrifugal only)"", Element ""Export value"", column Y1985","Saint Kitts and Nevis,Raw cane or beet sugar (centrifugal only),Export value,1000 USD,Y1985=6422.000000,Y1985F=A","FAO flag A (official figure). Raw sugar only, current USD.",,2026-09-28,research:context-timeline
o-756c93b98a,KNA,,sugar_export_value,1986,calendar_year,9583,,USD,thousand,reported,kna-sugar-faostat-tcl,"kna-sugar-faostat-tcl.csv: Item ""Raw cane or beet sugar (centrifugal only)"", Element ""Export value"", column Y1986","Saint Kitts and Nevis,Raw cane or beet sugar (centrifugal only),Export value,1000 USD,Y1986=9583.000000,Y1986F=A","FAO flag A (official figure). Raw sugar only, current USD.",,2026-09-28,research:context-timeline
o-be3f052cab,KNA,,sugar_export_value,1987,calendar_year,12465,,USD,thousand,reported,kna-sugar-faostat-tcl,"kna-sugar-faostat-tcl.csv: Item ""Raw cane or beet sugar (centrifugal only)"", Element ""Export value"", column Y1987","Saint Kitts and Nevis,Raw cane or beet sugar (centrifugal only),Export value,1000 USD,Y1987=12465.000000,Y1987F=A","FAO flag A (official figure). Raw sugar only, current USD.",,2026-09-28,research:context-timeline
o-c4cdafb99e,KNA,,sugar_export_value,1988,calendar_year,11674,,USD,thousand,reported,kna-sugar-faostat-tcl,"kna-sugar-faostat-tcl.csv: Item ""Raw cane or beet sugar (centrifugal only)"", Element ""Export value"", column Y1988","Saint Kitts and Nevis,Raw cane or beet sugar (centrifugal only),Export value,1000 USD,Y1988=11674.000000,Y1988F=A","FAO flag A (official figure). Raw sugar only, current USD.",,2026-09-28,research:context-timeline
o-8998233049,KNA,,sugar_export_value,1989,calendar_year,11851,,USD,thousand,reported,kna-sugar-faostat-tcl,"kna-sugar-faostat-tcl.csv: Item ""Raw cane or beet sugar (centrifugal only)"", Element ""Export value"", column Y1989","Saint Kitts and Nevis,Raw cane or beet sugar (centrifugal only),Export value,1000 USD,Y1989=11851.000000,Y1989F=A","FAO flag A (official figure). Raw sugar only, current USD.",,2026-09-28,research:context-timeline
o-5dfff8681c,KNA,,sugar_export_value,1990,calendar_year,9000,,USD,thousand,reported,kna-sugar-faostat-tcl,"kna-sugar-faostat-tcl.csv: Item ""Raw cane or beet sugar (centrifugal only)"", Element ""Export value"", column Y1990","Saint Kitts and Nevis,Raw cane or beet sugar (centrifugal only),Export value,1000 USD,Y1990=9000.000000,Y1990F=X","FAO flag X (figure from external organization). Raw sugar only, current USD.",,2026-09-28,research:context-timeline
o-d7aefd1999,KNA,,sugar_export_value,1991,calendar_year,9300,,USD,thousand,reported,kna-sugar-faostat-tcl,"kna-sugar-faostat-tcl.csv: Item ""Raw cane or beet sugar (centrifugal only)"", Element ""Export value"", column Y1991","Saint Kitts and Nevis,Raw cane or beet sugar (centrifugal only),Export value,1000 USD,Y1991=9300.000000,Y1991F=A","FAO flag A (official figure). Raw sugar only, current USD.",,2026-09-28,research:context-timeline
o-1cac5f6be3,KNA,,sugar_export_value,1992,calendar_year,13000,,USD,thousand,reported,kna-sugar-faostat-tcl,"kna-sugar-faostat-tcl.csv: Item ""Raw cane or beet sugar (centrifugal only)"", Element ""Export value"", column Y1992","Saint Kitts and Nevis,Raw cane or beet sugar (centrifugal only),Export value,1000 USD,Y1992=13000.000000,Y1992F=X","FAO flag X (figure from external organization). Raw sugar only, current USD.",,2026-09-28,research:context-timeline
o-77c69a06a4,KNA,,sugar_export_value,1993,calendar_year,10500,,USD,thousand,reported,kna-sugar-faostat-tcl,"kna-sugar-faostat-tcl.csv: Item ""Raw cane or beet sugar (centrifugal only)"", Element ""Export value"", column Y1993","Saint Kitts and Nevis,Raw cane or beet sugar (centrifugal only),Export value,1000 USD,Y1993=10500.000000,Y1993F=X","FAO flag X (figure from external organization). Raw sugar only, current USD.",,2026-09-28,research:context-timeline
o-22ba382d34,KNA,,sugar_export_value,1994,calendar_year,11545,,USD,thousand,reported,kna-sugar-faostat-tcl,"kna-sugar-faostat-tcl.csv: Item ""Raw cane or beet sugar (centrifugal only)"", Element ""Export value"", column Y1994","Saint Kitts and Nevis,Raw cane or beet sugar (centrifugal only),Export value,1000 USD,Y1994=11545.000000,Y1994F=A","FAO flag A (official figure). Raw sugar only, current USD.",,2026-09-28,research:context-timeline
o-fabcc57237,KNA,,sugar_export_value,1995,calendar_year,14115,,USD,thousand,reported,kna-sugar-faostat-tcl,"kna-sugar-faostat-tcl.csv: Item ""Raw cane or beet sugar (centrifugal only)"", Element ""Export value"", column Y1995","Saint Kitts and Nevis,Raw cane or beet sugar (centrifugal only),Export value,1000 USD,Y1995=14115.000000,Y1995F=A","FAO flag A (official figure). Raw sugar only, current USD.",,2026-09-28,research:context-timeline
o-cb0f23b1a7,KNA,,sugar_export_value,1996,calendar_year,11782,,USD,thousand,reported,kna-sugar-faostat-tcl,"kna-sugar-faostat-tcl.csv: Item ""Raw cane or beet sugar (centrifugal only)"", Element ""Export value"", column Y1996","Saint Kitts and Nevis,Raw cane or beet sugar (centrifugal only),Export value,1000 USD,Y1996=11782.000000,Y1996F=A","FAO flag A (official figure). Raw sugar only, current USD.",,2026-09-28,research:context-timeline
o-db6d9da035,KNA,,sugar_export_value,1997,calendar_year,17800,,USD,thousand,reported,kna-sugar-faostat-tcl,"kna-sugar-faostat-tcl.csv: Item ""Raw cane or beet sugar (centrifugal only)"", Element ""Export value"", column Y1997","Saint Kitts and Nevis,Raw cane or beet sugar (centrifugal only),Export value,1000 USD,Y1997=17800.000000,Y1997F=X","FAO flag X (figure from external organization). Raw sugar only, current USD.",,2026-09-28,research:context-timeline
o-81d58f3eb7,KNA,,sugar_export_value,1998,calendar_year,12200,,USD,thousand,reported,kna-sugar-faostat-tcl,"kna-sugar-faostat-tcl.csv: Item ""Raw cane or beet sugar (centrifugal only)"", Element ""Export value"", column Y1998","Saint Kitts and Nevis,Raw cane or beet sugar (centrifugal only),Export value,1000 USD,Y1998=12200.000000,Y1998F=X","FAO flag X (figure from external organization). Raw sugar only, current USD.",,2026-09-28,research:context-timeline
o-2652b4b95b,KNA,,sugar_export_value,1999,calendar_year,10000,,USD,thousand,reported,kna-sugar-faostat-tcl,"kna-sugar-faostat-tcl.csv: Item ""Raw cane or beet sugar (centrifugal only)"", Element ""Export value"", column Y1999","Saint Kitts and Nevis,Raw cane or beet sugar (centrifugal only),Export value,1000 USD,Y1999=10000.000000,Y1999F=X","FAO flag X (figure from external organization). Raw sugar only, current USD.",,2026-09-28,research:context-timeline
o-c6cf039f60,KNA,,sugar_export_value,2000,calendar_year,5854,,USD,thousand,reported,kna-sugar-faostat-tcl,"kna-sugar-faostat-tcl.csv: Item ""Raw cane or beet sugar (centrifugal only)"", Element ""Export value"", column Y2000","Saint Kitts and Nevis,Raw cane or beet sugar (centrifugal only),Export value,1000 USD,Y2000=5854.000000,Y2000F=A","FAO flag A (official figure). Raw sugar only, current USD.",,2026-09-28,research:context-timeline
o-37cce40543,KNA,,sugar_export_value,2001,calendar_year,6471,,USD,thousand,reported,kna-sugar-faostat-tcl,"kna-sugar-faostat-tcl.csv: Item ""Raw cane or beet sugar (centrifugal only)"", Element ""Export value"", column Y2001","Saint Kitts and Nevis,Raw cane or beet sugar (centrifugal only),Export value,1000 USD,Y2001=6471.000000,Y2001F=A","FAO flag A (official figure). Raw sugar only, current USD.",,2026-09-28,research:context-timeline
o-efd451a4d4,KNA,,sugar_export_value,2001,calendar_year,26.0,,XCD,million,reported,kna-sugar-imf-cr07141,"PDF p. 34, Table 5 (Balance of Payments), Exports f.o.b., of which Sugar",Of which Sugar 26.0 27.9 22.9 22.4 16.9 0.0,"2005 column marked ""Est.""; 2006 onwards are projections (0.0) and are not recorded.",,2026-09-28,research:context-timeline
o-eedc9658ee,KNA,,sugar_export_value,2002,calendar_year,8000,,USD,thousand,estimate,kna-sugar-faostat-tcl,"kna-sugar-faostat-tcl.csv: Item ""Raw cane or beet sugar (centrifugal only)"", Element ""Export value"", column Y2002","Saint Kitts and Nevis,Raw cane or beet sugar (centrifugal only),Export value,1000 USD,Y2002=8000.000000,Y2002F=I","FAO flag I (value imputed by a receiving agency). Raw sugar only, current USD.",,2026-09-28,research:context-timeline
o-bb59f3dd76,KNA,,sugar_export_value,2002,calendar_year,27.9,,XCD,million,reported,kna-sugar-imf-cr07141,"PDF p. 34, Table 5 (Balance of Payments), Exports f.o.b., of which Sugar",Of which Sugar 26.0 27.9 22.9 22.4 16.9 0.0,"2005 column marked ""Est.""; 2006 onwards are projections (0.0) and are not recorded.",,2026-09-28,research:context-timeline
o-1f65977fd3,KNA,,sugar_export_value,2003,calendar_year,7237,,USD,thousand,reported,kna-sugar-faostat-tcl,"kna-sugar-faostat-tcl.csv: Item ""Raw cane or beet sugar (centrifugal only)"", Element ""Export value"", column Y2003","Saint Kitts and Nevis,Raw cane or beet sugar (centrifugal only),Export value,1000 USD,Y2003=7237.000000,Y2003F=A","FAO flag A (official figure). Raw sugar only, current USD.",,2026-09-28,research:context-timeline
o-ba1770eb07,KNA,,sugar_export_value,2003,calendar_year,22.9,,XCD,million,reported,kna-sugar-imf-cr07141,"PDF p. 34, Table 5 (Balance of Payments), Exports f.o.b., of which Sugar",Of which Sugar 26.0 27.9 22.9 22.4 16.9 0.0,"2005 column marked ""Est.""; 2006 onwards are projections (0.0) and are not recorded.",,2026-09-28,research:context-timeline
o-0124376f37,KNA,,sugar_export_value,2004,calendar_year,11775,,USD,thousand,reported,kna-sugar-faostat-tcl,"kna-sugar-faostat-tcl.csv: Item ""Raw cane or beet sugar (centrifugal only)"", Element ""Export value"", column Y2004","Saint Kitts and Nevis,Raw cane or beet sugar (centrifugal only),Export value,1000 USD,Y2004=11775.000000,Y2004F=A","FAO flag A (official figure). Raw sugar only, current USD.",,2026-09-28,research:context-timeline
o-7cd5aaca65,KNA,,sugar_export_value,2004,calendar_year,22.4,,XCD,million,reported,kna-sugar-imf-cr07141,"PDF p. 34, Table 5 (Balance of Payments), Exports f.o.b., of which Sugar",Of which Sugar 26.0 27.9 22.9 22.4 16.9 0.0,"2005 column marked ""Est.""; 2006 onwards are projections (0.0) and are not recorded.",,2026-09-28,research:context-timeline
o-a4575eb38a,KNA,,sugar_export_value,2005,calendar_year,7000,,USD,thousand,estimate,kna-sugar-faostat-tcl,"kna-sugar-faostat-tcl.csv: Item ""Raw cane or beet sugar (centrifugal only)"", Element ""Export value"", column Y2005","Saint Kitts and Nevis,Raw cane or beet sugar (centrifugal only),Export value,1000 USD,Y2005=7000.000000,Y2005F=I","FAO flag I (value imputed by a receiving agency). Raw sugar only, current USD.",,2026-09-28,research:context-timeline
o-00ad686d5f,KNA,,sugar_export_value,2005,calendar_year,16.9,,XCD,million,estimate,kna-sugar-imf-cr07141,"PDF p. 34, Table 5 (Balance of Payments), Exports f.o.b., of which Sugar",Of which Sugar 26.0 27.9 22.9 22.4 16.9 0.0,"2005 column marked ""Est.""; 2006 onwards are projections (0.0) and are not recorded.",,2026-09-28,research:context-timeline
o-ca286a8c25,KNA,,sugar_export_value,2006,calendar_year,11,,USD,thousand,reported,kna-sugar-faostat-tcl,"kna-sugar-faostat-tcl.csv: Item ""Raw cane or beet sugar (centrifugal only)"", Element ""Export value"", column Y2006","Saint Kitts and Nevis,Raw cane or beet sugar (centrifugal only),Export value,1000 USD,Y2006=11.000000,Y2006F=A","FAO flag A (official figure). Raw sugar only, current USD.",,2026-09-28,research:context-timeline
o-51d95d043b,KNA,,sugar_export_value,2007,calendar_year,10,,USD,thousand,reported,kna-sugar-faostat-tcl,"kna-sugar-faostat-tcl.csv: Item ""Raw cane or beet sugar (centrifugal only)"", Element ""Export value"", column Y2007","Saint Kitts and Nevis,Raw cane or beet sugar (centrifugal only),Export value,1000 USD,Y2007=10.000000,Y2007F=A","FAO flag A (official figure). Raw sugar only, current USD.",,2026-09-28,research:context-timeline
o-5d68c230e2,KNA,,sugar_exports_pct_gdp,2000-2004,period_average,2.5,,percent_of_gdp,1,estimate,kna-sugar-imf-cr07141,"PDF p. 9, Box 1",Sugar export proceeds had declined to an average of 2½ percent of GDP a year during 2000–04,"Printed as ""2½"". Annual Table 5 values for 2001-04 average 2.5 as well.",,2026-09-28,research:context-timeline
o-4338f1355c,KNA,,sugar_exports_pct_gdp,2001,calendar_year,2.8,,percent_of_gdp,1,reported,kna-sugar-imf-cr07141,"PDF p. 34, Table 5, In percent of GDP, Merchandise exports, of which Sugar",Of which Sugar 2.8 2.9 2.3 2.0 1.4 0.0,"2005 column marked ""Est.""",,2026-09-28,research:context-timeline
o-a31d65ccd8,KNA,,sugar_exports_pct_gdp,2002,calendar_year,2.9,,percent_of_gdp,1,reported,kna-sugar-imf-cr07141,"PDF p. 34, Table 5, In percent of GDP, Merchandise exports, of which Sugar",Of which Sugar 2.8 2.9 2.3 2.0 1.4 0.0,"2005 column marked ""Est.""",,2026-09-28,research:context-timeline
o-0b87e3df13,KNA,,sugar_exports_pct_gdp,2003,calendar_year,2.3,,percent_of_gdp,1,reported,kna-sugar-imf-cr07141,"PDF p. 34, Table 5, In percent of GDP, Merchandise exports, of which Sugar",Of which Sugar 2.8 2.9 2.3 2.0 1.4 0.0,"2005 column marked ""Est.""",,2026-09-28,research:context-timeline
o-ca9d00ce46,KNA,,sugar_exports_pct_gdp,2004,calendar_year,2.0,,percent_of_gdp,1,reported,kna-sugar-imf-cr07141,"PDF p. 34, Table 5, In percent of GDP, Merchandise exports, of which Sugar",Of which Sugar 2.8 2.9 2.3 2.0 1.4 0.0,"2005 column marked ""Est.""",,2026-09-28,research:context-timeline
o-88ec946efe,KNA,,sugar_exports_pct_gdp,2005,calendar_year,1.4,,percent_of_gdp,1,estimate,kna-sugar-imf-cr07141,"PDF p. 34, Table 5, In percent of GDP, Merchandise exports, of which Sugar",Of which Sugar 2.8 2.9 2.3 2.0 1.4 0.0,"2005 column marked ""Est.""",,2026-09-28,research:context-timeline
o-ea268fa210,KNA,,sugar_exports_quantity,1961,calendar_year,45500,,tonnes,1,reported,kna-sugar-faostat-tcl,"kna-sugar-faostat-tcl.csv: Item ""Raw cane or beet sugar (centrifugal only)"", Element ""Export quantity"", column Y1961","Saint Kitts and Nevis,Raw cane or beet sugar (centrifugal only),Export quantity,t,Y1961=45500.000000,Y1961F=A","FAO flag A (official figure). Raw sugar only; post-2005 values are residual trade, not production.",,2026-09-28,research:context-timeline
o-15b7663fa6,KNA,,sugar_exports_quantity,1962,calendar_year,41200,,tonnes,1,reported,kna-sugar-faostat-tcl,"kna-sugar-faostat-tcl.csv: Item ""Raw cane or beet sugar (centrifugal only)"", Element ""Export quantity"", column Y1962","Saint Kitts and Nevis,Raw cane or beet sugar (centrifugal only),Export quantity,t,Y1962=41200.000000,Y1962F=A","FAO flag A (official figure). Raw sugar only; post-2005 values are residual trade, not production.",,2026-09-28,research:context-timeline
o-54082ea94e,KNA,,sugar_exports_quantity,1963,calendar_year,38400,,tonnes,1,reported,kna-sugar-faostat-tcl,"kna-sugar-faostat-tcl.csv: Item ""Raw cane or beet sugar (centrifugal only)"", Element ""Export quantity"", column Y1963","Saint Kitts and Nevis,Raw cane or beet sugar (centrifugal only),Export quantity,t,Y1963=38400.000000,Y1963F=A","FAO flag A (official figure). Raw sugar only; post-2005 values are residual trade, not production.",,2026-09-28,research:context-timeline
o-e3435baff2,KNA,,sugar_exports_quantity,1964,calendar_year,41500,,tonnes,1,reported,kna-sugar-faostat-tcl,"kna-sugar-faostat-tcl.csv: Item ""Raw cane or beet sugar (centrifugal only)"", Element ""Export quantity"", column Y1964","Saint Kitts and Nevis,Raw cane or beet sugar (centrifugal only),Export quantity,t,Y1964=41500.000000,Y1964F=A","FAO flag A (official figure). Raw sugar only; post-2005 values are residual trade, not production.",,2026-09-28,research:context-timeline
o-24c1551e2c,KNA,,sugar_exports_quantity,1965,calendar_year,34770,,tonnes,1,reported,kna-sugar-faostat-tcl,"kna-sugar-faostat-tcl.csv: Item ""Raw cane or beet sugar (centrifugal only)"", Element ""Export quantity"", column Y1965","Saint Kitts and Nevis,Raw cane or beet sugar (centrifugal only),Export quantity,t,Y1965=34770.000000,Y1965F=A","FAO flag A (official figure). Raw sugar only; post-2005 values are residual trade, not production.",,2026-09-28,research:context-timeline
o-193f087589,KNA,,sugar_exports_quantity,1966,calendar_year,35080,,tonnes,1,reported,kna-sugar-faostat-tcl,"kna-sugar-faostat-tcl.csv: Item ""Raw cane or beet sugar (centrifugal only)"", Element ""Export quantity"", column Y1966","Saint Kitts and Nevis,Raw cane or beet sugar (centrifugal only),Export quantity,t,Y1966=35080.000000,Y1966F=A","FAO flag A (official figure). Raw sugar only; post-2005 values are residual trade, not production.",,2026-09-28,research:context-timeline
o-d03680eb65,KNA,,sugar_exports_quantity,1967,calendar_year,35900,,tonnes,1,reported,kna-sugar-faostat-tcl,"kna-sugar-faostat-tcl.csv: Item ""Raw cane or beet sugar (centrifugal only)"", Element ""Export quantity"", column Y1967","Saint Kitts and Nevis,Raw cane or beet sugar (centrifugal only),Export quantity,t,Y1967=35900.000000,Y1967F=A","FAO flag A (official figure). Raw sugar only; post-2005 values are residual trade, not production.",,2026-09-28,research:context-timeline
o-bb81a3f711,KNA,,sugar_exports_quantity,1968,calendar_year,34600,,tonnes,1,reported,kna-sugar-faostat-tcl,"kna-sugar-faostat-tcl.csv: Item ""Raw cane or beet sugar (centrifugal only)"", Element ""Export quantity"", column Y1968","Saint Kitts and Nevis,Raw cane or beet sugar (centrifugal only),Export quantity,t,Y1968=34600.000000,Y1968F=A","FAO flag A (official figure). Raw sugar only; post-2005 values are residual trade, not production.",,2026-09-28,research:context-timeline
o-987207857a,KNA,,sugar_exports_quantity,1969,calendar_year,34118,,tonnes,1,reported,kna-sugar-faostat-tcl,"kna-sugar-faostat-tcl.csv: Item ""Raw cane or beet sugar (centrifugal only)"", Element ""Export quantity"", column Y1969","Saint Kitts and Nevis,Raw cane or beet sugar (centrifugal only),Export quantity,t,Y1969=34118.000000,Y1969F=A","FAO flag A (official figure). Raw sugar only; post-2005 values are residual trade, not production.",,2026-09-28,research:context-timeline
o-5661455d42,KNA,,sugar_exports_quantity,1970,calendar_year,22387,,tonnes,1,reported,kna-sugar-faostat-tcl,"kna-sugar-faostat-tcl.csv: Item ""Raw cane or beet sugar (centrifugal only)"", Element ""Export quantity"", column Y1970","Saint Kitts and Nevis,Raw cane or beet sugar (centrifugal only),Export quantity,t,Y1970=22387.000000,Y1970F=A","FAO flag A (official figure). Raw sugar only; post-2005 values are residual trade, not production.",,2026-09-28,research:context-timeline
o-c1c536509f,KNA,,sugar_exports_quantity,1971,calendar_year,19127,,tonnes,1,reported,kna-sugar-faostat-tcl,"kna-sugar-faostat-tcl.csv: Item ""Raw cane or beet sugar (centrifugal only)"", Element ""Export quantity"", column Y1971","Saint Kitts and Nevis,Raw cane or beet sugar (centrifugal only),Export quantity,t,Y1971=19127.000000,Y1971F=A","FAO flag A (official figure). Raw sugar only; post-2005 values are residual trade, not production.",,2026-09-28,research:context-timeline
o-08bf70a265,KNA,,sugar_exports_quantity,1972,calendar_year,24734,,tonnes,1,reported,kna-sugar-faostat-tcl,"kna-sugar-faostat-tcl.csv: Item ""Raw cane or beet sugar (centrifugal only)"", Element ""Export quantity"", column Y1972","Saint Kitts and Nevis,Raw cane or beet sugar (centrifugal only),Export quantity,t,Y1972=24734.000000,Y1972F=A","FAO flag A (official figure). Raw sugar only; post-2005 values are residual trade, not production.",,2026-09-28,research:context-timeline
o-79f81e57b6,KNA,,sugar_exports_quantity,1973,calendar_year,20321,,tonnes,1,reported,kna-sugar-faostat-tcl,"kna-sugar-faostat-tcl.csv: Item ""Raw cane or beet sugar (centrifugal only)"", Element ""Export quantity"", column Y1973","Saint Kitts and Nevis,Raw cane or beet sugar (centrifugal only),Export quantity,t,Y1973=20321.000000,Y1973F=A","FAO flag A (official figure). Raw sugar only; post-2005 values are residual trade, not production.",,2026-09-28,research:context-timeline
o-1fe9ffa154,KNA,,sugar_exports_quantity,1974,calendar_year,23369,,tonnes,1,reported,kna-sugar-faostat-tcl,"kna-sugar-faostat-tcl.csv: Item ""Raw cane or beet sugar (centrifugal only)"", Element ""Export quantity"", column Y1974","Saint Kitts and Nevis,Raw cane or beet sugar (centrifugal only),Export quantity,t,Y1974=23369.000000,Y1974F=A","FAO flag A (official figure). Raw sugar only; post-2005 values are residual trade, not production.",,2026-09-28,research:context-timeline
o-501c76e490,KNA,,sugar_exports_quantity,1975,calendar_year,22362,,tonnes,1,reported,kna-sugar-faostat-tcl,"kna-sugar-faostat-tcl.csv: Item ""Raw cane or beet sugar (centrifugal only)"", Element ""Export quantity"", column Y1975","Saint Kitts and Nevis,Raw cane or beet sugar (centrifugal only),Export quantity,t,Y1975=22362.000000,Y1975F=A","FAO flag A (official figure). Raw sugar only; post-2005 values are residual trade, not production.",,2026-09-28,research:context-timeline
o-5f979fa099,KNA,,sugar_exports_quantity,1976,calendar_year,31000,,tonnes,1,reported,kna-sugar-faostat-tcl,"kna-sugar-faostat-tcl.csv: Item ""Raw cane or beet sugar (centrifugal only)"", Element ""Export quantity"", column Y1976","Saint Kitts and Nevis,Raw cane or beet sugar (centrifugal only),Export quantity,t,Y1976=31000.000000,Y1976F=A","FAO flag A (official figure). Raw sugar only; post-2005 values are residual trade, not production.",,2026-09-28,research:context-timeline
o-8111e9b3a3,KNA,,sugar_exports_quantity,1977,calendar_year,38000,,tonnes,1,reported,kna-sugar-faostat-tcl,"kna-sugar-faostat-tcl.csv: Item ""Raw cane or beet sugar (centrifugal only)"", Element ""Export quantity"", column Y1977","Saint Kitts and Nevis,Raw cane or beet sugar (centrifugal only),Export quantity,t,Y1977=38000.000000,Y1977F=A","FAO flag A (official figure). Raw sugar only; post-2005 values are residual trade, not production.",,2026-09-28,research:context-timeline
o-1a34bb0315,KNA,,sugar_exports_quantity,1978,calendar_year,38708,,tonnes,1,reported,kna-sugar-faostat-tcl,"kna-sugar-faostat-tcl.csv: Item ""Raw cane or beet sugar (centrifugal only)"", Element ""Export quantity"", column Y1978","Saint Kitts and Nevis,Raw cane or beet sugar (centrifugal only),Export quantity,t,Y1978=38708.000000,Y1978F=A","FAO flag A (official figure). Raw sugar only; post-2005 values are residual trade, not production.",,2026-09-28,research:context-timeline
o-1f826c191a,KNA,,sugar_exports_quantity,1979,calendar_year,33531,,tonnes,1,reported,kna-sugar-faostat-tcl,"kna-sugar-faostat-tcl.csv: Item ""Raw cane or beet sugar (centrifugal only)"", Element ""Export quantity"", column Y1979","Saint Kitts and Nevis,Raw cane or beet sugar (centrifugal only),Export quantity,t,Y1979=33531.000000,Y1979F=A","FAO flag A (official figure). Raw sugar only; post-2005 values are residual trade, not production.",,2026-09-28,research:context-timeline
o-c08495f1b4,KNA,,sugar_exports_quantity,1980,calendar_year,32005,,tonnes,1,reported,kna-sugar-faostat-tcl,"kna-sugar-faostat-tcl.csv: Item ""Raw cane or beet sugar (centrifugal only)"", Element ""Export quantity"", column Y1980","Saint Kitts and Nevis,Raw cane or beet sugar (centrifugal only),Export quantity,t,Y1980=32005.000000,Y1980F=A","FAO flag A (official figure). Raw sugar only; post-2005 values are residual trade, not production.",,2026-09-28,research:context-timeline
o-3ec1eb8b6a,KNA,,sugar_exports_quantity,1981,calendar_year,29464,,tonnes,1,reported,kna-sugar-faostat-tcl,"kna-sugar-faostat-tcl.csv: Item ""Raw cane or beet sugar (centrifugal only)"", Element ""Export quantity"", column Y1981","Saint Kitts and Nevis,Raw cane or beet sugar (centrifugal only),Export quantity,t,Y1981=29464.000000,Y1981F=A","FAO flag A (official figure). Raw sugar only; post-2005 values are residual trade, not production.",,2026-09-28,research:context-timeline
o-9e2ca1efdd,KNA,,sugar_exports_quantity,1982,calendar_year,33000,,tonnes,1,reported,kna-sugar-faostat-tcl,"kna-sugar-faostat-tcl.csv: Item ""Raw cane or beet sugar (centrifugal only)"", Element ""Export quantity"", column Y1982","Saint Kitts and Nevis,Raw cane or beet sugar (centrifugal only),Export quantity,t,Y1982=33000.000000,Y1982F=A","FAO flag A (official figure). Raw sugar only; post-2005 values are residual trade, not production.",,2026-09-28,research:context-timeline
o-5322e6b464,KNA,,sugar_exports_quantity,1983,calendar_year,23000,,tonnes,1,reported,kna-sugar-faostat-tcl,"kna-sugar-faostat-tcl.csv: Item ""Raw cane or beet sugar (centrifugal only)"", Element ""Export quantity"", column Y1983","Saint Kitts and Nevis,Raw cane or beet sugar (centrifugal only),Export quantity,t,Y1983=23000.000000,Y1983F=A","FAO flag A (official figure). Raw sugar only; post-2005 values are residual trade, not production.",,2026-09-28,research:context-timeline
o-3863f4b4bb,KNA,,sugar_exports_quantity,1984,calendar_year,25453,,tonnes,1,reported,kna-sugar-faostat-tcl,"kna-sugar-faostat-tcl.csv: Item ""Raw cane or beet sugar (centrifugal only)"", Element ""Export quantity"", column Y1984","Saint Kitts and Nevis,Raw cane or beet sugar (centrifugal only),Export quantity,t,Y1984=25453.000000,Y1984F=A","FAO flag A (official figure). Raw sugar only; post-2005 values are residual trade, not production.",,2026-09-28,research:context-timeline
o-fff9f7a3f2,KNA,,sugar_exports_quantity,1985,calendar_year,24821,,tonnes,1,reported,kna-sugar-faostat-tcl,"kna-sugar-faostat-tcl.csv: Item ""Raw cane or beet sugar (centrifugal only)"", Element ""Export quantity"", column Y1985","Saint Kitts and Nevis,Raw cane or beet sugar (centrifugal only),Export quantity,t,Y1985=24821.000000,Y1985F=A","FAO flag A (official figure). Raw sugar only; post-2005 values are residual trade, not production.",,2026-09-28,research:context-timeline
o-0d8f2a36cb,KNA,,sugar_exports_quantity,1986,calendar_year,22180,,tonnes,1,reported,kna-sugar-faostat-tcl,"kna-sugar-faostat-tcl.csv: Item ""Raw cane or beet sugar (centrifugal only)"", Element ""Export quantity"", column Y1986","Saint Kitts and Nevis,Raw cane or beet sugar (centrifugal only),Export quantity,t,Y1986=22180.000000,Y1986F=A","FAO flag A (official figure). Raw sugar only; post-2005 values are residual trade, not production.",,2026-09-28,research:context-timeline
o-7328bdfcc8,KNA,,sugar_exports_quantity,1987,calendar_year,22670,,tonnes,1,reported,kna-sugar-faostat-tcl,"kna-sugar-faostat-tcl.csv: Item ""Raw cane or beet sugar (centrifugal only)"", Element ""Export quantity"", column Y1987","Saint Kitts and Nevis,Raw cane or beet sugar (centrifugal only),Export quantity,t,Y1987=22670.000000,Y1987F=A","FAO flag A (official figure). Raw sugar only; post-2005 values are residual trade, not production.",,2026-09-28,research:context-timeline
o-b091f14491,KNA,,sugar_exports_quantity,1988,calendar_year,23230,,tonnes,1,reported,kna-sugar-faostat-tcl,"kna-sugar-faostat-tcl.csv: Item ""Raw cane or beet sugar (centrifugal only)"", Element ""Export quantity"", column Y1988","Saint Kitts and Nevis,Raw cane or beet sugar (centrifugal only),Export quantity,t,Y1988=23230.000000,Y1988F=A","FAO flag A (official figure). Raw sugar only; post-2005 values are residual trade, not production.",,2026-09-28,research:context-timeline
o-5a90b2a425,KNA,,sugar_exports_quantity,1989,calendar_year,22190,,tonnes,1,reported,kna-sugar-faostat-tcl,"kna-sugar-faostat-tcl.csv: Item ""Raw cane or beet sugar (centrifugal only)"", Element ""Export quantity"", column Y1989","Saint Kitts and Nevis,Raw cane or beet sugar (centrifugal only),Export quantity,t,Y1989=22190.000000,Y1989F=A","FAO flag A (official figure). Raw sugar only; post-2005 values are residual trade, not production.",,2026-09-28,research:context-timeline
o-a7f8be37e4,KNA,,sugar_exports_quantity,1990,calendar_year,15000,,tonnes,1,reported,kna-sugar-faostat-tcl,"kna-sugar-faostat-tcl.csv: Item ""Raw cane or beet sugar (centrifugal only)"", Element ""Export quantity"", column Y1990","Saint Kitts and Nevis,Raw cane or beet sugar (centrifugal only),Export quantity,t,Y1990=15000.000000,Y1990F=X","FAO flag X (figure from external organization). Raw sugar only; post-2005 values are residual trade, not production.",,2026-09-28,research:context-timeline
o-611b3a4332,KNA,,sugar_exports_quantity,1991,calendar_year,19097,,tonnes,1,reported,kna-sugar-faostat-tcl,"kna-sugar-faostat-tcl.csv: Item ""Raw cane or beet sugar (centrifugal only)"", Element ""Export quantity"", column Y1991","Saint Kitts and Nevis,Raw cane or beet sugar (centrifugal only),Export quantity,t,Y1991=19097.000000,Y1991F=A","FAO flag A (official figure). Raw sugar only; post-2005 values are residual trade, not production.",,2026-09-28,research:context-timeline
o-2b00cfc8c9,KNA,,sugar_exports_quantity,1992,calendar_year,27000,,tonnes,1,reported,kna-sugar-faostat-tcl,"kna-sugar-faostat-tcl.csv: Item ""Raw cane or beet sugar (centrifugal only)"", Element ""Export quantity"", column Y1992","Saint Kitts and Nevis,Raw cane or beet sugar (centrifugal only),Export quantity,t,Y1992=27000.000000,Y1992F=X","FAO flag X (figure from external organization). Raw sugar only; post-2005 values are residual trade, not production.",,2026-09-28,research:context-timeline
o-78e6480801,KNA,,sugar_exports_quantity,1993,calendar_year,21000,,tonnes,1,reported,kna-sugar-faostat-tcl,"kna-sugar-faostat-tcl.csv: Item ""Raw cane or beet sugar (centrifugal only)"", Element ""Export quantity"", column Y1993","Saint Kitts and Nevis,Raw cane or beet sugar (centrifugal only),Export quantity,t,Y1993=21000.000000,Y1993F=X","FAO flag X (figure from external organization). Raw sugar only; post-2005 values are residual trade, not production.",,2026-09-28,research:context-timeline
o-6acb7efa24,KNA,,sugar_exports_quantity,1994,calendar_year,19000,,tonnes,1,reported,kna-sugar-faostat-tcl,"kna-sugar-faostat-tcl.csv: Item ""Raw cane or beet sugar (centrifugal only)"", Element ""Export quantity"", column Y1994","Saint Kitts and Nevis,Raw cane or beet sugar (centrifugal only),Export quantity,t,Y1994=19000.000000,Y1994F=A","FAO flag A (official figure). Raw sugar only; post-2005 values are residual trade, not production.",,2026-09-28,research:context-timeline
o-fabc60d62d,KNA,,sugar_exports_quantity,1995,calendar_year,19000,,tonnes,1,reported,kna-sugar-faostat-tcl,"kna-sugar-faostat-tcl.csv: Item ""Raw cane or beet sugar (centrifugal only)"", Element ""Export quantity"", column Y1995","Saint Kitts and Nevis,Raw cane or beet sugar (centrifugal only),Export quantity,t,Y1995=19000.000000,Y1995F=A","FAO flag A (official figure). Raw sugar only; post-2005 values are residual trade, not production.",,2026-09-28,research:context-timeline
o-49a895cb57,KNA,,sugar_exports_quantity,1996,calendar_year,19638,,tonnes,1,reported,kna-sugar-faostat-tcl,"kna-sugar-faostat-tcl.csv: Item ""Raw cane or beet sugar (centrifugal only)"", Element ""Export quantity"", column Y1996","Saint Kitts and Nevis,Raw cane or beet sugar (centrifugal only),Export quantity,t,Y1996=19638.000000,Y1996F=A","FAO flag A (official figure). Raw sugar only; post-2005 values are residual trade, not production.",,2026-09-28,research:context-timeline
o-8e59e326df,KNA,,sugar_exports_quantity,1997,calendar_year,30000,,tonnes,1,reported,kna-sugar-faostat-tcl,"kna-sugar-faostat-tcl.csv: Item ""Raw cane or beet sugar (centrifugal only)"", Element ""Export quantity"", column Y1997","Saint Kitts and Nevis,Raw cane or beet sugar (centrifugal only),Export quantity,t,Y1997=30000.000000,Y1997F=A","FAO flag A (official figure). Raw sugar only; post-2005 values are residual trade, not production.",,2026-09-28,research:context-timeline
o-4ff13d96a9,KNA,,sugar_exports_quantity,1998,calendar_year,22000,,tonnes,1,reported,kna-sugar-faostat-tcl,"kna-sugar-faostat-tcl.csv: Item ""Raw cane or beet sugar (centrifugal only)"", Element ""Export quantity"", column Y1998","Saint Kitts and Nevis,Raw cane or beet sugar (centrifugal only),Export quantity,t,Y1998=22000.000000,Y1998F=A","FAO flag A (official figure). Raw sugar only; post-2005 values are residual trade, not production.",,2026-09-28,research:context-timeline
o-4a7b894c2d,KNA,,sugar_exports_quantity,1999,calendar_year,17000,,tonnes,1,reported,kna-sugar-faostat-tcl,"kna-sugar-faostat-tcl.csv: Item ""Raw cane or beet sugar (centrifugal only)"", Element ""Export quantity"", column Y1999","Saint Kitts and Nevis,Raw cane or beet sugar (centrifugal only),Export quantity,t,Y1999=17000.000000,Y1999F=A","FAO flag A (official figure). Raw sugar only; post-2005 values are residual trade, not production.",,2026-09-28,research:context-timeline
o-395c486e23,KNA,,sugar_exports_quantity,2000,calendar_year,12336,,tonnes,1,reported,kna-sugar-faostat-tcl,"kna-sugar-faostat-tcl.csv: Item ""Raw cane or beet sugar (centrifugal only)"", Element ""Export quantity"", column Y2000","Saint Kitts and Nevis,Raw cane or beet sugar (centrifugal only),Export quantity,t,Y2000=12336.000000,Y2000F=A","FAO flag A (official figure). Raw sugar only; post-2005 values are residual trade, not production.",,2026-09-28,research:context-timeline
o-ec2bf72c96,KNA,,sugar_exports_quantity,2001,calendar_year,14079,,tonnes,1,reported,kna-sugar-faostat-tcl,"kna-sugar-faostat-tcl.csv: Item ""Raw cane or beet sugar (centrifugal only)"", Element ""Export quantity"", column Y2001","Saint Kitts and Nevis,Raw cane or beet sugar (centrifugal only),Export quantity,t,Y2001=14079.000000,Y2001F=A","FAO flag A (official figure). Raw sugar only; post-2005 values are residual trade, not production.",,2026-09-28,research:context-timeline
o-26e1a194fa,KNA,,sugar_exports_quantity,2002,calendar_year,17000,,tonnes,1,reported,kna-sugar-faostat-tcl,"kna-sugar-faostat-tcl.csv: Item ""Raw cane or beet sugar (centrifugal only)"", Element ""Export quantity"", column Y2002","Saint Kitts and Nevis,Raw cane or beet sugar (centrifugal only),Export quantity,t,Y2002=17000.000000,Y2002F=X","FAO flag X (figure from external organization). Raw sugar only; post-2005 values are residual trade, not production.",,2026-09-28,research:context-timeline
o-550a474fa5,KNA,,sugar_exports_quantity,2003,calendar_year,13934,,tonnes,1,reported,kna-sugar-faostat-tcl,"kna-sugar-faostat-tcl.csv: Item ""Raw cane or beet sugar (centrifugal only)"", Element ""Export quantity"", column Y2003","Saint Kitts and Nevis,Raw cane or beet sugar (centrifugal only),Export quantity,t,Y2003=13934.000000,Y2003F=A","FAO flag A (official figure). Raw sugar only; post-2005 values are residual trade, not production.",,2026-09-28,research:context-timeline
o-bf71116c09,KNA,,sugar_exports_quantity,2004,calendar_year,25901,,tonnes,1,reported,kna-sugar-faostat-tcl,"kna-sugar-faostat-tcl.csv: Item ""Raw cane or beet sugar (centrifugal only)"", Element ""Export quantity"", column Y2004","Saint Kitts and Nevis,Raw cane or beet sugar (centrifugal only),Export quantity,t,Y2004=25901.000000,Y2004F=A","FAO flag A (official figure). Raw sugar only; post-2005 values are residual trade, not production.",,2026-09-28,research:context-timeline
o-263f46d535,KNA,,sugar_exports_quantity,2005,calendar_year,11500,,tonnes,1,reported,kna-sugar-faostat-tcl,"kna-sugar-faostat-tcl.csv: Item ""Raw cane or beet sugar (centrifugal only)"", Element ""Export quantity"", column Y2005","Saint Kitts and Nevis,Raw cane or beet sugar (centrifugal only),Export quantity,t,Y2005=11500.000000,Y2005F=X","FAO flag X (figure from external organization). Raw sugar only; post-2005 values are residual trade, not production.",,2026-09-28,research:context-timeline
o-55941f0f3c,KNA,,sugar_exports_quantity,2006,calendar_year,15,,tonnes,1,reported,kna-sugar-faostat-tcl,"kna-sugar-faostat-tcl.csv: Item ""Raw cane or beet sugar (centrifugal only)"", Element ""Export quantity"", column Y2006","Saint Kitts and Nevis,Raw cane or beet sugar (centrifugal only),Export quantity,t,Y2006=15.000000,Y2006F=A","FAO flag A (official figure). Raw sugar only; post-2005 values are residual trade, not production.",,2026-09-28,research:context-timeline
o-69d7ad8a5f,KNA,,sugar_exports_quantity,2007,calendar_year,13,,tonnes,1,reported,kna-sugar-faostat-tcl,"kna-sugar-faostat-tcl.csv: Item ""Raw cane or beet sugar (centrifugal only)"", Element ""Export quantity"", column Y2007","Saint Kitts and Nevis,Raw cane or beet sugar (centrifugal only),Export quantity,t,Y2007=13.000000,Y2007F=A","FAO flag A (official figure). Raw sugar only; post-2005 values are residual trade, not production.",,2026-09-28,research:context-timeline
o-bd05b16792,KNA,,sugar_industry_debt_pct_gdp,2001,as_of_date,21.0,,percent_of_gdp,1,reported,kna-sugar-imf-cr07141,"PDF p. 33, Table 4 (Structure of the Public Debt, 2001–05), memorandum items",Debt of St. Kitts Sugar Manufacturing Corporation 21.0 24.1 27.2 28.3 29.1,"Stock at end of year presumed (table is debt stock). 2005 column marked ""Est."" Sources: authorities, ECCB, financial statements of public enterprises.",,2026-09-28,research:context-timeline
o-c349f18c81,KNA,,sugar_industry_debt_pct_gdp,2002,as_of_date,24.1,,percent_of_gdp,1,reported,kna-sugar-imf-cr07141,"PDF p. 33, Table 4 (Structure of the Public Debt, 2001–05), memorandum items",Debt of St. Kitts Sugar Manufacturing Corporation 21.0 24.1 27.2 28.3 29.1,"Stock at end of year presumed (table is debt stock). 2005 column marked ""Est."" Sources: authorities, ECCB, financial statements of public enterprises.",,2026-09-28,research:context-timeline
o-4231413f0e,KNA,,sugar_industry_debt_pct_gdp,2003,as_of_date,27.2,,percent_of_gdp,1,reported,kna-sugar-imf-cr07141,"PDF p. 33, Table 4 (Structure of the Public Debt, 2001–05), memorandum items",Debt of St. Kitts Sugar Manufacturing Corporation 21.0 24.1 27.2 28.3 29.1,"Stock at end of year presumed (table is debt stock). 2005 column marked ""Est."" Sources: authorities, ECCB, financial statements of public enterprises.",,2026-09-28,research:context-timeline
o-da90618583,KNA,,sugar_industry_debt_pct_gdp,2004,as_of_date,28.3,,percent_of_gdp,1,reported,kna-sugar-imf-cr07141,"PDF p. 33, Table 4 (Structure of the Public Debt, 2001–05), memorandum items",Debt of St. Kitts Sugar Manufacturing Corporation 21.0 24.1 27.2 28.3 29.1,"Stock at end of year presumed (table is debt stock). 2005 column marked ""Est."" Sources: authorities, ECCB, financial statements of public enterprises.",,2026-09-28,research:context-timeline
o-96bb3247fa,KNA,,sugar_industry_debt_pct_gdp,2005,as_of_date,29.1,,percent_of_gdp,1,estimate,kna-sugar-imf-cr07141,"PDF p. 33, Table 4 (Structure of the Public Debt, 2001–05), memorandum items",Debt of St. Kitts Sugar Manufacturing Corporation 21.0 24.1 27.2 28.3 29.1,"Stock at end of year presumed (table is debt stock). 2005 column marked ""Est."" Sources: authorities, ECCB, financial statements of public enterprises.",,2026-09-28,research:context-timeline
o-d6ac0d06ab,KNA,,sugar_industry_employment,2005,as_of_date,1400,,persons,1,estimate,kna-sugar-imf-cr07141,"PDF p. 6, para 1","employed about 1,400 workers (6 percent of the labor force)","Rounded (""about"").",,2026-09-28,research:context-timeline
o-86419fadf5,KNA,,sugar_industry_employment,2005,as_of_date,1406,,persons,1,reported,kna-sugar-imf-cr07141,"PDF p. 9, Box 1","The severance package for the 1,406 sugar workers of EC$27.4 million (2.3 percent of 2005 GDP).",Workers covered by the severance package.,,2026-09-28,research:context-timeline
o-ee584f8a92,KNA,,sugar_industry_employment,2005-07,as_of_date,1406,,persons,1,reported,kna-sugar-oecs-retraining-2005,"p. 5, Executive Summary","The study revealed that 1,406 persons were employed by the SSMC (SSMC Personnel Department information) in July 2005","About 80% full-time, the rest seasonal part-time cane cutters (same page).",,2026-09-28,research:context-timeline
o-5dc65b88b0,KNA,,sugar_industry_employment_pct_labour_force,2005,as_of_date,6,,percent,1,estimate,kna-sugar-imf-cr07141,"PDF p. 6, para 1","employed about 1,400 workers (6 percent of the labor force)",Disagrees with the OECS (approximately 12 percent). Denominators are not stated in either source.,,2026-09-28,research:context-timeline
o-6bfd25361d,KNA,,sugar_industry_employment_pct_labour_force,2005-07,as_of_date,12,,percent,1,estimate,kna-sugar-oecs-retraining-2005,"p. 5, Executive Summary","the release of over one thousand workers, a figure that represents approximately twelve percent of the labour force","Share of the labour force for ""over one thousand"" released workers. Disagrees with IMF (6 percent).",,2026-09-28,research:context-timeline
o-d0ef9c9528,KNA,,sugar_industry_losses_pct_gdp,c.2000-2004,period_average,3,4,percent_of_gdp,1,estimate,kna-sugar-imf-cr07141,"PDF p. 6, para 1",The industry had incurred substantial losses—on the order of 3–4 percent of GDP annually in the last several years,"Range as printed; years not specified (""the last several years"" before July 2005).",,2026-09-28,research:context-timeline
o-d9d8169fed,KNA,,sugar_production,1961,calendar_year,47346,,tonnes,1,reported,kna-sugar-faostat-qcl,"kna-sugar-faostat-qcl.csv: Item ""Raw cane or beet sugar (centrifugal only)"", Element ""Production"", column Y1961","Saint Kitts and Nevis,Raw cane or beet sugar (centrifugal only),Production,t,Y1961=47346.000000,Y1961F=A",FAO flag A (official figure). Raw centrifugal sugar. FAOSTAT has no value after 2005.,,2026-09-28,research:context-timeline
o-e0fbbc93dc,KNA,,sugar_production,1962,calendar_year,43586,,tonnes,1,reported,kna-sugar-faostat-qcl,"kna-sugar-faostat-qcl.csv: Item ""Raw cane or beet sugar (centrifugal only)"", Element ""Production"", column Y1962","Saint Kitts and Nevis,Raw cane or beet sugar (centrifugal only),Production,t,Y1962=43586.000000,Y1962F=A",FAO flag A (official figure). Raw centrifugal sugar. FAOSTAT has no value after 2005.,,2026-09-28,research:context-timeline
o-8fc293b5f3,KNA,,sugar_production,1963,calendar_year,40132,,tonnes,1,reported,kna-sugar-faostat-qcl,"kna-sugar-faostat-qcl.csv: Item ""Raw cane or beet sugar (centrifugal only)"", Element ""Production"", column Y1963","Saint Kitts and Nevis,Raw cane or beet sugar (centrifugal only),Production,t,Y1963=40132.000000,Y1963F=A",FAO flag A (official figure). Raw centrifugal sugar. FAOSTAT has no value after 2005.,,2026-09-28,research:context-timeline
o-86ed7f1e40,KNA,,sugar_production,1964,calendar_year,44298,,tonnes,1,reported,kna-sugar-faostat-qcl,"kna-sugar-faostat-qcl.csv: Item ""Raw cane or beet sugar (centrifugal only)"", Element ""Production"", column Y1964","Saint Kitts and Nevis,Raw cane or beet sugar (centrifugal only),Production,t,Y1964=44298.000000,Y1964F=A",FAO flag A (official figure). Raw centrifugal sugar. FAOSTAT has no value after 2005.,,2026-09-28,research:context-timeline
o-fb1f1774b7,KNA,,sugar_production,1965,calendar_year,38450,,tonnes,1,reported,kna-sugar-faostat-qcl,"kna-sugar-faostat-qcl.csv: Item ""Raw cane or beet sugar (centrifugal only)"", Element ""Production"", column Y1965","Saint Kitts and Nevis,Raw cane or beet sugar (centrifugal only),Production,t,Y1965=38450.000000,Y1965F=A",FAO flag A (official figure). Raw centrifugal sugar. FAOSTAT has no value after 2005.,,2026-09-28,research:context-timeline
o-7d0d0eef69,KNA,,sugar_production,1966,calendar_year,39348,,tonnes,1,reported,kna-sugar-faostat-qcl,"kna-sugar-faostat-qcl.csv: Item ""Raw cane or beet sugar (centrifugal only)"", Element ""Production"", column Y1966","Saint Kitts and Nevis,Raw cane or beet sugar (centrifugal only),Production,t,Y1966=39348.000000,Y1966F=A",FAO flag A (official figure). Raw centrifugal sugar. FAOSTAT has no value after 2005.,,2026-09-28,research:context-timeline
o-c2937de390,KNA,,sugar_production,1967,calendar_year,39624,,tonnes,1,reported,kna-sugar-faostat-qcl,"kna-sugar-faostat-qcl.csv: Item ""Raw cane or beet sugar (centrifugal only)"", Element ""Production"", column Y1967","Saint Kitts and Nevis,Raw cane or beet sugar (centrifugal only),Production,t,Y1967=39624.000000,Y1967F=A",FAO flag A (official figure). Raw centrifugal sugar. FAOSTAT has no value after 2005.,,2026-09-28,research:context-timeline
o-552204b127,KNA,,sugar_production,1968,calendar_year,35391,,tonnes,1,reported,kna-sugar-faostat-qcl,"kna-sugar-faostat-qcl.csv: Item ""Raw cane or beet sugar (centrifugal only)"", Element ""Production"", column Y1968","Saint Kitts and Nevis,Raw cane or beet sugar (centrifugal only),Production,t,Y1968=35391.000000,Y1968F=A",FAO flag A (official figure). Raw centrifugal sugar. FAOSTAT has no value after 2005.,,2026-09-28,research:context-timeline
o-086c4d3e58,KNA,,sugar_production,1969,calendar_year,35919,,tonnes,1,reported,kna-sugar-faostat-qcl,"kna-sugar-faostat-qcl.csv: Item ""Raw cane or beet sugar (centrifugal only)"", Element ""Production"", column Y1969","Saint Kitts and Nevis,Raw cane or beet sugar (centrifugal only),Production,t,Y1969=35919.000000,Y1969F=A",FAO flag A (official figure). Raw centrifugal sugar. FAOSTAT has no value after 2005.,,2026-09-28,research:context-timeline
o-88e4ab1bd1,KNA,,sugar_production,1970,calendar_year,27434,,tonnes,1,reported,kna-sugar-faostat-qcl,"kna-sugar-faostat-qcl.csv: Item ""Raw cane or beet sugar (centrifugal only)"", Element ""Production"", column Y1970","Saint Kitts and Nevis,Raw cane or beet sugar (centrifugal only),Production,t,Y1970=27434.000000,Y1970F=A",FAO flag A (official figure). Raw centrifugal sugar. FAOSTAT has no value after 2005.,,2026-09-28,research:context-timeline
o-c3f4115b1b,KNA,,sugar_production,1971,calendar_year,25400,,tonnes,1,reported,kna-sugar-faostat-qcl,"kna-sugar-faostat-qcl.csv: Item ""Raw cane or beet sugar (centrifugal only)"", Element ""Production"", column Y1971","Saint Kitts and Nevis,Raw cane or beet sugar (centrifugal only),Production,t,Y1971=25400.000000,Y1971F=A",FAO flag A (official figure). Raw centrifugal sugar. FAOSTAT has no value after 2005.,,2026-09-28,research:context-timeline
o-d5c3134ba4,KNA,,sugar_production,1972,calendar_year,27432,,tonnes,1,reported,kna-sugar-faostat-qcl,"kna-sugar-faostat-qcl.csv: Item ""Raw cane or beet sugar (centrifugal only)"", Element ""Production"", column Y1972","Saint Kitts and Nevis,Raw cane or beet sugar (centrifugal only),Production,t,Y1972=27432.000000,Y1972F=A",FAO flag A (official figure). Raw centrifugal sugar. FAOSTAT has no value after 2005.,,2026-09-28,research:context-timeline
o-816e18aba6,KNA,,sugar_production,1973,calendar_year,24463,,tonnes,1,reported,kna-sugar-faostat-qcl,"kna-sugar-faostat-qcl.csv: Item ""Raw cane or beet sugar (centrifugal only)"", Element ""Production"", column Y1973","Saint Kitts and Nevis,Raw cane or beet sugar (centrifugal only),Production,t,Y1973=24463.000000,Y1973F=A",FAO flag A (official figure). Raw centrifugal sugar. FAOSTAT has no value after 2005.,,2026-09-28,research:context-timeline
o-f911144d94,KNA,,sugar_production,1974,calendar_year,26416,,tonnes,1,reported,kna-sugar-faostat-qcl,"kna-sugar-faostat-qcl.csv: Item ""Raw cane or beet sugar (centrifugal only)"", Element ""Production"", column Y1974","Saint Kitts and Nevis,Raw cane or beet sugar (centrifugal only),Production,t,Y1974=26416.000000,Y1974F=A",FAO flag A (official figure). Raw centrifugal sugar. FAOSTAT has no value after 2005.,,2026-09-28,research:context-timeline
o-40b7e37c56,KNA,,sugar_production,1975,calendar_year,25400,,tonnes,1,reported,kna-sugar-faostat-qcl,"kna-sugar-faostat-qcl.csv: Item ""Raw cane or beet sugar (centrifugal only)"", Element ""Production"", column Y1975","Saint Kitts and Nevis,Raw cane or beet sugar (centrifugal only),Production,t,Y1975=25400.000000,Y1975F=A",FAO flag A (official figure). Raw centrifugal sugar. FAOSTAT has no value after 2005.,,2026-09-28,research:context-timeline
o-6e268f54b7,KNA,,sugar_production,1976,calendar_year,36576,,tonnes,1,reported,kna-sugar-faostat-qcl,"kna-sugar-faostat-qcl.csv: Item ""Raw cane or beet sugar (centrifugal only)"", Element ""Production"", column Y1976","Saint Kitts and Nevis,Raw cane or beet sugar (centrifugal only),Production,t,Y1976=36576.000000,Y1976F=A",FAO flag A (official figure). Raw centrifugal sugar. FAOSTAT has no value after 2005.,,2026-09-28,research:context-timeline
o-77cd205d75,KNA,,sugar_production,1977,calendar_year,42000,,tonnes,1,reported,kna-sugar-faostat-qcl,"kna-sugar-faostat-qcl.csv: Item ""Raw cane or beet sugar (centrifugal only)"", Element ""Production"", column Y1977","Saint Kitts and Nevis,Raw cane or beet sugar (centrifugal only),Production,t,Y1977=42000.000000,Y1977F=A",FAO flag A (official figure). Raw centrifugal sugar. FAOSTAT has no value after 2005.,,2026-09-28,research:context-timeline
o-31a024c5ed,KNA,,sugar_production,1978,calendar_year,40899,,tonnes,1,reported,kna-sugar-faostat-qcl,"kna-sugar-faostat-qcl.csv: Item ""Raw cane or beet sugar (centrifugal only)"", Element ""Production"", column Y1978","Saint Kitts and Nevis,Raw cane or beet sugar (centrifugal only),Production,t,Y1978=40899.000000,Y1978F=A",FAO flag A (official figure). Raw centrifugal sugar. FAOSTAT has no value after 2005.,,2026-09-28,research:context-timeline
o-424e30d15e,KNA,,sugar_production,1979,calendar_year,40745,,tonnes,1,reported,kna-sugar-faostat-qcl,"kna-sugar-faostat-qcl.csv: Item ""Raw cane or beet sugar (centrifugal only)"", Element ""Production"", column Y1979","Saint Kitts and Nevis,Raw cane or beet sugar (centrifugal only),Production,t,Y1979=40745.000000,Y1979F=A",FAO flag A (official figure). Raw centrifugal sugar. FAOSTAT has no value after 2005.,,2026-09-28,research:context-timeline
o-a5f2e06c30,KNA,,sugar_production,1980,calendar_year,35560,,tonnes,1,reported,kna-sugar-faostat-qcl,"kna-sugar-faostat-qcl.csv: Item ""Raw cane or beet sugar (centrifugal only)"", Element ""Production"", column Y1980","Saint Kitts and Nevis,Raw cane or beet sugar (centrifugal only),Production,t,Y1980=35560.000000,Y1980F=A",FAO flag A (official figure). Raw centrifugal sugar. FAOSTAT has no value after 2005.,,2026-09-28,research:context-timeline
o-df1f359c39,KNA,,sugar_production,1981,calendar_year,33256,,tonnes,1,reported,kna-sugar-faostat-qcl,"kna-sugar-faostat-qcl.csv: Item ""Raw cane or beet sugar (centrifugal only)"", Element ""Production"", column Y1981","Saint Kitts and Nevis,Raw cane or beet sugar (centrifugal only),Production,t,Y1981=33256.000000,Y1981F=A",FAO flag A (official figure). Raw centrifugal sugar. FAOSTAT has no value after 2005.,,2026-09-28,research:context-timeline
o-002c8e13e5,KNA,,sugar_production,1982,calendar_year,36876,,tonnes,1,reported,kna-sugar-faostat-qcl,"kna-sugar-faostat-qcl.csv: Item ""Raw cane or beet sugar (centrifugal only)"", Element ""Production"", column Y1982","Saint Kitts and Nevis,Raw cane or beet sugar (centrifugal only),Production,t,Y1982=36876.000000,Y1982F=A",FAO flag A (official figure). Raw centrifugal sugar. FAOSTAT has no value after 2005.,,2026-09-28,research:context-timeline
o-45dcfb746a,KNA,,sugar_production,1983,calendar_year,27594,,tonnes,1,reported,kna-sugar-faostat-qcl,"kna-sugar-faostat-qcl.csv: Item ""Raw cane or beet sugar (centrifugal only)"", Element ""Production"", column Y1983","Saint Kitts and Nevis,Raw cane or beet sugar (centrifugal only),Production,t,Y1983=27594.000000,Y1983F=A",FAO flag A (official figure). Raw centrifugal sugar. FAOSTAT has no value after 2005.,,2026-09-28,research:context-timeline
o-f1f0db24ca,KNA,,sugar_production,1984,calendar_year,30612,,tonnes,1,reported,kna-sugar-faostat-qcl,"kna-sugar-faostat-qcl.csv: Item ""Raw cane or beet sugar (centrifugal only)"", Element ""Production"", column Y1984","Saint Kitts and Nevis,Raw cane or beet sugar (centrifugal only),Production,t,Y1984=30612.000000,Y1984F=A",FAO flag A (official figure). Raw centrifugal sugar. FAOSTAT has no value after 2005.,,2026-09-28,research:context-timeline
o-bd4fc8a4b3,KNA,,sugar_production,1985,calendar_year,27455,,tonnes,1,reported,kna-sugar-faostat-qcl,"kna-sugar-faostat-qcl.csv: Item ""Raw cane or beet sugar (centrifugal only)"", Element ""Production"", column Y1985","Saint Kitts and Nevis,Raw cane or beet sugar (centrifugal only),Production,t,Y1985=27455.000000,Y1985F=A",FAO flag A (official figure). Raw centrifugal sugar. FAOSTAT has no value after 2005.,,2026-09-28,research:context-timeline
o-9331cba185,KNA,,sugar_production,1986,calendar_year,28490,,tonnes,1,reported,kna-sugar-faostat-qcl,"kna-sugar-faostat-qcl.csv: Item ""Raw cane or beet sugar (centrifugal only)"", Element ""Production"", column Y1986","Saint Kitts and Nevis,Raw cane or beet sugar (centrifugal only),Production,t,Y1986=28490.000000,Y1986F=A",FAO flag A (official figure). Raw centrifugal sugar. FAOSTAT has no value after 2005.,,2026-09-28,research:context-timeline
o-f3f98f66c1,KNA,,sugar_production,1987,calendar_year,25256,,tonnes,1,reported,kna-sugar-faostat-qcl,"kna-sugar-faostat-qcl.csv: Item ""Raw cane or beet sugar (centrifugal only)"", Element ""Production"", column Y1987","Saint Kitts and Nevis,Raw cane or beet sugar (centrifugal only),Production,t,Y1987=25256.000000,Y1987F=A",FAO flag A (official figure). Raw centrifugal sugar. FAOSTAT has no value after 2005.,,2026-09-28,research:context-timeline
o-495728f2f1,KNA,,sugar_production,1988,calendar_year,25627,,tonnes,1,reported,kna-sugar-faostat-qcl,"kna-sugar-faostat-qcl.csv: Item ""Raw cane or beet sugar (centrifugal only)"", Element ""Production"", column Y1988","Saint Kitts and Nevis,Raw cane or beet sugar (centrifugal only),Production,t,Y1988=25627.000000,Y1988F=A",FAO flag A (official figure). Raw centrifugal sugar. FAOSTAT has no value after 2005.,,2026-09-28,research:context-timeline
o-649da99325,KNA,,sugar_production,1989,calendar_year,24770,,tonnes,1,reported,kna-sugar-faostat-qcl,"kna-sugar-faostat-qcl.csv: Item ""Raw cane or beet sugar (centrifugal only)"", Element ""Production"", column Y1989","Saint Kitts and Nevis,Raw cane or beet sugar (centrifugal only),Production,t,Y1989=24770.000000,Y1989F=A",FAO flag A (official figure). Raw centrifugal sugar. FAOSTAT has no value after 2005.,,2026-09-28,research:context-timeline
o-406c162e29,KNA,,sugar_production,1990,calendar_year,16300,,tonnes,1,reported,kna-sugar-faostat-qcl,"kna-sugar-faostat-qcl.csv: Item ""Raw cane or beet sugar (centrifugal only)"", Element ""Production"", column Y1990","Saint Kitts and Nevis,Raw cane or beet sugar (centrifugal only),Production,t,Y1990=16300.000000,Y1990F=X",FAO flag X (figure from external organization). Raw centrifugal sugar. FAOSTAT has no value after 2005.,,2026-09-28,research:context-timeline
o-3ff531eb3d,KNA,,sugar_production,1991,calendar_year,19768,,tonnes,1,reported,kna-sugar-faostat-qcl,"kna-sugar-faostat-qcl.csv: Item ""Raw cane or beet sugar (centrifugal only)"", Element ""Production"", column Y1991","Saint Kitts and Nevis,Raw cane or beet sugar (centrifugal only),Production,t,Y1991=19768.000000,Y1991F=X",FAO flag X (figure from external organization). Raw centrifugal sugar. FAOSTAT has no value after 2005.,,2026-09-28,research:context-timeline
o-1fa4e658e1,KNA,,sugar_production,1992,calendar_year,28000,,tonnes,1,reported,kna-sugar-faostat-qcl,"kna-sugar-faostat-qcl.csv: Item ""Raw cane or beet sugar (centrifugal only)"", Element ""Production"", column Y1992","Saint Kitts and Nevis,Raw cane or beet sugar (centrifugal only),Production,t,Y1992=28000.000000,Y1992F=X",FAO flag X (figure from external organization). Raw centrifugal sugar. FAOSTAT has no value after 2005.,,2026-09-28,research:context-timeline
o-14d33ca7a2,KNA,,sugar_production,1993,calendar_year,21800,,tonnes,1,reported,kna-sugar-faostat-qcl,"kna-sugar-faostat-qcl.csv: Item ""Raw cane or beet sugar (centrifugal only)"", Element ""Production"", column Y1993","Saint Kitts and Nevis,Raw cane or beet sugar (centrifugal only),Production,t,Y1993=21800.000000,Y1993F=A",FAO flag A (official figure). Raw centrifugal sugar. FAOSTAT has no value after 2005.,,2026-09-28,research:context-timeline
o-090841a0c4,KNA,,sugar_production,1994,calendar_year,20000,,tonnes,1,reported,kna-sugar-faostat-qcl,"kna-sugar-faostat-qcl.csv: Item ""Raw cane or beet sugar (centrifugal only)"", Element ""Production"", column Y1994","Saint Kitts and Nevis,Raw cane or beet sugar (centrifugal only),Production,t,Y1994=20000.000000,Y1994F=A",FAO flag A (official figure). Raw centrifugal sugar. FAOSTAT has no value after 2005.,,2026-09-28,research:context-timeline
o-e75a6cef3f,KNA,,sugar_production,1995,calendar_year,20000,,tonnes,1,reported,kna-sugar-faostat-qcl,"kna-sugar-faostat-qcl.csv: Item ""Raw cane or beet sugar (centrifugal only)"", Element ""Production"", column Y1995","Saint Kitts and Nevis,Raw cane or beet sugar (centrifugal only),Production,t,Y1995=20000.000000,Y1995F=A",FAO flag A (official figure). Raw centrifugal sugar. FAOSTAT has no value after 2005.,,2026-09-28,research:context-timeline
o-1434fce0dd,KNA,,sugar_production,1996,calendar_year,20000,,tonnes,1,reported,kna-sugar-faostat-qcl,"kna-sugar-faostat-qcl.csv: Item ""Raw cane or beet sugar (centrifugal only)"", Element ""Production"", column Y1996","Saint Kitts and Nevis,Raw cane or beet sugar (centrifugal only),Production,t,Y1996=20000.000000,Y1996F=A",FAO flag A (official figure). Raw centrifugal sugar. FAOSTAT has no value after 2005.,,2026-09-28,research:context-timeline
o-344ab1b9ef,KNA,,sugar_production,1997,calendar_year,31000,,tonnes,1,reported,kna-sugar-faostat-qcl,"kna-sugar-faostat-qcl.csv: Item ""Raw cane or beet sugar (centrifugal only)"", Element ""Production"", column Y1997","Saint Kitts and Nevis,Raw cane or beet sugar (centrifugal only),Production,t,Y1997=31000.000000,Y1997F=A",FAO flag A (official figure). Raw centrifugal sugar. FAOSTAT has no value after 2005.,,2026-09-28,research:context-timeline
o-bec6954b1b,KNA,,sugar_production,1998,calendar_year,25000,,tonnes,1,reported,kna-sugar-faostat-qcl,"kna-sugar-faostat-qcl.csv: Item ""Raw cane or beet sugar (centrifugal only)"", Element ""Production"", column Y1998","Saint Kitts and Nevis,Raw cane or beet sugar (centrifugal only),Production,t,Y1998=25000.000000,Y1998F=A",FAO flag A (official figure). Raw centrifugal sugar. FAOSTAT has no value after 2005.,,2026-09-28,research:context-timeline
o-7d58917f37,KNA,,sugar_production,1999,calendar_year,17738,,tonnes,1,reported,kna-sugar-faostat-qcl,"kna-sugar-faostat-qcl.csv: Item ""Raw cane or beet sugar (centrifugal only)"", Element ""Production"", column Y1999","Saint Kitts and Nevis,Raw cane or beet sugar (centrifugal only),Production,t,Y1999=17738.000000,Y1999F=A",FAO flag A (official figure). Raw centrifugal sugar. FAOSTAT has no value after 2005.,,2026-09-28,research:context-timeline
o-37187580eb,KNA,,sugar_production,2000,calendar_year,18340,,tonnes,1,reported,kna-sugar-faostat-qcl,"kna-sugar-faostat-qcl.csv: Item ""Raw cane or beet sugar (centrifugal only)"", Element ""Production"", column Y2000","Saint Kitts and Nevis,Raw cane or beet sugar (centrifugal only),Production,t,Y2000=18340.000000,Y2000F=A",FAO flag A (official figure). Raw centrifugal sugar. FAOSTAT has no value after 2005.,,2026-09-28,research:context-timeline
o-3ab7ac83e1,KNA,,sugar_production,2001,calendar_year,21000,,tonnes,1,reported,kna-sugar-faostat-qcl,"kna-sugar-faostat-qcl.csv: Item ""Raw cane or beet sugar (centrifugal only)"", Element ""Production"", column Y2001","Saint Kitts and Nevis,Raw cane or beet sugar (centrifugal only),Production,t,Y2001=21000.000000,Y2001F=X",FAO flag X (figure from external organization). Raw centrifugal sugar. FAOSTAT has no value after 2005.,,2026-09-28,research:context-timeline
o-015ad2ef11,KNA,,sugar_production,2002,calendar_year,22000,,tonnes,1,reported,kna-sugar-faostat-qcl,"kna-sugar-faostat-qcl.csv: Item ""Raw cane or beet sugar (centrifugal only)"", Element ""Production"", column Y2002","Saint Kitts and Nevis,Raw cane or beet sugar (centrifugal only),Production,t,Y2002=22000.000000,Y2002F=X",FAO flag X (figure from external organization). Raw centrifugal sugar. FAOSTAT has no value after 2005.,,2026-09-28,research:context-timeline
o-58bd6c47de,KNA,,sugar_production,2003,calendar_year,22000,,tonnes,1,reported,kna-sugar-faostat-qcl,"kna-sugar-faostat-qcl.csv: Item ""Raw cane or beet sugar (centrifugal only)"", Element ""Production"", column Y2003","Saint Kitts and Nevis,Raw cane or beet sugar (centrifugal only),Production,t,Y2003=22000.000000,Y2003F=X",FAO flag X (figure from external organization). Raw centrifugal sugar. FAOSTAT has no value after 2005.,,2026-09-28,research:context-timeline
o-62fd290a53,KNA,,sugar_production,2004,calendar_year,29000,,tonnes,1,estimate,kna-sugar-faostat-qcl,"kna-sugar-faostat-qcl.csv: Item ""Raw cane or beet sugar (centrifugal only)"", Element ""Production"", column Y2004","Saint Kitts and Nevis,Raw cane or beet sugar (centrifugal only),Production,t,Y2004=29000.000000,Y2004F=E",FAO flag E (estimated value). Raw centrifugal sugar. FAOSTAT has no value after 2005.,,2026-09-28,research:context-timeline
o-71563ec3c9,KNA,,sugar_production,2005,calendar_year,11000,,tonnes,1,reported,kna-sugar-faostat-qcl,"kna-sugar-faostat-qcl.csv: Item ""Raw cane or beet sugar (centrifugal only)"", Element ""Production"", column Y2005","Saint Kitts and Nevis,Raw cane or beet sugar (centrifugal only),Production,t,Y2005=11000.000000,Y2005F=A",FAO flag A (official figure). Raw centrifugal sugar. FAOSTAT has no value after 2005.,,2026-09-28,research:context-timeline
o-29464df62d,KNA,,sugar_severance_cost,2005,one_off,27.4,,XCD,million,reported,kna-sugar-imf-cr07141,"PDF p. 9, Box 1","The severance package for the 1,406 sugar workers of EC$27.4 million (2.3 percent of 2005 GDP). EC$22.5 million was paid during 2005 and the remainder in March 2006.",Disagrees with OECS figure of EC$44 million; the OECS may include other components (not stated).,,2026-09-28,research:context-timeline
o-058c872e54,KNA,,sugar_severance_cost,2005,one_off,44,,XCD,million,reported,kna-sugar-oecs-retraining-2005,"p. 7, section 1.1",in excess of one thousand workers of the St. Kitts Sugar Manufacturing Corporation (SSMC) were released with the provision of an E.C. $44 million severance package,Disagrees with IMF (EC$27.4 million). OECS cites a Prime Minister's Office press release of 28 July 2005; the IMF figure is later and itemised.,,2026-09-28,research:context-timeline
o-7bedb9fe96,LCA,lca-cbi,applications_approved,2016-2022,cumulative,1304,,applications,1,actual,lca-ciu-ar-2021-22,PDF p. 4,"By the end of the year 1,304 citizenship applications have been granted since the inception of CIP Saint Lucia in 2016",Inception to 31 March 2022.,,2026-09-28,research:saint-lucia
o-9f724a001d,LCA,lca-cbi,applications_approved,FY2016/17,fiscal_year,17,,applications,1,actual,lca-ciu-ar-2016-17,PDF p. 5,Increasing the total number of citizenships granted under the program to seventeen (17) for the year 2016-2017.,16 granted by the Board plus 1 on 'Request for Review'. OCR text.,,2026-09-28,research:saint-lucia
o-8894f4d446,LCA,lca-cbi,applications_approved,FY2017/18,fiscal_year,188,,applications,1,actual,lca-ciu-ar-2017-18,PDF p. 4 (Chairman's foreword),"the Board granted approval for one hundred and eighty-eight (188) applications during the period, representing two hundred and eighty-two (282) citizens.",,,2026-09-28,research:saint-lucia
o-6c854b9e65,LCA,lca-cbi,applications_approved,FY2018/19,fiscal_year,210,,applications,1,actual,lca-ciu-ar-2018-19,PDF p. 12,A total of 152 applications were received in 2018/19 and 210 were granted in the period.,Includes applications received in 2017/18.,,2026-09-28,research:saint-lucia
o-cc5a01ec93,LCA,lca-cbi,applications_approved,FY2019/20,fiscal_year,143,,applications,1,actual,lca-ciu-ar-2019-20,PDF p. 16,one hundred and forty-three (143) applications were granted reflecting a 31.9% decrease from prior year.,,,2026-09-28,research:saint-lucia
o-cfb34fea77,LCA,lca-cbi,applications_approved,FY2020/21,fiscal_year,313,,applications,1,actual,lca-ciu-ar-2020-21,"PDF p. 14, chart 'Total Applications Granted per Year'",313,Chart data label.,,2026-09-28,research:saint-lucia
o-2b60e1fe65,LCA,lca-cbi,applications_approved,FY2021/22,fiscal_year,433,,applications,1,actual,lca-ciu-ar-2021-22,PDF p. 4,583 citizenship applications were received of which 433 were granted (and 10 were denied),,,2026-09-28,research:saint-lucia
o-addcbc4d60,LCA,lca-cbi,applications_approved,FY2022/23,fiscal_year,544,,applications,1,actual,lca-ciu-ar-2022-23,PDF p. 7,"five-hundred and forty-four (544) were granted citizenship, while eight (8) applications were denied.",444 of these had been issued Certificates of Registration by year end (PDF p. 23).,,2026-09-28,research:saint-lucia
o-8ed0cfb743,LCA,lca-cbi,applications_approved,FY2023/24,fiscal_year,1171,,applications,1,actual,lca-ciu-ar-2023-24,"PDF p. 20, chart 'Applications granted 2016-2024'","1,171",Chart label.,,2026-09-28,research:saint-lucia
o-2b615f3792,LCA,lca-cbi,applications_approved,FY2024/25,fiscal_year,2278,,applications,1,actual,lca-ciu-ar-2024-25,PDF p. 19,2024/25                 2957                       2278              355              2633,,,2026-09-28,research:saint-lucia
o-ba029c8f3b,LCA,lca-cbi,applications_received,2015-2023,cumulative,7437,,applications,1,reported,intl-ec-swd-2025-429,"PDF p. 37, table (Eastern Caribbean), row ""Total applications received""",Total applications received: 7 437 (2015-2023),"Data submitted to the Commission by national authorities, ""in some cases, partial"".",,2026-09-28,research:context-timeline
o-490916182d,LCA,lca-cbi,applications_received,2024,calendar_year,4304,,applications,1,reported,intl-ec-swd-2025-429,"PDF p. 37, table (Eastern Caribbean), row ""Total applications received""",Total applications received: 4 304 (2024),"Data submitted to the Commission by national authorities, ""in some cases, partial"".",,2026-09-28,research:context-timeline
o-f5a0519ee8,LCA,lca-cbi,applications_received,2025-01/2025-04-30,partial_year,120,,applications,1,reported,intl-ec-swd-2025-429,"PDF p. 37, table (Eastern Caribbean), row ""Total applications received""",Total applications received: 120 (2025 until 30/4),"Data submitted to the Commission by national authorities, ""in some cases, partial"".",,2026-09-28,research:context-timeline
o-a8321cad8e,LCA,lca-cbi,applications_received,FY2016/17,fiscal_year,36,,applications,1,actual,lca-ciu-ar-2016-17,PDF p. 5,The Unit received thirty-six (36) applications for citizenship by investment,OCR text.,,2026-09-28,research:saint-lucia
o-94bbb94144,LCA,lca-cbi,applications_received,FY2017/18,fiscal_year,345,,applications,1,actual,lca-ciu-ar-2017-18,"PDF p. 15, table 'Analysis of applications granted, denied, revoked'",Totals        345        36        188         17              3           27           1,,,2026-09-28,research:saint-lucia
o-9ce460b9e4,LCA,lca-cbi,applications_received,FY2018/19,fiscal_year,152,,applications,1,actual,lca-ciu-ar-2018-19,PDF p. 12,A total of 152 applications were received in 2018/19 and 210 were granted in the period.,,,2026-09-28,research:saint-lucia
o-a8f70abf84,LCA,lca-cbi,applications_received,FY2019/20,fiscal_year,193,,applications,1,actual,lca-ciu-ar-2019-20,PDF p. 16,A total of one hundred and ninety- three (193) applications were received in this financial year.,,,2026-09-28,research:saint-lucia
o-f51df7c2b2,LCA,lca-cbi,applications_received,FY2020/21,fiscal_year,408,,applications,1,actual,lca-ciu-ar-2020-21,PDF p. 20,The significant volume of applications received (408 applications),Later CIU reports give 383 for 2020/21 (see lca-ciu-ar-2023-24 and lca-ciu-ar-2024-25); the 2020-21 route split 261+82+65 also sums to 408. Difference unexplained.,,2026-09-28,research:saint-lucia
o-469390b784,LCA,lca-cbi,applications_received,FY2020/21,fiscal_year,383,,applications,1,actual,lca-ciu-ar-2023-24,"PDF p. 20, chart",383   583,Chart label; differs from 408 in the 2020-21 report.,,2026-09-28,research:saint-lucia
o-51ca9000fb,LCA,lca-cbi,applications_received,FY2020/21,fiscal_year,383,,applications,1,actual,lca-ciu-ar-2024-25,PDF p. 19,2020/21                  383                        313               14                 327,Revised vs 408 in the 2020-21 report.,,2026-09-28,research:saint-lucia
o-bf087cc0fe,LCA,lca-cbi,applications_received,FY2021/22,fiscal_year,583,,applications,1,actual,lca-ciu-ar-2021-22,PDF p. 4 (Foreword),"This year, 583 citizenship applications were received of which 433 were granted (and 10 were denied)",,,2026-09-28,research:saint-lucia
o-9189507945,LCA,lca-cbi,applications_received,FY2022/23,fiscal_year,1076,,applications,1,actual,lca-ciu-ar-2022-23,PDF p. 7,"with a total of one-thousand and seventy-six (1,076) citizenship applications received","69.8% real estate, 22.2% NEF, 8% government bonds (PDF p. 23).",,2026-09-28,research:saint-lucia
o-58d57d0f97,LCA,lca-cbi,applications_received,FY2023/24,fiscal_year,5642,,applications,1,actual,lca-ciu-ar-2023-24,"PDF p. 20, chart 'Applications received 2016-2024'","APPLICATIONS RECEIVED-2016-2024                      5,642",Chart label.,,2026-09-28,research:saint-lucia
o-7c30a9fd4b,LCA,lca-cbi,applications_received,FY2024/25,fiscal_year,2957,,applications,1,actual,lca-ciu-ar-2024-25,"PDF p. 19, table 'Saint Lucia CIU Statistics'",2024/25                 2957                       2278              355              2633               110.98%,,,2026-09-28,research:saint-lucia
o-8bb3d4130c,LCA,lca-cbi,applications_received,FY2024/25,fiscal_year,2957,,applications,1,reported,lca-slutimes-2026-08,article,"the Citizenship by Investment Unit received 2,957 applications. Of those, 2,278 were approved, while 355 were refused.",Media restatement of the CIU 2024-25 report.,,2026-09-28,research:saint-lucia
o-a4d8c5ad85,LCA,lca-cbi,applications_rejected,2015-2023,cumulative,97,,applications,1,reported,intl-ec-swd-2025-429,"PDF p. 37, table (Eastern Caribbean), row ""Rejections""",Rejections: 97 (2015-2023),"Data submitted to the Commission by national authorities, ""in some cases, partial"".",,2026-09-28,research:context-timeline
o-0e5394a13a,LCA,lca-cbi,applications_rejected,2024,calendar_year,227,,applications,1,reported,intl-ec-swd-2025-429,"PDF p. 37, table (Eastern Caribbean), row ""Rejections""",Rejections: 227 (2024),"Data submitted to the Commission by national authorities, ""in some cases, partial"".",,2026-09-28,research:context-timeline
o-c224612ed9,LCA,lca-cbi,applications_rejected,2025-01/2025-04-30,partial_year,151,,applications,1,reported,intl-ec-swd-2025-429,"PDF p. 37, table (Eastern Caribbean), row ""Rejections""",Rejections: 151 (2025 until 30/4),"Data submitted to the Commission by national authorities, ""in some cases, partial"".",,2026-09-28,research:context-timeline
o-7e41a570f2,LCA,lca-cbi,applications_rejected,FY2016/17,fiscal_year,1,,applications,1,actual,lca-ciu-ar-2017-18,PDF p. 15,Totals        345        36        188         17              3           27           1,Last column = denied 2016/17.,,2026-09-28,research:saint-lucia
o-514db2ab69,LCA,lca-cbi,applications_rejected,FY2017/18,fiscal_year,27,,applications,1,actual,lca-ciu-ar-2017-18,PDF p. 15,Totals        345        36        188         17              3           27           1,"Column order: received 17/18, 16/17; granted 17/18, 16/17; revoked 17/18; denied 17/18, 16/17. Also 3 revocations in 2017/18.",,2026-09-28,research:saint-lucia
o-432f64d579,LCA,lca-cbi,applications_rejected,FY2019/20,fiscal_year,13,,applications,1,actual,lca-ciu-ar-2019-20,PDF p. 16,a total of thirteen (13) applications were denied.,,,2026-09-28,research:saint-lucia
o-63fbc2f73e,LCA,lca-cbi,applications_rejected,FY2021/22,fiscal_year,10,,applications,1,actual,lca-ciu-ar-2021-22,PDF p. 4,433 were granted (and 10 were denied),The 2023-24 and 2024-25 reports give 9 for 2021/22.,,2026-09-28,research:saint-lucia
o-b38bc28eca,LCA,lca-cbi,applications_rejected,FY2021/22,fiscal_year,9,,applications,1,actual,lca-ciu-ar-2024-25,PDF p. 19,2021/22                  583                        433               9                  442,Revised vs 10 in the 2021-22 report.,,2026-09-28,research:saint-lucia
o-9c5975cbe7,LCA,lca-cbi,applications_rejected,FY2022/23,fiscal_year,8,,applications,1,actual,lca-ciu-ar-2022-23,PDF p. 7,while eight (8) applications were denied.,The 2023-24 and 2024-25 reports give 6 for 2022/23.,,2026-09-28,research:saint-lucia
o-d20c47d47c,LCA,lca-cbi,applications_rejected,FY2022/23,fiscal_year,6,,applications,1,actual,lca-ciu-ar-2024-25,PDF p. 19,2022/23                  1076                       544               6                  550,Revised vs 8 in the 2022-23 report.,,2026-09-28,research:saint-lucia
o-87e8d146d7,LCA,lca-cbi,applications_rejected,FY2023/24,fiscal_year,77,,applications,1,actual,lca-ciu-ar-2023-24,"PDF p. 21, chart 'Applications denied 2016-2024'",77,"Chart label. Same chart gives 14 (2020/21), 9 (2021/22), 6 (2022/23).",,2026-09-28,research:saint-lucia
o-01658affd5,LCA,lca-cbi,applications_rejected,FY2024/25,fiscal_year,355,,applications,1,actual,lca-ciu-ar-2024-25,PDF p. 19,2024/25                 2957                       2278              355              2633,,,2026-09-28,research:saint-lucia
o-857bfcb1ab,LCA,lca-cbi,cbi_bond_purchases,FY2020/21,fiscal_year,17863089,,XCD,1,actual,lca-ciu-ar-2020-21,PDF p. 15,"(25) bonds had been purchased, bringing a total cash inflow of XCD$17,863,089 to the Government of Saint Lucia.",,,2026-09-28,research:saint-lucia
o-2d88d99523,LCA,lca-cbi,cbi_bond_purchases,FY2021/22,fiscal_year,17100000,,USD,1,actual,lca-ciu-ar-2021-22,PDF p. 4,"USD 17,100,000 was received and remitted to the Government of Saint Lucia for the Special Covid-19 Bonds.",,,2026-09-28,research:saint-lucia
o-88a959b004,LCA,lca-cbi,cbi_bond_purchases,FY2021/22,fiscal_year,44860500,,XCD,1,actual,lca-ciu-ar-2022-23,"PDF p. 29, chart","$44,860,500.00","Chart label, COVID-19 bonds.",,2026-09-28,research:saint-lucia
o-7eeb302e24,LCA,lca-cbi,cbi_bond_purchases,FY2022/23,fiscal_year,42295519,,XCD,1,actual,lca-ciu-ar-2022-23,PDF p. 7,"the Covid-19 Government Bonds totaling EC $42,295,519",Described as remitted to Government.,,2026-09-28,research:saint-lucia
o-2e7e48c1be,LCA,lca-cbi,cbi_bond_purchases,FY2022/23,fiscal_year,47695500,,XCD,1,actual,lca-ciu-ar-2022-23,"PDF p. 29, chart 'Government Bonds: Cash Inflows'","$47,695,500.00","Chart label; differs from EC$42,295,519 on PDF p. 7 (possibly timing of remittance vs purchase).",,2026-09-28,research:saint-lucia
o-f9c90bf0c4,LCA,lca-cbi,cbi_bond_purchases,FY2023/24,fiscal_year,34182019,,XCD,1,actual,lca-ciu-ar-2023-24,"PDF p. 64, Note 17","Bonds purchased as at March 31, 2024                        22,626,000     6,520,500     2,606,850    2,428,669    34,182,019","47 COVID-19 bonds purchased in FY2023/24; EC$38,731,500 remitted to government in the year.",,2026-09-28,research:saint-lucia
o-d6b5df3c19,LCA,lca-cbi,cbi_contributions,FY2017/18,fiscal_year,34938000,,XCD,1,actual,lca-ciu-ar-2017-18,"PDF p. 42, Note 15","During the year USD$12,940,000 (EC$34,938,000) was received by the Unit as donations to the National Economic Fund.","Gross NEF donations; CIU retains 20%. Also US$12,940,000.",,2026-09-28,research:saint-lucia
o-34a7e88527,LCA,lca-cbi,cbi_contributions,FY2018/19,fiscal_year,76045500,,XCD,1,actual,lca-ciu-ar-2018-19,"PDF p. 37, Note 14","During the year US$28,165,000 or EC$76,045,500 (2018 – US$12,940,000 or EC$34,938,000) was received by the Unit as monetary investments to the National Economic Fund.",,,2026-09-28,research:saint-lucia
o-7218d6a0d2,LCA,lca-cbi,cbi_contributions,FY2020/21,fiscal_year,48204450,,XCD,1,actual,lca-ciu-ar-2021-22,"PDF p. 53, Note 17 (comparative)","(2021 - US$17,853,500 or EC$48,204,450)",Prior-year comparative in the FY2021/22 statements.,,2026-09-28,research:saint-lucia
o-26bc01bb70,LCA,lca-cbi,cbi_contributions,FY2020/21,fiscal_year,17900000,,USD,1,actual,lca-ciu-ar-2021-22,PDF p. 4 (Foreword),"USD 24,200,000 (compared with USD 17,900,000 in 2020/2021) was received by the Unit as Donations to the National Economic Fund.","Rounded figure in the foreword; the notes give US$17,853,500.",,2026-09-28,research:saint-lucia
o-0a80b6c984,LCA,lca-cbi,cbi_contributions,FY2021/22,fiscal_year,65568150,,XCD,1,actual,lca-ciu-ar-2021-22,"PDF p. 53, Note 17","During the year US$24,284,500 or EC$65,568,150 (2021 - US$17,853,500 or EC$48,204,450) was received by the Unit as monetary investments to the National Economic Fund.",,,2026-09-28,research:saint-lucia
o-504b7c373e,LCA,lca-cbi,cbi_contributions,FY2022/23,fiscal_year,59996700,,XCD,1,actual,lca-ciu-ar-2023-24,"PDF p. 61, Note 17 (comparative)","(2023: US$22,221,000, or EC$59,996,700) as monetary investments into the National Economic Fund",,,2026-09-28,research:saint-lucia
o-4182eb7859,LCA,lca-cbi,cbi_contributions,FY2023/24,fiscal_year,23984398,,XCD,1,actual,lca-ciu-ar-2023-24,"PDF p. 61, Note 17","During the year, the Unit received US$8,883,110, or EC$23,984,398 (2023: US$22,221,000, or EC$59,996,700) as monetary investments into the National Economic Fund.",,,2026-09-28,research:saint-lucia
o-3615137931,LCA,lca-cbi,cbi_contributions,FY2024/25,fiscal_year,55415232,,XCD,1,actual,lca-ciu-ar-2024-25,"PDF p. 59, Note 17","During the year, the Unit received US$20,524,160 or EC$55,415,232 (2024: US$8,883,110, or EC$23,984,398) as monetary investments into the National Economic Fund.",,,2026-09-28,research:saint-lucia
o-640ac804a9,LCA,lca-cbi,cbi_fiscal_revenue,FY2016/17,fiscal_year,3.6,,XCD,million,estimate,lca-imf-art4-2017,"PDF p. 32, Table 2a",o.w. Citizen by Investment Program (CIP) 0.0 0.0 0.0 3.6 16.0 16.0 10.0 9.7 10.1 10.5 10.7,"Table columns: 2013, 2014, 2015, 2016, 2016 Budget, 2017-2022 (fiscal years April-March). Column mapping checked with text x-positions.",,2026-09-28,research:saint-lucia
o-d389250610,LCA,lca-cbi,cbi_fiscal_revenue,FY2016/17,fiscal_year,16.0,,XCD,million,budget,lca-imf-art4-2017,"PDF p. 32, Table 2a ('2016 Budget' column)",o.w. Citizen by Investment Program (CIP) 0.0 0.0 0.0 3.6 16.0 16.0 10.0 9.7 10.1 10.5 10.7,"Table columns: 2013, 2014, 2015, 2016, 2016 Budget, 2017-2022 (fiscal years April-March). Column mapping checked with text x-positions.",,2026-09-28,research:saint-lucia
o-4a37b35ae5,LCA,lca-cbi,cbi_fiscal_revenue,FY2016/17,fiscal_year,5.9,,XCD,million,actual,lca-imf-art4-2018,"PDF p. 29, Table 2a",o.w. Citizen by Investment Program (CIP) 0.0 0.0 5.9 43.0 27.8 29.0 30.5 31.9 33.0 34.0 35.1,"Columns: 2014, 2015, 2016, 2017 Budget, 2017, 2018-2023 (fiscal years). Mapping checked with x-positions.",,2026-09-28,research:saint-lucia
o-9299dbe752,LCA,lca-cbi,cbi_fiscal_revenue,FY2017/18,fiscal_year,16.0,,XCD,million,projection,lca-imf-art4-2017,"PDF p. 32, Table 2a",o.w. Citizen by Investment Program (CIP) 0.0 0.0 0.0 3.6 16.0 16.0 10.0 9.7 10.1 10.5 10.7,"Table columns: 2013, 2014, 2015, 2016, 2016 Budget, 2017-2022 (fiscal years April-March). Column mapping checked with text x-positions.",,2026-09-28,research:saint-lucia
o-c519db9c10,LCA,lca-cbi,cbi_fiscal_revenue,FY2017/18,fiscal_year,43.0,,XCD,million,budget,lca-imf-art4-2018,"PDF p. 29, Table 2a ('2017 Budget')",o.w. Citizen by Investment Program (CIP) 0.0 0.0 5.9 43.0 27.8 29.0 30.5 31.9 33.0 34.0 35.1,"Columns: 2014, 2015, 2016, 2017 Budget, 2017, 2018-2023 (fiscal years). Mapping checked with x-positions.",,2026-09-28,research:saint-lucia
o-67c98083a6,LCA,lca-cbi,cbi_fiscal_revenue,FY2017/18,fiscal_year,27.8,,XCD,million,estimate,lca-imf-art4-2018,"PDF p. 29, Table 2a",o.w. Citizen by Investment Program (CIP) 0.0 0.0 5.9 43.0 27.8 29.0 30.5 31.9 33.0 34.0 35.1,"Columns: 2014, 2015, 2016, 2017 Budget, 2017, 2018-2023 (fiscal years). Mapping checked with x-positions. FY2017 had just closed when the report was written.",,2026-09-28,research:saint-lucia
o-74b45c4d84,LCA,lca-cbi,cbi_fiscal_revenue,FY2017/18,fiscal_year,27.8,,XCD,million,actual,lca-imf-art4-2019,"PDF p. 31, Table 2a",o.w. Citizen by Investment Program (CIP) 0.0 5.9 27.8 67.0 33.5 33.5 33.5 33.5 33.5 33.5,Columns 2015-2024 (fiscal years); projections from 2019.,,2026-09-28,research:saint-lucia
o-f60a1c6bd0,LCA,lca-cbi,cbi_fiscal_revenue,FY2018/19,fiscal_year,29.0,,XCD,million,projection,lca-imf-art4-2018,"PDF p. 29, Table 2a",o.w. Citizen by Investment Program (CIP) 0.0 0.0 5.9 43.0 27.8 29.0 30.5 31.9 33.0 34.0 35.1,"Columns: 2014, 2015, 2016, 2017 Budget, 2017, 2018-2023 (fiscal years). Mapping checked with x-positions.",,2026-09-28,research:saint-lucia
o-1e94f0c096,LCA,lca-cbi,cbi_fiscal_revenue,FY2018/19,fiscal_year,67.0,,XCD,million,actual,lca-imf-art4-2019,"PDF p. 31, Table 2a",o.w. Citizen by Investment Program (CIP) 0.0 5.9 27.8 67.0 33.5 33.5 33.5 33.5 33.5 33.5,Columns 2015-2024 (fiscal years); projections from 2019. CIU reports EC$61.9m paid to government in FY2018/19.,,2026-09-28,research:saint-lucia
o-9b110627a2,LCA,lca-cbi,cbi_fiscal_revenue,FY2019/20,fiscal_year,33.5,,XCD,million,projection,lca-imf-art4-2019,"PDF p. 31, Table 2a",o.w. Citizen by Investment Program (CIP) 0.0 5.9 27.8 67.0 33.5 33.5 33.5 33.5 33.5 33.5,Columns 2015-2024 (fiscal years); projections from 2019.,,2026-09-28,research:saint-lucia
o-31087cd8b9,LCA,lca-cbi,cbi_fiscal_revenue,FY2019/20,fiscal_year,4.4,,XCD,million,actual,lca-imf-art4-2022,"PDF p. 32, Table 2a",of Which: Citizen by Investment Program (CIP) 67.0 4.4 22.7 42.7 32.5 35.3 37.4 39.1 40.7 42.3,"Image table read visually. Columns 2018-2027 (fiscal years); projections from 2022. Footnote 3/: classification changes in other revenue from FY2019. Big downward revision from 30.4 (RCF 2020); CIU remitted far more, so the IMF line captures only part of CIP money (see 2023 footnote).",,2026-09-28,research:saint-lucia
o-34b8cad3e7,LCA,lca-cbi,cbi_fiscal_revenue,FY2019/20,fiscal_year,30.4,,XCD,million,estimate,lca-imf-rcf-2020,"PDF p. 17, Table 2a",of Which: Citizen by Investment Program (CIP) 5.9 27.8 67.0 30.4 33.5 25.0 25.0 25.0 25.0 25.0 25.0,"Image table read visually. Columns: 2016, 2017, 2018, 2019, 2020 (pre-virus), 2020-2025 (fiscal years). FY2019 ended just before the report; treated as estimate.",,2026-09-28,research:saint-lucia
o-63dda6c317,LCA,lca-cbi,cbi_fiscal_revenue,FY2020/21,fiscal_year,22.7,,XCD,million,actual,lca-imf-art4-2022,"PDF p. 32, Table 2a",of Which: Citizen by Investment Program (CIP) 67.0 4.4 22.7 42.7 32.5 35.3 37.4 39.1 40.7 42.3,Image table read visually. Columns 2018-2027 (fiscal years); projections from 2022. Footnote 3/: classification changes in other revenue from FY2019.,,2026-09-28,research:saint-lucia
o-226a6a03d3,LCA,lca-cbi,cbi_fiscal_revenue,FY2020/21,fiscal_year,25.0,,XCD,million,projection,lca-imf-rcf-2020,"PDF p. 17, Table 2a",of Which: Citizen by Investment Program (CIP) 5.9 27.8 67.0 30.4 33.5 25.0 25.0 25.0 25.0 25.0 25.0,"Image table read visually. Columns: 2016, 2017, 2018, 2019, 2020 (pre-virus), 2020-2025 (fiscal years). Pre-virus projection for FY2020 was 33.5.",,2026-09-28,research:saint-lucia
o-f95e17866e,LCA,lca-cbi,cbi_fiscal_revenue,FY2021/22,fiscal_year,42.7,,XCD,million,provisional,lca-imf-art4-2022,"PDF p. 32, Table 2a",of Which: Citizen by Investment Program (CIP) 67.0 4.4 22.7 42.7 32.5 35.3 37.4 39.1 40.7 42.3,Image table read visually. Columns 2018-2027 (fiscal years); projections from 2022. Footnote 3/: classification changes in other revenue from FY2019. Most recent historical year.,,2026-09-28,research:saint-lucia
o-77a394d3f0,LCA,lca-cbi,cbi_fiscal_revenue,FY2021/22,fiscal_year,42.7,,XCD,million,actual,lca-imf-art4-2023,"PDF p. 32, Table 2a",of Which: Citizen by Investment Program (CIP) 4.4 22.7 42.7 65.0 56.8 46.9 47.5 47.4 48.2 50.2,"Image table read visually. Columns 2019-2028 (fiscal years), 2022 labelled Est. Footnote 3/: 'CIP income in the table shows voluntary transfers, which include CIP-related receipts (transfers of CIP revenue to the central government from the Saint Lucia National Economic Fund and from the operating surplus of the CIP Unit).'",,2026-09-28,research:saint-lucia
o-bf11165eb6,LCA,lca-cbi,cbi_fiscal_revenue,FY2022/23,fiscal_year,32.5,,XCD,million,projection,lca-imf-art4-2022,"PDF p. 32, Table 2a",of Which: Citizen by Investment Program (CIP) 67.0 4.4 22.7 42.7 32.5 35.3 37.4 39.1 40.7 42.3,Image table read visually. Columns 2018-2027 (fiscal years); projections from 2022. Footnote 3/: classification changes in other revenue from FY2019.,,2026-09-28,research:saint-lucia
o-e89fb18b67,LCA,lca-cbi,cbi_fiscal_revenue,FY2022/23,fiscal_year,65.0,,XCD,million,estimate,lca-imf-art4-2023,"PDF p. 32, Table 2a",of Which: Citizen by Investment Program (CIP) 4.4 22.7 42.7 65.0 56.8 46.9 47.5 47.4 48.2 50.2,"Image table read visually. Columns 2019-2028 (fiscal years), 2022 labelled Est. Footnote 3/: 'CIP income in the table shows voluntary transfers, which include CIP-related receipts (transfers of CIP revenue to the central government from the Saint Lucia National Economic Fund and from the operating surplus of the CIP Unit).'",,2026-09-28,research:saint-lucia
o-c8069af3e1,LCA,lca-cbi,cbi_fiscal_revenue,FY2023/24,fiscal_year,56.8,,XCD,million,projection,lca-imf-art4-2023,"PDF p. 32, Table 2a",of Which: Citizen by Investment Program (CIP) 4.4 22.7 42.7 65.0 56.8 46.9 47.5 47.4 48.2 50.2,"Image table read visually. Columns 2019-2028 (fiscal years), 2022 labelled Est. Footnote 3/: 'CIP income in the table shows voluntary transfers, which include CIP-related receipts (transfers of CIP revenue to the central government from the Saint Lucia National Economic Fund and from the operating surplus of the CIP Unit).'",,2026-09-28,research:saint-lucia
o-1a88342e8e,LCA,lca-cbi,cbi_fiscal_revenue_pct_gdp,FY2017/18,fiscal_year,0.6,,percent_of_gdp,1,estimate,lca-imf-art4-2018,"PDF p. 30, Table 2b",o.w. Citizen by Investment Program (CIP) 0.0 0.0 0.1 0.9 0.6 0.6 0.6 0.6 0.6 0.6 0.6,"Columns: 2014, 2015, 2016, 2017 Budget, 2017, 2018-2023 (fiscal years). Mapping checked with x-positions.",,2026-09-28,research:saint-lucia
o-ad147e86b1,LCA,lca-cbi,cbi_fiscal_revenue_pct_gdp,FY2018/19,fiscal_year,1.3,,percent_of_gdp,1,actual,lca-imf-art4-2019,"PDF p. 32, Table 2b",o.w. Citizen by Investment Program (CIP) 0.0 0.1 0.6 1.3 0.6 0.6 0.6 0.5 0.5 0.5,Columns 2015-2024 (fiscal years); projections from 2019.,,2026-09-28,research:saint-lucia
o-cf4cee2585,LCA,lca-cbi,cbi_fiscal_revenue_pct_gdp,FY2020/21,fiscal_year,0.5,,percent_of_gdp,1,actual,lca-imf-art4-2025,"PDF p. 33, Table 2",o.w. Citizen by Investment Program (CIP)                           0.5      0.8      1.0      0.7      0.8      1.0      1.0,"Table 2, percent of GDP; columns 2020-2030 (fiscal years, 'figures shown for a given calendar year relate to the fiscal year beginning on April 1'), 2024 labelled Est.",,2026-09-28,research:saint-lucia
o-470740cc62,LCA,lca-cbi,cbi_fiscal_revenue_pct_gdp,FY2021/22,fiscal_year,0.8,,percent_of_gdp,1,actual,lca-imf-art4-2025,"PDF p. 33, Table 2",o.w. Citizen by Investment Program (CIP)                           0.5      0.8      1.0      0.7      0.8      1.0      1.0,"Table 2, percent of GDP; columns 2020-2030 (fiscal years, 'figures shown for a given calendar year relate to the fiscal year beginning on April 1'), 2024 labelled Est.",,2026-09-28,research:saint-lucia
o-af335cc48a,LCA,lca-cbi,cbi_fiscal_revenue_pct_gdp,FY2022/23,fiscal_year,1.0,,percent_of_gdp,1,actual,lca-imf-art4-2024,"PDF p. 28, Table 2",o.w. Citizen by Investment Program (CIP) 0.5 0.8 1.0 0.7 0.8 0.8 0.8 0.8 0.8 0.8,"Table 2, percent of GDP; columns 2020-2029 (fiscal years), 2024 labelled Est. (column mapping checked with x-positions).",,2026-09-28,research:saint-lucia
o-f36cb8cec8,LCA,lca-cbi,cbi_fiscal_revenue_pct_gdp,FY2023/24,fiscal_year,0.7,,percent_of_gdp,1,actual,lca-imf-art4-2024,"PDF p. 28, Table 2",o.w. Citizen by Investment Program (CIP) 0.5 0.8 1.0 0.7 0.8 0.8 0.8 0.8 0.8 0.8,"Table 2, percent of GDP; columns 2020-2029 (fiscal years), 2024 labelled Est. (column mapping checked with x-positions).",,2026-09-28,research:saint-lucia
o-3c65c6535a,LCA,lca-cbi,cbi_fiscal_revenue_pct_gdp,FY2023/24,fiscal_year,0.7,,percent_of_gdp,1,actual,lca-imf-art4-2025,"PDF p. 33, Table 2",o.w. Citizen by Investment Program (CIP)                           0.5      0.8      1.0      0.7      0.8      1.0      1.0,"Table 2, percent of GDP; columns 2020-2030 (fiscal years, 'figures shown for a given calendar year relate to the fiscal year beginning on April 1'), 2024 labelled Est.",,2026-09-28,research:saint-lucia
o-e3565acfaf,LCA,lca-cbi,cbi_fiscal_revenue_pct_gdp,FY2024/25,fiscal_year,0.8,,percent_of_gdp,1,estimate,lca-imf-art4-2024,"PDF p. 28, Table 2",o.w. Citizen by Investment Program (CIP) 0.5 0.8 1.0 0.7 0.8 0.8 0.8 0.8 0.8 0.8,"Table 2, percent of GDP; columns 2020-2029 (fiscal years), 2024 labelled Est. (column mapping checked with x-positions).",,2026-09-28,research:saint-lucia
o-33d322aa7b,LCA,lca-cbi,cbi_fiscal_revenue_pct_gdp,FY2024/25,fiscal_year,0.8,,percent_of_gdp,1,estimate,lca-imf-art4-2025,"PDF p. 33, Table 2",o.w. Citizen by Investment Program (CIP)                           0.5      0.8      1.0      0.7      0.8      1.0      1.0,"Table 2, percent of GDP; columns 2020-2030 (fiscal years, 'figures shown for a given calendar year relate to the fiscal year beginning on April 1'), 2024 labelled Est. The CIU reports EC$141.8m remitted to government in FY2024/25; the IMF line (transfers recorded as central-government revenue) is much narrower.",,2026-09-28,research:saint-lucia
o-7af0d5b57b,LCA,lca-cbi,cbi_fiscal_revenue_pct_gdp,FY2025/26,fiscal_year,1.0,,percent_of_gdp,1,projection,lca-imf-art4-2025,"PDF p. 33, Table 2",o.w. Citizen by Investment Program (CIP)                           0.5      0.8      1.0      0.7      0.8      1.0      1.0,"Table 2, percent of GDP; columns 2020-2030 (fiscal years, 'figures shown for a given calendar year relate to the fiscal year beginning on April 1'), 2024 labelled Est.",,2026-09-28,research:saint-lucia
o-24c0acdcee,LCA,lca-cbi,cbi_inflows,2016-2022,cumulative,268342032,,XCD,1,actual,lca-ciu-ar-2021-22,PDF p. 14,"The Citizenship by Investment Programme in Saint Lucia has generated a total of EC $268,342,032",January 2016 - March 2022. Definition not stated; appears to exclude real-estate escrow investments.,,2026-09-28,research:saint-lucia
o-4651e6b02c,LCA,lca-cbi,cbi_inflows_pct_gdp,FY2021/22,fiscal_year,1,,percent_of_gdp,1,projection,lca-imf-art4-2022,"PDF p. 17, footnote 17",For FY2021 the program is projected to add fresh financing of around 1 percent of GDP.,"Printed as 'FY2021' (IMF convention: fiscal year beginning April 2021) in a November 2022 report, yet described as 'projected'. Refers to 'fresh financing' from the program (bond route context), not total inflows.",,2026-09-28,research:saint-lucia
o-75d7bb5b58,LCA,lca-cbi,cbi_real_estate_inflows,FY2022/23,fiscal_year,52842000,,USD,1,actual,lca-ciu-ar-2022-23,PDF p. 30,"Inflows for Real Estate Investment Amounts to US $52,842,000 deposited into escrow for the period 1 April 2022 to 31 March 2023.","Paid to developer escrow, not to government. Only year for which the CIU reports this figure; IMF notes escrow data are not shared.",,2026-09-28,research:saint-lucia
o-aa50e7d700,LCA,lca-cbi,cbi_rejection_rate,2024,calendar_year,5.3,,percent,1,reported,intl-ec-com-2025-792,"p. 7 (printed), PDF p. 8","in 2024 rejection rates were 1.7% in Antigua and Barbuda, 5.3% in Saint Lucia, and 6.5% in Dominica",The report cites only the three lowest rates; SWD(2025) 429 also gives Grenada 22.1% and St Kitts and Nevis 43.9%.,,2026-09-28,research:context-timeline
o-89ea45c8a2,LCA,lca-cbi,cbi_rejection_rate,2024,calendar_year,5.3,,percent,1,reported,intl-ec-swd-2025-429,"PDF p. 38, table (Eastern Caribbean), row ""Rejection rate (2024)""",Rejection rate (2024): 5.3%,"Data submitted to the Commission by national authorities, ""in some cases, partial"".",,2026-09-28,research:context-timeline
o-483d0d5efd,LCA,lca-cbi,cbi_transfers_to_government,2016-2019,cumulative,103138169.40,,XCD,1,actual,lca-ciu-ar-2018-19,PDF p. 4,"From inception, the programme has contributed EC $103,138,169.40 to the Government of Saint Lucia.",Inception to 31 March 2019.,,2026-09-28,research:saint-lucia
o-f497634ac6,LCA,lca-cbi,cbi_transfers_to_government,2016-2020,cumulative,131245988.60,,XCD,1,actual,lca-ciu-ar-2019-20,PDF p. 5,"this programme has been able to contribute $131,245,988.60 EC since its inception.",Inception to 31 March 2020.,,2026-09-28,research:saint-lucia
o-90edb4a6c8,LCA,lca-cbi,cbi_transfers_to_government,2016-2021,cumulative,187568616,,XCD,1,actual,lca-ciu-ar-2020-21,PDF p. 7,"The Programme to date, has now con- tributed XCD$187,568,616 (prior year XCD$131,245,988) since its inception.","Same report (PDF p. 18) says the CIU 'transferred a total of XCD$160,901,673.36 to the Government' since inception: definitions differ (bonds, excess funds).",,2026-09-28,research:saint-lucia
o-5ebed2a385,LCA,lca-cbi,cbi_transfers_to_government,2016-2021,cumulative,160901673.36,,XCD,1,actual,lca-ciu-ar-2020-21,PDF p. 18,"from inception of the Programme, the Citizenship by Investment Unit has transferred a total of XCD$160,901,673.36 to the Government of Saint Lucia.","Differs from XCD$187,568,616 'contributed' on PDF p. 7 of the same report.",,2026-09-28,research:saint-lucia
o-b1286c5781,LCA,lca-cbi,cbi_transfers_to_government,2016-2022,cumulative,212707588,,XCD,1,actual,lca-ciu-ar-2021-22,PDF p. 14,"EC $212,707,588 net of 20% allocation for marketing and promotions and foreign exchange loss has been remitted to the Government of Saint Lucia","January 2016 - March 2022, via Consolidated Fund and NEF. Same page: programme 'generated a total of EC $268,342,032'.",,2026-09-28,research:saint-lucia
o-1c0963998b,LCA,lca-cbi,cbi_transfers_to_government,FY2017/18,fiscal_year,27828246,,XCD,1,actual,lca-ciu-ar-2017-18,"PDF p. 42, Note 15","This resulted in a net EC$27,828,246 remitted to the Government of Saint Lucia during the year ended March 31, 2018.","Net NEF donations (80%). Budgeted inflows to government were EC$43,011,200 (PDF p. 10).",,2026-09-28,research:saint-lucia
o-3cca5ef4b5,LCA,lca-cbi,cbi_transfers_to_government,FY2017/18,fiscal_year,43011200,,XCD,1,budget,lca-ciu-ar-2017-18,"PDF p. 10, 'Summary of Funds Transferred to Government – Budget vs Actual'","EC$ 43,011,200.00       (EC$ 15,182,953.60)               111                          200                -89","CIU budget for inflows to government; 200 donations budgeted, 111 received.",,2026-09-28,research:saint-lucia
o-9d0455df2a,LCA,lca-cbi,cbi_transfers_to_government,FY2018/19,fiscal_year,61914622.40,,XCD,1,actual,lca-ciu-ar-2018-19,PDF p. 4 (Chairman),"the financial contributions paid to the Government of Saint Lucia during the period were EC $61,914,622.40.","EC$60,570,522.40 from donations and EC$1,344,100.00 via government bonds; no real-estate or enterprise investments.",,2026-09-28,research:saint-lucia
o-9ab2b89d55,LCA,lca-cbi,cbi_transfers_to_government,FY2019/20,fiscal_year,28107819,,XCD,1,actual,lca-ciu-ar-2020-21,PDF p. 7 (Chairman),"contribute XCD$38,459,539 (prior year XCD$28,107,819) in funding to the National Economic Fund, under the Donation option","NEF (donation) funding only, FY2019/20 comparative.",,2026-09-28,research:saint-lucia
o-1793f509ec,LCA,lca-cbi,cbi_transfers_to_government,FY2020/21,fiscal_year,38459539,,XCD,1,actual,lca-ciu-ar-2020-21,PDF p. 7 (Chairman),"contribute XCD$38,459,539 (prior year XCD$28,107,819) in funding to the National Economic Fund, under the Donation option","NEF (donation) funding only; excludes XCD$17,863,089 COVID bond financing and XCD$13,797,992.19 excess CIU funds sent to the Consolidated Fund. Chart on PDF p. 18 shows 38,459,540.",,2026-09-28,research:saint-lucia
o-01be0f2a61,LCA,lca-cbi,cbi_transfers_to_government,FY2021/22,fiscal_year,51805915,,XCD,1,actual,lca-ciu-ar-2021-22,"PDF p. 53, Note 17","This resulted in a net of EC$51,805,915 being paid to the National Economic Fund Board during the year ended March 31, 2022","Net NEF donations paid to the NEF Board, inclusive of prior-year balance EC$637,200. Excludes COVID bond remittances and Consolidated Fund distribution (EC$6,848,531, Note 16).",,2026-09-28,research:saint-lucia
o-b58cf5842f,LCA,lca-cbi,cbi_transfers_to_government,FY2022/23,fiscal_year,41371397,,XCD,1,actual,lca-ciu-ar-2022-23,PDF p. 7 (Chairman),"the National Economic Fund (NEF) totaling EC $41,371,397 and the Covid-19 Government Bonds totaling EC $42,295,519","NEF remittance only; COVID bonds EC$42,295,519 separately. The report's own chart (PDF p. 29) gives COVID bond cash inflows of $47,695,500 for 2022-23.",,2026-09-28,research:saint-lucia
o-f64fba28e1,LCA,lca-cbi,cbi_transfers_to_government,FY2023/24,fiscal_year,64108843,,XCD,1,actual,lca-ciu-ar-2023-24,"PDF p. 61, Note 17","As a result, a total of US$23,744,016, or EC$64,108,843, was remitted to the National Economic Fund for the year ended March 31, 2024.","NEF only: EC$23,108,842 net donations plus EC$41,000,000 from the CIU operating surplus. Separately EC$58,619,887 to the Consolidated Fund (Note 16).",,2026-09-28,research:saint-lucia
o-5784c86ceb,LCA,lca-cbi,cbi_transfers_to_government,FY2023/24,fiscal_year,58619887,,XCD,1,actual,lca-ciu-ar-2023-24,"PDF p. 60, Note 16","Government distribution - Consolidated Fund                  58,619,887    11,268,541","CIU surplus distribution to the Consolidated Fund only (FY2022/23 comparative: 11,268,541).",,2026-09-28,research:saint-lucia
o-983e1e3b5b,LCA,lca-cbi,cbi_transfers_to_government,FY2024/25,fiscal_year,141.8,,XCD,million,actual,lca-ciu-ar-2024-25,PDF p. 16 (Minister's policy overview),"As a result, total remittances to the Government of Saint Lucia for the fiscal year amounted to EC$141.8 million.",EC$86m from CIU surplus (incl. EC$35.7m to NEF) + EC$44m NEF direct investments + EC$11.8m bonds.,,2026-09-28,research:saint-lucia
o-6eb79d2e1a,LCA,lca-cbi,cbi_transfers_to_government,FY2024/25,fiscal_year,86150190,,XCD,1,actual,lca-ciu-ar-2024-25,"PDF p. 58, Note 16","Government distribution - Consolidated Fund               86,150,190     58,619,887",Note 16 labels the whole amount 'Consolidated Fund'; the Minister says the EC$86m includes EC$35.7m allocated to the NEF.,,2026-09-28,research:saint-lucia
o-d35ee017dd,LCA,lca-cbi,cbi_transfers_to_government,FY2024/25,fiscal_year,141.8,,XCD,million,reported,lca-slutimes-2026-08,article,"Combined with National Economic Fund contributions and bond investments, Government received a total of EC$141.8 million",,,2026-09-28,research:saint-lucia
o-d5a4175d95,LCA,lca-cbi,cbi_unit_revenue,FY2015/16,fiscal_year,570000,,XCD,1,actual,lca-ciu-ar-2015-16,"PDF p. 30, s. 11.1",The total revenue earned for 2016 is $570 000 exceeding budget by 5%.,"Six-month period Oct 2015-Mar 2016. Currency not stated in the sentence; CIU statements are in EC$ (assumed XCD). Rounded in the text; Table 1 gives 569,747.",,2026-09-28,research:saint-lucia
o-879889e072,LCA,lca-cbi,cbi_unit_revenue,FY2017/18,fiscal_year,22858260,,XCD,1,actual,lca-ciu-ar-2017-18,"PDF p. 7, 'Revenue 2017/2018' table","22,858,260                            3,514,201                       19,344,059                                550%","Table header says $('000) but values are in dollars. Restated to EC$18,621,151 in the 2018-19 report (IFRS 15 revenue recognition at certificate issue).",,2026-09-28,research:saint-lucia
o-3ed95b9b05,LCA,lca-cbi,cbi_unit_revenue,FY2017/18,fiscal_year,18621151,,XCD,1,actual,lca-ciu-ar-2018-19,PDF p. 7,"in comparison to EC $18,621,151.00 for the period ended March 2018",Restated figure (see lca-ciu-ar-2018-19 p. 6).,,2026-09-28,research:saint-lucia
o-0c62e66d0f,LCA,lca-cbi,cbi_unit_revenue,FY2018/19,fiscal_year,20799179,,XCD,1,actual,lca-ciu-ar-2018-19,PDF p. 7,"Total revenue from ordinary activities generated EC $20,799,179.00 for the period 2018/2019",,,2026-09-28,research:saint-lucia
o-f2f9e15c55,LCA,lca-cbi,cbi_unit_revenue,FY2019/20,fiscal_year,14371074,,XCD,1,actual,lca-ciu-ar-2019-20,PDF p. 10,"The programme generated total revenue of $14,371.074","Printed with a stray decimal point ('$14,371.074'); 2020-21 report gives XCD$14.4 million for FY2019/20.",,2026-09-28,research:saint-lucia
o-fb6bc76745,LCA,lca-cbi,cbi_unit_revenue,FY2020/21,fiscal_year,33.4,,XCD,million,actual,lca-ciu-ar-2020-21,PDF p. 29,Total revenue from ordinary activities generated XCD$33.4 million for the period 2020- 2021,,,2026-09-28,research:saint-lucia
o-65d3d1d35b,LCA,lca-cbi,cbi_unit_revenue,FY2021/22,fiscal_year,54169344,,XCD,1,actual,lca-ciu-ar-2021-22,PDF p. 28,"Overall gross revenue earned is EC$54,169,344 and grew by 62% over prior year 2020/21","The same report's revenue table and operating-income sentence give EC$54,154,643.",,2026-09-28,research:saint-lucia
o-6cf0e02ccf,LCA,lca-cbi,cbi_unit_revenue,FY2022/23,fiscal_year,60631316,,XCD,1,actual,lca-ciu-ar-2022-23,PDF p. 36,"Overall gross revenue earned is $60,631,316 compared to the prior year at $54,169,344",,,2026-09-28,research:saint-lucia
o-9bb27753bb,LCA,lca-cbi,cbi_unit_revenue,FY2023/24,fiscal_year,240.3,,XCD,million,actual,lca-ciu-ar-2023-24,PDF p. 22,Total revenue for the period was EC$240.3M and exceeded 2022/2023 revenue of EC$60.6M,"Due diligence fees EC$133.1M, real-estate administrative fees EC$88M. Statement of comprehensive income: revenue 240,255,205 (PDF p. 40).",,2026-09-28,research:saint-lucia
o-4bafc85197,LCA,lca-cbi,cbi_unit_revenue,FY2023/24,fiscal_year,240.3,,XCD,million,reported,lca-imidaily-2026-04,article,"Total revenue reached EC$240.3 million (approximately US$89 million), up 296% from EC$60.6 million in FY23.",,,2026-09-28,research:saint-lucia
o-c6f8969a9b,LCA,lca-cbi,cbi_unit_revenue,FY2024/25,fiscal_year,402.2,,XCD,million,actual,lca-ciu-ar-2024-25,PDF p. 7 (Chairman),"The Citizenship by Investment Unit recorded EC$402.2 million in revenue, a 67% increase from the prior year.","Statement: revenue 402,213,340 (PDF p. 38).",,2026-09-28,research:saint-lucia
o-e37834346b,LCA,lca-cbi,cbi_unit_revenue,FY2024/25,fiscal_year,148.8,,USD,million,reported,lca-slutimes-2026-08,article,Saint Lucia's Citizenship by Investment Programme brought in EC$402.2 million (US$148.8m) during the 2024/25 financial year,US$ conversion by the newspaper.,,2026-09-28,research:saint-lucia
o-36ab137b67,LCA,lca-cbi,persons_naturalised,FY2017/18,fiscal_year,282,,persons,1,actual,lca-ciu-ar-2017-18,PDF p. 4,representing two hundred and eighty-two (282) citizens,Persons in approved applications (main applicants plus dependants).,,2026-09-28,research:saint-lucia
o-a35f7c8bab,LCA,lca-cbi,persons_naturalised,FY2018/19,fiscal_year,288,,persons,1,actual,lca-ciu-ar-2018-19,PDF p. 6,translated to a total of two hundred and eighty- eight (288) individual citizens being granted citizenship,,,2026-09-28,research:saint-lucia
o-542d85f96c,LCA,lca-cbi,persons_naturalised,FY2019/20,fiscal_year,188,,persons,1,actual,lca-ciu-ar-2019-20,PDF p. 5 (Chairperson),we welcome the 188 new citizens that chose to invest in Saint Lucia,,,2026-09-28,research:saint-lucia
o-3bcea6d2f2,LCA,lca-cbi,persons_naturalised,FY2020/21,fiscal_year,568,,persons,1,actual,lca-ciu-ar-2020-21,PDF p. 7 (Chairman),we welcome the 568 new cit- izens (188 in 2019/2020),,,2026-09-28,research:saint-lucia
o-5e65574b22,MLT,mlt-iip,applications_approved,2015,calendar_year,189,,applications,1,actual,mlt-orgcem-ar-2021,"PDF p. 33 (printed p. 33), Table 10",2015 189,"Table 10: ""Number of Approved Applications per Year"" (Letters of Approval in Principle). The report gives 1,608 letters issued up to 31 Dec 2021.",,2026-09-28,research:malta
o-eecaeff268,MLT,mlt-iip,applications_approved,2016,calendar_year,382,,applications,1,actual,mlt-orgcem-ar-2021,"PDF p. 33 (printed p. 33), Table 10",2016 382,"Table 10: ""Number of Approved Applications per Year"" (Letters of Approval in Principle). The report gives 1,608 letters issued up to 31 Dec 2021.",,2026-09-28,research:malta
o-2d2d7a6756,MLT,mlt-iip,applications_approved,2017,calendar_year,277,,applications,1,actual,mlt-orgcem-ar-2021,"PDF p. 33 (printed p. 33), Table 10",2017 277,"Table 10: ""Number of Approved Applications per Year"" (Letters of Approval in Principle). The report gives 1,608 letters issued up to 31 Dec 2021.",,2026-09-28,research:malta
o-2e0d9fae32,MLT,mlt-iip,applications_approved,2018,calendar_year,227,,applications,1,actual,mlt-orgcem-ar-2021,"PDF p. 33 (printed p. 33), Table 10",2018 227,"Table 10: ""Number of Approved Applications per Year"" (Letters of Approval in Principle). The report gives 1,608 letters issued up to 31 Dec 2021.",,2026-09-28,research:malta
o-6646a8d7ab,MLT,mlt-iip,applications_approved,2019,calendar_year,239,,applications,1,actual,mlt-orgcem-ar-2021,"PDF p. 33 (printed p. 33), Table 10",2019 239,"Table 10: ""Number of Approved Applications per Year"" (Letters of Approval in Principle). The report gives 1,608 letters issued up to 31 Dec 2021.",,2026-09-28,research:malta
o-9b96bc6fac,MLT,mlt-iip,applications_approved,2020,calendar_year,185,,applications,1,actual,mlt-orgcem-ar-2021,"PDF p. 33 (printed p. 33), Table 10",2020 185,"Table 10: ""Number of Approved Applications per Year"" (Letters of Approval in Principle). The report gives 1,608 letters issued up to 31 Dec 2021.",,2026-09-28,research:malta
o-755c88c9f3,MLT,mlt-iip,applications_approved,2021,calendar_year,109,,applications,1,actual,mlt-orgcem-ar-2021,"PDF p. 33 (printed p. 33), Table 10",2021 109,"Table 10: ""Number of Approved Applications per Year"" (Letters of Approval in Principle). The report gives 1,608 letters issued up to 31 Dec 2021.",,2026-09-28,research:malta
o-b8a97109bf,MLT,mlt-mec,applications_approved,2022,calendar_year,49,,applications,1,actual,mlt-orgcem-ar-2024,"PDF p. 40 (printed p. 40), Table 2",2022 49,"Table 2: ""Approved Citizenship Applications per year"" (Letter of Approval in Principle at the citizenship stage). The total is 328.",,2026-09-28,research:malta
o-2cea8a76bd,MLT,mlt-mec,applications_approved,2023,calendar_year,96,,applications,1,actual,mlt-orgcem-ar-2024,"PDF p. 40 (printed p. 40), Table 2",2023 96,"Table 2: ""Approved Citizenship Applications per year"" (Letter of Approval in Principle at the citizenship stage). The total is 328.",,2026-09-28,research:malta
o-b4e69dc9c4,MLT,mlt-mec,applications_approved,2024,calendar_year,183,,applications,1,actual,mlt-orgcem-ar-2024,"PDF p. 40 (printed p. 40), Table 2",2024 183,"Table 2: ""Approved Citizenship Applications per year"" (Letter of Approval in Principle at the citizenship stage). The total is 328.",,2026-09-28,research:malta
o-98699dff40,MLT,mlt-iip,applications_approved,FY2014/15,fiscal_year,75,,applications,1,actual,mlt-orgcem-ar-2015,"PDF p. 15 (printed p. 7), para 39",A total of 75 Letters of Approval were issued during the period under review.,"Approval = Letter of Approval in Principle (due diligence passed), before naturalisation.",,2026-09-28,research:malta
o-1cc1ee06cb,MLT,mlt-iip,applications_approved,FY2015/16,fiscal_year,241,,applications,1,actual,mlt-orgcem-ar-2016,PDF p. 12 (printed p. 12),"The amount of approved applications ... was 241, a significant increase from the amount registered during the previous year (75).",,,2026-09-28,research:malta
o-9555a9d575,MLT,mlt-iip,applications_approved,FY2016/17,fiscal_year,422,,applications,1,actual,mlt-orgcem-ar-2017,PDF p. 11 (printed p. 11),a letter of approval in principle has been issued) was 422.,The same page gives 377 applications received in the period.,,2026-09-28,research:malta
o-b4c17ffba7,MLT,mlt-iip,applications_received,2014-2018,cumulative,1300,,applications,1,reported,mlt-occrp-daphne-2018,"section ""Want to be Maltese? Better Have €5 Million""","more than 1,300 people from around the world have used it to apply for Maltese passports, and more than 1,000 have been approved","""More than"" 1,300, as of April 2018. The official cumulative figure was 1,431 applications by 30 June 2018 (mlt-orgcem-ar-2018, PDF p. 11).",,2026-09-28,research:malta
o-0c0715cfb8,MLT,mlt-iip,applications_received,2015,calendar_year,484,,applications,1,actual,mlt-orgcem-ar-2021,"PDF p. 28 (printed p. 28), Table 2",2015 484,"Table 2: ""Applications received by CMA per Year"" (IIP only). The table total is 2,245. Calendar-year figures were first published in the 2019-2020 report; they differ from the July-June figures in earlier reports.",,2026-09-28,research:malta
o-70d55e416e,MLT,mlt-iip,applications_received,2016,calendar_year,436,,applications,1,actual,mlt-orgcem-ar-2021,"PDF p. 28 (printed p. 28), Table 2",2016 436,"Table 2: ""Applications received by CMA per Year"" (IIP only). The table total is 2,245. Calendar-year figures were first published in the 2019-2020 report; they differ from the July-June figures in earlier reports.",,2026-09-28,research:malta
o-81cc69f44e,MLT,mlt-iip,applications_received,2017,calendar_year,371,,applications,1,actual,mlt-orgcem-ar-2021,"PDF p. 28 (printed p. 28), Table 2",2017 371,"Table 2: ""Applications received by CMA per Year"" (IIP only). The table total is 2,245. Calendar-year figures were first published in the 2019-2020 report; they differ from the July-June figures in earlier reports.",,2026-09-28,research:malta
o-39d55a0a15,MLT,mlt-iip,applications_received,2018,calendar_year,286,,applications,1,actual,mlt-orgcem-ar-2021,"PDF p. 28 (printed p. 28), Table 2",2018 286,"Table 2: ""Applications received by CMA per Year"" (IIP only). The table total is 2,245. Calendar-year figures were first published in the 2019-2020 report; they differ from the July-June figures in earlier reports.",,2026-09-28,research:malta
o-f658ee0ae3,MLT,mlt-iip,applications_received,2019,calendar_year,328,,applications,1,actual,mlt-orgcem-ar-2021,"PDF p. 28 (printed p. 28), Table 2",2019 328,"Table 2: ""Applications received by CMA per Year"" (IIP only). The table total is 2,245. Calendar-year figures were first published in the 2019-2020 report; they differ from the July-June figures in earlier reports.",,2026-09-28,research:malta
o-8cbd659987,MLT,mlt-iip,applications_received,2020,calendar_year,317,,applications,1,actual,mlt-orgcem-ar-2021,"PDF p. 28 (printed p. 28), Table 2",2020 317,"Table 2: ""Applications received by CMA per Year"" (IIP only). The table total is 2,245. Calendar-year figures were first published in the 2019-2020 report; they differ from the July-June figures in earlier reports.",,2026-09-28,research:malta
o-494612165e,MLT,mlt-iip,applications_received,2021,calendar_year,23,,applications,1,actual,mlt-orgcem-ar-2021,"PDF p. 28 (printed p. 28), Table 2",2021 23,"Table 2: ""Applications received by CMA per Year"" (IIP only). The table total is 2,245. Calendar-year figures were first published in the 2019-2020 report; they differ from the July-June figures in earlier reports.",,2026-09-28,research:malta
o-6c67c9ddda,MLT,mlt-mec,applications_received,2021,calendar_year,75,,applications,1,actual,mlt-orgcem-ar-2021,"PDF p. 48 (printed p. 48), section 3.1.1","During the period under review, CMA received a total of 75 applications for the eligibility assessment","Eligibility-stage applications. The 2022 report calls the 175 applications of 2022 ""the first ever registered under this scheme"" (PDF p. 6), which contradicts this.",,2026-09-28,research:malta
o-c4a6b10268,MLT,mlt-mec,applications_received,2022,calendar_year,175,,applications,1,actual,mlt-orgcem-ar-2022,"PDF p. 6 (printed p. 6), Foreword",the number of GCES applications received during the period covered by this Report (175,Eligibility-stage applications.,,2026-09-28,research:malta
o-d6981210fe,MLT,mlt-mec,applications_received,2023,calendar_year,299,,applications,1,actual,mlt-orgcem-ar-2023,"PDF p. 25 (printed p. 25), section 2.1.1","The number of eligibility applications received by the CMA under the GCES, during the year 2023 amounted to 299 (compared to 175 in 2022).",,,2026-09-28,research:malta
o-ff3a616fc4,MLT,mlt-mec,applications_received,2024,calendar_year,409,,applications,1,actual,mlt-orgcem-ar-2024,"PDF p. 32 (printed p. 32), section 2.1.1","The number of eligibility applications received by the CMA under the GCES, during the year 2024 amounted to 409 (compared to 299 in 2023).",,,2026-09-28,research:malta
o-4bfe836246,MLT,mlt-iip,applications_received,FY2014/15,fiscal_year,245,,applications,1,actual,mlt-orgcem-ar-2015,"PDF p. 14 (printed p. 6), para 35","For the period under review, a total of 245 applications were received.",Period 1 Jul 2014-30 Jun 2015. The 2014 report counted 173 main applications submitted by end-June 2014.,,2026-09-28,research:malta
o-420f111bed,MLT,mlt-iip,applications_received,FY2015/16,fiscal_year,450,,applications,1,actual,mlt-orgcem-ar-2016,PDF p. 10 (printed p. 10),The number of applications received during the period in question amounted to 450,Cumulative 723 since launch (same page).,,2026-09-28,research:malta
o-1bc2b6e864,MLT,mlt-iip,applications_received,FY2016/17,fiscal_year,377,,applications,1,actual,mlt-orgcem-ar-2017,PDF p. 11 (printed p. 11),a significant number of the 377 applications received between July 2016 and June 2017,,,2026-09-28,research:malta
o-f9bc5ebc9a,MLT,mlt-iip,applications_rejected,2015,calendar_year,49,,applications,1,actual,mlt-orgcem-ar-2021,"PDF p. 34 (printed p. 34), Table 12",2015 49,"Table 12: ""Number of applications which were not approved per Year"". Includes refused and withdrawn. The report gives a not-approved rate of 51% for 2021.",,2026-09-28,research:malta
o-8ed80c5e60,MLT,mlt-iip,applications_rejected,2016,calendar_year,63,,applications,1,actual,mlt-orgcem-ar-2021,"PDF p. 34 (printed p. 34), Table 12",2016 63,"Table 12: ""Number of applications which were not approved per Year"". Includes refused and withdrawn. The report gives a not-approved rate of 51% for 2021.",,2026-09-28,research:malta
o-22304b130d,MLT,mlt-iip,applications_rejected,2017,calendar_year,70,,applications,1,actual,mlt-orgcem-ar-2021,"PDF p. 34 (printed p. 34), Table 12",2017 70,"Table 12: ""Number of applications which were not approved per Year"". Includes refused and withdrawn. The report gives a not-approved rate of 51% for 2021.",,2026-09-28,research:malta
o-dcda19852f,MLT,mlt-iip,applications_rejected,2018,calendar_year,116,,applications,1,actual,mlt-orgcem-ar-2021,"PDF p. 34 (printed p. 34), Table 12",2018 116,"Table 12: ""Number of applications which were not approved per Year"". Includes refused and withdrawn. The report gives a not-approved rate of 51% for 2021.",,2026-09-28,research:malta
o-4958903476,MLT,mlt-iip,applications_rejected,2019,calendar_year,117,,applications,1,actual,mlt-orgcem-ar-2021,"PDF p. 34 (printed p. 34), Table 12",2019 117,"Table 12: ""Number of applications which were not approved per Year"". Includes refused and withdrawn. The report gives a not-approved rate of 51% for 2021.",,2026-09-28,research:malta
o-50092900d9,MLT,mlt-iip,applications_rejected,2020,calendar_year,103,,applications,1,actual,mlt-orgcem-ar-2021,"PDF p. 34 (printed p. 34), Table 12",2020 103,"Table 12: ""Number of applications which were not approved per Year"". Includes refused and withdrawn. The report gives a not-approved rate of 51% for 2021.",,2026-09-28,research:malta
o-856924e083,MLT,mlt-iip,applications_rejected,2021,calendar_year,112,,applications,1,actual,mlt-orgcem-ar-2021,"PDF p. 34 (printed p. 34), Table 12",2021 112,"Table 12: ""Number of applications which were not approved per Year"". Includes refused and withdrawn. The report gives a not-approved rate of 51% for 2021.",,2026-09-28,research:malta
o-de544515d1,MLT,mlt-mec,applications_rejected,2022,calendar_year,17,,applications,1,actual,mlt-orgcem-ar-2022,PDF p. 30,The number of applications which were not approved during the year 2022 was 17.,Eligibility stage; includes refused and withdrawn. The report gives a not-approved rate of 24%.,,2026-09-28,research:malta
o-6090baa3c2,MLT,mlt-mec,applications_rejected,2023,calendar_year,23,,applications,1,actual,mlt-orgcem-ar-2023,"PDF p. 30, section 2.1.2.2",The number of applications which were not approved during the year 2023 was 23.,Eligibility stage; includes refused and withdrawn. The report gives a not-approved rate of 14%.,,2026-09-28,research:malta
o-622c32b3e2,MLT,mlt-mec,applications_rejected,2024,calendar_year,49,,applications,1,actual,mlt-orgcem-ar-2024,"PDF p. 38, section 2.1.2.2",The number of applications which were not approved during the year 2024 was 49.,Eligibility stage; includes refused and withdrawn. The report gives a not-approved rate of 23%.,,2026-09-28,research:malta
o-9f23631514,MLT,mlt-iip,applications_rejected,FY2014/15,fiscal_year,11,,applications,1,actual,mlt-orgcem-ar-2015,"PDF p. 14 (printed p. 6), para 35","Of these, 11 were rejected representing a rejection rate of 4.5%.",,,2026-09-28,research:malta
o-5634a62811,MLT,mlt-iip,applications_rejected,FY2015/16,fiscal_year,52,,applications,1,actual,mlt-orgcem-ar-2016,PDF p. 12 (printed p. 12),The number of rejected applications during the period in question was 52,A further 8 applications were withdrawn (PDF p. 13).,,2026-09-28,research:malta
o-876660a634,MLT,mlt-iip,applications_rejected,FY2016/17,fiscal_year,83,,applications,1,actual,mlt-orgcem-ar-2017,PDF p. 12 (printed p. 12),This category includes applications which were either rejected or withdrawn. The number of applications during the period in question was 83,Includes withdrawals.,,2026-09-28,research:malta
o-4b43dad66e,MLT,mlt-iip,cbi_contributions,2014,calendar_year,13475000,,EUR,1,actual,mlt-orgcem-ar-2022,"PDF p. 68 (printed p. 68), Table 35","2014 €13,475,000","Table 35: ""Amounts collected by the MIIPA/CMA by way of IIP Contributions per Year"". The table total is EUR 1,150,300,000. The 2023 and 2024 reports say no IIP contributions were collected in those years.",,2026-09-28,research:malta
o-db170a5149,MLT,mlt-iip,cbi_contributions,2015,calendar_year,106525000,,EUR,1,actual,mlt-orgcem-ar-2022,"PDF p. 68 (printed p. 68), Table 35","2015 €106,525,000","Table 35: ""Amounts collected by the MIIPA/CMA by way of IIP Contributions per Year"". The table total is EUR 1,150,300,000. The 2023 and 2024 reports say no IIP contributions were collected in those years.",,2026-09-28,research:malta
o-335999daf5,MLT,mlt-iip,cbi_contributions,2016,calendar_year,279925000,,EUR,1,actual,mlt-orgcem-ar-2022,"PDF p. 68 (printed p. 68), Table 35","2016 €279,925,000","Table 35: ""Amounts collected by the MIIPA/CMA by way of IIP Contributions per Year"". The table total is EUR 1,150,300,000. The 2023 and 2024 reports say no IIP contributions were collected in those years.",,2026-09-28,research:malta
o-4d033eeca9,MLT,mlt-iip,cbi_contributions,2017,calendar_year,194725000,,EUR,1,actual,mlt-orgcem-ar-2022,"PDF p. 68 (printed p. 68), Table 35","2017 €194,725,000","Table 35: ""Amounts collected by the MIIPA/CMA by way of IIP Contributions per Year"". The table total is EUR 1,150,300,000. The 2023 and 2024 reports say no IIP contributions were collected in those years.",,2026-09-28,research:malta
o-bb863ef884,MLT,mlt-iip,cbi_contributions,2018,calendar_year,156150000,,EUR,1,actual,mlt-orgcem-ar-2022,"PDF p. 68 (printed p. 68), Table 35","2018 €156,150,000","Table 35: ""Amounts collected by the MIIPA/CMA by way of IIP Contributions per Year"". The table total is EUR 1,150,300,000. The 2023 and 2024 reports say no IIP contributions were collected in those years.",,2026-09-28,research:malta
o-2961f8e85b,MLT,mlt-iip,cbi_contributions,2019,calendar_year,172800000,,EUR,1,actual,mlt-orgcem-ar-2022,"PDF p. 68 (printed p. 68), Table 35","2019 €172,800,000","Table 35: ""Amounts collected by the MIIPA/CMA by way of IIP Contributions per Year"". The table total is EUR 1,150,300,000. The 2023 and 2024 reports say no IIP contributions were collected in those years.",,2026-09-28,research:malta
o-0a483ce395,MLT,mlt-iip,cbi_contributions,2020,calendar_year,121825000,,EUR,1,actual,mlt-orgcem-ar-2022,"PDF p. 68 (printed p. 68), Table 35","2020 €121,825,000","Table 35: ""Amounts collected by the MIIPA/CMA by way of IIP Contributions per Year"". The table total is EUR 1,150,300,000. The 2023 and 2024 reports say no IIP contributions were collected in those years.",,2026-09-28,research:malta
o-4614f49a4b,MLT,mlt-mec,cbi_contributions,2021,calendar_year,2680000,,EUR,1,actual,mlt-orgcem-ar-2021,"PDF p. 49 (printed p. 49), section 3.1.2","as part payment of the non-refundable deposit paid by each Applicant at residency stage amounted to €2,680,000.",Deposits only; no application reached the citizenship stage in 2021.,,2026-09-28,research:malta
o-8e39fd63df,MLT,mlt-iip,cbi_contributions,2021,calendar_year,85400000,,EUR,1,actual,mlt-orgcem-ar-2022,"PDF p. 68 (printed p. 68), Table 35","2021 €85,400,000","Table 35: ""Amounts collected by the MIIPA/CMA by way of IIP Contributions per Year"". The table total is EUR 1,150,300,000. The 2023 and 2024 reports say no IIP contributions were collected in those years.",,2026-09-28,research:malta
o-ef7ecf2acf,MLT,mlt-iip,cbi_contributions,2022,calendar_year,19475000,,EUR,1,actual,mlt-orgcem-ar-2022,"PDF p. 68 (printed p. 68), Table 35","2022 €19,475,000","Table 35: ""Amounts collected by the MIIPA/CMA by way of IIP Contributions per Year"". The table total is EUR 1,150,300,000. The 2023 and 2024 reports say no IIP contributions were collected in those years.",,2026-09-28,research:malta
o-2a40184f4b,MLT,mlt-mec,cbi_contributions,2022,calendar_year,36310000,,EUR,1,actual,mlt-orgcem-ar-2022,"PDF p. 37, section 2.1.6","following the issue of the Letters of Approval, amounted to €36,310,000.",Non-refundable deposits plus investment contributions collected by the CMA.,,2026-09-28,research:malta
o-183470a067,MLT,mlt-mec,cbi_contributions,2023,calendar_year,80550000,,EUR,1,actual,mlt-orgcem-ar-2023,"PDF p. 38, section 2.1.6.1","following the issue of the Letters of Approval, amounted to €80,550,000.",Non-refundable deposits plus investment contributions collected by the CMA.,,2026-09-28,research:malta
o-702dd5b079,MLT,mlt-mec,cbi_contributions,2024,calendar_year,165800000,,EUR,1,actual,mlt-orgcem-ar-2024,"PDF p. 49, section 2.1.6.1","following the issue of the Letters of Approval, amounted to €165,800,000.",Non-refundable deposits plus investment contributions collected by the CMA.,,2026-09-28,research:malta
o-db9bcfcfc0,MLT,mlt-iip,cbi_contributions,FY2014/15,fiscal_year,59904100,,EUR,1,actual,mlt-orgcem-ar-2015,"PDF p. 18 (printed p. 10), para 58","Between 1 July 2014 and 30 June 2015 €59,904,100","""Total funds received from IIP applications by Identity Malta"". A further EUR 1,003,900 was received up to 30 June 2014.",,2026-09-28,research:malta
o-d677380c28,MLT,mlt-iip,cbi_contributions,FY2015/16,fiscal_year,166550000,,EUR,1,actual,mlt-orgcem-ar-2016,PDF p. 18 (printed p. 18),"the contributions collected by IMA amounted to €166,550,000.",,,2026-09-28,research:malta
o-0a3f0a6081,MLT,mlt-iip,cbi_contributions,FY2016/17,fiscal_year,290225000,,EUR,1,actual,mlt-orgcem-ar-2017,PDF p. 18 (printed p. 18),"the contributions collected by the IMA amounted to €290,225,000.",,,2026-09-28,research:malta
o-e49c67eb1e,MLT,mlt-iip,cbi_contributions,FY2017/18,fiscal_year,162375000,,EUR,1,actual,mlt-orgcem-ar-2018,PDF p. 20 (printed p. 20),"the contributions collected by the MIIPA amounted to €162,375,000.",,,2026-09-28,research:malta
o-a07cc47adf,MLT,mlt-iip,cbi_contributions,FY2018/19,fiscal_year,162725000,,EUR,1,actual,mlt-orgcem-ar-2019,PDF p. 22 (printed p. 22),"the contributions collected by the MIIPA amounted to €162,725,000.",,,2026-09-28,research:malta
o-aeca445c04,MLT,mlt-iip,cbi_contributions_pct_gdp,FY2015/16,fiscal_year,1.81,,percent_of_gdp,1,estimate,mlt-orgcem-ar-2016,PDF p. 18 (printed p. 18),"This equates to approximately 1.81% of the GDP relative to the same period (estimated at €9,196,500,000).","The Regulator's own calculation, using an estimated GDP.",,2026-09-28,research:malta
o-7337f51c45,MLT,mlt-iip,cbi_contributions_pct_gdp,FY2016/17,fiscal_year,2.74,,percent_of_gdp,1,estimate,mlt-orgcem-ar-2017,PDF p. 18 (printed p. 18),"This equates to approximately 2.74% of the GDP relative to the same period (estimated at €10,584,600,000).",,,2026-09-28,research:malta
o-5e4ef6a404,MLT,mlt-iip,cbi_fiscal_revenue,2014-2024,cumulative,402823876,,EUR,1,actual,mlt-orgcem-ar-2024,PDF p. 84 (printed p. 84),"€402,823,876 to the Consolidated Fund;",Consolidated Fund share of IIP contributions since launch to 31 Dec 2024.,,2026-09-28,research:malta
o-f0cfc24195,MLT,mlt-mec,cbi_fiscal_revenue,2022,calendar_year,8568000,,EUR,1,actual,mlt-orgcem-ar-2022,PDF p. 38,"€8,568,000 to the Consolidated Fund",Consolidated Fund share of GCES distributions. The Community Malta Agency also received a share.,,2026-09-28,research:malta
o-e602a7cc5e,MLT,mlt-mec,cbi_fiscal_revenue,2023,calendar_year,19023000,,EUR,1,actual,mlt-orgcem-ar-2023,PDF p. 39,"€19,023,000 to the Consolidated Fund",Consolidated Fund share of GCES distributions. The Community Malta Agency also received a share.,,2026-09-28,research:malta
o-21ec3ea7ed,MLT,mlt-mec,cbi_fiscal_revenue,2024,calendar_year,39168000,,EUR,1,actual,mlt-orgcem-ar-2024,PDF p. 50,"€39,168,000 to the Consolidated Fund",Consolidated Fund share of GCES distributions. The Community Malta Agency also received a share.,,2026-09-28,research:malta
o-6d1b2f992c,MLT,mlt-iip,cbi_fiscal_revenue,FY2015/16,fiscal_year,19971900,,EUR,1,actual,mlt-orgcem-ar-2016,PDF p. 19 (printed p. 19),"€19,971,900, the Consolidated Fund;","Consolidated Fund share only. The NDSF share goes to a separate government fund, and Identity Malta and Henley & Partners also received shares.",,2026-09-28,research:malta
o-d8853f4d44,MLT,mlt-iip,cbi_fiscal_revenue,FY2016/17,fiscal_year,83306249,,EUR,1,actual,mlt-orgcem-ar-2017,PDF p. 18 (printed p. 18),"€83,306,249 the Consolidated Fund;",Consolidated Fund share only.,,2026-09-28,research:malta
o-6b9fa3fd8b,MLT,mlt-iip,cbi_fiscal_revenue,FY2017/18,fiscal_year,68000445,,EUR,1,actual,mlt-orgcem-ar-2018,PDF p. 21 (printed p. 21),"€68,000,445 the Consolidated Fund;",Consolidated Fund share only.,,2026-09-28,research:malta
o-274c97fb35,MLT,mlt-iip,cbi_fiscal_revenue,FY2018/19,fiscal_year,45519300,,EUR,1,actual,mlt-orgcem-ar-2019,PDF p. 22 (printed p. 22),"€45,519,300 the Consolidated Fund;",Consolidated Fund share only.,,2026-09-28,research:malta
o-d4abdec018,MLT,mlt-iip,cbi_inflows,2014-2018,cumulative,850,,EUR,million,claim,mlt-occrp-daphne-2018,paragraph 1,bringing in an estimated €850 million since January 2014,"Unsourced journalistic estimate, as of April 2018. Its scope (contributions only, or with property and investments) is not stated. Official contributions collected to 30 June 2018 were EUR 672,025,000 (mlt-orgcem-ar-2018, PDF p. 21).",,2026-09-28,research:malta
o-cf647f0504,MLT,,cbi_inflows,2014-2025,cumulative,1.4,,EUR,billion,claim,mlt-amphora-2025-factcheck,"section ""The claim""",A government press release cited the €1.4 billion figure,"Government claim (PM Robert Abela and a government press release, May 2025), reported by Amphora Media. What it covers is not stated. The Regulator's tables add up to about EUR 1.15bn of IIP contributions plus EUR 285m of 2020-scheme contributions (2021-2024), before property and investments.",,2026-09-28,research:malta
o-46f330aede,MLT,mlt-mec,cbi_inflows,2022,calendar_year,47712943,,EUR,1,actual,mlt-orgcem-ar-2022,PDF p. 37,"Total €47,712,943",Contributions plus property purchases plus property leases (one year of average rent per lease). Excludes due diligence and administrative fees.,,2026-09-28,research:malta
o-1bf8303e4c,MLT,mlt-mec,cbi_inflows,2023,calendar_year,91164228,,EUR,1,actual,mlt-orgcem-ar-2023,"PDF p. 39, Table 5","Total 2023 €91,164,228",Contributions plus property purchases plus property leases (one year of average rent per lease). Excludes due diligence and administrative fees.,,2026-09-28,research:malta
o-a4775cebe0,MLT,mlt-mec,cbi_inflows,2024,calendar_year,178328228,,EUR,1,actual,mlt-orgcem-ar-2024,"PDF p. 49, Table 8","Total 2024 €178,328,228",Contributions plus property purchases plus property leases (one year of average rent per lease). Excludes due diligence and administrative fees.,,2026-09-28,research:malta
o-748aeda1d0,MLT,mlt-iip,cbi_inflows,FY2015/16,fiscal_year,218672980,,EUR,1,actual,mlt-orgcem-ar-2016,PDF p. 18 (printed p. 18),"Taking all inputs from the IIP related to property purchases and rent, investments and contributions ... the sum total (€218,672,980)","Contributions plus property purchases, rent and government-stock investments. Rent is counted as the value of the lease.",,2026-09-28,research:malta
o-8fd7df940d,MLT,mlt-iip,cbi_inflows,FY2016/17,fiscal_year,394106676.68,,EUR,1,actual,mlt-orgcem-ar-2017,PDF p. 18 (printed p. 18),"the sum total (€394,106,676.68) would equate to approximately 3.72% of the GDP","Contributions plus property purchases, rent and investments.",,2026-09-28,research:malta
o-c9ca55c53d,MLT,mlt-iip,cbi_inflows,FY2017/18,fiscal_year,246088758,,EUR,1,actual,mlt-orgcem-ar-2018,PDF p. 21 (printed p. 21),"the sum total (€246,088,758) would equate to approximately 2.09% of the GDP",,,2026-09-28,research:malta
o-ec9da65fe4,MLT,mlt-iip,cbi_inflows,FY2018/19,fiscal_year,271603364.87,,EUR,1,actual,mlt-orgcem-ar-2019,PDF p. 22 (printed p. 22),"the sum total (€271,603,364.87) would equate to approximately 2.11% of the GDP",,,2026-09-28,research:malta
o-470a48141c,MLT,mlt-iip,cbi_inflows_pct_gdp,2015-2017,average,1,,percent_of_gdp,1,reported,mlt-imf-art4-2019,"PDF p. 45 (printed p. 40), Annex para 3","The authorities estimate that annual IIP export receipts amounted to roughly 1 percent of GDP over 2015–2017, on average.","Maltese authorities' estimate, as reported by IMF staff. IIP receipts are recorded as exports of services in the national accounts.",,2026-09-28,research:malta
o-a9cb0b4c29,MLT,mlt-iip,cbi_to_development_fund,2014-2020,cumulative,601150849,,EUR,1,actual,mlt-orgcem-ar-2020,PDF p. 49 (printed p. 49),"€601,150,849 the National Development and Social Fund;","Distributed by the agency since launch to 31 Dec 2020. The NDSF's own accounts give EUR 599,375,449 received to the same date (mlt-ndsf-ar-2020).",,2026-09-28,research:malta
o-22d0798061,MLT,mlt-iip,cbi_to_development_fund,2014-2024,cumulative,620001124,,EUR,1,actual,mlt-orgcem-ar-2024,PDF p. 84 (printed p. 84),"€620,001,124 to the National Development and Social Fund;","IIP distributions since launch to 31 Dec 2024. The same report gives EUR 402,823,876 to the Consolidated Fund, EUR 67,759,500 to the agencies and EUR 56,068,500 to Henley & Partners.",,2026-09-28,research:malta
o-7f847567f8,MLT,mlt-iip,cbi_to_development_fund,2015-2020,cumulative,599375449,,EUR,1,actual,mlt-ndsf-ar-2020,PDF p. 27,"Total funding received from the Individual Investor Programme from inception to 31 December 2020 amounted to €599,375,449","Recipient-side. The Regulator reports EUR 601,150,849 distributed to the NDSF to the same date (mlt-orgcem-ar-2020, PDF p. 49). The same NDSF report says EUR 599.8 million on PDF p. 12.",,2026-09-28,research:malta
o-9b5a8fc62c,MLT,,cbi_to_development_fund,2015-2025,cumulative,836506572,,EUR,1,actual,mlt-ndsf-ar-2025,"PDF p. 19, Table 4","Total funds received from inception to date 786,139,822 836,506,572","All programmes (IIP, 2020 scheme, Residency Malta) to 31 Dec 2025; 2024 cumulative 786,139,822.",,2026-09-28,research:malta
o-4562dd89c2,MLT,mlt-iip,cbi_to_development_fund,2016,calendar_year,163.6,,EUR,million,actual,mlt-ndsf-ar-2020,"PDF p. 12, section 3(i)",2016: €163.6 million,"Recipient-side figure (NDSF financial year = calendar year). The Regulator's reports give distributions on a July-June basis up to 2019, so they are not directly comparable.",,2026-09-28,research:malta
o-f451ab3e0b,MLT,mlt-iip,cbi_to_development_fund,2017,calendar_year,201.9,,EUR,million,actual,mlt-ndsf-ar-2020,"PDF p. 12, section 3(i)",2017: €201.9 million,"Recipient-side figure (NDSF financial year = calendar year). The Regulator's reports give distributions on a July-June basis up to 2019, so they are not directly comparable.",,2026-09-28,research:malta
o-2914573d26,MLT,mlt-iip,cbi_to_development_fund,2018,calendar_year,100.6,,EUR,million,actual,mlt-ndsf-ar-2020,"PDF p. 12, section 3(i)",2018: €100.6 million,"Recipient-side figure (NDSF financial year = calendar year). The Regulator's reports give distributions on a July-June basis up to 2019, so they are not directly comparable.",,2026-09-28,research:malta
o-9480e23c85,MLT,mlt-iip,cbi_to_development_fund,2019,calendar_year,105.9,,EUR,million,actual,mlt-ndsf-ar-2020,"PDF p. 12, section 3(i)",2019: €105.9 million,"Recipient-side figure (NDSF financial year = calendar year). The Regulator's reports give distributions on a July-June basis up to 2019, so they are not directly comparable.",,2026-09-28,research:malta
o-7c16339e57,MLT,mlt-iip,cbi_to_development_fund,2020,calendar_year,27.8,,EUR,million,actual,mlt-ndsf-ar-2020,"PDF p. 12, section 3(i)","During FY2020, NDSF received €27.8 million from the Malta Individual Investor Programme Agency (MIIPA)/Community Malta Agency","Recipient-side figure (NDSF financial year = calendar year). The Regulator's reports give distributions on a July-June basis up to 2019, so they are not directly comparable.",,2026-09-28,research:malta
o-ff5ab40929,MLT,mlt-mec,cbi_to_development_fund,2022,calendar_year,19992000,,EUR,1,actual,mlt-orgcem-ar-2022,PDF p. 38,"€19,992,000 to the National Development and Social Fund",GCES funds distributed in the year.,,2026-09-28,research:malta
o-c0b9944346,MLT,mlt-mec,cbi_to_development_fund,2023,calendar_year,44387000,,EUR,1,actual,mlt-orgcem-ar-2023,PDF p. 39,"€44,387,000 to the National Development and Social Fund",GCES funds distributed in the year.,,2026-09-28,research:malta
o-406863c9c4,MLT,mlt-mec,cbi_to_development_fund,2024,calendar_year,93577700,,EUR,1,actual,mlt-ndsf-ar-2025,"PDF p. 19, Table 4","Funding for the year received from the Individual Investor Programme, Community Malta and Residency Malta Agency 93,577,700 50,366,750","2024 column. Covers all three agencies; p. 9 says EUR 93.6m from Community Malta and EUR 0.10m from Residency Malta in 2024. The Regulator reports EUR 91,392,000 of GCES money distributed to the NDSF in 2024 (mlt-orgcem-ar-2024).",,2026-09-28,research:malta
o-7d17947da8,MLT,mlt-mec,cbi_to_development_fund,2024,calendar_year,91392000,,EUR,1,actual,mlt-orgcem-ar-2024,PDF p. 50,"€91,392,000 to the National Development and Social Fund",GCES funds distributed in the year.,,2026-09-28,research:malta
o-bdb6fe9a8c,MLT,mlt-mec,cbi_to_development_fund,2025,calendar_year,50366750,,EUR,1,actual,mlt-ndsf-ar-2025,"PDF p. 19, Table 4","Funding for the year received from the Individual Investor Programme, Community Malta and Residency Malta Agency 93,577,700 50,366,750","2025 column. p. 9: ""During 2025, NDSF received €50.4 million (2024: €93.6 million) from Community Malta"". The money kept arriving after the April 2025 judgment, presumably from pending applications.",,2026-09-28,research:malta
o-e66a008497,MLT,mlt-iip,cbi_to_development_fund,FY2015/16,fiscal_year,46604100,,EUR,1,actual,mlt-orgcem-ar-2016,PDF p. 19 (printed p. 19),"€46,604,100, the National Development and Social Fund;",Funds distributed 1 Jul 2015-30 Jun 2016.,,2026-09-28,research:malta
o-d88f04f44f,MLT,mlt-iip,cbi_to_development_fund,FY2016/17,fiscal_year,194381249,,EUR,1,actual,mlt-orgcem-ar-2017,PDF p. 18 (printed p. 18),"€194,381,249 the National Development and Social Fund;",,,2026-09-28,research:malta
o-5cdf8f172e,MLT,mlt-iip,cbi_to_development_fund,FY2017/18,fiscal_year,159075550,,EUR,1,actual,mlt-orgcem-ar-2018,PDF p. 21 (printed p. 21),"€159,075,550 the National Development and Social Fund;",,,2026-09-28,research:malta
o-57752dc0f9,MLT,mlt-iip,cbi_to_development_fund,FY2018/19,fiscal_year,106201700,,EUR,1,actual,mlt-orgcem-ar-2019,PDF p. 22 (printed p. 22),"€106,201,700 the National Development and Social Fund;",,,2026-09-28,research:malta
o-a25c0c6c1f,MLT,mlt-mec,eligibility_approved,2022,calendar_year,70,,applications,1,actual,mlt-orgcem-ar-2022,PDF p. 30,"applications for which the due diligence has been positively concluded in 2022, amounted to 70.",First stage of the two-stage process: allowed to proceed to the citizenship application.,,2026-09-28,research:malta
o-38679ec933,MLT,mlt-mec,eligibility_approved,2023,calendar_year,141,,applications,1,actual,mlt-orgcem-ar-2023,"PDF p. 29, section 2.1.2.1","applications for which the due diligence has been positively concluded in 2023, amounted to 141.",First stage of the two-stage process: allowed to proceed to the citizenship application.,,2026-09-28,research:malta
o-e2a0e73a1e,MLT,mlt-mec,eligibility_approved,2024,calendar_year,164,,applications,1,actual,mlt-orgcem-ar-2024,"PDF p. 38, section 2.1.2.1","applications for which the due diligence has been positively concluded in 2024, amounted to 164.",First stage of the two-stage process: allowed to proceed to the citizenship application.,,2026-09-28,research:malta
o-625b498078,MLT,mlt-iip,fiscal_balance_excl_cbi_pct_gdp,2016,calendar_year,-0.7,,percent_of_gdp,1,actual,mlt-imf-art4-2019,"PDF p. 34 (printed p. 29), Table 2",Overall balance excl. IIP proceeds -0.7 1.3 -0.7 -0.6 -0.4 -0.2 -0.1 0.1 0.3,2016 column. The overall balance for 2016 is 0.9 in the same table.,,2026-09-28,research:malta
o-f84e34359c,MLT,mlt-iip,fiscal_balance_excl_cbi_pct_gdp,2017,calendar_year,1.3,,percent_of_gdp,1,actual,mlt-imf-art4-2019,"PDF p. 10 (printed p. 5), para 5","Even excluding the large proceeds from the Individual Investor Program (IIP), the surplus reached 1.3 percent of GDP",The overall 2017 surplus was 3.5 percent of GDP (same paragraph).,,2026-09-28,research:malta
o-6848622660,MLT,mlt-iip,fiscal_balance_excl_cbi_pct_gdp,2018,calendar_year,-0.7,,percent_of_gdp,1,estimate,mlt-imf-art4-2019,"PDF p. 34 (printed p. 29), Table 2",Overall balance excl. IIP proceeds -0.7 1.3 -0.7 -0.6 -0.4 -0.2 -0.1 0.1 0.3,2018 column (Est.). The overall balance for 2018 is 0.9 in the same table. 2016 column: -0.7.,,2026-09-28,research:malta
o-7e7eb2cb1e,MLT,mlt-iip,main_applicants_approved,2014-2024,cumulative,1555,,persons,1,actual,mlt-orgcem-ar-2024,PDF p. 74-75,"1,555 IIP Main Applicants had their application successfully concluded","Up to 31 Dec 2024. Cap was 1,800.",,2026-09-28,research:malta
o-153cb9b778,MLT,mlt-iip,main_applicants_approved,2015,calendar_year,108,,persons,1,actual,mlt-orgcem-ar-2024,"PDF p. 74 (printed p. 74), Table 16",2015 108,"Table 16: ""Number of Naturalized Main Applicants per Year"" (IIP). The total is 1,555 (86% of the 1,800 cap).",,2026-09-28,research:malta
o-27f1767542,MLT,mlt-iip,main_applicants_approved,2016,calendar_year,254,,persons,1,actual,mlt-orgcem-ar-2024,"PDF p. 74 (printed p. 74), Table 16",2016 254,"Table 16: ""Number of Naturalized Main Applicants per Year"" (IIP). The total is 1,555 (86% of the 1,800 cap).",,2026-09-28,research:malta
o-b3b1525c6d,MLT,mlt-iip,main_applicants_approved,2017,calendar_year,369,,persons,1,actual,mlt-orgcem-ar-2024,"PDF p. 74 (printed p. 74), Table 16",2017 369,"Table 16: ""Number of Naturalized Main Applicants per Year"" (IIP). The total is 1,555 (86% of the 1,800 cap).",,2026-09-28,research:malta
o-cc7f8634a9,MLT,mlt-iip,main_applicants_approved,2018,calendar_year,223,,persons,1,actual,mlt-orgcem-ar-2024,"PDF p. 74 (printed p. 74), Table 16",2018 223,"Table 16: ""Number of Naturalized Main Applicants per Year"" (IIP). The total is 1,555 (86% of the 1,800 cap).",,2026-09-28,research:malta
o-a73a01c25c,MLT,mlt-iip,main_applicants_approved,2019,calendar_year,204,,persons,1,actual,mlt-orgcem-ar-2024,"PDF p. 74 (printed p. 74), Table 16",2019 204,"Table 16: ""Number of Naturalized Main Applicants per Year"" (IIP). The total is 1,555 (86% of the 1,800 cap).",,2026-09-28,research:malta
o-471b74ead0,MLT,mlt-iip,main_applicants_approved,2020,calendar_year,134,,persons,1,actual,mlt-orgcem-ar-2024,"PDF p. 74 (printed p. 74), Table 16",2020 134,"Table 16: ""Number of Naturalized Main Applicants per Year"" (IIP). The total is 1,555 (86% of the 1,800 cap).",,2026-09-28,research:malta
o-403efaacd2,MLT,mlt-iip,main_applicants_approved,2021,calendar_year,160,,persons,1,actual,mlt-orgcem-ar-2024,"PDF p. 74 (printed p. 74), Table 16",2021 160,"Table 16: ""Number of Naturalized Main Applicants per Year"" (IIP). The total is 1,555 (86% of the 1,800 cap).",,2026-09-28,research:malta
o-6305367f9d,MLT,mlt-iip,main_applicants_approved,2022,calendar_year,80,,persons,1,actual,mlt-orgcem-ar-2024,"PDF p. 74 (printed p. 74), Table 16",2022 80,"Table 16: ""Number of Naturalized Main Applicants per Year"" (IIP). The total is 1,555 (86% of the 1,800 cap).",,2026-09-28,research:malta
o-c43f5e4c7b,MLT,mlt-mec,main_applicants_approved,2022,calendar_year,15,,persons,1,actual,mlt-orgcem-ar-2024,"PDF p. 42 (printed p. 42), Table 3",2022 15 34 49,"Table 3: ""Naturalized Main Applicants and Dependants per Year"" (main applicants, dependants, total).",,2026-09-28,research:malta
o-26847c3c39,MLT,mlt-iip,main_applicants_approved,2023,calendar_year,17,,persons,1,actual,mlt-orgcem-ar-2024,"PDF p. 74 (printed p. 74), Table 16",2023 17,"Table 16: ""Number of Naturalized Main Applicants per Year"" (IIP). The total is 1,555 (86% of the 1,800 cap).",,2026-09-28,research:malta
o-8811ad5249,MLT,mlt-mec,main_applicants_approved,2023,calendar_year,87,,persons,1,actual,mlt-orgcem-ar-2024,"PDF p. 42 (printed p. 42), Table 3",2023 87 172 259,"Table 3: ""Naturalized Main Applicants and Dependants per Year"" (main applicants, dependants, total).",,2026-09-28,research:malta
o-c8ec6b063b,MLT,mlt-iip,main_applicants_approved,2024,calendar_year,6,,persons,1,actual,mlt-orgcem-ar-2024,"PDF p. 74 (printed p. 74), Table 16",2024 6,"Table 16: ""Number of Naturalized Main Applicants per Year"" (IIP). The total is 1,555 (86% of the 1,800 cap).",,2026-09-28,research:malta
o-8194624ed8,MLT,mlt-mec,main_applicants_approved,2024,calendar_year,173,,persons,1,actual,mlt-orgcem-ar-2024,"PDF p. 42 (printed p. 42), Table 3",2024 173 348 521,"Table 3: ""Naturalized Main Applicants and Dependants per Year"" (main applicants, dependants, total).",,2026-09-28,research:malta
o-5c37eb542a,MLT,mlt-iip,main_applicants_approved,FY2014/15,fiscal_year,44,,persons,1,actual,mlt-orgcem-ar-2015,"PDF p. 17 (printed p. 9), para 49","On the basis of the 44 main applicants, this constitutes 2.4% of the pre-established target (1800 main applicants).",Main applicants naturalised. The 2016 report refers to 43 for the previous year (PDF p. 13).,,2026-09-28,research:malta
o-d2841cf6a8,MLT,mlt-iip,main_applicants_approved,FY2015/16,fiscal_year,134,,persons,1,actual,mlt-orgcem-ar-2016,PDF p. 13 (printed p. 13),"Between July 2015 and June 2016, 134 applications had reached the final stage (i.e. when naturalisations occurred).",The 2017 report (PDF p. 13) and 2018 report (PDF p. 16) put the same period at 137.,,2026-09-28,research:malta
o-8bb60063ef,MLT,mlt-iip,main_applicants_approved,FY2016/17,fiscal_year,386,,persons,1,actual,mlt-orgcem-ar-2017,PDF p. 13 (printed p. 13),During the period in question 386 applications had reached the final stage (i.e. when the naturalisation process was completed).,,,2026-09-28,research:malta
o-0143be1d34,MLT,mlt-iip,persons_naturalised,2014-2024,cumulative,5323,,persons,1,actual,mlt-orgcem-ar-2024,"PDF p. 75 (printed p. 75), section 4.4.1","The 1,555 Main Applicants ... carried along with them another 3,768 dependants (as shown in Table 17), bringing the grand total of naturalized IIP applicants to 5,323.",Up to 31 Dec 2024.,,2026-09-28,research:malta
o-108f6460fd,MLT,mlt-mec,persons_naturalised,2022,calendar_year,49,,persons,1,actual,mlt-orgcem-ar-2024,"PDF p. 42 (printed p. 42), Table 3",2022 15 34 49,Table 3 total column (main applicants plus dependants). The 2020-2024 total is 829.,,2026-09-28,research:malta
o-861d327da6,MLT,mlt-mec,persons_naturalised,2023,calendar_year,259,,persons,1,actual,mlt-orgcem-ar-2024,"PDF p. 42 (printed p. 42), Table 3",2023 87 172 259,Table 3 total column (main applicants plus dependants). The 2020-2024 total is 829.,,2026-09-28,research:malta
o-4aec26c8bd,MLT,mlt-mec,persons_naturalised,2024,calendar_year,521,,persons,1,actual,mlt-orgcem-ar-2024,"PDF p. 42 (printed p. 42), Table 3",2024 173 348 521,Table 3 total column (main applicants plus dependants). The 2020-2024 total is 829.,,2026-09-28,research:malta
o-52657aa521,MLT,mlt-iip,persons_naturalised,FY2014/15,fiscal_year,137,,persons,1,actual,mlt-orgcem-ar-2015,"PDF p. 17 (printed p. 9), para 49",The first naturalisations occurred during the period under review. These amounted to 137 individuals.,"The breakdown in paras 49-54 (44 main applicants, 32 spouses, 48 minors, 15 adult dependants) adds up to 139, not 137.",,2026-09-28,research:malta
o-6d6b4c7b3f,MLT,mlt-iip,persons_naturalised,FY2015/16,fiscal_year,477,,persons,1,actual,mlt-orgcem-ar-2016,PDF p. 13 (printed p. 13),The 134 applications included a total of 477 persons.,,,2026-09-28,research:malta
o-1174670d74,MLT,mlt-iip,persons_naturalised,FY2016/17,fiscal_year,1409,,persons,1,actual,mlt-orgcem-ar-2017,PDF p. 14 (printed p. 14),The 386 applications included a total of 1409 persons.,,,2026-09-28,research:malta
o-92eeac30c2,MLT,mlt-iip,persons_naturalised,FY2017/18,fiscal_year,914,,persons,1,actual,mlt-orgcem-ar-2018,PDF p. 16 (printed p. 16),The 266 applications included a total of 914 persons.,"266 main applicants. The report gives 330 applications received, 223 approved and 75 not approved (PDF pp. 11, 14).",,2026-09-28,research:malta
o-cf66fd3922,MLT,mlt-iip,persons_naturalised,FY2018/19,fiscal_year,768,,persons,1,actual,mlt-orgcem-ar-2019,PDF p. 17 (printed p. 17),The 221 applications included a total of 768 persons.,"221 main applicants. The report gives 311 applications received, 237 approved and 115 not approved (PDF pp. 11, 14, 15).",,2026-09-28,research:malta
o-7385c95f2d,MNE,mne-cbi,persons_naturalised,2024,calendar_year,1282,,persons,1,reported,intl-ec-com-2025-792,"p. 7 (printed), PDF p. 8","In 2024, the Ministry of Interior issued 1,282 decisions granting Montenegrin citizenship to applicants and their family members.",Decisions under the investor citizenship scheme closed on 31 Dec 2022 (processing of pending applications); includes family members.,,2026-09-28,research:context-timeline
o-cee4ae4d11,TUR,tur-cbi,applications_pending,2019-07,as_of_date,1700,,applications,1,reported,tur-mee-2019-07-11,body text,"Another 1,700 applications are pending as of July",Interior Ministry data per MEE.,,2026-09-28,research:turkey
o-d2b9de2176,TUR,tur-cbi,applications_received,2017-2018,cumulative,250,,applications,1,reported,tur-aa-2019-01-02,article text,Turkey has received over 250 applications for citizenship through investment worth nearly $100 million as of the end of 2018,'Over 250'; the value is a lower bound. Official source not named in the article.,,2026-09-28,research:turkey
o-37b16b4311,TUR,tur-cbi,cbi_inflows,2018-09/2019-07,cumulative,1,,USD,billion,reported,tur-mee-2019-07-11,body text,More than $1bn was brought into Turkey through cash deposits or property purchases.,'More than'; lower bound. Scale billion.,,2026-09-28,research:turkey
o-e6ebe0c7df,TUR,tur-cbi,cbi_inflows,2022-05-10,as_of_date,7530,,USD,million,reported,tur-aa-2022-05-10,body text,Bu yabancı yatırımcılardan elde edilen gelirin 7 milyar 530 milyon dolar olduğunu,"Soylu: 'the income obtained from these foreign investors is 7 billion 530 million dollars'; he adds investments were not only real estate but also business. Cumulative, definition unclear. Value in millions.",,2026-09-28,research:turkey
o-f2bd2ade17,TUR,tur-cbi,cbi_inflows,2026-05-29,as_of_date,16074,,USD,million,reported,tur-kronos-2026-08-08,same section,Bu süreçte 16 milyar 74 milyon dolarlık yatırım ülkemize kazandırılmıştır,"Cumulative investment attributed to CBI since 2018, all routes, as stated by Minister Çiftçi ('16 billion 74 million dollars of investment was brought to our country'). Definition of 'investment' not given (gross purchase values; not net inflows). Value given in millions.",,2026-09-28,research:turkey
o-eee327a8ca,TUR,tur-cbi,children_naturalised,2024-11-20,as_of_date,77871,,persons,1,provisional,tur-tbmm-pbk-2024-11-20,p. 99,"159.433 yabancı yatırım yaparak, istisnai olarak Türk vatandaşlığını kazanmıştır ama bunların 46.163’ü yatırımcı; onların 35.399’u eş, 77.871’i çocuk.","Cumulative. Translation: '159,433 foreigners have acquired Turkish citizenship exceptionally by investing, but of these 46,163 are investors; 35,399 their spouses, 77,871 children.' Minister Ali Yerlikaya's oral statement in the Plan and Budget Committee; no start or cut-off date given (program began 2017).",,2026-09-28,research:turkey
o-451755c452,TUR,tur-cbi,citizenships_revoked,2025-09-24/2025-11-17,cumulative,451,,persons,1,provisional,tur-tbmm-pbk-2025-11-17,p. 88,451 yabancının Türk vatandaşlığını geri aldık.,"Minister Yerlikaya on the 24/9/2025 operation (19 provinces, 117 suspects, 49 arrested): 'we took back the Turkish citizenship of 451 foreigners'. The prosecution reportedly counted 1,198 citizenships including families (see tur-tbmm-bakan-q-2025-09), so 451 may be investors only. Unclear whether these are included in the Ministry's 6,134.",,2026-09-28,research:turkey
o-1b0b98f8b5,TUR,tur-cbi,citizenships_revoked,2026-02-11/2026-08-04,cumulative,1358,,persons,1,reported,tur-hurriyet-2026-08-04,quoted Ministry statement,11 Şubat 2026 tarihinden itibaren ise yatırım uygunluk belgesi iptal edilen 443 yatırımcı ile aile fertleri olmak üzere toplamda 1358 kişinin Türk vatandaşlığı iptal edilmiş,"Subset since 11 Feb 2026: 443 investors plus family, 1,358 persons annulled; plus 7 persons withdrawn on security grounds.",,2026-09-28,research:turkey
o-1aee36fccc,TUR,tur-cbi,citizenships_revoked,2026-02-11/2026-09-21,cumulative,1393,,persons,1,reported,tur-hurriyet-2026-09-21,article text,11 Şubat 2026'dan itibaren ise yatırım uygunluk belgesi iptal edilen 458 yatırımcı ve aile fertleri olmak üzere toplam 1393 kişinin vatandaşlığının iptal edildiği,"Since 11 Feb 2026: 458 investors plus family, 1,393 persons; plus 7 withdrawn on security grounds.",,2026-09-28,research:turkey
o-131eb3ec81,TUR,tur-cbi,citizenships_revoked,2026-08-04,as_of_date,6134,,persons,1,reported,tur-hurriyet-2026-08-04,quoted Ministry statement,toplamda 1413 yatırımcı ve aile fertleri ile birlikte 6 bin 134 kişinin vatandaşlık kazanma kararı 5901 sayılı Kanunun 31'inci ve 40'ıncı maddeleri uyarınca iptal edilmiş ya da geri alınmıştır,"Interior Ministry statement, 4 Aug 2026: 6,134 persons (1,413 investors plus family) had CBI citizenship decisions annulled (5,391 persons; 1,150 investors whose investment certificates were cancelled after fake/irregular valuation reports) or withdrawn on public-order/national-security grounds (743 persons; 263 investors). Cumulative; start date not stated.",,2026-09-28,research:turkey
o-02c40e9029,TUR,tur-cbi,citizenships_revoked,2026-09-21,as_of_date,6134,,persons,1,reported,tur-hurriyet-2026-09-21,quoted Ministry statement,Aile fertleriyle birlikte toplam 5 bin 391 kişinin vatandaşlık kararı iptal edilmiştir. ... Böylelikle toplam 1413 yatırımcı ve aile fertleriyle birlikte 6 bin 134 kişinin vatandaşlık kazanma kararı iptal edilmiş veya geri alınmıştır.,"Interior Ministry statement, 21 Sep 2026. The cumulative total (6,134) is unchanged from 4 Aug 2026 although the since-11-Feb subset rose from 1,358 to 1,393; the Ministry did not explain this.",,2026-09-28,research:turkey
o-a63c1d8a0c,TUR,tur-cbi,dependants_naturalised,2026-05-29,as_of_date,122805,,persons,1,reported,tur-kronos-2026-08-08,same section,"Bugüne kadar 51 bin 762 yatırımcı, 122 bin 805 aile bireyi olmak üzere toplam 174 bin 567 kişi bu kapsamda Türk vatandaşlığı kazanmıştır.","Cumulative family members. Translation: 'To date a total of 174,567 people, 51,762 investors and 122,805 family members, have acquired Turkish citizenship under this scheme.' Interior Minister Mustafa Çiftçi, 29 May 2026, quoted by Kronos from his answers to journalist Kemal Öztürk; Çiftçi says first naturalisations took place from 2018.",,2026-09-28,research:turkey
o-8a66fe3da9,TUR,tur-cbi,house_sales_foreigners,2013,calendar_year,12181,,dwellings,1,actual,tur-tuik-foreign-house-sales,"sheet t3, row 4",2013 | Toplam 1157190 | Yabancılara yapılan satışlar 12181 | Pay 1.1,"PROXY, not a CBI number: all dwellings sold to foreigners (TKGM land-registry data via TurkStat). Share of all house sales: 1.1%. Before the CBI program (launched Jan 2017).",,2026-09-28,research:turkey
o-dc28673089,TUR,tur-cbi,house_sales_foreigners,2014,calendar_year,18959,,dwellings,1,actual,tur-tuik-foreign-house-sales,"sheet t3, row 5",2014 | Toplam 1165381 | Yabancılara yapılan satışlar 18959 | Pay 1.6,"PROXY, not a CBI number: all dwellings sold to foreigners (TKGM land-registry data via TurkStat). Share of all house sales: 1.6%. Before the CBI program (launched Jan 2017).",,2026-09-28,research:turkey
o-aaabc640a5,TUR,tur-cbi,house_sales_foreigners,2015,calendar_year,22830,,dwellings,1,actual,tur-tuik-foreign-house-sales,"sheet t3, row 6",2015 | Toplam 1289320 | Yabancılara yapılan satışlar 22830 | Pay 1.8,"PROXY, not a CBI number: all dwellings sold to foreigners (TKGM land-registry data via TurkStat). Share of all house sales: 1.8%. Before the CBI program (launched Jan 2017).",,2026-09-28,research:turkey
o-282871ee1b,TUR,tur-cbi,house_sales_foreigners,2016,calendar_year,18189,,dwellings,1,actual,tur-tuik-foreign-house-sales,"sheet t3, row 7",2016 | Toplam 1341453 | Yabancılara yapılan satışlar 18189 | Pay 1.4,"PROXY, not a CBI number: all dwellings sold to foreigners (TKGM land-registry data via TurkStat). Share of all house sales: 1.4%. Before the CBI program (launched Jan 2017).",,2026-09-28,research:turkey
o-2ccfb6213c,TUR,tur-cbi,house_sales_foreigners,2017,calendar_year,22234,,dwellings,1,actual,tur-tuik-foreign-house-sales,"sheet t3, row 8",2017 | Toplam 1409314 | Yabancılara yapılan satışlar 22234 | Pay 1.6,"PROXY, not a CBI number: all dwellings sold to foreigners (TKGM land-registry data via TurkStat). Share of all house sales: 1.6%. ",,2026-09-28,research:turkey
o-cfbbf55469,TUR,tur-cbi,house_sales_foreigners,2018,calendar_year,39663,,dwellings,1,actual,tur-tuik-foreign-house-sales,"sheet t3, row 9",2018 | Toplam 1375398 | Yabancılara yapılan satışlar 39663 | Pay 2.9,"PROXY, not a CBI number: all dwellings sold to foreigners (TKGM land-registry data via TurkStat). Share of all house sales: 2.9%. ",,2026-09-28,research:turkey
o-c2eca88307,TUR,tur-cbi,house_sales_foreigners,2019,calendar_year,45483,,dwellings,1,actual,tur-tuik-foreign-house-sales,"sheet t3, row 10",2019 | Toplam 1348729 | Yabancılara yapılan satışlar 45483 | Pay 3.4,"PROXY, not a CBI number: all dwellings sold to foreigners (TKGM land-registry data via TurkStat). Share of all house sales: 3.4%. ",,2026-09-28,research:turkey
o-a860b1e908,TUR,tur-cbi,house_sales_foreigners,2020,calendar_year,40812,,dwellings,1,actual,tur-tuik-foreign-house-sales,"sheet t3, row 11",2020 | Toplam 1499316 | Yabancılara yapılan satışlar 40812 | Pay 2.7,"PROXY, not a CBI number: all dwellings sold to foreigners (TKGM land-registry data via TurkStat). Share of all house sales: 2.7%. ",,2026-09-28,research:turkey
o-cdcf061065,TUR,tur-cbi,house_sales_foreigners,2021,calendar_year,58576,,dwellings,1,actual,tur-tuik-foreign-house-sales,"sheet t3, row 12",2021 | Toplam 1491856 | Yabancılara yapılan satışlar 58576 | Pay 3.9,"PROXY, not a CBI number: all dwellings sold to foreigners (TKGM land-registry data via TurkStat). Share of all house sales: 3.9%. ",,2026-09-28,research:turkey
o-3fe727f27d,TUR,tur-cbi,house_sales_foreigners,2022,calendar_year,67490,,dwellings,1,actual,tur-tuik-foreign-house-sales,"sheet t3, row 13",2022 | Toplam 1485622 | Yabancılara yapılan satışlar 67490 | Pay 4.5,"PROXY, not a CBI number: all dwellings sold to foreigners (TKGM land-registry data via TurkStat). Share of all house sales: 4.5%. ",,2026-09-28,research:turkey
o-63214c4166,TUR,tur-cbi,house_sales_foreigners,2023,calendar_year,35005,,dwellings,1,actual,tur-tuik-foreign-house-sales,"sheet t3, row 14",2023 | Toplam 1225926 | Yabancılara yapılan satışlar 35005 | Pay 2.9,"PROXY, not a CBI number: all dwellings sold to foreigners (TKGM land-registry data via TurkStat). Share of all house sales: 2.9%. ",,2026-09-28,research:turkey
o-b30e674da1,TUR,tur-cbi,house_sales_foreigners,2024,calendar_year,23781,,dwellings,1,actual,tur-tuik-foreign-house-sales,"sheet t3, row 15",2024 | Toplam 1478025 | Yabancılara yapılan satışlar 23781 | Pay 1.6,"PROXY, not a CBI number: all dwellings sold to foreigners (TKGM land-registry data via TurkStat). Share of all house sales: 1.6%. ",,2026-09-28,research:turkey
o-b516887ec2,TUR,tur-cbi,house_sales_foreigners,2025,calendar_year,21534,,dwellings,1,actual,tur-tuik-foreign-house-sales,"sheet t3, row 16",2025 | Toplam 1688910 | Yabancılara yapılan satışlar 21534 | Pay 1.3,"PROXY, not a CBI number: all dwellings sold to foreigners (TKGM land-registry data via TurkStat). Share of all house sales: 1.3%.  2025 figure from the table as downloaded 2026-09-28.",,2026-09-28,research:turkey
o-1529dc7c81,TUR,tur-cbi,investment_certificates_issued,2018-2021,cumulative,19630,,persons,1,reported,tur-cumhuriyet-2021-10-29,body text,"19 bin 630 yabancı gerçek kişi, T.C. vatandaşlığı amacıyla 30 bin 358 adet taşınmaz edinerek uygunluk belgesi almaya hak kazanmıştır","Ministry of Environment and Urbanisation answer to MP Erkan Aydın (CHP), as reported: '19,630 foreign natural persons became entitled to an eligibility certificate by acquiring 30,358 properties for Turkish citizenship'. Real-estate route only; main applicants (families not counted); cut-off date in 2021 not given. Media headline wrongly equates this with 19,000 people becoming citizens.",,2026-09-28,research:turkey
o-6f3154c79f,TUR,tur-cbi,investors_revoked,2026-08-04,as_of_date,1413,,persons,1,reported,tur-hurriyet-2026-08-04,quoted Ministry statement,toplamda 1413 yatırımcı ve aile fertleri ile birlikte 6 bin 134 kişinin,"Investors (main applicants) among the 6,134. Sum of 1,150 (certificate cancelled) and 263 (security grounds).",,2026-09-28,research:turkey
o-09cd99f2a0,TUR,tur-cbi,irregular_naturalisations_detected,2025-09-24,as_of_date,1198,,persons,1,claim,tur-tbmm-bakan-q-2025-09,p. 1,"451 yabancı uyruklu kişiye, 50 bin dolar karşılığında, aileleriyle birlikte 1198 usulsüz Türk vatandaşlığı kazanımının gerçekleştirildiği","MP Murat Bakan's account of the Büyükçekmece prosecution findings (451 foreigners, 1,198 irregular citizenships with families, for USD 50,000 each, causing a USD 181.2m loss of FX inflow). Not a government figure.",,2026-09-28,research:turkey
o-8a648f60f9,TUR,tur-cbi,irregular_naturalisations_detected,2026-09-21,as_of_date,1070,,persons,1,reported,tur-milliyet-2026-09-21,Justice Minister statement,"aile bireyleriyle birlikte 1.070 kişinin usulsüz yollarla Türk vatandaşlığı edindiği, 11 kişinin ise vatandaşlık edinme sürecinin devam ettiği belirlenmiştir","Istanbul second-wave investigation: 274 of 734 sales to foreigners by three builders found to be sham; 1,070 persons (263 investors, 807 family members) naturalised irregularly; 11 still in process. First wave (Babacan İnşaat): 687 persons.",,2026-09-28,research:turkey
o-a6f0ddc834,TUR,tur-cbi,main_applicants_approved,2017-2019-06-30,cumulative,981,,persons,1,claim,tur-cipturkey-2019-07-22,body text,"by June 30th, 2019, a total of 981 successful main applicants have obtained citizenship through investment",Industry blog; attributes to the DG of Population and Citizenship Affairs; primary document not found.,,2026-09-28,research:turkey
o-4602e9356e,TUR,tur-cbi,main_applicants_approved,2018-09/2019-07,cumulative,1000,,persons,1,reported,tur-mee-2019-07-11,article text,"Nearly 1,000 foreign citizens, mostly from Middle Eastern countries, have been given Turkish citizenship in exchange for investment since last September.","'Nearly 1,000'; approximate. Interior Ministry statistics obtained by Middle East Eye. Unclear whether dependants are included.",,2026-09-28,research:turkey
o-e2b55d0d68,TUR,tur-cbi,main_applicants_approved,2022-05-10,as_of_date,25969,,persons,1,reported,tur-aa-2022-05-10,body text,25 bin 969 yabancı yatırımcının da yine gerekli kriterleri sağlayarak vatandaşlık hakkı kazandığı,"Interior Minister Süleyman Soylu, 10 May 2022 ('25,969 foreign investors also gained the right to citizenship by meeting the criteria'). Cumulative, start date not stated. 'Yatırımcı' (investor) suggests main applicants; compare 46,163 investors in Nov 2024 and 51,762 in May 2026. Not stated whether this counts naturalisations or approvals.",,2026-09-28,research:turkey
o-c2473780fd,TUR,tur-cbi,main_applicants_approved,2022-05-10,as_of_date,25969,,persons,1,reported,tur-hurriyet-2022-05-11,article text,25 bin 969 yabancı yatırımcı vatandaşlık hakkı kazandı.,Same Soylu statement as the AA row.,,2026-09-28,research:turkey
o-7c40ade54c,TUR,tur-cbi,main_applicants_approved,2024-11-20,as_of_date,46163,,persons,1,provisional,tur-tbmm-pbk-2024-11-20,p. 99,"159.433 yabancı yatırım yaparak, istisnai olarak Türk vatandaşlığını kazanmıştır ama bunların 46.163’ü yatırımcı; onların 35.399’u eş, 77.871’i çocuk.","Cumulative investors (main applicants) naturalised. Translation: '159,433 foreigners have acquired Turkish citizenship exceptionally by investing, but of these 46,163 are investors; 35,399 their spouses, 77,871 children.' Minister Ali Yerlikaya's oral statement in the Plan and Budget Committee; no start or cut-off date given (program began 2017).",,2026-09-28,research:turkey
o-fcc8c02dfd,TUR,tur-cbi,main_applicants_approved,2026-05-29,as_of_date,51762,,persons,1,reported,tur-kronos-2026-08-08,same section,"Bugüne kadar 51 bin 762 yatırımcı, 122 bin 805 aile bireyi olmak üzere toplam 174 bin 567 kişi bu kapsamda Türk vatandaşlığı kazanmıştır.","Cumulative investors. Translation: 'To date a total of 174,567 people, 51,762 investors and 122,805 family members, have acquired Turkish citizenship under this scheme.' Interior Minister Mustafa Çiftçi, 29 May 2026, quoted by Kronos from his answers to journalist Kemal Öztürk; Çiftçi says first naturalisations took place from 2018.",,2026-09-28,research:turkey
o-6fccc8489a,TUR,tur-cbi,main_applicants_approved,2026-05-29,as_of_date,51762,,persons,1,reported,tur-turizmekonomi-2026-08,para. starting 'DW Türkçe’den',2018’den bu yana 51 bin 762 yatırımcı ve 122 bin 805 aile bireyi,Same underlying statement as the Kronos row.,,2026-09-28,research:turkey
o-ba8a675759,TUR,tur-cbi,persons_naturalised,2017-2024,cumulative,500000,,persons,1,claim,tur-nordicmonitor-2024-10-14,body text,"An estimated 500,000 foreigners have acquired Turkish citizenship in the last seven years based on figures for real estate purchases.","Estimate linked to the İYİ Party lawsuit (Oct 2024) and derived from property purchase figures, not from naturalisation records. Official figure one month later: 159,433 (TBMM, 20 Nov 2024). Roughly three times the official number.",,2026-09-28,research:turkey
o-779b3f1c8e,TUR,tur-cbi,persons_naturalised,2024-11-20,as_of_date,159433,,persons,1,provisional,tur-tbmm-pbk-2024-11-20,p. 99,"159.433 yabancı yatırım yaparak, istisnai olarak Türk vatandaşlığını kazanmıştır ama bunların 46.163’ü yatırımcı; onların 35.399’u eş, 77.871’i çocuk.","Cumulative since program start. Translation: '159,433 foreigners have acquired Turkish citizenship exceptionally by investing, but of these 46,163 are investors; 35,399 their spouses, 77,871 children.' Minister Ali Yerlikaya's oral statement in the Plan and Budget Committee; no start or cut-off date given (program began 2017).",,2026-09-28,research:turkey
o-95d7bb9868,TUR,tur-cbi,persons_naturalised,2026-05-29,as_of_date,174567,,persons,1,reported,tur-kronos-2026-08-08,section '174 bin kişiye yatırım karşılığı vatandaşlık',"Bugüne kadar 51 bin 762 yatırımcı, 122 bin 805 aile bireyi olmak üzere toplam 174 bin 567 kişi bu kapsamda Türk vatandaşlığı kazanmıştır.","Cumulative 2018 to 29 May 2026. Translation: 'To date a total of 174,567 people, 51,762 investors and 122,805 family members, have acquired Turkish citizenship under this scheme.' Interior Minister Mustafa Çiftçi, 29 May 2026, quoted by Kronos from his answers to journalist Kemal Öztürk; Çiftçi says first naturalisations took place from 2018.",,2026-09-28,research:turkey
o-74e498f4da,TUR,tur-cbi,persons_naturalised,2026-05-29,as_of_date,174567,,persons,1,reported,tur-turizmekonomi-2026-08,para. starting 'DW Türkçe’den',2018’den bu yana 51 bin 762 yatırımcı ve 122 bin 805 aile bireyi olmak üzere toplam 174 bin 567 kişi,Relays DW Türkçe's report of Çiftçi's 29 May 2026 statement. Same underlying statement as the Kronos row.,,2026-09-28,research:turkey
o-851773caed,TUR,tur-cbi,properties_acquired_for_cbi,2018-2021,cumulative,30358,,properties,1,reported,tur-cumhuriyet-2021-10-29,body text,"19 bin 630 yabancı gerçek kişi, T.C. vatandaşlığı amacıyla 30 bin 358 adet taşınmaz edinerek","Same answer; the article adds 1,218 plots/fields and 29,140 dwellings/workplaces.",,2026-09-28,research:turkey
o-7f19a1a3d4,TUR,tur-cbi,spouses_naturalised,2024-11-20,as_of_date,35399,,persons,1,provisional,tur-tbmm-pbk-2024-11-20,p. 99,"159.433 yabancı yatırım yaparak, istisnai olarak Türk vatandaşlığını kazanmıştır ama bunların 46.163’ü yatırımcı; onların 35.399’u eş, 77.871’i çocuk.","Cumulative. Translation: '159,433 foreigners have acquired Turkish citizenship exceptionally by investing, but of these 46,163 are investors; 35,399 their spouses, 77,871 children.' Minister Ali Yerlikaya's oral statement in the Plan and Budget Committee; no start or cut-off date given (program began 2017).",,2026-09-28,research:turkey
o-67f84e4caf,VUT,vut-cbi,applications_received,2022-2023,cumulative,1988,,applications,1,reported,intl-eu-reg-2025-11,"recital 12, p. 2","According to information provided by Vanuatu, in 2022 and 2023, Vanuatu received 1 988 applications for citizenship in exchange for an investment, of which only 27 have been rejected.",,,2026-09-28,research:context-timeline
o-ae9124f1d9,VUT,vut-cbi,applications_rejected,2020,calendar_year,1,,applications,1,reported,intl-eu-impreg-2022-693,"recital 7, OJ L 129/19",by the end of 2020 the Vanuatu authorities had rejected only one application,"Cumulative to end-2020 per the wording (""by the end of 2020""); start date not stated.",,2026-09-28,research:context-timeline
o-347b41fd42,VUT,vut-cbi,applications_rejected,2022-2023,cumulative,27,,applications,1,reported,intl-eu-reg-2025-11,"recital 12, p. 2","According to information provided by Vanuatu, in 2022 and 2023, Vanuatu received 1 988 applications for citizenship in exchange for an investment, of which only 27 have been rejected.",,,2026-09-28,research:context-timeline
o-904097e9ca,VUT,vut-cbi,passports_issued,2015-05-25/2021-03,cumulative,10500,,passports,1,reported,intl-eu-dec-2022-366,"recital 4, OJ L 69/105","On the basis of the information provided by Vanuatu's Passport Office on 14 June 2021, by March 2021 Vanuatu had issued over 10 500 passports under such schemes, with an extremely low rejection rate.","""over 10 500""; start of period inferred from recital 8 (schemes grew from 25 May 2015).",,2026-09-28,research:context-timeline
o-df20179432,VUT,vut-cbi,passports_issued,2015-05-25/2021-03,cumulative,10500,,passports,1,reported,intl-eu-impreg-2022-693,"recital 7, OJ L 129/19","According to information provided by Vanuatu's Passport Office on 14 June 2021, until March 2021, Vanuatu issued over 10 500 passports in exchange for investment under the schemes and by the end of 2020 the Vanuatu authorities had rejected only one application.","""over 10 500"". Same underlying Vanuatu data as intl-eu-dec-2022-366.",,2026-09-28,research:context-timeline
o-228ff37f79,VUT,vut-cbi,passports_issued,2015-2021,cumulative,10000,,passports,1,reported,intl-ec-com-2024-366,p. 3,the high number of passports issued to nationals that would otherwise have to apply for a visa to travel to the EU (more than 10 000 between 2015 and 2021),"""more than 10 000"" (rounded).",,2026-09-28,research:context-timeline
