term_id,program_id,route,valid_from,valid_to,min_amount,currency,applies_to,source_id,location,quote,notes
t-76e5e3d790,aia-rbi,donation,2020-12-04,,150000,USD,single applicant,aia-aera-regs-rev-2022,"PDF p. 8, Schedule","Investment amount US$150,000 single applicant","Contribution to the Capital Development Fund; US$50,000 per dependant. In December 2022 Executive Council noted the route had not been available because the fund had not been set up (aia-exco-minutes-2022-12-08)."
t-5bd2d5ce67,aia-rbi,fee_permit,2020-12-04,,10000,USD,single applicant (real estate route),aia-aera-regs-rev-2022,"PDF p. 7, Schedule","Permit fee US$10,000 for a single applicant","US$20,000 for a family of up to four; US$5,000 per extra dependant. No permit fee on the fund route. Plus processing fee US$3,000 (family of four) and due diligence US$7,500 per adult, US$2,500 per child. Retroactive applicants pay lower fees (US$5,000 permit, US$1,000 due diligence)."
t-e4b7a5fcfd,aia-rbi,real_estate,2020-12-04,,750000,USD,family of up to four,aia-aera-regs-rev-2022,"PDF p. 7, Schedule","Value of approved Real estate US$750,000 for up to a family of four persons","Approved real estate declared by the Minister in the Gazette; US$100,000 more per extra dependant; 5-year hold (per the 2018 design). Regulations R.A. 99/2020 in force 4 December 2020; shown as revised to 31 Dec 2022. Real estate route existed from 3 June 2019 under the Act with amounts ""prescribed""."
t-a307d3f8d2,aia-rbi,real_estate_retroactive,2019-06-03,,750000,USD,owners who bought between 2017 and 31 May 2019,aia-aera-act-rev-2022,"PDF p. 9, s. 3(3)(a)","between 2017 and 31 May 2019 and that real estate property is at the time of the application, valued at a minimum of US$750,000","Retroactive route for property already owned. Lower values for earlier purchases: US$600,000 (bought 2014-2016) and US$500,000 (before 2014), s.3(3)(b)-(c)."
t-9502e9fed3,aia-rbi,tax_residence_annual_payment,2020-12-04,,75000,USD,per year (tax residence programme),aia-aera-regs-rev-2022,"PDF p. 8, Schedule","Annual Lump Sum Payment US$75,000","Residence for tax purposes (RTP), a separate track under the same Act giving a tax residence certificate, not permanent residence; also requires approved real estate of US$400,000 (family of four)."
t-ae4df63da4,are-golden-visa,admin_fee,,,1100,AED,"residence permit fee, per person (Dubai)",are-gdrfad-golden-investor-service,"section ""Fees""",Residence permit fee: AED1100,"As displayed on the GDRFA Dubai service page on 2026-10-02 (no date on the page); 10-year permit, renewable. Start date unknown; probably since Res. 65/2022 (3 Oct 2022). Further small charges listed (Knowledge and Innovation Dirham AED 10 each, AED 500 in-country fee, AED 20 delivery); medical, Emirates ID and DLD fees are extra."
t-9712802f47,are-golden-visa,bank_deposit,,,2000000,AED,"investor and family, Dubai (10-year)",are-gdrfad-golden-investor-service,"section ""Financial Deposit Investor"", item 2","Provide proof of ownership of a financial deposit of no less than AED 2,000,000 in a local bank in UAE.","As displayed on the GDRFA Dubai service page on 2026-10-02 (no date on the page); 10-year permit, renewable. Start date unknown; probably since Res. 65/2022 (3 Oct 2022). Deposit may be local sukuk or investment bonds; may not be withdrawn during the 10-year permit."
t-8651710cc6,are-golden-visa,bank_deposit,,,2000000,AED,"investor and family, Abu Dhabi",are-adro-golden-visa-investors,"section ""Investor (non-real estate)""",Must have one of the following investments with a minimum value of AED 2 million in the form of: A deposit,"Abu Dhabi Residents Office, as displayed on 2026-10-02. The same AED 2 million minimum applies to company capital; alternatively AED 250,000 a year in taxes for the two preceding years."
t-accf082b73,are-golden-visa,business,,,2000000,AED,"investor or partner and family, Dubai (10-year)",are-gdrfad-golden-investor-service,"section ""Investing in Companies (Public Investment)""",An investor or partner in a company within the UAE with a value of no less than AED 2 million,"As displayed on the GDRFA Dubai service page on 2026-10-02 (no date on the page); 10-year permit, renewable. Start date unknown; probably since Res. 65/2022 (3 Oct 2022). Value of the applicant's share of company assets."
t-7f08441837,are-golden-visa,business,2019-02-03,2022-10-02,10000000,AED,investor plus spouse and children (10-year permit),are-cabinet-res-56-2018,"PDF p. 2, art. 4(1)(b)",يقوم بإنشاء شركة في الدولة برأس مال لايقل عن 10 مليون درهم أو أن يكون شريك في شركة قائمة او جديدة بحصة مالية لا تقل عن 10 مليون درهم,"Translation: ""establishes a company with capital of no less than AED 10 million, or is a partner in an existing or new company with a share of no less than AED 10 million"". Cabinet Resolution 56/2018 art. 4. 10-year permit for ""public investments"", renewable; investment must be fully owned (not a loan), kept at least 3 years, and the investor must have unencumbered solvency of at least AED 10 million. valid_to: Res. 56/2018 was replaced in 2021 by Cabinet Resolution No. 8 of 2021 (text not found), which was repealed when Res. 65/2022 took effect on 3 Oct 2022; whether Res. 8/2021 changed these amounts is not verified, so the end date is uncertain."
t-e33a01349a,are-golden-visa,fee_processing,,,9884.75,AED,"real-estate investor (main applicant), Dubai, total government fees",are-dld-golden-visa-investor-service,"section ""Service Fees""","The total is AED 9,884.75","Dubai Land Department page as displayed on 2026-10-02: medical AED 700, Emirates ID (10 years) AED 1,153, residency confirmation AED 2,856.75, DLD fee AED 4,020, administrative fee AED 1,155. Family members AED 5,774.50 each."
t-186da74ff0,are-golden-visa,investment,,,2000000,AED,investors (public investment or real estate),are-uae-portal-golden-visa,"table ""Eligible categories"", row Investors","Minimum capital of AED 2 million; property ownership or contribution to an establishment paying at least AED 250,000 annually in taxes","Federal portal summary, page updated 28 Jul 2026. It lists 10 years for public investments but 5 years for real estate, which conflicts with the emirate pages (10 years)."
t-5fc0424b75,are-golden-visa,investment,2019-02-03,2022-10-02,10000000,AED,investor plus spouse and children (10-year permit),are-cabinet-res-56-2018,"PDF p. 2, art. 4(1)(c)",ان تكون لديه استثمارات في الدولة بقيمة اجمالية لا تقل عن 10 مليون درهم (على أن لا يقل الاستثمار في غير العقار عن 60% من إجمالي نلك الاستثمارات),"Translation: ""investments in the State totalling no less than AED 10 million, with non-real-estate investment at least 60% of the total"". Cabinet Resolution 56/2018 art. 4. 10-year permit for ""public investments"", renewable; investment must be fully owned (not a loan), kept at least 3 years, and the investor must have unencumbered solvency of at least AED 10 million. valid_to: Res. 56/2018 was replaced in 2021 by Cabinet Resolution No. 8 of 2021 (text not found), which was repealed when Res. 65/2022 took effect on 3 Oct 2022; whether Res. 8/2021 changed these amounts is not verified, so the end date is uncertain."
t-9336d65c20,are-golden-visa,investment_fund,2019-02-03,2022-10-02,10000000,AED,investor plus spouse and children (10-year permit),are-cabinet-res-56-2018,"PDF p. 2, art. 4(1)(a)",ان تكون لديه وديعة بقيمة لا تقل عن 10 مليون درهم في صندوق إستثماري في داخل الدولة,"Translation: ""a deposit of no less than AED 10 million in an investment fund inside the State"". Cabinet Resolution 56/2018 art. 4. 10-year permit for ""public investments"", renewable; investment must be fully owned (not a loan), kept at least 3 years, and the investor must have unencumbered solvency of at least AED 10 million. valid_to: Res. 56/2018 was replaced in 2021 by Cabinet Resolution No. 8 of 2021 (text not found), which was repealed when Res. 65/2022 took effect on 3 Oct 2022; whether Res. 8/2021 changed these amounts is not verified, so the end date is uncertain."
t-fd0fbb05c4,are-golden-visa,real_estate,,,2000000,AED,"investor and family, Dubai (10-year)",are-gdrfad-golden-investor-service,"section ""Real Estate Investor"", item 2","Ownership of one or more properties with a value of no less than AED 2,000,000 (two million dirhams).","As displayed on the GDRFA Dubai service page on 2026-10-02 (no date on the page); 10-year permit, renewable. Start date unknown; probably since Res. 65/2022 (3 Oct 2022). Mortgaged property accepted; a lien is placed on the property for the life of the permit."
t-71cdab8332,are-golden-visa,real_estate,,,2000000,AED,"investor and family, Dubai (10-year)",are-dld-golden-visa-investor-service,service description,owning a property the purchase value of which is equal to or more than 2 million AED at the time of purchase,Dubai Land Department; mortgaged property accepted if AED 2 million has been paid. As displayed on 2026-10-02.
t-18eefc9e12,are-golden-visa,real_estate,,,2000000,AED,"investor, spouse and children, Abu Dhabi",are-adro-golden-visa-investors,"section ""Real Estate Investor""","Must own real estate which is/are purchased with a minimum total value of AED 2,000,000 outside a mortgage.","Abu Dhabi Residents Office page, as displayed on 2026-10-02; investor equity must be at least AED 2 million where there is a mortgage; off-plan accepted with AED 2 million paid to the developer."
t-1c3bbf700a,are-golden-visa,real_estate,2019-02-03,2022-10-02,5000000,AED,investor plus spouse and children (5-year permit),are-cabinet-res-56-2018,"PDF p. 2, art. 4(2)",ان يكون الاستثمار في عقار او أكثر بقيمة اجمالية للاصل العقاري لا تقل عن 5 مليون درهم,"Translation: ""investment in one or more properties with a total value of no less than AED 5 million"". 5-year renewable permit (art. 4(4)); same holding and solvency conditions as above. Res. 56/2018 was replaced in 2021 by Cabinet Resolution No. 8 of 2021 (text not found), which was repealed when Res. 65/2022 took effect on 3 Oct 2022; whether Res. 8/2021 changed these amounts is not verified, so the end date is uncertain."
t-9f9f5c41e7,are-golden-visa,real_estate,2022-10-03,,2000000,AED,investor and family (10-year golden residence),are-wam-exec-regs-2022,"para ""Golden Residence for Real Estate Investors""",Real estate investors can obtain Golden Residence when purchasing a property worth no less than AED2 million.,"Cabinet summary of the executive regulation approved 18 Apr 2022, in force 3 Oct 2022 (Res. 65/2022). Also allows purchases with loans from specified local banks and off-plan property from approved developers. The legal annex was not read; the change from AED 5 million may have come earlier under Res. 8/2021 (not verified)."
t-a9269bc3bb,are-golden-visa,tax_contribution,,,250000,AED,"investor and family, Dubai (10-year); amount per year",are-gdrfad-golden-investor-service,"section ""Tax Collection Investor"", item 2","with his/her tax contribution amounting to no less than AED 250,000 annually","As displayed on the GDRFA Dubai service page on 2026-10-02 (no date on the page); 10-year permit, renewable. Start date unknown; probably since Res. 65/2022 (3 Oct 2022). Annual tax paid by the establishment(s) attributable to the investor, certified by the Federal Tax Authority."
t-fa7c0bc2ee,arg-investor-residence,business,2010-05-03,,1500000,ARS,"individual investor; productive, commercial or service investment of interest to the country",arg-infoleg-dec616-2010,"Decreto 616/2010, Anexo I, art. 23 d)","deberá realizar una inversión productiva, comercial o de servicios de interés para el país, por un mínimo de PESOS UN MILLON QUINIENTOS MIL ($ 1.500.000)",Amount fixed in nominal pesos in 2010; no later update found in this pass.
t-b589105440,atg-cbi,business,,,1500000,USD,"single investor (US$5,000,000 joint, at least US$400,000 each)",atg-ciu-web-business-investment,web page,"makes an investment in an approved business of at least US$1,500,000",Current terms as displayed on 28 Sep 2026; no validity date on the page.
t-ca6b40fea3,atg-cbi,business,2013-04-11,,4000000,XCD,"single investor ($13,500,000 joint, at least $1,080,000 each)",atg-cbi-act-2013,"PDF p. 7, Schedule reg. 9(2)","a person proposes to make an investment in an approved business of at least $4,000,000","Printed as '$'; read as EC$ (Antigua and Barbuda legislation uses EC$ unless it says otherwise). At the fixed rate of 2.70 this matches the US$ figure CIU material uses. The CIU web page gives US$1,500,000 and a US$5,000,000 joint option."
t-306f4fa48a,atg-cbi,donation,2013-04-11,,675000,XCD,applicant (any family size unless amended),atg-cbi-act-2013,"PDF p. 7, Schedule reg. 7","Where a person proposes to make a contribution to the National Development Fund of at least $675,000","Printed as '$'; read as EC$ (Antigua and Barbuda legislation uses EC$ unless it says otherwise). At the fixed rate of 2.70 this matches the US$ figure CIU material uses. (US$250,000). National Development Fund (NDF)."
t-990cceba56,atg-cbi,donation,2013-08-29,2017-10-31,540000,XCD,family of up to four,atg-cbi-regs-2013,PDF p. 7,"the proposed contribution of the family to the National Development Fund shall be $540,000","Printed as '$'; read as EC$ (Antigua and Barbuda legislation uses EC$ unless it says otherwise). At the fixed rate of 2.70 this matches the US$ figure CIU material uses. (US$200,000). Made 11 Jul 2013. The Aug 2015 limited-time cut from US$250,000 to US$200,000 was reported by the Observer (atg-observer-2015-08-changes) but its regulation was not found."
t-3fb86660c9,atg-cbi,donation,2017-11-01,2018-10-31,270000,XCD,"single applicant or family of up to four ($337,750 for five or more)",atg-cbi-regs-2017,"PDF p. 5, reg. 7(3)","(a) for a single individual is $270,000; (b) for a family of up to four person is $270,000","Printed as '$'; read as EC$ (Antigua and Barbuda legislation uses EC$ unless it says otherwise). At the fixed rate of 2.70 this matches the US$ figure CIU material uses. Temporary offer. The 2024 regulations say the offer was 'continued in use by the Unit since October 2018' until 31 Jul 2024, so in practice it ran to 31 Jul 2024."
t-d857fa8672,atg-cbi,donation,2017-11-01,2024-07-31,100000,USD,"family of up to four (US$125,000 for five or more)",atg-ciu-ndf-notice-2017,para 1,"to reduce the investment threshold for the National Development Fund (NDF) option, by 50%; from US$200,000 to US$100,000 for a family of up to four persons",Effective 1 Nov 2017 per atg-ciu-ndf-change-2017. valid_to from atg-cbi-regs-2024 reg. 7(2).
t-fb4f5962fd,atg-cbi,donation,2024-08-01,,230000,USD,single applicant or family,atg-cbi-regs-2024,"PDF p. 7, reg. 7(1)","that contribution is in the amount of Two Hundred and Thirty Thousand (US$230,000.00) dollars in United States currency","Regulations made 25 Jul 2024; old limited-time offers stopped 31 Jul 2024, so taken as effective 1 Aug 2024. Part of the five-country MoA on a US$200,000 floor. CIU web page (atg-ciu-web-ndf) still gives US$230,000 per application in Sep 2026."
t-fea847c47d,atg-cbi,education_fund,2018-07-12,,150000,unspecified,"single applicant ($275,000 for a family of two)",atg-cbi-regs-2018,"PDF p. 4, reg. 6A(1)","shall contribute not less than $150,000 on his own behalf or at least a family of two persons shall propose to contribute $275,000","Higher-education route (later the University of the West Indies Fund). Currency not stated. Made 12 Jul 2018, gazetted 2 Aug 2018."
t-3f8135c77e,atg-cbi,education_fund,2024-08-01,,260000,USD,family of at least six,atg-cbi-regs-2024,"PDF p. 6, reg. 6A(2)","the family proposes to make a contribution of two hundred and sixty thousand (US$260,000.00) dollars in United States currency","UWI Fund. The CIU web page says this amount includes processing fees. The 26 Jun 2024 CIU memo (atg-imidaily-2024-06) had announced US$300,000."
t-906031ec87,atg-cbi,fee_processing,2013-04-11,,135000,XCD,principal applicant (processing fee),atg-cbi-act-2013,"PDF p. 9, Schedule of Fees","Processing fee – Principal applicant $135,000","Printed as '$'; read as EC$ (Antigua and Barbuda legislation uses EC$ unless it says otherwise). At the fixed rate of 2.70 this matches the US$ figure CIU material uses. (US$50,000). Due diligence fee for a principal applicant: $20,250."
t-9d7f72b12b,atg-cbi,fee_processing,2024-08-01,,10000,USD,"single applicant (US$20,000 for a family of up to four)",atg-cbi-regs-2024,"PDF p. 7, Schedule item 2(a)","Processing fee — Single applicant $10,000.00","Table headed 'Fees in United States Dollars'. Due diligence: US$8,500 single applicant, US$5,000 spouse."
t-b0445cc8ef,atg-cbi,real_estate,2013-04-11,,1080000,XCD,"applicant (joint purchases allowed, each at least this amount)",atg-cbi-act-2013,"PDF p. 8, Schedule reg. 6(4)","The full purchase price of the real estate shall be at least $1,080,000.","Printed as '$'; read as EC$ (Antigua and Barbuda legislation uses EC$ unless it says otherwise). At the fixed rate of 2.70 this matches the US$ figure CIU material uses. (US$400,000)."
t-98c2cba205,atg-cbi,real_estate,2019-03-21,2019-10-31,200000,XCD,each of two related parties (limited time offer),atg-cbi-regs-2019,"PDF p. 5, reg. 15(2)","the Unit may allow two related parties, with a minimum investment of $200,000 each","Currency not stated; could be US$ (the co-investment offer is marketed as US$200,000 each). The 2024 regulations validate a real-estate co-application offer 'from 1st April 2020' to 31 Jul 2024."
t-9f8da8a4d9,atg-cbi,real_estate,2024-08-01,,300000,USD,applicant,atg-cbi-regs-2024,"PDF p. 6, reg. 6(4)","The full purchase price of the real estate shall be at least three hundred thousand (US$300,000.00) dollars in United States currency.","Resale allowed only once, after five years. CIU memo of 26 Jun 2024 (atg-imidaily-2024-06) had announced US$325,000."
t-a20c14b81a,aus-biip,investor,2012-07,2021-06-30,1500000,AUD,primary applicant (family included); invited before 1 July 2021,aus-dha-biip-discussion-paper-2019,p. 4,"Investor – $1.5 million for four years, introduced in July 2012","Investor stream (subclass 188B): investment in state or territory government bonds (""The Investor visa directs investments into Australian state or territory government bonds""). Required state/territory nomination and points test. Printed as ""$""; Australian dollars by context."
t-261b980ed0,aus-biip,investor,2021-07-01,2024-07-31,2500000,AUD,primary applicant (family included); invited on or after 1 July 2021,aus-dha-immi-investor-stream-2026,page text,AUD2.5 million that meets certain requirements if you were invited to apply on or after 1 July 2021,"From 1 July 2021 the Investor stream investment had to be a complying significant investment under the CIF (20% venture capital, 30% emerging companies, 50% balancing). Applicants also needed net assets of at least AUD2.5 million."
t-7254398bc4,aus-piv,application_charge,2019-01-22,,8770,AUD,"primary applicant ('This visa costs AUD8,770')",aus-dha-immi-piv-2019,Cost box,"This visa costs AUD8,770.",Base application charge shown on the visa page as captured 22 Jan 2019; the date it took effect and later changes not researched.
t-8a1da0eb59,aus-piv,complying_premium_investment,2015-07-01,2021-06-30,15000000,AUD,primary applicant,aus-dha-immi-piv-2019,Eligibility: 'Make a complying investment of at least AUD15 million',make a complying investment of at least AUD15 million,"Held for at least 12 months, then eligible for permanent residence. Dates: introduced 1 July 2015 (aus-dha-foi-160600956-2016), closed from 1 July 2021 (aus-leg-lin21-041-es-2021). The threshold was announced in Senate Estimates in 2014 (aus-aph-se14-445-2014)."
t-cd21e3aec8,aus-siv,complying_investment,2012-11,2015-06-30,5000000,AUD,primary applicant (family included),aus-dha-biip-discussion-paper-2019,p. 4,"Significant Investor – $5 million for four years, introduced in November 2012","Investment held for the four-year provisional visa. Before July 2015 the money could go largely into passive options such as government bonds (""Prior to that, the focus of investment was into passive options including government bonds""). Printed as ""$""; Australian dollars by context. Applicants needed a state/territory government or (later) Austrade nomination."
t-b210bc03ee,aus-siv,complying_investment,2015-07-01,2021-06-30,5000000,AUD,primary applicant (family included),aus-dha-biip-discussion-paper-2019,p. 4,The current format for the Complying Investment Framework was introduced in July 2015,"Complying Investment Framework: at least $500,000 (10%) in venture capital/growth private equity, at least $1.5 million (30%) in emerging-company funds, the rest in managed funds (residential real estate limited to 10%). Valid-from date from the 2015-16 Migration Program report (""changes to the Significant Investor Visa (SIV) introduced on 1 July 2015"")."
t-3ba387df6b,aus-siv,complying_investment,2021-07-01,2024-07-31,5000000,AUD,primary applicant (family included); invited on or after 1 July 2021,aus-dha-immi-siv-stream-2026,page text,a complying significant investment of at least AUD5 million when we invite you to,"From 1 July 2021: at least AUD1 million venture capital/growth private equity, AUD1.5 million emerging-company funds, AUD2.5 million balancing investment (20/30/50, per the CIF FAQ). Direct residential real estate prohibited. To get permanent residence (subclass 888) the investor had to live in Australia 40 days a year, or the spouse 180 days. Closed to new applications 31 July 2024 per this page."
t-c4c721fad9,bgr-cbi,admin_fee,,2022-04-01,650,EUR,per application,intl-ec-com-2019-12,"PDF p. 5, footnote 20",Bulgaria charges a total of EUR 650 per application,Total fees as described by the Commission in Jan 2019.
t-c92ed66ac3,bgr-cbi,business,2021-03-12,2022-04-01,1000000,BGN,applicant (capital in a company with a priority project; 1 year of permanent residence),bgr-dnes-2021-08-09,"section ""Вижда ли се краят на схемата""","ако вложат 1 милион лева в капитала на местна фирма, която работи по приоритетен проект",Added in early 2021 (amendment tabled by DPS MP Yordan Tsonev); valid_from is the date of State Gazette no. 21/2021 per the lex.bg amendment list.
t-de2b625424,bgr-cbi,investment,,2022-04-01,500000,EUR,"applicant (ordinary route, art. 12a; 5 years of permanent residence)",intl-ec-swd-2019-5,"PDF p. 5, Table 1","Amount of investment required11 EUR 500,000 EUR 1 million","Commission description as of 2018; the law set the amount in leva (BGN 1 million, per bgr-capital-2019-01-22). Start date of this amount not established. valid_to = publication of the repealing law (DV 26, 1 Apr 2022); entry into force not checked."
t-9673f014e5,bgr-cbi,investment,,2022-04-01,2000000,BGN,applicant (fast track: investment increased to BGN 2 million),bgr-economy-2022-03-25,para 2,"на стойност над 1 милион лева или вложения за над 1 милион лева в лицензирана кредитна институция по договор за доверително управление, с което съответно са увеличили инвестицията при същите условия до 2 милиона лева","Media description of the repealed provisions: residence on BGN 1 million (mainly government securities or a trust agreement with a licensed bank), increased to BGN 2 million for fast-track citizenship."
t-7f8c9280f1,bgr-cbi,investment,2013-02-19,2022-04-01,1000000,EUR,"applicant (fast-track route, art. 14a; 1 year of permanent residence)",intl-ec-swd-2019-5,"PDF p. 5, Table 1","Amount of investment required11 EUR 500,000 EUR 1 million","Commission description; in leva the investment was increased from BGN 1 million to BGN 2 million (bgr-economy-2022-03-25). Art. 14a was added by DV 16 of 19 Feb 2013. Alternative: at least EUR 500,000 in the capital of a company with a priority investment project (SWD Table 2)."
t-4ee06daf1b,bgr-investor-residence,business,2009,,6000000,BGN,investor,bgr-lex-zchrb-2026,art. 25(1) item 8,"вложили в капитала на българско търговско дружество, чиито акции не са търгувани на регулиран пазар, сума не по-малка от 6 000 000 лв.;","Item added by DV 36 of 2009 and not amended since, per lex.bg."
t-ee7fbdc8a6,bgr-investor-residence,business,2026-06-16,,2000000,BGN,investor,bgr-lex-zchrb-2026,art. 25(1) item 7,инвестирали в страната чрез внасяне в капитала на българско търговско дружество на сума не по-малка от 2 000 000 лв. за осъществяван от дружеството приоритетен инвестиционен проект,"Priority investment project certified under the Investment Promotion Act. Item last amended by DV 55 of 16 Jun 2026 (and by DV 21/2021, DV 22/2022); amounts in earlier versions not checked, so valid_from is the last amendment."
t-f5071a2e40,bgr-investor-residence,concession,2021-03-12,,1000000,BGN,investor,bgr-lex-zchrb-2026,art. 25(1) item 6,права по концесионни договори на територията на Република България със стойност на договора не по-малка от 1 000 000 лв.,"Item 6(b). The most used route (449 of 619 residence-stage applicants by Aug 2021, bgr-dnes-2021-08-09). valid_from = DV 21 of 12 Mar 2021, the last amendment of item 6; earlier wording and amounts not checked. Text as consolidated on lex.bg on 2 Oct 2026."
t-354ecb0aa5,bgr-investor-residence,investment_fund,2021-03-12,,1000000,BGN,investor,bgr-lex-zchrb-2026,art. 25(1) item 6,дялове или акции на стойност не по-малка от 1 000 000 лв. в колективни инвестиционни схеми с произход от Република България,"Item 6(c): Bulgarian collective investment schemes with net assets of at least BGN 5 million. valid_from = DV 21 of 12 Mar 2021, the last amendment of item 6; earlier wording and amounts not checked. Text as consolidated on lex.bg on 2 Oct 2026."
t-baac4512cc,bgr-investor-residence,investment_fund_aif,2021-03-12,,1000000,BGN,investor,bgr-lex-zchrb-2026,art. 25(1) item 6,"дялове или акции на стойност не по-малка от 1 000 000 лв. в алтернативни инвестиционни фондове, установени в Република България","Item 6(d): Bulgarian alternative investment funds with assets of at least BGN 3 million. valid_from = DV 21 of 12 Mar 2021, the last amendment of item 6; earlier wording and amounts not checked. Text as consolidated on lex.bg on 2 Oct 2026."
t-bfdda6cbb6,bgr-investor-residence,securities,2021-03-12,,2000000,BGN,investor,bgr-lex-zchrb-2026,art. 25(1) item 6,"акции или облигации на български търговски дружества, търгувани на регулиран пазар или многостранна система за търговия в Република България, на пазарна стойност не по-малка от 2 000 000 лв.","Item 6(a), wording as amended by DV 21/2021. valid_from = DV 21 of 12 Mar 2021, the last amendment of item 6; earlier wording and amounts not checked. Text as consolidated on lex.bg on 2 Oct 2026."
t-35e8f47a5a,bhr-golden-residency,fee_application,,,5,BHD,"per application, non-refundable",bhr-npra-golden-property,Fees,Application fee 5 BHD (Non-refundable),Start date unknown; GDN (June 2022) reported a BD4 application fee at launch.
t-b7df34bf75,bhr-golden-residency,fee_permit,2022-02-10,,300,BHD,"per person (main applicant and each dependant), per 10-year permit",bhr-moi-order-20-2022,Art. 7,مقابل رسم مقداره 300 دينار بحريني (ثلاثمائة دينار بحريني),"Translation: 'for a fee of BHD 300', and BHD 300 for each dependant's permit. NPRA page (2026) adds a BHD 5 non-refundable application fee."
t-19fb545343,bhr-golden-residency,real_estate,2022-02-10,2025-11-26,200000,BHD,property owner (10-year renewable permit; dependants extra),bhr-moi-order-20-2022,Art. 1(1),شريطة ألا يقل ثمنها عن 200?000 دينار بحريني (مائتي ألف دينار بحريني) وقت شرائها,"Translation: 'provided their price is not less than BHD 200,000 at the time of purchase'. Properties registered in the applicant's name (plural in the text). valid_to is the date of the NPRA announcement of the cut; the amending legal instrument was not found."
t-9240da1fe4,bhr-golden-residency,real_estate,2025-11-26,,130000,BHD,property owner (10-year renewable permit),bhr-npra-golden-property,Required Documents,"Clear copy of ownership title deed with property value not less than 130,000 BHD",valid_from is the date of the NPRA press release (bhr-moi-press-130k-2025); legal instrument not found.
t-677347dbab,bhs-epr,bonds,2025-01-01,,1000000,BSD,main applicant,bhs-ag-imm-amend-bill-2024,"p. 2, s. 2(a)",has made an investment of one million dollars for a minimum period of ten years- (i) in real estate in The Bahamas; or (ii) in Zero Coupon Bonds issued by the Central Bank of The Bahamas,"Central Bank of The Bahamas zero coupon bonds; proceeds earmarked for education, health, Family Island infrastructure or youth and sports (new s.17A(9)). Can be combined with real estate per the Budget Communication (""real estate investments and or the purchase of Zero Coupon Bonds"")."
t-1d86a58ffc,bhs-epr,fee_certificate_with_right_to_work,,,25000,BSD,per certificate,bhs-doi-fee-scale-2026,fee list,"For an Economic Permanent Residence Certificate granted under 17A of the Act with the right to engage in gainful occupation in his own business $25,000",Current fee read 2026-10-02; start date unknown.
t-230bafef52,bhs-epr,fee_certificate_without_right_to_work,,,20000,BSD,per certificate,bhs-doi-fee-scale-2026,fee list,"For an Economic Permanent Residence Certificate granted pursuant to Section 17A of the Act without the right to engage in gainful occupation. $20,000",Current fee read 2026-10-02; start date unknown.
t-29a5758d31,bhs-epr,fee_reinstatement,2025-01-01,,500,BSD,per lapsed application,bhs-mof-budget-comm-2024,p. 53,We are also imposing a $500 reinstatement fee for Permanent Resident Applications which have been successfully concluded but not finalized after 90 days.,Applies to all permanent residence applications; written into s.17A(1A) for economic PR by the 2024 bill. Start date assumed to match the bill (1 Jan 2025); the budget does not give one.
t-e1ebb4b896,bhs-epr,real_estate,,2024-12-31,750000,BSD,main applicant (home value),bhs-mof-budget-comm-2024,p. 54,"Before, the requirement only called for $750,000 in Real Estate investments.","Start date not documented officially: a former attorney general said the threshold was raised from $500,000 ""as recently as 2018"" (bhs-tribune-delaney-2021), and the Minister in June 2021 described ""the present, narrow route of acquiring Bahamian real estate valued at $750,000 or more"" (bhs-tribune-epr-floor-2021). From 1 July 2021 the amount was set by ministerial order under s.17A; the order itself was not found."
t-ce37f17e39,bhs-epr,real_estate,2025-01-01,,1000000,BSD,main applicant,bhs-ag-imm-amend-bill-2024,"p. 2, s. 2(a)",has made an investment of one million dollars for a minimum period of ten years- (i) in real estate in The Bahamas; or (ii) in Zero Coupon Bonds issued by the Central Bank of The Bahamas,Asset must be held 10 years. Deeds of gift excluded. Bill text; start date per s.1(2) and the 2024 Budget Communication.
t-735c46d8d3,bhs-epr,real_estate_accelerated,2011-04-18,,1500000,BSD,main applicant (home value),bhs-rtc-accelerated-2011,para 2,those applying for permanent residency will now have to spend at least US$1.5 million on a Bahamian home to get fast-tracked by the Immigration Department.,"Administrative policy (2011 National Investment Policy), not law: buying a home of this value earned ""accelerated"" (fast-tracked) consideration; previously US$500,000. Lower-value owners could still apply on the ordinary route. valid_from is the day the policy was tabled (18 April 2011, per later reports); end date unknown. The MOFA page (bhs-mofa-pr-page-2026) still mentions BS$1.5 million ""speedy consideration""."
t-4eedef48f5,blz-ecp,economic_citizenship,,2002-01,25000,unspecified,per person,intl-usdos-incsr-2001,"Introduction, paragraph on economic citizenship","two individuals purchased economic citizenships from Belize for $25,000 apiece","Price actually paid by two buyers in December 2001, as reported by the US State Department; printed with '$' only (presumably US dollars). Not a published official schedule."
t-bc7b254ed4,bmu-eirc,any_qualifying_investment,2021-03-01,,2500000,BMD,main applicant (spouse and dependants included),bmu-mel-ms-eic-2021,"para ""An Economic Investment Certificate will require...""",An Economic Investment Certificate will require people who are granted the right to live in Bermuda to first make an economic investment of  $2.5M  or more in the island.,"Qualifying investments: Bermuda real estate, Government bonds (5-year hold; removed 9 June 2024), Sinking Fund, Bermuda Trust Fund, registered charity, existing or new Bermuda business, or other ventures approved by the Minister. From 31 March 2023 the same BD$2,500,000 applies under the EIRC policy (bmu-mel-eirc-policy-2023, p. 1: ""not less than BD$2,500,000""), with the residential certificate granted at once instead of after five years."
t-0cd7363d67,bmu-eirc,fee_certificate,2021-03-01,,2625,BMD,per certificate,bmu-mel-ms-eic-2021,"para ""The effective date of the policy...""","A fee of $2,625 will be charged for the issuance of the certificate, in accordance with the existing Government Fees Schedule.","Same fee in the 2023 EIRC policy (bmu-mel-eirc-policy-2023, p. 5: ""The fee payable on application for an RC is $2,625""). Government fee only."
t-af75965433,bmu-eirc,government_bonds,2021-03-01,2024-06-09,2500000,BMD,main applicant,bmu-mel-eirc-bonds-2024,para 3,"As a result, Bermuda Government bonds are removed from the list of qualifying investment options with immediate effect.","Bond route (5-year hold) existed from launch; removed by announcement of 9 June 2024. Minimum was the general $2.5M threshold. Only one application (two holders, $2.6m) used it."
t-b36bc285bf,bra-investor-residence,business,2009,2015,150000,BRL,individual investor (pessoa física),bra-obmigra-relatorio-anual-2025,"printed p. 42 (PDF p. 22), section ""Autorização de residência para investidores estrangeiros""","A Resolução Normativa (RN) 84 de 2009 estabeleceu os parâmetros para as autorizações de residência por investimento em atividades produtivas no País, onde destaca-se o valor mínimo de R$ 150.000,00","Investment in productive activities (companies, shops, services). Exact start and end dates of RN 84 not given in the source; the RN text itself was not downloaded."
t-228e4e68f5,bra-investor-residence,business,2015,,500000,BRL,"individual investor (pessoa física), investment of own foreign funds in a Brazilian company",bra-obmigra-relatorio-anual-2025,"printed p. 42 (PDF p. 22), same section","Esta resolução vigorou até 2015, quando foi substituída pela RN 118, que promoveu algumas mudanças, como, por exemplo, o aumento do valor mínimo do investimento, que passou a ser de R$ 500.000,00","RN 118/2015 was replaced in 2017 by RN 13 under the new Migration Law; the OBMigra report describes RN 13 without giving a different amount, and the 2019 OBMigra tables show investments of about R$500,000 per investor. A lower amount for innovation projects reported by law firms was not confirmed in an official text."
t-8a30e99c1e,bra-investor-residence,real_estate,2018,,1000000,BRL,individual buying urban residential property (built or under construction) with own foreign funds; outside the North and Northeast,bra-obmigra-relatorio-anual-2025,"printed p. 43 (PDF p. 22), paragraph on RN 36","A Resolução Normativa 36 de 2018, estabeleceu os parâmetros para a concessão de autorizações de residência por investimento imobiliário no País, com valor mínimo de R$ 1.000.000,00 para imóveis residenciais","RN 36 (dated 9 October 2018 according to the Agência Gov release) was replaced by RN 46, which kept the main rules (the report says 2021; law firms date its publication to August 2022)."
t-ffff9c8657,bra-investor-residence,real_estate,2018,,700000,BRL,"as above, for property in the North and Northeast regions",bra-agenciagov-imoveis-2024,"section ""Autorização de residência""","Nas regiões Norte e Nordeste, o valor mínimo é reduzido para R$ 700 mil para incentivar investimentos nessas localidades.","The OBMigra report expresses the same rule as ""30% menor nas regiões Norte e Nordeste""."
t-6b2254a464,brb-serp,fee_application,,,300,BBD,per application,brb-imm-sep-page-2026,requirements list,Application Fee of BDS $300.00,"Official page (undated). The magazine source reports much larger SERP fees (US$3,500-5,000 application; US$5,000 per adult Category 2), which may be permit fees; not reconciled."
t-844324b1a7,brb-serp,investment_and_net_worth,,,2000000,USD,"main applicant (Category 1; also US$5,000,000 net worth)",brb-bizbarbados-serp-2025,"section ""Category 1 SERP""","They must invest a minimum of US$2,000,000 in Barbados, from foreign-sourced funds, and certify to net worth exceeding US$5,000,000.","Second-hand (business magazine, practitioners): no official text with the thresholds was found. Category 2: US$300,000 in real estate. Start date unknown."
t-35c92476b8,can-iip,government_loan,,2010-11-30,400000,CAD,"main applicant with family; personal net worth of at least C$800,000; at least 2 years of business experience",can-cic-eval-bip-2014,"Section 1.2.2, Table 1.1, Footnote A","For applicants before December 1, 2010, the amounts were $800,000 in personal net worth and a $400,000 capital investment.","One-time investment paid to the Government of Canada, refundable without interest after five years and passed to participating provinces and territories. Start date of these amounts not given in the source (the class was redesigned on 1 April 1999). Currency not named; Canadian dollars. Most investors financed it through a bank arrangement, per the evaluation."
t-8ddb8539e3,can-iip,government_loan,2010-12-01,2014-06-19,800000,CAD,"main applicant with family; personal net worth of at least C$1,600,000",can-cic-eval-bip-2014,"Section 1.2.1, Investor (IN) Class paragraph","The IN class was amended on December 1, 2010 when the required investment and personal net worth amounts were doubled, to $800,000 and $1.6 million respectively.","Refundable without interest after five years. New applications capped at 700 a year from 1 July 2011 and not accepted from 1 July 2012; pending files terminated by s. 87.5 IRPA (assent 19 June 2014), with investments returned."
t-40656cded9,can-iivc,venture_capital_fund,2015-01-28,2015-12-30,2000000,CAD,"main applicant with family; net worth of at least C$10,000,000 lawfully acquired; language benchmark 5; post-secondary education",can-gazette-mi-iivc-2015,"Ministerial Instructions Respecting the Immigrant Investor Venture Capital Class, s. 2(2)(a) and (d)","an undertaking by them to pay the Minister a sum of $2,000,000, the repayment of which is not guaranteed",Paid to the Minister and transferred to the Business Development Bank of Canada to be invested as venture capital. The instructions were to have effect until 27 Jan 2020 but intake ended 30 Dec 2015 (MI19).
t-34bd71f90b,can-qc-investor,donation,2024-01-01,,200000,CAD,"main applicant, in addition to the 1,000,000 $ placement",can-goq-riq-dec1570-2023,"Gazette officielle du Québec 8 novembre 2023, p. 4963 (PDF p. 7), art. 13 replacing RIQ art. 37 para. 5; art. 19 (non-refundable)",faire un placement à terme de 5 ans d’un montant de 1 000 000 $ auprès d’IQ Immigrants Investisseurs Inc. et une contribution financière d’un montant de 200 000 $ à cette société,"Non-refundable financial contribution to IQ Immigrants Investisseurs, used for business grants (PIIAE and PRIIME). Refunded only in listed cases (e.g. work permit refused)."
t-e5d8f200e2,can-qc-investor,government_loan,2018-08-02,2023-12-31,1200000,CAD,"main applicant with spouse; net worth of at least C$2,000,000 of lawful origin; management experience",can-goq-riq-draft-2018,"Gazette officielle du Québec 28 mars 2018, p. 9 of the PDF, draft art. 38(3)",il effectue un placement à terme de cinq ans d’une somme de 1 200 000 $,"From the DRAFT regulation; the final Règlement sur l'immigration au Québec (décret 963-2018) came into force on 2 August 2018 and the 2023 MIFI impact analysis confirms the placement was 1.2 M$ before 2024 (""Réduction du montant du placement de 1,2 M$ à 1 M$""). 5-year placement with IQ Immigrants Investisseurs, refundable without interest; most investors financed it through intermediaries. Receipt of applications was suspended for most of this period (Nov 2019-Apr 2023)."
t-f7f008961c,can-qc-investor,government_loan,2024-01-01,,1000000,CAD,"main applicant with spouse; net worth of at least C$2,000,000; oral French level 7; work permit and stays in Quebec of at least 6 months each for investor and spouse within 2 years",can-goq-riq-dec1570-2023,"Gazette officielle du Québec 8 novembre 2023, p. 4963 (PDF p. 7), art. 13 replacing RIQ art. 37 para. 5; in force per art. 61",faire un placement à terme de 5 ans d’un montant de 1 000 000 $ auprès d’IQ Immigrants Investisseurs Inc. et une contribution financière d’un montant de 200 000 $ à cette société,"Refundable 5-year placement; the 200,000 $ contribution (next row) is paid on top."
t-f6a6cc91a1,che-lump-sum-taxation,minimum_tax_base,2016-01-01,2023-01-01,400000,CHF,"taxpayer (minimum taxable expenditure, direct federal tax)",che-fedlex-dbg-2016,art. 14(3)(a) (PDF p. 7),a. 400 000 Franken;,"Minimum base for direct federal tax under the reform of 28 Sep 2012 (AS 2013 779), in force 1 Jan 2016; also at least seven times the rent. Cantons set their own minimum for cantonal tax. A tax base, not an investment. Old-law cases had a transition until 2021 (FDK)."
t-24ae8f56cd,che-lump-sum-taxation,minimum_tax_base,2023-01-01,2026-01-01,421700,CHF,"taxpayer (minimum taxable expenditure, direct federal tax)",che-fedlex-dbg-2025,art. 14(3)(a) and footnote 17 (PDF p. 7),a.17 421 700 Franken;,"Indexed by EFD ordinance of 16 Sep 2022, said in force from 1 Jan 2023 (footnote 17), although the fedlex consolidations of 2023 and 2024 still show CHF 400,000."
t-a336fd097b,che-lump-sum-taxation,minimum_tax_base,2026-01-01,,435000,CHF,"taxpayer (minimum taxable expenditure, direct federal tax)",che-fedlex-dbg-2026,art. 14(3)(a) and footnote 19 (PDF p. 7),a.19 435 000 Franken;,"Indexed by EFD ordinance of 10 Sep 2025 (AS 2025 579), in force 1 Jan 2026."
t-4947507999,com-ecp,bulk_government_purchase,2008,2011,200000000,USD,"4,000 Bidoon families (bulk deal with the UAE)",com-reuters-2018-03-23,paragraph on first phase,"The first phase of the scheme, under Sambi, who was in power from 2006 to 2011, was meant to earn Comoros $200 million in return for giving citizenship to 4,000 stateless families.","Total for the whole deal, not per person. Emirati officials told the commission they paid in full; little trace was found in public accounts."
t-1dad1be5d1,com-ecp,bulk_government_purchase,2011,2016,4600,EUR,"per passport, minimum 5,000 passports",com-reuters-2018-03-23,paragraph on second phase,"A new agreement set the price of a passport at 4,600 euros, and said a minimum of 5,000 passports would be issued.","Terms of the 2011 agreement under President Dhoinine, as reported by Reuters from the commission report."
t-7dcc680ee5,com-ecp,economic_citizenship,2008,,1000000,KMF,per person,com-imf-art4-2012,"Attachment 2 (TMU), footnote 1","the government grants citizenship (in exchange for KMF 1 million; about US$3,000) to foreigners willing to make large investments in Comoros","IMF's description. The same definition appears in IMF Country Report 13/33 (footnote 5). Much lower than the per-passport prices reported elsewhere, which suggests it is the official fee, not what buyers paid."
t-8757c1f6aa,com-ecp,individual_purchase,,,25000,EUR,"per passport (range up to EUR 200,000)",com-france24-2018-04-10,paragraph on prices,"Most of the price paid for the passports -- between 25,000 and 200,000 euros -- was stolen","Range of prices paid, per the parliamentary report as read by AFP. Upper end EUR 200,000."
t-39ca44e5c4,cri-inversionista,unspecified,2012-05-17,2021-07-13,200000,USD,"investor and dependants; investment in real estate, registrable goods, shares, securities, productive projects or projects of national interest",cri-tse-reglamento-extranjeria-2012,"Reglamento de Extranjería, art. 87 (PDF p. 36)","no inferior a US$200.000.00 (doscientos mil dólares) según el tipo de cambio oficial de venta que determine el BCCR, ya sea en bienes inmuebles, bienes inscribibles, acciones, valores y proyectos productivos o proyectos de interés nacional","Valid from the regulation's publication (Alcance 64, La Gaceta 95, 17 May 2012); whether an earlier rule set the same amount was not checked. Productive projects require extra documents (art. 89)."
t-815a54c566,cri-inversionista,unspecified,2021-07-14,,150000,USD,"investor and dependants; real estate, registrable goods, shares, securities, productive projects, projects of national interest, venture capital funds or sustainable tourism infrastructure",cri-gaceta-ley9996-2021,"La Gaceta 135, 14 July 2021, p. 3, Ley 9996 art. 8","se establece un nuevo rango de inversión, con un capital no inferior a ciento cincuenta mil dólares estadounidenses (US$150 000, 00)","Article 8 applies ""por el plazo que establece la presente ley""; article 12 limits the tax benefits to the first five years (to about July 2026). Whether the US$150,000 minimum lapses after that is not settled by the text; left open."
t-0684e733b5,cym-cdi,business,,,1000000,KYD,main applicant,cym-imm-regs-2014rev,"PDF p. 11, reg 14A",an applicant for a Certificate of Direct Investment shall satisfy the Chief Immigration Officer that he proposes to invest or has invested a sum of at least one million dollars in an employment generating business.,Unchanged in the 2017 and 2018 revisions. Certificate valid 25 years with right to work in the business. Start date not established.
t-00a8b87354,cym-cdi,fee_certificate,2012-09-13,,20000,KYD,per certificate (issue fee),cym-imm-amend2-regs-2012,"PDF p. 14, Schedule 1","Issue of Certificate of Direct Investment 20,000","Plus CI$1,000 application fee and dependant fees; holder also pays an annual fee equal to a work permit fee. Draft 2026 fee: CI$50,000 (not confirmed)."
t-4604d5c722,cym-pim-permanent,fee_certificate,,,100000,KYD,per certificate (issue fee),cym-imm-regs-2014rev,"PDF p. 31, Schedule 1","Issue fee for Certificate of Permanent Residence for Persons of Independent Means 100,000","Plus CI$500 application and CI$1,000 per dependant. Unchanged in the 2018 revision (PDF p. 33). Draft 2026 fee regulations propose CI$200,000 (cym-mcei-fees-regs-draft-2026, p. 11, item 8.8); adoption not confirmed. Start date of the CI$100,000 fee not established (by October 2014 at the latest)."
t-337f4426f1,cym-pim-permanent,real_estate,,2017-05-26,1600000,KYD,main applicant,cym-imm-regs-2014rev,"PDF p. 11, reg 14B(1)",that he has invested one million six hundred thousand dollars in developed real estate in the Cayman Islands.,Developed real estate only. Quota of 250 certificates a year (reg 14B(2)). Start date: certificate created by the Immigration (Amendment) Law 2012; the regulation setting CI$1.6m was not retrieved.
t-e1afb1aa35,cym-pim-permanent,real_estate,2017-05-26,,2000000,KYD,main applicant,cym-imm-amend4-regs-2017,"p. 4, reg 3",that the applicant has invested two million dollars in developed real estate in the Cayman Islands,"Still CI$2 million under the Immigration (Transition) Act (the 2025 Act refers to the ""prescribed sum""). From 1 May 2026 the certificate is for 10 years, renewable indefinitely (cym-imm-trans-amend-act-2025, s.17)."
t-e02df43ec4,cym-pim-residency,fee_certificate,2012-09-13,,20000,KYD,per certificate (issue fee),cym-imm-amend2-regs-2012,"PDF p. 13, Schedule 1","Issue of Residency Certificate for Persons of Independent Means 20,000","Plus CI$500 application fee and CI$1,000 per dependant (made annual from 2017 by cym-imm-amend4-regs-2017). Same CI$20,000 in the 2018 revision (p. 32). A draft of February 2026 proposes CI$50,000 (cym-mcei-fees-regs-draft-2026); adoption not confirmed. Earlier fee not established."
t-aaf25e822e,cym-pim-residency,real_estate_and_investment,,2017-05-26,500000,KYD,"main applicant, Grand Cayman (of which CI$250,000 in developed real estate)",cym-imm-regs-2014rev,"PDF p. 10, reg 14(a)(ii)",that he has invested the sum of five hundred thousand dollars in Grand Cayman of which at least two hundred and fifty thousand dollars must be in developed real estate,"Also needed a continuous annual income of CI$120,000. Cayman Brac/Little Cayman: CI$250,000 (CI$125,000 real estate) and CI$75,000 income. Earlier start date not established. valid_to is the gazette date of the 2017 change."
t-174a4d1002,cym-pim-residency,real_estate_and_investment,2017-05-26,,1000000,KYD,"main applicant, Grand Cayman (of which CI$500,000 in developed real estate)",cym-imm-amend4-regs-2017,"p. 3, reg 2","that the applicant has invested the sum of one million dollars, of which at least five hundred thousand dollars must be in developed real estate in Grand Cayman","Plus annual income of at least CI$120,000 or a CI$400,000 deposit with a local regulated institution. Cayman Brac/Little Cayman: CI$500,000 (CI$250,000 real estate). Made 17 May 2017, gazetted 26 May 2017; commencement date not stated. Certificate valid 25 years, no right to work."
t-5d2f75c0da,cym-sbp,fee_certificate,2012-09-13,,5000,KYD,per certificate (issue fee),cym-imm-amend2-regs-2012,"PDF p. 15, Schedule 1","Issue fee for Residency Certificate (Substantial Business Presence) 5,000","No minimum investment: the business must have physical premises and at least four full-time resident employees (reg 14C). Annual work-permit-equivalent fee also payable. Draft 2026 fee: CI$12,500 (not confirmed)."
t-124557be19,cyp-cip,bank_deposit,2007-07-11,2011-01-03,10000000,CYP,main applicant,cyp-inquiry-cip-2021,"PDF pp. 41-42 (printed pp. 39-40), para 25",Λ.Κ 10 εκ. τακτικής προθεσμίας πέντε ετών,"Five-year fixed deposit in Cyprus banks. Council of Ministers decision 65.824 of 11 Jul 2007; legal basis para 2(στ) of the Third Schedule of the Civil Registry Law (exceptional services to the Republic). Amounts in Cyprus pounds (Λ.Κ.). The Audit Office timeline gives the euro equivalents 'Επενδύσεις €25εκ. ή καταθέσεις €17εκ.' (cyp-audit-cip-2022 PDF p. 31). Also required: age 30+, clean criminal record, permanent residence in Cyprus (no minimum value). The next decision (71.546 of 4 Jan 2011) added only family provisions; the committee does not restate economic criteria for 4 Jan-9 Oct 2011."
t-928f371b45,cyp-cip,bank_deposit,2011-10-10,2013-04-15,15000000,EUR,main applicant,cyp-inquiry-cip-2021,"PDF pp. 44-45 (printed pp. 42-43), para 27","τουλάχιστον €15 εκ., τακτής προθεσμίας πέντε ετών","Five-year fixed deposits; naturalisation could be revoked if withdrawn earlier. Council of Ministers decision 72.676 of 10 Oct 2011; also clean criminal record, not on EU asset-freeze list, age 30+."
t-d4e5769c7a,cyp-cip,bank_deposit,2013-04-16,2013-05-23,3000000,EUR,main applicant,cyp-inquiry-cip-2021,"PDF pp. 45-46 (printed pp. 43-44), para 27, Programme II Period B","Καταθέσεις €3 εκ. (€2 εκ. Ταμείο Ανάπτυξης Επενδύσεων, €0,5 εκ. Ταμείο Τεχνολογίας, €0,5 εκ. Ταμείο Αλληλεγγύης) 5 έτη δέσμευσης","Deposits into three state funds, locked for 5 years. Council of Ministers decision 74.912 of 16 Apr 2013, weeks after the bank 'haircut' (bail-in) of March 2013."
t-d8d4c4b4f3,cyp-cip,bank_deposit,2013-05-24,2014-03-18,5000000,EUR,main applicant,cyp-inquiry-cip-2021,"PDF pp. 48-49 (printed pp. 46-47), Programme III","Καταθέσεις προσωπικές σε τράπεζες, ή εταιρείες, καταπιστεύματα, €5εκ., τακτής προθεσμίας 3 ετών","Three-year fixed deposits. Council of Ministers decision 75.148 of 24 May 2013, the first 'Cyprus Investment Programme' decision under the new art. 111A(2). Investments to be held for three years."
t-06f09511b1,cyp-cip,bank_deposit,2014-03-19,2016-09-12,5000000,EUR,main applicant,cyp-inquiry-cip-2021,"PDF pp. 52-53 (printed pp. 50-51), Programme IV",ή καταπίστευμα €5εκ.(+) προθεσμίας 3 ετών,Council of Ministers decisions 76.668 and 76.973 of 19 Mar 2014 (amended 25 Jun and 1 Aug 2014 by 77.131). Investments made up to 3 years before the application and held for at least 3 years.
t-33e8a35eb6,cyp-cip,business,2007-07-11,2011-01-03,50000000,CYP,main applicant,cyp-inquiry-cip-2021,"PDF pp. 41-42 (printed pp. 39-40), para 25",σύσταση Εταιρείας το έτος που προηγείται του έτους της αίτησης - τουλάχιστον Λ.Κ 50 εκ.,"Business activity: company set up in the year before the application. Council of Ministers decision 65.824 of 11 Jul 2007; legal basis para 2(στ) of the Third Schedule of the Civil Registry Law (exceptional services to the Republic). Amounts in Cyprus pounds (Λ.Κ.). The Audit Office timeline gives the euro equivalents 'Επενδύσεις €25εκ. ή καταθέσεις €17εκ.' (cyp-audit-cip-2022 PDF p. 31). Also required: age 30+, clean criminal record, permanent residence in Cyprus (no minimum value). The next decision (71.546 of 4 Jan 2011) added only family provisions; the committee does not restate economic criteria for 4 Jan-9 Oct 2011."
t-608c99d54f,cyp-cip,business,2011-10-10,2013-04-15,10000000,EUR,main applicant,cyp-inquiry-cip-2021,"PDF pp. 44-45 (printed pp. 42-43), para 27",σύσταση Εταιρείας τα τελευταία 3 έτη που προηγούνται του έτους της αίτησης - τουλάχιστον €10 εκ.,"And/or at least one third of employees Cypriot citizens. Council of Ministers decision 72.676 of 10 Oct 2011; also clean criminal record, not on EU asset-freeze list, age 30+."
t-a3b0865f3a,cyp-cip,business,2014-03-19,2016-09-12,5000000,EUR,main applicant,cyp-inquiry-cip-2021,"PDF pp. 52-53 (printed pp. 50-51), Programme IV","Αγορά ή σύσταση ή συμμετοχή σε κυπριακές επιχειρήσεις και εταιρείες, ύψους €5εκ.(+)",Council of Ministers decisions 76.668 and 76.973 of 19 Mar 2014 (amended 25 Jun and 1 Aug 2014 by 77.131). Investments made up to 3 years before the application and held for at least 3 years.
t-2ca365b0a6,cyp-cip,business,2016-09-13,2019-02-12,2000000,EUR,main applicant,cyp-inquiry-cip-2021,"PDF pp. 56-57 (printed pp. 54-55), Programme V",Αγορά ή σύσταση ή συμμετοχή σε κυπριακές επιχειρήσεις και εταιρείες ύψους €2εκ.(+),Council of Ministers decision 81.292 of 13 Sept 2016 (and 84.068/84.957 of 9 Jan 2018). Investments held for at least 3 years. Parents of the investor could also be naturalised if they owned a home (over EUR 1m if shared with the investor; cyp-audit-cip-2022 PDF p. 31).
t-5fc78e7150,cyp-cip,business,2019-02-13,2020-08-17,2000000,EUR,main applicant,cyp-inquiry-cip-2021,"PDF pp. 59-63 (printed pp. 57-61), Programme VI","εταιρείες ύψους €2εκ.(+), τα κεφάλαια να διοχετεύονται για","Council of Ministers decisions 86.879, 87.429 and 87.713 (from 13 Feb 2019) and 87.926/87.927 (from 25 Jul 2019). Valid Schengen visa required (applications from 15 May 2019); investments held 5 years (up from 3, per cyp-audit-cip-2022 PDF p. 31); PEPs barred from July 2019. valid_to is the day before ΚΔΠ 379/2020 took effect."
t-7829843af1,cyp-cip,collective_investment,2014-03-19,2016-09-12,2500000,EUR,main applicant in a collective scheme of EUR 12.5m+,cyp-inquiry-cip-2021,"PDF pp. 52-53 (printed pp. 50-51), Programme IV","€2,5εκ. για επενδυτές που συμμετέχουν σε σχέδιο επενδύσεων €12,5 εκ(+)","Criterion A.8 'collective large investments', meant for special cases. The Audit Office found about 775 of about 1,000 investor applications filed 19 Mar 2014-13 Sept 2016 used it (cyp-audit-cip-2022 PDF p. 16), so the EUR 5m threshold was not applied in practice. Council of Ministers decisions 76.668 and 76.973 of 19 Mar 2014 (amended 25 Jun and 1 Aug 2014 by 77.131). Investments made up to 3 years before the application and held for at least 3 years."
t-d4915476d8,cyp-cip,collective_investment,2014-03-19,2014-06-01,2000000,EUR,main applicant in a collective scheme of EUR 12.5m+,cyp-inquiry-cip-2021,"PDF pp. 52-53 (printed pp. 50-51), Programme IV","σε €2εκ. για επενδυτές που συμμετέχουν σε σχέδιο επενδύσεων €12,5(+)",Lower collective threshold valid until 1 Jun 2014. Council of Ministers decisions 76.668 and 76.973 of 19 Mar 2014 (amended 25 Jun and 1 Aug 2014 by 77.131). Investments made up to 3 years before the application and held for at least 3 years.
t-f2047a6733,cyp-cip,combination,2007-07-11,2011-01-03,15000000,CYP,main applicant,cyp-inquiry-cip-2021,"PDF pp. 41-42 (printed pp. 39-40), para 25",Συνδυασμός των πιο πάνω αξίας Λ.Κ 15 εκ.,"Council of Ministers decision 65.824 of 11 Jul 2007; legal basis para 2(στ) of the Third Schedule of the Civil Registry Law (exceptional services to the Republic). Amounts in Cyprus pounds (Λ.Κ.). The Audit Office timeline gives the euro equivalents 'Επενδύσεις €25εκ. ή καταθέσεις €17εκ.' (cyp-audit-cip-2022 PDF p. 31). Also required: age 30+, clean criminal record, permanent residence in Cyprus (no minimum value). The next decision (71.546 of 4 Jan 2011) added only family provisions; the committee does not restate economic criteria for 4 Jan-9 Oct 2011."
t-628ebc83f9,cyp-cip,combination,2011-10-10,2013-04-15,15000000,EUR,main applicant,cyp-inquiry-cip-2021,"PDF pp. 44-45 (printed pp. 42-43), para 27",Συνδυασμός των πιο πάνω αξίας €15 εκ,"Council of Ministers decision 72.676 of 10 Oct 2011; also clean criminal record, not on EU asset-freeze list, age 30+."
t-78645409c4,cyp-cip,combination,2013-05-24,2014-03-18,5000000,EUR,main applicant,cyp-inquiry-cip-2021,"PDF pp. 48-49 (printed pp. 46-47), Programme III","Συνδυασμός μεικτών επενδύσεων, δωρεών, άμεσων, καταθέσεων ύψους €5 εκ.","Council of Ministers decision 75.148 of 24 May 2013, the first 'Cyprus Investment Programme' decision under the new art. 111A(2). Investments to be held for three years."
t-198bb8713e,cyp-cip,combination,2014-03-19,2016-09-12,5000000,EUR,main applicant,cyp-inquiry-cip-2021,"PDF pp. 52-53 (printed pp. 50-51), Programme IV",συνδυασμός ύψους €5εκ.(+),Council of Ministers decisions 76.668 and 76.973 of 19 Mar 2014 (amended 25 Jun and 1 Aug 2014 by 77.131). Investments made up to 3 years before the application and held for at least 3 years.
t-ececb6258d,cyp-cip,combination,2016-09-13,2019-02-12,2000000,EUR,main applicant,cyp-inquiry-cip-2021,"PDF pp. 56-57 (printed pp. 54-55), Programme V","Συνδυασμός των ανωτέρω, ύψους €2εκ.(+).",Council of Ministers decision 81.292 of 13 Sept 2016 (and 84.068/84.957 of 9 Jan 2018). Investments held for at least 3 years. Parents of the investor could also be naturalised if they owned a home (over EUR 1m if shared with the investor; cyp-audit-cip-2022 PDF p. 31).
t-228d9cc587,cyp-cip,combination,2019-02-13,2020-08-17,2000000,EUR,main applicant,cyp-inquiry-cip-2021,"PDF pp. 59-63 (printed pp. 57-61), Programme VI","1.5) Συνδυασμός των ανωτέρω, ύψους €2εκ.(+).","Council of Ministers decisions 86.879, 87.429 and 87.713 (from 13 Feb 2019) and 87.926/87.927 (from 25 Jul 2019). Valid Schengen visa required (applications from 15 May 2019); investments held 5 years (up from 3, per cyp-audit-cip-2022 PDF p. 31); PEPs barred from July 2019. valid_to is the day before ΚΔΠ 379/2020 took effect."
t-627f76bc11,cyp-cip,direct_investment,2007-07-11,2011-01-03,15000000,CYP,main applicant,cyp-inquiry-cip-2021,"PDF pp. 41-42 (printed pp. 39-40), para 25","Άμεσες επενδύσεις, τουλάχιστον Λ.Κ. 15 εκ.","Council of Ministers decision 65.824 of 11 Jul 2007; legal basis para 2(στ) of the Third Schedule of the Civil Registry Law (exceptional services to the Republic). Amounts in Cyprus pounds (Λ.Κ.). The Audit Office timeline gives the euro equivalents 'Επενδύσεις €25εκ. ή καταθέσεις €17εκ.' (cyp-audit-cip-2022 PDF p. 31). Also required: age 30+, clean criminal record, permanent residence in Cyprus (no minimum value). The next decision (71.546 of 4 Jan 2011) added only family provisions; the committee does not restate economic criteria for 4 Jan-9 Oct 2011."
t-a3194c918d,cyp-cip,direct_investment,2011-10-10,2013-04-15,10000000,EUR,main applicant,cyp-inquiry-cip-2021,"PDF pp. 44-45 (printed pp. 42-43), para 27",Άμεσες επενδύσεις τουλάχιστον €10 εκ.,"Real estate, securities etc. Council of Ministers decision 72.676 of 10 Oct 2011; also clean criminal record, not on EU asset-freeze list, age 30+."
t-01ad9e6548,cyp-cip,direct_investment,2013-04-16,2013-05-23,5000000,EUR,main applicant,cyp-inquiry-cip-2021,"PDF pp. 45-46 (printed pp. 43-44), para 27, Programme II Period B",Άμεσες επενδύσεις τουλάχιστον €5 εκ.,"Council of Ministers decision 74.912 of 16 Apr 2013, weeks after the bank 'haircut' (bail-in) of March 2013."
t-7174a115eb,cyp-cip,direct_investment,2013-05-24,2014-03-18,5000000,EUR,main applicant,cyp-inquiry-cip-2021,"PDF pp. 48-49 (printed pp. 46-47), Programme III","Ύψους 5εκ(+), σε οικοδομές, καταστήματα κλπ., όχι αναξιοποίητη γη","Buildings, shops etc., not undeveloped land; also companies, shares, financial assets. Until 30 Jun 2014 the Ministry could lower this to EUR 2m for buyers in a special collective real-estate scheme. Council of Ministers decision 75.148 of 24 May 2013, the first 'Cyprus Investment Programme' decision under the new art. 111A(2). Investments to be held for three years."
t-794ce08b25,cyp-cip,donation,2019-05-15,2020-08-17,75000,EUR,main applicant (to the Research and Innovation Foundation),cyp-inquiry-cip-2021,"PDF pp. 59-63 (printed pp. 57-61), Programme VI",τουλάχιστον €75.000 προς το Ίδρυμα Προώθησης,"Donation to the research foundation, waivable if EUR 75,000 was invested in a certified innovative or social enterprise. Applies to applications from 15 May 2019. Council of Ministers decisions 86.879, 87.429 and 87.713 (from 13 Feb 2019) and 87.926/87.927 (from 25 Jul 2019). Valid Schengen visa required (applications from 15 May 2019); investments held 5 years (up from 3, per cyp-audit-cip-2022 PDF p. 31); PEPs barred from July 2019. valid_to is the day before ΚΔΠ 379/2020 took effect."
t-4e16559254,cyp-cip,donation,2019-05-15,2020-08-17,75000,EUR,"main applicant (to the Cyprus Land Development Corporation, ΚΟΑΓ)",cyp-inquiry-cip-2021,"PDF pp. 59-63 (printed pp. 57-61), Programme VI",τουλάχιστον €75.000 προς τον Κυπριακό Οργανισμό,"Donation for affordable housing; on top of the research donation, so EUR 150,000 in donations in total. Applies to applications from 15 May 2019. Council of Ministers decisions 86.879, 87.429 and 87.713 (from 13 Feb 2019) and 87.926/87.927 (from 25 Jul 2019). Valid Schengen visa required (applications from 15 May 2019); investments held 5 years (up from 3, per cyp-audit-cip-2022 PDF p. 31); PEPs barred from July 2019. valid_to is the day before ΚΔΠ 379/2020 took effect."
t-ab40ed5f97,cyp-cip,donation,2020-08-18,2020-10-31,100000,EUR,main applicant (to one of four public bodies),cyp-kdp-379-2020,"Regulation 6(1)-(2), PDF pp. 3-4 (gazette pp. 2023-2024)",Να καταβάλει ποσό ύψους τουλάχιστον εκατόν χιλιάδων ευρώ (€100.000) στο Ίδρυμα Έρευνας και Καινοτομίας,"To the Research and Innovation Foundation, or alternatively EUR 100,000 to the Industry and Technology Service, the Renewable Energy and Energy Saving Fund, or the National Solidarity Fund. ΚΔΠ 379/2020, published 18 Aug 2020; the programme stopped taking applications on 31 Oct 2020. The Audit Office says applicants who had filed before 18 Aug 2020 were in practice all treated under the older rules (cyp-audit-cip-2022 PDF p. 16)."
t-06b47e9e39,cyp-cip,donation,2020-08-18,2020-10-31,100000,EUR,main applicant (to the Cyprus Land Development Corporation),cyp-kdp-379-2020,"Regulation 6(1)-(2), PDF pp. 3-4 (gazette pp. 2023-2024)",να καταβάλει ποσό ύψους τουλάχιστον εκατό χιλιάδων ευρώ (€100.000) στον Κυπριακό Οργανισμό Ανάπτυξης Γης,"In addition to the first EUR 100,000, so EUR 200,000 in contributions in total (as the Audit Office also states). ΚΔΠ 379/2020, published 18 Aug 2020; the programme stopped taking applications on 31 Oct 2020. The Audit Office says applicants who had filed before 18 Aug 2020 were in practice all treated under the older rules (cyp-audit-cip-2022 PDF p. 16)."
t-b692656697,cyp-cip,executive_tax_paid,2014-03-19,2020-10-31,100000,EUR,company executive (tax over 3 years),cyp-inquiry-cip-2021,"PDF p. 52 (printed p. 50), Programme IV 'Γενικά' (β)","έσοδα της τάξεως των €100.000, τουλάχιστον για περίοδο 3ετίας","Senior executives whose pay generated at least EUR 100,000 of tax over 3 years, in a company meeting an investment criterion, plus the EUR 500,000 residence. Unchanged in later decisions and in ΚΔΠ 379/2020 (cyp-audit-cip-2022 PDF p. 19). The inquiry and auditors consider the route unlawful."
t-5bafaca54f,cyp-cip,fee_application,,,2000,EUR,per application,cyp-audit-cip-2020-09,PDF p. 16 (printed p. 12),νενομισμένα τέλη ύψους €2.000 για την υποβολή αίτησης και €5.000 για την έκδοση,"Fees in force in Sept 2020; start date not stated. Plus EUR 5,000 for the naturalisation certificate (separate row)."
t-6841aaa305,cyp-cip,fee_certificate,,,5000,EUR,per naturalisation certificate,cyp-audit-cip-2020-09,PDF p. 16 (printed p. 12),€5.000 για την έκδοση Πιστοποιητικού Πολιτογράφησης,Fees in force in Sept 2020; start date not stated.
t-20d3ac9208,cyp-cip,financial_assets,2014-03-19,2016-09-12,5000000,EUR,main applicant,cyp-inquiry-cip-2021,"PDF pp. 52-53 (printed pp. 50-51), Programme IV","Αγορά χρηματοοικονομικών περιουσιακών στοιχείων (ομόλογα, αξιόγραφα, χρεόγραφα) εκδοθέντα από τη Δημοκρατία ύψους €5εκ.(+)",Council of Ministers decisions 76.668 and 76.973 of 19 Mar 2014 (amended 25 Jun and 1 Aug 2014 by 77.131). Investments made up to 3 years before the application and held for at least 3 years.
t-86e1d3bb05,cyp-cip,funds,2016-09-13,2019-02-12,2000000,EUR,main applicant,cyp-inquiry-cip-2021,"PDF pp. 56-57 (printed pp. 54-55), Programme V","αγορά μονάδων αξίας €2εκ.(+), από ΟΕΕ",Council of Ministers decision 81.292 of 13 Sept 2016 (and 84.068/84.957 of 9 Jan 2018). Investments held for at least 3 years. Parents of the investor could also be naturalised if they owned a home (over EUR 1m if shared with the investor; cyp-audit-cip-2022 PDF p. 31).
t-df90899ddd,cyp-cip,funds,2019-02-13,2020-08-17,2000000,EUR,main applicant,cyp-inquiry-cip-2021,"PDF pp. 59-63 (printed pp. 57-61), Programme VI","Επιτροπή Κεφαλαιαγοράς: αγορά μονάδων αξίας €2εκ(+), από","Council of Ministers decisions 86.879, 87.429 and 87.713 (from 13 Feb 2019) and 87.926/87.927 (from 25 Jul 2019). Valid Schengen visa required (applications from 15 May 2019); investments held 5 years (up from 3, per cyp-audit-cip-2022 PDF p. 31); PEPs barred from July 2019. valid_to is the day before ΚΔΠ 379/2020 took effect."
t-03f7661e75,cyp-cip,government_bonds,2014-03-19,2016-09-12,5000000,EUR,main applicant,cyp-inquiry-cip-2021,"PDF pp. 52-53 (printed pp. 50-51), Programme IV",Επένδυση σε κρατικά ομόλογα ύψους €5εκ.(+),Council of Ministers decisions 76.668 and 76.973 of 19 Mar 2014 (amended 25 Jun and 1 Aug 2014 by 77.131). Investments made up to 3 years before the application and held for at least 3 years.
t-bc5b33b2f5,cyp-cip,government_bonds,2016-09-13,2019-02-12,500000,EUR,"main applicant, as part of a EUR 2m combination",cyp-inquiry-cip-2021,"PDF pp. 56-57 (printed pp. 54-55), Programme V","ειδικών κρατικών ομολόγων της Δημοκρατίας, ύψους €500.000","Special government bonds within the combination route, held 3+ years. Council of Ministers decision 81.292 of 13 Sept 2016 (and 84.068/84.957 of 9 Jan 2018). Investments held for at least 3 years. Parents of the investor could also be naturalised if they owned a home (over EUR 1m if shared with the investor; cyp-audit-cip-2022 PDF p. 31)."
t-00860a8b7f,cyp-cip,government_fees,,,7000,EUR,"main applicant (and EUR 7,000 for the spouse)",intl-ec-com-2019-12,"PDF p. 5, footnote 20","Cyprus charges EUR 7,000 for the main applicant and EUR 7,000 for the spouse","European Commission report of 23 Jan 2019 (based on a 2018 study); consistent with the EUR 2,000 + 5,000 above. Start date not stated."
t-a785cfb906,cyp-cip,haircut_losses,2013-04-16,2013-05-23,3000000,EUR,main applicant,cyp-inquiry-cip-2021,"PDF pp. 45-46 (printed pp. 43-44), para 27, Programme II Period B","Ο αιτών να έχει υποστεί απομείωση από Τράπεζα Κύπρου ή Λαϊκή, μετά τις 15 Μαρτίου 2013, τουλάχιστον €3 εκ.","Losses of at least EUR 3m in the Bank of Cyprus or Laiki bail-in qualified on their own. Council of Ministers decision 74.912 of 16 Apr 2013, weeks after the bank 'haircut' (bail-in) of March 2013."
t-a328b355f6,cyp-cip,haircut_losses,2013-05-24,2014-03-18,3000000,EUR,main applicant,cyp-inquiry-cip-2021,"PDF pp. 48-49 (printed pp. 46-47), Programme III",ύψος απομείωσης €3εκ.(+),"Smaller losses could be topped up with other investment. Council of Ministers decision 75.148 of 24 May 2013, the first 'Cyprus Investment Programme' decision under the new art. 111A(2). Investments to be held for three years."
t-80e5fcc3ff,cyp-cip,haircut_losses,2014-03-19,2016-09-12,3000000,EUR,main applicant,cyp-inquiry-cip-2021,"PDF pp. 52-53 (printed pp. 50-51), Programme IV","Απομείωση από Λαϊκή Τράπεζα, μετά τις 15.3.2013, €3εκ(+).",Council of Ministers decisions 76.668 and 76.973 of 19 Mar 2014 (amended 25 Jun and 1 Aug 2014 by 77.131). Investments made up to 3 years before the application and held for at least 3 years.
t-e5a592f8b1,cyp-cip,investment,2020-08-18,2020-10-31,2000000,EUR,main applicant,cyp-kdp-379-2020,"Regulation 6(1)-(2), PDF pp. 3-4 (gazette pp. 2023-2024)","επένδυση ύψους τουλάχιστον δύο εκατομμυρίων ευρώ (€2.000.000), ως ακολούθως:","Real estate/development, business, alternative investment funds or financial assets. ΚΔΠ 379/2020, published 18 Aug 2020; the programme stopped taking applications on 31 Oct 2020. The Audit Office says applicants who had filed before 18 Aug 2020 were in practice all treated under the older rules (cyp-audit-cip-2022 PDF p. 16)."
t-7f2c7f0db8,cyp-cip,mixed_investment_and_donation,2013-05-24,2014-03-18,2000000,EUR,main applicant,cyp-inquiry-cip-2021,"PDF pp. 48-49 (printed pp. 46-47), Programme III",Μικτές επενδύσεις και/ή δωρεές σε κρατικά ταμεία: ποσό 2 εκ(+),"Mixed investments and/or donations to state funds, incl. EUR 500,000 as a donation to the Research and Technology Fund. Council of Ministers decision 75.148 of 24 May 2013, the first 'Cyprus Investment Programme' decision under the new art. 111A(2). Investments to be held for three years."
t-6d27f0546c,cyp-cip,real_estate,2014-03-19,2016-09-12,5000000,EUR,main applicant,cyp-inquiry-cip-2021,"PDF pp. 52-53 (printed pp. 50-51), Programme IV","Επένδυση σε ακίνητα ή έργα ανάπτυξης (οικιστικά, εμπορικά, τουριστικά κλπ.) ύψους €5εκ.",Council of Ministers decisions 76.668 and 76.973 of 19 Mar 2014 (amended 25 Jun and 1 Aug 2014 by 77.131). Investments made up to 3 years before the application and held for at least 3 years.
t-23be592bbb,cyp-cip,real_estate,2016-09-13,2019-02-12,2000000,EUR,main applicant,cyp-inquiry-cip-2021,"PDF pp. 56-57 (printed pp. 54-55), Programme V","τουριστικά κλπ.) ύψους €2εκ(+)., περιλαμβάνεται και επένδυση σε οικοδομήσιμη γη",Council of Ministers decision 81.292 of 13 Sept 2016 (and 84.068/84.957 of 9 Jan 2018). Investments held for at least 3 years. Parents of the investor could also be naturalised if they owned a home (over EUR 1m if shared with the investor; cyp-audit-cip-2022 PDF p. 31).
t-65a7d4773d,cyp-cip,real_estate,2019-02-13,2020-08-17,2000000,EUR,main applicant,cyp-inquiry-cip-2021,"PDF pp. 59-63 (printed pp. 57-61), Programme VI","εμπορικά, τουριστικά κλπ.) ύψους €2εκ(+). Περιλαμβάνεται και","Council of Ministers decisions 86.879, 87.429 and 87.713 (from 13 Feb 2019) and 87.926/87.927 (from 25 Jul 2019). Valid Schengen visa required (applications from 15 May 2019); investments held 5 years (up from 3, per cyp-audit-cip-2022 PDF p. 31); PEPs barred from July 2019. valid_to is the day before ΚΔΠ 379/2020 took effect."
t-6b9b1fcff8,cyp-cip,residence_requirement,2011-10-10,2013-04-15,500000,EUR,main applicant,cyp-inquiry-cip-2021,"PDF pp. 44-45 (printed pp. 42-43), para 27",να διαθέτει μόνιμη κατοικία που υπερβαίνει τις €500.000,"First minimum value for the required permanent residence, in addition to the investment. Council of Ministers decision 72.676 of 10 Oct 2011; also clean criminal record, not on EU asset-freeze list, age 30+."
t-f29008991a,cyp-cip,residence_requirement,2013-04-16,2013-05-23,500000,EUR,main applicant,cyp-inquiry-cip-2021,"PDF pp. 45-46 (printed pp. 43-44), para 27, Programme II Period B","κατοχή ιδιόκτητης κατοικίας αγοραίας αξίας, τουλάχιστον €500.000","Council of Ministers decision 74.912 of 16 Apr 2013, weeks after the bank 'haircut' (bail-in) of March 2013."
t-3f60db15f1,cyp-cip,residence_requirement,2013-05-24,2014-03-18,500000,EUR,main applicant,cyp-inquiry-cip-2021,"PDF pp. 48-49 (printed pp. 46-47), Programme III",να διαθέτει μόνιμη ιδιόκτητη κατοικία που υπερβαίνει τις €500.000,"Spouses and dependent adult children up to 28 (students) could also be naturalised. Council of Ministers decision 75.148 of 24 May 2013, the first 'Cyprus Investment Programme' decision under the new art. 111A(2). Investments to be held for three years."
t-b913c8290d,cyp-cip,residence_requirement,2014-03-19,2016-09-12,500000,EUR,main applicant (plus VAT),cyp-inquiry-cip-2021,"PDF p. 53 (printed p. 51), Programme IV (Γ)",αγοραίας αξίας €500.000 και πλέον Φ.Π.Α,"Family members applying separately as investors could jointly buy a home covering EUR 500,000 each. Council of Ministers decisions 76.668 and 76.973 of 19 Mar 2014 (amended 25 Jun and 1 Aug 2014 by 77.131). Investments made up to 3 years before the application and held for at least 3 years."
t-2344c31f0c,cyp-cip,residence_requirement,2016-09-13,2019-02-12,500000,EUR,main applicant (plus VAT),cyp-inquiry-cip-2021,"PDF pp. 56-57 (printed pp. 54-55), Programme V","κάτοχος μόνιμης ιδιόκτητης κατοικίας στη Δημοκρατία, αγοραίας αξίας €500.000, πλέον Φ.Π.Α.","Not needed separately if one unit of a real-estate investment was worth EUR 500,000+ and kept for life. Council of Ministers decision 81.292 of 13 Sept 2016 (and 84.068/84.957 of 9 Jan 2018). Investments held for at least 3 years. Parents of the investor could also be naturalised if they owned a home (over EUR 1m if shared with the investor; cyp-audit-cip-2022 PDF p. 31)."
t-eb73c8e506,cyp-cip,residence_requirement,2019-02-13,2020-08-17,500000,EUR,main applicant (plus VAT),cyp-inquiry-cip-2021,"PDF pp. 59-63 (printed pp. 57-61), Programme VI","στη Δημοκρατία, αγοραίας αξίας €500.000, πλέον Φ.Π.Α","For applications after 15 May 2019 reusing homes already used in the programme, total investment incl. the home had to reach EUR 2.5m. Council of Ministers decisions 86.879, 87.429 and 87.713 (from 13 Feb 2019) and 87.926/87.927 (from 25 Jul 2019). Valid Schengen visa required (applications from 15 May 2019); investments held 5 years (up from 3, per cyp-audit-cip-2022 PDF p. 31); PEPs barred from July 2019. valid_to is the day before ΚΔΠ 379/2020 took effect."
t-92d5cbff51,cyp-cip,residence_requirement,2020-08-18,2020-10-31,500000,EUR,main applicant (plus VAT),cyp-kdp-379-2020,"Regulation 7, PDF p. 6",κατοικίας στη Δημοκρατία αξίας τουλάχιστον πεντακοσίων χιλιάδων ευρώ (€500.000) πλέον,"ΚΔΠ 379/2020, published 18 Aug 2020; the programme stopped taking applications on 31 Oct 2020. The Audit Office says applicants who had filed before 18 Aug 2020 were in practice all treated under the older rules (cyp-audit-cip-2022 PDF p. 16)."
t-1abd9ab7f8,cyp-cip,tax_and_fees_paid,2011-10-10,2013-04-15,500000,EUR,"main applicant, per year (average over 3 years)",cyp-inquiry-cip-2021,"PDF pp. 44-45 (printed pp. 42-43), para 27",τουλάχιστον €500.000 κατά μέσο όρο το έτος,"Companies managed in Cyprus that paid tax and/or service fees of at least EUR 500,000 a year on average over the previous 3 years. Council of Ministers decision 72.676 of 10 Oct 2011; also clean criminal record, not on EU asset-freeze list, age 30+."
t-725d1984c5,cyp-golden-visa,business,2023-05-02,,300000,EUR,main applicant (share capital of a Cypriot company employing 5+),cyp-crmd-rp-criteria-2023,"Criteria text, section 2.1","Αρχική επένδυση σε μετοχικό κεφάλαιο νέας εταιρείας αξίας €300,000","Fast-track permanent residence ('Immigration Permit') under Regulation 6(2) of the Aliens and Immigration Regulations, 4th revision of the criteria, in force 2 May 2023. Funds must come from abroad from the applicant's or spouse's own account. Applicant must also show secured annual income of EUR 50,000 (+15,000 spouse, +10,000 per minor child). Investment must be kept; annual proof required."
t-5b017a2dcc,cyp-golden-visa,fee_application,2023-05-02,,500,EUR,per application (plus EUR 70 per person for the alien registration card),cyp-crmd-rp-criteria-2023,"Criteria text, section 7",Με την υποβολή της αίτησης καταβάλλεται τέλος €500,"Processing estimated at about two months; permit card valid 10 years, right of residence unlimited."
t-77a1478ff3,cyp-golden-visa,funds,2023-05-02,,300000,EUR,main applicant (units of Cypriot AIF/AIFLNP/RAIF investing in Cyprus),cyp-crmd-rp-criteria-2023,"Criteria text, section 2.1","Επένδυση αξίας €300,000 σε μερίδια Κυπριακού Επενδυτικού Οργανισμού Συλλογικών Επενδύσεων","Fast-track permanent residence ('Immigration Permit') under Regulation 6(2) of the Aliens and Immigration Regulations, 4th revision of the criteria, in force 2 May 2023. Funds must come from abroad from the applicant's or spouse's own account. Applicant must also show secured annual income of EUR 50,000 (+15,000 spouse, +10,000 per minor child). Investment must be kept; annual proof required."
t-9741560c6c,cyp-golden-visa,income_requirement,2023-05-02,,50000,EUR,"main applicant, per year (+15,000 spouse, +10,000 per minor child)",cyp-crmd-rp-criteria-2023,"Criteria text, section 2.2",προσωπικό ασφαλισμένο ετήσιο εισόδημα ύψους τουλάχιστον €50.000,Not an investment: annual income that must be shown in addition. For the new-home route it must come from abroad and be proven by a foreign tax return.
t-66707aeb10,cyp-golden-visa,real_estate,2021-03-24,2023-05-01,300000,EUR,main applicant (covered parents and parents-in-law too),cyp-moi-rp-criteria-2023,Paragraph 4,"με μόνο μια επένδυση στη Δημοκρατία σε ακίνητο αξίας 300,000 ευρώ","The Ministry describes the previous criteria (in force from 24 Mar 2021): one EUR 300,000 property investment could also secure permits for the investor's parents and in-laws. Full 2021 text not found. Buyers who filed sale contracts with the Land Registry 2 Jan-28 Apr 2023 could still apply under the old criteria."
t-bc444f6973,cyp-golden-visa,real_estate,2023-05-02,,300000,EUR,"main applicant (plus VAT; new residential property, first sale by a developer)",cyp-crmd-rp-criteria-2023,"Criteria text, section 2.1","Αγορά οικίας ή διαμερίσματος από εταιρεία ανάπτυξης γης, η οποία θα πρέπει να αφορά πρώτη πώληση ύψους τουλάχιστον €300,000 (πλέον Φ.Π.Α.).","Up to two units allowed. Fast-track permanent residence ('Immigration Permit') under Regulation 6(2) of the Aliens and Immigration Regulations, 4th revision of the criteria, in force 2 May 2023. Funds must come from abroad from the applicant's or spouse's own account. Applicant must also show secured annual income of EUR 50,000 (+15,000 spouse, +10,000 per minor child). Investment must be kept; annual proof required."
t-5642d28aff,cyp-golden-visa,real_estate_commercial,2023-05-02,,300000,EUR,"main applicant (offices, shops, hotels; resales allowed)",cyp-crmd-rp-criteria-2023,"Criteria text, section 2.1","Αγορά άλλης μορφής ακινήτων όπως γραφείων, καταστημάτων, ξενοδοχείων ή παρόμοιας φύσης αναπτύξεις ή συνδυασμός αυτών συνολικής αξίας €300,000.","Fast-track permanent residence ('Immigration Permit') under Regulation 6(2) of the Aliens and Immigration Regulations, 4th revision of the criteria, in force 2 May 2023. Funds must come from abroad from the applicant's or spouse's own account. Applicant must also show secured annual income of EUR 50,000 (+15,000 spouse, +10,000 per minor child). Investment must be kept; annual proof required."
t-024291cf33,dma-cbi,any,2024-07-01,,200000,USD,minimum price for any CBI option (regional agreement),dma-oecs-moa-release-2024,"Release text, para 3","With effect from July 01, 2024, all countries have agreed that the minimum price for any CBI options shall be US$200,000.","Memorandum of Agreement among Antigua and Barbuda, Dominica, Grenada, St. Kitts and Nevis and Saint Lucia."
t-5d502dd722,dma-cbi,donation,2014-01-01,,100000,USD,single applicant,dma-sro37-2014,"PDF p. 14, Schedule para 1(2)(b)(i)","(b) to qualify persons through a direct monetary investment an amount of - (i) US$100,000 for a single applicant;","Schedule applies ""Commencing on the 1st day of January 2014""; regulations gazetted 23 Oct 2014. Family: US$175,000 applicant and spouse; US$200,000 applicant, spouse and up to two children."
t-f401b6a7ce,dma-cbi,donation,2015,,100000,USD,minimum investment (as listed by IMF),dma-imf-wp-15-93,"PDF p. 6, table of citizenship programs","Dominica 1993 USD 100,000 No Immediate","IMF working paper table: year established 1993, minimum investment USD 100,000."
t-33c2dca60c,dma-cbi,donation,2017-09-01,2018-08-31,100000,USD,single main applicant,dma-sro23-2017,"PDF p. 2, substituted Schedule para 1(2)(b)(i)","(i) US$100,000 for a single main applicant;","Same schedule sets US$200,000 for a main applicant and up to three qualifying dependants."
t-0fe3ee8236,dma-cbi,donation,2018-06,,100000,USD,single applicant (as described by IMF),dma-imf-art4-2018,"PDF p. 10, footnote 3","The CBI is a program whereby foreigners may obtain citizenship through either a cash contribution of US$100,000 or investment of US$200,000 in a pre-selected real estate project.",
t-8f3e3a3b6a,dma-cbi,donation,2024-01-25,2024-06-27,100000,USD,main applicant,dma-sro1-2024,"PDF p. 28, Schedule para 1(3)(b)(i)",(i) one hundred thousand United States dollars for the main applicant;,"US$150,000 main applicant and spouse; US$175,000 main applicant and up to three qualifying dependants. valid_from = gazette date; valid_to = day before S.R.O. 8 of 2024 was gazetted."
t-ca498986c6,dma-cbi,donation,2024-06-28,,200000,USD,main applicant,dma-sro8-2024,"PDF p. 28, Schedule para 1(3)(a)(i)",(i) two hundred thousand United States dollars for the main applicant;,"US$250,000 for a main applicant and up to three qualifying dependants. Doubling of the fund contribution, implementing the regional US$200,000 floor."
t-6fced32012,dma-cbi,donation,2024-11,,200000,USD,single applicant,dma-cbiu-brochure-2024,PDF p. 8,"Minimum investment: US$200,000 for a single applicant.",Official unit brochure; processing and due diligence fees extra.
t-a233fda94a,dma-cbi,real_estate,2014-01-01,,200000,USD,each main applicant (investment in an Approved Project),dma-sro37-2014,"PDF p. 15, Schedule para 2","The minimum investment required is US$200,000 for each main applicant.","Plus government fee on approval in principle of US$50,000 for the main applicant (Schedule para 1(2)(a)(i)). IMF WP/15/93 and the 2016 IMF report date the real-estate option to 2015 in practice."
t-75290d5bd3,dma-cbi,real_estate,2017-09-01,2018-08-31,25000,USD,"government fee, main applicant (real estate route)",dma-sro23-2017,"PDF p. 2, substituted Schedule para 1(2)(a)(i)","(i) US$25,000 for the main applicant;","Temporary schedule ""Commencing on the 1st day of September 2017, for a period of 12 months"" cut the real-estate government fee from US$50,000; the investment minimum itself was not changed. What applied after August 2018 was not checked."
t-28fd2302cc,dma-cbi,real_estate,2023-09-01,,5000,USD,levy per investor in CBI-funded private developments,dma-budget-address-2023-24,PDF p. 45,"The levy will be charged at a rate of US$5,000.00 per investor in the CBI Programme. This levy will take effect from September 1, 2023","Levy on investments raised by developers, to capitalise the Debt Repayment Fund. Not a minimum investment; recorded as a cost element."
t-31a73db611,dma-cbi,real_estate,2024-01-25,2024-06-27,200000,USD,each main applicant,dma-sro1-2024,"PDF p. 30, Schedule para 2(1)",(1) The minimum investment required is two hundred thousand United States dollars for each main applicant.,"Government fee on approval in principle: US$25,000 main applicant."
t-0c2ddb08dd,dma-cbi,real_estate,2024-06-28,,200000,USD,each main applicant,dma-sro8-2024,"PDF p. 29, Schedule para 2(1)",(1) The minimum investment required is two hundred thousand United States dollars for each main applicant.,"Plus government fee on approval in principle of US$75,000 for the main applicant (US$100,000 with up to three dependants), p. 30."
t-13f74c8cdc,dma-cbi,real_estate,2024-06-28,,75000,USD,"government fee, main applicant (real estate route)",dma-sro8-2024,"PDF p. 30, Schedule para 2(3)(a)",(a) seventy-five thousand United States dollars for the main applicant;,"Fee in addition to the US$200,000 investment."
t-e0ffe51899,egy-cbi,application_fee,2019-07-30,,10000,USD,per application,egy-law-140-2019,Art. 3 (new Art. 4 bis 2),بعد أداء رسم قيمته عشرة آلاف دولار أمريكى أو ما يعادله بالجنيه المصرى، يسدد بموجب تحويل بنكى من الخارج,Non-refundable (egy-ecu-steps-2026). valid_from is the law's issue date; it entered into force the day after Gazette publication (date not verified).
t-ed4d64a430,egy-cbi,business,2019-12,2023-03-02,400000,USD,applicant,egy-aljazeera-terms-2023,para. on the second case,كان مطلوبا ألا يقل حجم الشراكة أو الاستثمار عن 400 ألف دولار تحول من الخارج، وبنسبة مشاركة لا تقل عن 40% من رأس مال المشروع,"Reported. Whether a USD 100,000 non-refundable payment was already required before 2023 is not clear from this source."
t-0221474acc,egy-cbi,business,2023-03-03,,350000,USD,applicant,egy-gazette-pmd-876-2023,"Gazette p. 4, Art. 1(2)",إنشاء أو المشاركة فى مشروع اسـتثمارى بمبلـغ لا يقـل عـن ثلاثمائـة وخمسين ألف دولار أمريكى,"Plus a non-refundable USD 100,000 payment to the Treasury (next row); the programme website presents the total as 'USD 450,000 minimum'. If the project is liquidated or sold within 5 years, USD 250,000 must be paid to keep citizenship (egy-ecu-programmes-2026)."
t-eeea2aa6bd,egy-cbi,business_treasury_payment,2023-03-03,,100000,USD,applicant (in addition to the project),egy-gazette-pmd-876-2023,"Gazette p. 4, Art. 1(2)",مبلغ مائة ألف دولار أمريكـى كـإيرادات مباشـرة,"Non-refundable; required together with the USD 350,000 project investment."
t-bfe4470da7,egy-cbi,deposit,2019-12,2023-03-02,750000,USD,applicant,egy-aljazeera-terms-2023,para. on the third case,كانت هذه الحالة في السابق تشترط إيداع مبلغ 750 ألف دولار من الخارج كوديعة لمدة 5 سنوات، أو إيداع مليون دولار كوديعة لمدة 3 سنوات,"Reported. Deposit for 5 years, refunded in EGP without interest. Alternative: USD 1,000,000 for 3 years (next row)."
t-8ee2778ac8,egy-cbi,deposit,2019-12,2023-03-02,1000000,USD,applicant,egy-aljazeera-terms-2023,para. on the third case,أو إيداع مليون دولار كوديعة لمدة 3 سنوات,"Reported. Shorter-term alternative to the USD 750,000 five-year deposit."
t-59d92cd291,egy-cbi,deposit,2023-03-03,,500000,USD,applicant,egy-gazette-pmd-876-2023,"Gazette p. 4, Art. 1(3)",كوديعة يتم استردادها بعد مرور ثلاث سنوات بالجنيه المصرى بسعر الصرف,"USD 500,000 (Art. 1(3) opens: 'إيداع مبلغ خمسمائة ألف دولار أمريكى'), refunded in Egyptian pounds after 3 years, no interest."
t-524a3c175b,egy-cbi,donation,2019-12,,250000,USD,applicant,egy-aljazeera-terms-2023,para. on the fourth case,فبقي المبلغ كما هو 250 ألف دولار,Reported. Non-refundable 'direct revenue' to the Treasury; unchanged by Decree 876/2023 (see the gazette row from 2023-03-03).
t-76d448e8fe,egy-cbi,donation,2023-03-03,,250000,USD,applicant,egy-gazette-pmd-876-2023,"Gazette p. 4, Art. 1(4)",إيداع مبلغ مائتين وخمسين ألف دولار أمريكى كإيرادات مباشـرة بالعملـة الأجنبية تؤول إلى الخزانة العامة للدولة,Non-refundable. Instalments over up to one year allowed (Art. 2).
t-378cfacf57,egy-cbi,real_estate,2019-12,2023-03-02,500000,USD,applicant,egy-aljazeera-terms-2023,para. on the first case,تخفيض المبلغ المطلوب من 500 ألف دولار إلى 300 ألف دولار,"Reported: original terms of PM Decree 3099/2019, which was not obtained. State-owned property (or other public legal persons), money transferred from abroad."
t-312fbf775f,egy-cbi,real_estate,2023-03-03,2023-09-18,300000,USD,applicant,egy-gazette-pmd-876-2023,"Gazette p. 3, Art. 1(1)",شراء عقار مملوك للدولة أو لغيرها من الأشخاص الاعتبارية العامة بمبلـغ لا يقل عن ثلاثمائة ألف دولار أمريكى,Only state-owned property (or property of public legal persons). May be paid in instalments over up to one year (Art. 2).
t-9ddc766426,egy-cbi,real_estate,2023-09-19,,300000,USD,applicant,egy-gazette-pmd-3562-2023,"Gazette p. 3, Art. 1",شراء عقار بمبلغ لا يقل عـن ثلاثمائـة ألـف دولار أمريكي,"Any property, no longer only state-owned. Applicant undertakes not to sell for 5 years (Art. 3); if sold earlier, USD 250,000 must be paid to keep citizenship (egy-ecu-programmes-2026)."
t-30e8d343de,egy-deposit-residence,deposit,2018-08-15,2019-07-30,7000000,EGP,main applicant,egy-law-173-2018,Art. 2 (new Art. 20 bis of Law 89/1960),بإيداع وديعة نقدية في أحد البنوك المصرية لا تقل قيمتها عن سبعة ملايين جنيه مصري,Or the equivalent in a foreign currency set by PM decree. After 5 consecutive years of residence the Interior Minister may grant citizenship and the deposit passes to the Treasury (new Art. 4 bis of the Nationality Law). valid_to is the issue date of the repealing Law 140/2019.
t-783a16c7cd,esp-golden-visa,bank_deposit,2013-09-29,2025-04-02,1000000,EUR,main investor (sole holder of the deposit),esp-boe-ley-14-2013,"p. 78859 (BOE), art. 63.2 a)",o depósitos bancarios en entidades financieras españolas,"Same EUR 1m threshold as shares in the 2013 text (the sentence reads '...un millón de euros en acciones o participaciones sociales de empresas españolas, o depósitos bancarios en entidades financieras españolas'). Restated as a separate item (4.º) by Ley 25/2015."
t-b74da78320,esp-golden-visa,business_project,2013-09-29,2025-04-02,,,main investor (from 2015 also a representative designated by the investor),esp-boe-ley-14-2013,"p. 78859 (BOE), art. 63.2 c)",Un proyecto empresarial que vaya a ser desarrollado en España y que sea considerado y acreditado como de interés general,"No fixed amount: the project must create jobs, have significant socio-economic impact, or contribute to scientific/technological innovation, certified by a favourable report of the Spanish Economic and Commercial Office."
t-885dabb336,esp-golden-visa,investment_funds,2015-07-30,2025-04-02,1000000,EUR,main investor,esp-boe-ley-25-2015,"p. 64530 (BOE), disposición final undécima, Dos (art. 63.2 a) 3.º)","Un millón de euros en fondos de inversión, fondos de inversión de carácter cerrado o fondos de capital riesgo constituidos en España",New route added by Ley 25/2015 (in force 30 Jul 2015).
t-8ff9755903,esp-golden-visa,public_debt,2013-09-29,2025-04-02,2000000,EUR,main investor; held for at least 5 years (art. 64 a) 3.º),esp-boe-ley-14-2013,"p. 78859 (BOE), art. 63.2 a)",Una inversión inicial por un valor igual o superior a 2 millones de euros en títulos de deuda pública española,Spanish government debt securities. Amount restated unchanged by Ley 25/2015.
t-ec8d030e0a,esp-golden-visa,real_estate,2013-09-29,2025-04-02,500000,EUR,"each applicant (main investor); property free of charges up to EUR 500,000",esp-boe-ley-14-2013,"p. 78859 (BOE), art. 63.2 b)",La adquisición de bienes inmuebles en España con una inversión de valor igual o superior a 500.000 euros por cada solicitante,"Art. 64 b): the EUR 500,000 must be free of any charge or encumbrance; any excess may be mortgaged. Wording unchanged by Ley 25/2015, which added a pre-contract route (deposit in a Spanish bank, 6-month visa). valid_to is the last day before Ley Orgánica 1/2025 took effect (3 Apr 2025)."
t-dbf40e965b,esp-golden-visa,shares,2013-09-29,2015-07-29,1000000,EUR,main investor,esp-boe-ley-14-2013,"p. 78859 (BOE), art. 63.2 a)",por un valor igual o superior a un millón de euros en acciones o participaciones sociales de empresas españolas,Shares or holdings in Spanish companies (listed or unlisted).
t-d14aabe68b,esp-golden-visa,shares,2015-07-30,2025-04-02,1000000,EUR,main investor,esp-boe-ley-25-2015,"p. 64530 (BOE), disposición final undécima, Dos (art. 63.2 a) 2.º)",Un millón de euros en acciones o participaciones sociales de sociedades de capital españolas con una actividad real de negocio,Ley 25/2015 added the condition that the company carries on a real business activity.
t-d58fbc6b83,est-business-residence,business,,,65000,EUR,company shareholder (temporary residence permit for enterprise),est-rt-aliens-act-en-2026,§ 190(2),"An alien who has a holding in a company shall have invested at least 65,000 euros in the share capital of an Estonian company","Wording from RT I, 17.06.2020, 2 (in force 1 Jul 2020); earlier history of the amount not checked. Waived for start-ups."
t-f4afa99ac8,est-business-residence,business,,,16000,EUR,sole proprietor (temporary residence permit for enterprise),est-rt-aliens-act-en-2026,§ 190(3),"An alien who is applying for a temporary residence permit for enterprise as a sole proprietor is required to have the capital in the amount of at least 16,000 euros invested in Estonia.",Start date not checked.
t-e74d31e3a1,est-business-residence,business,2017-01-18,,1000000,EUR,large investor (direct investment in an Estonian company or fund),est-rt-aliens-act-en-2026,"§ 197³(1), Subdivision 5¹ (temporary residence permit issued to large investor)","a large investor is an alien who has made a direct investment in the amount of at least 1,000,000 euros into a company, registered in the Estonian Commercial Register","Large-investor permit added by RT I, 03.01.2017, 1 (in force 18 Jan 2017); no requirement to actually live in Estonia (§ 197⁴)."
t-5c7fbf887f,fra-passeport-talent-investor,business,,,300000,EUR,investor (personally or via a company with at least 30% ownership; must create or save jobs within four years),fra-anef-passeport-talent-investisseur,"p. 2, ""Motif de séjour""",vous procédez à un investissement économique en France d’au moins 300 000 euros qui permet la création ou la sauvegarde d’emploi sous quatre ans,Amount as in the current ANEF checklist (undated). Start date and earlier amounts not checked; the passeport talent dates from the law of 7 Mar 2016.
t-32674f2e30,gbr-tier1-investor,securities,2008-06-30,2014-11-05,1000000,GBP,main applicant (own money); dependants included at no extra investment; settlement after 5 years,gbr-ho-hc607-2008,"PDF p. 15, Appendix A Table 7 and Table 8",has money of his own held in a regulated financial institution and disposable in the UK amounting to not less than £1 million,"Applicant had to hold GBP 1m and invest at least GBP 750,000 (75%) in UK government bonds or share/loan capital of active UK trading companies (not property companies) within 3 months; the rest could be held in the UK. valid_to is the day before HC 693's GBP 2m rule took effect; applicants who entered earlier stayed on the old rules (transitional)."
t-c9046af14a,gbr-tier1-investor,securities,2011-04-06,2014-11-05,5000000,GBP,main applicant seeking accelerated settlement after 3 years,gbr-ho-hc863-2011,"PDF p. 38, Appendix A Table 9 row 2; PDF p. 57, explanatory memorandum para 7.8","(b) £5,000,000 if the applicant scores points from row 1(b) above",Not an entry threshold: the GBP 5m had to be shown when applying for indefinite leave to remain after 3 years. 75% to be in qualifying investments under these rules.
t-eac9c13ccf,gbr-tier1-investor,securities,2011-04-06,2014-11-05,10000000,GBP,main applicant seeking accelerated settlement after 2 years,gbr-ho-hc863-2011,"PDF p. 38, Appendix A Table 9 row 2; PDF p. 57, explanatory memorandum para 7.8","(a) £10,000,000 if the applicant scores points from row 1(a) above",Not an entry threshold: shown at the indefinite leave to remain application after 2 years.
t-4a048f3844,gbr-tier1-investor,securities,2014-11-06,2022-02-17,2000000,GBP,main applicant (own money); settlement after 5 years,gbr-ho-hc693-2014,"PDF p. 34, Appendix A Table 7 (substituted)",The applicant has money of his own under his control held in a regulated financial institution and disposable in the UK amounting to not less than £2 million.,Full GBP 2m to be invested in UK government bonds or share/loan capital in active UK trading companies (bonds excluded from 29 March 2019 by HC 1919); loan option removed. valid_to: closed to new applicants at 16:00 on 17 Feb 2022 (CP 632).
t-9a58905b2b,gbr-tier1-investor,securities,2014-11-06,2022-02-17,5000000,GBP,main applicant seeking accelerated settlement after 3 years,gbr-ho-hc693-2014,"PDF p. 36, Appendix A Table 9A row 1",(b) £5 million; or,"Indefinite leave to remain threshold, full sum invested. Existing migrants could still use it after closure (ILR applications allowed until 17 Feb 2028)."
t-9935483725,gbr-tier1-investor,securities,2014-11-06,2022-02-17,10000000,GBP,main applicant seeking accelerated settlement after 2 years,gbr-ho-hc693-2014,"PDF p. 36, Appendix A Table 9A row 1",(a) £10 million; or,"Indefinite leave to remain threshold, full sum invested."
t-b1747b948d,gbr-tier1-investor,securities_loan_financed,2008-06-30,2014-11-05,1000000,GBP,main applicant with net personal assets of over GBP 2 million and a GBP 1 million loan from a regulated institution,gbr-ho-hc607-2008,"PDF p. 15, Appendix A Table 7, option (b)","owns personal assets which, taking into account any liabilities to which they are subject, have a value exceeding £2 million",Loan-financed option (in the investor route since 2004 per MAC 2014 para 2.4). Removed for new applicants by HC 693 from 6 November 2014.
t-97861d921b,grc-golden-visa,bonds,2019-11,2023-03-31,400000,EUR,"Greek government bonds, at least 3 years",grc-ti-greece-2021,p. 7,επένδυση τουλάχιστον € 400.000 σε κρατικά ομόλογα διάρκειας τουλάχιστον τριών ετών,"NGO secondary source; translation: ""investment of at least EUR 400,000 in government bonds of at least three years"". Not verified against legislation."
t-a49aedd6a5,grc-golden-visa,bonds,2023-04-01,,500000,EUR,"Greek government bonds, residual maturity at least 3 years",grc-law-5038-2023,"PDF p. 65-66, art. 99(1)(δ)","αγορά ομολόγων του ελληνικού δημοσίου, με αξία κτήσης πεντακοσίων χιλιάδων (500.000) ευρώ τουλάχιστον","Translation: ""purchase of Greek government bonds with acquisition value of at least 500,000 euros"". Separate permit type B.4 under art. 99 Law 5038/2023 (""Χρηματοοικονομικές επενδύσεις""), granted by the Minister on the proposal of the Directorate for FDI; commonly marketed as Golden Visa routes but NOT counted in the Ministry's ""Μόνιμη άδεια διαμονής επενδυτή"" (art. 100 / Law 4251/14 art. 20B) statistics as far as the table titles show. Pre-2023 levels under art. 16 Law 4251/2014 (as amended by Law 4605/2019) not verified from legislation (see rows sourced to TI Greece)."
t-fe57a6f36d,grc-golden-visa,capital_transfer,2023-04-01,,500000,EUR,capital contribution to a company based in Greece for shares/bonds listed on Greek regulated markets or MTFs,grc-law-5038-2023,"PDF p. 65, art. 99(1)(α)","εισφορά κεφαλαίου, ποσού πεντακοσίων χιλιάδων (500.000) ευρώ, τουλάχιστον, σε εταιρεία η οποία έχει έδρα ή εγκατάσταση στην Ελλάδα","Translation: ""capital contribution of at least 500,000 euros to a company with seat or establishment in Greece"". Same amount for REICs (β) and venture capital (γ). Separate permit type B.4 under art. 99 Law 5038/2023 (""Χρηματοοικονομικές επενδύσεις""), granted by the Minister on the proposal of the Directorate for FDI; commonly marketed as Golden Visa routes but NOT counted in the Ministry's ""Μόνιμη άδεια διαμονής επενδυτή"" (art. 100 / Law 4251/14 art. 20B) statistics as far as the table titles show. Pre-2023 levels under art. 16 Law 4251/2014 (as amended by Law 4605/2019) not verified from legislation (see rows sourced to TI Greece)."
t-70dcfdffe1,grc-golden-visa,deposit,2019-11,2023-03-31,400000,EUR,"term deposit in a Greek bank, at least 12 months",grc-ti-greece-2021,p. 7,που επενδύουν το ελάχιστο ποσό των € 400.000 σε χρηματοπιστωτικά μέσα και εταιρείες στην Ελλάδα,"NGO secondary description of Law 4605/2019 (translation: ""who invest the minimum amount of EUR 400,000 in financial instruments and companies in Greece""); deposits, company/REIC contributions, bonds and funds at EUR 400,000; not verified against the law text. valid_to assumed = start of Law 5038/2023; not read in a document."
t-5be9af7355,grc-golden-visa,deposit,2023-04-01,,500000,EUR,"term deposit in a Greek bank, at least one year, standing renewal order",grc-law-5038-2023,"PDF p. 65-66, art. 99(1)(ε)",προθεσμιακή κατάθεση ύψους πεντακοσίων χιλιάδων (500.000) ευρώ τουλάχιστον,"Translation: ""term deposit of at least 500,000 euros"". Separate permit type B.4 under art. 99 Law 5038/2023 (""Χρηματοοικονομικές επενδύσεις""), granted by the Minister on the proposal of the Directorate for FDI; commonly marketed as Golden Visa routes but NOT counted in the Ministry's ""Μόνιμη άδεια διαμονής επενδυτή"" (art. 100 / Law 4251/14 art. 20B) statistics as far as the table titles show. Pre-2023 levels under art. 16 Law 4251/2014 (as amended by Law 4605/2019) not verified from legislation (see rows sourced to TI Greece)."
t-646e3c9019,grc-golden-visa,investment_fund,2023-04-01,,350000,EUR,"units of a mutual fund investing exclusively in Greek shares/bonds (also AIFs, point η)",grc-law-5038-2023,"PDF p. 66, art. 99(1)(ζ)","αγορά μεριδίων αξίας κτήσης τριακοσίων πενήντα χιλιάδων (350.000) ευρώ τουλάχιστον, σε αμοιβαίο κεφάλαιο","Translation: ""purchase of units worth at least 350,000 euros in a mutual fund"". Separate permit type B.4 under art. 99 Law 5038/2023 (""Χρηματοοικονομικές επενδύσεις""), granted by the Minister on the proposal of the Directorate for FDI; commonly marketed as Golden Visa routes but NOT counted in the Ministry's ""Μόνιμη άδεια διαμονής επενδυτή"" (art. 100 / Law 4251/14 art. 20B) statistics as far as the table titles show. Pre-2023 levels under art. 16 Law 4251/2014 (as amended by Law 4605/2019) not verified from legislation (see rows sourced to TI Greece)."
t-5f2036c982,grc-golden-visa,real_estate,2013-04-18,2022-12-22,250000,EUR,main investor (family members included); all of Greece,grc-ypes-circular-13-2013,"p. 1, section Α (Δικαιούχοι), (α)",εφόσον το ελάχιστο ύψος του ακινήτου ανέρχεται σε διακόσιες πενήντα χιλιάδες (250.000) ευρώ,"Translation: ""provided the minimum value of the property amounts to 250,000 euros"". Introduced by art. 6(2) Law 4146/2013 (ΦΕΚ Α 90/18.4.2013) as art. 36A Law 3386/2005; later codified in art. 20(B) Law 4251/2014. Several properties could be combined (circular 13, point A1.4). Circular 15/2013 also accepted older purchases whose current objective value reached EUR 250,000. valid_to is when Law 5007/2022 was published; the EUR 250,000 level continued outside the high-demand zones (see next rows)."
t-7c074ad0c8,grc-golden-visa,real_estate,2022-12-23,2024-08-31,500000,EUR,"main investor; single property; North, Central and South Athens regional units, Vari-Voula-Vouliagmeni, Municipality of Thessaloniki, Mykonos and Santorini",grc-law-5007-2022,art. 91 (new art. 20 B(2)(a) Law 4251/2014),καθορίζεται σε πεντακόσιες χιλιάδες (500.000) ευρώ,"Translation: ""is set at five hundred thousand (500,000) euros"". Transitional (art. 92): EUR 250,000 purchases in these zones could still be completed by 30.4.2024 if a 10% deposit/preliminary contract was in place by 31.7.2023. Re-enacted unchanged in art. 100(2)(a) Law 5038/2023 (from 1.4.2023). valid_to = end of the Law 5100/2024 transitional deadline for deposits."
t-cb1ac9c355,grc-golden-visa,real_estate,2022-12-23,2024-08-31,250000,EUR,main investor; one or more properties; all other areas,grc-law-5007-2022,art. 91 (new art. 20 B(2)(b) Law 4251/2014),καθορίζεται σε διακόσιες πενήντα χιλιάδες (250.000) ευρώ,"Translation: ""is set at two hundred fifty thousand (250,000) euros"" for ""the other areas of the country"". Same in art. 100(2)(b) Law 5038/2023."
t-75612cd3c5,grc-golden-visa,real_estate,2024-09-01,,800000,EUR,"main investor; single property of at least 120 m2 main floor area; Attica region, Thessaloniki regional unit, Mykonos, Thira and islands over 3,100 inhabitants",grc-law-5100-2024-consolidated,"p. 1-2, art. 64 (art. 100(2)(a) Law 5038/2023)",καθορίζονται σε οκτακόσιες χιλιάδες (800.000) ευρώ,"Translation: ""are set at eight hundred thousand (800,000) euros"". Law 5100/2024 published 5.4.2024; old rules still available if a 10% deposit/contract was in place by 31.8.2024, with completion by 28.2.2025 (extended by Law 5167/2024). valid_from therefore marks the end of the deposit window, not the law date. Applies also to co-owned shares and tourist leases."
t-f8c1c20052,grc-golden-visa,real_estate,2024-09-01,,400000,EUR,main investor; single property of at least 120 m2; all other areas,grc-law-5100-2024-consolidated,"p. 2, art. 64 (art. 100(2)(b) Law 5038/2023)",καθορίζονται σε τετρακόσιες χιλιάδες (400.000) ευρώ,"Translation: ""are set at four hundred thousand (400,000) euros"". Same transitional rules as the EUR 800,000 row."
t-a4e6f5b664,grc-golden-visa,real_estate_conversion,2024-09-01,,250000,EUR,main investor; single property whose use is changed from commercial/industrial to residential before application; anywhere,grc-law-5100-2024-consolidated,"p. 2, art. 64 (art. 100(2)(c))",η ελάχιστη αξία κτήσης αυτής κατά τον χρόνο απόκτησής της καθορίζεται σε διακόσιες πενήντα χιλιάδες (250.000) ευρώ,"Translation: ""its minimum acquisition value at the time of acquisition is set at 250,000 euros"". Such properties may not be used as company seat; fines under para 7A."
t-3d28093051,grc-golden-visa,real_estate_listed_building,2024-09-01,,250000,EUR,main investor; single listed (protected) building to be restored; anywhere,grc-law-5100-2024-consolidated,"p. 2, art. 64 (art. 100(2)(d))",η ελάχιστη αξία κτήσης της κατά τον χρόνο απόκτησής της καθορίζεται σε διακόσιες πενήντα χιλιάδες (250.000) ευρώ,"Translation: ""its minimum acquisition value ... is set at 250,000 euros"". Restoration must be completed before first renewal; EUR 150,000 fine otherwise."
t-e2295653c1,grc-golden-visa,securities,2023-04-01,,800000,EUR,"shares, corporate bonds or Greek government bonds traded on Greek regulated markets/MTFs",grc-law-5038-2023,"PDF p. 66, art. 99(1)(στ)",αξίας κτήσης οκτακοσίων χιλιάδων (800.000) ευρώ τουλάχιστον,"Translation: ""acquisition value of at least 800,000 euros"". Separate permit type B.4 under art. 99 Law 5038/2023 (""Χρηματοοικονομικές επενδύσεις""), granted by the Minister on the proposal of the Directorate for FDI; commonly marketed as Golden Visa routes but NOT counted in the Ministry's ""Μόνιμη άδεια διαμονής επενδυτή"" (art. 100 / Law 4251/14 art. 20B) statistics as far as the table titles show. Pre-2023 levels under art. 16 Law 4251/2014 (as amended by Law 4605/2019) not verified from legislation (see rows sourced to TI Greece)."
t-d15eb13532,grc-golden-visa,tourism_lease,2013-04-18,2022-12-22,250000,EUR,main investor; lease of at least 10 years of hotel accommodation or furnished tourist residences,grc-ypes-circular-13-2013,"p. 1, section Α (Δικαιούχοι), (β)",εφόσον το ελάχιστο ύψος της μίσθωσης ανέρχεται σε διακόσιες πενήντα χιλιάδες (250.000) ευρώ,"Translation: ""provided the minimum value of the lease amounts to 250,000 euros"" (at least ten-year lease in complex tourist accommodation, art. 8(2) Law 4002/2011)."
t-d2fbafe7c0,grd-cbi,donation,2014-08,,200000,USD,not stated (fee schedule as of August 2014),grd-imf-ecf1-2014,"PDF p. 41, Annex II, 'Grenada: Fee Schedule of Citizenship by Investment Program'","Donation to NTF              50,000                    200,000   250,000","US$200,000 to the NTF plus a US$50,000 government fee (total 250,000). Could be paid in two tranches (100,000 and 150,000)."
t-3c00a0005e,grd-cbi,donation,2024-05,2024-06-30,150000,USD,not stated,grd-ima-web-2024,"Citizenship by Investment page, 'Investment'","Investment Minimum contribution of USD 150,000.","Snapshot of 19 May 2024; replaced from 1 July 2024. Start date of the US$150,000 level not found in official sources."
t-9c1e80edfe,grd-cbi,donation,2024-07-01,,235000,USD,main applicant and up to 3 dependants,grd-sro-12-2024,"p. A71, reg. 2, Schedule I, Sub Grouping (A)","National Transformation Fund                    $235,000.00","US$25,000 per additional dependant beyond 3; US$50,000 / US$75,000 for certain dependant categories. Implements the OECS CBI Memorandum of Agreement (Circular No. 2 of 2024)."
t-e32287fd40,grd-cbi,government_contribution_real_estate,2024-07-01,,50000,USD,main applicant and up to 3 dependants,grd-sro-12-2024,"p. A72, Schedule I, Sub Grouping (B)","Government Contribution for Approved            $50,000.00 Project Investment under Section 11",
t-078fa78f60,grd-cbi,government_fee_donation,2014-08,,50000,USD,not stated,grd-imf-ecf1-2014,"PDF p. 41, Annex II fee schedule","Donation to NTF              50,000                    200,000   250,000","Government fee accompanying the NTF donation, recorded as non-tax revenue."
t-d11adc5896,grd-cbi,government_fee_real_estate,2015-06,,50000,USD,main applicant and up to 3 dependants,grd-cbiunit-web-2015,Fees page (archived 29 June 2015),"Government Fee $ 50,000.00 ... 1-4 people USD 50,000. Each additional dependant USD 25,000","Plus application fee US$1,500, processing fee US$1,500 per adult, due diligence US$5,000 per adult."
t-5c56bfa09b,grd-cbi,real_estate,2014-08,,250000,USD,not stated,grd-imf-ecf1-2014,"PDF p. 41, Annex II fee schedule","Private Investment           50,000       Minimum of 250,000     300,000","Plus US$50,000 government fee. The official CBI Unit website in mid-2015 gave a US$350,000 minimum (grd-cbiunit-web-2015)."
t-9975964d3b,grd-cbi,real_estate,2015-07,,350000,USD,not stated,grd-cbiunit-web-2015,Approved Real Estate Projects page,"the Government requires an investment in designated real estate with a minimum investment of USD 350,000","As displayed on the official website in July 2015; valid_from is the snapshot date, not necessarily the start date."
t-31e639c14c,grd-cbi,real_estate,2024-07-01,,350000,USD,single investment in an approved project,grd-sro-12-2024,"p. A72, Schedule I, Sub Grouping (B)","Approved Project Investment under Section       Minimum of: 11                                              $350,000.00","Plus US$50,000 government contribution."
t-9682e1c20a,grd-cbi,real_estate_shared,2024-07-01,,270000,USD,each share in a unit bought by two or more individuals (tourism accommodation),grd-sro-12-2024,"p. A72, Schedule I, Sub Grouping (B)","Purchase of a unit in an Approved Project       Minimum of: under Section 11–                               $270,000.00","SRO 12 required a unit value of at least US$440,000; SRO 15 of 2024 (same commencement date) printed US$540,000. Industry sources say the previous share minimum was US$220,000 (not verified in an official source). Five-year holding period per IMF CR 25/39 Box 1."
t-81658909f7,grd-cbi,real_estate_shared,2024-07-01,,270000,USD,"each share; unit valued at total minimum US$540,000",grd-sro-15-2024,"p. A86, Schedule I, Sub Grouping (B)","(c) valued at a total minimum of USD $540,000.00,","Corrects SRO 12's US$440,000 unit value."
t-83a2d6e873,grd-ecp,economic_citizenship,1997,2001-11,39000,USD,not stated,grd-bestcitizens-2019,section on prices,"The prices for Grenada passport was only $39,000 going back to 1997","Industry blog; the same page says total cost including fees was $50,000. Unverified."
t-6570ed9164,hkg-cies,financial_assets,2010-10-14,2015-01-14,10000000,HKD,main applicant (with spouse and children under 18),hkg-isd-pr-cies-amended-2010,para 1,The threshold of investment (and net assets/net equity requirement) for admission to Hong Kong under the CIES is raised from HK$6.5 million to HK$10 million; and ii) Real estate is suspended temporarily as a class of Permissible Investment Assets (PIA) under the CIES.,Real estate no longer counted for new applications; the net-assets requirement rose to HK$10m as well. Applications with at least HK$6.5m invested in the six months before 14 Oct 2010 were still accepted under the old rules (transitional arrangement). valid_to: the day before the 15 Jan 2015 suspension (hkg-isd-pr-cies-suspension-2015).
t-41e182ae49,hkg-cies,real_estate_or_financial_assets,2003-10-27,2010-10-13,6500000,HKD,main applicant (with spouse and children under 18),hkg-isd-pr-cies-launch-2003,paras 3-4,Persons with net assets under their control and disposal for investment of no less than HK$6.5 million in permissible investment assets will be eligible for admission into Hong Kong as capital investment entrants.,"Any mix of Hong Kong real estate (residential, commercial, industrial, land) and specified financial assets (HK$ equities, debt securities, certificates of deposit, subordinated debt, eligible collective investment schemes). Applicants also had to hold net assets of at least HK$6.5m for the two years before applying (hkg-legco-se-paper-cies-2010, para 6). No top-up required if the portfolio falls in value."
t-5c9951861a,hkg-new-cies,cies_investment_portfolio,2024-03-01,,3000000,HKD,main applicant,hkg-fstb-legco-brief-new-cies-2023,"p. 5, para 8","each applicant under the new CIES is required to place HK$3 million into a new CIES Investment Portfolio (“Portfolio”), which will be set up and managed by the Hong Kong Investment Corporation Limited.","Invested in companies/projects with a Hong Kong nexus (innovation and technology, strategic industries). Capital preservation and dividends are not guaranteed."
t-3b1dcc9ae3,hkg-new-cies,permissible_financial_assets_or_real_estate,2024-03-01,,27000000,HKD,main applicant,hkg-fstb-legco-brief-new-cies-2023,"p. 3, para 7",An applicant must invest a minimum of HK$27 million in any of the following permissible assets,"Listed HK$/RMB equities and debt, certificates of deposit (capped at 10% of the threshold), subordinated debt, SFC-authorised funds, REITs and investment-linked assurance, open-ended fund companies, limited partnership funds, and non-residential real estate capped at HK$10m. From 1 Mar 2025 assets may be held through a family-owned investment holding vehicle (hkg-fstb-pr-new-cies-enhancements-2025)."
t-43036a1b08,hkg-new-cies,residential_real_estate,2024-10-16,,50000000,HKD,single residential property (transaction price),hkg-investhk-pr-new-cies-residential-2024,para 1,"with effect from October 16, 2024, an applicant under the New Capital Investment Entrant Scheme (New CIES) is allowed to invest in residential properties, provided that the transaction price of a single property must be HK$50 million or above.","Minimum is the price of the property, not the amount counted: all real estate together counts for at most HK$10m towards the HK$30m threshold."
t-7d004e9183,hkg-new-cies,total_investment,2024-03-01,,30000000,HKD,main applicant (with spouse/partner and children under 18),hkg-fstb-legco-brief-new-cies-2023,"p. 3, para 6",An applicant must make investment of a minimum of HK$30 million in the permissible investment assets,"Made up of at least HK$27m in permissible assets plus HK$3m in the CIES Investment Portfolio (see the two rows below). Applicants must also show net assets of at least HK$30m: throughout the two years before applying until 28 Feb 2025, throughout six months from 1 Mar 2025 (hkg-legco-lcq9-new-cies-2025). Launch date from hkg-investhk-pr-new-cies-opens-2024."
t-2c36d4a9be,hrv-business-residence,business,,,26544.56,EUR,sole owner self-employed in own company or craft (plus three Croatian employees),hrv-zakonhr-zakon-o-strancima-2026,art. 113(3),"je u osnivanje trgovačkog društva ili obrta uložio najmanje 26.544,56 eura","Also at least three Croatian citizens employed full-time at no less than the average wage, and own salary of 1.5 average wages. The odd amount is the euro conversion of a former kuna figure (HRK 200,000 at 7.5345, our reading). Start of the euro amount (2023 changeover) not checked."
t-0acf83b0be,hun-guest-investor,donation,2024-01-01,,1000000,EUR,main applicant,hun-mk-act-xc-2023,"PDF p. 28, s. 16(3)(c)","legalább 1 000 000 euró értékben, oktatási, tudományos kutatási, művészeti alkotótevékenység támogatása céljából pénzbeli adomány",Cash gift to a higher-education institution maintained by a public-interest asset-management foundation (KEKVA). Permit renewable without further investment if this route was used (s. 22(13)). Unchanged in the 2026 consolidated text.
t-41ce865a16,hun-guest-investor,investment_fund,2024-01-01,,250000,EUR,main applicant; units held at least 5 years,hun-mk-act-xc-2023,"PDF p. 28, s. 16(3)(a)","a Magyar Nemzeti Bank által nyilvántartásba vett ingatlanalap által kibocsátott, legalább 250 000 euró összegű befektetési jegy megszerzése","Units of a real estate fund registered by the central bank; at least 40% of the fund's net assets in Hungarian residential property, and the fund manager must be security-cleared (s. 22(9)). Rules tightened by Acts XXV and LXXXIV of 2024 (only managers on the qualified list, direct subscription, minimum managed assets). valid_from is when Act XC of 2023 entered into force; the first qualifying fund manager was licensed only in October 2024 (Telex)."
t-bfb4bb20e7,hun-guest-investor,real_estate,2024-01-01,2024-12-29,500000,EUR,main applicant; property held 5 years with a registered ban on sale and encumbrance,hun-mk-act-xc-2023,"PDF p. 28, s. 16(3)(b)","legalább 500 000 euró összegnek megfelelő értékű, természetben Magyarország földrajzi területén található","Ownership share in residential property in Hungary worth at least EUR 500,000. Removed by s. 135(2) of Act LXXXIV of 2024 with effect from 30 Dec 2024 (consolidated text, njt). HVG (10 Dec 2024) reported that this route would only have started in January 2025, so it appears never to have operated."
t-36b425f7c7,hun-residency-bond,bonds,2012-12-28,2014-12-31,250000,EUR,main applicant (family members could join through family reunification),hun-mk-act-ccxx-2012,"PDF p. 271, s. 1 (new s. 28(4)(a) of Act II of 2007)","legalább 250 000 euro névértékben rendelkezik olyan vállalkozás által kibocsátott, legalább ötéves futamidejű értékpapírral","Translation: 'holds securities of at least EUR 250,000 face value, with a term of at least five years, issued by an undertaking' that itself buys special zero-coupon Hungarian government bonds of EUR 250,000 (discount rate 1.5 points below the market yield, at least 2%). The investor bought the intermediary's paper, not the state bond. valid_from is the day after promulgation (27 Dec 2012); first series sold from 19 June 2013. valid_to is the eve of the EUR 300,000 rule; the exact amending act was not identified."
t-518ad14957,hun-residency-bond,bonds,2015-01-01,2017-03-31,300000,EUR,main applicant,hun-akk-lmak-web-2019,"programme page, paragraph 4",a 2015. január 1-jét követően benyújtott kérelmek vonatkozásában kérelmezőnként 300 000 euró össz-névértékű Letelepedési Magyar Államkötvényt kellett lejegyezni,"Applies to applications filed after 1 Jan 2015 under s. 110(11) of Act II of 2007; bonds now in EUR 50,000 pieces (six per applicant). Intermediaries charged investors separate service fees not set by law (EUR 45,000-60,000 per case according to Index, 7 Dec 2017). valid_to is the end of the programme per ÁKK."
t-64b3f7d8b6,idn-golden-visa,bonds_shares_deposits_10y,2024-07-25,,700000,USD,"individual investor not founding a company, 10-year permit",idn-imigrasi-gci-2026-02,paras 6-7,sedangkan untuk golden visa sepuluh tahun dana yang harus ditempatkan adalah sejumlah US$ 700.000,"Thresholds as stated by Immigration in Feb 2026; valid_from is the launch date, assuming no change since (the regulation itself was not read)."
t-1fcc5cf672,idn-golden-visa,bonds_shares_deposits_5y,2024-07-25,,350000,USD,"individual investor not founding a company, 5-year permit",idn-imigrasi-gci-2026-02,paras 6-7,"pemohon diwajibkan menempatkan dana senilai US$ 350.000 yang dapat digunakan untuk membeli obligasi pemerintah RI, saham perusahaan publik atau penempatan tabungan/deposito","Thresholds as stated by Immigration in Feb 2026; valid_from is the launch date, assuming no change since (the regulation itself was not read)."
t-cf8a7fecbe,idn-golden-visa,corporate_investor_10y,2024-07-25,,50000000,USD,"director/commissioner of a parent company, 10-year permit",idn-imigrasi-gci-2026-02,paras 6-7,"Untuk dapat tinggal hingga sepuluh tahun, nilai investasi yakni sebesar US$ 50.000.000.","Thresholds as stated by Immigration in Feb 2026; valid_from is the launch date, assuming no change since (the regulation itself was not read)."
t-96f01883ac,idn-golden-visa,corporate_investor_5y,2024-07-25,,25000000,USD,"director/commissioner of a parent company setting up in Indonesia, 5-year permit",idn-imigrasi-gci-2026-02,paras 6-7,"mengajukan Golden Visa masa tinggal lima tahun, nilai investasi sebesar US$ 25.000.000","Thresholds as stated by Immigration in Feb 2026; valid_from is the launch date, assuming no change since (the regulation itself was not read)."
t-ba2c8b67f1,idn-golden-visa,individual_investor_company_10y,2024-07-25,,5000000,USD,"individual investor founding a company, 10-year permit",idn-imigrasi-gci-2026-02,paras 6-7,"Sedangkan untuk masa tinggal sepuluh tahun, nilai investasi yang disyaratkan adalah sebesar US$ 5.000.000.","Thresholds as stated by Immigration in Feb 2026; valid_from is the launch date, assuming no change since (the regulation itself was not read)."
t-223e70a7a7,idn-golden-visa,individual_investor_company_5y,2024-07-25,,2500000,USD,"individual investor founding a company, 5-year permit",idn-imigrasi-gci-2026-02,paras 6-7,investor perorangan yang akan mendirikan perusahaan di Indonesia diharuskan berinvestasi sebesar US$ 2.500.000,"Thresholds as stated by Immigration in Feb 2026; valid_from is the launch date, assuming no change since (the regulation itself was not read)."
t-7509b06620,irl-ibn,business_investment,,1994-10,500000,IEP,per applicant,irl-dail-pq-1994-10-25,"Minister's reply, last part","an investment of about £500,000 would be required","Internal Department of Justice working rule, not a Government decision; the Government left each case to the Minister's discretion. Start date not stated."
t-b5b4c6151b,irl-ibn,business_investment,1989-04,1994-10,,,"applicant, spouse and children under 18",irl-dail-pq-1998-06-25,"Appendix A, Statement of Intent",involves a substantial investment by the applicant,"No minimum amount in the published Statement of Intent; required two years' residence with at least 60 days present, a residence in the State, and a job-creating project. The review found most early cases did not meet these conditions."
t-c8ad1c1a9d,irl-ibn,business_investment,1994-10,1998-04-20,1000000,IEP,per applicant,irl-dail-pq-1998-06-25,"Appendix C, Terms of Reference (Department of Justice, October 1994), criterion (b)",The level of investment must involve a net contribution of at least £1 million per applicant.,Investment (equity or a 7-year low-interest loan to the firm) held at least 5 years; residence bought and kept 5 years; 60 days in the State in the 2 years after naturalisation. Announced in the Dáil 25 Oct 1994 (irl-dail-pq-1994-10-25).
t-a0845a4852,irl-ibn,business_investment,1994-10,1998-04-20,1000000,IEP,per applicant,irl-dail-pq-1994-10-25,"Minister's reply, terms of reference (b)",the level of investment must involve a net contribution of at least £1 million per applicant,"Same rule as above, as read into the record on 25 Oct 1994."
t-e289470eb8,irl-iip,application_fee,2012-04-15,2016-12,750,EUR,per application (covers family),irl-inis-iip-guidelines-2012,PDF p. 18,A non-refundable Application Fee of €750 must be submitted with all,
t-ad8b109410,irl-iip,application_fee,2016-12,2023-02-15,1500,EUR,per application (covers principal applicant and nominated family),irl-inis-iip-guidelines-2016,PDF p. 7,"An application fee of €1,500","Doubling also noted in the 2017 interim evaluation (fee 'will increase to €1,500 per application (up from the previous amount of €750)')."
t-e39b66da5f,irl-iip,bonds,2012-04-15,2013-07-14,2000000,EUR,investor (main applicant); spouse/partner and minor children included,irl-inis-iip-guidelines-2012,"PDF p. 5, option 1","A minimum investment of €2,000,000 in the immigrant investor bond issued by Ireland acting through the National Treasury Management Agency","Five-year, non-tradeable NTMA bond paying 1% a year (one payment of 5.1% at maturity per the launch statement). No one had chosen it by Nov 2012."
t-86f47b122e,irl-iip,bonds,2013-07-15,2016-07-18,1000000,EUR,investor (main applicant); spouse/partner and minor children included,irl-inis-changes-pr-2013,"Press release, list of main changes and table",A 50% reduction in the investment threshold for the Government Bond option from €2m to €1m.,Bond now paid 0% interest ('€1m invested in the bond at 0% interest rate'). Suspended from 18 July 2016 (irl-inis-new-programmes-2016).
t-54519713c9,irl-iip,business_investment,2012-04-15,2013-07-14,1000000,EUR,investor (main applicant); spouse/partner and minor children included,irl-inis-iip-guidelines-2012,"PDF p. 5, option 2","A minimum investment of €1,000,000 in a single Irish enterprise or spread over a number of enterprises for a minimum of 3 years",'Enterprise investment' option; must create or maintain jobs; held at least 3 years.
t-f49a32d74f,irl-iip,business_investment,2013-07-15,2017-01-01,500000,EUR,investor (main applicant); spouse/partner and minor children included,irl-inis-changes-pr-2013,"Press release, list of main changes",A 50% reduction in the enterprise investment requirement from €1m to €500k.,Confirmed in the 2014 guidelines (PDF p. 4). Most social-housing and nursing-home projects were funded under this option.
t-12eb30ac09,irl-iip,business_investment,2017-01-02,2023-02-15,1000000,EUR,investor (main applicant); spouse/partner and minor children included,irl-oir-wa-2017-11-16,"Written answer 16 Nov 2017, Q120-122",the investment threshold for applications to the Immigrant Investor Programme was returned to the original €1.0m for any application received from the 2nd January 2017,Set out in the December 2016 guidelines (PDF p. 4: 'A minimum investment of €1.0 million in either a single Irish enterprise'). Applications were not accepted between late 2016 and 2 January 2017. valid_to is the closure to new applications.
t-e0acc7f94c,irl-iip,donation,2012-04-15,2023-02-15,500000,EUR,single investor; investor (main applicant); spouse/partner and minor children included,irl-inis-iip-guidelines-2012,"PDF p. 6, option 4","A minimum endowment of €500,000 in a project of public benefit in the arts, sports, health, cultural or educational field.","'Endowment' option: a philanthropic donation, not returned. Unchanged until closure (Oct 2022 guidelines, PDF p. 7)."
t-77f124e2e0,irl-iip,donation,2013-07-15,2023-02-15,400000,EUR,per investor where five or more investors pool endowments for one project,irl-inis-changes-pr-2013,"Press release, table (revised scheme, endowment)","€500,000 philanthropic donation by an individual (€400,000 where 5 or more individuals pool their endowment for one appropriate project).",Group endowment rate; still in the Oct 2022 guidelines (PDF p. 7).
t-b155bccfea,irl-iip,funds,2013-07-15,2017-01-01,500000,EUR,investor (main applicant); spouse/partner and minor children included,irl-inis-changes-pr-2013,"Press release, list of main changes",Creation of a new category of investment in a managed fund which would invest in Irish businesses and projects.,The press release adds that the required investment 'will also be set at €500k'. Approved funds regulated by the Central Bank; held 3 years.
t-0ec540d544,irl-iip,funds,2017-01-02,2023-02-15,1000000,EUR,investor (main applicant); spouse/partner and minor children included,irl-inis-iip-guidelines-2016,"PDF p. 5, option 3",A minimum investment of €1.0 million in an Approved Investment Fund.,Effective for applications from 2 January 2017 (see enterprise row). Some approved funds could take IIP applications for 3 months after closure.
t-206d2beb1c,irl-iip,net_worth_requirement,2014,2023-02-15,2000000,EUR,investor's personal net worth,irl-inis-iip-guidelines-2014,PDF p. 3,Investors with a minimum net worth of €2 million,"Eligibility condition, not an investment. Not stated in the 2012 guidelines; first seen in 2014; exact start date not found."
t-ba94f03d5a,irl-iip,real_estate_mixed,2012-04-15,2013-07-14,1000000,EUR,investor (main applicant); spouse/partner and minor children included,irl-inis-iip-guidelines-2012,"PDF p. 6, option 3 'Mixed Investments'","In such cases a minimum investment of €1,000,000 will apply and this investment must be diversified between residential property and immigrant investor","Own-residence property plus immigrant investor bonds, at most 50% in property. Alternative (b): property of at least EUR 1m with clear economic or social benefit."
t-91411deef3,irl-iip,real_estate_mixed,2013-07-15,2016-07-18,950000,EUR,investor (main applicant); spouse/partner and minor children included,irl-inis-changes-pr-2013,"Press release, table (revised scheme, mixed investment)","Investment in a residential property of minimum value of €450,000 and a straight investment of €500,000 into the immigrant investor bond, giving a minimum investment of €950,000.",Suspended from 18 July 2016 together with the bond option.
t-d640c70c6f,irl-iip,reit,2014,2023-02-15,2000000,EUR,investor (main applicant); spouse/partner and minor children included,irl-inis-iip-guidelines-2014,"PDF p. 6, option 4",Required investment: A minimum investment of €2 million in any Irish REIT that is listed on the Irish Stock Exchange.,"Not in the July 2013 table; first seen in the 2014 guidelines (REIT tax rules came in the Finance Act 2013), exact start date not found. Only 6 REIT applications were ever approved."
t-df6a6d205c,ita-investor-visa,company_equity,2017-01-01,2020-05-18,1000000,EUR,main applicant; held for at least two years,ita-normattiva-tui-art26bis-2017,"art. 26-bis, comma 1, lett. b)",un investimento di almeno euro 1.000.000 in strumenti rappresentativi del capitale di una società costituita e operante in Italia mantenuto per almeno due anni,Halved by D.L. 34/2020 art. 38(10) from 19 May 2020.
t-a4b47160c0,ita-investor-visa,company_equity,2020-05-19,2024-12-17,500000,EUR,main applicant; held for at least two years,ita-normattiva-dl-34-2020-art38,"art. 38, comma 10",di almeno euro 500.000 in strumenti rappresentativi del capitale di una società costituita e operante in Italia mantenuto per almeno due anni,From 15 Sep 2020 the investment may also be made on behalf of a legal person the applicant represents (D.L. 76/2020 art. 40-quater).
t-3b80f5d965,ita-investor-visa,company_or_vc_fund_equity,2024-12-18,,500000,EUR,main applicant (or on behalf of a legal person represented); held for at least two years,ita-normattiva-l-193-2024-art35,"art. 35, comma 1","un investimento di almeno euro 500.000 in strumenti rappresentativi del capitale di una società o di un fondo di venture capital costituiti e operanti in Italia, mantenuto per almeno due anni",L. 193/2024 extends the company route to Italian venture-capital funds.
t-66ee841f28,ita-investor-visa,donation,2017-01-01,,1000000,EUR,"main applicant; philanthropic donation to a public-interest project (culture, education, immigration management, scientific research, cultural and landscape heritage)",ita-normattiva-tui-art26bis-2017,"art. 26-bis, comma 1, lett. c)",una donazione a carattere filantropico di almeno euro 1.000.000 a sostegno di un progetto di pubblico interesse,Unchanged in the current text. Applicants must also show they own at least EUR 2m (bonds route) or EUR 1m (other routes) available and transferable to Italy.
t-83df76feae,ita-investor-visa,government_bonds,2017-01-01,,2000000,EUR,main applicant; held for at least two years,ita-normattiva-tui-art26bis-2017,"art. 26-bis, comma 1, lett. a)",un investimento di almeno euro 2.000.000 in titoli emessi dal Governo italiano e che vengano mantenuti per almeno due anni,"Unchanged in the current text (ita-normattiva-tui-art26bis-2026). Eligible bonds (BTP, CCT, CTZ etc. with at least two years to maturity) defined by DM 21 Jul 2017."
t-380bc5ab37,ita-investor-visa,startup_equity,2017-01-01,2020-05-18,500000,EUR,main applicant; innovative start-up registered in the special section of the companies register,ita-normattiva-tui-art26bis-2017,"art. 26-bis, comma 1, lett. b)",ovvero di almeno euro 500.000 nel caso tale società sia una start-up innovativa,Halved by D.L. 34/2020 art. 38(10).
t-918988bc23,ita-investor-visa,startup_equity,2020-05-19,,250000,EUR,main applicant; innovative start-up registered in the special section of the companies register,ita-normattiva-dl-34-2020-art38,"art. 38, comma 10",ovvero di almeno euro 250.000,"Kept at EUR 250,000 in the L. 193/2024 rewording (in force 18 Dec 2024)."
t-1928e4197a,jor-cbi,bonds,2018,2019-12,1500000,USD,investor (family included),jor-jic-206-investors-2020,paras 6-9,"buy Treasury bonds valuing $1 million, instead of $1.5 million","Reported 'previous' amount, replaced in December 2019."
t-15455a9363,jor-cbi,business,2018,2019-12,2000000,USD,investor (family included),jor-jic-206-investors-2020,paras 6-9,"making a $1.5 million, in place of the previous $2 million, investment in any location in the country","Reported 'previous' amount for a project (20 jobs), replaced in December 2019. Projects outside Amman: USD 1.5m previously (next row)."
t-78f4016eda,jor-cbi,business,2019-12,2021-09-12,1500000,USD,"investor; new project in Amman governorate, 20 jobs",jor-jic-conditions-2021,"p. 1, item 3",راسمال مدفوع لا يقل عن مليون ونصف المليون دولار ، داخل حدود محافظة العاصمة,"Temporary passport for 3 years, then citizenship if conditions kept for 3 years. Quote transcribed from the page image (the PDF text layer maps glyphs wrongly)."
t-e81076b35d,jor-cbi,business,2021-09-12,2025-07-02,1000000,USD,"investor; new project in Amman, 20 jobs",jor-pm-cabinet-bases-2021,para. 4,بإجمالي رأسمال مدفوع لا يقلّ عن مليون دولار داخل حدود محافظة العاصمة شريطة توفير 20 فرصة عمل حقيقيّة للأردنيين,"3-year temporary passport, citizenship after 3 years of compliance."
t-bcdb28d059,jor-cbi,business,2025-07-02,,700000,JOD,"investor; new project in Amman, 20 jobs",jor-moin-mechanism-4375-2025,"PDF p. 3, section 'Secondly' 1.1",الا يقل حجم الاستثمار (إجمالي الموجودات الثابتة والمخزون) للمستثمر عن (700) ألف دينار أردني,3-year temporary Jordanian passport first; citizenship after 3 years of compliance and security approval. Quote transcribed from the page image (the PDF text layer maps glyphs wrongly).
t-1facd2564a,jor-cbi,business_new_partner,2025-07-02,,1000000,JOD,investor buying new shares in a project with paid-in capital of at least JOD 1m; jobs +20%,jor-moin-mechanism-4375-2025,"PDF p. 4, section 'Secondly' 2.2","ان يكون دخول الشريك برفع رأس المال وأن تكون حصص الشريك الجديد تعادل (1,000,000) مليون دينار أردني","3-year temporary passport, then citizenship. Quote transcribed from the page image (the PDF text layer maps glyphs wrongly)."
t-a5abc1c014,jor-cbi,business_outside_capital,2018,2019-12,1500000,USD,investor (family included),jor-jic-206-investors-2020,paras 6-9,"or $1 million, in place of the previous $1.5 million, if the project is registered in any governorate other than Amman","Reported 'previous' amount, replaced in December 2019."
t-7fc92e0a80,jor-cbi,business_outside_capital,2019-12,2021-09-12,1000000,USD,"investor; new project outside Amman, 15 jobs",jor-jic-conditions-2021,"p. 1, item 3",انشاء وتسجيل مشروع بما لا يقل عن مليون دولار خارج العاصمة,15 Jordanian jobs outside Amman per this sheet (the Dec 2020 article says 20 jobs). Quote transcribed from the page image (the PDF text layer maps glyphs wrongly).
t-77b5a425eb,jor-cbi,business_outside_capital,2021-09-12,2025-07-02,750000,USD,"investor; new project outside Amman, 10 jobs",jor-pm-cabinet-bases-2021,para. 4,ولا يقلّ عن 750 ألف دولار خارج حدود العاصمة شريطة توفير 10 فرص عمل حقيقيّة للأردنيين,
t-d85946c393,jor-cbi,business_outside_capital,2025-07-02,,500000,JOD,"investor; new project outside Amman, 10 jobs",jor-moin-mechanism-4375-2025,"PDF p. 3, section 'Secondly' 1.2",الا يقل حجم الاستثمار (إجمالي الموجودات الثابتة والمخزون) للمستثمر عن (500) ألف دينار أردني,Quote transcribed from the page image (the PDF text layer maps glyphs wrongly).
t-a8af8ce5a5,jor-cbi,deposit,2018,2019-12,1500000,USD,investor (family included),jor-jic-206-investors-2020,paras 6-9,"depositing $1 million, instead of the previous $1.5 million, at the Central Bank of Jordan (CBJ)","Reported 'previous' amount, replaced by a Cabinet decision of December 2019. The 2018 decision was not obtained, and the exact start date is not established."
t-1c6c6489a3,jor-cbi,deposit_and_bonds,2019-12,2021-09-12,1000000,USD,investor; plus USD 1m in treasury bonds,jor-jic-conditions-2021,"p. 1, item 1",ايداع وديعة بقيمة مليون دولار لدى البنك المركزي دون فائدة لمدة 3 سنوات وعدم السحب منها خلال هذه الفترة وشراء سندات الخزينة العامة بقيمة مليون دولار أمريكي لمدة 6 سنوات,This sheet makes the deposit and the bond purchase one combined route (USD 2m in total); the Dec 2020 JIC/Jordan Times article describes them as separate options. Start month from jor-jic-206-investors-2020 ('Cabinet decision made in December 2019'). Quote transcribed from the page image (the PDF text layer maps glyphs wrongly).
t-36e63849a8,jor-cbi,deposit_and_bonds,2021-09-12,2025-07-02,1000000,USD,investor; plus USD 1m in treasury bonds,jor-pm-cabinet-bases-2021,para. 2,يتم منح الجنسيّة الأردنيّة للمستثمر عند قيامه بإيداع وديعة بقيمة مليون دولار لدى البنك المركزي الأردني دون فائدة,Investor must be in Jordan for at least a month before the final recommendation. Route not listed in the 2025 mechanism (jor-moin-mechanism-4375-2025); valid_to assumed to be the date of decision 4375.
t-fd31d60eb0,jor-cbi,employment,2022-04-03,,150,jobs,"investor employing 150 Jordanians in Amman (100 elsewhere), kept 2 years",jor-moin-bases-2023,"PDF p. 19, section 'Seventhly'",منح الجنسية الاردنية عن طريق الاستثمار لكل مستثمر يعمل على تشغيل (150) مواطن أردني في محافظة العاصمة أو (100) مواطن اردني في باقي محافظات المملكة,"Not a money threshold: min_amount is a number of Jordanian employees registered with social security. Carried into the 2025 rules (jor-moin-mechanism-4375-2025, section 6). Quote transcribed from the page image (the PDF text layer maps glyphs wrongly)."
t-1810ce116a,jor-cbi,existing_business,2019-12,2021-09-12,1000000,USD,"investor; existing project in Amman, 20 jobs",jor-jic-conditions-2021,"p. 1-2, item 4",بإجمال راسمال مدفوع لا يقل عن مليون دولار ، داخل حدود محافظة العاصمة أو مشروع قائم,Quote transcribed from the page image (the PDF text layer maps glyphs wrongly).
t-0ce32dd23b,jor-cbi,existing_business,2021-09-12,2025-07-02,1000000,USD,"investor; existing project in Amman, 20 jobs over 3 years",jor-pm-cabinet-bases-2021,para. 8,وفقاً لميزانيّات سنويّة مصدّقة خلال آخر 3 سنوات لا تقلّ عن مليون دولار، مع توفير ما لا يقلّ عن 20 فرصة عمل لأردنيين,Average investor share of fixed and non-current tangible assets over the last 3 years.
t-caf9be507a,jor-cbi,existing_business,2025-07-02,,700000,JOD,"investor; existing investments in Amman, 20 Jordanian workers",jor-moin-mechanism-4375-2025,"PDF p. 5, section 'Thirdly' 1.1","مصدقة حسب الاصول لآخر (3) سنوات لا تقل عن (700,000) سبعمائة ألف دينار أردني",Average investor share of fixed assets and inventory over the last 3 years. Quote transcribed from the page image (the PDF text layer maps glyphs wrongly).
t-44551d0f69,jor-cbi,existing_business_outside_capital,2019-12,2021-09-12,700000,USD,"investor; existing project outside Amman, 15 jobs",jor-jic-conditions-2021,"p. 1-2, item 4","أو مشروع قائم بما لا يقل عن 700,000 دولار خارج العاصمة",Quote transcribed from the page image (the PDF text layer maps glyphs wrongly).
t-c8efc5d2a3,jor-cbi,existing_business_outside_capital,2021-09-12,2025-07-02,500000,USD,"investor; existing project outside Amman, 10 jobs",jor-pm-cabinet-bases-2021,para. 9,خلال آخر 3 سنوات لا تقلّ عن 500 ألف دولار، وتوفير ما لا يقلّ عن 10 فرص عمل لأردنيين,
t-0822b326c4,jor-cbi,existing_business_outside_capital,2025-07-02,,350000,JOD,"investor; existing investments outside Amman, 10 Jordanian workers",jor-moin-mechanism-4375-2025,"PDF p. 5, section 'Thirdly' 2.1","لآخر (3) سنوات لا تقل عن (350,000) ثلاثمائة وخمسين ألف دينار أردني",Quote transcribed from the page image (the PDF text layer maps glyphs wrongly).
t-02bdb91d74,jor-cbi,sector_food_logistics,2025-07-02,,3000000,JOD,investor's share in food logistics (storage); 20 workers in Amman / 10 elsewhere,jor-moin-mechanism-4375-2025,"PDF p. 6, section 'Fifthly'","لآخر (3) سنوات لا تقل عن (3,000,000) ثلاثة ملايين دينار أردني",Quote transcribed from the page image (the PDF text layer maps glyphs wrongly).
t-1d037cf81e,jor-cbi,sector_pharma,2022,2025-07-02,1000000,JOD,"investor's share; company investment at least JOD 1.5m, 20 Jordanian workers in Amman / 10 elsewhere",jor-moin-bases-2023,"PDF p. 13, section 'Firstly'",أن يكون المستثمر مؤسس / شريك بحصة لا تقل عن مليون دينار أردني,"Commercial-sector route under Cabinet decision 6404 (letter dated '30/2/2022' as printed). Same document sets similar routes for car dealers (share JOD 750,000), food logistics (JOD 750,000), maritime (JOD 1.5m), housing companies (JOD 2m) and tourist restaurants (JOD 750,000). Quote transcribed from the page image (the PDF text layer maps glyphs wrongly)."
t-9aa1cb862d,jor-cbi,sector_pharma,2025-07-02,,3000000,JOD,investor's share in pharma/medical warehouses; 20 workers in Amman / 10 elsewhere (pharmacists),jor-moin-mechanism-4375-2025,"PDF p. 6, section 'Fourthly'","لآخر (3) سنوات لا تقل عن (3,000,000) ثلاثة ملايين دينار أردني",Quote transcribed from the page image (the PDF text layer maps glyphs wrongly).
t-894289b4f8,jor-cbi,securities,2018,2019-12,1500000,USD,investor (family included),jor-jic-206-investors-2020,paras 6-9,"buy securities at a value of $1 million, instead of the previous $1.5 million","Reported 'previous' amount, replaced in December 2019."
t-4206db1a90,jor-cbi,securities,2021-09-12,2025-07-02,1500000,USD,investor,jor-pm-cabinet-bases-2021,para. 3,شراء أسهم / أو حصص في الشركات الأردنيّة بمبلغ لا يقلّ عن مليون ونصف المليون دولار، على أن لا يتمّ التصرف بالحصص لمدّة لا تقلّ عن 3 سنوات,
t-bb292d0da6,jor-cbi,securities,2025-07-02,,1000000,JOD,"investor; new shares bought via a licensed broker, held 3 years",jor-moin-mechanism-4375-2025,"PDF p. 2, section 'Firstly'","الحصول على الجنسية الاردنية من خلال شراء جديد لأسهم في الشركات الأردنية بمبلغ لا يقل عن (1,000,000) مليون دينار أردني",No more than 20% of the amount in one company. Quote transcribed from the page image (the PDF text layer maps glyphs wrongly).
t-153ed85a24,jor-cbi,securities_and_sme,2019-12,2021-09-12,1000000,USD,"investor; plus USD 750,000 in SMEs",jor-jic-conditions-2021,"p. 1, item 2",شراء أسهم / حصص في شركات اردنية بمبلغ لا يقل عن مليون دولار والاستثمار بالشركات الصغيرة والمتوسطة بمبلغ 750 ألف دولار,Shares not to be sold for at least 3 years. Read here as a combined requirement (USD 1.75m); the Dec 2020 article lists them as separate options. Quote transcribed from the page image (the PDF text layer maps glyphs wrongly).
t-e895b6d04f,jor-property-residence,real_estate,2021-01,2025-07-02,200000,JOD,"investor or ordinary person, with spouse and children under 24",jor-jic-conditions-2021,p. 2,عند شراء عقار سكني أو أكثر بمجموع قيم لا تقل عن 200 ألف دينار حسب تخمين دائرة الأراضي والمساحة,"Held at least 5 years without sale or mortgage. valid_from is the date of the earliest document found, not the launch date. Same amount in the Sep 2021 Cabinet decision (jor-pm-cabinet-bases-2021). Quote transcribed from the page image (the PDF text layer maps glyphs wrongly)."
t-65ad7c9b3d,jor-property-residence,real_estate,2025-07-02,,200000,JOD,investor or ordinary person; family members,jor-moin-mechanism-4375-2025,"PDF p. 7, section 'Eighthly' 1","شراء عقار لغايات السكن من مطور عقاري (وفق التشريعات النافذة) بقيمة لا تقل عن (200,000) مئتي ألف دينار أردني","Must be bought new from a real-estate developer and held 5 years; several buyers of one property each need a share of JOD 200,000. Quote transcribed from the page image (the PDF text layer maps glyphs wrongly)."
t-ff2fd180cb,khm-cbi,business_investment,1996-10-09,2018-06-21,1250000000,KHR,"applicant (spouse and children under 18 may apply as a family, Art. 14)",khm-cdc-law-nationality-1996,"p. 2, Art. 10 (CDC-approved investment) and Art. 11 (other government-authorised investment)","spending an initial capital of from 1,250,000,000 riels and up","Waives only the 7-year residence condition (Art. 8(3)); the other conditions (good conduct, no criminal record, Khmer language and history, etc.) still applied on paper. English translation; the Khmer text is official. valid_to is the date of the 2018 Law on Nationality, which replaced the fixed amounts."
t-5f058e913c,khm-cbi,business_investment,2025-12-01,,4000000000,KHR,applicant (own capital),khm-subdecree-225-2025,"PDF p. 10 (printed 10/18), Art. 29(1)",ចាប់ពី ៤ ០០០ ០០០ ០០០(បួនពាន់លាន)រៀលឡើងទៅ,"Translation: 'from 4,000,000,000 (four thousand million) riel upwards' of own capital actually spent on an investment project in Cambodia; the project must also be in a priority sector and of a type listed in the sub-decree's annexes (Art. 29(2)-(3)); assessed by the Ministry of Interior (Art. 30). Under Art. 21 of the 2018 law the applicant also needs 12 months' legal residence. Quote transcribed by eye from a scanned page. valid_from is the sub-decree's date (it applies from signature)."
t-91b13a0227,khm-cbi,donation,1996-10-09,2018-06-21,1000000000,KHR,"applicant (family application possible, Art. 14)",khm-cdc-law-nationality-1996,"p. 3, Art. 12","Any foreigner who has made a donation in cash, to the national budget of from 1,000,000,000 riels or more","Cash donation to the national budget 'for the interest of restoration and rebuilding of economy'. The applicant must still meet conditions 1, 2, 5 and 6 of Art. 8 (not residence). English translation."
t-a5a25d1684,khm-cbi,donation,2025-12-01,,12000000000,KHR,applicant (personal cash donation),khm-subdecree-225-2025,"PDF p. 10 (printed 10/18), Art. 31",ចំនួនចាប់ពី១២ ០០០ ០០០ ០០០(ដប់ពីរពាន់លាន)រៀលឡើងទៅ,"Translation: 'an amount from 12,000,000,000 (twelve thousand million) riel upwards', a personal cash donation to the national budget for socio-economic development or to the humanitarian sector, paid through the Ministry of Economy and Finance. Under Art. 22 of the 2018 law the applicant also needs 6 months' legal residence. Quote transcribed by eye from a scanned page."
t-37b35475e7,kna-cbi,donation_sgf,,,150000,USD,individual,kna-imf-art4-2021,"PDF p. 9 (printed p. 5), footnote 1","a contribution to the Sustainable Growth Fund (SGF) of US$150,000 for individuals, or US$195,000 for a family of up to 4",In force in 2021. The SGF replaced the SIDF as the donation route (date not documented in these sources); the 2021 report notes a temporary reduction of the SGF donation in 2020-21 without giving the amount.
t-4fa0f6b9a9,kna-cbi,donation_sgf,,,195000,USD,family of up to 4,kna-imf-art4-2021,"PDF p. 9 (printed p. 5), footnote 1","or US$195,000 for a family of up to 4",
t-ebebc1cf52,kna-cbi,donation_sgf,2023-01-01,2023-06-30,125000,USD,main applicant (limited time offer),kna-ciu-address-2022-12,PDF p. 3 (OCR),"SGF Limited Time Offer — 1 January 2023 - 30 June 2023 ... US$125,000 — Main applicant","US$170,000 for main applicant, spouse and two dependants. IMF (2025 Annex IX Box 1) says the offer was extended in June 2023 to 31 Jan 2024 but overridden by the July 2023 reform; it also says the pre-offer price was US$150,000."
t-aa5278bf2c,kna-cbi,donation_sgf,2023-01-01,2023-06-30,170000,USD,"main applicant, spouse and two dependants (limited time offer)",kna-ciu-address-2022-12,PDF p. 3 (OCR),"US$170,000 — Main applicant, spouse and two dependants",
t-15127d4ead,kna-cbi,donation_sidf,,,250000,USD,single applicant,kna-imf-cr-14-49,"PDF p. 9, Box 2","a minimum non-refundable contribution to the SIDF of US$250,000 for a single applicant, US$300,000 for an applicant with up to three dependents","In force at time of report (data to 2013Q1). Also US$350,000 up to five dependents, US$450,000 up to seven. Start date of this price not documented here."
t-5ff3596510,kna-cbi,donation_sidf,,,300000,USD,applicant with up to three dependants,kna-imf-cr-14-49,"PDF p. 9, Box 2","US$300,000 for an applicant with up to three dependents",
t-bb772bae96,kna-cbi,donation_sidf,,,250000,USD,not specified,kna-fincen-advisory-2014,p. 1,"contributes $250,000 USD to the St. Kitts and Nevis Sugar Industry Diversification Foundation",As described by FinCEN on 20 May 2014.
t-876430fd1a,kna-cbi,donation_sisc,2023-07-27,2024-07-07,250000,USD,main applicant only,kna-sro-26-2023,"PDF p. 15, reg. 30(2)(a)","(a) for a main applicant only, US$250,000 (Two Hundred and Fifty Thousand United States Dollars);","SISC replaced the SGF. US$300,000 main applicant plus spouse or one dependant."
t-cb13000f8b,kna-cbi,donation_sisc,2023-07-27,2024-07-07,350000,USD,"main applicant with spouse and one or two dependants, or two or three dependants",kna-sro-26-2023,"PDF p. 15, reg. 30(2)(c)","US$350,000 (Three Hundred and Fifty Thousand United States Dollars);",
t-f23dee9029,kna-cbi,donation_sisc,2023-07-27,2024-07-07,300000,USD,main applicant and spouse (family of two),kna-ciu-press-2023-07,p. 2,"For a family of two, the contribution amount increases to US$300,000",Government press release announcing the July 2023 reform; matches S.R.O. 26 of 2023 reg. 30(2)(b).
t-9612f1ef63,kna-cbi,donation_sisc,2024-07-08,,250000,USD,main applicant or family of up to four,kna-sro-20-2024,"PDF p. 13, reg. 21(2)(a)","(a) US$250,000 (Two Hundred and Fifty Thousand United States Dollars) for a main applicant or a family with up to four total persons","Family-of-four price cut from US$350,000. Still listed on the CIU website on 2026-09-28 (plus due diligence US$10,000 main applicant, US$7,500 per dependant 16+)."
t-219305a475,kna-cbi,fee_due_diligence,,,10000,USD,"main applicant (SISC route); US$7,500 per dependant 16 or over",kna-ciu-web-2026-09,"CIU web page 'Sustainable Island State Contribution', section Minimum Contribution Requirements","Due Diligence Fees: Main Applicant: US$10,000 Each Dependant (16 or over): US$7,500","As listed on 2026-09-28; also set in S.R.O. 26 of 2023 (PDF p. 24). Real-estate route adds post-approval fees (US$25,000 main applicant)."
t-0d0799b247,kna-cbi,private_home_condo,2023-07-27,2024-10-24,400000,USD,main applicant (condominium unit),kna-sro-26-2023,"PDF p. 18, reg. 31","with respect to a condominium unit, a minimum investment sum of US$400,000","Single-family dwelling: US$800,000."
t-c40a9a5acf,kna-cbi,private_home_condo,2024-10-25,,325000,USD,main applicant (condominium unit or share),kna-sro-43-2024,"PDF p. 2, reg. 9(a)","replacing the expression ""US$400,000 (Four Hundred Thousand United States Dollars)"" with the expression ""US$325,000",
t-cf736290cf,kna-cbi,private_home_single_family,2023-07-27,2024-10-24,800000,USD,main applicant (single-family dwelling),kna-sro-26-2023,"PDF p. 18, reg. 31","sum of US$800,000 (Eight Hundred Thousand United States Dollars) is paid",
t-c1da2cb0bd,kna-cbi,private_home_single_family,2024-10-25,,600000,USD,main applicant (single-family private dwelling),kna-sro-43-2024,"PDF p. 2, reg. 9","replacing the expression ""US$800,000 (Eight Hundred Thousand United States Dollars)"" with the expression ""US$600,000 (Six Hundred Thousand United States Dollars)""","Condominium/share in private real estate reduced from US$400,000 to US$325,000 in the same regulation."
t-69fe4cd14c,kna-cbi,public_benefit,2023-07-27,,250000,USD,main applicant,kna-sro-26-2023,"PDF p. 22, reg. 32","Citizenship by Investment, if a minimum contribution of US$250,000 (Two Hundred and","Retained at US$250,000 in S.R.O. 20 of 2024 (PDF p. 21, reg. 23(9))."
t-b0f22cc0f9,kna-cbi,real_estate,,,400000,USD,"main applicant (plus application fees US$50,000 single applicant)",kna-imf-cr-14-49,"PDF p. 9, Box 2","For a minimum investment of US$400,000 in eligible real estate, applicants and their families are eligible for citizenship.",
t-6ae7dff680,kna-cbi,real_estate,,,400000,USD,not specified,kna-fincen-advisory-2014,p. 1,"invests in designated real estate with a value of at least $400,000 USD",As described by FinCEN on 20 May 2014.
t-888ac2109f,kna-cbi,real_estate,,,400000,USD,main applicant; full title held 5 years before resale,kna-imf-art4-2021,"PDF p. 9 (printed p. 5), footnote 1","or US$400,000 (full title) held for 5 years before resale, plus fees",In force in 2021.
t-34b419ac49,kna-cbi,real_estate,2023-01-01,2023-07-26,200000,USD,main applicant; approved developments only; resellable after 7 years,kna-ciu-address-2022-12,PDF p. 3 (OCR),"The minimum real estate investment required by law is US$200,000 (resellable after 7 years).",valid_to set to the day before S.R.O. 26 of 2023 took effect.
t-c2fd39c18e,kna-cbi,real_estate,2023-07-27,2024-10-24,400000,USD,main applicant (approved development),kna-sro-26-2023,"PDF p. 12, reg. 29(12)","a minimum investment sum of US$400,000 (Four Hundred Thousand United States Dollars) is paid to the developer by the main applicant",Carried over unchanged into S.R.O. 20 of 2024 (reg. 20(12)) until cut by S.R.O. 43 of 2024.
t-fb847390c5,kna-cbi,real_estate,2024-10-25,,325000,USD,main applicant (approved development); resaleable after seven years,kna-sro-43-2024,"PDF p. 2, reg. 6","replacing the expression ""US$400,000 (Four Hundred Thousand United States Dollars)"" with the expression ""US$325,000 (Three Hundred and Twenty-Five Thousand United States Dollars)""",Still listed on the CIU website on 2026-09-28.
t-70f932f1cf,kna-cbi,real_estate_share,,,200000,USD,main applicant; held 7 years before resale,kna-imf-art4-2021,"PDF p. 9 (printed p. 5), footnote 1","an investment in the Real Estate Fund of US$200,000 (share only) held for 7 years before resale",In force in 2021.
t-27b8bc28e3,kor-public-investment-immigration,fund_general,2013-05,2023-06-28,500000000,KRW,"investor (F-2, then F-5 after 5 years)",kor-moj-public-investment-2023,"p. 1, table '공익사업 투자이민제도 종류'","5억 원 이상 투자 시 거주(F-2) 자격을 부여하고, 5년 간 투자 유지 시 영주(F-5) 자격을 부여하는 제도(’13. 5월 시행)",
t-e37d1304c4,kor-public-investment-immigration,fund_general,2023-06-29,,1500000000,KRW,"investor (F-2, then F-5 after 5 years)",kor-moj-public-investment-2023,"p. 1-2, item 1",주요국 해외 사례* 등을 고려하여 투자 기준금액을 5억 원에서 15억 원으로 상향합니다.,
t-038a740127,kor-public-investment-immigration,fund_high_value,2014-10,2023-06-28,1500000000,KRW,investor (immediate F-5 on 5-year pledge),kor-moj-public-investment-2023,"p. 1, table",15억 원 이상 투자하고 5년 이상 투자를 유지할 것을 조건으로 영주(F-5) 자격을 부여하는 제도(’14. 10월 시행),
t-04e78a8eb5,kor-public-investment-immigration,fund_high_value,2023-06-29,,3000000000,KRW,investor (immediate F-5 on 5-year pledge),kor-moj-public-investment-2023,"p. 2, item 2",투자 기준금액을 15억 원에서 30억 원으로 상향합니다.,
t-8e083e277e,kor-public-investment-immigration,fund_retirement,2013-05,2023-06-28,300000000,KRW,"investor aged 55+ (F-2, then F-5)",kor-moj-public-investment-2023,"p. 1, table","55세 이상의 외국인이 3억 원 이상 투자 시 거주(F-2) 자격을 부여하고, 5년 간 투자 유지 시 영주(F-5) 자격을 부여하는 제도(’13. 5월 시행)",Abolished 29 June 2023. MOJ web page adds that retirees also needed 300m won in other assets.
t-e50a3d8d06,kor-real-estate-immigration,real_estate,2023-05-01,,1000000000,KRW,investor (tourism/resort facilities in five designated areas),kor-moj-tourism-investment-2023,p. 1,"법무부는 5월 1일부터 제주, 인천 등 5개 지역의 부동산 투자이민제도* 기간을 3년 연장하고, 투자 기준금액을 10억 원으로 상향하여 시행합니다.",Areas extended three years (to about April/May 2026); whether they were extended again in 2026 was not checked.
t-d116feb02d,kor-real-estate-immigration,real_estate_jeju,2010-02,2023-04-30,500000000,KRW,investor (resort property in designated Jeju tourism zones),kor-segye-jeju-2024,para 4,법무부와 협의를 거쳐 2023년 5월 1일부터 투자이민제 투자금액 기준을 5억원에서 10억원으로 상향 조정했다,"Jeju Province statement reported by Segye. Thresholds in other designated areas (e.g. Incheon, Busan) are not covered by the sources read; MOJ says most areas had not changed in over ten years."
t-101319c908,lca-cbi,bonds,2015-10-02,2022-12-31,500000,USD,single applicant,lca-cbi-regs-2015,"p. 14, Schedule 2 para 4","Applicant applying alone                     US$ 500,000","Non-interest bearing 5-year bond. From 1 Jan 2017 plus US$50,000 non-refundable admin fee (SI 105 of 2016)."
t-19c9485fef,lca-cbi,bonds,2023-01-01,,300000,USD,applicant and any number of qualifying dependants,lca-cbi-regs-2022b,"p. 4, reg. 4(c)","applicant and          US$ 300,000          5 years”.","National Action Bond, non-interest bearing, 5-year holding."
t-11808eec0f,lca-cbi,bonds_covid,2020-05-12,2020-12-31,250000,USD,single applicant,lca-cbi-regs-2020a,"p. 7, para 4(b)","(i) applicant applying alone     US$250,000       5 years","Must be purchased by 31 Dec 2020 (reg. 12(4)(a)); up to four dependants US$300,000."
t-2a04ef60e8,lca-cbi,bonds_covid,2021-01-01,2021-12-31,250000,USD,single applicant,lca-cbi-regs-2020b,"p. 1, reg. 2","“(a) be made by the 31st day of December, 2021;”.",Deadline extension only; amount from SI 73 of 2020.
t-9f7fd9bbd2,lca-cbi,bonds_covid,2022-01-01,2022-12-31,250000,USD,single applicant,lca-cbi-regs-2022a,"p. 1, reg. 2","“(a) be made by the 31st day of December, 2022;”.",Deadline extension only.
t-574d34de3a,lca-cbi,donation,2015-10-02,2016-12-31,200000,USD,single applicant,lca-cbi-regs-2015,"p. 13, Schedule 2 para 1","Applicant applying alone                         US$ 200,000","National Economic Fund. Applications accepted from 1 Jan 2016. Spouse US$235,000; spouse+2 US$250,000."
t-c68f85401d,lca-cbi,donation,2015-10-02,2016-12-31,235000,USD,applicant with spouse,lca-cbi-regs-2015,"p. 13, Schedule 2 para 1","Applicant applying with spouse                   US$ 235,000",
t-57bd5856a3,lca-cbi,donation,2017-01-01,2024-06-30,100000,USD,single applicant,lca-cbi-regs-2016b,"p. 2, reg. 7","Applicant applying alone                     US$100,000",SI 105 of 2016 in force 1 Jan 2017; re-enacted by SI 1 of 2017.
t-30e37194be,lca-cbi,donation,2017-01-01,2020-05-11,165000,USD,applicant with spouse,lca-cbi-regs-2016b,"p. 2, reg. 7","Applicant applying with spouse                  US$165,000",
t-c55e27d119,lca-cbi,donation,2020-05-12,2024-06-30,140000,USD,applicant with spouse,lca-cbi-regs-2020a,"p. 6, reg. 7(a)","Applicant applying with spouse                    US$140,000",Valid-from = date of the S.I.; commencement not stated separately.
t-ee3d2933ca,lca-cbi,donation,2024-07-01,,240000,USD,applicant with up to three qualifying dependants,lca-cbi-regs-2024b,"p. 4, reg. 3(a)","Applicant applying with up to US$ 240,000 three qualifying dependents","Implements the 2024 regional minimum; US$200,000 of each contribution is paid to the NEF (reg. 9(2)). Additional dependants US$10,000 (<18) / US$20,000 (>18)."
t-0aba9f2d61,lca-cbi,enterprise,2015-10-02,,3500000,USD,single applicant (Option 1),lca-cbi-regs-2015,"p. 13, Schedule 2 para 3","Option 1 : Applicant                       US$ 3,500,000 (plus no less than 3",Plus at least 3 permanent jobs; Option 2 joint US$6m with US$1m each.
t-e2585f6c58,lca-cbi,enterprise_option3,2023-12-20,2024-06-30,100000,USD,applicant only,lca-cbi-regs-2023,"p. 2, reg. 4","Option 3:                             US$100,000","Housing, social development and investment-services projects ('infrastructure option'); US$150,000 with up to three dependants."
t-df72f95314,lca-cbi,enterprise_option3,2024-07-01,,250000,USD,applicant with up to three qualifying dependants,lca-cbi-regs-2024b,"p. 5, reg. 3(c)","three  US$ 250,000”.","Text is garbled in the PDF (overprinted); amount confirmed again in SI 57 of 2026, p. 18."
t-5633048497,lca-cbi,real_estate,2015-10-02,2022-12-31,300000,USD,applicant,lca-cbi-regs-2015,"p. 13, Schedule 2 para 2","Applicant                                  US$ 300,000",Plus administration fees.
t-36ef41f882,lca-cbi,real_estate,2023-01-01,2024-06-30,200000,USD,applicant,lca-cbi-regs-2022b,"p. 3, reg. 4(b)","replacing the qualifying investment amount of “US$ 200,000”",
t-1125ad0c7c,lca-cbi,real_estate,2024-07-01,,300000,USD,applicant and any number of qualifying dependants,lca-cbi-regs-2024b,"p. 4, reg. 3(b)","Applicant and any number of US$ 300,000 plus applicable qualifying dependents administration fees",
t-6446e87e7d,lca-cbi,real_estate_built,2026-03-23,,500000,USD,applicant and qualifying dependants,lca-cbi-regs-2026,"p. 17, reg. 12(a)","Applicant and            US$500,000 qualifying dependants",New 'approved built real estate project' (apartment or villa). Valid-from = gazette date.
t-ec4c7d6be9,ltu-investor-residence,business,,,14000,EUR,"company participant (own investment, in a company with at least EUR 28,000 equity)",ltu-seimas-aliens-law-2026,art. 45(1)(1) (PDF p. 50),"kurios nuosavo kapitalo (ne akcinės bendrovės ir ne uždarosios akcinės bendrovės atveju – turto) vertė sudaro ne mažiau kaip 28 000 eurų, iš kurių ne mažiau kaip 14 000 eurų – užsieniečio investuotos lėšos ar kitas turtas","Also: company active at least 6 months, staff wages at least 2 average monthly wages, applicant is manager or holds at least 1/3 of shares. Wording as last amended by law XIV-1277 (TAR 2022-07-14); start date of these amounts not established."
t-6a1b173be9,ltu-investor-residence,business,,,260000,EUR,company participant (investment with at least five full-time jobs),ltu-seimas-aliens-law-2026,art. 45(1)(1¹) (PDF p. 50),į kurios nuosavą kapitalą (ne akcinės bendrovės ir ne uždarosios akcinės bendrovės atveju – turtą) užsienietis investavo ne mažiau kaip 260 000 eurų,Point added by law XII-2609 of 14 Sep 2016 (TAR 2016-09-19); entry-into-force date not checked.
t-5ac73f394d,lux-investor-residence,bank_deposit,2017,,20000000,EUR,investor (deposit kept 5 years),lux-mfin-faq-investor-2018,"PDF p. 1, question 3",Le demandeur investit au moins EUR 20.000.000 sous forme d’un dépôt auprès d’un institut financier établi au Luxembourg et s’engage à maintenir cet investissement pour une durée au moins de cinq ans.,"Art. 53bis(1) of the immigration law as added by the law of 8 March 2017 (the 2025 bill calls it the law of 20 March 2017, probably the publication date). Exact start date not checked. A repeal bill (no. 8586) was pending in Sep 2026. "
t-c3c1499b84,lux-investor-residence,business,2017,,500000,EUR,"investor (existing Luxembourg company, kept 5 years)",lux-mfin-faq-investor-2018,"PDF p. 1, question 3","Le demandeur investit au moins EUR 500.000 dans une entreprise existante, ayant son siège social au Luxembourg et s’engage à maintenir cet investissement pour une durée au moins de cinq ans.","Art. 53bis(1) of the immigration law as added by the law of 8 March 2017 (the 2025 bill calls it the law of 20 March 2017, probably the publication date). Exact start date not checked. A repeal bill (no. 8586) was pending in Sep 2026. "
t-18facdbe27,lux-investor-residence,business,2017,,500000,EUR,"investor (new Luxembourg company, kept 3 years)",lux-mfin-faq-investor-2018,"PDF p. 1, question 3","Le demandeur investit au moins EUR 500.000 dans une entreprise à créer, ayant son siège social au Luxembourg et s’engage à maintenir cet investissement pour une durée au moins de trois ans.","Art. 53bis(1) of the immigration law as added by the law of 8 March 2017 (the 2025 bill calls it the law of 20 March 2017, probably the publication date). Exact start date not checked. A repeal bill (no. 8586) was pending in Sep 2026. "
t-755f474fd2,lux-investor-residence,investment_fund,2017,,3000000,EUR,"investor (investment and management structure, e.g. family office)",lux-mfin-faq-investor-2018,"PDF p. 1, question 3","Le demandeur investit au moins EUR 3.000.000 dans une structure d’investissement et de gestion existante ou à créer, ayant son siège social au Luxembourg et y maintenant une substance appropriée.","Art. 53bis(1) of the immigration law as added by the law of 8 March 2017 (the 2025 bill calls it the law of 20 March 2017, probably the publication date). Exact start date not checked. A repeal bill (no. 8586) was pending in Sep 2026. "
t-66e6d02202,lva-investor-residence,bonds,2015-01-01,2026-05-19,250000,EUR,main investor; special-purpose interest-free state securities at nominal value,lva-likumi-immigration-law-2015-01,Art. 23(1) p. 31,iegādājas īpašam mērķim noteiktus bezprocentu valsts vērtspapīrus par nominālvērtību 250 000 euro,"Added by the amendments of 2014 (PMLP annual report 2015 cites the laws of 8 May and 29 May 2014), in force 1 Jan 2015. The Cabinet could suspend issuance if it threatened the public-debt ceiling. Point 31 was deleted by the law of 23.04.2026, in force 20.05.2026."
t-4fc33cce90,lva-investor-residence,business,2010-07-01,2011-06-15,25000,LVL,"main investor; company must pay at least LVL 20,000 in taxes a year",lva-likumi-immigration-law-2010-07,Art. 23(1) p. 28,ja viņš ir ieguldījis kapitālsabiedrības pamatkapitālā ne mazāk kā 25 000 latu,
t-60a3f65014,lva-investor-residence,business,2011-06-16,2013-12-31,25000,LVL,"main investor; company with up to 50 employees and turnover or balance up to LVL 7 million that pays at least LVL 20,000 in taxes a year",lva-likumi-immigration-law-2011-06,Art. 23(1) p. 28(a),"a) 25 000 latu, un tas veikts kapitālsabiedrībā, kura nodarbina ne vairāk kā 50 darbinieku",
t-cc8b5d99b1,lva-investor-residence,business,2011-06-16,2013-12-31,100000,LVL,main investor; any company,lva-likumi-immigration-law-2011-06,Art. 23(1) p. 28(b),b) 100 000 latu;,
t-9ffb5c876a,lva-investor-residence,business,2014-01-01,2016-06-30,35000,EUR,"main investor; company with up to 50 employees, turnover or balance up to EUR 10 million, paying at least EUR 40,000 in taxes a year; at most three foreigners per company",lva-likumi-immigration-law-2014-01,Art. 23(1) p. 28(a),"a) 35 000 euro un tas veikts kapitālsabiedrībā, kura nodarbina ne vairāk kā 50 darbinieku",Amendments of 05.12.2013.
t-4bc9eb05bf,lva-investor-residence,business,2014-01-01,2016-06-30,150000,EUR,main investor; company with more than 50 employees and turnover or balance above EUR 10 million,lva-likumi-immigration-law-2014-01,Art. 23(1) p. 28(b),"b) 150 000 euro un tas veikts kapitālsabiedrībā, kura nodarbina vairāk nekā 50 darbinieku",
t-f43cf76028,lva-investor-residence,business,2016-07-01,2026-09-14,50000,EUR,"main investor; company with up to 50 employees and turnover or balance up to EUR 10 million; at most 10 foreigners per company; company must pay at least EUR 40,000 taxes a year (art. 23(7.1))",lva-likumi-immigration-law-2016-07,Art. 23(1) p. 28(a),"a) 50 000 euro un tas veikts kapitālsabiedrībā, kura nodarbina ne vairāk kā 50 darbinieku","Amendments of 09.06.2016. Plus EUR 10,000 payment to the state budget (next row)."
t-9049cd1f57,lva-investor-residence,business,2016-07-01,2026-09-14,100000,EUR,"main investor; company (alone or with Latvian subsidiaries) with more than 50 employees and turnover or balance above EUR 10 million; company must pay at least EUR 100,000 taxes a year",lva-likumi-immigration-law-2016-07,Art. 23(1) p. 28(b)-(c),"b) 100 000 euro un tas veikts kapitālsabiedrībā, kura nodarbina vairāk nekā 50 darbinieku",
t-3d03cd7af5,lva-investor-residence,business,2026-09-15,,50000,EUR,main investor; company with up to 50 employees and turnover or balance up to EUR 10 million; permit up to two years,lva-likumi-immigration-law-new-2026,"New Immigration Law, art. 27(1) p. 10(a)","a) 50 000 euro, un tas veikts kapitālsabiedrībā, kura nodarbina ne vairāk kā 50 darbinieku","Permit term cut from five to two years. EUR 10,000 state payment on the first permit. Not available to Russian or Belarusian citizens (art. 27(7)-(8))."
t-bb24899d82,lva-investor-residence,business,2026-09-15,,100000,EUR,main investor; company (alone or with Latvian subsidiaries) with more than 50 employees and turnover or balance above EUR 10 million; permit up to two years,lva-likumi-immigration-law-new-2026,"New Immigration Law, art. 27(1) p. 10(b)","b) 100 000 euro, un tas veikts kapitālsabiedrībā, kura atsevišķi vai kopā ar vienu vai vairākiem meitas komersantiem",
t-fa98701571,lva-investor-residence,credit_institution,2010-07-01,2013-12-31,200000,LVL,main investor; subordinated capital (subordinated loan or bonds) of a Latvian credit institution for at least five years,lva-likumi-immigration-law-2010-07,Art. 23(1) p. 30,ne mazāk kā 200 000 latu apmērā kredītiestādes subordinētā kapitāla (subordinētā aizdevuma vai subordinēto obligāciju) veidā,"Often described as the ""bank deposit"" route."
t-8d8e9d8bbe,lva-investor-residence,credit_institution,2014-01-01,2026-09-14,280000,EUR,main investor; subordinated liabilities with a Latvian credit institution for at least five years,lva-likumi-immigration-law-2014-01,Art. 23(1) p. 30,pakārtotās saistības ar Latvijas Republikas kredītiestādi ne mazāk kā 280 000 euro apmērā,Amendments of 05.12.2013. Route abolished by the new Immigration Law (15 Sep 2026).
t-2cd2f2a778,lva-investor-residence,fund,2026-09-15,,150000,EUR,main investor; at least five years in a state-created alternative investment fund manager; permit up to five years,lva-likumi-immigration-law-new-2026,"New Immigration Law, art. 27(1) p. 36",vismaz 150 000 euro investīcijas veikšanu ne mazāk par pieciem gadiem valsts izveidotā alternatīvo ieguldījumu fonda pārvaldniekā,"Plus EUR 10,000 payment to the state budget. PMLP says the fund did not yet exist when the law took effect, so the route could not yet be used. Not available to Russian or Belarusian citizens."
t-2dba1f12e6,lva-investor-residence,real_estate,2010-07-01,2011-06-15,100000,LVL,"main investor; property in Riga, Riga planning region or republic cities (total transaction value)",lva-likumi-immigration-law-2010-07,Art. 23(1) p. 29,kuru kopējā darījumu summa ir ne mazāka par 100 000 latu,One or more properties; no property-tax debts ever; non-cash payment. Permit up to five years; spouse and minor children can get permits for the same term (art. 23(4)). Transitional point 16: only investments made after 1 July 2010 qualify.
t-715fbb01a7,lva-investor-residence,real_estate,2010-07-01,2011-06-15,50000,LVL,"main investor; property outside Riga, the Riga planning region and republic cities",lva-likumi-immigration-law-2010-07,Art. 23(1) p. 29,kuru kopējā darījumu summa ir ne mazāka par 50 000 latu,
t-9a5a343a0d,lva-investor-residence,real_estate,2011-06-16,2013-12-31,100000,LVL,main investor; property in the Riga planning region or republic cities (total property value),lva-likumi-immigration-law-2011-06,Art. 23(1) p. 29,kuru kopējā nekustamā īpašuma vērtība ir ne mazāka par 100 000 latu,"Amendments of 26.05.2011. Added conditions: seller must be a Latvian-registered legal person or a resident individual; total cadastral value at purchase at least LVL 30,000 (otherwise a certified market valuation must support the value)."
t-f7b19ee660,lva-investor-residence,real_estate,2011-06-16,2013-12-31,50000,LVL,main investor; property outside the Riga planning region and republic cities,lva-likumi-immigration-law-2011-06,Art. 23(1) p. 29,nekustamo īpašumu kopējā vērtība ir ne mazāka par 50 000 latu,"Cadastral value at purchase at least LVL 10,000 outside the Riga region."
t-7ac3d3c7e4,lva-investor-residence,real_estate,2014-01-01,2014-08-31,142300,EUR,main investor; property in the Riga planning region or republic cities,lva-likumi-immigration-law-2014-01,Art. 23(1) p. 29,kuru kopējā vērtība ir ne mazāka par 142 300 euro,"Euro adoption (1 Jan 2014): same thresholds converted from lats (amendments of 05.12.2013). Minimum cadastral value EUR 42,690."
t-1f4db46dc7,lva-investor-residence,real_estate,2014-01-01,2014-08-31,71150,EUR,main investor; property outside the Riga planning region and republic cities,lva-likumi-immigration-law-2014-01,Art. 23(1) p. 29,"viens vai vairāki nekustamie īpašumi, kuru kopējā vērtība ir ne mazāka par 71 150 euro","Minimum cadastral value EUR 14,230."
t-7b2b88a5b8,lva-investor-residence,real_estate,2014-09-01,2016-06-30,250000,EUR,"main investor; one functionally linked built property, anywhere in Latvia",lva-likumi-immigration-law-2014-09,Art. 23(1) p. 29,"viens funkcionāli saistīts apbūvēts nekustamais īpašums, kura vērtība ir ne mazāka par 250 000 euro","Amendments of 08.05.2014. Cadastral value at least EUR 80,000. Plus one-off payment to the state budget of 5% of the property value (next row). Transitional points 26 and 29: owners who registered qualifying property in the land register by 31 Aug 2014 kept the old thresholds and could apply for a first permit until 30 Dec 2016."
t-c47b8a264c,lva-investor-residence,real_estate,2016-07-01,2026-09-14,250000,EUR,"main investor; one property in Riga, Jūrmala or listed surrounding municipalities, or up to two properties elsewhere with combined value",lva-likumi-immigration-law-2016-07,Art. 23(1) p. 29,"kura vērtība ir vismaz 250 000 euro, vai ārpus minētajām administratīvajām teritorijām — ne vairāk kā divi nekustamie īpašumi","Amendments of 09.06.2016. Undeveloped land, agricultural and forest land excluded; cadastral value at least EUR 80,000 (EUR 40,000 each for two properties outside the Riga area). The list of territories was renamed after the 2021 administrative reform (see 2022 version). Route abolished when the new Immigration Law took effect on 15 Sep 2026; valid_to is the last day of the old law."
t-f2b78e376d,lva-investor-residence,state_fee_bonds,2015-01-01,2017-03-01,25000,EUR,main investor,lva-likumi-immigration-law-2015-01,Art. 23(1) p. 31,un samaksā valsts budžetā 25 000 euro,
t-727d99e9ee,lva-investor-residence,state_fee_bonds,2017-03-02,2026-05-19,38000,EUR,main investor,lva-likumi-immigration-law-2017-03,Art. 23(1) p. 31,un samaksā valsts budžetā 38 000 euro,Amendments of 02.02.2017.
t-1d70af9e4d,lva-investor-residence,state_fee_business,2016-07-01,2026-09-14,10000,EUR,main investor (from 2 Mar 2017: on the first permit only),lva-likumi-immigration-law-2016-07,Art. 23(1) p. 28,un ir samaksājis valsts budžetā 10 000 euro,"The 02.02.2017 amendments clarified that the payment is due when requesting the first permit (""pieprasot pirmreizēju termiņuzturēšanās atļauju"")."
t-8b87d829d3,lva-investor-residence,state_fee_business,2026-09-15,,10000,EUR,"main investor, first permit",lva-likumi-immigration-law-new-2026,"New Immigration Law, art. 27(1) p. 10",ir samaksājis valsts budžetā 10 000 euro,
t-572cc2df46,lva-investor-residence,state_fee_credit_institution,2014-09-01,2026-09-14,25000,EUR,"main investor, first permit",lva-likumi-immigration-law-2014-09,Art. 23(1) p. 30,"pieprasot pirmreizēju termiņuzturēšanās atļauju, viņš samaksā valsts budžetā 25 000 euro",
t-f659ef6f28,lva-investor-residence,state_fee_real_estate,2014-09-01,2026-09-14,5,percent_of_property_value,"main investor, first permit only",lva-likumi-immigration-law-2014-09,Art. 23(1) p. 29(e),"viņš, pieprasot pirmreizēju termiņuzturēšanās atļauju, samaksā valsts budžetā piecus procentus no nekustamā īpašuma vērtības","One-off, non-refundable payment into the budget programme ""Ekonomikas attīstības programma"" (art. 23(8)). Currency column holds the unit: 5 percent of the property value."
t-ed25022150,lva-investor-residence,state_fee_renewal,2016-07-01,2026-09-14,5000,EUR,investor renewing a permit under points 28-31,lva-likumi-immigration-law-2016-07,Art. 23(7.3),"atkārtoti saņemot termiņuzturēšanās atļauju, viņš ir samaksājis valsts budžetā 5000 euro","From 2 Mar 2017 also due if the earlier permit has expired, with first-permit rules applying when the renewal is late (over 90 days) or the investment object changes."
t-809faa7c5e,mda-cbi,business,2018-11,2020-09-01,250000,EUR,main applicant,mda-moldovaorg-2019-08-06,last para,sau 250 mii într-un domeniu de afaceri de importanţă strategică,"Investment in a strategic sector approved by the government, to be held for 60 months (per the law as quoted by ZdG). Press summary; regulation not read."
t-7db730a485,mda-cbi,donation,2018-11,2020-09-01,100000,EUR,main applicant,mda-moldovaorg-2019-08-06,last para,un investitor străin poate obține cetățenia Moldovei dacă transferă în Fondul de Dezvoltare Durabilă cel puţin 100 mii de euro,"Non-refundable contribution to the Public Investment Fund for Sustainable Development. Press summary: the regulation (HG 786/2017) itself could not be read, and family-member amounts and fees are not covered. CJI (2018) describes the minimum differently (""equivalent of EUR 250 thousand"")."
t-f29e478627,mkd-economic-interest,business_investment,2012-12-20,,400000,EUR,"per person (по лице), plus at least 10 permanent employees for at least one year",mkd-sv-decree-2012-161,"p. 4, item 3852, Art. 1 (new Art. 3(1) of the decree)",вестирал капитал во износ од најмалку 400.000 евра по лице како директна инвестиција во нови капацитети,"Direct investment in new capacity, excluding catering and retail, with at least ten employees on open-ended contracts for at least one year; assessed by the Ministry of Finance. Re-enacted unchanged by the 2019 amendment (mkd-sv-decree-2019-255). Before 20 Dec 2012 the 2005 decree set no minimum amount. Other economic-interest criteria with no amount (top manager, expert, donation for economic reforms, etc.) remain. A June 2026 draft law would remove fixed amounts (not adopted as far as known)."
t-c55a5e87e1,mkd-economic-interest,investment_fund,2019-12-14,,200000,EUR,"per person (по лице), held for at least two years",mkd-sv-decree-2019-255,"p. 4, Art. 2 (new Art. 3(2) of the decree)","инвестирал капитал во износ од најмалку 200.000 евра по лице, во период од најмалку две години","Investment in a private investment fund with at least EUR 5,000,000 initial capital, investing in the economy or innovation and not in real estate, with no more than 500 foreign applicant-investors; assessed by the Fund for Innovation and Technology Development. In force the day after publication on 13 Dec 2019."
t-93ebac95e6,mlt-grp,admin_fee,2013-07-01,2026-12-31,6000,EUR,applicant,mlt-ln-2013-167,rule 3(1) (PDF p. 5),"non-refundable administrative fee of six thousand euro (€6,000) upon application","EUR 5,500 if the owned property is in the south of Malta."
t-029372844c,mlt-grp,admin_fee,2027-01-01,,8500,EUR,applicant (five-year status),mlt-ln-2026-195,rule 3(2) (PDF p. 6),"shall amount to eight thousand and five hundred euro (€8,500)","Individual Tax Programme Rules 2026 (L.N. 195/2026), which law firms describe as consolidating the GRP and three other schemes from 1 Jan 2027; recorded under mlt-grp as its continuation (global resident status). Renewal every five years for EUR 2,500."
t-bb7ef99767,mlt-grp,minimum_tax,2013-07-01,2026-12-31,15000,EUR per year,beneficiary and family (minimum annual tax at 15% on remitted foreign income),mlt-ln-2013-167,rule 5(1) (PDF p. 6),"the minimum amount of tax payable in terms of these rules in respect of the income arising outside Malta of the persons referred to in this rule shall be fifteen thousand euro (€15,000) for any year of assessment","A tax payment, not an investment: foreign income remitted to Malta is taxed at 15%."
t-5b6bdd26be,mlt-grp,minimum_tax,2027-01-01,,35000,EUR per year,global resident or EU/EEA/Swiss resident status,mlt-ln-2026-195,rule 5 (PDF p. 9),"shall be thirty-five thousand euro (€35,000) for any year of assessment","Individual Tax Programme Rules 2026 (L.N. 195/2026), which law firms describe as consolidating the GRP and three other schemes from 1 Jan 2027; recorded under mlt-grp as its continuation (global resident status). EUR 15,000 for retired pensioners, EUR 20,000 for UN pensioners."
t-1c19c07cc4,mlt-grp,real_estate,2013-07-01,2026-12-31,275000,EUR,beneficiary (purchase; Malta),mlt-ln-2013-167,rule 2 (PDF p. 4),"and seventy-five thousand euro (€275,000) for a","EUR 220,000 in Gozo or the south of Malta. Unchanged in the consolidation with L.N. 267/2014 and 69/2020. valid_to: new applications under the separate GRP rules are possible to 31 Dec 2026, after which the Individual Tax Programme applies (statuses granted by then run to 31 Dec 2031)."
t-b4e1cad840,mlt-grp,real_estate,2013-07-01,2026-12-31,220000,EUR,beneficiary (purchase; Gozo or south of Malta),mlt-ln-2013-167,rule 2 (PDF p. 4),"two hundred and twenty thousand euro (€220,000)",
t-8a6bce70f6,mlt-grp,real_estate,2027-01-01,,700000,EUR,beneficiary (purchase; Malta or Gozo),mlt-ln-2026-195,rule 2 (PDF p. 5),"purchased at a consideration of not less than seven hundred thousand euro (€700,000) for a property situated in Malta or Gozo","Individual Tax Programme Rules 2026 (L.N. 195/2026), which law firms describe as consolidating the GRP and three other schemes from 1 Jan 2027; recorded under mlt-grp as its continuation (global resident status). "
t-399ee02f37,mlt-grp,real_estate_lease,2013-07-01,2026-12-31,9600,EUR per year,beneficiary (lease; Malta),mlt-ln-2013-167,rule 2 (PDF p. 4),"nine thousand and six hundred euro (€9,600) per annum for a property situated in Malta","EUR 8,750 a year in Gozo or the south of Malta."
t-cacfcb2fb3,mlt-grp,real_estate_lease,2027-01-01,,14000,EUR per year,beneficiary (lease),mlt-ln-2026-195,rule 2 (PDF p. 6),"lease of not less than fourteen thousand euro (€14,000) per year for a property situated in Malta or Gozo","Individual Tax Programme Rules 2026 (L.N. 195/2026), which law firms describe as consolidating the GRP and three other schemes from 1 Jan 2027; recorded under mlt-grp as its continuation (global resident status). "
t-1a1ee7ac83,mlt-hnwi-non-eu,minimum_tax,2011-01-01,2013-06-30,25000,EUR per year,"beneficiary (plus EUR 5,000 per dependant)",mlt-sl-123-130-2013,rule 5(1) (PDF p. 5),"the minimum amount of tax payable in terms of these rules in respect of any year of assessment shall be twenty-five thousand euro (€25,000)","Plus EUR 5,000 a year for every dependant; 15% rate on income."
t-851c93eed4,mlt-hnwi-non-eu,real_estate,2011-01-01,2013-06-30,400000,EUR,beneficiary (purchase),mlt-sl-123-130-2013,rule 2 (PDF p. 3),"a property purchased after 1 January 2011 at a consideration of not less than four hundred thousand euro (€400,000)",Lower amounts allowed for applicants who had applied under the older Residents Scheme before 14 Sep 2011.
t-800878f523,mlt-hnwi-non-eu,real_estate_lease,2011-01-01,2013-06-30,20000,EUR per year,beneficiary (lease),mlt-sl-123-130-2013,rule 2 (PDF p. 3),"a leased property taken on at lease of not less than twenty thousand euro (€20,000) per annum",
t-f82f9554fc,mlt-iip,donation,2014-02-04,2020-07-31,650000,EUR,main applicant,mlt-ln-2014-47,"Schedule, para 1(a) (PDF p. 14, printed B 354)","main applicant: EUR 650,000 (six hundred and fifty thousand euro), of which a non-refundable payment of EUR 10,000","Contribution to government: 70% to the NDSF and 30% to the Consolidated Fund (reg. 7). LN 161 of 2020 changed the NDSF share to 20% (per mlt-ndsf-ar-2020); not read. valid_to is the date applications stopped (mlt-orgcem-ar-2020, PDF p. 5)."
t-9d03cf50a8,mlt-iip,donation,2014-02-04,2020-07-31,25000,EUR,spouse; each child under 18,mlt-ln-2014-47,"Schedule, para 1(b)-(c)","spouse: EUR 25,000 (twenty five thousand euro)","Unmarried children aged 18-26 and dependent parents over 55: EUR 50,000 each (para 1(d)-(e))."
t-b2f598b98c,mlt-iip,donation,2014-02-04,2020-07-31,50000,EUR,each unmarried child 18-26; each dependent parent over 55,mlt-ln-2014-47,"Schedule, para 1(d)-(e)","for each and every dependant parent above 55 years of age: EUR 50,000 (fifty thousand euro)",
t-179dd19b11,mlt-iip,due_diligence_fee,2014-02-04,2020-07-31,7500,EUR,main applicant,mlt-ln-2014-47,"Schedule, para 2(1)(a)","main applicant: EUR 7,500 (seven thousand five hundred euro)","The EC 2019 report puts total fees at EUR 8,200 for the main applicant (mlt-ec-com-2019-12, p. 5, fn 20)."
t-da7599ab66,mlt-iip,investment,2014-02-04,2020-07-31,150000,EUR,main applicant (held 5 years),mlt-ln-2014-47,reg. 7 (PDF p. 10),"he will make such other investments in Malta to an amount of one hundred and fifty thousand euro (EUR 150,000), amongst others, in stocks, bonds, debentures","In stocks, bonds, debentures or SPVs identified by Identity Malta. The Regulator reports these as ""Investments in Government Stocks"". Also required: 12 months' residence before the certificate of naturalisation (reg. 7(12))."
t-1385634541,mlt-iip,real_estate,2014-02-04,2020-07-31,350000,EUR,"main applicant (purchase, held 5 years)",mlt-ln-2014-47,reg. 7 (PDF p. 10),"property in Malta having a minimum value of three hundred and fifty thousand euro (EUR 350,000)",Required on top of the contribution. Alternative: a lease.
t-1d63d4db9e,mlt-iip,real_estate_lease,2014-02-04,2020-07-31,16000,EUR per year,"main applicant (lease, 5 years)",mlt-ln-2014-47,reg. 7 (PDF p. 10),"property in Malta for a minimum annual rent of sixteen thousand euro (EUR 16,000)",
t-dbec474010,mlt-mec,charitable_donation,2020-11-20,2025-07-24,10000,EUR,main applicant,mlt-ln-2020-437,reg. 16 (PDF p. 14),"a minimum of ten thousand euro (€10,000) to a registered philanthropic, cultural, sport, scientific","Donation to a registered NGO, separate from the government contribution."
t-3efad396c2,mlt-mec,donation,2020-11-20,2025-07-24,600000,EUR,"main applicant, after 36 months residence",mlt-ln-2020-437,"First Schedule, para 1(a) (PDF p. 22)","applicant: six hundred thousand euro (€600,000) , of which a payment of ten thousand euro (€10,000) shall be paid to the Agency as a non-refundable deposit",Contribution to government. valid_to is the date of Act XXI of 2025; the Act does not apply to applications filed before it (art. 27(4)). The CJEU judgment (29 Apr 2025) confirmed these amounts (para 24).
t-db49859676,mlt-mec,donation,2020-11-20,2025-07-24,750000,EUR,"main applicant, before 36 months residence (minimum 12 months)",mlt-ln-2020-437,"First Schedule, para 1(a)(i) (PDF p. 22)","before the completion of thirty six (36) months residence: seven hundred and fifty thousand euro (€750,000)","The CJEU called the EUR 150,000 difference a payment to cut residence ""from three years to one year"" (para 109)."
t-1848b6d7aa,mlt-mec,donation,2020-11-20,2025-07-24,50000,EUR,each dependant,mlt-ln-2020-437,"First Schedule, para 1(b) (PDF p. 22)","for each dependant referred to in the definition of the term ‘dependant’ in regulation 2: fifty thousand euro (€50,000).",
t-bef20b76de,mlt-mec,real_estate,2020-11-20,2025-07-24,700000,EUR,"main applicant (purchase, held 5 years)",mlt-ln-2020-437,reg. 16 (PDF p. 14),"residential property in Malta having a minimum value of seven hundred thousand euro (€700,000)",
t-ab38b2cdd0,mlt-mec,real_estate_lease,2020-11-20,2025-07-24,16000,EUR per year,"main applicant (lease, 5 years)",mlt-ln-2020-437,reg. 16 (PDF p. 14),"residential immovable property in Malta for a minimum annual rent of sixteen thousand euro (€16,000)",
t-f7084a1d8d,mlt-mprp,admin_fee,2021-03-29,,40000,EUR,main applicant,mlt-ln-2021-121,"First Schedule (PDF p. 27, printed B 989)","a non-refundable administration fee of forty thousand euro (€40,000)",
t-7585397073,mlt-mprp,admin_fee,2025,,60000,EUR,main applicant,mlt-sl-217-26-2025,First Schedule (PDF p. 28),"a non-refundable administration fee in respect of the main applicant of sixty thousand euro (€60,000)","As amended by LN 310 of 2024 and LN 146 of 2025; the exact start date was not checked. Plus EUR 7,500 per dependant."
t-bb9f955eae,mlt-mprp,admin_fee,2025-01-01,2025-07-22,50000,EUR,main applicant,mlt-ln-2024-310,First Schedule (PDF p. 5),"a non-refundable administration fee in respect of the main applicant of fifty thousand euro (€50,000)","EUR 15,000 within one month of applying, EUR 35,000 within two months of approval in principle. Superseded by EUR 60,000 (L.N. 146 of 2025), which also applies to applications filed after 1 Jan 2025 not yet concluded."
t-a3b966d5b2,mlt-mprp,admin_fee,2025-01-01,2025-07-22,5000,EUR,per dependant,mlt-ln-2024-310,First Schedule (PDF p. 5),"a non-refundable administration fee of five thousand euro (€5,000) for each and every dependant",Disabled dependants exempt.
t-45af9b2823,mlt-mprp,admin_fee,2025-07-22,,60000,EUR,main applicant,mlt-ln-2025-146,"reg. 14, First Schedule (PDF p. 8)","a non-refundable administration fee in respect of the main applicant of sixty thousand euro (€60,000)","Exact start date for the row the dataset has with valid_from 2025 (t-7585397073): published 22 Jul 2025, no commencement clause found. EUR 15,000 within one month of applying, EUR 45,000 within two months of approval in principle. Applies also to applications filed after 1 Jan 2025 not yet concluded (reg. 16)."
t-b723d87832,mlt-mprp,admin_fee,2025-07-22,,7500,EUR,"per dependant other than spouse, minor child or disabled child",mlt-ln-2025-146,"reg. 14, First Schedule (PDF p. 8)","a non-refundable administration fee of seven thousand five hundred euro (€7,500) for each and every dependant","Spouse, minor children and disabled adult children exempt (dependants under paras (a), (b), (e))."
t-babfade7c8,mlt-mprp,capital_requirement,2021-03-29,,500000,EUR,main applicant,mlt-ln-2021-121,reg. 9 (PDF p. 9),"having a value of not less than five hundred thousand euro (€500,000), out of which a minimum of one hundred and fifty thousand euro (€150,000) shall be in the form of financial assets","Proof of capital, not a payment. Also a EUR 2,000 donation to an NGO (reg. 2)."
t-97a9de7d37,mlt-mprp,capital_requirement,2025-01-01,,650000,EUR,"main applicant (alternative assets test, of which EUR 75,000 financial assets)",mlt-ln-2024-310,reg. 3(b) (PDF p. 3),"having a value of not less than six hundred and fifty thousand euro (€650,000), out of which a minimum of seventy-five thousand euro (€75,000) shall be in the form of financial assets","Alternative to the EUR 500,000 assets test with EUR 150,000 financial assets, which remains. Proof of assets, not a payment."
t-64b7151ed1,mlt-mprp,donation,2021-03-29,,28000,EUR,"main applicant, owned property",mlt-ln-2021-121,First Schedule (PDF p. 27),"a contribution of twenty-eight thousand euro (€28,000)","Contribution to government if the qualifying property is owned. Plus EUR 7,500 per parent or grandparent."
t-0a95961a35,mlt-mprp,donation,2021-03-29,,58000,EUR,"main applicant, rented property",mlt-ln-2021-121,First Schedule (PDF p. 27),"a contribution of fifty-eight thousand euro (€58,000)",Contribution if the qualifying property is rented.
t-1997040d49,mlt-mprp,donation,2025,,37000,EUR,"main applicant, owned or rented property",mlt-sl-217-26-2025,First Schedule (PDF p. 29),"a contribution of thirty seven thousand euro (€37,000) in respect of the main applicant",One amount for owned and rented property after the amendments; start date not checked.
t-3368afc184,mlt-mprp,donation,2025-01-01,2025-07-22,30000,EUR,"main applicant, owned property",mlt-ln-2024-310,First Schedule (PDF p. 5),"a contribution of thirty thousand euro (€30,000) in respect of the main applicant where the necessary title to a qualifying property is a qualifying owned property",Payable within eight months of approval in principle.
t-4dcdf8ae1d,mlt-mprp,donation,2025-01-01,2025-07-22,60000,EUR,"main applicant, rented property",mlt-ln-2024-310,First Schedule (PDF p. 5),"a contribution of sixty thousand euro (€60,000) in respect of the main applicant where the necessary title to a qualifying property is a qualifying rented property",
t-c0ebd3a6be,mlt-mprp,donation,2025-01-01,2025-07-22,5000,EUR,per dependant,mlt-ln-2024-310,First Schedule (PDF p. 6),"a contribution of five thousand euro (€5,000) for each and every dependant",Disabled dependants exempt.
t-402edb0154,mlt-mprp,donation,2025-07-22,,37000,EUR,"main applicant, owned or rented property",mlt-ln-2025-146,"reg. 14, First Schedule (PDF p. 8)","a contribution of thirty seven thousand euro (€37,000) in respect of the main applicant",Exact start date for t-1997040d49. The per-dependant contribution was abolished.
t-5068ab1cdb,mlt-mprp,real_estate,2021-03-29,,350000,EUR,main applicant (purchase; property in Malta),mlt-ln-2021-121,reg. 2 definitions (PDF p. 4),"three hundred and fifty thousand euro (€350,000) for a property situated in Malta","EUR 300,000 for the South of Malta or Gozo. Later replaced (see the 2025 consolidation). valid_to not determined."
t-d3bca67861,mlt-mprp,real_estate,2025,,375000,EUR,main applicant (purchase; Malta or Gozo),mlt-sl-217-26-2025,reg. 3 definitions (PDF p. 4),"consideration of not less than three hundred and seventy-five thousand euro (€375,000) for a property situated in Malta or Gozo","Start date not checked (LN 57 or 310 of 2024, or LN 146 of 2025)."
t-3b9ef6b84f,mlt-mprp,real_estate,2025-01-01,,375000,EUR,main applicant (purchase; Malta or Gozo),mlt-ln-2024-310,reg. 2(b) (PDF p. 1-2),"three hundred and seventy-five thousand euro (€375,000) for a property situated in Malta or Gozo","Exact start date (1 Jan 2025, reg. 1(2)) for the row the dataset already has with valid_from 2025 (t-d3bca67861). Replaced EUR 350,000 (Malta) / EUR 300,000 (south and Gozo); the regional discount was abolished. Applications filed before 1 Jan 2025 stay under the old rules (reg. 7)."
t-44fbf87afe,mlt-mprp,real_estate_lease,2021-03-29,,12000,EUR per year,main applicant (lease; property in Malta),mlt-ln-2021-121,reg. 2 definitions (PDF p. 5),"twelve thousand euro (€12,000) per annum for a property situated in Malta","EUR 10,000 for Gozo or the South of Malta."
t-2209dabf38,mlt-mprp,real_estate_lease,2025,,14000,EUR per year,main applicant (lease; Malta or Gozo),mlt-sl-217-26-2025,reg. 3 definitions (PDF p. 4),"taken on lease for a rent of not less than fourteen thousand euro (€14,000) per annum",
t-0165e1528d,mlt-mprp,real_estate_lease,2025-01-01,,14000,EUR per year,main applicant (lease; Malta or Gozo),mlt-ln-2024-310,reg. 2(c) (PDF p. 2),"fourteen thousand euro (€14,000) per annum for a property situated in Malta or Gozo","Exact start date for t-2209dabf38. Replaced EUR 12,000 (Malta) / EUR 10,000 (south and Gozo)."
t-a857852f6b,mlt-mrvp,admin_fee,2015-08-25,2021-03-29,5500,EUR,main applicant (part of the contribution),mlt-ln-2015-288,reg. 5(1) (PDF p. 5),"by paying a non-refundable administrative fee of five thousand five hundred euro (€5,500)","Counts towards the EUR 30,000 contribution."
t-6c52d373ab,mlt-mrvp,bonds,2015-08-25,2021-03-29,250000,EUR,main applicant (qualifying investment),mlt-ln-2015-288,reg. 2 (PDF p. 3),"""qualifying investment"" means an investment in a form determined from time to time by Identity Malta having an initial value of two hundred and fifty thousand euro (€250,000)","Form of investment set by Identity Malta (in practice Malta government stocks/bonds, held for five years per secondary sources). From 26 Mar 2021 applicants without a certificate could replace it by an extra contribution (see L.N. 122/2021 rows)."
t-ea41c2fd7f,mlt-mrvp,capital_requirement,2015-08-25,2021-03-29,500000,EUR,"main applicant (or EUR 100,000 annual foreign income)",mlt-ln-2015-288,reg. 8 (PDF p. 10),"either an annual income of not less than hundred thousand euro (€100,000) arising outside Malta or has in his possession a capital of not less than five hundred thousand euro (€500,000)","A means test, not a payment."
t-61281fca32,mlt-mrvp,donation,2015-08-25,2021-03-29,30000,EUR,"main applicant (contribution, incl. EUR 5,500 paid on application)",mlt-ln-2015-288,reg. 2 (PDF p. 2),"""contribution"" means a contribution of thirty thousand euro (€30,000) paid in accordance with these regulations","Non-refundable contribution; EUR 5,500 of it paid up front as the non-refundable administrative fee (reg. 5(1)). valid_to = closure to new applications when the MPRP started (29 Mar 2021); pending applications continued."
t-9edd9bf28b,mlt-mrvp,donation,2017-07-04,2021-03-29,5000,EUR,per parent or grandparent dependant,mlt-ln-2017-189,reg. 2(c) (PDF p. 1),"a contribution of thirty thousand euro (€30,000), and, where applicable, five thousand euro (€5,000) per parent or grandparent of the main applicant or of the spouse","Added to the EUR 30,000 main contribution by L.N. 189 of 2017 (Gazette 4 Jul 2017)."
t-5bca76e373,mlt-mrvp,donation,2021-03-26,2022-03-31,38000,EUR,"main applicant with owned property, in lieu of the EUR 250,000 investment",mlt-ln-2021-122,reg. 4(a) (PDF p. 2),"thirty-eight thousand euro (€38,000) where the necessary title to a qualifying property is a qualifying owned property","Additional non-refundable contribution for applicants not yet issued a certificate, paid to the NDSF (reg. 5(3C)); property must then be held five years; plus a EUR 2,000 donation. Applications had to be concluded by end-2021 or, on paying this contribution, by 31 Mar 2022 (or within 9 months of approval in principle)."
t-3dff5acf19,mlt-mrvp,donation,2021-03-26,2022-03-31,68000,EUR,"main applicant with rented property, in lieu of the EUR 250,000 investment",mlt-ln-2021-122,reg. 4(a) (PDF p. 2),"sixty-eight thousand euro (€68,000) where the necessary title to a qualifying property is a qualifying rented property",As above.
t-65da66ca03,mlt-mrvp,ngo_donation,2021-03-26,2022-03-31,2000,EUR,main applicant choosing the extra contribution,mlt-ln-2021-122,reg. 2(b) (PDF p. 1),"""donation"" means a financial contribution of two thousand euro (€2,000) that shall be paid to a local registered philanthropic, cultural, sport, scientific, animal welfare or artistic non-governmental organisation",
t-17631e09cc,mlt-mrvp,real_estate,2015-08-25,2021-03-29,320000,EUR,main applicant (purchase; Malta),mlt-ln-2015-288,reg. 2 (PDF p. 3),"three hundred twenty thousand euro (€320,000) for a property situated in Malta","EUR 270,000 in Gozo or the south of Malta. Restated unchanged by L.N. 189 of 2017."
t-0f00d235c2,mlt-mrvp,real_estate,2015-08-25,2021-03-29,270000,EUR,main applicant (purchase; Gozo or south of Malta),mlt-ln-2015-288,reg. 2 (PDF p. 3),"two hundred and seventy thousand euro (€270,000) for a property situated in Gozo or in the south of Malta",
t-686bca0140,mlt-mrvp,real_estate_lease,2015-08-25,2021-03-29,12000,EUR per year,main applicant (lease; Malta),mlt-ln-2015-288,reg. 2 (PDF p. 4),"twelve thousand euro (€12,000) per annum for a property situated in Malta","EUR 10,000 a year in Gozo or the south of Malta."
t-890a6ad794,mlt-mrvp,real_estate_lease,2015-08-25,2021-03-29,10000,EUR per year,main applicant (lease; Gozo or south of Malta),mlt-ln-2015-288,reg. 2 (PDF p. 4),"ten thousand euro (€10,000) per annum for a property situated in Gozo or in the south of Malta",
t-643e14d50c,mne-cbi,admin_fee,2019-01-01,2022-12-31,15000,EUR,applicant,mne-sl-79-2018,"art. 10(1)(1), PDF p. 3","- 15.000,00 eura za aplikanta,","Procedure fee paid to the competent authority. Applications accepted until 31 Dec 2022 (after the 2021 extension); valid_to is the end of the application period, not of processing."
t-e8692cde82,mne-cbi,admin_fee,2019-01-01,2022-12-31,10000,EUR,"each family member, up to four",mne-sl-79-2018,"art. 10(1)(1), PDF p. 3","- 10.000,00 eura pojedinačno po članu porodice, a najviše za četiri člana porodice,","Applications accepted until 31 Dec 2022 (after the 2021 extension); valid_to is the end of the application period, not of processing."
t-0fc28920bd,mne-cbi,admin_fee,2019-01-01,2022-12-31,50000,EUR,each further family member (fifth and beyond),mne-sl-79-2018,"art. 10(1)(1), PDF p. 3","- 50.000,00 eura za svakog sljedećeg člana porodice;","Applications accepted until 31 Dec 2022 (after the 2021 extension); valid_to is the end of the application period, not of processing."
t-5494dfebea,mne-cbi,admin_fee,2022-06-30,2022-12-31,50000,EUR,"each child born during the programme, added to a pending application",mne-sl-68-2022,"art. 2 (new art. 13(6)), PDF p. 1","uplati sredstva u iznosu od 50.000,00 eura na uplatni račun nadležnog organa",In force on publication (30 Jun 2022).
t-ec69fd13de,mne-cbi,donation,2019-01-01,2022-12-31,100000,EUR,per application,mne-sl-79-2018,"art. 10(1)(2), PDF p. 3","je na ESCROW račun položio iznos od 100.000,00 eura za razvoj manje razvijenih jedinica lokalne samouprave","Paid into escrow, released for the development of less developed municipalities. Applications accepted until 31 Dec 2022 (after the 2021 extension); valid_to is the end of the application period, not of processing."
t-70384f04a9,mne-cbi,donation_innovation_fund,2021-12-31,2022-12-31,100000,EUR,per application,mne-sl-143-2021,"art. 3 (new art. 10(1)(3a)), PDF p. 1","je na ESCROW račun položio iznos od najmanje 100.000,00 eura, radi razvoja inovacione politike Crne Gore, za potrebe Fonda za inovacije Crne Gore","Added by the amendment adopted 30 Dec 2021, in force on publication (31 Dec 2021); on top of the municipal contribution."
t-cf43bc8c78,mne-cbi,real_estate,2019-01-01,2022-12-31,450000,EUR,per application; project in Podgorica or the coastal region,mne-sl-79-2018,"art. 10(1)(3), PDF p. 3","je na ESCROW račun položio iznos od najmanje 450.000,00 eura, za potrebe ulaganja u jedan od razvojnih projekata u Glavnom gradu Podgorica ili primorskom regionu Crne Gore","Investment in a government-listed development project (hotels of 5 stars on the coast/Podgorica, min. project size EUR 15 million, or agriculture/manufacturing projects). In practice buyers took condo-hotel units. Applications accepted until 31 Dec 2022 (after the 2021 extension); valid_to is the end of the application period, not of processing."
t-ed53f4fa5f,mne-cbi,real_estate,2019-01-01,2022-12-31,250000,EUR,per application; project in the northern or central region (not Podgorica),mne-sl-79-2018,"art. 10(1)(3), PDF p. 3","ili iznos od najmanje 250.000,00 eura, za potrebe ulaganja u jedan od razvojnih projekata u sjevernom ili središnjem regionu Crne Gore, osim Glavnog grada Podgorica","Hotels of at least 4 stars, min. project size EUR 5 million in these regions. Applications accepted until 31 Dec 2022 (after the 2021 extension); valid_to is the end of the application period, not of processing."
t-c3b7836d4f,mus-family-op,donation,2021-08-05,2026-08-13,250000,USD,"family unit (applicant, spouse, dependants and household staff)",mus-fa-2021,"Fifth Schedule, First Schedule Part II, PDF p. 309","Contribution of USD 250,000 or its equivalent in freely convertible foreign currency to the COVID-19 Projects Development Fund","Non-refundable contribution for a 10-year family occupation permit allowing the applicant and spouse to work (new s. 9CA of the Immigration Act). Repeated unchanged in the Finance Act 2025 schedule. valid_to: the criteria no longer appear in the EDB's consolidation as amended to Act 13 of 2026; the permit itself is still defined in the Immigration Act 2022 text obtained, so treat the end as uncertain."
t-8b23e6a925,mus-investor-naturalisation,investment,1995-08-23,1999-12,3000000,MUR,main applicant,mus-citizenship-amend-1995,"s. 5, new s. 9(3) of the Mauritius Citizenship Act, PDF p. 2","where a person has invested in Mauritius a sum of not less than 3,000,000 rupees",Allows the Minister to accept 2 years' continuous residence instead of the normal residence requirement (12 months immediately before plus 5 of the previous 7 years). Text read by OCR. Discretionary; renunciation of other nationality was required by s. 9(4) of the consolidated text.
t-7e00580f7e,mus-investor-naturalisation,investment,1999-12,,500000,USD,main applicant,mus-citizenship-amend-1999,"s. 3, PDF p. 1","deleting the words ""3,000,000 rupees"" and replacing them by the words ""500,000 US dollars or such other sum as may be prescribed""","Passed 30 Nov 1999, assented December 1999. A 2003 PMO consolidation prints '5,000 US dollars', apparently an error. Whether the provision is still in force, and whether a different sum was ever prescribed, was not established."
t-15dc6f77e0,mus-investor-permit,business,,2020-08-07,100000,USD,main applicant (investor occupation permit),mus-edb-ar-2021,PDF p. 31 (report p. 56),"Initial investment requirement for Investor category was reviewed downwards from USD 100,000 to USD 50,000.","Earlier minimum for the investor occupation permit as described by the EDB; the date it was introduced was not established. Some variants existed (e.g. USD 100,000 partly in high-technology equipment, Finance Act 2017, item 1E)."
t-a491f63889,mus-investor-permit,business,2020-08-07,2026-08-13,50000,USD,main applicant (investor occupation permit),mus-fa-2020,"Third Schedule, new First Schedule to the EDB Act, Part I item 1, PDF p. 168","Initial investment of USD 50,000 or its equivalent in freely convertible foreign currency","Permit valid 10 years from this Act (previously 3). Restated with turnover conditions in the Finance Act 2025 (Part I item 1). No longer in the EDB Act First Schedule as consolidated to Act 13 of 2026, so valid_to is that Act's commencement date (13 Aug 2026) as given in the consolidation."
t-d708a4db2a,mus-investor-permit,business,2025-08-09,,100000,USD,main applicant (investor occupation permit),mus-fa-2025,"s. 13(d), new First Schedule to the EDB Act, Part I item 2, PDF p. 45","Initial investment of USD 100,000 or its equivalent in freely convertible foreign currency","Introduced alongside the USD 50,000 option (with lower turnover targets). From 13 Aug 2026 the only investor option in the EDB Act First Schedule (consolidation, Part I item 1: USD 100,000; turnover MUR 5 million from year 3; MUR 8 million for renewal from year 5)."
t-4d342484a3,mus-investor-permit,business_prp,,2020-08-07,500000,USD,investor seeking a permanent residence permit directly,mus-fa-2020,"s. 27(b)(i), amending s. 5A(1)(aa) of the Immigration Act, PDF p. 55","in subsection (1)(aa), by deleting the words ""500,000 US dollars"" and replacing them by the words ""375,000 US dollars""","Direct route to permanent residence for a qualifying investment; start date of the USD 500,000 level not established."
t-b18c5521ad,mus-investor-permit,business_prp,2020-08-07,2025-08-09,375000,USD,investor seeking a 20-year permanent residence permit directly,mus-fa-2020,"Third Schedule, Part II item 1, PDF p. 172","Minimum investment of USD 375,000 in a qualifying business activity","The EDB describes this as 'The minimum investment amount for an investor to obtain a 20-Year Permanent Residence Permit was reduced from USD 500,000 to USD 375,000' (Annual Report 2020/21, p. 56). Repeated in the Finance Act 2021 schedule. The Finance Act 2025 schedule (Part IV) no longer contains it: permanent residence then requires 5 years on an investor occupation permit and turnover of MUR 15 million a year or MUR 75 million over 5 years."
t-e78ecfbe0e,mus-investor-permit,business_prp_golden_visa,2026-08-13,,1000000,USD,golden visa holder seeking a permanent residence permit,mus-edb-act-consol-2026,"First Schedule, Part IV item 5, PDF p. 58","has invested an aggregate amount of not less than USD one million or its equivalent in any other freely convertible currency within a period of 12 months from the date of issuance of the golden visa, in any business activity other than acquisition of a residential property under the EDB property schemes",From the EDB's consolidation as amended to Act 13 of 2026 (commenced 13 Aug 2026 per the consolidation). The golden visa itself is issued under the Passports Act on EDB recommendation; its own criteria were not found.
t-834f9de912,mus-investor-permit,fee_application,2025-12-01,,50,USD,per application (occupation permit and retiree permit),mus-edb-web-investor-2026,site-wide 'Important Notice',an application fee of USD 50 (non-refundable) is effective as from 01 December 2025 for all Occupation Permit and Retired Residence Permit applications,Same notice appears on all residency.mu pages; applies also to mus-retired-permit. The page text elsewhere still says applying is free of charge.
t-6923262f29,mus-investor-permit,fee_permit_issue,2022-07-11,,1000,USD,"main applicant, on approval",mus-edb-web-investor-2026,'Key Features' box,"Applicable fee USD 1,000 upon approval of application *New fees as from 11 July 2022","Permit fee payable to government on approval, per EDB residency portal (2026). The site also says the EDB charges no processing fee."
t-1a41b3bbf0,mus-property-residence,fee_processing,2024-11,,25000,MUR,per application,mus-edb-guidelines-irs-res-pds-2024,"section 3.0, item 2, PDF p. 5","A non-refundable processing fee (per application submitted) of MUR 25,000 for acquisition in IRS/ RES/ PDS","EDB processing fee for property acquisition applications, as stated in the Nov 2024 guidelines; start date not known. Registration duty (5% or USD 70,000, whichever is lower, for first purchases in IRS/RES) is a tax and not recorded here."
t-c5f1aefc6a,mus-property-residence,real_estate,,2015-05-14,500000,USD,main applicant and dependants (Real Estate Scheme buyer),mus-immigration-act-consol-2011,"s. 5(1)(g)(ii), PDF p. 3","under the Real Estate Scheme, the purchase price of which is not less than 500,000 US dollars or its equivalent in any other hard convertible foreign currency","Consolidated text with amendments to 1 Jan 2009; start date of the USD 500,000 rule not established. In this text owners under the Integrated Resort Scheme (s. 5(1)(g)(i)) had resident status with no price stated in the Act. valid_to is the date of the Finance (Miscellaneous Provisions) Act 2015, which rewrote s. 5(1)(g); whether RES/IRS kept a threshold between 2015 and 2020 is unclear (the 2015 Act kept existing IRS/RES residents' status)."
t-1d60be2419,mus-property-residence,real_estate,2015-05-14,2020-08-07,500000,USD,main applicant and dependants (Property Development Scheme or Smart City Scheme buyer),mus-fa-2015,"s. 23(b)(i), new s. 5(1)(g) of the Immigration Act, PDF p. 57","he is a person who holds immovable property under the Property Development Scheme or Smart City Scheme, the purchase price of which is not less than 500,000 US dollars","Finance (Miscellaneous Provisions) Act 2015, assented 14 May 2015. The Invest Hotel Scheme was added to the same paragraph by the Finance (Miscellaneous Provisions) Act 2017 (s. 25(a), in force July 2017)."
t-9fdb19aab4,mus-property-residence,real_estate,2020-08-07,,375000,USD,"main applicant and dependants (IRS, RES, IHS, PDS or Smart City Scheme buyer)",mus-fa-2020,"s. 27(a)(i), new s. 5(1)(g) of the Immigration Act, PDF p. 55","Integrated Resort Scheme, Real Estate Scheme, Invest Hotel Scheme, Property Development Scheme or Smart City Scheme, the purchase price of which is not less than 375,000 US dollars","Act gazetted 7 Aug 2020 (some provisions from 2 Sep 2020). Carried into the Immigration Act 2022, s. 8(1)(d) and (e) (also allowing joint purchases where each buyer's share is at least USD 375,000). EDB guidelines (Nov 2024) and residency.mu still state USD 375,000 in 2026."
t-cba1788a08,mus-property-residence,real_estate,2021-08-05,,375000,USD,"main applicant and dependants (apartment in a building of at least ground plus 2 floors, outside the schemes)",mus-fa-2021,"s. 37(b)(i), new s. 5(1)(ga) of the Immigration Act, PDF p. 120","provided the purchase price is not less than 375,000 US dollars or its equivalent in any other hard convertible foreign currency","'G+2' route announced in Budget 2021/22. Carried into the Immigration Act 2022, s. 8(1)(f). Non-citizens may buy G+2 apartments from MUR 6 million, but only purchases of at least USD 375,000 give residence (residency.mu)."
t-ba6043def5,mus-property-residence,real_estate,2023-07-20,,200000,USD,main applicant aged over 50 and dependants (senior-living property under the PDS),mus-fa-2023,"s. 37(b)(iii), new s. 8(1)(fa) of the Immigration Act 2022, PDF p. 66","he purchases or otherwise acquires a residential property under the Property Development Scheme related to senior living, provided that - (A) the purchase price exceeds 200,000 US dollars",Also requires the buyer to be aged above 50 at the time of application.
t-90877dcbe5,mus-retired-permit,fee_permit_issue,2022-07-11,,1000,USD,main applicant,mus-edb-web-retired-2026,'Key Features' box,"Applicable fee USD 1,000 *New fees as from 11 July 2022",Per EDB residency portal (2026).
t-c6762ae06d,mus-retired-permit,income_transfer,2017-07-24,,2500,USD,"main applicant, per month",mus-fa-2017,"s. 29(b)(ii), Investment Promotion Act Schedule Part I item 6, PDF p. 82","Transfer of at least USD 2,500 or its equivalent in freely convertible foreign currency at time of issue of residence permit","Plus 'a monthly transfer of at least USD 2,500' thereafter. When this was lowered to USD 1,500 was not established (the 2020 schedule already has USD 1,500)."
t-6526a08af2,mus-retired-permit,income_transfer,2020-08-07,2025-08-09,1500,USD,"main applicant, per month (or USD 18,000 a year)",mus-fa-2020,"Third Schedule, Part I item 9, PDF p. 171","Thereafter, a monthly transfer of at least USD 1,500 or its equivalent in freely convertible foreign currency","Alternative: USD 18,000 a year during the 10 years' validity of the permit. valid_from is this Act's date; the USD 1,500 level may be older."
t-9b14eddf33,mus-retired-permit,income_transfer,2025-08-09,,2000,USD,"main applicant, per month (or USD 24,000 a year)",mus-fa-2025,"s. 13(d), First Schedule Part III, PDF p. 47","thereafter a sum of either USD 24,000 annually or USD 2,000 per month","Also an initial transfer of at least USD 2,000 within 60 days of the permit. Applicants must be 50 or over (EDB). Permit valid 10 years (Finance Act 2025, new s. 10(6) of the Immigration Act 2022). Unchanged in the 2026 consolidation."
t-3fc8940cd4,mus-retired-permit,income_transfer_prp,2020-08-07,2025-08-09,54000,USD,"retiree seeking permanent residence, aggregate over 3 years",mus-fa-2020,"Third Schedule, Part II, PDF p. 173","USD 54,000","Holder of a retiree permit for at least 3 years transferring at least USD 54,000 over 3 years. Quote shortened: the schedule text is split across columns."
t-97cee4542e,mus-retired-permit,income_transfer_prp,2025-08-09,,200000,USD,"retiree seeking permanent residence, aggregate over 5 years",mus-fa-2025,"First Schedule Part IV item 4, PDF p. 48","the aggregate of which shall be at least USD 200,000 or its equivalent in freely convertible foreign currency, for a consecutive period of 5 years",Requires 5 years on a retiree permit.
t-be034dfeee,mys-mm2h,fixed_deposit,2002,2021-09,150000,MYR,"principal (lower of two levels; upper RM350,000)",mys-pac-mm2h-dr5-2022,PDF p. 24 (transcript p. 5),"Kalau dahulu mereka diwajibkan deposit wang tunai sebanyak antara RM150,000 hingga RM350,000.","Deposit under the original rules, stated by the Home Ministry secretary-general at the PAC (16 Mar 2022); which applicants paid which level (age 50+ paid less under the old rules) is not said here. Start date: programme launch in 2002; whether the level changed earlier is not known."
t-3912c4cf51,mys-mm2h,fixed_deposit,2021-10,2024-06,1000000,MYR,"principal; plus RM50,000 per dependant for applicants aged 35-49",mys-parl-pq-lisan27-2021,"p. 2, conditions (iii)-(iv)",pemilikan akaun simpanan tetap sekurang-kurangnya RM1 juta dan pengeluaran maksimum sebanyak 50% dibenarkan,"2021 rules announced 11 Aug 2021; new applications processed by Immigration from October 2021 (the PAC was told the rules took effect in September). Up to 50% may be withdrawn for home, health or children's education."
t-4c39035e52,mys-mm2h,fixed_deposit_gold,2024-06,,500000,USD,principal,mys-motac-mm2h-categories-2025,"p. 1, row 'Fixed deposit'","FIXED DEPOSIT USD 1,000,000 USD 500,000 USD 150,000 USD 65,000 USD 32,000","Gold tier of the June 2024 rules (start month from mys-nst-mm2h-approvals-2025). Up to 50% can be withdrawn after one year for a home, medical, education or tourism. MOTAC encourages holding it in ringgit (mys-motac-mm2h-notice-2025)."
t-30ea44a5db,mys-mm2h,fixed_deposit_platinum,2024-06,,1000000,USD,principal,mys-motac-mm2h-categories-2025,"p. 1, row 'Fixed deposit'","FIXED DEPOSIT USD 1,000,000 USD 500,000 USD 150,000 USD 65,000 USD 32,000","Platinum tier of the June 2024 rules (start month from mys-nst-mm2h-approvals-2025). Up to 50% can be withdrawn after one year for a home, medical, education or tourism. MOTAC encourages holding it in ringgit (mys-motac-mm2h-notice-2025)."
t-3e908bdc01,mys-mm2h,fixed_deposit_sez_age21_49,2024-06,,65000,USD,principal aged 21-49,mys-motac-mm2h-categories-2025,"p. 1, row 'Fixed deposit'","FIXED DEPOSIT USD 1,000,000 USD 500,000 USD 150,000 USD 65,000 USD 32,000","Special Economic Zone / Special Financial Zone category; homes must be bought in Forest City, Johor from its developers (mys-motac-mm2h-notice-2025)."
t-68efe55845,mys-mm2h,fixed_deposit_sez_age50plus,2024-06,,32000,USD,principal aged 50+,mys-motac-mm2h-categories-2025,"p. 1, row 'Fixed deposit'","FIXED DEPOSIT USD 1,000,000 USD 500,000 USD 150,000 USD 65,000 USD 32,000",SEZ/SFZ category.
t-7ed6899447,mys-mm2h,fixed_deposit_silver,2024-06,,150000,USD,principal,mys-motac-mm2h-categories-2025,"p. 1, row 'Fixed deposit'","FIXED DEPOSIT USD 1,000,000 USD 500,000 USD 150,000 USD 65,000 USD 32,000","Silver tier of the June 2024 rules (start month from mys-nst-mm2h-approvals-2025). Up to 50% can be withdrawn after one year for a home, medical, education or tourism. MOTAC encourages holding it in ringgit (mys-motac-mm2h-notice-2025)."
t-a6c1da692a,mys-mm2h,liquid_assets,2021-10,2024-06,1500000,MYR,principal (declared liquid assets),mys-parl-pq-lisan27-2021,"p. 3, condition (vi)",pengisytiharan aset cair sekurang-kurangnya RM1.5 juta,"Declaration of liquid assets, not money placed in Malaysia."
t-16bca66a59,mys-mm2h,offshore_income_monthly,2002,2021-09,10000,MYR,"principal, per month",mys-parl-pq-lisan27-2021,"p. 2, condition (ii)","pendapatan luar negara (offshore income) peserta MM2H sekurang-kurangnya RM40,000 sebulan, berbanding RM10,000 sebelum ini",Income requirement before the 2021 change (not an investment).
t-6dbc11f3cf,mys-mm2h,offshore_income_monthly,2021-10,2024-06,40000,MYR,"principal, per month",mys-parl-pq-lisan27-2021,"p. 2, condition (ii)","pendapatan luar negara (offshore income) peserta MM2H sekurang-kurangnya RM40,000 sebulan","Income requirement, not an investment."
t-7cf6055ed1,mys-mm2h,participating_fee_gold,2024-06,,3000,MYR,principal (one-off),mys-motac-mm2h-categories-2025,"p. 1, row 'Participating fee'","PARTICIPATING FEE RM200,000 RM3,000 RM1,000 RM1,000",Gold tier.
t-229bf3f664,mys-mm2h,participating_fee_platinum,2024-06,,200000,MYR,principal (one-off),mys-motac-mm2h-categories-2025,"p. 1, row 'Participating fee'","PARTICIPATING FEE RM200,000 RM3,000 RM1,000 RM1,000",Platinum tier.
t-1e09d25dc6,mys-mm2h,participating_fee_sez,2024-06,,1000,MYR,principal (one-off),mys-motac-mm2h-categories-2025,"p. 1, row 'Participating fee'","PARTICIPATING FEE RM200,000 RM3,000 RM1,000 RM1,000",SEZ/SFZ tier.
t-9c78e4f059,mys-mm2h,participating_fee_silver,2024-06,,1000,MYR,principal (one-off),mys-motac-mm2h-categories-2025,"p. 1, row 'Participating fee'","PARTICIPATING FEE RM200,000 RM3,000 RM1,000 RM1,000",Silver tier.
t-c18e9dffd7,mys-mm2h,pass_fee_annual,2002,2021-09,90,MYR,per pass per year,mys-parl-pq-lisan27-2021,"p. 3, condition (vii)",kadar fi pas dari RM90 dinaikkan kepada RM500 setahun,Old pass fee. The PAC was told existing holders also pay the new RM500 fee.
t-a84995e226,mys-mm2h,pass_fee_annual,2021-10,,500,MYR,per pass per year,mys-parl-pq-lisan27-2021,"p. 3, condition (vii)",kadar fi pas dari RM90 dinaikkan kepada RM500 setahun,
t-bbdc2156ac,mys-mm2h,processing_fee,2021-10,,5000,MYR,principal,mys-parl-pq-lisan27-2021,"p. 3, condition (vii)","fi proses dikenakan sebanyak RM5,000 bagi prinsipal serta RM2,500 bagi setiap tanggungan",Kept in the 2024 rules (mys-motac-mm2h-categories-2025).
t-1daaed0b66,mys-mm2h,processing_fee,2021-10,,2500,MYR,each dependant,mys-parl-pq-lisan27-2021,"p. 3, condition (vii)","fi proses dikenakan sebanyak RM5,000 bagi prinsipal serta RM2,500 bagi setiap tanggungan",
t-6b5fb598a7,mys-mm2h,real_estate_gold,2024-06,,1000000,MYR,principal (compulsory home purchase),mys-motac-mm2h-categories-2025,"p. 1, row 'Compulsory residential purchase'","COMPULSORY RESIDENTIAL PURCHASE MINIMUM PROPERTY PRICE RM2,000,000 MINIMUM PROPERTY PRICE RM1,000,000 MINIMUM PROPERTY PRICE RM600,000","Gold: home purchase compulsory in addition to the deposit, within one year of the pass endorsement (mys-motac-mm2h-notice-2025); the Silver page says it cannot be sold for 10 years."
t-3ff7134568,mys-mm2h,real_estate_platinum,2024-06,,2000000,MYR,principal (compulsory home purchase),mys-motac-mm2h-categories-2025,"p. 1, row 'Compulsory residential purchase'","COMPULSORY RESIDENTIAL PURCHASE MINIMUM PROPERTY PRICE RM2,000,000 MINIMUM PROPERTY PRICE RM1,000,000 MINIMUM PROPERTY PRICE RM600,000","Platinum: home purchase compulsory in addition to the deposit, within one year of the pass endorsement (mys-motac-mm2h-notice-2025); the Silver page says it cannot be sold for 10 years."
t-b3249beabf,mys-mm2h,real_estate_silver,2024-06,,600000,MYR,principal (compulsory home purchase),mys-motac-mm2h-categories-2025,"p. 1, row 'Compulsory residential purchase'","COMPULSORY RESIDENTIAL PURCHASE MINIMUM PROPERTY PRICE RM2,000,000 MINIMUM PROPERTY PRICE RM1,000,000 MINIMUM PROPERTY PRICE RM600,000","Silver: home purchase compulsory in addition to the deposit, within one year of the pass endorsement (mys-motac-mm2h-notice-2025); the Silver page says it cannot be sold for 10 years."
t-280776bfab,mys-mm2h,renewal_fee_gold,2024-06,,3000,MYR,per renewal,mys-motac-mm2h-categories-2025,"p. 1, row 'Renewal fee'","RENEWAL FEE RM5,000 RM3,000 RM1,500 RM300",Gold tier.
t-7ab1776dc5,mys-mm2h,renewal_fee_platinum,2024-06,,5000,MYR,per renewal,mys-motac-mm2h-categories-2025,"p. 1, row 'Renewal fee'","RENEWAL FEE RM5,000 RM3,000 RM1,500 RM300",Platinum tier.
t-02d0f142db,mys-mm2h,renewal_fee_sez,2024-06,,300,MYR,per renewal,mys-motac-mm2h-categories-2025,"p. 1, row 'Renewal fee'","RENEWAL FEE RM5,000 RM3,000 RM1,500 RM300",SEZ/SFZ tier.
t-78d54a8bf2,mys-mm2h,renewal_fee_silver,2024-06,,1500,MYR,per renewal,mys-motac-mm2h-categories-2025,"p. 1, row 'Renewal fee'","RENEWAL FEE RM5,000 RM3,000 RM1,500 RM300",Silver tier.
t-bd93fc11f2,mys-mm2h,system_processing_fee,2025-08-01,,500,MYR,per application (excluding SST),mys-motac-mm2h-system-2025,p. 1,Fi proses: RM500 (tidak termasuk SST) bagi setiap permohonan,Fee for using the MM2H online system for new applications from 1 August 2025.
t-d9120dc29d,mys-pvip,fixed_deposit,2022-09-01,,1000000,MYR,principal,mys-aseanbriefing-pvip-2023,section 'What are the requirements',"Open a fixed deposit account of 1 million ringgit (US$227,180) in a licensed Malaysian bank.",Industry source only. Up to 50% withdrawable after the first year.
t-597cabd297,mys-pvip,offshore_income_monthly,2022-09-01,,40000,MYR,"principal, per month",mys-aseanbriefing-pvip-2023,section 'What are the requirements',"The applicant must have offshore income of 40,000 ringgit (US$9,086) per month","Income requirement, industry source."
t-32592fa050,mys-pvip,participation_fee,2022-09-01,,200000,MYR,principal,mys-fmt-pvip-2022,para 3,"each agency or firm appointed to handle the PVIP programme must pay a deposit of 10% of the RM200,000 participation fee for each principal (client)","Fee to be reviewed once the 20,000 first-phase quota is met (same source)."
t-52dd4101a5,mys-pvip,participation_fee,2022-09-01,,100000,MYR,each dependant,mys-aseanbriefing-pvip-2023,section 'What are the requirements',"Pay the participation fees of 200,000 ringgit (US$45,434) for the principal applicant and 100,000 ringgit (US$22,713) for each dependent",Industry source only; no official text found.
t-8cf32bae1d,nld-investor-residence,business,2013-10-01,2024-04-17,1250000,EUR,investor,nld-stb-2024-83,"PDF p. 12, nota van toelichting",Aan vreemdelingen met een vermogen van minimaal € 1.250.000 kan op grond van artikel 3.29a Vb 2000 een verblijfsvergunning worden afgegeven.,"In policy (Vreemdelingencirculaire B11/2.2) the amount had to be invested in an innovative Dutch company (or a fund under the SEED scheme), with added value for the Dutch economy assessed by RVO and a FIU check. New applications refused from 17 Apr 2024; pending applications and renewals still handled."
t-eb23d6f895,nru-ecrcp,donation,2024-10-30,2026-01-28,105000,USD,single applicant,nru-sl-28-2024,"PDF p. 13, Schedule 1","Single Applicant 105,000",Contribution to the Treasury Fund (Act s. 9). Replaced by the 2026 Schedule 1.
t-8e5946c0bb,nru-ecrcp,donation,2024-10-30,2026-01-28,110000,USD,family of up to four members,nru-sl-28-2024,"PDF p. 13, Schedule 1","Family of up to four members 110,000",
t-a8f5d7ade0,nru-ecrcp,donation,2024-10-30,2026-01-28,115000,USD,family of five or more members,nru-sl-28-2024,"PDF p. 13, Schedule 1","Family of five or more members 115,000",
t-80271078c4,nru-ecrcp,donation,2024-10-30,2026-01-28,15000,USD,each sibling of the principal applicant or spouse (in addition),nru-sl-28-2024,"PDF p. 13, Schedule 1","For each sibling of a Principal Applicant or of his/her spouse 15,000",
t-5004739fa3,nru-ecrcp,donation,2025-01-25,,105000,USD,single principal applicant (as advertised),nru-ecrcp-web-contribution-2025,Contribution page (Wayback 25 Jan 2025),"Single Principal Applicant: USD 105,000","Matches Schedule 1 of the 2024 Regulations. valid_from is the capture date, not a start date."
t-0147dd025b,nru-ecrcp,donation,2026-01-29,,115000,USD,single applicant,nru-regs-amend-2026,"PDF p. 12, reg. 17 (new Schedule 1)","Single Applicant 115,000","Approval fee, paid after approval in principle. Family-size tiers replaced by per-dependant amounts. The replacement Schedule 1 does not print a currency; the 2024 Schedule was in USD and the Iruwa notice calls this amount ""$115,000 USD"". Discounted to USD 90,000 by the Iruwa Initiative (see separate rows)."
t-4d199591df,nru-ecrcp,donation,2026-01-29,,2000,USD,each eligible dependant aged 16 or above (in addition),nru-regs-amend-2026,"PDF p. 12, reg. 17 (new Schedule 1)","Each eligible dependent, aged 16 or above 2,000","The replacement Schedule 1 does not print a currency; the 2024 Schedule was in USD and the Iruwa notice calls this amount ""$115,000 USD""."
t-fec7f3089f,nru-ecrcp,donation,2026-01-29,,15000,USD,each sibling of the principal applicant or spouse (in addition),nru-regs-amend-2026,"PDF p. 12, reg. 17 (new Schedule 1)","For each sibling of a Principal Applicant or of his/her spouse 15,000","The replacement Schedule 1 does not print a currency; the 2024 Schedule was in USD and the Iruwa notice calls this amount ""$115,000 USD""."
t-68cb7090e3,nru-ecrcp,donation,2026-01-29,2026-06-30,90000,USD,main applicant (Iruwa Initiative special project),nru-cabinet-iruwa-2026,PDF p. 1-2,"The contribution value for the special project is reduced from $115,000 USD to $90,000 USD for the main applicant",Temporary discount; other fees unchanged. Also covers accepted applications that had not yet paid.
t-e8c2fb139e,nru-ecrcp,donation,2026-02-03,2026-12-31,90000,USD,"principal applicant (limited time offer, as advertised)",nru-ecrcp-web-contribution-2026,Contribution page,"USD 90,000 for a Principal Applicant (limited time offer available until 31 December 2026)","Website dates the USD 25,000 discount from 3 Feb 2026 for applications filed before 31 Dec 2026; the Gazette dates it from 29 Jan 2026."
t-68fd5fe991,nru-ecrcp,donation,2026-07-01,2026-12-31,90000,USD,"main applicant (Iruwa Initiative, extended)",nru-cabinet-iruwa-ext-2026,PDF p. 1,Cabinet hereby extends the duration of the Special Project for the ‘The Iruwa Initiative’ to 31 December 2026,"Extension of the USD 90,000 discount."
t-c15a9db57f,nru-ecrcp,fee_administration,2026-01-29,,10000,USD,principal applicant application (Program Office administration fee),nru-regs-amend-2026,"PDF p. 14, reg. 21 (new Schedule 4A)","Program Office Administration Fee for Principal Applicant application 10,000","Not shown on the programme website price page. Post-approval applications: USD 5,000."
t-b485b00b04,nru-ecrcp,fee_agent,2024-10-30,,25000,USD,per approved application (paid to the agent out of the contribution),nru-sl-28-2024,"PDF p. 14, Schedule 4","Agent fee per approved application 25,000","Act s. 9(5): the contribution is paid into the Treasury Fund after deduction of the agent fee, so the Treasury receives less than the headline contribution."
t-1d4156b33c,nru-ecrcp,fee_application,2024-10-30,2026-01-28,25000,USD,single applicant,nru-sl-28-2024,"PDF p. 13, Schedule 1","Application Fee Single Applicant 25,000","Family of up to four: USD 27,500; five or more: USD 30,000."
t-960872bb17,nru-ecrcp,fee_application,2026-01-29,,5000,USD,single applicant,nru-regs-amend-2026,"PDF p. 12, reg. 17 (new Schedule 1)","Application Fee Single Applicant 5,000","Filing fee. Each additional dependant: 2,000. The replacement Schedule 1 does not print a currency; the 2024 Schedule was in USD and the Iruwa notice calls this amount ""$115,000 USD""."
t-076fc2eb34,nru-ecrcp,fee_due_diligence,2024-10-30,2026-01-28,10000,USD,principal applicant,nru-sl-28-2024,"PDF p. 13, Schedule 1","Due Diligence Fee Principal Applicant 10,000","Each additional dependant aged 16 or above: USD 7,500."
t-f50de41306,nru-ecrcp,fee_due_diligence,2025-02-10,2026-01-28,7500,USD,benefactor (sponsor who is not an applicant),nru-sl-2-2025,"PDF p. 4-5, reg. 12-13","Benefactor (that is not the Principal Applicant or a Dependent 7,500",Inserted in Schedules 1 and 3.
t-66ec269dc5,nru-ecrcp,fee_due_diligence,2026-01-29,,6000,USD,principal applicant,nru-regs-amend-2026,"PDF p. 12, reg. 17 (new Schedule 1)","Due Diligence Fee Principal Applicant 6,000","Each dependant aged 16 or above and each benefactor: 3,000. The replacement Schedule 1 does not print a currency; the 2024 Schedule was in USD and the Iruwa notice calls this amount ""$115,000 USD""."
t-7d72f015d9,nru-ecrcp,fee_passport,2024-10-30,,500,USD,per passport,nru-sl-28-2024,"PDF p. 13, Schedule 1",Passport Fee 500 per passport,
t-a558e56e86,nru-ecrcp,fee_passport,2025-05-19,,500,USD,issue or renewal of passport,nru-sl-passport-fees-2025,Schedule 3 (Fees),Issuance of New Passport $500 (USD),
t-41b33f9d9e,nzl-aip,application_cost_total,2026-10-02,,27470,NZD,per application (as displayed without country selected),nzl-inz-aip-visa-2026,Cost box,Cost NZD $27470,"As displayed on 2 Oct 2026; the date it took effect is not known, and INZ says costs depend on the country of application. Presumably fee plus levy; the page doesn't split it."
t-a2a693bf94,nzl-aip,application_fee,2022-08-01,,4750,NZD,application made in New Zealand,nzl-mbie-cab-investor-2022,"p. 10, para 49","From 1 August 2022, the new fee for the Investor category resident visa applications will be $4,750 (for applications made in New Zealand), with an Immigration Levy charge of $3,150.",Fee only; the immigration levy is a separate row. Cabinet applied the Investor category charges to AIP. valid_to unknown; the visa page showed a total cost of NZD $27470 in Oct 2026 (separate row).
t-2e35e2757f,nzl-aip,balanced,2025-04-01,,10000000,NZD,principal applicant,nzl-inz-aip-visa-2026,Overview,You must invest at least NZD $5 million for the Growth category or NZD $10 million for the Balanced category in acceptable investments in New Zealand.,"Held for at least 60 months; may include bonds, listed equities and property-type investments. Start date from nzl-inz-aip-release-2025."
t-5a9309d470,nzl-aip,direct_investment,2022-09-19,2025-03-31,5000000,NZD,principal applicant,nzl-inz-ops-bn3-2022,BN3,nominated funds and/or assets equivalent in value lower than NZ$5 million,Absolute floor: an application 'must be declined' below NZ$5 million; NZ$5 million is enough only if all of it goes into direct investments weighted 3x. The INZ announcement (nzl-inz-aip-announcement-2022) puts it as 'eligible with $5 million NZD'.
t-d2fcb8060f,nzl-aip,growth,2025-04-01,,5000000,NZD,principal applicant,nzl-inz-aip-visa-2026,Overview,You must invest at least NZD $5 million for the Growth category or NZD $10 million for the Balanced category in acceptable investments in New Zealand.,Held for at least 36 months; managed funds and direct investments approved by Invest New Zealand (philanthropy allowed in part from 2026). Start date from nzl-inz-aip-release-2025 ('From 1 April 2025').
t-192107a1c2,nzl-aip,immigration_levy,2022-08-01,,3150,NZD,per application,nzl-mbie-cab-investor-2022,"p. 10, para 49","with an Immigration Levy charge of $3,150",valid_to unknown.
t-ec668f68e8,nzl-aip,weighted_investment,2022-09-19,2025-03-31,15000000,NZD,principal applicant,nzl-inz-ops-bn3-2022,BN3 (a),nominated funds and/or assets equivalent in value to at least NZ$15 million or weighted equivalent,"Weighted: direct investments 3x, seed/VC/PE funds 2x, listed equities and philanthropy 1x (nzl-mbie-cab-minute-2022). Investment over three years, maintained to end of year four."
t-80cf6f7cbb,nzl-investor-1,investment,2009-07-27,2022-07-27,10000000,NZD,principal applicant,nzl-inz-ops-bj2-1-2009,BJ2.1,invest NZ$10 million in New Zealand in an acceptable investment for a three year period,"Unchanged until closure: the final instructions (BJ3, effective 10/11/2016, nzl-inz-ops-bj3-2016) still require 'at least NZ$10 million' for three years. valid_to is the closure to new applications."
t-0106a6ac11,nzl-investor-2,investment,2009-07-27,2017-05-21,1500000,NZD,principal applicant,nzl-inz-ops-bj2-2-2009,BJ2.2,invest NZ$1.5 million in New Zealand,Four-year investment period; points also awarded for larger amounts. Plus settlement funds (separate row).
t-bf1d6fbd55,nzl-investor-2,investment,2017-05-22,2022-07-27,3000000,NZD,principal applicant,nzl-inz-ops-bj2-5-2017,"BJ2.5, effective 22/05/2017",invest a minimum of NZ$3.0 million in New Zealand,valid_to is the closure to new applications (27 July 2022).
t-4705df5892,nzl-investor-2,settlement_funds,2009-07-27,2017-05-21,1000000,NZD,principal applicant,nzl-inz-ops-bj5-45-2009,BJ5.45.5,Principal applicants must demonstrate ownership of a minimum of NZ$1 million in addition to their nominated investment funds.,"Funds to be shown, not invested. Rule ceased 22 May 2017 (nzl-inz-ops-bj5-45-2017: 'These instructions cease to be effective from 22 May 2017')."
t-7ae298c102,omn-investor-residence,assets_any,2021-10-03,2025-08-31,250000,OMR,"investor, second category (5-year card)",omn-fm-irp-launch-2021,para 5,"have their assets (such as property, businesses or company shares) valued at not less than OMR 250,000",valid_to as above; status of the 5-year category after 2025 unknown.
t-7b92076d63,omn-investor-residence,fee_visa,2021-10-25,,500,OMR,"investor, 10-year investor visa (renewal of residence OMR 500 every 3 years)",omn-rop-dec-234-2021,Art. 4 and 5,تأشيرة مستثمر لمدة عشر سنوات ٥٠٠,"Translation: '10-year investor visa 500 (OMR)'. Dependant visa OMR 100. In force the day after publication (Gazette 1413, 24/10/2021). The National (2025) cites a total fee of 551 rials for the 10-year visa, which may include other charges."
t-54eddded13,omn-investor-residence,fee_visa,2021-10-25,,300,OMR,"investor, 5-year investor visa (renewal OMR 300 every 3 years)",omn-rop-dec-234-2021,Art. 4 and 5,تأشيرة مستثمر لمدة خمس سنوات ٣٠٠,Translation: '5-year investor visa 300 (OMR)'. Dependant visa OMR 50.
t-ebc45dc692,omn-investor-residence,investment_any,2025-08-31,,200000,OMR,investor (10-year Golden Residency; family included),omn-investoman-golden-residency-2025,para 'The programme provides seven investment-based routes',"Applicants must meet a minimum capital threshold of OMR 200,000 (approximately USD 520,000)","Seven routes: property in Integrated Tourism Complexes, company formation, Government Development Bonds, Muscat-listed shares, fixed-term bank deposit, business employing 50+ Omanis, nomination by a foreign-investment-law company. Fees and legal basis not found."
t-defb739f36,omn-investor-residence,real_estate,2022-03-14,2025-08-31,500000,OMR,"investor, first category card via residential property",omn-mhup-dec-58-2022,Art. 1,"بقيمة إجمالية لا تقل عن (٥٠٠,٠٠٠) خمسمائة ألف ريال عماني","Translation: 'with a total value of not less than OMR 500,000'. One or more residential units in areas open to foreigners. In force the day after publication in Gazette 1433 (13/3/2022)."
t-cc5d6f1dfc,omn-investor-residence,real_estate,2022-03-14,2025-08-31,250000,OMR,"investor, second category card via residential property",omn-mhup-dec-58-2022,Art. 1,"بقيمة لا تقل عن (٢٥٠,٠٠٠) مائتين وخمسين ألف ريال عماني","Translation: 'with a value of not less than OMR 250,000'."
t-afca1385b0,omn-investor-residence,shares_bonds_or_company,2021-10-03,2025-08-31,500000,OMR,"investor, first category (10-year card)",omn-fm-irp-launch-2021,paras 4-5,"They must prove ownership of shares with a market value of no less than OMR 500,000","Also qualifies: government bonds of no less than OMR 500,000, or a company employing at least 50 Omanis. valid_to is the launch of the 2025 Golden Residency; whether the old rules were formally repealed is not known."
t-a013de09c8,pan-friendly-nations,deposit,2021-08-07,,200000,PAB,nationals of listed countries; fixed-term deposit of at least 3 years at a general-licence bank,pan-go-de226-2021,"p. 3, art. 2 (new art. 3(2)(c) of DE 416)","con una vigencia mínima de tres años y por un valor no inferior a doscientos mil balboas (B/.200,000.00)","B/. = balboa, Panama's currency, at par with the US dollar (which circulates as legal tender)."
t-0e69be01b0,pan-friendly-nations,economic_activity,2012-06-18,2021-08-07,,,nationals of listed countries; economic or professional activity plus proof of solvency,pan-go-de416-2012,"p. 10, art. 3(3)(a)",saldo no inferior a cuatro cifras medias,"No investment required. Solvency shown by a bank statement with a balance of at least 'mid four figures' (i.e. roughly B/.5,000; the decree gives no exact amount). Effective date taken as the gazette date."
t-620fe3da7b,pan-friendly-nations,employment,2021-08-07,,,,"nationals of listed countries; job offer letter, employer's registry certificate and work permit",pan-go-de197-2021,"p. 2, art. 2 (new art. 3(2)(a) of DE 416)","Carta de trabajo en papel membrete, firmada por el representante legal del empleador",No minimum salary stated in the decree.
t-7fac8bf918,pan-friendly-nations,real_estate,2021-08-07,,200000,PAB,nationals of listed countries; property held personally (from DE 226 also via a company or foundation); two-year provisional permit first,pan-go-de197-2021,"p. 2, art. 2 (new art. 3(2)(b) of DE 416)","con un valor mínimo de doscientos mil balboas (B/200,000.00)","Alternative to an employment route (job letter plus work permit). DE 197 was to take effect 90 days after promulgation; DE 226 fixed 7 Aug 2021. B/. = balboa, Panama's currency, at par with the US dollar (which circulates as legal tender)."
t-4e4ba2904e,pan-macro-investor,business,2008-08-13,,160000,PAB,"each applicant; sole holder of shares in the company, which must be a shareholder and officer",pan-go-de320-2008,"pp. 47-48, art. 185","con un capital social mínimo de ciento sesenta mil balboas (B/.160,000.00) por solicitante","Later amendments not checked. B/. = balboa, Panama's currency, at par with the US dollar (which circulates as legal tender)."
t-926941d879,pan-qualified-investor,deposit,2020-10-16,2026-09-16,750000,PAB,main applicant; fixed-term deposit of at least 5 years at any general-licence bank,pan-go-de722-2020,"p. 5, art. 3(4)","monto mínimo de setecientos cincuenta mil balboas (B/.750,000.00), en cualquier banco","Same amount restated by DE 109 of 2022 and DE 193 of 2024. B/. = balboa, Panama's currency, at par with the US dollar (which circulates as legal tender)."
t-623ac85a5a,pan-qualified-investor,deposit,2026-09-16,,750000,PAB,main applicant; 5-year fixed deposit at a private general-licence bank,pan-go-de17-2026,"p. 32, art. 9(a)",La suma mínima exigida será de setecientos cincuenta mil balboas,"B/. = balboa, Panama's currency, at par with the US dollar (which circulates as legal tender)."
t-b1efe09d1b,pan-qualified-investor,deposit,2026-09-16,,500000,PAB,main applicant; 5-year fixed deposit at Banco Nacional de Panamá or Caja de Ahorros (state banks),pan-go-de17-2026,"p. 33, art. 9(b)",La suma mínima exigida se reducirá de manera exclusiva a quinientos mil balboas,"B/. = balboa, Panama's currency, at par with the US dollar (which circulates as legal tender)."
t-de6c73134f,pan-qualified-investor,fee_processing,2020-10-16,,5000,PAB,main applicant; application fee to the National Treasury,pan-go-de722-2020,"p. 5, art. 4(1)","Un pago por cinco mil balboas (B/. 5,000.00) a favor del Tesoro Nacional","Plus a B/.5,000 repatriation deposit to the SNM; for each dependant B/.1,000 fee plus B/.1,000 deposit (art. 4(2)). Same amounts in DE 17 of 2026, art. 11 (p. 33). B/. = balboa, Panama's currency, at par with the US dollar (which circulates as legal tender)."
t-db439da501,pan-qualified-investor,fee_processing,2020-10-16,,1000,PAB,"each dependant; application fee to the National Treasury (plus B/.1,000 repatriation deposit)",pan-go-de722-2020,"p. 5, art. 4(2)","un pago de mil balboas (B/. 1,000.00) a favor del Tesoro Nacional","B/. = balboa, Panama's currency, at par with the US dollar (which circulates as legal tender)."
t-fce91dcfaf,pan-qualified-investor,real_estate,2020-10-16,2024-10-15,500000,PAB,main applicant; property free of liens; standard amount in art. 3,pan-go-de722-2020,"p. 4, art. 3(1)","aquella persona extranjera que invierta la suma de quinientos mil balboas (B/. 500,000.00), en la compra de un bien inmueble","Headline amount in the decree, but in practice never applied: the transitional art. 10 allowed B/.300,000 (see next rows), and DE 193 of 2024 cut the standard amount to B/.300,000 before the transition ended. DE 109 of 2022 restated the B/.500,000. B/. = balboa, Panama's currency, at par with the US dollar (which circulates as legal tender)."
t-1bb1eb6a20,pan-qualified-investor,real_estate,2020-10-16,2022-10-13,300000,PAB,"main applicant; directly or through a presale contract; transitional, first 24 months",pan-go-de722-2020,"p. 7, art. 10 (Transitorio)",Durante los primeros veinticuatro meses posteriores a la entrada en vigencia del presente Decreto Ejecutivo,"Art. 10 continues: '...podrá ser por la suma de trescientos mil balboas (B/. 300,000.00)'. Excess value may be financed by a local mortgage. valid_to is when DE 109 extended the transition. B/. = balboa, Panama's currency, at par with the US dollar (which circulates as legal tender)."
t-c25007b41b,pan-qualified-investor,real_estate,2022-10-13,2024-10-15,300000,PAB,"main applicant; purchase of a property; transitional, extended to 48 months from Oct 2020",pan-go-de109-2022,"p. 7, art. 2 (new art. 10 of DE 722)",Durante los primeros cuarenta y ocho meses posteriores a la entrada en vigencia del presente Decreto Ejecutivo,"The amended article says the B/.300,000 applies to 'la compra de un bien inmueble'; unlike the 2020 text it no longer mentions presale contracts explicitly. 48 months from 16 Oct 2020 ends mid-Oct 2024; DE 193 replaced the article on 15 Oct 2024. B/. = balboa, Panama's currency, at par with the US dollar (which circulates as legal tender)."
t-3b792e97bd,pan-qualified-investor,real_estate,2024-10-15,2026-09-16,300000,PAB,main applicant; property free of liens; co-ownership with spouse/dependants allowed,pan-go-de193-2024,"p. 9, art. 2 (new art. 3(1) of DE 722)","aquella persona extranjera que invierta la suma mínima desde trescientos mil balboas (B/. 300,000.00)","No end date in the decree (the transitional article was replaced), contrary to claims online of an automatic rise to B/.500,000 in Oct 2026. B/. = balboa, Panama's currency, at par with the US dollar (which circulates as legal tender)."
t-2b6fc0b222,pan-qualified-investor,real_estate,2026-09-16,,300000,PAB,"main applicant; first sale of a new, unoccupied property from the developer",pan-go-de17-2026,"p. 27, art. 4(a)","Inmueble de primera venta (Monto mínimo de B/. 300,000.00)","Counted value is the lower of price paid and market value, minus liens; MICI may demand an independent valuation (art. 6). In force on publication (art. 21). B/. = balboa, Panama's currency, at par with the US dollar (which circulates as legal tender)."
t-08807a143d,pan-qualified-investor,real_estate,2026-09-16,,500000,PAB,"main applicant; secondary-market property (previously sold, occupied or let)",pan-go-de17-2026,"p. 27, art. 4(b)","Inmueble de mercado secundario (Monto mínimo de B/, 500,000.00)","OCR reads 'B/,' for 'B/.'. B/. = balboa, Panama's currency, at par with the US dollar (which circulates as legal tender)."
t-21e6af5e30,pan-qualified-investor,real_estate_presale_contract,2020-10-16,2022-10-13,500000,PAB,main applicant; presale contract paid through a trust at a local bank or trust company,pan-go-de722-2020,"p. 4, art. 3(2)","por la suma de quinientos mil balboas (B/.500,000.00), realizada por medio de un depósito de fideicomiso","Art. 10 (transitional) allowed B/.300,000 also 'por medio de contratos de promesa de compraventa' during the first 24 months. Permit cancelled if the sale is never registered. B/. = balboa, Panama's currency, at par with the US dollar (which circulates as legal tender)."
t-28252495dc,pan-qualified-investor,real_estate_presale_contract,2022-10-13,2024-10-15,500000,PAB,main applicant; presale contract paid through a trust,pan-go-de109-2022,"p. 6, art. 1 (art. 3(2) of DE 722)","por la suma de quinientos mil balboas (B/.500,000.00), realizada por medio de un depósito","Whether the B/.300,000 transitional amount still covered presale contracts after DE 109 is unclear from the text (see real_estate row). B/. = balboa, Panama's currency, at par with the US dollar (which circulates as legal tender)."
t-e2c485cd5e,pan-qualified-investor,real_estate_presale_contract,2024-10-15,2026-09-16,300000,PAB,"main applicant; via trust deposit, or 100% paid to developer backed by a bank performance guarantee",pan-go-de193-2024,"pp. 9-10, art. 2 (new art. 3(2) of DE 722)","compraventa para la adquisición de un bien inmueble por la suma mínima desde trescientos mil balboas (B/. 300,000.00)","B/. = balboa, Panama's currency, at par with the US dollar (which circulates as legal tender)."
t-d0090088e5,pan-qualified-investor,real_estate_presale_contract,2026-09-16,,300000,PAB,"main applicant; trust deposit or 100% payment backed by stand-by letter of credit, bank aval or guarantee; at most 3 years on presale alone",pan-go-de17-2026,"p. 29, art. 7","mínimo de trescientos mil balboas con 00/100 (B/. 300,000.00), conforme a las siguientes","One substitution with a second presale contract allowed if the developer defaults (art. 7(6)-(8)). B/. = balboa, Panama's currency, at par with the US dollar (which circulates as legal tender)."
t-3e97f07cc3,pan-qualified-investor,repatriation_deposit,2020-10-16,,5000,PAB,main applicant; repatriation deposit to the SNM,pan-go-de722-2020,"p. 5, art. 4(1)","otro pago de cinco mil balboas (B/. 5,000.00) a favor del Servicio Nacional de Migración en concepto de depósito de repatriación","Dependants: B/.1,000 each. Unchanged in DE 17 of 2026, art. 11. B/. = balboa, Panama's currency, at par with the US dollar (which circulates as legal tender)."
t-5ea3c0dfe5,pan-qualified-investor,securities,2020-10-16,2026-09-16,500000,PAB,"main applicant; securities bought through a licensed broker on the Bolsa de Valores de Panamá, held 5 years",pan-go-de722-2020,"pp. 4-5, art. 3(3)","por un monto mínimo de quinientos mil balboas con 00/100 (B/.500,000.00) en títulos","Same amount restated by DE 109 of 2022 and DE 193 of 2024. B/. = balboa, Panama's currency, at par with the US dollar (which circulates as legal tender)."
t-0c2512386d,pan-qualified-investor,securities,2026-09-16,,500000,PAB,"main applicant; private-equity/venture funds, Panamanian government bonds or other registered securities, held 5 years",pan-go-de17-2026,"p. 31, art. 8","por un monto mínimo agregado de quinientos mil balboas con 00/100 (B/. 500,000.00)","B/. = balboa, Panama's currency, at par with the US dollar (which circulates as legal tender)."
t-d0e7a11271,pan-solvencia-economica,deposit,2008-08-13,,300000,PAB,applicant; fixed-term deposit of at least 3 years at a general-licence bank,pan-go-de320-2008,"p. 50, art. 192(1)",con una duración mínima de tres (3) años,"Same article: '...por un valor mínimo de trescientos mil balboas (B/.300,000.00)'. Later amendments not checked. B/. = balboa, Panama's currency, at par with the US dollar (which circulates as legal tender)."
t-057239c352,pan-solvencia-economica,mixed,2008-08-13,,300000,PAB,applicant; combination of real estate and fixed-term deposit,pan-go-de320-2008,"p. 50, art. 191","trescientos mil balboas (B/.300,000.00) en bienes inmuebles o depósito a plazo fijo o la combinación de ambos","Funds must come from abroad. B/. = balboa, Panama's currency, at par with the US dollar (which circulates as legal tender)."
t-845006da05,pan-solvencia-economica,real_estate,2008-08-13,,300000,PAB,"applicant; property in own name or own private-interest foundation, free of liens; plus B/.2,000 solvency per dependant",pan-go-de320-2008,"p. 50, art. 193(1)","a título personal del solicitante con un valor mínimo de trescientos mil (B/.300,000.00), libre de gravámenes","Excess over B/.300,000 may be mortgaged (parágrafo II). Later amendments not checked. B/. = balboa, Panama's currency, at par with the US dollar (which circulates as legal tender)."
t-a9fd9a0c05,phl-sirv,filing_fee,,,500,USD,per application (via consulate),phl-dfa-nypcg-sirv,section 'Payment of fees',Filing fee of US$500.00,
t-ad0a281aaa,phl-sirv,investment,,,75000,USD,principal (spouse and children under 21 included),phl-dfa-nypcg-sirv,section 'Who can apply for a SIRV?',"willing to invest at least $75,000.00 in an existing or new corporation in the Philippines can apply for SIRV","Investment in a publicly listed company, an Investment Priority Plan project, or manufacturing/services; remitted via LBP or DBP. Valid dates not given."
t-c82bef1312,phl-srrv,annual_fee,2025-08,,360,USD,"SRRV Classic, per year (up to 2 dependants)",phl-pra-expanded-srrv-2025,"p. 3, item 11",SRRV Classic USD 360.00,Plus US$100 per dependant beyond two. COA's 2025 audit also cites US$360 for the principal.
t-00b2ef1adf,phl-srrv,deposit_classic_age35_49,,2006-05-28,75000,USD,principal retiree aged 35-49,phl-pra-ar-2016,"PDF p. 80, notes to financial statements","35 to 49 years old US$ 75,000 US$ 50,000",Deposit before the Special Reduced Deposit scheme of 29 May 2006; start date unknown.
t-f1b5a9f698,phl-srrv,deposit_classic_age35_49,2006-05-29,2025-07,50000,USD,principal retiree aged 35-49,phl-pra-ar-2016,"PDF p. 80, notes to financial statements","Since May 29, 2006, the Special Reduced Deposit (SRD) scheme was implemented, modifying the amount of required deposits",Under the 2006 SRD scheme; superseded by the August 2025 Expanded SRRV (minimum age raised to 40).
t-65d144d204,phl-srrv,deposit_classic_age40_49,2025-08,,50000,USD,"principal aged 40-49, no pension (covers up to 3 applicants)",phl-pra-expanded-srrv-2025,"p. 1, table 'SRRV Classic option'","Non-Pensioner USD 50,000.00 USD 30,000.00 Pensioner USD 25,000.00 USD 15,000.00","Expanded SRRV (document issued August 2025). Pension proof US$800/month single, US$1,000 family. Extra US$15,000 per dependant beyond two."
t-145b2a0186,phl-srrv,deposit_classic_age50plus,,2006-05-28,50000,USD,principal retiree aged 50+,phl-pra-ar-2016,"PDF p. 80, notes to financial statements","50 years old and above US$ 50,000 US$ 20,000",Before 29 May 2006.
t-ac1bb6b81c,phl-srrv,deposit_classic_age50plus,2006-05-29,2025-07,20000,USD,principal retiree aged 50+ without pension,phl-pra-ar-2016,"PDF p. 80, notes to financial statements","50 years old and above US$ 50,000 US$ 20,000","Under the 2006 SRD scheme. From at least 2019 a pensioner aged 50+ needed only US$10,000 (phl-pra-ar-2019)."
t-c53daef1de,phl-srrv,deposit_classic_age50plus,2025-08,,30000,USD,"principal aged 50+, no pension (covers up to 3 applicants)",phl-pra-expanded-srrv-2025,"p. 1, table 'SRRV Classic option'","Non-Pensioner USD 50,000.00 USD 30,000.00 Pensioner USD 25,000.00 USD 15,000.00","Expanded SRRV (document issued August 2025). Pension proof US$800/month single, US$1,000 family. Extra US$15,000 per dependant beyond two."
t-ce51b8da8f,phl-srrv,deposit_classic_pensioner_age40_49,2025-08,,25000,USD,principal aged 40-49 with pension (covers up to 3 applicants),phl-pra-expanded-srrv-2025,"p. 1, table 'SRRV Classic option'","Non-Pensioner USD 50,000.00 USD 30,000.00 Pensioner USD 25,000.00 USD 15,000.00","Expanded SRRV (document issued August 2025). Pension proof US$800/month single, US$1,000 family. Extra US$15,000 per dependant beyond two."
t-53e7418087,phl-srrv,deposit_classic_pensioner_age50plus,2019,2025-07,10000,USD,"principal retiree aged 50+ with pension (US$800 single / US$1,000 couple)",phl-pra-ar-2019,"PDF p. 13, 'SRRV options'","50 years old & above: US$ 10,000.00 (with a pension)*",Start date unknown; in force by 2019.
t-96b299c7ec,phl-srrv,deposit_classic_pensioner_age50plus,2025-08,,15000,USD,principal aged 50+ with pension (covers up to 3 applicants),phl-pra-expanded-srrv-2025,"p. 1, table 'SRRV Classic option'","Non-Pensioner USD 50,000.00 USD 30,000.00 Pensioner USD 25,000.00 USD 15,000.00","Expanded SRRV (document issued August 2025). Pension proof US$800/month single, US$1,000 family. Extra US$15,000 per dependant beyond two."
t-1d9dbb7c12,phl-srrv,deposit_courtesy_foreign_age50plus,2025-08,,1500,USD,"retired diplomats, international-organisation officers, military, high achievers aged 50+",phl-pra-expanded-srrv-2025,"p. 1, table 'SRRV Courtesy option (for foreign nationals)'","Non-Pensioner USD 6,000.00 USD 1,500.00 Pensioner USD 3,000.00","Aged 40-49: US$6,000 (no pension) or US$3,000 (pension)."
t-fcf6625c2f,phl-srrv,deposit_human_touch,2019,,10000,USD,"ailing retiree aged 35+ with US$1,500 monthly pension",phl-pra-ar-2019,"PDF p. 14, 'Human Touch'","A monthly pension of at least $1,500.00, a health insurance policy accepted in the Philippines, and an SRR Visa deposit of US$10,000.00 are required.",Start date unknown; in force by 2019.
t-5cce34afe4,phl-srrv,deposit_smile,2010,2025-07,20000,USD,principal retiree aged 35+,phl-pra-ar-2016,"PDF p. 78, notes to financial statements","The SMILE retirement product requires a visa deposit of US$20,000 for retiree-applicants who are 35 years old and above","SMILE: deposit stays in the bank and cannot be converted. Product line under Board Resolution 24, s. 2010. Not listed among the August 2025 options."
t-2ae1019746,phl-srrv,processing_fee,2025-08,,1500,USD,principal,phl-pra-expanded-srrv-2025,"p. 2, item 10","PRA Processing Fee of USD 1,500.00 for Principal, $300 each dependent applicant",US$300 per dependant.
t-c5acced66e,prt-golden-visa,business,2017-11-26,2021-12-31,350000,EUR,"main investor; company must create 5 permanent jobs (or keep jobs, min. 5 permanent) for at least 3 years",prt-law-102-2017,PDF p. 2,"superior a € 350 000, destinados à constituição de uma sociedade comercial com sede em território nacional","Subalínea viii, new in Law 102/2017 (in force 90 days after 28 Aug 2017; 26 Nov 2017 is a computed date)."
t-67bddf2c93,prt-golden-visa,business,2022-01-01,2023-10-06,500000,EUR,main investor; company with 5 permanent jobs,prt-dl-14-2021,PDF p. 2,"Transferência de capitais no montante igual ou superior a € 500 000, destinados à constituição de uma sociedade comercial",Subalínea viii after DL 14/2021.
t-5ccea19610,prt-golden-visa,business,2023-10-07,,500000,EUR,"main investor; create at least 5 permanent jobs, or keep at least 10 jobs (5 permanent), for at least 3 years",prt-law-56-2023,PDF p. 39,"com a criação de, pelo menos, cinco postos de trabalho permanentes ou manutenção de, pelo menos, dez postos de trabalho",Subalínea viii as reworded by Law 56/2023; amount unchanged; no real-estate investment allowed.
t-954421588f,prt-golden-visa,capital_transfer,2012-10-08,2021-12-31,1000000,EUR,main investor (family members derive permits),prt-law-29-2012,PDF p. 2,Transferência de capitais no montante igual ou superior a 1 milhão de euros,"Subalínea i. Law 29/2012 entered into force 60 days after publication on 9 Aug 2012, i.e. 8 Oct 2012 (date confirmed by SEF/AIMA)."
t-2616ec27d6,prt-golden-visa,capital_transfer,2022-01-01,2023-10-06,1500000,EUR,main investor,prt-dl-14-2021,PDF p. 2,"Transferência de capitais no montante igual ou superior a 1,5 milhões de euros",Subalínea i. Route closed to new applications by Law 56/2023 from 7 Oct 2023 (art. 42(1)); renewals continue.
t-0963153d54,prt-golden-visa,culture,2015-07-01,,250000,EUR,main investor,prt-law-63-2015,PDF p. 1,"Transferência de capitais no montante igual ou superior a 250 mil euros, que seja aplicado em investimento ou apoio à produção artística","Subalínea vi: arts production or national cultural heritage, through listed public bodies or public-utility foundations. Unchanged by DL 14/2021 and Law 56/2023. From 1 Jul 2015 the minimum could be up to 20% lower in low-density territories (art. 3(2) Law 23/2007 as amended by Law 63/2015, covering subalíneas ii to vi); from 7 Oct 2023 that reduction covers only ii, v and vi."
t-b9e3e97f7e,prt-golden-visa,employment,2012-10-08,2015-06-30,30,jobs,main investor,prt-law-29-2012,PDF p. 2,"Criação de, pelo menos, 30 postos de trabalho","Subalínea ii. Number of jobs, not money."
t-83fe24dc86,prt-golden-visa,employment,2015-07-01,,10,jobs,main investor,prt-law-63-2015,PDF p. 1,"Criação de, pelo menos, 10 postos de trabalho","Subalínea ii. Law 63/2015 in force the day after publication (30 Jun 2015). From 1 Jul 2015 the minimum could be up to 20% lower in low-density territories (art. 3(2) Law 23/2007 as amended by Law 63/2015, covering subalíneas ii to vi); from 7 Oct 2023 that reduction covers only ii, v and vi."
t-afcf71fe48,prt-golden-visa,fee_permit_issue,2012-10-08,,5000,EUR,"main investor, first permit",prt-port-305a-2012,PDF p. 2,"de investimento, nos termos do artigo 90.º-A da Lei n.º 23/2007, de 4 de julho — € 5000",Issue fee; same amount for each family member's permit (alínea d). Revenue split 50/50 between SEF and the Foreign Ministry's FRI. Indexed annually.
t-2329faa865,prt-golden-visa,fee_permit_issue,2014,,5147.80,EUR,main investor; same for each family member,prt-igai-ari-audit-2014,PDF p. 103,"a taxa de emissão do título ARI é de 5.147,80€",As stated by IGAI (Dec 2014).
t-5ef976f1b5,prt-golden-visa,fee_permit_issue,2023-10-29,,7730.11,EUR,main investor; same for each family member,prt-port-307-2023,PDF p. 5,"do artigo 90.º-A, n.º 1, da Lei n.º 23/2007, de 4 de julho — (euro) 7730,11",Portaria 307/2023.
t-ef8b650823,prt-golden-visa,fee_permit_issue,2026,,8418.90,EUR,main investor; same for each family member (standard column),prt-aima-fees-2026,PDF p. 2,"table: Art.º 90-A, n.º 1 | Concessão Autorização de Residência para Investimento (ARI) | € 8.418,90","Reduced column: EUR 6,314.20. Permanent residence for ARI holders: EUR 11,786.70 (renewal EUR 5,894.10)."
t-4e13cb58fe,prt-golden-visa,fee_permit_renewal,2012-10-08,,2500,EUR,"main investor, each renewal",prt-port-305a-2012,PDF p. 2,"da Lei n.º 23/2007, de 4 de julho — € 2500",Renewal fee; same for family members. Indexed annually.
t-456fe3bf99,prt-golden-visa,fee_permit_renewal,2014,,2573.90,EUR,main investor; same for each family member,prt-igai-ari-audit-2014,PDF p. 99,"Pela renovação da ARI alínea c) 2.573,90€",As stated by IGAI (Dec 2014).
t-ef5170555f,prt-golden-visa,fee_permit_renewal,2023-10-29,,3865.79,EUR,main investor; same for each family member,prt-port-307-2023,PDF p. 5,"do artigo 90.º-A, n.º 2, da Lei n.º 23/2007, de 4 de julho — (euro) 3865,79",Portaria 307/2023.
t-e7aa783e93,prt-golden-visa,fee_permit_renewal,2026,,4210.30,EUR,main investor; same for each family member (standard column),prt-aima-fees-2026,PDF p. 2,"table: Art.º 90-A, n.º 2 | Renovação de Autorização de Residência para Investimento (ARI) | € 4.210,30","Reduced column: EUR 3,157.80."
t-2aeff49f26,prt-golden-visa,fee_processing,2012-10-08,,500,EUR,"per application (concession or renewal), investor or family member",prt-port-305a-2012,PDF p. 2,"de investimento, nos termos do artigo 90.º-A da Lei n.º 23/2007, de 4 de julho — € 500","Analysis fee (""receção e análise""). Fees are updated every 1 March for inflation (Portaria 1334-E/2010, art. 2), so the amount drifted up each year; later rows give amounts we could read."
t-a2206b12b9,prt-golden-visa,fee_processing,2014,,514.80,EUR,per application,prt-igai-ari-audit-2014,PDF p. 99,"table: Receção e análise do pedido de concessão ou renovação de ARI | alínea a) | 514,80€","Amount ""currently in force"" per the IGAI audit (Dec 2014), after inflation updates."
t-ab39a0701e,prt-golden-visa,fee_processing,2023-10-29,,773.74,EUR,per application,prt-port-307-2023,PDF p. 5,"— (euro) 773,74","Portaria 307/2023, in force 29 Oct 2023 (when AIMA replaced SEF)."
t-375f9450d9,prt-golden-visa,fee_processing,2026,,842.80,EUR,per application (standard column),prt-aima-fees-2026,PDF p. 2,"€ 842,80","AIMA fee table (PDF of 26 Feb 2026); a reduced column shows EUR 632.10 for ""atendimento presencial e digital"" under point XIV."
t-83a3c405de,prt-golden-visa,investment_fund,2015-07-01,2017-11-25,500000,EUR,main investor,prt-law-63-2015,PDF p. 1,"superior a 500 mil euros, destinados à aquisição de",Subalínea vii (2015 wording): units in investment or venture-capital funds for the capitalisation of small and medium-sized companies with a viable capitalisation plan. Not reduced in low-density areas.
t-b03ec64b57,prt-golden-visa,investment_fund,2017-11-26,2021-12-31,350000,EUR,main investor,prt-law-102-2017,PDF p. 1,"superior a € 350 000, destinados à aquisição de unidades de participação em fundos de investimento ou fundos de capitais de risco","Subalínea vii (2017 wording): Portuguese funds with at least five years to maturity and at least 60% invested in companies based in Portugal. Law 102/2017 entered into force 90 days after publication (28 Aug 2017); 26 Nov 2017 is that count, not a date printed in the law."
t-0f501f563f,prt-golden-visa,investment_fund,2022-01-01,2023-10-06,500000,EUR,main investor,prt-dl-14-2021,PDF p. 2,"Transferência de capitais no montante igual ou superior a € 500 000, destinados à aquisição de unidades de participação em fundos de investimento",Subalínea vii after DL 14/2021; real-estate funds still allowed.
t-9939a06a8e,prt-golden-visa,investment_fund,2023-10-07,,500000,EUR,main investor,prt-law-56-2023,PDF p. 39,destinados à aquisição de partes de organismos de investimento coletivo não imobiliários,"Subalínea vii as reworded by Law 56/2023 (art. 44): only non-real-estate collective investment undertakings; investments may not go, directly or indirectly, into real estate (art. 3(5))."
t-e282585a11,prt-golden-visa,real_estate,2012-10-08,2021-12-31,500000,EUR,main investor; anywhere in Portugal,prt-law-29-2012,PDF p. 2,Aquisição de bens imóveis de valor igual ou superior a 500 mil euros,"Subalínea iii. Co-ownership allowed if each co-owner invests the minimum; mortgages allowed above the minimum (Decreto Regulamentar 15-A/2015, art. 65-A(4)). From 1 Jul 2015 the minimum could be up to 20% lower in low-density territories (art. 3(2) Law 23/2007 as amended by Law 63/2015, covering subalíneas ii to vi); from 7 Oct 2023 that reduction covers only ii, v and vi."
t-d3e3e0e0d5,prt-golden-visa,real_estate,2022-01-01,2023-10-06,500000,EUR,"main investor; residential property only in the Azores, Madeira or interior territories (Portaria 208/2017); commercial property anywhere",prt-dl-14-2021,PDF p. 3,"que se destinem a habitação, apenas permitem o acesso ao presente regime caso se situem nas Regiões Autónomas dos Açores e da Madeira ou nos territórios do interior","Subalínea iii after DL 14/2021 (in force 1 Jan 2022): Lisbon, Porto and most of the coast excluded for homes. Closed to new applications from 7 Oct 2023 by Law 56/2023. From 1 Jul 2015 the minimum could be up to 20% lower in low-density territories (art. 3(2) Law 23/2007 as amended by Law 63/2015, covering subalíneas ii to vi); from 7 Oct 2023 that reduction covers only ii, v and vi."
t-3a9086e112,prt-golden-visa,real_estate_rehabilitation,2015-07-01,2021-12-31,350000,EUR,main investor; purchase plus rehabilitation works,prt-law-63-2015,PDF p. 1,no montante global igual ou superior a 350 mil euros,"Subalínea iv: property over 30 years old or in an urban rehabilitation area. Applications only possible once Decreto Regulamentar 15-A/2015 (in force 3 Sep 2015) regulated the route. From 1 Jul 2015 the minimum could be up to 20% lower in low-density territories (art. 3(2) Law 23/2007 as amended by Law 63/2015, covering subalíneas ii to vi); from 7 Oct 2023 that reduction covers only ii, v and vi."
t-7bb9dd833c,prt-golden-visa,real_estate_rehabilitation,2022-01-01,2023-10-06,350000,EUR,"main investor; residential property only in the Azores, Madeira or interior territories",prt-dl-14-2021,PDF p. 3,"que se destinem a habitação, apenas permitem o acesso ao presente regime caso se situem nas Regiões Autónomas dos Açores e da Madeira ou nos territórios do interior","Amount unchanged by DL 14/2021 (subalínea iv ""[...]""); new territorial limit for housing. Closed to new applications from 7 Oct 2023. From 1 Jul 2015 the minimum could be up to 20% lower in low-density territories (art. 3(2) Law 23/2007 as amended by Law 63/2015, covering subalíneas ii to vi); from 7 Oct 2023 that reduction covers only ii, v and vi."
t-306611bbec,prt-golden-visa,research,2015-07-01,2021-12-31,350000,EUR,main investor,prt-law-63-2015,PDF p. 1,"Transferência de capitais no montante igual ou superior a 350 mil euros, que seja aplicado em atividades de investigação","Subalínea v: transfer to public or private research institutions in the national science system. From 1 Jul 2015 the minimum could be up to 20% lower in low-density territories (art. 3(2) Law 23/2007 as amended by Law 63/2015, covering subalíneas ii to vi); from 7 Oct 2023 that reduction covers only ii, v and vi."
t-d3f6b6811b,prt-golden-visa,research,2022-01-01,,500000,EUR,main investor,prt-dl-14-2021,PDF p. 2,"Transferência de capitais no montante igual ou superior a € 500 000, que seja aplicado em atividades de investigação","Subalínea v. From 1 Jul 2015 the minimum could be up to 20% lower in low-density territories (art. 3(2) Law 23/2007 as amended by Law 63/2015, covering subalíneas ii to vi); from 7 Oct 2023 that reduction covers only ii, v and vi."
t-d5dd992b18,qat-property-residence,real_estate,2020-10,,730000,QAR,property owner and family (residence while owned),qat-aqarat-own-real-estate,"Real estate residence, Second class","A property is purchased for a minimum value of 730,000 Qatari Riyals (equivalent to 200,000 US Dollars)",Valid from Cabinet Decision 28/2020 (October 2020) per press reports; text of the decision not downloaded.
t-f61f16f4cf,qat-property-residence,real_estate,2020-10,,730000,QAR,property owner,qat-tourism-nonqatari-ownership-manual,"PDF p. 9, 'Conditions for obtaining residency in Qatar'","The value of the real estate should be more than (730,000) seven hundred and thirty thousand Qatari riyals to obtain the real estate residency.","Second source. Note wording 'more than', while Aqarat says 'minimum value'."
t-7645b3885d,qat-property-residence,real_estate_pr_benefits,2020-10,,3650000,QAR,property owner (residence plus permanent-residency benefits),qat-aqarat-own-real-estate,"Real estate residence, First class","A property is purchased for a minimum value of 3,650,000 Qatari Riyals (equivalent to 1,000,000 US Dollars)","Benefits 'related to health, education, and investment'. Does not give the permanent residence card."
t-fbf0d3a861,qat-property-residence,real_estate_pr_benefits,2020-10,,3650000,QAR,property owner,qat-tourism-nonqatari-ownership-manual,"PDF p. 9, 'Conditions for obtaining residency in Qatar'","The value of the real estate should be more than (3,650,000) three million, six hundred and fifty thousand Qatari riyals","To obtain real estate residency with the privileges of permanent residency (health, education, investment in some activities)."
t-0af4c8b6cf,sau-premium-residency,business_investment,2024-01-10,,7000000,SAR,investor (permanent residency; also 10 jobs within two years),sau-argaam-five-products-2024,section 'إقامة مستثمر أعمال',ضخ 7 ملايين ريال خلال العامين الأولين,Translation: 'injecting SAR 7 million during the first two years'. Also requires an investment licence and 'استحداث عدد 10 وظائف خلال عامين' (10 jobs in two years). Official PRC product page: download blocked.
t-8522d71f46,sau-premium-residency,business_investment,2024-01-10,,7000000,SAR,investor (permanent residency; also 10 jobs),sau-gulfnews-five-products-2024,Investor Residency,SAR7 million in economic activities,Second source; inject during the first two years and create a minimum of 10 jobs.
t-d73d302300,sau-premium-residency,entrepreneur,2024-01-10,,400000,SAR,"entrepreneur, first category (5-year renewable)",sau-gulfnews-five-products-2024,"Entrepreneur Residency, First Category","SAR400,000","Applicant must keep 'not less than 20 per cent' ownership. A second category requires SAR 15 million, at least 10% ownership and 10+10 jobs in two years (same source)."
t-0bd17b63ec,sau-premium-residency,fee_fixed_term_annual,2019-06-23,,100000,SAR,"single applicant, per year (fixed-term renewable premium residency)",sau-arabnews-first-batch-2019,para on fees,"Premium Residency with a yearly financial fee...costing SR100,000","Annual fee, renewable. Current fee not verified."
t-eef0a1cf1e,sau-premium-residency,fee_permanent,2019-06-23,,800000,SAR,"single applicant (permanent premium residency, one-time)",sau-arabnews-first-batch-2019,para on fees,"Permanent Premium Residency with a one-time payment for life SR800,000 ($213,000)","A fee, not an investment: no investment is required for this type. Start date is when applications opened (Argaam, 23 Jun 2019). Still listed among the seven product types in Nov 2025 (Asharq Al-Awsat), so valid_to left open; current fee not verified."
t-0c03e381a0,sau-premium-residency,fee_permanent,2019-06-23,,800000,SAR,"single applicant (permanent premium residency, one-time)",sau-argaam-prc-launch-2019,para 2,"800,000 Saudi riyals ($213,321.96)",Second source for the same fee.
t-92a1e3a593,sau-premium-residency,fee_product,2024-01-10,,4000,SAR,"per applicant, one-time (each of the five 2024 products)",sau-argaam-five-products-2024,each product section,4 آلاف ريال,Translation: 'SAR 4 thousand'. Same fee stated for all five products.
t-d664e88ec1,sau-premium-residency,real_estate,2024-01-10,,4000000,SAR,property owner (residency while the property is owned),sau-argaam-five-products-2024,section 'إقامة مالك عقار',لا تقل عن 4 ملايين ريـال,Translation: 'not less than SAR 4 million'. Property must be free of mortgage.
t-4f8f5ba78a,sau-premium-residency,real_estate,2024-01-10,,4000000,SAR,property owner (residency tied to ownership/usufruct),sau-gulfnews-five-products-2024,Real Estate Owner Residency,"Own or usufruct real estate assets worth a minimum of SAR 4,000,000","Property must be free from existing and future mortgages, residential and developed (not undeveloped land)."
t-32ac00e9ff,sgp-gip,business,,2010-12-31,1000000,SGD,main applicant,sgp-cs-gip-factsheet-2009,PDF p. 2,Option A: Invest at least S$1 million in a new business startup or expansion of an existing business operation.,Start date not found: the factsheet is undated (PDF created June 2009) and only shows these terms were in force in 2009-2010. Option A. Replaced by S$2.5 million from 1 Jan 2011.
t-d0f1b1fec4,sgp-gip,business,2011-01-01,2023-03-14,2500000,SGD,main applicant,sgp-cs-gip-factsheet-2010,PDF p. 4 (Important note),Option A: Invest at least S$2.5 million in a new business entity or expansion of an existing business operation.,"Announced in the Oct 2010 factsheet as taking effect 'from 1 January 2011'; confirmed by sgp-parl-wa-gip-2010 and sgp-cs-gip-factsheet-2011. Unchanged in 2012, 2014 and 2021 factsheets. From 2012 the factsheet required a 3-year (later 5-year) business plan; renewal later required 10 employees (5 citizens) and S$2 million annual business spending (sgp-edb-gip-mr-2023 annex). valid_to: replaced 15 Mar 2023."
t-2cdc84ad46,sgp-gip,business,2023-03-15,,10000000,SGD,main applicant,sgp-edb-gip-mr-2023,"p. 1, para 4; annex","Demonstrate an investment of at least S$10 million, inclusive of existing paid-up capital, in a new business entity or existing business operation in Singapore","Option A from 15 Mar 2023. Re-entry permit renewal after 5 years needs at least 30 employees, half of them citizens and 10 new hires. Still current in the May 2025 factsheet (sgp-edb-gip-factsheet-2025, p. 4) and the Feb 2026 parliamentary answer."
t-bcfef86a70,sgp-gip,business_fund_or_real_estate,,2010-12-31,2000000,SGD,main applicant,sgp-cs-gip-factsheet-2009,PDF p. 2,"Option C: Invest at least S$2 million 2 in a new business startup, expansion of an existing operation, or a GIP-approved- fund.","Start date not found: the factsheet is undated (PDF created June 2009) and only shows these terms were in force in 2009-2010. Option C. Footnote 2: 'Up to 50% of the investment amount can be invested in residential property, for owner occupancy only.' The same option is in the Oct 2010 factsheet (sgp-cs-gip-factsheet-2010)."
t-a7f23957e0,sgp-gip,business_fund_or_real_estate,2005-07-19,2010-12-31,2000000,SGD,main applicant,sgp-parl-ms-property-2005,cols 933-934,"Under a new option to the current GIP, a foreigner can now be considered for PR status if he invests at least $2 million in business set-ups, other investment vehicles such as venture capital funds, foundations or","S$2 million in businesses, funds, foundations or trusts and/or private homes, with at most half in residential property ('This policy change will take immediate effect'). Later listed as Option C (sgp-cs-gip-factsheet-2009). valid_to: the property option was dropped from 1 Jan 2011 (sgp-cs-gip-factsheet-2010)."
t-59dcdc1bee,sgp-gip,business_or_fund,,2010-12-31,1500000,SGD,main applicant,sgp-cs-gip-factsheet-2009,PDF p. 2,"Option B: Invest at least S$1.5 million in a new business startup, expansion of an existing operation, or a GIP-approved fund",Start date not found: the factsheet is undated (PDF created June 2009) and only shows these terms were in force in 2009-2010. Option B: business or GIP-approved fund.
t-e24800d1ad,sgp-gip,family_office,2020-03,2023-03-14,2500000,SGD,main applicant; single family office with AUM of at least S$200 million,sgp-edb-gip-factsheet-2021,PDF p. 3,Option C: Invest S$2.5 million in a new or existing Singapore-based single family office having Assets-Under-Management (AUM*) of at least S$200 million.,Introduced in the March 2020 revision (date from sgp-edb-gip-mr-2023 para 11; no 2020 document found). Footnote: offshore assets count toward the AUM if at least S$50 million is transferred into and held in Singapore. Only for applicants with at least S$200 million in net investible assets (Family Office Principals) or the other profiles.
t-847ea24345,sgp-gip,family_office_aum,2023-03-15,,200000000,SGD,single family office assets under management (may be partly offshore),sgp-edb-gip-mr-2023,"p. 1, para 6","Under Option C, applicants will be required to establish a Singapore-based Single- Family Office (SFO) with Assets-Under-Management (AUM) of at least S$200 million, of which at least S$50 million must be deployed and maintained in any of the following four investment categories",Option C from 15 Mar 2023: total AUM requirement. See the family_office_deployed rows for the part that must be in Singapore.
t-9e5ef02653,sgp-gip,family_office_deployed,2023-03-15,2025-02-20,50000000,SGD,amount transferred into Singapore and deployed in qualifying investments,sgp-edb-gip-mr-2023,"p. 1, para 6",of which at least S$50 million must be deployed and maintained in any of the following four investment categories,"Four categories: MAS-licensed exchange listings (incl. REITs and business trusts per sgp-edb-gip-factsheet-2023), qualifying debt securities, funds of Singapore-licensed managers, private equity in non-listed Singapore businesses. Deploy within 12 months of final approval and maintain for the 5-year re-entry permit. Narrowed from 21 Feb 2025."
t-e24ba2709d,sgp-gip,family_office_deployed,2025-02-21,,50000000,SGD,amount that must be deployed in equities listed on approved Singapore exchanges,sgp-parl-oa-gip-sfo-2025,"oral answer, para 2","From 21 February 2025, new GIP applicants under this option, who are required to establish a Singapore-based Single Family Office (SFO) with at least S$200 million of assets under management (AUM), must deploy a minimum of S$50 million into equities listed on approved Singapore exchanges.","Part of the Equities Market Review Group measures. S-REITs and bonds no longer count toward the S$50 million (they can hold the rest of the AUM). The May 2025 factsheet lists only 'Equities listed on Singapore approved exchanges' (sgp-edb-gip-factsheet-2025, p. 4). Does not affect MAS tax-incentive criteria."
t-90e25f30f4,sgp-gip,family_parent,,2010-12-31,300000,SGD,each parent or parent-in-law,sgp-cs-gip-factsheet-2009,PDF p. 4,"Your parents and parents-in-law are eligible for PR at an additional investment of S$300,000 per person under your application.",Start date not found: the factsheet is undated (PDF created June 2009) and only shows these terms were in force in 2009-2010. Additional investment per parent included for PR. From 1 Jan 2011 parents could no longer be included (only a Long Term Visit Pass).
t-11d97b4d95,sgp-gip,fee_application,,,5650,SGD,per application,sgp-cs-gip-factsheet-2012,PDF p. 4 (Step 1),"You are required to pay a non-refundable application fee of S$5,650 before submitting the application forms.",Non-refundable EDB application fee in the 2 Oct 2012 factsheet. Dates of introduction and change not found; the 2009-2011 factsheets mention no fee.
t-2434088d0c,sgp-gip,fee_application,,,7000,SGD,per application,sgp-cs-gip-factsheet-2014,PDF p. 4 (Step 1),"You are required to pay a non-refundable application fee of S$7,000 before submitting the application forms.",Fee in the factsheet version of March 2014 (captured 2015). Exact start date not found.
t-7b1b67bcfb,sgp-gip,fee_application,,,10000,SGD,per application,sgp-edb-gip-factsheet-2021,"PDF p. 9, application process step 01","You are required to pay a non-refundable application fee of S$10,000 before","Fee in the 16 Aug 2021 factsheet; still S$10,000 in the 2 Aug 2023 factsheet (sgp-edb-gip-factsheet-2023). Exact start date not found."
t-3128c234eb,sgp-gip,fee_application,,,20000,SGD,per application,sgp-edb-gip-factsheet-2025,PDF p. 10,"You are required to pay an application fee of S$20,000 before submitting the","Fee in the factsheet updated 5 May 2025 (current on 2 Oct 2026). Date it rose from S$10,000 not found (between Aug 2023 and May 2025). In addition ICA charges S$100 per applicant (sgp-edb-gip-web-2026)."
t-e72e860eb6,sgp-gip,fee_processing,,,100,SGD,per applicant (paid to ICA),sgp-edb-gip-web-2026,section on Form 4,All applicants who apply for PR will be required to pay a S$100 non-refundable processing fee (per applicant) directly to the Immigration and Checkpoints Authority (ICA).,"ICA processing fee per person included in the PR application, on the EDB GIP page as accessed 2 Oct 2026."
t-3f52a2e5b1,sgp-gip,fund,2011-01-01,2023-03-14,2500000,SGD,main applicant,sgp-cs-gip-factsheet-2010,PDF p. 4 (Important note),Option B: Invest at least S$2.5 million in a GIP-approved fund.,From 1 Jan 2011. By Oct 2012 the fund had to be 'a GIP fund that invests in Singapore-based companies' (sgp-cs-gip-factsheet-2012); in 2023 EDB described the old rule as a fund investing at least 50% in Singapore-based companies (sgp-edb-gip-mr-2023 annex). Replaced 15 Mar 2023.
t-d55cd0d432,sgp-gip,fund,2023-03-15,,25000000,SGD,main applicant,sgp-edb-gip-mr-2023,"p. 1, para 5","Under Option B, applicants will be required to invest S$25 million in a GIP-select fund.","Option B from 15 Mar 2023; seven GIP-select funds were appointed on 1 Jun 2023 (sgp-edb-gipselect-mr-2023, which calls it 'a tenfold increase from the required amount of S$2.5 million'). Investment must be maintained for re-entry permit renewal."
t-ebd2a8007a,stp-cbi,donation,2025-08-01,,90000,USD,single applicant,stp-dr-dl-7-2025,"PDF p. 9 (printed p. 437), Anexo I","Candidato Individual USD 90.000,00","Non-refundable contribution to the National Transformation Fund, paid after approval in principle. Amounts may be changed by joint order of the ministers (art. 22)."
t-be01aaed09,stp-cbi,donation,2025-08-01,,95000,USD,family application of 2-4 members,stp-dr-dl-7-2025,"PDF p. 9 (printed p. 437), Anexo I","Candidatura Familiar (2 a 4 mem- USD 95.000,00",
t-9c93280c7e,stp-cbi,donation,2025-08-01,,5000,USD,each additional qualifying dependant (in addition),stp-dr-dl-7-2025,"PDF p. 9 (printed p. 437), Anexo I","Cada dependente qualificado adi- USD 5.000,00",
t-a518f5e1aa,stp-cbi,donation,2025-08-01,,10000,USD,"spouse of a citizen, added after approval in principle",stp-dr-dl-7-2025,"PDF p. 9 (printed p. 437), Anexo I","Cônjuge de um cidadão USD 10.000,00","Other qualifying dependants: USD 5,000; newborn child (under 1): USD 500. Due diligence and processing fees also apply."
t-9775d27a74,stp-cbi,donation,2026-10-02,,90000,USD,single applicant (as advertised),stp-cip-web-ntf-2026,Donation to the NTF page,"Single Applicant USD 90,000.00","Same as the Decree-Law. valid_from is the date read, not a start date."
t-a00551b786,stp-cbi,fee_documents,2026-10-02,,750,USD,"per applicant (certificate of registration, passport, national ID)",stp-cip-web-ntf-2026,Donation to the NTF page,"Certificate of Registration, Passport and National ID (per applicant) USD 750.00",Not in Decree-Law 7/2025; source is the programme website only.
t-5659dbd164,stp-cbi,fee_due_diligence,2025-08-01,,5000,USD,"per application (due diligence and processing, non-refundable)",stp-dr-dl-7-2025,"PDF p. 9 (printed p. 437), Anexo I","Taxa de diligência prévia e de USD 5.000,00",The programme website calls this a submission fee and says it applies regardless of family size.
t-3c10b3a18c,syc-eden-island-residence,fee_permit_issue,2020-05,,150000,SCR,"main applicant incl. spouse and children, 5 years",syc-ics-fees-2020,"'Resident Permit', p. 1","Residence Permit – Eden Island Scheme 05 years including endorsement of Spouse and children: SCR 150,000","No official minimum property price was found. The ordinary residence permit costs SCR 150,000 for the main applicant plus SCR 75,000 for a spouse and SCR 25,000 per child."
t-98142edb80,syc-investor-citizenship,business,2013-11,,1000000,USD,main applicant,syc-ics-quickguide-2013,"'Citizenship - Investor', p. 5","Has invested 1,000,000 US Dollars or more in a business in Seychelles and has resided for 11 years aggregate in Seychelles","Also requires 80% in a citizenship exam in a national language, three sponsors and newspaper and Gazette notices (Form IMM2). Not a quick citizenship-by-investment route."
t-a9997564f8,syc-investor-citizenship,fee_application,2020-05,,350000,SCR,main applicant,syc-ics-fees-2020,"'Special Circumstances', p. 1","Investors: SCR 350,000","Fee for citizenship under special circumstances, investor category, in the fee list published in 2020; start date not known."
t-3e02d315c5,syc-investor-pr,business,2013-11,,1000000,USD,main applicant,syc-ics-quickguide-2013,"'Permanent Residence - Investors', p. 3","Type 1 Has invested 1,000,000 US Dollars or more in a business in Seychelles and has resided for 1 year in Seychelles",Type 2: same investment and at least 5 years of business association. Rules introduced by 2013 amendments to the Citizenship Act and Immigration Decree; exact commencement date not found. The 2013 application form says the investment is counted as 'an equivalent in Seychelles Rupees'.
t-f67221ca1d,syc-investor-pr,fee_permit_issue,2013-12,,150000,SCR,main applicant,syc-ics-pr-guideline-2013,"'Investors', p. 1","Permit Fee: Sr. 150,000/-","Same amount in the 2020 fee list ('Investors: SCR 150,000'). Plus a SR 1,000 processing fee."
t-415548536e,tca-investor-residence-permit,home_or_business,2012-08-13,,500000,USD,main applicant; Providenciales or West Caicos,tca-imm-ord-rev-2021,"PDF p. 86, reg 24(4)(a)(i)","not less than $500,000 in a business or a home for himself and his dependants in the island of Providenciales or West Caicos","Residence permit (not permanent), up to 10 years per the 2012 announcement (tca-rtc-imm-law-2012). Grand Turk, Salt Cay, South Caicos, Middle Caicos or North Caicos: US$250,000 (reg 24(4)(a)(ii)). Permit fee US$1,500 plus US$150 admin (Schedule 7)."
t-64be88fe66,tca-prc-investment,business,2013,,1500000,USD,main applicant; Providenciales and other islands,tca-imm-ord-rev-2021,"PDF p. 81, reg 13(2)(g)(ii)","not less than $1,500,000 in a business or enterprise in any of the islands other than the island of Grand Turk, Salt Cay, South Caicos, Middle Caicos or North Caicos",At least 60% of the business's employees must be non-work-permit holders; right to work in that business only.
t-55a3897120,tca-prc-investment,business_family_islands,2013,,750000,USD,"main applicant; Grand Turk, Salt Cay, South Caicos, Middle Caicos or North Caicos",tca-imm-ord-rev-2021,"PDF p. 81, reg 13(2)(g)(i)","not less than $750,000 in a business or enterprise in the island of Grand Turk, Salt Cay, South Caicos, Middle Caicos or North Caicos",60% non-work-permit employees rule applies.
t-571a22c94d,tca-prc-investment,donation_public_project,,,1000000,USD,main applicant,tca-imm-ord-rev-2021,"PDF p. 81, reg 13(2)(h)","has contributed not less than $1,000,000 in a designated approved public sector project in the Islands",Contribution to a public project designated by the Governor in the Gazette (reg 22). No designations were found. Start date not established (present in the 2016 regulations).
t-48d4c4158d,tca-prc-investment,fee_certificate,2013,,25000,USD,per certificate,tca-imm-ord-rev-2021,"PDF p. 219, Schedule 7","Investor Route(private) $25,000","Plus US$150 administrative fee, US$1,500 non-refundable certificate of undertaking fee, and US$200 per endorsed spouse or child. The same one-off US$25,000 fee was reported for 2013 (tca-misick-prc-2013)."
t-1f7eeb56f4,tca-prc-investment,home_or_business,,,1000000,USD,main applicant,tca-imm-ord-rev-2021,"PDF p. 82, reg 13(2)(k)","has invested an amount of not less than $1,000,000 in a home or business in the Islands",Route without the undertaking procedure; no location distinction. Start date not established.
t-e5cc3e45c1,tca-prc-investment,real_estate,2013,,1000000,USD,main applicant; Providenciales and other islands not listed below,tca-imm-ord-rev-2021,"PDF p. 81, Immigration Regulations reg 13(2)(f)(ii)","not less than $1,000,000 in the actual construction of a new home or the purchase or renovation of a distressed property as a home for himself and his dependants in any of the islands, other than the island of Grand Turk, Salt Cay, South Caicos, Middle Caicos or North Caicos","Requires an undertaking from the Governor beforehand; no right to work. ""$"" in the regulations; TCI uses the US dollar. The 2016 Regulations (L.N. 28/2016) were amended on this point by L.N. 6/2017; the wording before 2017 was not seen. The route dates from the 2013 reintroduction (tca-misick-prc-2013)."
t-dc88f33503,tca-prc-investment,real_estate_family_islands,2013,,300000,USD,"main applicant; Grand Turk, Salt Cay, South Caicos, Middle Caicos or North Caicos",tca-imm-ord-rev-2021,"PDF p. 81, reg 13(2)(f)(i)","not less than $300,000 in the actual construction of a new home or the purchase or renovation of a distressed property as a home for himself and his dependants in the island of Grand Turk, Salt Cay, South Caicos, Middle Caicos or North Caicos",Undertaking required; no right to work.
t-71c5501c54,tha-ltr-wgc,assets,2025,,1000000,USD,main applicant,tha-boi-ltr-site-2026,section 'Wealthy Global Citizens',Owning at least USD 1 million in global assets or Thai assets in the applicant’s name.,"Can include the US$500,000 investment."
t-06ad473671,tha-ltr-wgc,investment,2025,,500000,USD,main applicant,tha-boi-ltr-site-2026,section 'Wealthy Global Citizens',"Investment in Thailand of at least USD 500,000 in the applicant’s name, which can be in one or a combination of the following: Thai Government Bonds","Thai government bonds (5+ years to maturity), direct investment in Thai companies or Thai property. Criteria as published in 2025-2026; whether the amount was the same at launch in 2022 was not checked."
t-f74ec0de98,tha-ltr-wgc,visa_fee,2025,,50000,THB,per person per 10 years (collected in Thailand),tha-boi-ltr-site-2026,"section 'Apply LTR Visa', note","The processing fee for the 10-year visa with multiple entry is 50,000 Baht per person in case of collecting LTR Visa in Thailand.",Higher when issued by embassies abroad.
t-3c03d03791,tha-privilege,membership_fee_bronze,,,650000,THB,member (VAT included),tha-tpc-packages-2025,"p. 1, 'Membership Bronze package'","Membership Card Validity 5 years Membership Fee (Vat included) 650,000 Baht","5-year Bronze package, no points and not transferable. Launch date not found; it was on sale throughout FY2568 (Oct 2024-Sep 2025), when it was the best-selling card."
t-63409a8982,tha-privilege,membership_fee_diamond,2023-10,,2500000,THB,primary member (VAT included),tha-tpc-packages-2025,"p. 1, 'Packages details'","Membership Fee (Vat included) 900,000 Baht 1,500,000 Baht 2,500,000 Baht 5,000,000 Baht",Diamond: 15-year membership. Non-refundable fee. valid_from October 2023 because the pre-October 2023 packages are discontinued (tha-tpc-old-packages-2026); the exact launch date of each package is not in the source.
t-1ae4afb484,tha-privilege,membership_fee_diamond_supplementary,2023-10,,1500000,THB,supplementary member (family),tha-tpc-packages-2025,"p. 1, 'Supplementary Membership Card'","Supplementary Membership Card Membership Fee (Vat included) - 1,000,000 Baht 1,500,000 Baht 2,000,000 Baht",Fee for an extra family member on a diamond membership.
t-fe90282c4d,tha-privilege,membership_fee_gold,2023-10,,900000,THB,primary member (VAT included),tha-tpc-packages-2025,"p. 1, 'Packages details'","Membership Fee (Vat included) 900,000 Baht 1,500,000 Baht 2,500,000 Baht 5,000,000 Baht",Gold: 5-year membership. Non-refundable fee. valid_from October 2023 because the pre-October 2023 packages are discontinued (tha-tpc-old-packages-2026); the exact launch date of each package is not in the source.
t-5b0ee0950b,tha-privilege,membership_fee_platinum,2023-10,,1500000,THB,primary member (VAT included),tha-tpc-packages-2025,"p. 1, 'Packages details'","Membership Fee (Vat included) 900,000 Baht 1,500,000 Baht 2,500,000 Baht 5,000,000 Baht",Platinum: 10-year membership. Non-refundable fee. valid_from October 2023 because the pre-October 2023 packages are discontinued (tha-tpc-old-packages-2026); the exact launch date of each package is not in the source.
t-78771cd181,tha-privilege,membership_fee_platinum_supplementary,2023-10,,1000000,THB,supplementary member (family),tha-tpc-packages-2025,"p. 1, 'Supplementary Membership Card'","Supplementary Membership Card Membership Fee (Vat included) - 1,000,000 Baht 1,500,000 Baht 2,000,000 Baht",Fee for an extra family member on a platinum membership.
t-c2ea9311fc,tha-privilege,membership_fee_reserve,2023-10,,5000000,THB,primary member (VAT included),tha-tpc-packages-2025,"p. 1, 'Packages details'","Membership Fee (Vat included) 900,000 Baht 1,500,000 Baht 2,500,000 Baht 5,000,000 Baht","Reserve: 20-year membership (renewed every 5 years, up to 20+). Non-refundable fee. valid_from October 2023 because the pre-October 2023 packages are discontinued (tha-tpc-old-packages-2026); the exact launch date of each package is not in the source."
t-7fcdb2dbfa,tha-privilege,membership_fee_reserve_supplementary,2023-10,,2000000,THB,supplementary member (family),tha-tpc-packages-2025,"p. 1, 'Supplementary Membership Card'","Supplementary Membership Card Membership Fee (Vat included) - 1,000,000 Baht 1,500,000 Baht 2,000,000 Baht",Fee for an extra family member on a reserve membership.
t-daf5128fd6,ton-passport-sales,economic_citizenship,,,20000,unspecified,single applicant,ton-nyt-1992,paragraph on passport sales,"a new Tongan passport went on sale for $20,000 (or $35,000 for a family of four)",Full Tongan nationality with right to settle. Currency '$' only.
t-c7ad0f8772,ton-passport-sales,economic_citizenship,,,35000,unspecified,family of four,ton-nyt-1992,paragraph on passport sales,"a new Tongan passport went on sale for $20,000 (or $35,000 for a family of four)",Currency '$' only.
t-57d07f1d70,ton-passport-sales,protected_person_passport,,,10000,unspecified,per person,ton-nyt-1992,paragraph on passport sales,"For $10,000, someone who was otherwise stateless could become a Tongan Protected Person",Travel document only; no right to enter or settle in Tonga. Currency '$' only. Dates not given.
t-89cc93d49a,tur-cbi,bank_deposit,2017-01-12,2018-09-18,3000000,USD,main applicant,tur-rg-2017-01-12-reg,"p. 2, new Art. 20(2)(ç)",ç) En az 3.000.000 Amerikan Doları tutarında mevduatı üç yıl tutma şartıyla Türkiye'de faaliyet gösteren bankalara yatırdığı,Held 3 years.
t-6e8d2bc409,tur-cbi,bank_deposit,2018-09-19,,500000,USD,main applicant,tur-rg-2018-09-19-reg,Art. 1,(ç) bendinde yer alan “3.000.000 Amerikan Doları” ibaresi “500.000 Amerikan Doları veya karşılığı döviz ya da karşılığı Türk Lirası”,"Held 3 years. From 2022-01-06 the FX must be sold to the Central Bank and the deposit held in Turkish lira for 3 years (tur-rg-2022-01-06-reg, para. 10)."
t-769e1daa4b,tur-cbi,employment,2017-01-12,2018-09-18,100,jobs,main applicant,tur-rg-2017-01-12-reg,"p. 2, new Art. 20(2)(c)",c) En az 100 kişilik istihdam oluşturduğu,Not a monetary amount: minimum number of jobs created.
t-9e28ffea15,tur-cbi,employment,2018-09-19,,50,jobs,main applicant,tur-rg-2018-09-19-reg,Art. 1,"(c) bendinde yer alan “100”, Çalışma ve Sosyal Güvenlik Bakanlığınca” ibareleri sırasıyla, “50”",Minimum number of jobs created.
t-7c6e30106a,tur-cbi,fixed_capital_investment,2017-01-12,2018-09-18,2000000,USD,main applicant,tur-rg-2017-01-12-reg,"p. 2, new Art. 20(2)(a)",a) En az 2.000.000 Amerikan Doları tutarında sabit sermaye yatırımı gerçekleştirdiği Ekonomi Bakanlığınca tespit edilen,Certified by the Ministry of Economy.
t-aa7b50025b,tur-cbi,fixed_capital_investment,2018-09-19,,500000,USD,main applicant,tur-rg-2018-09-19-reg,Art. 1,"(a) bendinde yer alan “2.000.000 Amerikan Doları”, “Ekonomi Bakanlığınca” ibareleri sırasıyla “500.000 Amerikan Doları veya karşılığı döviz ya da karşılığı Türk Lirası”",TL equivalent removed from 2022-01-06 (tur-rg-2022-01-06-reg). Certified by the Ministry of Industry and Technology.
t-49a02dc3cc,tur-cbi,government_bonds,2017-01-12,2018-09-18,3000000,USD,main applicant,tur-rg-2017-01-12-reg,"p. 2, new Art. 20(2)(d)",d) En az 3.000.000 Amerikan Doları tutarında Devlet borçlanma araçlarını üç yıl tutmak şartıyla satın aldığı,Held 3 years.
t-7cd2433a1c,tur-cbi,government_bonds,2018-09-19,,500000,USD,main applicant,tur-rg-2018-09-19-reg,Art. 1,"(d) bendinde yer alan “3.000.000 Amerikan Doları”, “Hazine Müsteşarlığınca” ibareleri sırasıyla “500.000 Amerikan Doları veya karşılığı döviz ya da karşılığı Türk Lirası”",Held 3 years. From 2022-01-06 held as TL-denominated government debt after FX sale to the Central Bank.
t-350d8eb806,tur-cbi,investment_fund,2017-05-05,2018-09-18,1500000,USD,main applicant,tur-rg-2017-05-05-reg,"p. 2, Art. 1",e) En az 1.500.000 Amerikan Doları tutarında gayrimenkul yatırım fonu katılma payı veya girişim sermayesi yatırım fonu katılma payı aldığı ve üç yıl süre ile elinde tuttuğu,"Real estate investment fund or venture capital fund units, held 3 years; certified by the Capital Markets Board."
t-f444eb8f1e,tur-cbi,investment_fund,2018-09-19,,500000,USD,main applicant,tur-rg-2018-09-19-reg,Art. 1,(e) bendi “En az 500.000 Amerikan Doları veya karşılığı döviz ya da karşılığı Türk Lirası tutarında gayrimenkul yatırım fonu katılma payı veya girişim sermayesi yatırım fonu katılma payını en az üç yıl elinde tutma şartıyla satın aldığı,TL equivalent removed from 2022-01-06.
t-491cb14c72,tur-cbi,private_pension,2022-05-13,,500000,USD,main applicant,tur-rg-2022-05-13-reg,"Art. 2, new Art. 20(2)(f)","f) En az 500.000 Amerikan Doları veya karşılığı döviz tutarında katkı payını, kapsamı Sigortacılık ve Özel Emeklilik Düzenleme ve Denetleme Kurumu tarafından belirlenen fonlarda tutma ve üç yıl sistemde kalma şartıyla bireysel emeklilik sistemine yatırdığı",Contribution to the private pension system held 3 years; converted to TL via the Central Bank.
t-e16c83ab63,tur-cbi,real_estate,2017-01-12,2018-09-18,1000000,USD,main applicant (family included under Law 5901 Art. 12(1)(b)),tur-rg-2017-01-12-reg,"p. 2, Art. 1, new Art. 20(2)(b)",b) En az 1.000.000 Amerikan Doları tutarında taşınmazı tapu kayıtlarına üç yıl satılmaması şerhi koyulmak şartıyla satın aldığı,"Translation: 'purchased real estate worth at least USD 1,000,000 with a land-registry annotation that it will not be sold for three years'. Value converted at CBRT effective selling rate on the determination date (new para. 6)."
t-6ecd84b9d0,tur-cbi,real_estate,2018-09-19,2022-01-05,250000,USD,main applicant,tur-rg-2018-09-19-reg,Art. 1,(b) bendinde yer alan “1.000.000 Amerikan Doları” ibaresi “250.000 Amerikan Doları veya karşılığı döviz ya da karşılığı Türk Lirası” şeklinde,"USD 250,000 'or equivalent foreign currency or equivalent Turkish lira'; 3-year no-sale annotation retained. From 2018-12-07 also via notarised promise-to-sell contract with full upfront payment (tur-rg-2018-12-07-reg)."
t-e39750919a,tur-cbi,real_estate,2022-01-06,2022-06-12,250000,USD,main applicant,tur-rg-2022-01-06-reg,"Art. 1, new Art. 20(2)(b) and (10)",b) En az 250.000 Amerikan Doları veya karşılığı döviz tutarındaki taşınmazı tapu kayıtlarına üç yıl satılmaması şerhi koyulmak şartıyla satın aldığı,TL equivalent no longer accepted; the foreign currency must be sold to a bank in Turkey and by it to the Central Bank before the transaction (new para. 10).
t-a60c0bde9d,tur-cbi,real_estate,2022-06-13,2023-12-11,400000,USD,main applicant,tur-rg-2022-05-13-reg,Art. 1 and Art. 3(a),(b) bendinde yer alan “250.000” ibareleri “400.000” şeklinde değiştirilmiştir. ... a) 1 inci maddesi yayımından 1 ay sonra,"Decree published 13 May 2022; the threshold change entered into force one month after publication. USD or equivalent FX, sold to the Central Bank via a bank."
t-95f49947be,tur-cbi,real_estate,2023-12-12,,400000,USD,main applicant,tur-rg-2023-12-12-reg,Art. 1,“döviz tutarındaki kat mülkiyeti veya kat irtifakı kurulmuş ya da üzerinde yapı bulunan arsa vasıflı taşınmazı” şeklinde değiştirilmiştir,"Only units under condominium/construction servitude, or plots with a building on them; agricultural land and empty plots excluded. Since 01/03/2024 value must be confirmed by a GEDAŞ valuation report (TKGM circular 2024/2; tur-tkgm-ykt-degerleme-raporu). Still in force per consolidated text read 2026-09-28."
t-848d6c039f,tur-cbi,real_estate_presale_contract,2018-12-07,2022-01-05,250000,USD,main applicant,tur-rg-2018-12-07-reg,Art. 1,"kat mülkiyeti ya da kat irtifakı kurulmuş, en az 250.000 Amerikan Doları veya karşılığı döviz ya da karşılığı Türk Lirası tutarı peşin olarak yatırılan taşınmazın satışının vaat edildiğine dair noterden düzenlenen sözleşmenin üç yıl süreyle devri ve terkini yapılmayacağı taahhüdüyle tapu siciline şerh edildiği","Pre-sale route: notarised promise-to-sell contract for a unit under condominium/construction servitude, full amount paid upfront, 3-year non-transfer undertaking annotated. Threshold follows the real-estate route afterwards (250,000 to 2022-06-12; 400,000 from 2022-06-13)."
t-410045b554,twn-apr-investment,business_investment,,,15000000,TWD,foreign national,twn-nia-apr-investment-guidelines-2024,section II (III) item 1,Foreign nationals who have invested in profitable businesses in the ROC with an investment amount exceeding NTD 15 million and have created employment opportunities for five (5) or more nationals for a period of three (3) years.,"'Exceeding' NT$15 million, plus at least five jobs for ROC nationals for three years. Gives permanent residence (Alien Permanent Resident Certificate) directly."
t-b033edf543,twn-apr-investment,government_bonds,,,30000000,TWD,foreign national,twn-nia-apr-investment-guidelines-2024,section II (III) item 2,Foreign nationals who have invested in central government bonds with a face value exceeding NTD 30 million for a period of three (3) years.,"'Exceeding' NT$30 million face value, held for three years."
t-f66fe2ef08,twn-hkmo-investment-residence,business_investment,,,6000000,TWD,Hong Kong or Macao resident applicant,twn-moi-hkmo-residence-regs-2022,"Article 16, para 1, item 5",五、在臺灣地區有新臺幣六百萬元以上之投資，經中央目的事業主管機關審查通過,"NT$6 million or more invested in Taiwan, reviewed and approved by the central competent authority. Text in force as amended 13 June 2022; the date the NT$6m figure was introduced was not established (the 2018 English translation, twn-nia-hkmo-residence-regs-en-2018, has the same figure)."
t-283cc40766,ury-tax-residence-investment,business,2016-10-13,,45000000,UI,individual; direct or indirect investment in a company with projects declared of national interest,ury-impo-dec148-2007,"Decreto 148/007, art. 5-BIS, inciso 5, literal b)","directa o indirecta, en una empresa por un valor superior a 45.000.000 UI (cuarenta y cinco millones de Unidades Indexadas)",Tax residence only.
t-49bd1e8bf5,ury-tax-residence-investment,business,2020-07-01,,15000000,UI,individual; investment from 1 July 2020 creating at least 15 new full-time direct jobs,ury-impo-dec148-2007,"Decreto 148/007, art. 5-BIS, inciso 5, literal d) (wording from Decreto 163/020)","directa o indirecta, en una empresa por un valor superior a 15.000.000 UI (quince millones de Unidades Indexadas), siempre que se realice a partir del 1° de julio de 2020 y generen, al menos, 15 (quince) nuevos puestos de trabajo",Tax residence only.
t-8c40b8d159,ury-tax-residence-investment,real_estate,2016-10-13,,15000000,UI,"individual (tax residence, not immigration status)",ury-impo-dec148-2007,"Decreto 148/007, art. 5-BIS, inciso 5, literal a)",en bienes inmuebles por un valor superior a 15:000.000 UI (quince millones de Unidades Indexadas),UI = Unidades Indexadas (inflation-indexed unit). Criterion added by Decreto 330/016 of 13 Oct 2016 per IMPO's notes.
t-2b7ae0d109,ury-tax-residence-investment,real_estate,2020-07-01,,3500000,UI,individual; investment made from 1 July 2020 plus at least 60 days' physical presence in the calendar year,ury-impo-dec148-2007,"Decreto 148/007, art. 5-BIS, inciso 5, literal c) (wording from Decreto 174/020)","en bienes inmuebles, por un valor superior a 3:500.000 UI (tres millones quinientas mil Unidades Indexadas), siempre que la misma se realice a partir del 1° de julio de 2020",Tax residence only.
t-9799d33f79,usa-eb5,fee_integrity_fund_petition,2022-10-01,2026-11-29,1000,USD,"each regional-center investor petition (Form I-526E), on top of the filing fee",usa-law-pl117-103-2022,"Div. BB sec. 103(b), INA 203(b)(5)(J)(ii)(II), 136 Stat. 1091 (PDF p. 1043)","Beginning on October 1, 2022, the Secretary shall collect a fee of $1,000 for the Fund with each petition filed",
t-fb24017165,usa-eb5,fee_integrity_fund_petition,2026-11-30,,1100,USD,"each regional-center investor petition (Form I-526E), on top of the filing fee",usa-fr-eb5-fee-rule-2026,"PDF p. 45 (91 FR 61984), 8 CFR 106.2(d)(1)","203(b)(5)(E) must submit $1,100 in addition to any other fees associated with such petition","Quote assembled from a two-column page: 'Individuals filing a petition for classification under INA section 203(b)(5)(E) must submit $1,100 in addition to any other fees'."
t-503f9f4ede,usa-eb5,fee_integrity_fund_regional_center,2022-03-15,2026-11-29,20000,USD,"each designated regional center, per year (USD 10,000 if 20 or fewer investors in the preceding fiscal year)",usa-law-pl117-103-2022,"Div. BB sec. 103(b), INA 203(b)(5)(J)(ii), 136 Stat. 1091 (PDF p. 1043)","of $20,000 from each regional center designated under subparagraph (E); and ‘‘(bb) of $10,000 from each such regional center with 20 or fewer total investors","Set by statute; collection began with the payment window of 2 Mar-3 Apr 2023 (usa-fr-integrity-fund-fee-2023). Raised to USD 22,000 / 11,000 from 30 Nov 2026."
t-ede4b5eafe,usa-eb5,fee_integrity_fund_regional_center,2026-11-30,,22000,USD,"each designated regional center, per year (USD 11,000 if 20 or fewer total investors)",usa-fr-eb5-fee-rule-2026,"PDF p. 46 (91 FR 61985), 8 CFR 106.2(d)(10)(i)","designated regional centers must submit: (A) $22,000; or (B) $11,000 if the regional center has 20 or fewer total investors",10% inflation adjustment (CPI-U 2022-2025). Late payment penalties of 10% and 20%; unpaid by 30 Dec leads to termination.
t-30b7b8cd83,usa-eb5,fee_petition_i526,,2024-03-31,3675,USD,"investor petition, Form I-526 (filing fee; standalone and regional-center investors)",usa-fr-uscis-fee-rule-2024,"PDF p. 7 (89 FR 6200), fee comparison table, row for Forms I-526/I-526E","$3,675 $11,160 $11,160 $7,485 204%","Row values as extracted: current fee, proposed fee, final fee, change, percent change. Start date of the USD 3,675 fee (set by the 2016 fee rule, 81 FR 73292, not stored) not verified. The same fee applied again from 12 Nov 2025 when USCIS reverted to pre-April 2024 EB-5 fees after the Moody v. Noem stay (next rows)."
t-cd5006137b,usa-eb5,fee_petition_i526,2024-04-01,2025-11-11,11160,USD,"investor petition, Forms I-526 and I-526E (filing fee)",usa-fr-uscis-fee-rule-2024,"PDF p. 195 (89 FR 6388), 8 CFR 106.2(a)(25)","(i) Immigrant Petition by Standalone Investor, Form I–526: $11,160. (ii) Immigrant Petition by Regional Center Investor, Form I–526E: $11,160.","Stayed by the U.S. District Court for the District of Colorado in Moody v. Noem on 12 Nov 2025; USCIS reverted to the fees in effect until 31 Mar 2024 that day (usa-fr-eb5-fee-rule-2026, p. 2)."
t-3bca390a98,usa-eb5,fee_petition_i526,2025-11-12,2026-11-29,3675,USD,"investor petition, Forms I-526 and I-526E (filing fee)",usa-fr-eb5-fee-rule-2026,"PDF p. 2 (91 FR 61941), section I.C.1","On November 12, 2025, USCIS reverted to accepting the EB-5 fees that were in effect until March 31, 2024.","Amount: the pre-April 2024 fee (USD 3,675, see usa-fr-uscis-fee-rule-2024 p. 7); this source states the reversion but its fee table is an image. USCIS's EB-5 What's New page dates the new G-1055 fee schedule edition 14 Nov 2025."
t-d98d1148d5,usa-eb5,fee_petition_i526,2026-11-30,,7615,USD,"standalone investor petition, Form I-526 (incl. USD 75 technology fee)",usa-fr-eb5-fee-rule-2026,"PDF p. 45 (91 FR 61984), 8 CFR 106.2(d)(2)(i)","Immigrant Petition by Standalone Investor, Form I–526: $7,615.",
t-185aa9cc84,usa-eb5,fee_petition_i526e,2026-11-30,,7850,USD,"regional-center investor petition, Form I-526E initial filing (incl. USD 75 technology fee; Integrity Fund fee extra)",usa-fr-eb5-fee-rule-2026,"PDF p. 45 (91 FR 61984), 8 CFR 106.2(d)(2)(ii)","Center Investor, Form I–526E initial filing: $7,850.","Amendments to Form I-526E: USD 7,775."
t-71d0524401,usa-eb5,fee_petition_i829,,2024-03-31,3750,USD,"petition to remove conditions, Form I-829",usa-fr-uscis-fee-rule-2024,"PDF p. 9 (89 FR 6202), fee comparison table, row for Form I-829","$3,750 $9,525 $9,525 $5,775 154%","Row values as extracted: current, proposed, final, change, percent change. Start date not verified. Applied again from 12 Nov 2025 after the Moody v. Noem stay (see fee_petition_i526 rows)."
t-05377deb7f,usa-eb5,fee_petition_i829,2024-04-01,2025-11-11,9525,USD,"petition to remove conditions, Form I-829",usa-fr-uscis-fee-rule-2024,"PDF p. 196 (89 FR 6389), 8 CFR 106.2(a)(53)","For a conditional permanent resident who obtained status through qualified investment to remove the conditions on their residence. $9,525.",Stayed 12 Nov 2025 (Moody v. Noem).
t-e12e97286c,usa-eb5,fee_petition_i829,2026-11-30,,5000,USD,"petition to remove conditions, Form I-829",usa-fr-eb5-fee-rule-2026,"PDF p. 45 (91 FR 61984), 8 CFR 106.2(d)(4)","For a conditional permanent resident who obtained status through qualified investment to remove the conditions on their residence. $5,000.",
t-0b990da855,usa-eb5,fee_regional_center_designation,2024-04-01,2025-11-11,47695,USD,"application for regional center designation or amendment, Form I-956",usa-fr-uscis-fee-rule-2024,"PDF p. 197 (89 FR 6390), 8 CFR 106.2(a)(65)","To request designation as a regional center or to request an amendment to an approved regional center. $47,695.",Stayed 12 Nov 2025 (Moody v. Noem); the pre-April 2024 amount was not verified.
t-665d0c109c,usa-eb5,fee_regional_center_designation,2026-11-30,,44115,USD,"application for regional center designation, Form I-956 initial filing (amendment USD 9,835)",usa-fr-eb5-fee-rule-2026,"PDF p. 45 (91 FR 61984), 8 CFR 106.2(d)(5)","(i) For initial filing: $44,115.",
t-c7775bc900,usa-eb5,investment,1990-11-29,2019-11-20,1000000,USD,investor (spouse and children under 21 included); standard amount outside targeted employment areas,usa-law-pl101-649-1990,"104 Stat. 4990 (PDF p. 13), INA 203(b)(5)(C)(i)","the amount of capital required under subparagraph (A) shall be $1,000,000","Statutory amount from the Immigration Act of 1990; investments counted from enactment, visas available from FY1992 (1 Oct 1991). The Act also allowed up to 3x more in high-employment areas, but DHS never set a higher amount (2019 rule, p. 5). Stayed in force until the 2019 rule took effect."
t-f7d1513f03,usa-eb5,investment,2019-11-21,2021-06-21,1800000,USD,investor; standard amount (also applied in high-employment areas),usa-fr-eb5-modernization-2019,"PDF p. 59 (84 FR 35808), 8 CFR 204.6(f)(1)","filed on or after November 21, 2019, the amount of capital necessary to make a qualifying investment in the United States is one million eight hundred thousand United States dollars ($1,800,000)","Applied to petitions filed from 21 Nov 2019. The rule was vacated on 22 June 2021 (Behring Regional Center LLC v. Wolf); USCIS then applied the pre-rule regulations, i.e. USD 1,000,000 / 500,000."
t-163aa3e168,usa-eb5,investment,2021-06-22,2022-03-14,1000000,USD,investor; standard amount (petitions filed before 15 Mar 2022),usa-uscis-web-eb5-classification-2025,table 'minimum investment amounts by filing date',"Before 3/15/2022 $1,000,000 $500,000 $1,000,000","After the 2019 rule was vacated USCIS returned to the pre-November 2019 regulations (usa-uscis-web-eb5-program-2023: 'we will apply the EB-5 regulations that were in effect before the rule was finalized on Nov. 21, 2019'). The Regional Center Program had lapsed from 1 July 2021, so only standalone investments could be filed from then until the 2022 Act."
t-d0d0ff4593,usa-eb5,investment,2022-03-15,,1050000,USD,investor; standard amount,usa-law-pl117-103-2022,"Div. BB sec. 102(a)(3), 136 Stat. 1072 (PDF p. 1024)","by striking ‘‘$1,000,000’’ and all that follows through ‘‘previous sentence’’ and inserting ‘‘$1,050,000’’","In force on enactment (15 Mar 2022). From 1 Jan 2027 and every five years the amount is adjusted automatically by CPI-U since 1 Jan 2022, rounded down to the nearest USD 50,000, by a Federal Register technical amendment; no such amendment had been published by 2 Oct 2026."
t-2d8afcad90,usa-eb5,investment_tea,1991,2019-11-20,500000,USD,investor; targeted employment area (rural or at least 150% of national unemployment),usa-fr-eb5-modernization-2019,"PDF p. 5 (84 FR 35754), Table 2","Since 1991, DHS regulations have set the TEA investment threshold at 50 percent of the minimum investment amount.","The 1990 Act let the government set a lower TEA amount of not less than half the standard (8 CFR 204.6(f), 1991 regulations, not stored). The USD 500,000 figure is printed in the USCIS table (usa-uscis-web-eb5-classification-2025) and GAO-15-696."
t-afe5728d9b,usa-eb5,investment_tea,2019-11-21,2021-06-21,900000,USD,investor; targeted employment area,usa-fr-eb5-modernization-2019,PDF p. 3 (84 FR 35752),"the final rule will retain the 50 percent differential, and only increase the minimum investment amount from $500,000 to $900,000",Vacated with the rest of the rule on 22 June 2021.
t-6128632281,usa-eb5,investment_tea,2021-06-22,2022-03-14,500000,USD,investor; targeted employment area (petitions filed before 15 Mar 2022),usa-uscis-web-eb5-classification-2025,table 'minimum investment amounts by filing date',"Before 3/15/2022 $1,000,000 $500,000 $1,000,000",
t-9ec0ef1453,usa-eb5,investment_tea,2022-03-15,,800000,USD,investor; targeted employment area or infrastructure project,usa-law-pl117-103-2022,"Div. BB sec. 102(a)(3), 136 Stat. 1072 (PDF p. 1024)","The amount of capital required under subparagraph (A) for an investment in a targeted employment area or in an infrastructure project shall be $800,000.",From 1 Jan 2027 set automatically at 75% of the adjusted standard amount. Since 2022 only DHS (not states) may designate high-unemployment areas.
t-59161c59f6,usa-gold-card,donation,2025-09-19,,1000000,USD,individual donating on own behalf (per person; spouse and each child need their own gift according to trumpcard.gov),usa-fr-eo-14351-2025,"sec. 2(a), 90 FR 46031",The requisite gift amount shall be $1 million for an individual donating on his or her own behalf and $2 million for a corporation or similar entity donating on behalf of an individual.,"Unrestricted gift to the Department of Commerce under 15 U.S.C. 1522, paid after vetting. trumpcard.gov: 'Each family member is subject to an additional $15,000 DHS processing fee and $1 million gift.'"
t-4a1eb74bb8,usa-gold-card,donation,2025-09-19,,2000000,USD,corporation or similar entity donating on behalf of an individual (transferable to another employee),usa-fr-eo-14351-2025,"sec. 2(a), 90 FR 46031",The requisite gift amount shall be $1 million for an individual donating on his or her own behalf and $2 million for a corporation or similar entity donating on behalf of an individual.,trumpcard.gov adds a 1% annual maintenance fee and a 5% transfer fee for corporate cards (not in the executive order).
t-4e0ceb0ed2,usa-gold-card,fee_processing,2025-12,,15000,USD,"per person (principal, spouse, each child), Form I-140G filing fee, non-refundable",usa-uscis-web-i140g-2025,section 'Filing Fee',"The fee for Form I-140G is $15,000 per person (principal beneficiary, spouse, child(ren), as applicable).",valid_from: month the USCIS form page was last updated (10 Dec 2025); form edition dated 19 Nov 2025. No Federal Register rule setting this fee was found.
t-7ed5af161d,vut-ciip,application_fee,2013-09-20,2014-01-30,10000,VUV,application (Form D),vut-fees-order-133-2013,"PDF p. 2, Schedule 1 item 4","4. Form D 10,000",Set before the CIIP citizenship route took effect (21 Jan 2014); what Form D covered in 2013 is not stated in the Order. Scanned.
t-ef8e1c6716,vut-ciip,application_fee,2014-01-30,,25000,VUV,application (Form D),vut-fees-order-6-2014,"PDF p. 2, Schedule item 1(4)","Form D VT25,000 USD250","Alternative amount USD 250. Form D is the CIIP application form (Citizenship Office website). Replaces VT 10,000 set by Order No. 133 of 2013. Scanned; read from OCR and page image."
t-adcd3254a6,vut-ciip,certificate_fee,2014-01-30,,1000000,VUV,applicant and those indicated in the application,vut-fees-order-6-2014,"PDF p. 3, Schedule 5 item 1(a)","For each Certificate of registration VT1,000,000 USD10,000","Schedule 5 ""Citizenship Certificate Fees for Investors under the Capital Investment Immigration Plan pursuant to section 13C""; alternative amount USD 10,000. Scanned."
t-3f0f95efd4,vut-ciip,government_fee,,,260000,USD,"applicant, spouse and 1 child under 18",vut-coc-web-fees,"Fees and Charges page, paragraph on Form D","the Citizenship Fee is 260, 000 USD which covers only an applicant, spouse and 1 child less than 18 years","Shown on the website as of 2026-10-02; start date not given. Extra child under 18: USD 19,250; dependant aged 18-21: USD 44,250; application fee USD 250. The IMF (2015) described USD 260,000 as a returnable investment, while the website calls it a citizenship fee."
t-585de70725,vut-ciip,government_fee,,,260000,USD,"main applicant, spouse and 1 child under 18",vut-coc-chargeable-fees,"PDF p. 1, row ""CIIP (Form D)""","260, 000 US$ (includes main applicant,","Undated Citizenship Office fee schedule (row continues ""spouse and 1 child aged under 18 years""); extra child under 18 USD 19,250 or dependant aged 18-21 USD 44,250."
t-0fb17c5835,vut-ciip,government_fee,2014,,40000,$ (currency not stated),investor,vut-imf-art4-2015,"PDF p. 46, Appendix III","an investor has to pay a $40,000 fee and invest $260,000.","IMF text uses ""$"" without naming the currency."
t-290f68296b,vut-ciip,investment,2014,,260000,USD,investor,vut-imf-art4-2015,"PDF p. 45, Appendix III, Table 1","Vanuatu (CIIP) 2014 USD 260,000","IMF table of minimum investments. The text on the next page says the investment is returned after 7 years and is split 25% NBV deposit, 25% long-term government bond, 50% real investment."
t-137dcfd780,vut-ciip,investment,2024-12-02,,50000,USD,applicant,vut-coc-press-2024-12,PDF p. 1,"The program now maintains strict oversight of the mandatory USD 50,000 investment component","Date is the press release date; when the component was introduced is not stated, nor whether it is part of the USD 260,000 or additional."
t-aa4d74a593,vut-dsp,agent_price_minimum,,,130000,USD,single applicant,vut-coc-web-fees,"Fees and Charges page, table ""Government Mandated Fees""","Single Applicant USD 130,000","As shown on 2026-10-02; the page does not name the programme. Also lists married couple USD 150,000, plus one child USD 165,000, plus two children USD 180,000, additional applicant USD 10,000, FIU diligence fee USD 5,000."
t-883335b491,vut-dsp,agent_price_minimum,2019-04-24,,130000,USD,single applicant,vut-dsp-regs-order-33-2019,"PDF p. 2, clause 4(a)","for a single person -the selling price must not be less than 130,000USD",Minimum price designated agents must charge; the difference above the government fee stays with the agent.
t-cca201df62,vut-dsp,agent_price_minimum,2019-04-24,,180000,USD,married couple and 2 children under 18,vut-dsp-regs-order-33-2019,"PDF p. 3, clause 4(d)","for a married couple and 2 children under 18 years of age —the selling price must not be less than 180,000USD","Couple: USD 150,000; couple and one child: USD 165,000."
t-aa582c6035,vut-dsp,application_fee,2019-04-24,,5000,VUV,application,vut-dsp-regs-order-33-2019,"PDF p. 5, clause 7(2)",must pay an application fee of VT5000 to the Commission for his or her application.,
t-e7ef6406f8,vut-dsp,certificate_fee,2019-04-24,,10000,VUV,each certificate,vut-dsp-regs-order-33-2019,"PDF p. 5, clause 7(3)","must pay a certificate fee of VT 10,000 for each certificate that is granted under his or her application.",
t-084fa2b620,vut-dsp,donation,2019-04-24,,80000,USD,single applicant,vut-dsp-regs-order-33-2019,"PDF p. 5, clause 7(1)(a)","for a single person applying for citizenship — 80,000USD","Government prescribed fee paid into the designated Government account; 25% before consideration, 75% before the certificate. Scanned; read from OCR and page image."
t-073480f9b2,vut-dsp,donation,2019-04-24,,100000,USD,married couple,vut-dsp-regs-order-33-2019,"PDF p. 5, clause 7(1)(b)","for a married couple applying for citizenship -100,000USD",
t-97ddcaa454,vut-dsp,donation,2019-04-24,,115000,USD,married couple and 1 child under 18,vut-dsp-regs-order-33-2019,"PDF p. 5, clause 7(1)(c)","for a married couple plus a child under 18 years of age - 115,000USD",
t-a28d8a5203,vut-dsp,donation,2019-04-24,,130000,USD,married couple and 2 children under 18,vut-dsp-regs-order-33-2019,"PDF p. 5, clause 7(1)(d)","for a married couple plus 2 children under 18 years of age 130,000USD","Additional child or resident dependant: USD 10,000 each (clause 7(1)(e)-(f))."
t-294287e8c4,vut-dsp,due_diligence_fee,2019-04-24,2020-03-27,2000,USD,each applicant,vut-dsp-regs-order-33-2019,"PDF p. 5, clause 7(4)","Each applicant must pay a fee of USD2,000 for due diligence checks to be made on him or her and on persons under his or her application.",
t-4a17395517,vut-dsp,due_diligence_fee,2020-03-27,,5000,USD,each applicant,vut-dsp-amend-order-39-2020,"PDF p. 3, Schedule item 5","Delete ""USD2,000"", substitute ""USD5,000""","Order No. 39 of 2020 also requires checks by an international specialist firm as well as the FIU. The Citizenship Office website (2026) still lists an FIU diligence fee of USD 5,000."
t-259b4e804a,vut-dsp,total_cost,,,135000,USD,single applicant,vut-imf-art4-2023,"PDF p. 96, DSA footnote 3","Application costs range from USD 135,000 for a single applicant (of which the government’s share is USD 80,000), to USD 185,000 for a family of four","IMF description (report dated February 2023) covering both VDSP and VCP; government share USD 80,000 single, USD 130,000 for a family of four (total USD 185,000)."
t-997d6e9d68,vut-vcp,agent_price_minimum,2019-04-24,,130000,USD,single applicant,vut-coc-fees-directive-2020,"PDF p. 1, table","Single Applicant 80,000 130,000",Second column of the directive table (Government Minimum Selling (Retail) Price).
t-06db51306e,vut-vcp,donation,2019-04-24,,80000,USD,single applicant,vut-coc-fees-directive-2020,"PDF p. 1, table","Single Applicant 80,000 130,000","Directive table ""Regulation Order 33 & 34 dated 24 April 2019"": government minimum contribution USD 80,000 and minimum selling (retail) price USD 130,000, applying to both DSP and VCP. Scanned; read from OCR."
t-04b879831d,vut-vcp,donation,2019-04-24,,130000,USD,married couple and 2 children,vut-coc-fees-directive-2020,"PDF p. 1, table","Married + 2 Children 130,000 180,000","Minimum selling price for this family: USD 180,000."
t-cbe732e6df,vut-vcp,due_diligence_fee,2020-03-27,,5000,USD,each applicant,vut-vcp-amend-order-38-2020,"PDF p. 2, Schedule item 4","Delete ""USD2,000"", substitute ""USD5,000""","Amends paragraph 3(2C) of the Contribution Program Regulations Order No. 220 of 2016, so the earlier fee was USD 2,000."
t-432ab22ab3,vut-verp,application_fee,2015-04,2017-03,40500,$ (currency not stated),"applicant (non-refundable, before review)",vut-devpolicy-verp-2015,blog text,"Prospective citizens will also reportedly be required to pay a non-refundable fee of $40,500 before their applications are reviewed","Second-hand (""reportedly""); currency not stated."
t-999e822a7f,vut-verp,donation,2015-04,2017-03,162000,$ (currency not stated),applicant,vut-abc-verp-2015,article text,"The 'Economic rehabilitation after Pam' initiative will sell citizenship, priced at $162,000, to 100 applicants.",Media report; quota of 100 applicants. Currency not stated.
