source_id,title,publisher,author,source_type,jurisdiction,published_date,accessed_date,url,archive_url,raw_file,sha256,covers,notes
are-adro-golden-visa-investors,Abu Dhabi Golden Visa - Investors,Abu Dhabi Residents Office (ADRO),,government,ARE,,2026-10-02,https://adro.gov.ae/en/Visas/Types-of-Visas/Abu-Dhabi-Golden-Visa/Investors,,raw/are-adro-golden-visa-investors.html,f64e450944ff96a4364b4955129d6ec202448f3177f9bf13203103e654793a51,"Abu Dhabi investor routes: AED 2 million deposit or company capital, AED 250,000 a year in taxes, or real estate of at least AED 2 million (equity, mortgages via national banks allowed).",Service page with no date; as displayed on 2026-10-02.
are-alkhaleej-cabinet-500k-2025,"الإمارات تصدر 500 ألف إقامة ذهبية في 2024 (UAE issues 500,000 golden residences in 2024)","Al Khaleej (newspaper, Sharjah)",,media,ARE,2025-01-02,2026-10-02,https://www.alkhaleej.ae/2025-01-02/%D8%A7%D9%84%D8%A5%D9%85%D8%A7%D8%B1%D8%A7%D8%AA-%D8%AA%D8%B5%D8%AF%D8%B1-500-%D8%A3%D9%84%D9%81-%D8%A5%D9%82%D8%A7%D9%85%D8%A9-%D8%B0%D9%87%D8%A8%D9%8A%D8%A9/%D8%A3%D8%AE%D8%A8%D8%A7%D8%B1-%D9%85%D9%86-%D8%A7%D9%84%D8%A5%D9%85%D8%A7%D8%B1%D8%A7%D8%AA/%D8%A3%D8%AE%D8%A8%D8%A7%D8%B1-%D8%A7%D9%84%D8%AF%D8%A7%D8%B1,https://web.archive.org/web/20251025040704/https://www.alkhaleej.ae/2025-01-02/%D8%A7%D9%84%D8%A5%D9%85%D8%A7%D8%B1%D8%A7%D8%AA-%D8%AA%D8%B5%D8%AF%D8%B1-500-%D8%A3%D9%84%D9%81-%D8%A5%D9%82%D8%A7%D9%85%D8%A9-%D8%B0%D9%87%D8%A8%D9%8A%D8%A9/%D8%A3%D8%AE%D8%A8%D8%A7%D8%B1-%D9%85%D9%86-%D8%A7%D9%84%D8%A5%D9%85%D8%A7%D8%B1%D8%A7%D8%AA/%D8%A3%D8%AE%D8%A8%D8%A7%D8%B1-%D8%A7%D9%84%D8%AF%D8%A7%D8%B1,,,"UAE Cabinet meeting at Qasr Al Watan reviewing 2024: 500,000 golden residences issued in the past year (UAE-wide).",Newspaper report of a Cabinet statement; the WAM version was not found. Round figure.
are-alkhaleej-gdrfa-2023,"«إقامة دبي» تصدر 158 ألف إقامة ذهبية خلال 2023 (Dubai residency directorate issues 158,000 golden residences in 2023)","Al Khaleej (newspaper, Sharjah)",,media,ARE,2024-04-10,2026-10-02,https://www.alkhaleej.ae/2024-04-10/%D8%A5%D9%82%D8%A7%D9%85%D8%A9-%D8%AF%D8%A8%D9%8A-%D8%AA%D8%B5%D8%AF%D8%B1-158-%D8%A3%D9%84%D9%81-%D8%A5%D9%82%D8%A7%D9%85%D8%A9-%D8%B0%D9%87%D8%A8%D9%8A%D8%A9-%D8%AE%D9%84%D8%A7%D9%84-2023-5356211/%D8%A3%D8%AE%D8%A8%D8%A7%D8%B1-%D9%85%D9%86-%D8%A7%D9%84%D8%A5%D9%85%D8%A7%D8%B1%D8%A7%D8%AA/%D8%A3%D8%AE%D8%A8%D8%A7%D8%B1-%D8%A7%D9%84%D8%AF%D8%A7%D8%B1,https://web.archive.org/web/20261002071409/https://www.alkhaleej.ae/2024-04-10/%D8%A5%D9%82%D8%A7%D9%85%D8%A9-%D8%AF%D8%A8%D9%8A-%D8%AA%D8%B5%D8%AF%D8%B1-158-%D8%A3%D9%84%D9%81-%D8%A5%D9%82%D8%A7%D9%85%D8%A9-%D8%B0%D9%87%D8%A8%D9%8A%D8%A9-%D8%AE%D9%84%D8%A7%D9%84-2023-5356211/%D8%A3%D8%AE%D8%A8%D8%A7%D8%B1-%D9%85%D9%86-%D8%A7%D9%84%D8%A5%D9%85%D8%A7%D8%B1%D8%A7%D8%AA/%D8%A3%D8%AE%D8%A8%D8%A7%D8%B1-%D8%A7%D9%84%D8%AF%D8%A7%D8%B1,,,"Statement by GDRFA Dubai director-general Lt-Gen Mohammed Ahmed Al Marri: 158,000 golden residences in 2023, 79,617 in 2022, 47,150 in 2021.",Newspaper report of an official statement; same figure reported by Emarat Al Youm and Gulf News. We did not find the statement on the GDRFA website.
are-alkhaleej-gdrfa-h1-2026,"66 الف اقامة ذهبية في دبي خلال 6 اشهر (66,000 golden residences in Dubai in six months)","Al Khaleej (newspaper, Sharjah)",,media,ARE,2026-07-15,2026-10-02,https://www.alkhaleej.ae/2026-07-15/%D8%A7%D9%84%D8%A5%D9%85%D8%A7%D8%B1%D8%A7%D8%AA/%D8%A3%D8%AE%D8%A8%D8%A7%D8%B1-%D8%A7%D9%84%D8%AF%D8%A7%D8%B1/%D8%A3%D9%83%D8%AB%D8%B1-%D9%85%D9%86-%D9%85%D9%84%D9%8A%D9%88%D9%86-%D9%85%D8%B9%D8%A7%D9%85%D9%84%D8%A9-%D8%A5%D9%82%D8%A7%D9%85%D8%A9-%D9%81%D9%8A-%D8%AF%D8%A8%D9%8A-%D8%AE%D9%84%D8%A7%D9%84-%D8%A7%D9%84%D9%86%D8%B5%D9%81-%D8%A7%D9%84%D8%A3%D9%88%D9%84,https://web.archive.org/web/20260725010708/https://www.alkhaleej.ae/2026-07-15/%D8%A7%D9%84%D8%A5%D9%85%D8%A7%D8%B1%D8%A7%D8%AA/%D8%A3%D8%AE%D8%A8%D8%A7%D8%B1-%D8%A7%D9%84%D8%AF%D8%A7%D8%B1/%D8%A3%D9%83%D8%AB%D8%B1-%D9%85%D9%86-%D9%85%D9%84%D9%8A%D9%88%D9%86-%D9%85%D8%B9%D8%A7%D9%85%D9%84%D8%A9-%D8%A5%D9%82%D8%A7%D9%85%D8%A9-%D9%81%D9%8A-%D8%AF%D8%A8%D9%8A-%D8%AE%D9%84%D8%A7%D9%84-%D8%A7%D9%84%D9%86%D8%B5%D9%81-%D8%A7%D9%84%D8%A3%D9%88%D9%84,,,"GDRFA Dubai half-year results H1 2026: 66,000 golden residences, about 910,000 new residences.","Newspaper report of GDRFA Dubai figures; also reported by Emarat Al Youm (15 Jul 2026). Industry sites give 66,078; not verified."
are-cabinet-res-56-2018,"قرار مجلس الوزراء رقم (56) لسنة 2018 في شأن تنظيم تصاريح الإقامة للمستثمرين ورواد الأعمال وأصحاب المواهب التخصصية (Cabinet Resolution No. 56 of 2018 regulating residence permits for investors, entrepreneurs and specialised talents)",UAE Cabinet; published on the UAE Legislation Platform (uaelegislation.gov.ae),,legislation,ARE,2018-12-04,2026-10-02,https://uaelegislation.gov.ae/ar/legislations/1212,,raw/are-cabinet-res-56-2018.pdf,04823f3d7c15939451a9f867f4d093914a2bc89f9521247fed0545257ad072bf,"Original legal basis of the golden visa. Art. 4: investor routes (AED 10 million in an investment fund deposit, company capital or mixed investments, 10-year permit; AED 5 million real estate, 5-year permit); art. 12: in force 3 Feb 2019. Issued 4 Dec 2018, Official Gazette No. 643 of 16 Dec 2018.","Arabic original, 8 pages; text layer uses Arabic presentation forms (normalise with NFKC before searching). Platform metadata: issued 04 Dec 2018, in force 03 Feb 2019, gazette 643 (16 Dec 2018). One amendment, 15 Apr 2020 (arts 1 and 8 only, talent categories). Replaced by Cabinet Resolution No. 8 of 2021, which we could not find online; that resolution was in turn repealed by Cabinet Resolution No. 65 of 2022 (art. 79). Quotes are copied from the platform's HTML text of this resolution (https://uaelegislation.gov.ae/ar/legislations/1212, read 2026-10-02), which has the same wording; the PDF text layer drops some glyphs and reverses brackets, so automatic quote matching against the PDF will fail. Page numbers refer to the PDF."
are-cabinet-res-56-2018-modifications,تعديلات التشريع: قرار مجلس الوزراء بشأن تعديل بعض أحكام قرار مجلس الوزراء في شأن تنظيم تصاريح الإقامة للمستثمرين ورواد الأعمال وأصحاب المواهب التخصصية (amendment of 15 April 2020),UAE Legislation Platform (uaelegislation.gov.ae),,legislation,ARE,2020-04-15,2026-10-02,https://uaelegislation.gov.ae/ar/legislations/1212/modifications,,raw/are-cabinet-res-56-2018-modifications.html,cb508b893171c783ae16d2a6251a3100a9d488907083daf6d6bbd935f92d9f8d,"Shows the single amendment to Res. 56/2018 (15 Apr 2020): new wording of art. 1 (definition of special talent, adding sports) and art. 8 (adding athletes). Investor thresholds in art. 4 unchanged.",download blocked (Cloudflare challenge refuses scripted downloads from uaelegislation.gov.ae); text read in a browser on 2026-10-02. The amending resolution number is not shown on the page. Stored copy downloaded through a web browser on 2026-10-02.
are-cabinet-res-65-2022,قرار مجلس الوزراء رقم (65) لسنة 2022 بإصدار اللائحة التنفيذية للمرسوم بقانون اتحادي رقم (29) لسنة 2021 في شأن دخول وإقامة الأجانب (Cabinet Resolution No. 65 of 2022 issuing the Executive Regulation of the Entry and Residence of Foreigners Decree-Law),UAE Cabinet; UAE Legislation Platform,,legislation,ARE,2022-07-12,2026-10-02,https://uaelegislation.gov.ae/ar/legislations/1601,,raw/are-cabinet-res-65-2022.pdf,0b3c467e037d4370e07952d3e44c85ddb02c270f7ae3978663971f402b96db0e,"Executive regulation in force 3 Oct 2022 (gazette 731, 15 Jul 2022). Art. 77: golden residence governed by an annex; art. 79(2) repeals Cabinet Resolution No. 8 of 2021 on golden residence permits; art. 53: separate non-golden residence for property owners; art. 41: 5-year green residence for investors/partners. Six amendments, latest 3 Jun 2026.","download blocked (Cloudflare; PDF at /ar/legislations/1601/download could only be viewed, not saved). Main text read in a browser (Arabic and English versions). The annex with the golden-residence thresholds (regulations/653) is a separate PDF that we could not save or read; see leads. Stored copy downloaded through a web browser on 2026-10-02."
are-decree-law-29-2021,مرسوم بقانون اتحادي رقم (29) لسنة 2021 في شأن دخول وإقامة الأجانب (Federal Decree-Law No. 29 of 2021 on the Entry and Residence of Foreigners),UAE President; UAE Legislation Platform,,legislation,ARE,2021-09-16,2026-10-02,https://uaelegislation.gov.ae/ar/legislations/1528,,raw/are-decree-law-29-2021.pdf,7dccc818f78085c4c2d18837aba78483c94b6055939bd2079746e5e22f293bc1,"Framework law replacing Federal Law No. 6 of 1973; issued 16 Sep 2021, gazette 712 (supplement) of 26 Sep 2021, in force 26 Oct 2021. Used here only for dates.",download blocked (Cloudflare). Only the metadata panel was read. Stored copy downloaded through a web browser on 2026-10-02.
are-dld-golden-visa-investor-service,Request for Golden Visa (Investor),Dubai Land Department,,government,ARE,,2026-10-02,https://dubailand.gov.ae/en/eservices/request-for-golden-visa-investor/,,raw/are-dld-golden-visa-investor-service.html,6f7115894d0bb35e21af4c4a8538e4dff7077d5b38502952af7c2c11e3905f96,"Real-estate route in Dubai: property bought for AED 2 million or more; mortgaged property allowed if AED 2 million paid; itemised fees totalling AED 9,884.75.",Service page with no date; as displayed on 2026-10-02.
are-gdrfad-golden-investor-service,Issuing a golden residence permit (investors),General Directorate of Residency and Foreigners Affairs - Dubai (GDRFA Dubai),,government,ARE,,2026-10-02,https://www.gdrfad.gov.ae/en/services/8ea80da4-f43e-11eb-0320-0050569629e8,,raw/are-gdrfad-golden-investor-service.html,455e858d41c127544e07b7d34d131dadfc335203e99af6c5a164d8e06b59df1c,"Current investor routes and fees in Dubai: AED 2 million in property, bank deposit or company share; or AED 250,000 a year in taxes; 10-year permit; residence permit fee AED 1,100.",Service page with no publication date; terms are as displayed on 2026-10-02.
are-gdrfad-news-2022-results,"About 80,000 Golden Residency were issued",General Directorate of Residency and Foreigners Affairs - Dubai (GDRFA Dubai),,government,ARE,2023-01-11,2026-10-02,https://www.gdrfad.gov.ae/en/node/13023,,raw/are-gdrfad-news-2022-results.html,bcfd2963fa579d3544a2b9855ec6434f93fa3ff83be5a8dc12a4da3c539fe768,GDRFA Dubai 2022 results: golden visas issued in all categories 2022 and 2021.,Official news page. Dubai only; all categories.
are-gdrfad-news-golden-2019-2022,"GDRFA Dubai issues more than 152,000 golden visas, 16m transactions handled between 2019 & 2022",General Directorate of Residency and Foreigners Affairs - Dubai (GDRFA Dubai),,government,ARE,2022-11-16,2026-10-02,https://www.gdrfad.gov.ae/en/node/12931,,raw/are-gdrfad-news-golden-2019-2022.html,5aa3078f202d124d9e4783ea93c7481ad23dea8596f0a335034d6e7ce39c8dc1,"Cumulative golden visas issued by GDRFA Dubai 2019-2022, from its annual inspection report 2022.","Official news page of the Dubai residency directorate. Covers Dubai only, all golden-visa categories (not just investors)."
are-uae-portal-golden-visa,Golden visa,"The Official Portal of the UAE Government (u.ae), TDRA",,government,ARE,2026-07-28,2026-10-02,https://u.ae/en/information-and-services/visa-and-emirates-id/Types-of-visas/golden-visa,,raw/are-uae-portal-golden-visa.html,021105d3bbe8987d2693cce65044842dcbdf6ea78030f3ba9a4cdeb927c86ce1,"Summary table of golden-visa categories; investors: minimum capital AED 2 million, or tax contribution of AED 250,000 a year.","Page ""Updated On: 28 Jul 2026"". Its table still lists ""5 years (real estate investments)"", which contradicts the 10-year real-estate permit on the GDRFA, DLD and ADRO pages and in the 2022 Cabinet summary; treat the duration column with caution."
are-wam-cabinet-long-term-visa-2018,UAE Cabinet approves new long-term visa for international investors and professional talents... and 100% investors’ ownership by year end,Emirates News Agency (WAM),,government,ARE,2018-05-20,2026-10-02,https://www.wam.ae/en/article/hszr726j-uae-cabinet-approves-new-long-term-visa-for,,raw/are-wam-cabinet-long-term-visa-2018.json,93bf45de9b07615a8176c679bf449f7feeb1244109222ffebc78d7e1dde15048,Cabinet decision announcing visas of up to 10 years for investors and talents.,Emirates News Agency (WAM) is the UAE state news agency; its articles carry official announcements. Saved as the JSON returned by WAM's own article API (the web page is a JavaScript app with no text in its HTML).
are-wam-citizenship-amendments-2021,"UAE grants citizenship and passport to investors, professionals, special talents",Emirates News Agency (WAM),,government,ARE,2021-01-30,2026-10-02,https://www.wam.ae/en/article/hszrboc2-uae-grants-citizenship-and-passport-investors,,raw/are-wam-citizenship-amendments-2021.json,294d44a689faa95353970ef719778d9c57e7470f0c59d5b9326e9031334a9df8,"Cabinet amendments to the Executive Regulation of the Federal Law on Nationality and Passports: citizenship by nomination for investors, doctors, scientists, inventors, artists; investors must own property in the UAE; dual nationality allowed; revocable.",Emirates News Agency (WAM) is the UAE state news agency; its articles carry official announcements. Saved as the JSON returned by WAM's own article API (the web page is a JavaScript app with no text in its HTML). The amended executive regulation itself was not found on the legislation platform.
are-wam-dld-20-investors-2019,DLD grants five-year Golden Visa to 20 investors,Emirates News Agency (WAM),,government,ARE,2019-07-11,2026-10-02,https://www.wam.ae/en/article/hszr8ugp-dld-grants-five-year-golden-visa-investors,,raw/are-wam-dld-20-investors-2019.json,58af89ff0c7ae451647fc5c7bd726a1c830ac52f490023fd49c89d7833a838bb,"Dubai Land Department ceremony: 20 real-estate investors from 12 nationalities, direct property investment over AED 200 million; AED 5 million threshold per investor.",Emirates News Agency (WAM) is the UAE state news agency; its articles carry official announcements. Saved as the JSON returned by WAM's own article API (the web page is a JavaScript app with no text in its HTML).
are-wam-exec-regs-2022,UAE Cabinet approves Executive Regulations of Federal Decree-Law on Entry and Residence of Foreigners,Emirates News Agency (WAM),,government,ARE,2022-04-18,2026-10-02,https://www.wam.ae/en/article/hszrek93-uae-cabinet-approves-executive-regulations-federal,,raw/are-wam-exec-regs-2022.json,d356154f2d9967d34e2dcd71d2f22964f87484ab9b7a8154c38bedc7d84553ee,Summary of the 2022 reform: 10-year golden residence; real-estate route AED 2 million (including mortgaged and off-plan property); green 5-year residence for investors/partners.,Emirates News Agency (WAM) is the UAE state news agency; its articles carry official announcements. Saved as the JSON returned by WAM's own article API (the web page is a JavaScript app with no text in its HTML).
are-wam-gdrfa-400-golden-2019,GDRFA: 400 Gold Card UAE visas issued so far,Emirates News Agency (WAM),,government,ARE,2019-06-26,2026-10-02,https://www.wam.ae/en/article/hszr8ry4-gdrfa-400-gold-card-uae-visas-issued-far,,raw/are-wam-gdrfa-400-golden-2019.json,c5b7186f4b1a3f20f28b455cc2990b3ed39d069f2afa37d4d714d221b5e25105,"Dubai GDRFA director-general at a press conference (25 Jun 2019): 400 golden visas issued in the UAE so far, target 6,800 by end-2019.",Emirates News Agency (WAM) is the UAE state news agency; its articles carry official announcements. Saved as the JSON returned by WAM's own article API (the web page is a JavaScript app with no text in its HTML). This article itself relays a Gulf News report of the press conference.
are-wam-gdrfa-golden-2022,"UAE golden visas issued in all categories increased to 79,617 in 2022: GDRFA",Emirates News Agency (WAM),,government,ARE,2023-01-11,2026-10-02,https://www.wam.ae/en/article/hszrg89a-uae-golden-visas-issued-all-categories-increased,,raw/are-wam-gdrfa-golden-2022.json,27fcb1e4e129e3c8f288a815cf3c61aa4741b6ffb9ad7e39c4fb8dd3e4579536,Dubai GDRFA annual figures: golden visas issued 2022 and 2021.,"Emirates News Agency (WAM) is the UAE state news agency; its articles carry official announcements. Saved as the JSON returned by WAM's own article API (the web page is a JavaScript app with no text in its HTML). The headline says ""UAE"" but the figures are from the Dubai directorate (GDRFA Dubai) and appear to cover Dubai only."
are-wam-golden-card-launch-2019,‘Golden Card’: Permanent residency system for UAE’s expats launches,Emirates News Agency (WAM),,government,ARE,2019-05-21,2026-10-02,https://www.wam.ae/en/article/hszr8n04-golden-card-permanent-residency-system-for-uaes,,raw/are-wam-golden-card-launch-2019.json,3779dc63e8feb0ed656ca73cccabe1ec5e0407faf7f83779a7e80931668222f8,"Launch by Sheikh Mohammed bin Rashid; first 6,800 eligible residents from over 70 countries, with investments estimated at AED 100 billion.",Emirates News Agency (WAM) is the UAE state news agency; its articles carry official announcements. Saved as the JSON returned by WAM's own article API (the web page is a JavaScript app with no text in its HTML).
are-wam-ica-first-golden-2019,ICA issues first UAE Permanent Residency 'Golden Card' in Abu Dhabi,Emirates News Agency (WAM),,government,ARE,2019-06-03,2026-10-02,https://www.wam.ae/en/article/hszr8ovj-ica-issues-first-uae-permanent-residency-golden,,raw/are-wam-ica-first-golden-2019.json,a61d9f37598837ab361b50b3f5df17906179262d6a8304d738d216f284d1a068,"First golden residence permit in Abu Dhabi under Res. 56/2018; ICA statement on 6,800 eligible investors and AED 100 billion.",Emirates News Agency (WAM) is the UAE state news agency; its articles carry official announcements. Saved as the JSON returned by WAM's own article API (the web page is a JavaScript app with no text in its HTML).
arg-bora-dec-285-2026,"Decreto 285/2026 (DECTO-2026-285-APN-PTE) - Agencia de Programas de Ciudadanía por Inversión, Boletín Oficial, 28/04/2026",Poder Ejecutivo Nacional (Argentina),,legislation,ARG,2026-04-28,2026-10-02,https://www.boletinoficial.gob.ar/detalleAviso/primera/341227/20260428,,raw/arg-bora-dec-285-2026.html,e8b1c8169e2da22435645ad9fa375878278d543086bd550928540be59d0b24d1,"Appoints the Agency's first Executive Director, ad honorem, from 22 April 2026.",
arg-bora-dec-524-2025,"Decreto 524/2025 (DECTO-2025-524-APN-PTE), Boletín Oficial, 31/07/2025",Poder Ejecutivo Nacional (Argentina),,legislation,ARG,2025-07-31,2026-10-02,https://www.boletinoficial.gob.ar/detalleAviso/primera/329061/20250731,,raw/arg-bora-dec-524-2025.html,25a9afcb84ca405707f36ab8e7454b055ad2b863c87dd77c74f198701171e82a,"Procedure for citizenship-by-investment applications: Agency assesses relevance, security vetting, recommendation to the National Migration Directorate.",
arg-bora-dnu-366-2025,"Decreto 366/2025 (DNU-2025-366-APN-PTE), Boletín Oficial de la República Argentina, 29/05/2025",Poder Ejecutivo Nacional (Argentina),,legislation,ARG,2025-05-29,2026-10-02,https://www.boletinoficial.gob.ar/detalleAviso/primera/326096/20250529,,raw/arg-bora-dnu-366-2025.html,ab40771ca2ae252434a702f5f6958d3892c567ef6274b49fb4fa19f4def8d0b8,"Decree of necessity and urgency amending the Migration Law and Citizenship Law 346: naturalisation for a ""relevant investment"" regardless of residence; creates the Agencia de Programas de Ciudadanía por Inversión.","Dated 28/05/2025, published 29/05/2025. A DNU has force of law unless rejected by both chambers of Congress; its parliamentary status was not checked."
arg-bora-ley-27802-2026,"Ley 27802 - Ley de Modernización Laboral, Boletín Oficial, 06/03/2026",Congreso de la Nación Argentina,,legislation,ARG,2026-03-06,2026-10-02,https://www.boletinoficial.gob.ar/detalleAviso/primera/339128/20260306,,raw/arg-bora-ley-27802-2026.html,d443e4736f65073335cc5b64e5f7e2e9da2dc512ecc163324bb3b22a627adbba,Art. 194 amends the Income Tax Law: people naturalised for a relevant investment are not tax residents merely because of that naturalisation.,Only art. 194 is relevant.
atg-antiguanews-2026-04,"Browne Defends CIP, Says Programme Generated Over $1.4 Billion for Antigua and Barbuda",Antigua.news,Shermain Bique-Charles,media,ATG,2026-04-20,2026-09-28,https://antigua.news/2026/04/20/browne-defends-cip-says-programme-generated-over-1-4-billion-for-antigua-and-barbuda/,https://web.archive.org/web/20260928132529/https://antigua.news/2026/04/20/browne-defends-cip-says-programme-generated-over-1-4-billion-for-antigua-and-barbuda,,,PM's cumulative revenue claim,Read via a fetch tool; not stored (media).
atg-cbi-act-2013,"Antigua and Barbuda Citizenship by Investment Act, 2013 (No. 2 of 2013), with the Citizenship by Investment Regulations, 2013 in the Schedule",Government of Antigua and Barbuda (Official Gazette),,legislation,ATG,2013-04-11,2026-09-28,https://laws.gov.ag/wp-content/uploads/2019/04/Antigua-and-Barbuda-Citizenship-By-Investment-Act-2013.pdf,,raw/atg-cbi-act-2013.pdf,80211c5047604334c5cc54c807cc7f81898378bbc0be3234c1a6b3ca10ac6523,"Original Act and Regulations: investment thresholds (NDF, real estate, business), fee schedule","PDF is printed as two-page spreads, so each PDF page holds two printed pages. Amounts are printed with '$' only; Antigua and Barbuda legislation uses EC dollars unless it says 'United States currency' (the 2024 amendment does). Passed by the House 1 Feb 2013 and Senate 19 Mar 2013; Gazette dated 11 Apr 2013."
atg-cbi-regs-2013,"Antigua and Barbuda Citizenship by Investment (Amendment) Regulations, 2013 (S.I. 2013 No. 24)",Government of Antigua and Barbuda (Official Gazette),,legislation,ATG,2013-08-29,2026-09-28,https://cip.gov.ag/wp-content/uploads/Antigua-and-Barbuda-Citizenship-by-Investment-Amendment-Regulations-2013.pdf,,raw/atg-cbi-regs-2013.pdf,de1db5cbac240adc882ff35fbee597305c60a1c445962a828897272847cf5c4a,NDF contribution for a family of up to four; agents; limited time offer,Scanned document with no text layer; text was obtained by OCR (tesseract) and every number used here was checked visually against the page image.
atg-cbi-regs-2017,"Antigua and Barbuda Citizenship by Investment (Amendment) Regulations, 2017 (S.I. 2017 No. 76)",Government of Antigua and Barbuda (Official Gazette),,legislation,ATG,2019-02-14,2026-09-28,https://cip.gov.ag/wp-content/uploads/2024/08/Antigua-and-Barbuda-Citizenship-by-Investment-Amendment-Regulations-2017-No.-76.pdf,,raw/atg-cbi-regs-2017.pdf,fe955bcf5b4ebe6644f4699d6033c4a43e906c2753aebc32c1285015a043cb82,Temporary NDF reduction 1 Nov 2017 - 31 Oct 2018; dependant age raised to 29,Scanned document with no text layer; text was obtained by OCR (tesseract) and every number used here was checked visually against the page image. Made 29 Nov 2017; the Gazette stamp reads 14 Feb 2019 (late publication).
atg-cbi-regs-2018,"Antigua and Barbuda Citizenship by Investment (Amendment) Regulations, 2018 (S.I. 2018 No. 16)",Government of Antigua and Barbuda (Official Gazette),,legislation,ATG,2018-08-02,2026-09-28,https://cip.gov.ag/wp-content/uploads/2024/08/Antigua-and-Barbuda-Citizenship-by-Investment-Amendment-Regulations-2018-No.-16.pdf,,raw/atg-cbi-regs-2018.pdf,8a186a1ff9cc5df08a5b334bdd109868985583f0a3bf928cd8f3049cf0b7e977,Creates the higher-education (later 'UWI Fund') investment route,Scanned document with no text layer; text was obtained by OCR (tesseract) and every number used here was checked visually against the page image.
atg-cbi-regs-2019,"Antigua and Barbuda Citizenship by Investment (Amendment) Regulations, 2019 (S.I. 2019 No. 10)",Government of Antigua and Barbuda (Official Gazette),,legislation,ATG,2019-03-21,2026-09-28,https://cip.gov.ag/wp-content/uploads/2024/08/Antigua-and-Barbuda-Citizenship-by-Investment-Amendment-Regulations-2019-No.-10.pdf,,raw/atg-cbi-regs-2019.pdf,14529af7d4fe3a6d8bc9b75274d99c8ba7d1830a90a27fe6c5326d6db18facf1,"Foreign bank accounts, payment in any currency, marketing review, co-investment limited time offer to 31 Oct 2019",Scanned document with no text layer; text was obtained by OCR (tesseract) and every number used here was checked visually against the page image.
atg-cbi-regs-2020b,Antigua and Barbuda Citizenship by Investment (Amendment) (No. 2) Regulations 2020 (S.I. 2020 No. 85),Government of Antigua and Barbuda (Official Gazette),,legislation,ATG,2020-12-22,2026-09-28,https://cip.gov.ag/wp-content/uploads/2024/08/Antigua-and-Barbuda-Citizenship-by-Investment-Amendment-No.-2-Regulations-2020-No.-85.pdf,,raw/atg-cbi-regs-2020b.pdf,207a89a3894c9bb34d064ec784dbda5921b67b19cacd6ac05c0823717ddd1014,Oath of allegiance by video link,Scanned document with no text layer; text was obtained by OCR (tesseract) and every number used here was checked visually against the page image.
atg-cbi-regs-2024,Antigua and Barbuda Citizenship by Investment (Amendment) Regulations 2024 (S.I. 2024 No. 50),Government of Antigua and Barbuda,,legislation,ATG,2024-07-25,2026-09-28,https://cip.gov.ag/wp-content/uploads/2024/08/Antigua-and-Barbuda-Citizenship-By-Investment-Amendment-Regulations-2024.pdf,,raw/atg-cbi-regs-2024.pdf,3ac8530121385cfc1f56935c0d1d56fbbfecfd850ae89fd2f8922f8db99f0088,"New thresholds in US$ (NDF, real estate, higher education/UWI), end of limited time offers on 31 Jul 2024, new fee schedule","Scanned document with no text layer; text was obtained by OCR (tesseract) and every number used here was checked visually against the page image. OCR misread 'US$300,000.00' as 'US$360,000.00' on p. 6; the page image clearly shows US$300,000.00. Made 25 July 2024, passed by House resolution 18 July 2024."
atg-ciu-6m-2014,Antigua and Barbuda Citizenship by Investment Unit CIP 6-Month Report Summary 2014,"Citizenship by Investment Unit (CIU), Government of Antigua and Barbuda",,government,ATG,2016-11,2026-09-28,https://cip.gov.ag/wp-content/uploads/CIP-6-Month-Report-Summary-2014.pdf,,raw/atg-ciu-6m-2014.pdf,75a67236e58509b9216b75b5485c2e2805e5ad1b702297a30b99c4b39383a2a2,"Two-page summary: applications by country (counts and %), no dates or totals printed","Six-monthly report from the CIU CEO to the Prime Minister/Minister of Finance, published on cip.gov.ag (category 'Reports'). Contents: applications received by country of birth and by investment category (period and inception-to-date), NDF contributions list, passports issued by year (pie chart), and operating-account disbursements approved by Cabinet. The reports do NOT give approvals or denials. Published date is the date on the cover letter."
atg-ciu-6m-2015h2,"Antigua and Barbuda Citizenship by Investment Unit Six-Monthly Report, 1 June to 17 December 2015","Citizenship by Investment Unit (CIU), Government of Antigua and Barbuda",,government,ATG,2016-03-03,2026-09-28,https://cip.gov.ag/wp-content/uploads/6-Month-Report-December-2015.pdf,,raw/atg-ciu-6m-2015h2.pdf,816bff6d2c174b1d90ac0b16d611b3a317018e5f6787831fccd02cf73ff9fc9b,"Applications by country and investment category (1 Jun-17 Dec 2015 and inception), passports issued by investment category, CIU operating-account revenue 2013-2015 (EC$), disbursements","Six-monthly report from the CIU CEO to the Prime Minister/Minister of Finance, published on cip.gov.ag (category 'Reports'). Contents: applications received by country of birth and by investment category (period and inception-to-date), NDF contributions list, passports issued by year (pie chart), and operating-account disbursements approved by Cabinet. The reports do NOT give approvals or denials. Scanned document with no text layer; text was obtained by OCR (tesseract) and every number used here was checked visually against the page image. Published date is the date on the cover letter."
atg-ciu-6m-2016h1,"Antigua and Barbuda Citizenship by Investment Unit Six-Monthly Report, 1 January to 15 June 2016","Citizenship by Investment Unit (CIU), Government of Antigua and Barbuda",,government,ATG,2016-06-16,2026-09-28,https://cip.gov.ag/wp-content/uploads/CIP-6-month-report-1st-January-15th-June-2016.pdf,,raw/atg-ciu-6m-2016h1.pdf,a39117d5c0c6829f0d795b56f084ad457ff6875be8f6f13dc2fda386522351ba,"Applications by country and investment category (1 Jan-15 Jun 2016), operating-account revenue and disbursements Jan-Jun 2016","Six-monthly report from the CIU CEO to the Prime Minister/Minister of Finance, published on cip.gov.ag (category 'Reports'). Contents: applications received by country of birth and by investment category (period and inception-to-date), NDF contributions list, passports issued by year (pie chart), and operating-account disbursements approved by Cabinet. The reports do NOT give approvals or denials. Published date is the date on the cover letter."
atg-ciu-6m-2016h2,"Antigua and Barbuda Citizenship by Investment Unit Six-Monthly Report, 16 June to 31 December 2016","Citizenship by Investment Unit (CIU), Government of Antigua and Barbuda",,government,ATG,2017-01-13,2026-09-28,https://cip.gov.ag/wp-content/uploads/Six-month-report-16th-June-31st-December-2016.pdf,,raw/atg-ciu-6m-2016h2.pdf,e21bcf763c737058a0df8290c41c52a4db881653a471482cabdb2f91e091581c,"Applications by country/category (period and inception), NDF contributions list, passports by year 2014-2016, operating-account revenue by year 2013-2016 (EC$), NDF transfers, inflows/outflows 2016, PV Energy escrow payments","Six-monthly report from the CIU CEO to the Prime Minister/Minister of Finance, published on cip.gov.ag (category 'Reports'). Contents: applications received by country of birth and by investment category (period and inception-to-date), NDF contributions list, passports issued by year (pie chart), and operating-account disbursements approved by Cabinet. The reports do NOT give approvals or denials. Published date is the date on the cover letter."
atg-ciu-6m-2017h1,"Antigua and Barbuda Citizenship by Investment Unit Six-Monthly Report, 1 January to 30 June 2017","Citizenship by Investment Unit (CIU), Government of Antigua and Barbuda",,government,ATG,2017-07-10,2026-09-28,https://cip.gov.ag/wp-content/uploads/6monthly.pdf,,raw/atg-ciu-6m-2017h1.pdf,5d26a7b24cd8877210d488073d2a8eebf492b05cc9b41349366d4ccb18f73387,"Applications by country/category, NDF contributions list with total, passports by year, disbursements","Six-monthly report from the CIU CEO to the Prime Minister/Minister of Finance, published on cip.gov.ag (category 'Reports'). Contents: applications received by country of birth and by investment category (period and inception-to-date), NDF contributions list, passports issued by year (pie chart), and operating-account disbursements approved by Cabinet. The reports do NOT give approvals or denials. Scanned document with no text layer; text was obtained by OCR (tesseract) and every number used here was checked visually against the page image. Published date is the date on the cover letter."
atg-ciu-6m-2017h2,"Antigua and Barbuda Citizenship by Investment Unit Six-Monthly Report, 1 July to 31 December 2017","Citizenship by Investment Unit (CIU), Government of Antigua and Barbuda",,government,ATG,2018-01-05,2026-09-28,https://cip.gov.ag/wp-content/uploads/Citizenship-by-Investment-six-month-report-1st-July-31st-December-2017_comp.pdf,,raw/atg-ciu-6m-2017h2.pdf,51f2fddde6be2a6a8d08aa8c5040f91695cf224c977bd6f4cd57eb2601ea103e,"Applications by country/category, NDF contributions (shows the halved NDF from Nov 2017), passports by year chart titled 'Inception to 30th June 2017', disbursements","Six-monthly report from the CIU CEO to the Prime Minister/Minister of Finance, published on cip.gov.ag (category 'Reports'). Contents: applications received by country of birth and by investment category (period and inception-to-date), NDF contributions list, passports issued by year (pie chart), and operating-account disbursements approved by Cabinet. The reports do NOT give approvals or denials. Published date is the date on the cover letter."
atg-ciu-6m-2018h1,"Antigua and Barbuda Citizenship by Investment Unit Six-Monthly Report, 1 January to 30 June 2018","Citizenship by Investment Unit (CIU), Government of Antigua and Barbuda",,government,ATG,2018-07-12,2026-09-28,https://cip.gov.ag/wp-content/uploads/Citizenship-by-Investment-Six-Month-report-1st-January-30th-June-2018.pdf,,raw/atg-ciu-6m-2018h1.pdf,8c98f78b7dea800e1beead4a2364437c1c39337e9f1b047bd086b107dde05d1d,"Applications by country/category, NDF contributions, disbursements","Six-monthly report from the CIU CEO to the Prime Minister/Minister of Finance, published on cip.gov.ag (category 'Reports'). Contents: applications received by country of birth and by investment category (period and inception-to-date), NDF contributions list, passports issued by year (pie chart), and operating-account disbursements approved by Cabinet. The reports do NOT give approvals or denials. Published date is the date on the cover letter."
atg-ciu-6m-2018h2,"Antigua and Barbuda Citizenship by Investment Unit Six-Monthly Report, 1 July to 31 December 2018","Citizenship by Investment Unit (CIU), Government of Antigua and Barbuda",,government,ATG,2019-01-15,2026-09-28,https://cip.gov.ag/wp-content/uploads/2023/07/Citizenship-by-Investment-Six-Month-report-1st-July-31st-December-2018.pdf,,raw/atg-ciu-6m-2018h2.pdf,7349b519b1e1672bb7ed9fb7b2e0466c2e8e5bdd4c09751f49975193e20179c5,"Applications by country/category, NDF contributions, passports, disbursements","Six-monthly report from the CIU CEO to the Prime Minister/Minister of Finance, published on cip.gov.ag (category 'Reports'). Contents: applications received by country of birth and by investment category (period and inception-to-date), NDF contributions list, passports issued by year (pie chart), and operating-account disbursements approved by Cabinet. The reports do NOT give approvals or denials. Scanned document with no text layer; text was obtained by OCR (tesseract) and every number used here was checked visually against the page image. Published date is the date on the cover letter."
atg-ciu-6m-2019h1,"Antigua and Barbuda Citizenship by Investment Unit Six-Monthly Report, 1 January to 30 June 2019","Citizenship by Investment Unit (CIU), Government of Antigua and Barbuda",,government,ATG,2019-07-22,2026-09-28,https://cip.gov.ag/wp-content/uploads/2023/07/Citizenship-by-Investment-Six-Month-report-1st-January-30th-June-2019.pdf,,raw/atg-ciu-6m-2019h1.pdf,86e13fc856925f77ccb050e46b8db639e27bfa7d33a3150e6e0bd6544c68c12e,"Applications by country/category, NDF contributions, passports by year, disbursements","Six-monthly report from the CIU CEO to the Prime Minister/Minister of Finance, published on cip.gov.ag (category 'Reports'). Contents: applications received by country of birth and by investment category (period and inception-to-date), NDF contributions list, passports issued by year (pie chart), and operating-account disbursements approved by Cabinet. The reports do NOT give approvals or denials. Scanned document with no text layer; text was obtained by OCR (tesseract) and every number used here was checked visually against the page image. Published date is the date on the cover letter."
atg-ciu-6m-2019h2,"Antigua and Barbuda Citizenship by Investment Unit Six-Monthly Report, 1 July to 31 December 2019","Citizenship by Investment Unit (CIU), Government of Antigua and Barbuda",,government,ATG,2020-01-17,2026-09-28,https://cip.gov.ag/wp-content/uploads/2023/07/Citizenship-by-Investment-Six-Month-report-1st-July-31st-December-2019.pdf,,raw/atg-ciu-6m-2019h2.pdf,6113246d525b676e011bc942fd0641fd0ba7dccf3ee85359bc45c7b98a17402e,"Applications by country/category, NDF contributions, passports by year 2014-2019, disbursements. Cover letter is misdated '17th January 2019'","Six-monthly report from the CIU CEO to the Prime Minister/Minister of Finance, published on cip.gov.ag (category 'Reports'). Contents: applications received by country of birth and by investment category (period and inception-to-date), NDF contributions list, passports issued by year (pie chart), and operating-account disbursements approved by Cabinet. The reports do NOT give approvals or denials. Scanned document with no text layer; text was obtained by OCR (tesseract) and every number used here was checked visually against the page image. Published date is the date on the cover letter."
atg-ciu-6m-2020h1,"Antigua and Barbuda Citizenship by Investment Unit Six-Monthly Report, 1 January to 30 June 2020","Citizenship by Investment Unit (CIU), Government of Antigua and Barbuda",,government,ATG,2020-07-13,2026-09-28,https://cip.gov.ag/wp-content/uploads/2023/07/Citizenship-by-Investment-Six-Month-report-1st-January-30th-June-2020.pdf,,raw/atg-ciu-6m-2020h1.pdf,0730973b069eda32214f517cf43bf3d34d3daa3d09f7a366ae1995446fe8590d,"Applications by country/category, NDF contributions, passports by year, disbursements","Six-monthly report from the CIU CEO to the Prime Minister/Minister of Finance, published on cip.gov.ag (category 'Reports'). Contents: applications received by country of birth and by investment category (period and inception-to-date), NDF contributions list, passports issued by year (pie chart), and operating-account disbursements approved by Cabinet. The reports do NOT give approvals or denials. Scanned document with no text layer; text was obtained by OCR (tesseract) and every number used here was checked visually against the page image. Published date is the date on the cover letter."
atg-ciu-6m-2020h2,"Antigua and Barbuda Citizenship by Investment Unit Six-Monthly Report, 1 July to 31 December 2020","Citizenship by Investment Unit (CIU), Government of Antigua and Barbuda",,government,ATG,2021-08-27,2026-09-28,https://cip.gov.ag/wp-content/uploads/2023/07/Citizenship-by-Investment-Six-Month-report-1st-July-31st-December-2020.pdf,,raw/atg-ciu-6m-2020h2.pdf,9965afab3d0cb6cf711865a51d4b1ddccffee4b09df3dd5970718221d0e7c213,"Applications by country/category (first appearance of UWI route), NDF contributions, passports, disbursements","Six-monthly report from the CIU CEO to the Prime Minister/Minister of Finance, published on cip.gov.ag (category 'Reports'). Contents: applications received by country of birth and by investment category (period and inception-to-date), NDF contributions list, passports issued by year (pie chart), and operating-account disbursements approved by Cabinet. The reports do NOT give approvals or denials. Scanned document with no text layer; text was obtained by OCR (tesseract) and every number used here was checked visually against the page image. Published date is the date on the cover letter."
atg-ciu-6m-2021h1,"Antigua and Barbuda Citizenship by Investment Unit Six-Monthly Report, 1 January to 30 June 2021","Citizenship by Investment Unit (CIU), Government of Antigua and Barbuda",,government,ATG,2021-08-30,2026-09-28,https://cip.gov.ag/wp-content/uploads/2023/07/Citizenship-by-Investment-Six-Month-report-1st-January-30th-June-2021.pdf,,raw/atg-ciu-6m-2021h1.pdf,b2657748f6d4413c564f332c43b42ef7859c54acff7b97307bc8f42b7ede73d6,"Applications by country/category, NDF contributions, passports, disbursements","Six-monthly report from the CIU CEO to the Prime Minister/Minister of Finance, published on cip.gov.ag (category 'Reports'). Contents: applications received by country of birth and by investment category (period and inception-to-date), NDF contributions list, passports issued by year (pie chart), and operating-account disbursements approved by Cabinet. The reports do NOT give approvals or denials. Scanned document with no text layer; text was obtained by OCR (tesseract) and every number used here was checked visually against the page image. Published date is the date on the cover letter."
atg-ciu-6m-2021h2,"Antigua and Barbuda Citizenship by Investment Unit Six-Monthly Report, 1 July to 31 December 2021","Citizenship by Investment Unit (CIU), Government of Antigua and Barbuda",,government,ATG,2022-02-07,2026-09-28,https://cip.gov.ag/wp-content/uploads/2023/07/Citizenship-by-Investment-Six-Month-report-1st-July-31st-December-2021.pdf,,raw/atg-ciu-6m-2021h2.pdf,9434a018c6770c8e3df2dff190f9b8724d1573a9956f90f328b009bc2932f372,"Applications by country/category, NDF contributions, passports, disbursements","Six-monthly report from the CIU CEO to the Prime Minister/Minister of Finance, published on cip.gov.ag (category 'Reports'). Contents: applications received by country of birth and by investment category (period and inception-to-date), NDF contributions list, passports issued by year (pie chart), and operating-account disbursements approved by Cabinet. The reports do NOT give approvals or denials. Scanned document with no text layer; text was obtained by OCR (tesseract) and every number used here was checked visually against the page image. Published date is the date on the cover letter."
atg-ciu-6m-2022h1,"Antigua and Barbuda Citizenship by Investment Unit Six-Monthly Report, 1 January to 30 June 2022","Citizenship by Investment Unit (CIU), Government of Antigua and Barbuda",,government,ATG,2022-08,2026-09-28,https://cip.gov.ag/wp-content/uploads/2022/08/Citizenship-by-Investment-Six-Month-report-1st-January-30th-June-2022.pdf,,raw/atg-ciu-6m-2022h1.pdf,3a2831a88a4c433725c397ab5449433bb17ed86c99e0d5d4599f8af045391c7c,"Applications by country/category, NDF contributions with total (appendix header mislabelled '1st July to 31st December 2021' but entries are Jan-Jun 2022), passports by year 2014-2022, disbursements","Six-monthly report from the CIU CEO to the Prime Minister/Minister of Finance, published on cip.gov.ag (category 'Reports'). Contents: applications received by country of birth and by investment category (period and inception-to-date), NDF contributions list, passports issued by year (pie chart), and operating-account disbursements approved by Cabinet. The reports do NOT give approvals or denials. Published date is the date on the cover letter."
atg-ciu-6m-2022h2,"Antigua and Barbuda Citizenship by Investment Unit Six-Monthly Report, 1 July to 31 December 2022","Citizenship by Investment Unit (CIU), Government of Antigua and Barbuda",,government,ATG,2023-02-22,2026-09-28,https://cip.gov.ag/wp-content/uploads/2023/07/Citizenship-by-Investment-Six-Month-report-1st-July-31st-December-2022.pdf,,raw/atg-ciu-6m-2022h2.pdf,c2315f7340c07ef625356eff034c1985dbb7be65429c08a3d56956990d73b2c8,"Applications by country/category, NDF contributions, passports, disbursements","Six-monthly report from the CIU CEO to the Prime Minister/Minister of Finance, published on cip.gov.ag (category 'Reports'). Contents: applications received by country of birth and by investment category (period and inception-to-date), NDF contributions list, passports issued by year (pie chart), and operating-account disbursements approved by Cabinet. The reports do NOT give approvals or denials. Scanned document with no text layer; text was obtained by OCR (tesseract) and every number used here was checked visually against the page image. Published date is the date on the cover letter."
atg-ciu-6m-2023h1,"Antigua and Barbuda Citizenship by Investment Unit Six-Monthly Report, 1 January to 30 June 2023","Citizenship by Investment Unit (CIU), Government of Antigua and Barbuda",,government,ATG,2023-08-10,2026-09-28,https://cip.gov.ag/wp-content/uploads/2024/10/Citizenship-by-Investment-Six-Monthly-Report-1st-January-to-30th-June-2023_Signed.pdf,,raw/atg-ciu-6m-2023h1.pdf,fb1c513e6db6ef6bf8dd80660b6cf1f368114cffe5ac63b6d4b6a558df4fc88b,"Applications by country/category, NDF contributions, passports, disbursements","Six-monthly report from the CIU CEO to the Prime Minister/Minister of Finance, published on cip.gov.ag (category 'Reports'). Contents: applications received by country of birth and by investment category (period and inception-to-date), NDF contributions list, passports issued by year (pie chart), and operating-account disbursements approved by Cabinet. The reports do NOT give approvals or denials. Scanned document with no text layer; text was obtained by OCR (tesseract) and every number used here was checked visually against the page image. Published date is the date on the cover letter."
atg-ciu-6m-2023h2,"Antigua and Barbuda Citizenship by Investment Unit Six-Monthly Report, 1 July to 31 December 2023","Citizenship by Investment Unit (CIU), Government of Antigua and Barbuda",,government,ATG,2024-03-19,2026-09-28,https://cip.gov.ag/wp-content/uploads/2024/10/Citizenship-by-Investment-Six-Month-report-1st-July-31st-December-2023_Signed.pdf,,raw/atg-ciu-6m-2023h2.pdf,96c0542d19e7df2ebb2187b6295deded7ae67407a5112ab01d7675421d9f8080,"Applications by country/category, NDF contributions, passports, disbursements","Six-monthly report from the CIU CEO to the Prime Minister/Minister of Finance, published on cip.gov.ag (category 'Reports'). Contents: applications received by country of birth and by investment category (period and inception-to-date), NDF contributions list, passports issued by year (pie chart), and operating-account disbursements approved by Cabinet. The reports do NOT give approvals or denials. Scanned document with no text layer; text was obtained by OCR (tesseract) and every number used here was checked visually against the page image. Published date is the date on the cover letter."
atg-ciu-6m-2024h1,"Antigua and Barbuda Citizenship by Investment Unit Six-Monthly Report, 1 January to 30 June 2024","Citizenship by Investment Unit (CIU), Government of Antigua and Barbuda",,government,ATG,2024-07-18,2026-09-28,https://cip.gov.ag/wp-content/uploads/2024/10/Citizenship-by-Investment-Six-Monthly-Report_1st-January-30th-June-2024_Signed.pdf,,raw/atg-ciu-6m-2024h1.pdf,8554e75f3c90e04366d91fe0b0dc4ff92714c6196126798211337ce962c30b4c,"Applications by country/category (period and inception to 30 Jun 2024), NDF contributions, passports issued by year 2014 to H1 2024, disbursements","Six-monthly report from the CIU CEO to the Prime Minister/Minister of Finance, published on cip.gov.ag (category 'Reports'). Contents: applications received by country of birth and by investment category (period and inception-to-date), NDF contributions list, passports issued by year (pie chart), and operating-account disbursements approved by Cabinet. The reports do NOT give approvals or denials. Scanned document with no text layer; text was obtained by OCR (tesseract) and every number used here was checked visually against the page image. Published date is the date on the cover letter."
atg-ciu-ndf-change-2017,CIU notice to Industry Partners: effective date of change to NDF (17 October 2017),"Citizenship by Investment Unit (CIU), Government of Antigua and Barbuda",,government,ATG,2017-10-17,2026-09-28,https://cip.gov.ag/wp-content/uploads/Industry-Partners-Effective-date-of-change-to-NDF.pdf,,raw/atg-ciu-ndf-change-2017.pdf,e754017af82c81a48d8da2515add03bd001cd1a7296b6cdfb25c14bd40cc8a5e,New NDF structure accepted from 1 Nov 2017,Scanned document with no text layer; text was obtained by OCR (tesseract) and every number used here was checked visually against the page image.
atg-ciu-ndf-notice-2017,CIU notice to Industry Partners: reduction to NDF (13 October 2017),"Citizenship by Investment Unit (CIU), Government of Antigua and Barbuda",,government,ATG,2017-10-13,2026-09-28,https://cip.gov.ag/wp-content/uploads/Industry-Partners-NDF.pdf,,raw/atg-ciu-ndf-notice-2017.pdf,4b96c1529b328c2d79ad7129790b2891e4e284a5207fdc81da4daaae2a8a571b,Announces 50% cut of NDF threshold,Scanned document with no text layer; text was obtained by OCR (tesseract) and every number used here was checked visually against the page image.
atg-ciu-web-business-investment,Antigua and Barbuda CIP: Business investment option (web page),"Citizenship by Investment Unit (CIU), Government of Antigua and Barbuda",,government,ATG,,2026-09-28,https://cip.gov.ag/investment-options/business-investment/,,raw/atg-ciu-web-business-investment.html,6f35dc2f3ac1b0a65e83008986988ce29f23c32f000ebd91f3822c95fa7ae908,Current business investment minimums,"Official CIU web page, saved as HTML on the access date (page is updated without version dates)."
atg-ciu-web-canada-2017,Guidelines for citizens of Antigua and Barbuda regarding travel to Canada,"Citizenship by Investment Unit (CIU), Government of Antigua and Barbuda",,government,ATG,2017-07-06,2026-09-28,https://cip.gov.ag/guidelines-for-citizens-of-antigua-and-barbuda-regarding-travel-to-canada/,,raw/atg-ciu-web-canada-2017.html,70976af516ceae1b9075a3a6f35685531b4f8ef29d405b4cef8ee2a5a476ff3a,Canada visa requirement from 27 June 2017,
atg-ciu-web-disparities-2017,CIU Clarifies Alleged Disparities in Six-Monthly Reports,"Citizenship by Investment Unit (CIU), Government of Antigua and Barbuda",,government,ATG,2017-07-04,2026-09-28,https://cip.gov.ag/ciu-clarifies-alleged-disparities-in-six-monthly-reports/,,raw/atg-ciu-web-disparities-2017.html,2a1f1c662b7ce3519f2f82b7d63bd132b83a4639bfc8e88deaaadec27b439dcc,CIU response to an Observer Media Group story about inconsistent passport and application counts in the 2015 reports,Explains that one application can cover several persons and passports are counted per person.
atg-ciu-web-iraq-2016,Citizenship Granted to Iraqi Nationals,"Citizenship by Investment Unit (CIU), Government of Antigua and Barbuda",,government,ATG,2016-04-12,2026-09-28,https://cip.gov.ag/citizenship-granted-to-iraqi-nationals/,,raw/atg-ciu-web-iraq-2016.html,94de758f38ceecd8174de07adb6f383c8be47c7d6123c1547919168dd18d5e4c,Cabinet restricted-country list of 11 Dec 2014,
atg-ciu-web-ndf,Antigua and Barbuda CIP: NDF investment option (web page),"Citizenship by Investment Unit (CIU), Government of Antigua and Barbuda",,government,ATG,,2026-09-28,https://cip.gov.ag/investment-options/ndf/,,raw/atg-ciu-web-ndf.html,b4c84f4cc319a8355e2fd86c26c86a3e95cfd2a479dd528be790680e55958e1b,Current NDF minimum contribution,"Official CIU web page, saved as HTML on the access date (page is updated without version dates)."
atg-ciu-web-real-estate,Antigua and Barbuda CIP: Real estate investment option (web page),"Citizenship by Investment Unit (CIU), Government of Antigua and Barbuda",,government,ATG,,2026-09-28,https://cip.gov.ag/investment-options/real-estate/,,raw/atg-ciu-web-real-estate.html,6414d05838a673d5140ff017dcfa8113026ba20b33f8b8ca4b4b15a38c95b91b,Current real estate minimum,"Official CIU web page, saved as HTML on the access date (page is updated without version dates)."
atg-ciu-web-sanders-2025-12,"Statement by Sir Ronald Sanders, Ambassador of Antigua and Barbuda to the United States (19 December 2025)",Government of Antigua and Barbuda (posted on cip.gov.ag),,government,ATG,2025-12-19,2026-09-28,https://cip.gov.ag/statement-by-sir-ronald-sanders/,,raw/atg-ciu-web-sanders-2025-12.html,937e857ff6a2304e1a12e90d355fffe24b3829ef9842471bf5de9ca18d89236d,US Proclamation of 16 Dec 2025 restricting entry; status of existing visas,
atg-ciu-web-schedule-of-fees,Antigua and Barbuda CIP: Schedule of Fees (web page),"Citizenship by Investment Unit (CIU), Government of Antigua and Barbuda",,government,ATG,,2026-09-28,https://cip.gov.ag/schedule-of-fees/,,raw/atg-ciu-web-schedule-of-fees.html,c001b43a2483c69bf087a2f36b5b341ae6fbad9086e2d39fa145519d7c5f6b38,Current processing and due diligence fees (US$),"Official CIU web page, saved as HTML on the access date (page is updated without version dates)."
atg-ciu-web-uwi-fund,Antigua and Barbuda CIP: University of the West Indies (UWI) Fund option (web page),"Citizenship by Investment Unit (CIU), Government of Antigua and Barbuda",,government,ATG,,2026-09-28,https://cip.gov.ag/investment-options/uwi-fund/,,raw/atg-ciu-web-uwi-fund.html,990bfcfb4f2df29a8ad079b56fa3a65087e2b8e5dfed604a9f41132a47dc0d87,Current UWI Fund contribution,"Official CIU web page, saved as HTML on the access date (page is updated without version dates)."
atg-ciu-web-visa-bond-2026-01,Statement on U.S. Visa Bonds and Travel to the United States (7 January 2026),Government of Antigua and Barbuda (posted on cip.gov.ag/news),,government,ATG,2026-01-07,2026-09-28,https://cip.gov.ag/news/,,raw/atg-ciu-web-visa-bond-2026-01.html,cf509a7117e7b13300a4db1007e04baff830e06ed6df9add139ce93898c190ce,Inclusion of Antigua and Barbuda in the US Visa Bond Pilot Program,
atg-imf-art4-2014,Antigua and Barbuda: Staff Report for the 2014 Article IV Consultation and Second Post-Program Monitoring (IMF Country Report No. 15/189),International Monetary Fund,,imf,ATG,2015-07,2026-09-28,https://www.imf.org/-/media/websites/imf/imported-full-text-pdf/external/pubs/ft/scr/2015/_cr15189.pdf,,raw/atg-imf-art4-2014.pdf,358fca1cf6defe8b069277b704375aa929c34a9d7804d0a7622b70049a39b3c8,CIP revenue 2014 (prel.) and projections 2015-2020; governance concerns about the CIP,Central government operations table has an 'o/w CIP revenue' line under capital revenue (EC$ million and % of GDP). Historical columns come from the country authorities. The IMF does not define the line precisely in these tables; the 2014 report footnote says it is 'CIP processing fees and NDF contributions collected by central government'.
atg-imf-art4-2022,Antigua and Barbuda: 2022 Article IV Consultation-Press Release and Staff Report (IMF Country Report No. 23/184),International Monetary Fund,,imf,ATG,2023-05,2026-09-28,https://www.imf.org/-/media/Files/Publications/CR/2023/English/1ATGEA2023001.ashx,,raw/atg-imf-art4-2022.pdf,835941fcabd7dc39a38f94bb24086c8100bae08c30945a61425e99f69f05354f,CIP revenue 2017-2021 (2021 prel.) and projections 2022-2027,Central government operations table has an 'o/w CIP revenue' line under capital revenue (EC$ million and % of GDP). Historical columns come from the country authorities. The IMF does not define the line precisely in these tables; the 2014 report footnote says it is 'CIP processing fees and NDF contributions collected by central government'. Tables in this PDF are images; values were read from the page image.
atg-imf-art4-2023,Antigua and Barbuda: 2023 Article IV Consultation-Press Release and Staff Report (IMF Country Report No. 24/22),International Monetary Fund,,imf,ATG,2024-01,2026-09-28,https://www.imf.org/-/media/Files/Publications/CR/2024/English/1ATGEA2024001.ashx,https://web.archive.org/web/20240204060720/https://www.imf.org/-/media/Files/Publications/CR/2024/English/1ATGEA2024001.ashx,raw/atg-imf-art4-2023.pdf,699e75ea0f3378d5e2bd377b9e3fc058395fa6c10d409253e118f93b95cedbd2,CIP revenue 2018-2022 (2022 prel.) and projections 2023-2028,Central government operations table has an 'o/w CIP revenue' line under capital revenue (EC$ million and % of GDP). Historical columns come from the country authorities. The IMF does not define the line precisely in these tables; the 2014 report footnote says it is 'CIP processing fees and NDF contributions collected by central government'.
atg-imf-art4-2025,Antigua and Barbuda: 2025 Article IV Consultation-Press Release and Staff Report (IMF Country Report No. 25/96),International Monetary Fund,,imf,ATG,2025-04,2026-09-28,https://www.imf.org/-/media/files/publications/cr/2025/english/1atgea2025001-print-pdf.pdf,https://web.archive.org/web/20251123083131/https://www.imf.org/en/-/media/files/publications/cr/2025/english/1atgea2025001-print-pdf.pdf,raw/atg-imf-art4-2025.pdf,4271676d40f02105f21e18bc20e41681b7f8acee4c3a3bbaedb00146e607ba03,CIP revenue 2020-2024 (2024 est.) and projections 2025-2029; annex comparing revenue with ECCU peers (CBI share of total revenue 2023),"Central government operations table has an 'o/w CIP revenue' line under capital revenue (EC$ million and % of GDP). Historical columns come from the country authorities. The IMF does not define the line precisely in these tables; the 2014 report footnote says it is 'CIP processing fees and NDF contributions collected by central government'. Copy downloaded via the Wayback Machine (imf.org blocks scripted downloads). The annex sentence 'In 2023, total revenue was 1.7 percent of GDP' is an evident typo in the source."
atg-imf-art4-2026,Antigua and Barbuda: 2026 Article IV Consultation-Press Release; Staff Report; and Statement by the Executive Director (IMF Country Report No. 26/97),International Monetary Fund,,imf,ATG,2026-05,2026-09-28,https://www.imf.org/-/media/files/publications/cr/2026/english/1atgea2026001-source-pdf.pdf,,raw/atg-imf-art4-2026.pdf,6810a7b6e348575918ddfd1948ae01571edb59a3504b70a17f25cad399ff61d8,CIP revenue 2021-2025 (2025 est./prel.) and projections 2026-2031; regional CIP regulator,Central government operations table has an 'o/w CIP revenue' line under capital revenue (EC$ million and % of GDP). Historical columns come from the country authorities. The IMF does not define the line precisely in these tables; the 2014 report footnote says it is 'CIP processing fees and NDF contributions collected by central government'.
atg-imidaily-2024-06,Antigua CIU Announces New Price Thresholds But Delays Implementation of MoA by 30 Days,IMI Daily,,industry,ATG,2024-06-27,2026-09-28,https://www.imidaily.com/caribbean/antigua-ciu-announces-new-price-thresholds-but-delays-implementation-of-moa-by-30-days/,https://web.archive.org/web/20240713094718/https://www.imidaily.com/caribbean/antigua-ciu-announces-new-price-thresholds-but-delays-implementation-of-moa-by-30-days/,,,CIU memo of 26 June 2024 on thresholds under the five-country MoA,"Industry trade publication. The memo's announced thresholds for real estate (US$325,000) and UWI (US$300,000) differ from those later enacted in S.I. 2024 No. 50 (US$300,000 and US$260,000). Not stored."
atg-imidaily-2026-07,"Browne Warns Antigua Could Lose EU Visa-Free Access by Year's End, Vows CIP Will Continue",IMI Daily,Ahmad Abbas,industry,ATG,2026-07-02,2026-09-28,https://www.imidaily.com/caribbean/browne-warns-antigua-could-lose-eu-visa-free-access-by-years-end-vows-cip-will-continue/,https://web.archive.org/web/20260905181334/https://www.imidaily.com/caribbean/browne-warns-antigua-could-lose-eu-visa-free-access-by-years-end-vows-cip-will-continue/,,,EU visa-waiver threat; CIP revenue figures,Industry trade publication. Not stored.
atg-mof-budget-2023,2023 Budget Statement (2 March 2023),"Government of Antigua and Barbuda, Ministry of Finance",,government,ATG,2023-03-02,2026-09-28,https://ab.gov.ag/pdf/budget/2023/2023_budget_statement.pdf,,raw/atg-mof-budget-2023.pdf,1be3de49312dff039aa5217dba949e1472c441c4775969bf7470514942497d8d,CIP receipts 2022 outturn,Budget speech by the Prime Minister and Minister of Finance. Figures in EC$ ('$' in the text).
atg-mof-budget-2024,2024 Budget Statement (15 December 2023),"Government of Antigua and Barbuda, Ministry of Finance",,government,ATG,2023-12-15,2026-09-28,https://ab.gov.ag/pdf/budget/2024/2024_budget_statement.pdf,,raw/atg-mof-budget-2024.pdf,3ec95fec1475c8aac6ff70693e84d19f642ab4529f60cdc3aefb534b4ea814ff,CIP contribution 2023 (expected) and 2024 budget,Budget speech by the Prime Minister and Minister of Finance. Figures in EC$ ('$' in the text).
atg-mof-budget-2026,2026 Budget Statement 'People-Centred Growth and Development' (4 December 2025),"Government of Antigua and Barbuda, Ministry of Finance",,government,ATG,2025-12-04,2026-09-28,https://ab.gov.ag/pdf/budget/2026/2026_budget_statement.pdf,,raw/atg-mof-budget-2026.pdf,efb0ed00820a21c293c3b07174100363a358105f6ee7e006f8c272a458615ca2,CIP revenue 2025 (projected outturn) and 2026 budget,Budget speech by the Prime Minister and Minister of Finance. Figures in EC$ ('$' in the text).
atg-observer-2015-08-150,150 citizenships granted through 'aggressive' CIP promo,Antigua Observer (reprinted on cip.gov.ag),,media,ATG,2015-08-10,2026-09-28,https://cip.gov.ag/150-citizenships-granted-through-aggressive-cip-promo/,https://web.archive.org/web/20260616062536/https://cip.gov.ag/150-citizenships-granted-through-aggressive-cip-promo/,,,PM Gaston Browne on citizenships granted and money raised since the June 2014 election,Observer article reposted by the CIU on its own site; original Observer URL not found. Not stored (media).
atg-observer-2015-08-changes,Changes to CIP lead to more applicants,Antigua Observer (reprinted on cip.gov.ag),,media,ATG,2015-08-10,2026-09-28,https://cip.gov.ag/changes-to-cip-lead-to-more-applicants/,https://web.archive.org/web/20260616063918/https://cip.gov.ag/changes-to-cip-lead-to-more-applicants/,,,"August 2015 amendments: residence requirement cut from 35 to 5 days, limited-time NDF cut, names no longer laid before Parliament",Observer article reposted by the CIU. Not stored (media).
intl-atg-cip-canada-visa-2017,Guidelines for citizens of Antigua and Barbuda regarding travel to Canada,"Citizenship by Investment Unit, Government of Antigua and Barbuda",,government,ATG,2017,2026-09-28,https://cip.gov.ag/wp-content/uploads/Canada-Visa-Guide.pdf,,raw/intl-atg-cip-canada-visa-2017.pdf,cabbcd9aec80b1becbc2f51e99af7afa8c1bf1be5f2674b16b6966238c6da450,Date from which Antigua and Barbuda citizens need a Canadian visitor visa.,Undated guidance; year inferred from content. Canada's own notice not retrieved; the document does not state a reason for the visa requirement.
intl-eu-atg-visa-waiver-2009,Agreement between the European Community and Antigua and Barbuda on the short-stay visa waiver,"Official Journal of the European Union L 169, 30.6.2009",,legislation,ATG,2009-06-30,2026-09-28,http://publications.europa.eu/resource/celex/22009A0630(01),,raw/intl-eu-atg-visa-waiver-2009.pdf,c501ff6565e0530a18019f749f2fd309d3fced897a356f508f6ea0f2eb86b378,"Text of the EU–Antigua and Barbuda visa waiver agreement, signed 28 May 2009.",
aus-dha-biip-discussion-paper-2019,Business Innovation and Investment Program: Getting a better deal for Australia (consultation paper),Department of Home Affairs (Australia),,government,AUS,2019-12,2026-10-02,https://www.homeaffairs.gov.au/reports-and-pubs/files/biip-getting-better-deal-australia-discussion-paper.pdf,,raw/aus-dha-biip-discussion-paper-2019.pdf,ee2eec538a56471953a0feb9902590e5529641a031207784d76890bd11e1b294,Thresholds for Investor and Significant Investor visas and when introduced; Complying Investment Framework (2015) composition; cumulative primary SIV and Investor grants and investment to 31 Oct 2019; 2019-20 planning levels.,"Undated on its face; consultation announced 19 Dec 2019 with submissions due 14 Feb 2020 (PDF created Dec 2019). Dollar amounts are printed as ""$"" without currency code; the document is about Australian visas and the amounts are Australian dollars by context."
aus-dha-biip-review-findings-2020,Business Innovation and Investment Program Review: report of consultation findings and review outcomes,Department of Home Affairs (Australia),,government,AUS,2020-12,2026-10-02,https://www.homeaffairs.gov.au/reports-and-pubs/files/business-investment-innovation-program/report-findings-better-deal-australia-dec-2020.pdf,,raw/aus-dha-biip-review-findings-2020.pdf,0312de05209dfb3691d7c91d4bda6b9076fa46fa9544efd28981b7b9ecfecd59,"BIIP planning levels 2014-15 to 2020-21; top nationalities; changes from 1 July 2021 (nine to four streams; Premium Investor, Significant Business History and Venture Capital Entrepreneur closed).","Slide-style PDF, December 2020."
aus-dha-bp0068-2025,"BP0068 Migration Program Outcomes between 2015-16 and 2024-25 (Permanent Migration Program (Skilled & Family) Outcomes Snapshot, Annual Statistics)",Department of Home Affairs (Australia),,government,AUS,2025,2026-10-02,https://data.gov.au/data/dataset/096fd157-807c-4ba0-8c63-0754cae4ba35/resource/832fe752-f672-4ce7-a5bc-bada2270496c/download/bp0068-migration-and-child-outcome-since-2015-16-to-2025-06-30-masked-v100.xlsx,,raw/aus-dha-bp0068-2025.xlsx,ddb3e8eef1e14679c4a02e8f5ff36aa11d3b92620de728c82b96ed46f13ff16b,"Migration Program outcome by year, visa sub-type (stream), citizenship country and applicant type (primary/secondary), 2015-16 to 2024-25. Stream (sub-type) detail for BIIP visas is populated from 2017-18 only.","Excel pivot table; the stream and nationality figures exist only in the pivot cache, so they are not visible in the sheet as saved and the quote verifier cannot find them. To reproduce, open in Excel and set the filters named in each row's location. Workbook says data are drawn from live systems and may differ from other reports; file name says ""masked"". Yearly stream totals match the Migration Program reports exactly (e.g. Significant Investor 1,288 in 2020-21)."
aus-dha-cif-faq-2021,Complying Investment Framework (CIF) Frequently Asked Questions,Department of Home Affairs (Australia),,government,AUS,2021,2026-10-02,https://immi.homeaffairs.gov.au/Visa-subsite/files/cif-info.pdf,,raw/aus-dha-cif-faq-2021.pdf,45a7aaaf07772e025849bf3a8ce9842f8a4b5d1bf7d608bf84b72fd712a0acc7,CIF ratios from 1 July 2021 (20/30/50) applying to both the Investor and Significant Investor streams; legal instruments (IMMI 15/100; LIN 21/041).,Undated; PDF created Oct 2021.
aus-dha-immi-biip-closure-2026,BIIP closure and refunds,Department of Home Affairs (Australia),,government,AUS,2026,2026-10-02,https://immi.homeaffairs.gov.au/visas/getting-a-visa/biip-closure-and-refunds,,raw/aus-dha-immi-biip-closure-2026.html,dcc26e2bdc9914e24022db8d9a0bdca19ff4aa65c1576cc0118b9fa3f11622aa,Closure of the BIIP to new applications on 31 July 2024 and refunds by stream.,
aus-dha-immi-investor-stream-2026,Investor stream (subclass 188) - visa listing page,Department of Home Affairs (Australia),,government,AUS,2026-09-24,2026-10-02,https://immi.homeaffairs.gov.au/visas/getting-a-visa/visa-listing/business-innovation-and-investment-188/investor-stream,,raw/aus-dha-immi-investor-stream-2026.txt,391cdb03923fdfcc1247c96b520ad6202760e57a5f5adc4605783032dbcacca3,"Investor stream thresholds: AUD1.5 million before 1 July 2021, AUD2.5 million complying significant investment for invitations on or after 1 July 2021.","Stored as a text capture: the page content is embedded as escaped JSON in the HTML and rendered by script, so the text was decoded from that JSON on 2026-10-02 (the capture also contains site navigation text; the original HTML is at the URL). Page showed ""Last updated: 24/09/2026""."
aus-dha-immi-siv-stream-2026,Significant Investor stream (subclass 188) - visa listing page,Department of Home Affairs (Australia),,government,AUS,2026-09-24,2026-10-02,https://immi.homeaffairs.gov.au/visas/getting-a-visa/visa-listing/business-innovation-and-investment-188/significant-investor-stream,,raw/aus-dha-immi-siv-stream-2026.txt,6738d7f96228658e75a1a79f5405834ce11bca8efe58d1f897f06f99fe1a733e,"Current (archived-visa) page: AUD5 million complying significant investment, post-July 2021 proportions, 40/180-day residence rule for the permanent visa, closure date 31 July 2024.","Stored as a text capture: the page content is embedded as escaped JSON in the HTML and rendered by script, so the text was decoded from that JSON on 2026-10-02 (the capture also contains site navigation text; the original HTML is at the URL). Page showed ""Last updated: 24/09/2026""."
aus-dha-mp-report-2014-15,2014-15 Migration Programme Report,Department of Immigration and Border Protection (Australia),,government,AUS,2015,2026-10-02,https://www.homeaffairs.gov.au/research-and-stats/files/2014-15-Migration-Programme-Report.pdf,,raw/aus-dha-mp-report-2014-15.pdf,2f68b764b732953ce27cf168789f523fa60b80ce34799499013c1e974c6366bd,"BIIP outcome (places), first-stage lodgements and pipeline","Annual report on the permanent Migration Program (program year 1 July-30 June). Counts are places/persons, primary and secondary applicants together; a provisional-then-permanent visa is counted once, at grant of the provisional (first-stage) visa. Figures for earlier years are revised in later reports."
aus-dha-mp-report-2015-16,2015-16 Migration Programme Report,Department of Immigration and Border Protection (Australia),,government,AUS,2016,2026-10-02,https://www.homeaffairs.gov.au/research-and-stats/files/2015-16-migration-programme-report.pdf,,raw/aus-dha-mp-report-2015-16.pdf,d8b818220f02d2ede696806fe09891c30d76b291e933c6eeef45107aaab075d0,"BIIP outcome (places), first-stage lodgements and pipeline","Annual report on the permanent Migration Program (program year 1 July-30 June). Counts are places/persons, primary and secondary applicants together; a provisional-then-permanent visa is counted once, at grant of the provisional (first-stage) visa. Figures for earlier years are revised in later reports."
aus-dha-mp-report-2017-18,2017-18 Migration Program Report,Department of Home Affairs (Australia),,government,AUS,2018,2026-10-02,https://www.homeaffairs.gov.au/research-and-stats/files/report-migration-program-2017-18.pdf,,raw/aus-dha-mp-report-2017-18.pdf,f1676bc753389044cf1f9b6f3d2acd6ced4549c04f67d9a2a78f78fa6c647357,"BIIP outcome (places), first-stage lodgements and pipeline","Annual report on the permanent Migration Program (program year 1 July-30 June). Counts are places/persons, primary and secondary applicants together; a provisional-then-permanent visa is counted once, at grant of the provisional (first-stage) visa. Figures for earlier years are revised in later reports."
aus-dha-mp-report-2018-19,2018-19 Migration Program Report,Department of Home Affairs (Australia),,government,AUS,2019,2026-10-02,https://www.homeaffairs.gov.au/research-and-stats/files/report-migration-program-2018-19.pdf,,raw/aus-dha-mp-report-2018-19.pdf,b63f653353234702b10bb332d0ef51302fcecff79489d4106566512798ae609b,"BIIP outcome (places), first-stage lodgements and pipeline; processing table with grant/refusal rates","Annual report on the permanent Migration Program (program year 1 July-30 June). Counts are places/persons, primary and secondary applicants together; a provisional-then-permanent visa is counted once, at grant of the provisional (first-stage) visa. Figures for earlier years are revised in later reports."
aus-dha-mp-report-2019-20,2019-20 Migration Program Report,Department of Home Affairs (Australia),,government,AUS,2020,2026-10-02,https://www.homeaffairs.gov.au/research-and-stats/files/report-migration-program-2019-20.pdf,,raw/aus-dha-mp-report-2019-20.pdf,7ce9fded9399f9992a4481a5e1806e4bd88e6af20a26806aa3e57f9711e4ce1c,"BIIP outcome (places), first-stage lodgements and pipeline; processing table with grant/refusal rates","Annual report on the permanent Migration Program (program year 1 July-30 June). Counts are places/persons, primary and secondary applicants together; a provisional-then-permanent visa is counted once, at grant of the provisional (first-stage) visa. Figures for earlier years are revised in later reports."
aus-dha-mp-report-2020-21,2020-21 Migration Program Report,Department of Home Affairs (Australia),,government,AUS,2021,2026-10-02,https://www.homeaffairs.gov.au/research-and-stats/files/report-migration-program-2020-21.pdf,,raw/aus-dha-mp-report-2020-21.pdf,c3e2600b80bd9ba3bfd4b4ddf5494f541db9bf8455d1a8c6d378a991da3c6b56,"BIIP outcome (places), first-stage lodgements and pipeline; BIIP outcome by stream (Significant Investor, Investor, etc.) and processing table with grant/refusal/withdrawal rates","Annual report on the permanent Migration Program (program year 1 July-30 June). Counts are places/persons, primary and secondary applicants together; a provisional-then-permanent visa is counted once, at grant of the provisional (first-stage) visa. Figures for earlier years are revised in later reports."
aus-dha-mp-report-2021-22,2021-22 Migration Program Report,Department of Home Affairs (Australia),,government,AUS,2022,2026-10-02,https://www.homeaffairs.gov.au/research-and-stats/files/report-migration-program-2021-22.pdf,,raw/aus-dha-mp-report-2021-22.pdf,9db1ca028ea91f02bd65fbb5a17728bb938c2db95dc9ef0de41a90215e78df8e,"BIIP outcome (places), first-stage lodgements and pipeline; BIIP outcome by stream (Significant Investor, Investor, etc.) and processing table with grant/refusal/withdrawal rates","Annual report on the permanent Migration Program (program year 1 July-30 June). Counts are places/persons, primary and secondary applicants together; a provisional-then-permanent visa is counted once, at grant of the provisional (first-stage) visa. Figures for earlier years are revised in later reports."
aus-dha-mp-report-2022-23,2022-23 Migration Program Report,Department of Home Affairs (Australia),,government,AUS,2023,2026-10-02,https://www.homeaffairs.gov.au/research-and-stats/files/report-migration-program-2022-23.pdf,,raw/aus-dha-mp-report-2022-23.pdf,4112a73fb8365ef6702d8cfb593085e727fa44a5c39c6fd8a1a146967ce4f618,"BIIP outcome (places), first-stage lodgements and pipeline; BIIP outcome by stream (Significant Investor, Investor, etc.) and processing table with grant/refusal/withdrawal rates","Annual report on the permanent Migration Program (program year 1 July-30 June). Counts are places/persons, primary and secondary applicants together; a provisional-then-permanent visa is counted once, at grant of the provisional (first-stage) visa. Figures for earlier years are revised in later reports."
aus-dha-mp-report-2023-24,2023-24 Migration Program Report,Department of Home Affairs (Australia),,government,AUS,2024,2026-10-02,https://www.homeaffairs.gov.au/research-and-stats/files/report-migration-program-2023-24.pdf,,raw/aus-dha-mp-report-2023-24.pdf,77e9105c4ae324adda799672e79740165deada652f3b8a6461cff9f066fb20fe,"BIIP outcome (places), first-stage lodgements and pipeline; BIIP outcome by stream (Significant Investor, Investor, etc.) and processing table with grant/refusal/withdrawal rates","Annual report on the permanent Migration Program (program year 1 July-30 June). Counts are places/persons, primary and secondary applicants together; a provisional-then-permanent visa is counted once, at grant of the provisional (first-stage) visa. Figures for earlier years are revised in later reports."
aus-dha-mp-report-2024-25,2024-25 Migration Program Report,Department of Home Affairs (Australia),,government,AUS,2025,2026-10-02,https://www.homeaffairs.gov.au/research-and-stats/files/report-migration-program-2024-25.pdf,,raw/aus-dha-mp-report-2024-25.pdf,dee9a3ae823feac464afff623e91d03299bdb18eec65f52d53f42b47580f4b51,"BIIP outcome (places), first-stage lodgements and pipeline; BIIP outcome by stream (Significant Investor, Investor, etc.) and processing table with grant/refusal/withdrawal rates","Annual report on the permanent Migration Program (program year 1 July-30 June). Counts are places/persons, primary and secondary applicants together; a provisional-then-permanent visa is counted once, at grant of the provisional (first-stage) visa. Figures for earlier years are revised in later reports."
aus-dha-review-migration-system-2023,Review of the Migration System: Final Report 2023 (Parkinson review),Department of Home Affairs (Australia),Martin Parkinson; Joanna Howe; John Azarias,government,AUS,2023-03,2026-10-02,https://www.homeaffairs.gov.au/reports-and-pubs/files/review-migration-system-final-report.pdf,,raw/aus-dha-review-migration-system-2023.pdf,d7c7fa8d1ffc107f4088f50e6534a173e19d1b391ae408cb3751c381b5987627,Panel findings on the BIIP (poor economic and fiscal outcomes) and on the Significant Investor stream (stronger outcomes); recommendation 8.,"Independent review (Martin Parkinson, Joanna Howe, John Azarias) published by the department. Cover dated March 2023; the PDF was created 26 April 2023, when it was released publicly."
aut-bgbl-ii-2014-39,"Verordnung der Bundesregierung über das Verfahren zur Erlangung einer Bestätigung gemäß § 10 Abs. 6 des Staatsbürgerschaftsgesetzes 1985, BGBl. II Nr. 39/2014",Bundesgesetzblatt für die Republik Österreich,,legislation,AUT,2014-02-28,2026-10-02,https://www.ris.bka.gv.at/Dokumente/BgblAuth/BGBLA_2014_II_39/BGBLA_2014_II_39.pdfsig,,raw/aut-bgbl-ii-2014-39.pdf,960d72a5f9b1d42d224bd1e258909e4e6dc7fa4dd648eb47dce9718944ed549b,Procedure for § 10(6) confirmations: the Land government forwards the file to the Interior Minister; the competent federal ministers give reasoned opinions; the federal government decides at least once every half-year.,Authentic signed BGBl. Sets procedure only; no investment amounts or economic criteria.
aut-foi-10-6-2018,Geheimniskrämerei um Staatsbürgerschaften für Promis und Investoren,Forum Informationsfreiheit,Mathias Huter,ngo,AUT,2018-08-01,2026-10-02,https://www.informationsfreiheit.at/2018/08/01/geheimniskraemerei-um-staatsbuergerschaften-fuer-promis-und-investoren/,http://web.archive.org/web/20260509161818/https://www.informationsfreiheit.at/2018/08/01/geheimniskraemerei-um-staatsbuergerschaften-fuer-promis-und-investoren/,,,Transparency NGO on secrecy around § 10(6): its freedom-of-information request on 2014-2015 grants was refused; cites Addendum's count of grants and rejections 2006-2017.,Second-hand: the 141 / 177 figures are attributed to research by the news site Addendum (not read here).
aut-orf-koloini-2013,Koloini-Prozess: Vier Freisprüche,ORF Wien,,media,AUT,2013-01-28,2026-10-02,https://wien.orf.at/v2/news/stories/2568899/,http://web.archive.org/web/20250426192138/https://wien.orf.at/v2/news/stories/2568899/,,,"Acquittal of Haider's former protocol chief, two Russian-born businessmen and their lawyer in the retrial over the 2007 naturalisations; Council of Ministers decision of January 2007.",Acquittals not final at the time of the report.
aut-orf-scheuch-2012-07,Schuldspruch für Uwe Scheuch,ORF Kärnten,,media,AUT,2012-07-06,2026-10-02,http://kaernten.orf.at/news/stories/2540187/,http://web.archive.org/web/20160507184141/http://kaernten.orf.at/news/stories/2540187/,,,Retrial verdict in the 'Part of the Game' case (Klagenfurt regional court) and recap of the first verdict of 2 Aug 2011.,Verdict not final at the time; see aut-orf-scheuch-2012-12.
aut-orf-scheuch-2012-12,Scheuch: Sieben Monate und Geldstrafe,ORF Kärnten,,media,AUT,2012-12-19,2026-10-02,http://kaernten.orf.at/news/stories/2563791/,http://web.archive.org/web/20190402081225/https://kaernten.orf.at/news/stories/2563791/,,,Final appeal verdict (Oberlandesgericht Graz) in the 'Part of the Game' case.,
aut-parl-ab-1617-2018,Anfragebeantwortung 1617/AB XXVI. GP: Geheimniskrämerei bei der Vergabe von Staatsbürgerschaften (zu 1634/J),Parlament Österreich (answer by Federal Minister of the Interior Herbert Kickl),,government,AUT,2018-11-08,2026-10-02,https://www.parlament.gv.at/dokument/XXVI/AB/1617/imfname_720152.pdf,,raw/aut-parl-ab-1617-2018.pdf,85c6b16a293437ebc903ff7cb8d91893bb84270bf870046be89c7b6a3b2707d8,Number of § 10(6) naturalisations from 1 Jan 2017 to H1 2018 (Statistik Austria); names and professions of persons confirmed since 1 Jan 2017 published by the Federal Chancellery; no statistics by ground (e.g. economic).,"Signed PDF dated 6 Nov 2018, received 8 Nov 2018."
aut-parl-ab-17628-2024,Anfragebeantwortung 17628/AB XXVII. GP: Verleihung von Staatsbürgerschaften nach § 10 Abs. 6 StbG (zu 18221/J),Parlament Österreich (answer by Federal Minister of the Interior Gerhard Karner),,government,AUT,2024-05-21,2026-10-02,https://www.parlament.gv.at/gegenstand/XXVII/AB/17628,,raw/aut-parl-ab-17628-2024.pdf,cddef36be28197af53dbb636f2c1a3e209d64985399205a51b2cbc63824ec92f,§ 10(6) naturalisations in 2022 and 2023 (Statistik Austria); names and professions are published in the Council of Ministers' decision minutes.,PDF at https://www.parlament.gv.at/dokument/XXVII/AB/17628/imfname_1629860.pdf
aut-parl-ab-4341-2010,Anfragebeantwortung 4341/AB XXIV. GP: Verleihung der Staatsbürgerschaft gemäß § 10 Abs. 6 StbG (zu 4378/J),Parlament Österreich (answer by the Federal Minister of the Interior),,government,AUT,2010-03-29,2026-10-02,https://www.parlament.gv.at/gegenstand/XXIV/AB/4341,,raw/aut-parl-ab-4341-2010.html,7cc42428ecbf232fac6cb1b9e7576110c886d16f89d3f078cb2140f928f25cac,"2005-2009: applications under § 10(6) put before the Council of Ministers, confirmations by the federal government, and applications forwarded by each Land government to the Interior Ministry.","Stored copy is the parliament's electronically transmitted HTML text ('Abweichungen vom Original sind möglich'); the signed original is a scanned PDF at https://www.parlament.gv.at/dokument/XXIV/AB/4341/imfname_182845.pdf. These are government confirmations, not completed naturalisations (which the Länder grant later), so they differ from the Statistik Austria grant series."
aut-parl-ab-8483-2011,Anfragebeantwortung 8483/AB XXIV. GP: Selbstbestimmungsrecht und doppelte Staatsbürgerschaft für Südtiroler und Südtirolerinnen (zu 8561/J),Parlament Österreich (answer by the Federal Minister of the Interior),,government,AUT,2011-07-18,2026-10-02,https://www.parlament.gv.at/gegenstand/XXIV/AB/8483,,raw/aut-parl-ab-8483-2011.html,eb5f5d82728fc0d5a4dc3053026c567e8a1f1656abb3da0b346e90d597f430fb,"States that § 10(6) StbG (naturalisation in the interest of the state) is a constitutional provision that has existed since the Citizenship Act 1965, and that § 10(6) grantees need not give up their previous nationality.",Electronically transmitted HTML text of the answer.
aut-parl-ab-9520-2022,Anfragebeantwortung 9520/AB XXVII. GP: Ehrenstaatsbürgerschaft für Polizeiretter der Terrornacht am 2. November 2020 (zu 9689/J),Parlament Österreich (answer by Federal Minister of the Interior Gerhard Karner),,government,AUT,2022-04-08,2026-10-02,https://www.parlament.gv.at/dokument/XXVII/AB/9520/imfname_1437338.pdf,,raw/aut-parl-ab-9520-2022.pdf,2b1e98d5663f24f4178fe4da62eed05ab973dbd142cfb5aad6fe98b947c45c9b,"Statistik Austria series of naturalisations in the interest of the Republic under § 10(6) StbG, 2007-2021 (as of 17 Feb 2022); 2012 and 2013 shown as '-'.","The ministry says no other statistics are kept, so there is no split by science, economy, sport or art."
aut-presse-scheuch-tibet-2010,Affäre Scheuch: Einbürgerung von Investoren scheiterte,Die Presse,"Martin Fritzl, Hedi Schneid",media,AUT,2010-01-15,2026-10-02,https://www.diepresse.com/533216/affaere-scheuch-einbuergerung-von-investoren-scheiterte,http://web.archive.org/web/20231213074730/https://www.diepresse.com/533216/affaere-scheuch-einbuergerung-von-investoren-scheiterte,,,Carinthia's 2009 request to naturalise three Russian businessmen investing in the 'Tibet' hotel project; rejected by the Council of Ministers in July 2009.,
aut-ris-stbg-s10-2026,"Staatsbürgerschaftsgesetz 1985 (StbG), § 10, consolidated version in force from 12.06.2026 (last amended by BGBl. I Nr. 39/2026)","Bundeskanzleramt, Rechtsinformationssystem des Bundes (RIS)",,legislation,AUT,2026-06-11,2026-10-02,https://www.ris.bka.gv.at/NormDokument.wxe?Abfrage=Bundesnormen&Gesetzesnummer=10005579&FassungVom=2026-10-02&Paragraf=10,,raw/aut-ris-stbg-s10-2026.html,d40c9efd7da0e742e595361d74857833909aef1391e7eea94841fbe1c0acf7fc,"Text of § 10 StbG, including the constitutional provision § 10(6) (residence, income and renunciation requirements are waived when the federal government confirms extraordinary achievements in the special interest of the Republic) and § 10(7) (regulation on the confirmation procedure).",Consolidated (not authentic) text. The wording of § 10(6) is the same as in the version valid 01.01.2026-11.06.2026.
aut-standard-koloini-2011,Russische Investoren zahlten für Einbürgerung zweimal an Haider,Der Standard,,media,AUT,2011-07-27,2026-10-02,https://www.derstandard.at/story/1310512277697/einbuergerung-russische-investoren-zahlten-fuer-einbuergerung-zweimal-an-haider,http://web.archive.org/web/20201001053638/https://www.derstandard.at/story/1310512277697/einbuergerung-russische-investoren-zahlten-fuer-einbuergerung-zweimal-an-haider,,,"Indictment in the Carinthian citizenship affair: two Russian investors naturalised after payments of USD 2 million and EUR 900,000 for Haider-backed Formula 1 sponsorship and, apparently, for Haider or his party.",Confirmed by the anti-corruption prosecutors (WKStA) at the time. The defendants were later acquitted (see aut-orf-koloini-2013).
bgr-capital-2019-01-22,Правосъдното министерство предлага отмяна на гражданството срещу инвестиции,Капитал,Мирела Веселинова,media,BGR,2019-01-22,2026-10-02,https://www.capital.bg/politika_i_ikonomika/bulgaria/2019/01/22/3378564_pravosudnoto_ministerstvo_predlaga_otmiana_na/,https://web.archive.org/web/20220908032351/https://www.capital.bg/politika_i_ikonomika/bulgaria/2019/01/22/3378564_pravosudnoto_ministerstvo_predlaga_otmiana_na/,,,"Ministry of Justice figures: 50 investor citizenships since 2013 (4 under art. 12a, 46 under art. 14a); ministry plan to repeal.","Media article, linked not stored. Read in full by us; figures attributed to the source the article names. Rest of the article is paywalled; the free part was read in a browser (capital.bg is unreachable from our download tool)."
bgr-dnes-2021-08-09,"Колко чужденци са получили ""златни паспорти"" в България?",Dnes.bg (based on Deutsche Welle),,media,BGR,2021-08-09,2026-10-02,https://www.dnes.bg/a/58-obshtestvo/499780-kolko-chuzhdentsi-sa-poluchili-zlatni-pasporti-v-balgariya,https://web.archive.org/web/20261002071502/https://www.dnes.bg/a/58-obshtestvo/499780-kolko-chuzhdentsi-sa-poluchili-zlatni-pasporti-v-balgariya,,,"Bulgarian Investment Agency answer to Deutsche Welle: 981 persons certified since 2014, by stage, route and nationality; presidential annual reports: 89 investor citizenships 2017-2020.","Media article, linked not stored. Read in full by us; figures attributed to the source the article names. Read in a browser."
bgr-economy-2022-02-17,Парламентът отмени възможността за гражданство срещу инвестиции,Economy.bg,,media,BGR,2022-02-17,2026-10-02,https://economy.bg/topnews/view/49687/Parlamentyt-otmeni-vyzmozhnostta-za-grazhdanstvo-sreshtu-investicii-,,,,First-reading vote on the government bill (218 in favour).,"Media article, linked not stored. Read in full by us; figures attributed to the source the article names. Read in a browser."
bgr-economy-2022-03-25,Парламентът окончателно отмени придобиването на гражданство срещу инвестиция,Economy.bg,,media,BGR,2022-03-25,2026-10-02,https://www.economy.bg/topnews/view/50169/Parlamentyt-okonchatelno-otmeni-pridobivaneto-na-grazhdanstvo-sreshtu-investiciya,,,,"Second (final) reading; description of the repealed thresholds (BGN 1m, increased to BGN 2m); SANS review within six months; pending applications ended.","Media article, linked not stored. Read in full by us; figures attributed to the source the article names. Read in a browser."
bgr-lex-zbg-2026,Закон за българското гражданство (consolidated text),Lex.bg (text of the law as published in Държавен вестник),,legislation,BGR,2026-06-16,2026-10-02,https://lex.bg/laws/ldoc/2134446592,,raw/bgr-lex-zbg-2026.html,7a84eaec7f343c20bad1ce5e881f807cc72846026b94710545c32ed5ee337d87,Consolidated Bulgarian Citizenship Act with amendment history; arts. 12a and 14a shown as repealed by DV 26/2022; transitional §§ 7-8 of the 2022 amending law.,"download blocked: lex.bg, parliament.bg, dv.parliament.bg and justice.government.bg refuse connections from our download tool, so no copy is kept; text read in a browser on 2 Oct 2026. published_date is the latest amendment listed (DV 55 of 16 Jun 2026). The repealed articles' former wording is not shown on this page. Stored copy downloaded through a web browser on 2026-10-02."
bgr-lex-zchrb-2026,Закон за чужденците в Република България (consolidated text),Lex.bg (text of the law as published in Държавен вестник),,legislation,BGR,2026-06-16,2026-10-02,https://lex.bg/laws/ldoc/2134455296,,raw/bgr-lex-zchrb-2026.html,aef9a9875480f8cc8921d84b1c4d9e9898b1e21cf27e0dc39b679aa3369395d9,"Foreign Nationals in the Republic of Bulgaria Act, art. 25(1): permanent residence for investors (items 6-8).","download blocked (see bgr-lex-zbg-2026); read in a browser on 2 Oct 2026. Amounts are in leva (BGN) as printed, although Bulgaria adopted the euro on 1 Jan 2026. Stored copy downloaded through a web browser on 2026-10-02."
bgr-ustreasury-jy0208-2021,Treasury Sanctions Influential Bulgarian Individuals and Their Expansive Networks for Engaging in Corruption (press release jy0208),U.S. Department of the Treasury,,government,BGR,2021-06-02,2026-10-02,https://home.treasury.gov/news/press-releases/jy0208,,raw/bgr-ustreasury-jy0208-2021.html,5ae02ab29998fe9886acfa4da4f26793e49cffb147f5c2b039187330e997b8a1,"Global Magnitsky designations of Delyan Peevski and Ilko Zhelyazkov, citing a scheme to sell Bulgarian residency documents from early 2018.",Official US government press release (HTML saved).
com-bbc-2014-11-10,Kuwait's stateless Bidun 'offered Comoros citizenship',BBC News,,media,COM,2014-11-10,2026-10-02,https://www.bbc.com/news/world-middle-east-29982964,https://web.archive.org/web/20260921034310/https://www.bbc.com/news/world-middle-east-29982964,,,Kuwaiti official's plan to offer Bidun Comoros economic citizenship,
com-france24-2018-04-10,Comoros ex-presidents embroiled in passport sale scandal,France 24 (AFP),,media,COM,2018-04-10,2026-10-02,https://www.france24.com/en/20180410-comoros-ex-presidents-embroiled-passport-sale-scandal,https://web.archive.org/web/20191016072152/https://www.france24.com/en/20180410-comoros-ex-presidents-embroiled-passport-sale-scandal,,,"AFP's reading of the parliamentary report: ~48,000 passports, >6,000 outside legal channels, prices EUR 25,000-200,000, $971m shortfall, $105m 'gratuity' to Sambi",Read from Wayback copy (direct link 403). AFP's shortfall ($971m) is nearly ten times Reuters' ($100m) from the same report.
com-guardian-2015,The bizarre scheme to transform a remote island into the new Dubai,The Guardian,Atossa Araxia Abrahamian,media,COM,2015-11-11,2026-10-02,https://www.theguardian.com/world/2015/nov/11/the-bizarre-scheme-to-transform-a-remote-island-into-new-dubai-comoros,https://web.archive.org/web/20261002071647/https://www.theguardian.com/world/2015/nov/11/the-bizarre-scheme-to-transform-a-remote-island-into-new-dubai-comoros,,,How the 2008 law was passed; UAE $200m pledge; AfDB and IMF revenue estimates for 2012; April 2015 court ruling against Comoro Gulf Holding,Long-form investigative feature.
com-imf-art4-2012,"Union of the Comoros: Staff Report for the 2012 Article IV Consultation, Fourth Review Under the Three-Year Arrangement Under the Extended Credit Facility, and Financing Assurances Review (IMF Country Report No. 13/32)",International Monetary Fund,,imf,COM,2013-02-08,2026-10-02,https://www.elibrary.imf.org/view/journals/002/2013/032/article-A001-en.xml,,raw/com-imf-art4-2012.html,209fadbfb053c78dec81f2be31e8d1f0e76d3eed12f689c7163b3741445b21b9,"ECP receipts as % of GDP for 2011-2013 (staff report, MEFP, table notes); description of the ECP price (KMF 1 million)","Read from the IMF eLibrary full-text HTML (PDF download was blocked by the site's bot check); stored as HTML. Paragraph numbers given instead of page numbers. The report is not consistent: table footnotes say about 3% of GDP in 2011 and 2012, the text says 4.5% projected for 2012 and '4 percent in 2011-12'."
com-imf-art4-2014,Union of the Comoros: Staff Report for the 2014 Article IV Consultation (IMF Country Report No. 15/34),International Monetary Fund,,imf,COM,2015-02-13,2026-10-02,https://www.elibrary.imf.org/view/journals/002/2015/034/article-A001-en.xml,,raw/com-imf-art4-2014.html,bc0b158223f4609876752f5d2ed1dd155e8eac0bd901b13f548c0a6997ad6c62,ECP receipts over 6% of GDP in 2012; steep fall in 2013 after tighter controls; talks on a new ECP with Kuwait,Read from the IMF eLibrary full-text HTML (PDF download was blocked by the site's bot check); stored as HTML. Paragraph numbers given instead of page numbers.
com-imf-cr-09-307,Comoros: Assessment of Performance Under the Program Supported by Emergency Post-Conflict Assistance and Request for a Three-Year Arrangement Under the Poverty Reduction and Growth Facility (IMF Country Report No. 09/307),International Monetary Fund,,imf,COM,2009-11-02,2026-10-02,https://www.elibrary.imf.org/view/journals/002/2009/307/article-A001-en.xml,,raw/com-imf-cr-09-307.html,d95108811897c8abfb89e27ddfbf1ab78a53a5cc7684dfe983cb2e9c2cf9393e,Authorities' 2009 budget: exceptional revenue from the economic citizenship programme (0.8% of GDP),Read from the IMF eLibrary full-text HTML (PDF download was blocked by the site's bot check); stored as HTML. Paragraph numbers given instead of page numbers.
com-imf-hipc-cp-2013,Union of the Comoros: Enhanced Initiative for Heavily Indebted Poor Countries: Completion Point Document and Multilateral Debt Relief Initiative (IMF Country Report No. 13/33),International Monetary Fund,,imf,COM,2013-02-08,2026-10-02,https://www.elibrary.imf.org/view/journals/002/2013/033/article-A001-en.xml,,raw/com-imf-hipc-cp-2013.html,125cae724158a0e794da276ebb9ee64343cc5b03f23af896dcc2f5e56058f905,Definition of the ECP (citizenship for KMF 1 million),Read from the IMF eLibrary full-text HTML (PDF download was blocked by the site's bot check); stored as HTML. Paragraph numbers given instead of page numbers.
com-lefigaro-2022-11-21,Comores : l'ancien président Sambi jugé pour «haute trahison»,Le Figaro (AFP),,media,COM,2022-11-21,2026-10-02,https://www.lefigaro.fr/flash-actu/comores-l-ancien-president-sambi-juge-pour-haute-trahison-20221121,https://web.archive.org/web/20251018134919/https://www.lefigaro.fr/flash-actu/comores-l-ancien-president-sambi-juge-pour-haute-trahison-20221121,,,Opening of the State Security Court trial; charge requalified as high treason,
com-reuters-2018-01-20,Comoros says abuse of passports-for-cash scheme worries Gulf allies,Reuters,Ali Amir,media,COM,2018-01-20,2026-10-02,https://www.reuters.com/article/us-comoros-passports-idUSKBN1F911H,https://web.archive.org/web/20181128095924/https://www.reuters.com/article/us-comoros-passports-idUSKBN1F911H,,,"First official tally: nearly 52,000 foreigners since 2009; 170 passports cancelled; Reuters estimate of $260m due",Read from Wayback copy (Reuters blocks direct download).
com-reuters-2018-03-23,"Exclusive: Comoros passport scheme was unlawful, abused by 'mafia' networks - report",Reuters,David Lewis; Ali Amir,media,COM,2018-03-23,2026-10-02,https://www.reuters.com/article/us-comoros-passports-exclusive-idUSKBN1GZ37H,https://web.archive.org/web/20191031080212/https://www.reuters.com/article/us-comoros-passports-exclusive-idUSKBN1GZ37H,,,"Contents of the (unpublished) parliamentary commission report: ~48,000 passports, ~6,000 above the approved number, revenue gap KMF 43 billion ($100m), 2011 terms EUR 4,600/passport",Reuters saw a copy signed by the commission chair; the report was not officially published and a member disputed its approval. Read from Wayback copy.
com-reuters-2018-06-29,"As sanctions bit, Iranian executives bought African passports",Reuters,Bozorgmehr Sharafedin; David Lewis,media,COM,2018-06-29,2026-10-02,https://www.reuters.com/investigates/special-report/iran-passports-comoros/,https://web.archive.org/web/20200101110701/https://www.reuters.com/investigates/special-report/iran-passports-comoros/,,,"Passport database: over 1,000 Iranian-born buyers 2008-2017; Iranians among 155 cancelled",Read from Wayback copy.
com-reuters-2018-08-21,Ex-Comoros president charged with graft in connection to passports scheme,Reuters,,media,COM,2018-08-21,2026-10-02,https://www.reuters.com/article/us-comoros-passports-idUSKCN1L61FT,https://web.archive.org/web/20190513033113/https://www.reuters.com/article/us-comoros-passports-idUSKCN1L61FT,,,Charges against ex-president Sambi (Aug 2018),Read from Wayback copy.
com-rfi-2022-11-28,Comores: l'ex-président Ahmed Abdallah Sambi condamné à la prison à perpétuité,RFI,,media,COM,2022-11-28,2026-10-02,https://www.rfi.fr/fr/afrique/20221128-comores-l-ex-pr%C3%A9sident-ahmed-abdallah-sambi-condamn%C3%A9-%C3%A0-la-prison-%C3%A0-perp%C3%A9tuit%C3%A9,https://web.archive.org/web/20240107110635/https://www.rfi.fr/fr/afrique/20221128-comores-l-ex-pr%C3%A9sident-ahmed-abdallah-sambi-condamn%C3%A9-%C3%A0-la-prison-%C3%A0-perp%C3%A9tuit%C3%A9,,,"Verdict: Sambi life for high treason, 11 co-accused (ex-VP Soilihi 20 years); no appeal possible; prosecutor's EUR 1.8bn claim",Read from Wayback copy. The court judgment itself was not found.
com-voa-2018-04-10,Deux ex-présidents au coeur d'un scandale de vente de passeports aux Comores,VOA Afrique (AFP),,media,COM,2018-04-10,2026-10-02,https://www.voaafrique.com/a/deux-ex-presidents-au-coeur-d-un-scandale-de-vente-de-passeports-aux-comores/4340226.html,https://web.archive.org/web/20250418032104/https://www.voaafrique.com/a/deux-ex-presidents-au-coeur-d-un-scandale-de-vente-de-passeports-aux-comores/4340226.html,,,"French AFP text: exact passport count 47,950; 971 million dollars shortfall","Same AFP story as France 24, in French, with the exact count."
cyp-aljazeera-abolition-2020,Cyprus abolishes citizenship through investment programme,Al Jazeera,Yarno Ritzen and Al Jazeera Investigative Unit,media,CYP,2020-10-13,2026-10-02,https://www.aljazeera.com/news/2020/10/13/cyprus-abolishes-citizenship-through-investment-programme,http://web.archive.org/web/20260724145814/https://www.aljazeera.com/news/2020/10/13/cyprus-abolishes-citizenship-through-investment-programme,,,Government announcement of abolition from 1 Nov 2020 after Al Jazeera's undercover film; 23 fast-tracked applications.,Not stored.
cyp-aljazeera-cyprus-papers-2020,Exclusive: Cyprus sold passports to criminals and fugitives,Al Jazeera,Al Jazeera Investigative Unit,media,CYP,2020-08-23,2026-10-02,https://www.aljazeera.com/news/2020/8/23/exclusive-cyprus-sold-passports-to-criminals-and-fugitives,http://web.archive.org/web/20260305133233/https://www.aljazeera.com/news/2020/8/23/exclusive-cyprus-sold-passports-to-criminals-and-fugitives,,,"Launch of 'The Cyprus Papers': leak of 1,400+ approved applications (2017-2019); claim of over EUR 7bn raised since 2013.",Investigative journalism; figures are Al Jazeera's own or unattributed. Not stored.
cyp-aljazeera-explainer-2020,Explainer: What are The Cyprus Papers?,Al Jazeera,James Kleinfeld and Al Jazeera Investigative Unit,media,CYP,2020-08-23,2026-10-02,https://www.aljazeera.com/news/2020/8/23/explainer-what-are-the-cyprus-papers,http://web.archive.org/web/20260418082225/https://www.aljazeera.com/news/2020/8/23/explainer-what-are-the-cyprus-papers,,,"Scope of the leak: 1,400+ approved applications filed 2017-2019, nearly 2,500 individuals incl. family, 70+ countries; Russia 1,000, China 500, Ukraine 100 applicants.","Nationality counts refer only to the leaked files, not the whole programme. Not stored."
cyp-aljazeera-speaker-2020,Cyprus House speaker resigns following Al Jazeera investigation,Al Jazeera,Yarno Ritzen and Al Jazeera Investigative Unit,media,CYP,2020-10-15,2026-10-02,https://www.aljazeera.com/news/2020/10/15/cyprus-house-speaker-resigns-following-al-jazeera-investigation,http://web.archive.org/web/20260531042747/https://www.aljazeera.com/news/2020/10/15/cyprus-house-speaker-resigns-following-al-jazeera-investigation,,,Resignation of House Speaker Demetris Syllouris; claim the scheme brought USD 8bn since 2013.,Not stored.
cyp-audit-cip-2020-09,"Έλεγχος για την παραχώρηση κυπριακής υπηκοότητας στο πλαίσιο του Κυπριακού Επενδυτικού Προγράμματος (Audit of the granting of Cypriot citizenship under the Cyprus Investment Programme), Special Report dated 24 Sept 2020",Audit Office of the Republic of Cyprus,,government,CYP,2020-09-24,2026-10-02,http://www.audit.gov.cy/audit/audit.nsf/487B4CF6C135FF70C22585ED0028F5AB/$file/2020%2009%2024%20-%20%CE%88%CE%BB%CE%B5%CE%B3%CF%87%CE%BF%CF%82%20%CE%B3%CE%B9%CE%B1%20%CF%84%CE%B7%CE%BD%20%CF%80%CE%B1%CF%81%CE%B1%CF%87%CF%8E%CF%81%CE%B7%CF%83%CE%B7%20%CE%BA%CF%85%CF%80%CF%81%CE%B9%CE%B1%CE%BA%CE%AE%CF%82%20%CF%85%CF%80%CE%B7%CE%BA%CE%BF%CF%8C%CF%84%CE%B7%CF%84%CE%B1%CF%82.pdf,https://web.archive.org/web/20200927131613/http://www.audit.gov.cy/audit/audit.nsf/487B4CF6C135FF70C22585ED0028F5AB/$file/2020%2009%2024%20-%20%CE%88%CE%BB%CE%B5%CE%B3%CF%87%CE%BF%CF%82%20%CE%B3%CE%B9%CE%B1%20%CF%84%CE%B7%CE%BD%20%CF%80%CE%B1%CF%81%CE%B1%CF%87%CF%8E%CF%81%CE%B7%CF%83%CE%B7%20%CE%BA%CF%85%CF%80%CF%81%CE%B9%CE%B1%CE%BA%CE%AE%CF%82%20%CF%85%CF%80%CE%B7%CE%BA%CE%BF%CF%8C%CF%84%CE%B7%CF%84%CE%B1%CF%82.pdf,raw/cyp-audit-cip-2020-09.pdf,d029d686d543be9bdcfcdab272313d36f7e8d346ce47dcc6f249f5736d1ac5a1,"Applications filed after 21 May 2018 (1,597: approved, pending, rejected, withdrawn), naturalisation fees, legal history, case findings.",The cover and running header say ΥΠΕΣ/01/2020; later Audit Office reports cite it as ΥΠΕΣ/02/2020. Copy from the Wayback snapshot of 27 Sept 2020. 46 pages. The Ministry of Interior refused the auditors most files after 8 Sept 2020; the application statistics come from Ministry Excel sheets that the auditors call unreliable.
cyp-audit-cip-2020-11-en,"Audit of granting Cypriot citizenship to company executives within the framework of the Cyprus Investment Programme, Special Report ΥΠΕΣ/04/2020 (Executive Summary, English)",Audit Office of the Republic of Cyprus,,government,CYP,2020-11-27,2026-10-02,http://www.audit.gov.cy/audit/audit.nsf/50BD263698CCAE35C225867600217FBF/$file/2020%2011%2027%20-%20EN%20-Audit%20of%20Granting%20of%20the%20Cypriot%20Citizenship.pdf,https://web.archive.org/web/20211004070635/http://www.audit.gov.cy/audit/audit.nsf/50BD263698CCAE35C225867600217FBF/$file/2020%2011%2027%20-%20EN%20-Audit%20of%20Granting%20of%20the%20Cypriot%20Citizenship.pdf,raw/cyp-audit-cip-2020-11-en.pdf,940132899e368ce3005c33f8c340fa310234d86cdb9ebbdb53a536aec053f46e,Naturalisation of 18 casino-resort-related persons (plus 9 relatives) and 64 persons linked to one company as 'executives'; the executive route's terms.,English executive summary only (13 pages). Copy from the Wayback snapshot of 4 Oct 2021.
cyp-audit-cip-2022,"Έλεγχος του Κυπριακού Επενδυτικού Προγράμματος, Ειδική Έκθεση αρ. ΥΠΕΣ/01/2022 (Audit of the Cyprus Investment Programme, Special Report ΥΠΕΣ/01/2022)",Audit Office of the Republic of Cyprus,,government,CYP,2022-08-22,2026-10-02,http://www.audit.gov.cy/audit/audit.nsf/7B353039C92B4311C22588A6001F80C1/$file/2022%2008%2022%20%CE%84%CE%88%CE%BB%CE%B5%CE%B3%CF%87%CE%BF%CF%82%20%CF%84%CE%BF%CF%85%20%CE%9A%CE%95%CE%A0.pdf,https://web.archive.org/web/20220824154447/http://www.audit.gov.cy/audit/audit.nsf/7B353039C92B4311C22588A6001F80C1/%24file/2022%2008%2022%20%CE%84%CE%88%CE%BB%CE%B5%CE%B3%CF%87%CE%BF%CF%82%20%CF%84%CE%BF%CF%85%20%CE%9A%CE%95%CE%A0.pdf,raw/cyp-audit-cip-2022.pdf,06269666801939fff778e23aa170fa2d4dac9b97bff1137e1b05bd2836787b3e,"Whole programme 2007-2021: investor and family naturalisations (3,517 + 3,810), approvals per year 2008-2021 and applications per filing year (charts, PDF p. 29), timeline of Council of Ministers decisions (PDF p. 31), 233 investors approved 19 Aug 2020-31 Jul 2021, cancelled and open property contracts, reduced-VAT revenue loss (EUR 204m), waived EUR 200,000 contributions (over EUR 25m).","The old audit.gov.cy URL now redirects to gov.cy/audit and the PDF is no longer served there; the copy in raw/ is the Wayback snapshot of 24 Aug 2022. Page references are PDF pages (printed page = PDF page minus 6). The yearly figures are bar labels in charts (images), read visually. Annex 1 (PDF pp. 153-189) reproduces the inquiry committee's description of the programme as scanned images without a text layer. Calls its Sept 2020 report 'ΥΠΕΣ/02/2020' although that PDF's cover says ΥΠΕΣ/01/2020."
cyp-audit-rp-announcement-2023,Ειδική έκθεση της Ελεγκτικής Υπηρεσίας με θέμα «Κανονιστικός έλεγχος προγράμματος ταχείας χορήγησης άδειας μετανάστευσης σε υπηκόους τρίτων χωρών που επενδύουν στην Κύπρο» (announcement),Audit Office of the Republic of Cyprus (via gov.cy),,government,CYP,2023-11-09,2026-10-02,https://www.gov.cy/anexartitoi-axiomatouchoi/eidiki-ekthesi-tis-elegktikis-ypiresias-me-thema-kanonistikos-elegchos-programmatos-tacheias-chorigisis-adeias-metanastefsis-se-ypikoous-triton-choron-pou-ependyoun-stin-kypro/,,raw/cyp-audit-rp-announcement-2023.html,110cbfc6e1d30bb7abe55ba8f68b50b57defbe6490e48f7b24125717fe717ea3,Announcement that the Audit Office published its compliance audit of the investor fast-track immigration permit ('Golden Visa') on 9 Nov 2023.,"The report itself was not found: audit.gov.cy now redirects to gov.cy/audit, whose document library does not list it, and no Wayback copy was found. It is the most likely official source for numbers of Regulation 6(2) permits."
cyp-crmd-rp-criteria-2023,"Κριτήρια που αφορούν στην ταχεία διαδικασία χορήγησης Άδειας Μετανάστευσης σε αιτητές που είναι υπήκοοι τρίτων χωρών και επενδύουν στην Κύπρο - Τέταρτη Αναθεώρηση Κριτηρίων, 2 Μαΐου 2023","Civil Registry and Migration Department, Ministry of Interior, Republic of Cyprus",,government,CYP,2023-05-02,2026-10-02,http://www.moi.gov.cy/moi/CRMD/crmd.nsf/all/84B3764EF75149ADC2258782003A888B?opendocument,https://web.archive.org/web/20230505160610/http://www.moi.gov.cy/moi/CRMD/crmd.nsf/all/84B3764EF75149ADC2258782003A888B?opendocument,raw/cyp-crmd-rp-criteria-2023.html,fbfa563e71f2cab272eb5296af52f7c20656434e4185f809d79e3e955f58069d,"Full text of the 4th revision of the Regulation 6(2) investor permanent residence criteria: EUR 300,000 investment routes, income thresholds, dependants, fees, processing time, annual monitoring, permit duration.","Original URL now returns 404 (the department moved to the Deputy Ministry of Migration's gov.cy site). Copy from the Wayback snapshot of 5 May 2023 (decompressed HTML). Earlier revisions (incl. the 3rd, of 24 Mar 2021) were not found in the archive."
cyp-ec-inf-21-2743,"June infringements package: key decisions (INF/21/2743), section 'Investor citizenship schemes: European Commission urges CYPRUS and MALTA to stop selling EU citizenship'",European Commission,,eu,CYP,2021-06-09,2026-10-02,https://ec.europa.eu/commission/presscorner/detail/en/inf_21_2743,,raw/cyp-ec-inf-21-2743.json,a311c2e9338178742b2312596a3b5c82abf3656a6847e499a9f4e05ad7e26d42,Reasoned opinion to Cyprus in the investor-citizenship infringement case (INFR(2020)2276 per later sources; number not in this document).,Stored as the JSON returned by the Commission press-corner API; the Cyprus text is one section of a long package.
cyp-ec-ip-22-2068,'Golden passport' schemes: Commission proceeds with infringement case against MALTA (IP/22/2068),European Commission,,eu,CYP,2022-04-06,2026-10-02,https://ec.europa.eu/commission/presscorner/detail/en/ip_22_2068,,raw/cyp-ec-ip-22-2068.json,8c40369f51b2ee43c4cca2be6fc3e2e81915fae4c4928feb136dde525b284a5c,Status of the Cyprus case in April 2022: processing of pending applications stopped; 39 investors' citizenship revoked as of 15 Oct 2021.,"About Malta, with a paragraph on Cyprus. JSON from the press-corner API."
cyp-inquiry-cip-2021,Έκθεση της Ερευνητικής Επιτροπής των κατ' εξαίρεση πολιτογραφήσεων αλλοδαπών επενδυτών και επιχειρηματιών (Report of the Inquiry Committee into exceptional naturalisations of foreign investors and businesspeople),"Republic of Cyprus, Inquiry Committee appointed by the Attorney General (published by the Press and Information Office)","Myron Nikolatos (chair), Kyriakos Kyriakou, Pavlos Ioannou, Dimitra Kalogirou",government,CYP,2021-06-07,2026-10-02,https://www.pio.gov.cy/assets/pdf/newsroom/2021/06/REPORT-NICOLATOU%20COMMITTEE_220621.pdf,https://web.archive.org/web/20210624073158/https://www.pio.gov.cy/assets/pdf/newsroom/2021/06/REPORT-NICOLATOU%20COMMITTEE_220621.pdf,raw/cyp-inquiry-cip-2021.pdf,c173c9254a9ee515e37c93a83bc6bdd8274ff8d74861d95eb456a84be5190a05,"All 6,779 exceptional naturalisations from 11 Jul 2007 to 17 Aug 2020: legal framework and every Council of Ministers criteria change (ch. 2, with naturalisations per criteria period), methodology, roles of ministries, providers and banks, high- and low-risk file reviews, conclusions and recommendations on deprivation (ch. 20).","The brief calls this the 'Nicolaou' report; the chair is Myron Nikolatos (Νικολάτος), former President of the Supreme Court, and the file is named 'NICOLATOU COMMITTEE'. Dated 7 June 2021 and released by the Attorney General on 22 June 2021 with many pages blacked out. 786 PDF pages; text layer is usable. The pio.gov.cy original now returns 404; the copy in raw/ was taken from the Wayback Machine snapshot of 24 Jun 2021. Page references are PDF page numbers; printed page numbers are two lower. Numbers come from Ministry of Interior data put before the committee. Committee member Kyriakou and financial commissioner Ioannou recorded dissents on parts of the method."
cyp-kdp-379-2020,Οι περί Τιμητικής Πολιτογράφησης για Λόγους Δημοσίου Συμφέροντος και Πολιτογράφησης Αλλοδαπών Επιχειρηματιών ή Επενδυτών Κανονισμοί του 2020 (Κ.Δ.Π. 379/2020),"Republic of Cyprus, Official Gazette (Ε.Ε. Παρ. ΙΙΙ(Ι), Αρ. 5340, 18.8.2020)",,legislation,CYP,2020-08-18,2026-10-02,http://www.cylaw.org/KDP/data/2020_1_379.pdf,,raw/cyp-kdp-379-2020.pdf,cbd839cd70e3a8691058597ff22c8703df16c493c62d3480490353de6421bf2a,"The CIP's final rules, as regulations: EUR 100,000 to one of four public bodies plus EUR 100,000 to the Land Development Corporation, EUR 2m investment, EUR 500,000 residence, provider register, fines.","Copy from CyLaw (Cyprus Bar Association's free law database), which reproduces the gazette pages."
cyp-law-113-2020,"Ο περί Αρχείου Πληθυσμού (Τροποποιητικός) (Αρ. 2) Νόμος του 2020, Ν. 113(Ι)/2020","Republic of Cyprus, Official Gazette (Ε.Ε. Παρ. Ι(Ι), Αρ. 4773, 17.8.2020)",,legislation,CYP,2020-08-17,2026-10-02,http://www.cylaw.org/nomoi/arith/2020_1_113.pdf,,raw/cyp-law-113-2020.pdf,d0c4aaf2f1f346fdff94f34f9b1ddd19adf12b346f3baa72ff7a0f739e3fc775,Amendment of art. 111A of the Civil Registry Law: criteria moved into regulations; grounds for depriving programme citizens within 10 years of naturalisation.,Copy from CyLaw.
cyp-law-36-2013,"Ο περί Αρχείου Πληθυσμού (Τροποποιητικός) Νόμος του 2013, Ν. 36(Ι)/2013","Republic of Cyprus, Official Gazette",,legislation,CYP,2013-04-30,2026-10-02,http://www.cylaw.org/nomoi/arith/2013_1_036.pdf,,raw/cyp-law-36-2013.pdf,084fe870286cd92c475ddc0212654412a42f5bdc5dee32b7c69fcd2e13b58a77,Introduced art. 111A(2) allowing the Council of Ministers to naturalise foreign businesspeople and investors on conditions it sets.,Scanned gazette pages without a text layer; not quoted here. Content and date are described in cyp-audit-cip-2022 (PDF p. 27).
cyp-lawoffice-adminappeal-2026,Διοικητικό Εφετείο: Δεκτό το αίτημα του Γενικού Εισαγγελέα για παραπομπή στο Ανώτατο Συνταγματικό Δικαστήριο της έφεσης της Δημοκρατίας αναφορικά με την απόρριψη της προδικαστικής ένστασής της στο πλαίσιο προσφυγών του ΚΕΠ,Law Office of the Republic of Cyprus (via gov.cy),,government,CYP,2026-01-27,2026-10-02,https://www.gov.cy/anexartitoi-axiomatouchoi/dioikitiko-efeteio-dekto-to-aitima-tou-genikou-eisangelea-gia-parapobi-sto-anotato-syntagmatiko-dikastirio-tis-efesis-tis-dimokratias-anaforika-me-tin-aporripsi-tis-prodikastikis-entasis-tis-sto-plai/,,raw/cyp-lawoffice-adminappeal-2026.html,fae75d85082ecdaa2ed18a521219def55f07e96d30c98e91df79e4abf52dc875,"Litigation by CIP applicants against refusals, non-acceptance of applications, revocations and the abolition itself; whether CIP naturalisations are 'acts of government' immune from review.",Law Office summary.
cyp-lawoffice-admincourt-interpol-2025,Αρνητική η απόφαση του Διοικητικού Δικαστηρίου στην αίτηση προσώπου να μην απωλέσει την κυπριακή υπηκοότητα μέχρι την εκδίκαση της προσφυγής του,Law Office of the Republic of Cyprus (via gov.cy),,government,CYP,2025-07-23,2026-10-02,https://www.gov.cy/anexartitoi-axiomatouchoi/arnitiki-i-apofasi-tou-dioikitikou-dikastiriou-stin-aitisi-prosopou-na-min-apolesei-tin-kypriaki-ypikootita-mechri-tin-ekdikasi-tis-prosfygis-tou/,,raw/cyp-lawoffice-admincourt-interpol-2025.html,3056fac4078c744f01d2854a6ab81cec6fd54470b445aad29b52f21c316ca825,Administrative Court ruling of 16 Jul 2025 refusing to suspend deprivation of a CIP citizen subject to an Interpol red notice from China.,Law Office summary.
cyp-lawoffice-admincourt-sanctions-2025,Διοικητικό Δικαστήριο: «Όχι» σε αναστολή εκτέλεσης της Απόφασης του Υπουργικού για αποστέρηση της κυπριακής υπηκοότητας από πρόσωπα που βρίσκονται στον κατάλογο κυρώσεων της ΕΕ,Law Office of the Republic of Cyprus (via gov.cy),,government,CYP,2025-11-24,2026-10-02,https://www.gov.cy/anexartitoi-axiomatouchoi/dioikitiko-dikastirio-ochi-se-anastoli-ektelesis-tis-apofasis-tou-ypourgikou-gia-aposterisi-tis-kypriakis-ypikootitas-apo-prosopa-pou-vriskontai-ston-katalogo-kyroseon-tis-ee/,,raw/cyp-lawoffice-admincourt-sanctions-2025.html,e01520505ef41ded15e7a751d30621d13a8919c7ec6e0a9646328644cb601ffc,"Administrative Court interim ruling of 20 Nov 2025 on CIP citizens on the EU Ukraine-related sanctions list, deprived in 2022.","Law Office summary, not the judgment."
cyp-lawoffice-assize-2025,Ανακοίνωση της Νομικής Υπηρεσίας σχετικά με σημερινή απόφαση του Μόνιμου Κακουργιοδικείου Λευκωσίας,Law Office of the Republic of Cyprus (via Press and Information Office),,government,CYP,2025-01-23,2026-10-02,https://www.gov.cy/dikaiosyni-kai-dimosia-taxi/anakoinosi-tis-nomikis-ypiresias-schetika-me-simerini-apofasi-tou-monimou-kakourgiodikeiou-lefkosias/,,raw/cyp-lawoffice-assize-2025.html,e63d5301537d85feefc0e2f72e24d63f55409f19878ac40593c0a587a016a4f7,That the Nicosia Permanent Assize Court gave judgment on 23 Jan 2025 in a case on naturalisations of foreign investors.,Does not state the outcome or the defendants; the judgment itself was not found.
cyp-lawoffice-ec-closure-2026,The European Commission closed the infringement procedure against Cyprus in relation to the Cyprus Investment Program,Law Office of the Republic of Cyprus (via gov.cy),,government,CYP,2026-03-11,2026-10-02,https://www.gov.cy/en/independent-officials/the-european-commission-closed-the-infringement-procedure-against-cyprus-in-relation-to-the-cyprus-investment-program/,,raw/cyp-lawoffice-ec-closure-2026.html,317875ca797af0553353620551401587f83fd6113050bd21666e67536249402e,"Closure of the EU infringement case on 11 Mar 2026; summary of Cyprus's measures (inquiry, revocations, amending law).",Cypriot government account; the Commission's own decision was not found. Greek version also published on gov.cy.
cyp-lawoffice-supremecourt-warrant-2025,"«Όχι» Ανωτάτου για ακύρωση εντάλματος έρευνας σε δικηγορική εταιρεία, για υπόθεση που σχετίζεται με τις κατ' εξαίρεση πολιτογραφήσεις στο πλαίσιο του ΚΕΠ",Law Office of the Republic of Cyprus (via gov.cy),,government,CYP,2025-10-08,2026-10-02,https://www.gov.cy/anexartitoi-axiomatouchoi/ochi-anotatou-gia-akyrosi-entalmatos-erevnas-se-dikigoriki-etaireia-gia-ypothesi-pou-schetizetai-me-tis-kat-exairesi-politografiseis-sto-plaisio-tou-kep/,,raw/cyp-lawoffice-supremecourt-warrant-2025.html,6843b31b44cea9e4dab2d016ff9938628e9b728ac9d7de0d2265fd9f0f9b4b11,Supreme Court ruling of 8 Oct 2025 upholding a police search warrant against a law firm in a CIP-related criminal investigation.,Law Office summary.
cyp-moi-revocations-2025,Ανακάλεσε την κυπριακή υπηκοότητα από 150 πρόσωπα η Κυβέρνηση,"Ministry of Interior, Republic of Cyprus",,government,CYP,2025-09-12,2026-10-02,https://www.gov.cy/esoterika-themata/anakalese-tin-kypriaki-ypikootita-apo-150-prosopa-i-kyvernisi/,,raw/cyp-moi-revocations-2025.html,c4431755f3f0f3680fde374e3079178fcde47e58b304ff40a8e25bdd2b50da42,"Deprivation decisions on CIP citizens: 41 decisions / 150 persons since March 2023; 360 persons (101 investors, 259 dependants) decided since 2021, 112 completed; orders for 69 persons; 15 completed.","Official press release; figures are decisions of the Council of Ministers, many still under appeal."
cyp-moi-rp-audit-response-2023,Ανακοίνωση Υπουργείου Εσωτερικών για την Ειδική Έκθεση της Ελεγκτικής Υπηρεσίας για το Πρόγραμμα ταχείας χορήγησης άδειας μετανάστευσης σε υπηκόους τρίτων χωρών,"Ministry of Interior, Republic of Cyprus",,government,CYP,2023-11-09,2026-10-02,https://www.gov.cy/esoterika-themata/anakoinosi-ypourgeiou-esoterikon-gia-tin-eidiki-ekthesi-tis-elegktikis-ypiresies-gia-to-programma-tacheias-chorigisis-adeias-metanastefsis-se-ypikoous-triton-choron-pou-ependyoun-stin-kypro/,,raw/cyp-moi-rp-audit-response-2023.html,d510abc9e3f652b199378a3d966187989b1761ec9be5e8d1a47517ba99a2d5c7,"Ministry's response to the Audit Office's 'golden visa' report: agrees with findings, cites Moneyval, lists 2023 tightening (annual proof, criminal record every three years, own funds).",No numbers of permits.
cyp-moi-rp-criteria-2023,Ανακοίνωση του Υπουργείου Εσωτερικών για τα αναθεωρημένα κριτήρια ταχείας διαδικασίας χορήγησης άδειας μετανάστευσης σε αιτητές υπηκόους τρίτων χωρών που επενδύουν στην Κύπρο,"Ministry of Interior, Republic of Cyprus",,government,CYP,2023-04-28,2026-10-02,https://www.gov.cy/esoterika-themata/anakoinosi-tou-ypourgeiou-esoterikon-gia-ta-anatheorimena-kritiria-tacheias-diadikasias-chorigisis-adeias-metanastefsis-se-aitites-ypikoous-triton-choron-pou-ependyoun-stin-kypro/,,raw/cyp-moi-rp-criteria-2023.html,8708424a7ca74acea6a8cf462f9a03aed197abb873af2a843e655e2d46d13618,"2023 revision of the investor fast-track permanent residence (Regulation 6(2)) criteria: approved 21 Apr 2023, in force 2 May 2023; ends permits for parents and in-laws; annual checks; transitional rule.",
cyp-presidency-spokesman-deprivation-2025,Δηλώσεις του Κυβερνητικού Εκπροσώπου για τη διαδικασία αποστέρησης της κυπριακής υπηκοότητας,Presidency of the Republic of Cyprus (Government Spokesman),,government,CYP,2025-10-02,2026-10-02,https://www.gov.cy/kyvernitikos-ekprosopos/diloseis-tou-kyvernitikou-ekprosopou-gia-ti-diadikasia-aposterisis-tis-kypriakis-ypikootitas/,,raw/cyp-presidency-spokesman-deprivation-2025.html,a89dfe080cf9c5f982616daa55cb26323db2b189c7875688cd287d984861d30d,"Council of Ministers approves bill deleting art. 111A(2) (the CIP's legal basis), adding a 60-day objection deadline and gazette notices of deprivation; repeats 41 decisions / 150 persons.",
cyp-presidency-spokesman-ec-2026,Δηλώσεις του Κυβερνητικού Εκπροσώπου για την απόφαση της Ευρωπαϊκής Επιτροπής για το πρώην Επενδυτικό Πρόγραμμα της Κύπρου,Presidency of the Republic of Cyprus (Government Spokesman),,government,CYP,2026-03-12,2026-10-02,https://www.gov.cy/proedros-proedria/diloseis-tou-kyvernitikou-ekprosopou-gia-tin-apofasi-tis-evropaikis-epitropis-gia-to-proin-ependytiko-programma-tis-kyprou/,,raw/cyp-presidency-spokesman-ec-2026.html,56d93593056fb49efc3ba95a5c5735eb52f9de2e005620042c94e56479ddbff4,EC closure; legal abolition of the investor-naturalisation power (decided Oct 2025); 39 Council decisions on 147 persons since March 2023.,"Spokesman's oral statement as published. Its count (39 decisions, 147 persons) is lower than the Ministry's Sept 2025 count (41 decisions, 150 persons) for a longer period; not explained."
dma-budget-address-2015-16,Budget Address 2015-2016,"Government of the Commonwealth of Dominica, Ministry of Finance",,government,DMA,2015,2026-09-28,https://finance.gov.dm/en/publications/budget-addresses/27-budget-address-2015-2016,,raw/dma-budget-address-2015-16.pdf,3524114f0349078bcc74153cb225967e631cb56218c84118e03203ccb49ade1f,CBI budget estimate FY2015/16.,Budget address delivered in Parliament; downloaded from the Ministry of Finance website (Phoca Download form). Figures for the coming year are budget estimates; figures for the past year are preliminary outturns as stated by the Minister. Currency is EC$ unless stated.
dma-budget-address-2016-17,Budget Address 2016-2017,"Government of the Commonwealth of Dominica, Ministry of Finance",,government,DMA,2016,2026-09-28,https://finance.gov.dm/en/publications/budget-addresses/28-budget-address-2016-2017,,raw/dma-budget-address-2016-17.pdf,6afb1576c6584fa3cfbabbd1836b2fcbca27c2024563546109215e574086d6c3,CBI outturn FY2015/16 and budget FY2016/17; statement of CBI governance facts.,Budget address delivered in Parliament; downloaded from the Ministry of Finance website (Phoca Download form). Figures for the coming year are budget estimates; figures for the past year are preliminary outturns as stated by the Minister. Currency is EC$ unless stated.
dma-budget-address-2017-18,Budget Address 2017-2018,"Government of the Commonwealth of Dominica, Ministry of Finance",,government,DMA,2017-07-27,2026-09-28,https://finance.gov.dm/en/publications/budget-addresses/29-budget-address-2017-2018,,raw/dma-budget-address-2017-18.pdf,15f416246e39f0d8198dda5f6dcc40beda9f20d4623728a14a5b87a83962a76f,CBI collections FY2016/17 (total and amount used for budget financing); budget FY2017/18.,Budget address delivered in Parliament; downloaded from the Ministry of Finance website (Phoca Download form). Figures for the coming year are budget estimates; figures for the past year are preliminary outturns as stated by the Minister. Currency is EC$ unless stated.
dma-budget-address-2018-19,Budget Address 2018-2019,"Government of the Commonwealth of Dominica, Ministry of Finance",,government,DMA,2018,2026-09-28,https://finance.gov.dm/en/publications/budget-addresses/30-budget-address-2018-2019,,raw/dma-budget-address-2018-19.pdf,394eb7df2055c64b90f2adc94a0b093eaf0827d9e0c15e67741ab7d2fc420014,CBI budget FY2018/19; post-Maria housing programme financed by CBI.,Budget address delivered in Parliament; downloaded from the Ministry of Finance website (Phoca Download form). Figures for the coming year are budget estimates; figures for the past year are preliminary outturns as stated by the Minister. Currency is EC$ unless stated.
dma-budget-address-2019-20,Budget Address 2019-2020,"Government of the Commonwealth of Dominica, Ministry of Finance",,government,DMA,2019-07-30,2026-09-28,https://finance.gov.dm/en/publications/budget-addresses/31-budget-address-2019-2020,,raw/dma-budget-address-2019-20.pdf,f190af5fd3620158004c631be308f4ece7b4d7e4e4dd391266e26e8bc8e6d5c5,CBI budget FY2019/20.,Budget address delivered in Parliament; downloaded from the Ministry of Finance website (Phoca Download form). Figures for the coming year are budget estimates; figures for the past year are preliminary outturns as stated by the Minister. Currency is EC$ unless stated.
dma-budget-address-2022-23,Budget Address 2022-2023,"Government of the Commonwealth of Dominica, Ministry of Finance",,government,DMA,2022,2026-09-28,https://finance.gov.dm/en/publications/budget-addresses/34-budget-address-2022-2023,,raw/dma-budget-address-2022-23.pdf,f956cc4fefa6d2189cba914da1f6d03077a148d0b4b3c735816d939b8ae81157,Non-tax revenue (mainly CBI) FY2021/22; plan to earmark CBI revenue for debt repayment.,Budget address delivered in Parliament; downloaded from the Ministry of Finance website (Phoca Download form). Figures for the coming year are budget estimates; figures for the past year are preliminary outturns as stated by the Minister. Currency is EC$ unless stated.
dma-budget-address-2023-24,Budget Address 2023-2024: Resetting to Ensure the Judicious use of Government’s limited resources,"Government of the Commonwealth of Dominica, Ministry of Finance",,government,DMA,2023-07-25,2026-09-28,https://finance.gov.dm/en/publications/budget-addresses/39-budget-address-2023-2024-resetting-to-ensure-the-judicious-use-of-governments-limited-resources-by-hon-dr-irving-mcintyre,,raw/dma-budget-address-2023-24.pdf,712804a4c89fc1b1e195a3bf57eea2e8aa90189150c6a9325b0c6f7614222a1e,"US$5,000 levy per CBI investor in CBI-funded private developments from 1 Sept 2023; Debt Repayment Fund.",Budget address delivered in Parliament; downloaded from the Ministry of Finance website (Phoca Download form). Figures for the coming year are budget estimates; figures for the past year are preliminary outturns as stated by the Minister. Currency is EC$ unless stated.
dma-budget-address-2024-25,Budget Address 2024-2025,"Government of the Commonwealth of Dominica, Ministry of Finance",,government,DMA,2024-07,2026-09-28,https://finance.gov.dm/en/publications/budget-addresses/40-budget-address-2024-2025,,raw/dma-budget-address-2024-25.pdf,7437c6e23d38f5b217c9744ea8decf56b4b0460362444d2032261bd83e96ca6e,CBI budget estimate FY2024/25.,Budget address delivered in Parliament; downloaded from the Ministry of Finance website (Phoca Download form). Figures for the coming year are budget estimates; figures for the past year are preliminary outturns as stated by the Minister. Currency is EC$ unless stated.
dma-budget-address-2025-26,Budget Address 2025/2026,"Government of the Commonwealth of Dominica, Ministry of Finance",,government,DMA,2025,2026-09-28,https://finance.gov.dm/en/publications/budget-addresses/41-budget-address-2025-2026,,raw/dma-budget-address-2025-26.pdf,b0a965c161d1677c84b8fb47d54d9023942a041bd0455e0d7c7a31329c5a8dd9,CBI budget estimate FY2025/26; CBI share of total revenue FY2024/25.,Budget address delivered in Parliament; downloaded from the Ministry of Finance website (Phoca Download form). Figures for the coming year are budget estimates; figures for the past year are preliminary outturns as stated by the Minister. Currency is EC$ unless stated.
dma-budget-address-2026-27,Budget Address 2026/2027: Protecting Our Progress. Strengthening Our Independence. Securing Our Future,"Government of the Commonwealth of Dominica, Ministry of Finance",,government,DMA,2026,2026-09-28,https://finance.gov.dm/en/publications/budget-addresses/45-budget-address-2026-2027,,raw/dma-budget-address-2026-27.pdf,2112ecee1943094176b809971c1c9ef4983724a14954606a1012ea15e9b6dfbc,Narrative on CBI use after Hurricane Maria; ECCIRA Act passed October 2025.,Budget address delivered in Parliament; downloaded from the Ministry of Finance website (Phoca Download form). Figures for the coming year are budget estimates; figures for the past year are preliminary outturns as stated by the Minister. Currency is EC$ unless stated.
dma-caribbean360-2026-08,Dominica unveils diaspora citizenship plan as CBI revenue under threat,Caribbean360,,media,DMA,2026-08-11,2026-09-28,https://caribbean360.com/dominica-unveils-diaspora-citizenship-plan-as-cbi-revenue-under-threat,,,,"Grandparent citizenship pathway, opposition claims on CBI share of revenue, EU phase-out request.",Media; quotes the Dominica Freedom Party (opposition) for the 56.7 percent figure.
dma-cbiu-brochure-2024,Dominica Citizenship by Investment Unit brochure 2024,"Citizenship by Investment Unit, Government of Dominica",,government,DMA,2024-11,2026-09-28,https://www.cbiu.gov.dm/wp-content/uploads/2024/11/Dominica_CBIU_Brochure_2024_F.pdf,,raw/dma-cbiu-brochure-2024.pdf,ffcce48b018c218583dc2fca401fd3f72eea5375f7ea697881098d92283c67e9,"Programme description, launch year 1993, investment options and minimums.",Marketing material from the official unit; publication month inferred from upload path.
dma-cbiu-re-brochure-2024,Dominica Citizenship by Investment Unit real estate brochure 2024,"Citizenship by Investment Unit, Government of Dominica",,government,DMA,2024-11,2026-09-28,https://www.cbiu.gov.dm/wp-content/uploads/2024/11/Dominica_CBIU_Real_Estate_Brochure_2024_F.pdf,,raw/dma-cbiu-re-brochure-2024.pdf,e84dc23086aeb40191108aef63fc6812fa8ab04344c0f58f5e5f8f56e4465204,"Real estate route: minimum, holding period, fees.",Downloaded for reference; not used for observations.
dma-imf-art4-2016,Dominica: 2016 Article IV Consultation - Press Release; Staff Report; and Statement by the Executive Director for Dominica (IMF Country Report No. 16/244),International Monetary Fund,,imf,DMA,2016-07,2026-09-28,https://www.imf.org/external/pubs/ft/scr/2016/cr16244.pdf,,raw/dma-imf-art4-2016.pdf,74539ddb6bb5a18117faeac3424c4a63f6357514f7abbc73c970603f27717131,"Central government operations FY2012/13-FY2021/22 incl. ""Of which: ECP"" (Economic Citizenship Program) revenue in EC$ and % of GDP (Tables 5a/5b); supplement on the FY2016/17 draft budget.","IMF tables combine data from the Dominican authorities with Fund staff estimates. Direct curl download is blocked by the IMF site (HTTP 403); the PDF was retrieved through a browser session from the URL given. Programme called ECP in this report. Fiscal years July-June; column ""2015"" = FY2015/16. Published date approximate (month)."
dma-imf-art4-2017,Dominica: 2017 Article IV Consultation - Press Release and Staff Report (IMF Country Report No. 17/391),International Monetary Fund,,imf,DMA,2017-12,2026-09-28,https://www.imf.org/-/media/files/publications/cr/2017/cr17391-dominicabundle.pdf,,raw/dma-imf-art4-2017.pdf,4998e3c348083619d639bd10d888877ce84f201ef06062e7ae47199c71559156,"CBI revenue FY2012/13-FY2022/23 (Tables 5a/5b), CBI in % of GDP 2015-2016 in text.","IMF tables combine data from the Dominican authorities with Fund staff estimates. Direct curl download is blocked by the IMF site (HTTP 403); the PDF was retrieved through a browser session from the URL given. Staff work predates Hurricane Maria (Sept 2017) although published Dec 2017. Table note: ""Fiscal data for FY2016/17 (calendar year 2016) are staff projections."" Its FY2016/17 CBI figure (EC$136.0m) was later revised to EC$331.8m (2018 report) and EC$491.2m (2021 report)."
dma-imf-art4-2018,Dominica: 2018 Article IV Consultation - Press Release and Staff Report (IMF Country Report No. 18/265),International Monetary Fund,,imf,DMA,2018-09-05,2026-09-28,https://www.imf.org/-/media/files/publications/cr/2018/cr18265-dominicaartiv.pdf,,raw/dma-imf-art4-2018.pdf,69689d98a29426fd47b9bfbc2d202971a62741b302197bcfc6c39e169d947fae,"Post-Hurricane Maria report. CBI revenue FY2012/13-FY2023/24 (Tables 3a/3b), description of CBI prices, note that CBI revenues were partly off-budget.","IMF tables combine data from the Dominican authorities with Fund staff estimates. Direct curl download is blocked by the IMF site (HTTP 403); the PDF was retrieved through a browser session from the URL given. Notes: ""CBI revenues have not yet been recorded in the budget"" (p.10) and ""Other flows are driven by off-budget revenue from CBI"" (Table 3a note 5)."
dma-imf-art4-2021,Dominica: 2021 Article IV Consultation - Press Release; Staff Report; and Statement by the Executive Director for Dominica (IMF Country Report No. 22/40),International Monetary Fund,,imf,DMA,2022-02-14,2026-09-28,https://www.imf.org/-/media/files/publications/cr/2022/english/1dmaea2022001.pdf,,raw/dma-imf-art4-2021.pdf,6ebe23adadc8c1a3544f9ebd8c22d22e891c1393878555cec588b73d6d1e64da,CBI revenue FY2016/17-FY2026/27 in EC$ and % of GDP (Tables 2a/2b).,"IMF tables combine data from the Dominican authorities with Fund staff estimates. Direct curl download is blocked by the IMF site (HTTP 403); the PDF was retrieved through a browser session from the URL given. Revised FY2016/17 and FY2017/18 CBI revenue sharply upward relative to the 2018 report. BoP table note: large errors and omissions in 2016-2017 ""presumed to be driven by inconsistent timing of the recording of CBI revenue""."
dma-imf-art4-2023,Dominica: 2023 Article IV Consultation - Press Release; and Staff Report for Dominica (IMF Country Report No. 23/246),International Monetary Fund,,imf,DMA,2023-07-05,2026-09-28,https://www.imf.org/-/media/files/publications/cr/2023/english/1dmaea2023001.pdf,,raw/dma-imf-art4-2023.pdf,60d444b0365941cde6a3505fb75f85a42280f17f69086c6c0c6dbf6624213915,CBI revenue FY2018/19-FY2028/29 (Tables 3a/3b).,IMF tables combine data from the Dominican authorities with Fund staff estimates. Direct curl download is blocked by the IMF site (HTTP 403); the PDF was retrieved through a browser session from the URL given. The statistical tables in this PDF are images without a text layer; values were read visually from the page images (PDF pp. 35-36) and should be re-checked.
dma-imf-art4-2024,Dominica: 2024 Article IV Consultation - Press Release; Staff Report; and Statement by the Executive Director for Dominica (IMF Country Report No. 24/192),International Monetary Fund,,imf,DMA,2024-06-27,2026-09-28,https://www.imf.org/-/media/files/publications/cr/2024/english/1dmaea2024001-print-pdf.pdf,,raw/dma-imf-art4-2024.pdf,301d966ca8e898fe13f9fdcd888805d43ed82d0768ace12cf0ed0dbd324b96d7,"CBI inflows (BoP, calendar year, US$ and % of GDP) 2019-2029 (Table 2); CBI fiscal revenue FY2019/20-FY2029/30 (Tables 3a/3b).",IMF tables combine data from the Dominican authorities with Fund staff estimates. Direct curl download is blocked by the IMF site (HTTP 403); the PDF was retrieved through a browser session from the URL given. Its preliminary FY2023/24 CBI revenue (EC$331.0m) was revised to EC$602.3m in the 2025 report.
dma-imf-art4-2025,Dominica: 2025 Article IV Consultation - Press Release; and Staff Report (IMF Country Report No. 25/130),International Monetary Fund,,imf,DMA,2025-06-12,2026-09-28,https://www.imf.org/-/media/files/publications/cr/2025/english/1dmaea2025001-print-pdf.pdf,,raw/dma-imf-art4-2025.pdf,62f906bfa2eec94bc9a5319a52918a6f060481490699170f6b9785f2e8be7b1d,"CBI inflows (BoP, calendar year) 2020-2030 (Table 2); CBI fiscal revenue FY2020/21-FY2030/31 (Tables 3a/3b).",IMF tables combine data from the Dominican authorities with Fund staff estimates. Direct curl download is blocked by the IMF site (HTTP 403); the PDF was retrieved through a browser session from the URL given.
dma-imf-art4-2026,Dominica: 2026 Article IV Consultation - Press Release; Staff Report; and Statement by the Executive Director for Dominica (IMF Country Report No. 26/117),International Monetary Fund,,imf,DMA,2026-06-02,2026-09-28,https://www.imf.org/-/media/files/publications/cr/2026/english/1dmaea2026001.pdf,,raw/dma-imf-art4-2026.pdf,666be53846acfd384ac4e04adf5f912754158d8373389970d260735cb10f4865,"CBI inflows (BoP, calendar year) 2021-2031 (Tables 1-2); CBI fiscal revenue FY2021/22-FY2031/32 (Tables 3a/3b); data-adequacy notes on CBI reporting; CBI reforms (ECCIRA, MOA, Six Principles).","IMF tables combine data from the Dominican authorities with Fund staff estimates. Direct curl download is blocked by the IMF site (HTTP 403); the PDF was retrieved through a browser session from the URL given. States that details on CBI revenue incl. number of passports issued are not available to staff, and that reporting of CBI flows in fiscal accounts has deteriorated."
dma-imf-wp-15-93,Too Much of a Good Thing? Prudent Management of Inflows under Economic Citizenship Programs (IMF Working Paper WP/15/93),International Monetary Fund,"Xin Xu, Ahmed El-Ashram, Judith Gold",imf,DMA,2015-05,2026-09-28,https://www.imf.org/external/pubs/ft/wp/2015/wp1593.pdf,,raw/dma-imf-wp-15-93.pdf,5590620c4dd237776053d928c195543b376cdaaf09f901ca3c92d878b9361e75,Cross-country overview of ECPs; Dominica ECP receipts in % of GDP 2013; minimum investment table.,"Working paper; views of the authors, not necessarily the IMF. Retrieved via browser session."
dma-imidaily-2024-09,Dominica CBI Revenues at 37% of GDP: IMF Warns of “Over-Reliance”,IMI Daily,,industry,DMA,2024-09-30,2026-09-28,https://www.imidaily.com/caribbean/dominica-cbi-revenues-at-37-of-gdp-imf-warns-of-over-reliance/,https://web.archive.org/web/20250723124704/https://www.imidaily.com/caribbean/dominica-cbi-revenues-at-37-of-gdp-imf-warns-of-over-reliance/,,,Trade-press summary of the 2024 IMF Article IV report.,Industry news site. The 2024 IMF report itself shows 36.6 percent for FY2022/23.
dma-occrp-2023,"Implausible Budget Numbers, Undisclosed Names Raise Red Flags about Dominica’s Citizenship-By-Investment Program",OCCRP,Zack Kopplin,media,DMA,2023-10-12,2026-09-28,https://www.occrp.org/en/project/dominica-passports-of-the-caribbean/implausible-budget-numbers-undisclosed-names-raise-red-flags-about-dominicas-citizenship-by-investment-program,https://web.archive.org/web/20260713183303/https://www.occrp.org/en/project/dominica-passports-of-the-caribbean/implausible-budget-numbers-undisclosed-names-raise-red-flags-about-dominicas-citizenship-by-investment-program,,,Comparison of gazetted naturalisations with naturalisation-fee receipts in budgets; PM statements on sales and revenue.,"Part of the ""Dominica: Passports of the Caribbean"" project with partners incl. Heidi.news. Media source: linked, not stored. Figures are OCCRP analysis or OCCRP reports of officials’ statements."
dma-sro1-2024,Commonwealth of Dominica Citizenship by Investment Regulations 2024 (S.R.O. 1 of 2024),Government of the Commonwealth of Dominica,,legislation,DMA,2024-01-25,2026-09-28,https://dominica.gov.dm/laws/2024/dominica_citizenship_by_investment_regulations_2024_sro_1_of_2024.pdf,,raw/dma-sro1-2024.pdf,fda9183a460dc1676ef04b5711c5049cacb1aabac2735cd10f9d68e0f75da55f,"Full regulations; fund contribution US$100,000 (main applicant), real estate minimum US$200,000.",Gazetted 25 January 2024; repeals the 2023 regulations (not reviewed). Itself repealed by S.R.O. 8 of 2024.
dma-sro23-2017,"Commonwealth of Dominica Citizenship by Investment (Amendment) Regulations, 2017 (S.R.O. 23 of 2017)",Government of the Commonwealth of Dominica,,legislation,DMA,2017-08-31,2026-09-28,https://www.cbiu.gov.dm/wp-content/uploads/2020/10/S.R.O.-23-of-2017.pdf,,raw/dma-sro23-2017.pdf,fcad50f525def6406fa5f1f5144ddd1c7a56edf23a5df86c77906563f93d9a2d,Fees and fund contributions from 1 September 2017 for 12 months (lower real-estate government fees).,Gazetted 31 August 2017. Text layer from a PDF4Free conversion.
dma-sro37-2014,"Commonwealth of Dominica Citizenship by Investment Regulations, 2014 (S.R.O. 37 of 2014)",Government of the Commonwealth of Dominica,,legislation,DMA,2014-10-23,2026-09-28,https://www.cbiu.gov.dm/wp-content/uploads/2018/02/Commonwealth-of-Dominica-Citizenship-by-Investment-Regulations-2014-S.R.O.-37-of-2014.pdf,,raw/dma-sro37-2014.pdf,97b8fc3e329d90188787ed8edda41a7fccc89c152788c967efbc92d48707ca25,"Fees, fund contribution and real estate minimum from 1 January 2014.","Gazetted 23 October 2014; repealed the 2013 regulations (S.R.O. 43 of 2013), which were not reviewed."
dma-sro38-2016,Commonwealth of Dominica Citizenship by Investment (Amendment) Regulations 2016 (S.R.O. 38 of 2016),Government of the Commonwealth of Dominica,,legislation,DMA,2016-12-01,2026-09-28,https://www.cbiu.gov.dm/wp-content/uploads/2018/02/Commonwealth-of-Dominica-Citizenship-by-Investment-Amendment-Regulations-2016-S.R.O.-38-of-2016.pdf,,raw/dma-sro38-2016.pdf,526a65a8815fb5cefab190a25215e27ffd48750187d032d4712cffc053e460f1,Amendment of family fee tiers.,Downloaded; not used for observations.
dma-sro8-2024,Commonwealth of Dominica Citizenship by Investment Regulations (S.R.O. 8 of 2024),Government of the Commonwealth of Dominica,,legislation,DMA,2024-06-28,2026-09-28,https://www.dominica.gov.dm/laws/2024/commonwealth_of_dominica_citizenship_by_investment_regulations_sro_8_of_2024.pdf,,raw/dma-sro8-2024.pdf,3cb5909ca5dc6d10a56f63f3e31605293bdde0abd9ed14d23e9c27a5aca04307,"Full regulations; fund contribution raised to US$200,000 (main applicant); real estate minimum US$200,000 plus US$75,000 government fee.",Gazetted 28 June 2024; repeals S.R.O. 1 of 2024. Implements the regional MOA price floor.
intl-eu-dma-visa-waiver-2015,Agreement between the European Union and the Commonwealth of Dominica on the short-stay visa waiver,"Official Journal of the European Union L 173, 3.7.2015 (L 173/21)",,legislation,DMA,2015-07-03,2026-09-28,http://publications.europa.eu/resource/celex/22015A0703(03),,raw/intl-eu-dma-visa-waiver-2015.pdf,e5985bc5f77c97d976588899635928b99ef5ff517e8218787bb532e67b4d18e1,"Visa waiver agreement text, signed 28 May 2015 and provisionally applied from signature.",
egy-aljazeera-opinion-2023,جدوى منح الجنسية المصرية مقابل ودائع دولارية,Al Jazeera Net (opinion),ممدوح الولي,media,EGY,2023-03-14,2026-10-02,https://www.aljazeera.net/opinions/2023/3/14/%D8%AC%D8%AF%D9%88%D9%89-%D9%85%D9%86%D8%AD-%D8%A7%D9%84%D8%AC%D9%86%D8%B3%D9%8A%D8%A9-%D8%A7%D9%84%D9%85%D8%B5%D8%B1%D9%8A%D8%A9-%D9%85%D9%82%D8%A7%D8%A8%D9%84-%D9%88%D8%AF%D8%A7%D8%A6%D8%B9,https://web.archive.org/web/20250225134908/https://www.aljazeera.net/opinions/2023/3/14/%D8%AC%D8%AF%D9%88%D9%89-%D9%85%D9%86%D8%AD-%D8%A7%D9%84%D8%AC%D9%86%D8%B3%D9%8A%D8%A9-%D8%A7%D9%84%D9%85%D8%B5%D8%B1%D9%8A%D8%A9-%D9%85%D9%82%D8%A7%D8%A8%D9%84-%D9%88%D8%AF%D8%A7%D8%A6%D8%B9,,,"History 2016-2023: Law 173/2018 deposit residence, Law 140/2019, the December 2019 decree's four options and amounts, the 2023 cuts; notes that the unit has not published how many people obtained citizenship.",Opinion column by economic journalist Mamdouh al-Wali; read as a secondary account. Not stored.
egy-aljazeera-terms-2023,تعديلات وقرارات جديدة.. أربع حالات لنيل الجنسية المصرية,Al Jazeera Net (from Anadolu Agency),,media,EGY,2023-03-08,2026-10-02,https://www.aljazeera.net/news/2023/3/8/%D9%85%D8%B5%D8%B1-%D8%AA%D8%B9%D8%AF%D9%84-%D9%82%D8%A7%D9%86%D9%88%D9%86-%D8%A7%D9%84%D8%AC%D9%86%D8%B3%D9%8A%D8%A9-%D9%84%D8%AC%D8%B0%D8%A8-%D8%A7%D9%84%D8%B9%D9%85%D9%84%D8%A9,https://web.archive.org/web/20251112204347/https://www.aljazeera.net/news/2023/3/8/%D9%85%D8%B5%D8%B1-%D8%AA%D8%B9%D8%AF%D9%84-%D9%82%D8%A7%D9%86%D9%88%D9%86-%D8%A7%D9%84%D8%AC%D9%86%D8%B3%D9%8A%D8%A9-%D9%84%D8%AC%D8%B0%D8%A8-%D8%A7%D9%84%D8%B9%D9%85%D9%84%D8%A9,,,"Compares Decree 876/2023 with the earlier terms of Decree 3099/2019 (property USD 500,000; project USD 400,000 with at least 40% stake; deposit USD 750,000 for 5 years or USD 1 million for 3 years; donation USD 250,000).",Media; used only for the 2019-2023 terms because the text of PM Decree 3099/2019 was not obtained. Not stored.
egy-ecu-about-2026,من نحن - الجنسية المصرية بالبرامج الاستثمارية (About the unit),"Prime Minister's Office (Cabinet), Unit for Examining Naturalisation Applications, ecu.gov.eg",,government,EGY,2026,2026-10-02,https://ecu.gov.eg/ECI/StaticContent/View.aspx?cid=1,,raw/egy-ecu-about-2026.html,444deac2d1615bad6fd4e0f4a23f64b1ae82da0b72f9eafc88c9ac1ebe5dee85,"Lists the legal acts: Law 140/2019, PM Decrees 3099/2019 and 3562/2023 (routes), PM Decree 647/2020 (the unit); reception office at GAFI (General Authority for Investment and Free Zones), Salah Salem Rd, Cairo.",Does not mention Decree 876/2023.
egy-ecu-faq-2026,الأسئلة المتكررة (FAQ),"Prime Minister's Office (Cabinet), Unit for Examining Naturalisation Applications, ecu.gov.eg",,government,EGY,2026,2026-10-02,https://ecu.gov.eg/ECI/FQA/List.aspx,,raw/egy-ecu-faq-2026.html,f07843a88d26e9023ab258f0a151194178ec264830b0c8caeb9982159ead451b,"Instalments (USD 250,000 donation or USD 300,000 property over up to one year), revocation within 10 years for fraud, no language test, 6-12 months to passport, open to all nationalities, dual nationality allowed.",
egy-ecu-programmes-2026,البرامج الاستثمارية - الجنسية المصرية بالبرامج الاستثمارية (Investment programmes page),"Prime Minister's Office (Cabinet), Unit for Examining Naturalisation Applications, ecu.gov.eg",,government,EGY,2026,2026-10-02,https://ecu.gov.eg/ECI/InvestmentProgram/List.aspx,,raw/egy-ecu-programmes-2026.html,5c38f030fc9dd56169b8251b5782b3e93239c1e11c7b95411c705cbfd2e259a9,"Official programme website: the four current routes (property USD 300,000; project USD 350,000 + USD 100,000 to the Treasury, shown as 'USD 450,000 minimum'; USD 500,000 deposit for 3 years; USD 250,000 direct revenue) and the USD 250,000 payment required to keep citizenship if the property or project is sold within five years.",Live page captured 2026-10-02 (www.ecu.gov.eg does not resolve; ecu.gov.eg does). No statistics on the site.
egy-ecu-steps-2026,خطوات الحصول على الجنسية المصرية (Steps),"Prime Minister's Office (Cabinet), Unit for Examining Naturalisation Applications, ecu.gov.eg",,government,EGY,2026,2026-10-02,https://ecu.gov.eg/ECI/StaticContent/View.aspx?cid=5,,raw/egy-ecu-steps-2026.html,d9fc1170873289086390cc4116d4dbca0100951e4565610c667469d86f18830e,"Procedure: USD 10,000 non-refundable fee paid to a Cabinet account at the Central Bank; preliminary decision in 3-6 months after security vetting; 6-month temporary residence to complete the investment; final PM decision within 3 months.",
egy-egyptindependent-2018,Egypt Parliament approves granting nationality to foreign residents for LE7 million deposit,Egypt Independent,,media,EGY,2018-07-15,2026-10-02,https://www.egyptindependent.com/egypt-parliament-approves-granting-nationality-foreign-residents-le7-million-deposit/,https://web.archive.org/web/20260309054322/https://egyptindependent.com/egypt-parliament-approves-granting-nationality-foreign-residents-le7-million-deposit/,,,House of Representatives vote on the 2018 deposit-residence bill; opposition objections.,Media (edited translation from Al-Masry Al-Youm); not stored.
egy-gazette-pmd-1321-2022,قرار رئيس مجلس الوزراء رقم 1321 لسنة 2022 (Prime Minister's Decree No. 1321 of 2022 granting Egyptian nationality),"Arab Republic of Egypt, Official Gazette No. 13 bis (c), 2022-04-06 (scan hosted by Manshurat Qanuniya)",,legislation,EGY,2022-04-06,2026-10-02,https://manshurat.org/content/mnh-ljnsy-lmsry-lkhms-swryyn-wflstynyyn-wlbnny,,raw/egy-gazette-pmd-1321-2022.pdf,3904340431504e706479737ee93d53045f06c3350e440eb24019f0b329a5a086,"Prime Minister's decree dated 2022-04-06 granting Egyptian nationality to 9 named persons. The preamble cites PM Decree 3099/2019 (investment routes) and the opinion of the naturalisation unit (PM Decree 647/2020), i.e. grants under the investment programme. Gazette pp. 3-4.","Lists named individuals with nationality, place and date of birth; the dataset records only the count. Children and spouses appear to be listed individually (same surnames, recent birth dates), so the count may include family members. Manshurat's page titles give nationality counts that do not always match the list."
egy-gazette-pmd-1323-2022,قرار رئيس مجلس الوزراء رقم 1323 لسنة 2022 (Prime Minister's Decree No. 1323 of 2022 granting Egyptian nationality),"Arab Republic of Egypt, Official Gazette No. 13 bis (c), 2022-04-06 (scan hosted by Manshurat Qanuniya)",,legislation,EGY,2022-04-06,2026-10-02,https://manshurat.org/content/mnh-ljnsy-lmsry-l-16-mwtn-swry-wmwtn-whd-brytny,,raw/egy-gazette-pmd-1323-2022.pdf,4e76cb576f552ba1b1e5add1303f50245632417571fbf738eec41a98da109128,"Prime Minister's decree dated 2022-04-06 granting Egyptian nationality to 17 named persons. The preamble cites PM Decree 3099/2019 (investment routes) and the opinion of the naturalisation unit (PM Decree 647/2020), i.e. grants under the investment programme. Gazette pp. 5-7.","Lists named individuals with nationality, place and date of birth; the dataset records only the count. Children and spouses appear to be listed individually (same surnames, recent birth dates), so the count may include family members. Manshurat's page titles give nationality counts that do not always match the list."
egy-gazette-pmd-2653-2022,قرار رئيس مجلس الوزراء رقم 2653 لسنة 2022 (Prime Minister's Decree No. 2653 of 2022 granting Egyptian nationality),"Arab Republic of Egypt, Official Gazette No. 31, 2022-08-04 (scan hosted by Manshurat Qanuniya)",,legislation,EGY,2022-08-04,2026-10-02,https://manshurat.org/content/mnh-ljnsy-lmsry-l-5-mwtnyn-swryyn-w3-mwtnyn-flstynyyn-wwmwtnyn-ymnyyn-w3-mwtnyn-srlynkyyn,,raw/egy-gazette-pmd-2653-2022.pdf,6a43f7f51dcd4b20866b4e3ea51667be2490ced18c5f3bac4a50fe8ccbedd951,"Prime Minister's decree dated 2022-07-25 granting Egyptian nationality to 15 named persons. The preamble cites PM Decree 3099/2019 (investment routes) and the opinion of the naturalisation unit (PM Decree 647/2020), i.e. grants under the investment programme. Gazette pp. 33-34.","Lists named individuals with nationality, place and date of birth; the dataset records only the count. Children and spouses appear to be listed individually (same surnames, recent birth dates), so the count may include family members. Manshurat's page titles give nationality counts that do not always match the list."
egy-gazette-pmd-3280-2023,قرار رئيس مجلس الوزراء رقم 3280 لسنة 2023 (Prime Minister's Decree No. 3280 of 2023 granting Egyptian nationality),"Arab Republic of Egypt, Official Gazette No. 34 bis (c), 2023-08-29 (scan hosted by Manshurat Qanuniya)",,legislation,EGY,2023-08-29,2026-10-02,https://manshurat.org/content/mnh-ljnsy-lmsry-lmwtn-swry-wmwtn-lyby,,raw/egy-gazette-pmd-3280-2023.pdf,c23066778a035bbba907abb7434770b89b78b6d01a4f07578349e68facae7a57,"Prime Minister's decree dated 2023-08-29 granting Egyptian nationality to 2 named persons. The preamble cites PM Decree 3099/2019 (investment routes) and the opinion of the naturalisation unit (PM Decree 647/2020), i.e. grants under the investment programme. Gazette pp. 2-3.","Lists named individuals with nationality, place and date of birth; the dataset records only the count. Children and spouses appear to be listed individually (same surnames, recent birth dates), so the count may include family members. Manshurat's page titles give nationality counts that do not always match the list."
egy-gazette-pmd-3562-2023,قرار رئيس مجلس الوزراء رقم 3562 لسنة 2023 بتعديل بعض أحكام قرار رئيس مجلس الوزراء رقم 3099 لسنة 2019 وبعض أحكام قرار رئيس مجلس الوزراء رقم 647 لسنة 2020 (Prime Minister's Decree No. 3562 of 2023),"Arab Republic of Egypt, Official Gazette No. 37 bis, 18 Sep 2023 (scan hosted by Manshurat Qanuniya)",,legislation,EGY,2023-09-18,2026-10-02,https://manshurat.org/content/tdyl-bd-hkm-qrr-tnzym-hlt-mnh-ljnsy-lmsry-wqrr-tnzym-tshkyl-whd-fhs-tlbt-ltjns,,raw/egy-gazette-pmd-3562-2023.pdf,868c251e69e82e13de25246fef642e0760a23d8e93859dda6ccb82c2db762ff9,"Property route widened from state-owned property to any property (USD 300,000); the USD 10,000 fee may be paid in EGP equivalent; lists documents for property applicants incl. an undertaking not to sell for five years. In force the day after publication.",Gazette pages 2-4.
egy-gazette-pmd-3708-2023,قرار رئيس مجلس الوزراء رقم 3708 لسنة 2023 (Prime Minister's Decree No. 3708 of 2023 granting Egyptian nationality),"Arab Republic of Egypt, Official Gazette No. 42, 2023-10-19 (scan hosted by Manshurat Qanuniya)",,legislation,EGY,2023-10-19,2026-10-02,https://manshurat.org/content/mnh-ljnsy-lmsry-l9-mwtnyn-swryyn-wmwtn-flstyny,,raw/egy-gazette-pmd-3708-2023.pdf,b077f92647c1f0aed43916f5dcd785bb1511e473064bc86e8b50969bfa60f7b4,"Prime Minister's decree dated 2023-10-01 granting Egyptian nationality to 10 named persons. The preamble cites PM Decree 3099/2019 (investment routes) and the opinion of the naturalisation unit (PM Decree 647/2020), i.e. grants under the investment programme. Gazette pp. 43-44.","Lists named individuals with nationality, place and date of birth; the dataset records only the count. Children and spouses appear to be listed individually (same surnames, recent birth dates), so the count may include family members. Manshurat's page titles give nationality counts that do not always match the list."
egy-gazette-pmd-3709-2023,قرار رئيس مجلس الوزراء رقم 3709 لسنة 2023 (Prime Minister's Decree No. 3709 of 2023 granting Egyptian nationality),"Arab Republic of Egypt, Official Gazette No. 42, 2023-10-19 (scan hosted by Manshurat Qanuniya)",,legislation,EGY,2023-10-19,2026-10-02,https://manshurat.org/content/mnh-ljnsy-lmsry-l-10-mwtnyn-swryyn-1,,raw/egy-gazette-pmd-3709-2023.pdf,b1c3e6de540fc974fa89194afa1b872ca2297ce367134de406182003568e0aaf,"Prime Minister's decree dated 2023-10-01 granting Egyptian nationality to 10 named persons. The preamble cites PM Decree 3099/2019 (investment routes) and the opinion of the naturalisation unit (PM Decree 647/2020), i.e. grants under the investment programme. Gazette pp. 45-46.","Lists named individuals with nationality, place and date of birth; the dataset records only the count. Children and spouses appear to be listed individually (same surnames, recent birth dates), so the count may include family members. Manshurat's page titles give nationality counts that do not always match the list."
egy-gazette-pmd-3710-2023,قرار رئيس مجلس الوزراء رقم 3710 لسنة 2023 (Prime Minister's Decree No. 3710 of 2023 granting Egyptian nationality),"Arab Republic of Egypt, Official Gazette No. 42, 2023-10-19 (scan hosted by Manshurat Qanuniya)",,legislation,EGY,2023-10-19,2026-10-02,https://manshurat.org/content/mnh-ljnsy-lmsry-l-8-mwtnyn-swryyn-wmwtnyn-thynn-rqyyn,,raw/egy-gazette-pmd-3710-2023.pdf,9b4fd36de6a63725601c6bc345e3cf1048818be076e88d647f73b00d934b1c1a,"Prime Minister's decree dated 2023-10-01 granting Egyptian nationality to 10 named persons. The preamble cites PM Decree 3099/2019 (investment routes) and the opinion of the naturalisation unit (PM Decree 647/2020), i.e. grants under the investment programme. Gazette pp. 47-48.","Lists named individuals with nationality, place and date of birth; the dataset records only the count. Children and spouses appear to be listed individually (same surnames, recent birth dates), so the count may include family members. Manshurat's page titles give nationality counts that do not always match the list."
egy-gazette-pmd-3711-2023,قرار رئيس مجلس الوزراء رقم 3711 لسنة 2023 (Prime Minister's Decree No. 3711 of 2023 granting Egyptian nationality),"Arab Republic of Egypt, Official Gazette No. 42, 2023-10-19 (scan hosted by Manshurat Qanuniya)",,legislation,EGY,2023-10-19,2026-10-02,https://manshurat.org/content/mnh-ljnsy-lmsry-l-10-mwtnyn-swryyn-0,,raw/egy-gazette-pmd-3711-2023.pdf,cad7d059406fa8028a6773697d9e38bcd4cbee2f4b551b4a4d72f74c8c488ed3,"Prime Minister's decree dated 2023-10-01 granting Egyptian nationality to 10 named persons. The preamble cites PM Decree 3099/2019 (investment routes) and the opinion of the naturalisation unit (PM Decree 647/2020), i.e. grants under the investment programme. Gazette pp. 49-50.","Lists named individuals with nationality, place and date of birth; the dataset records only the count. Children and spouses appear to be listed individually (same surnames, recent birth dates), so the count may include family members. Manshurat's page titles give nationality counts that do not always match the list."
egy-gazette-pmd-3712-2023,قرار رئيس مجلس الوزراء رقم 3712 لسنة 2023 (Prime Minister's Decree No. 3712 of 2023 granting Egyptian nationality),"Arab Republic of Egypt, Official Gazette No. 42, 2023-10-19 (scan hosted by Manshurat Qanuniya)",,legislation,EGY,2023-10-19,2026-10-02,https://manshurat.org/content/mnh-ljnsy-lmsry-l-10-mwtnyn-swryyn,,raw/egy-gazette-pmd-3712-2023.pdf,b3b33f92c737e415b3f67776300fcefd267fd634e8e7660699d8dc5453240646,"Prime Minister's decree dated 2023-10-01 granting Egyptian nationality to 10 named persons. The preamble cites PM Decree 3099/2019 (investment routes) and the opinion of the naturalisation unit (PM Decree 647/2020), i.e. grants under the investment programme. Gazette pp. 51-52.","Lists named individuals with nationality, place and date of birth; the dataset records only the count. Children and spouses appear to be listed individually (same surnames, recent birth dates), so the count may include family members. Manshurat's page titles give nationality counts that do not always match the list."
egy-gazette-pmd-3713-2023,قرار رئيس مجلس الوزراء رقم 3713 لسنة 2023 (Prime Minister's Decree No. 3713 of 2023 granting Egyptian nationality),"Arab Republic of Egypt, Official Gazette No. 40 bis (f), 2023-10-11 (scan hosted by Manshurat Qanuniya)",,legislation,EGY,2023-10-11,2026-10-02,https://manshurat.org/content/mnh-ljnsy-lmsry-l-5-mwtnyn-swryyn-wmwtnyn-lbnnyyn,,raw/egy-gazette-pmd-3713-2023.pdf,fbc2dd14ea14caca6fbaba8bc40e778e9f169357f7674e978486eba1e45d3883,"Prime Minister's decree dated 2023-10-01 granting Egyptian nationality to 7 named persons. The preamble cites PM Decree 3099/2019 (investment routes) and the opinion of the naturalisation unit (PM Decree 647/2020), i.e. grants under the investment programme. Gazette pp. 3-4.","Lists named individuals with nationality, place and date of birth; the dataset records only the count. Children and spouses appear to be listed individually (same surnames, recent birth dates), so the count may include family members. Manshurat's page titles give nationality counts that do not always match the list."
egy-gazette-pmd-4876-2023,قرار رئيس مجلس الوزراء رقم 4876 لسنة 2023 (Prime Minister's Decree No. 4876 of 2023 granting Egyptian nationality),"Arab Republic of Egypt, Official Gazette No. 52, 2023-12-28 (scan hosted by Manshurat Qanuniya)",,legislation,EGY,2023-12-28,2026-10-02,https://manshurat.org/content/mnh-ljnsy-lmsry-l-6-swryyn,,raw/egy-gazette-pmd-4876-2023.pdf,52472ed81e2b5e1d04a2348ac6e01e0c0dcbbb2be399701ac9bf375fcce384a4,"Prime Minister's decree dated 2023-12-17 granting Egyptian nationality to 6 named persons. The preamble cites PM Decree 3099/2019 (investment routes) and the opinion of the naturalisation unit (PM Decree 647/2020), i.e. grants under the investment programme. Gazette pp. 54-55.","Lists named individuals with nationality, place and date of birth; the dataset records only the count. Children and spouses appear to be listed individually (same surnames, recent birth dates), so the count may include family members. Manshurat's page titles give nationality counts that do not always match the list."
egy-gazette-pmd-596-2023,قرار رئيس مجلس الوزراء رقم 596 لسنة 2023 (Prime Minister's Decree No. 596 of 2023 granting Egyptian nationality),"Arab Republic of Egypt, Official Gazette No. 8, 2023-02-23 (scan hosted by Manshurat Qanuniya)",,legislation,EGY,2023-02-23,2026-10-02,https://manshurat.org/content/mnh-ljnsy-lmsry-l-11-mwtn-swry-wmwtn-whd-rqy,,raw/egy-gazette-pmd-596-2023.pdf,fc84e67297e26e4a41702630ed1810315466c2245624b33d855c399219bb4d84,"Prime Minister's decree dated 2023-02-12 granting Egyptian nationality to 12 named persons. The preamble cites PM Decree 3099/2019 (investment routes) and the opinion of the naturalisation unit (PM Decree 647/2020), i.e. grants under the investment programme. Gazette pp. 19-20.","Lists named individuals with nationality, place and date of birth; the dataset records only the count. Children and spouses appear to be listed individually (same surnames, recent birth dates), so the count may include family members. Manshurat's page titles give nationality counts that do not always match the list."
egy-gazette-pmd-876-2023,قرار رئيس مجلس الوزراء رقم 876 لسنة 2023 بتعديل بعض أحكام قرار رئيس مجلس الوزراء رقم 3099 لسنة 2019 بتنظيم حالات منح الجنسية المصرية للأجانب (Prime Minister's Decree No. 876 of 2023),"Arab Republic of Egypt, Official Gazette No. 9 cont. (c), 2 Mar 2023 (scan hosted by Manshurat Qanuniya)",,legislation,EGY,2023-03-02,2026-10-02,https://manshurat.org/content/tdyl-bd-hkm-qrr-tnzym-hlt-mnh-ljnsy-lmsry-lljnb-blqrr-876-lsn-2023,,raw/egy-gazette-pmd-876-2023.pdf,32f697abab0015596430e1278e0019d3707bb8a1b28097866edb9104bdafc492,"Replaces the four investment routes of PM Decree 3099/2019: state-owned property USD 300,000; investment project USD 350,000 plus USD 100,000 non-refundable revenue; USD 500,000 deposit refunded in EGP after 3 years without interest; USD 250,000 non-refundable revenue. Allows instalments over up to one year for routes 1 and 4. Money may enter through customs instead of a bank transfer. In force the day after publication.","Gazette pages 2-5. PDF file from manshurat.org (Legal Publications archive), which reproduces Gazette scans. Text layer uses Arabic presentation forms; quotes normalised (NFKC)."
egy-law-140-2019,قانون رقم 140 لسنة 2019 بتعديل بعض أحكام القانون رقم 89 لسنة 1960 فى شأن دخول وإقامة الأجانب والقانون رقم 26 لسنة 1975 بشأن الجنسية المصرية (Law No. 140 of 2019),Arab Republic of Egypt (text as reproduced by lawyeregypt.net),,legislation,EGY,2019-07-30,2026-10-02,https://lawyeregypt.net/%D9%82%D8%A7%D9%86%D9%88%D9%86-%D8%B1%D9%82%D9%85-140-%D9%84%D8%B3%D9%86%D8%A9-2019-%D8%A8%D8%AA%D8%B9%D8%AF%D9%8A%D9%84-%D8%A8%D8%B9%D8%B6-%D8%A3%D8%AD%D9%83%D8%A7%D9%85-%D8%A7%D9%84%D9%82%D8%A7/,,raw/egy-law-140-2019.html,6c6cbab3c4110fa8ada85a1eae9a2e12685fa075ffa6987e326cfb94fcfb45d0,"Legal basis of the current programme: replaces Art. 4 bis of the Nationality Law (Prime Minister may naturalise foreigners who buy state-owned property, set up an investment project under Investment Law 72/2017, or deposit foreign currency as non-refundable revenue or as a deposit at the Central Bank); adds Arts. 4 bis 1 (Cabinet unit to examine applications) and 4 bis 2 (USD 10,000 application fee, 3-month preliminary decision, 6-month temporary residence); repeals the 2018 deposit-residence article (Art. 20 bis of Law 89/1960). Issued 30 Jul 2019.","Law firm transcription, not a Gazette scan; the page title wrongly calls Law 89 'of 2018' (the body says 1960). Some press reports call this law 'No. 190 of 2019'; the Cabinet's own programme website (egy-ecu-about-2026) and Al Jazeera (egy-aljazeera-opinion-2023) say No. 140 of 2019, as here. Gazette publication date not verified."
egy-law-173-2018,القانون رقم 173 لسنة 2018 بتعديل بعض أحكام القانون رقم 89 لسنة 1960 بشأن دخول وإقامة الأجانب والقانون رقم 26 لسنة 1975 بشأن الجنسية المصرية (Law No. 173 of 2018),"Arab Republic of Egypt, Official Gazette No. 32 bis (b), 14 Aug 2018 (text as reproduced by Dar al-Qanun law firm, egyptlawfirm.net)",,legislation,EGY,2018-08-14,2026-10-02,https://www.egyptlawfirm.net/%D8%A7%D9%84%D9%82%D8%A7%D9%86%D9%88%D9%86-%D8%B1%D9%82%D9%85-173-%D9%84%D8%B3%D9%86%D8%A9-2018-%D8%A8%D8%AA%D8%B9%D8%AF%D9%8A%D9%84-%D8%A7%D9%84%D9%82%D8%A7%D9%86%D9%88%D9%86-%D8%B1%D9%82%D9%85-89/,,raw/egy-law-173-2018.html,bffd18d2f2963da9ae7df7485fa9a337b41e8ed600fdbc6f726421cfbd2a78fb,"Creates a fourth residence category, 'foreigners with deposit residence' (new Art. 20 bis of Law 89/1960): a cash deposit of at least EGP 7 million in an Egyptian bank; new Art. 4 bis of the Nationality Law lets the Interior Minister naturalise them after five consecutive years of residence, the deposit then passing to the Treasury.","Not the official Gazette scan: a law firm's transcription, which gives the Gazette issue and date. Wording matches press reports of the bill (Egypt Independent, 15 Jul 2018). The official Gazette copy was not found online."
egy-youm7-pmd2653-2022,رئيس الوزراء يصدر 5 قرارات.. أبرزها الموافقة على منح الجنسية لـ15 شخصًا,Youm7 (اليوم السابع),هند مختار,media,EGY,2022-08-04,2026-10-02,https://www.youm7.com/story/2022/8/4/%D8%B1%D8%A6%D9%8A%D8%B3-%D8%A7%D9%84%D9%88%D8%B2%D8%B1%D8%A7%D8%A1-%D9%8A%D8%B5%D8%AF%D8%B1-5-%D9%82%D8%B1%D8%A7%D8%B1%D8%A7%D8%AA-%D8%A3%D8%A8%D8%B1%D8%B2%D9%87%D8%A7-%D8%A7%D9%84%D9%85%D9%88%D8%A7%D9%81%D9%82%D8%A9-%D8%B9%D9%84%D9%89-%D9%85%D9%86%D8%AD-%D8%A7%D9%84%D8%AC%D9%86%D8%B3%D9%8A%D8%A9/5859451,https://web.archive.org/web/20220816133554/https://www.youm7.com/story/2022/8/4/%D8%B1%D8%A6%D9%8A%D8%B3-%D8%A7%D9%84%D9%88%D8%B2%D8%B1%D8%A7%D8%A1-%D9%8A%D8%B5%D8%AF%D8%B1-5-%D9%82%D8%B1%D8%A7%D8%B1%D8%A7%D8%AA-%D8%A3%D8%A8%D8%B1%D8%B2%D9%87%D8%A7-%D8%A7%D9%84%D9%85%D9%88%D8%A7%D9%81%D9%82%D8%A9-%D8%B9%D9%84%D9%89-%D9%85%D9%86%D8%AD-%D8%A7%D9%84%D8%AC%D9%86%D8%B3%D9%8A%D8%A9/5859451,,,Press report of Gazette decree 2653/2022 granting nationality to 15 persons.,Media; not stored.
esp-boe-ley-14-2013,"Ley 14/2013, de 27 de septiembre, de apoyo a los emprendedores y su internacionalización (BOE-A-2013-10074)",Boletín Oficial del Estado,,legislation,ESP,2013-09-28,2026-10-02,https://www.boe.es/boe/dias/2013/09/28/pdfs/BOE-A-2013-10074.pdf,,raw/esp-boe-ley-14-2013.pdf,55027fe8d9ac85f2802e869e1e0fa2a5d080098d446dfc0cb85739841918a9fd,Original text. Arts. 61-67 create the investor visa and investor residence authorisation (routes and thresholds); disposición final: entry into force the day after publication.,"Original 2013 wording; amended by Ley 25/2015 and Ley 28/2022, emptied by Ley Orgánica 1/2025."
esp-boe-ley-14-2013-consolidated,"Ley 14/2013, de 27 de septiembre, de apoyo a los emprendedores y su internacionalización - texto consolidado",Boletín Oficial del Estado (Legislación consolidada),,legislation,ESP,2025,2026-10-02,https://www.boe.es/buscar/pdf/2013/BOE-A-2013-10074-consolidado.pdf,,raw/esp-boe-ley-14-2013-consolidated.pdf,5638540888fcfd7ef6991980d9f89792e2e54fa1af8b1df897f7dcdd34b8a8a8,Current consolidated text: arts. 63-67 (investors) shown as '(Sin contenido)' after Ley Orgánica 1/2025.,"Downloaded 2026-10-02; the consolidated text is updated by BOE, so the copy reflects the version in force on that date."
esp-boe-ley-25-2015,"Ley 25/2015, de 28 de julio, de mecanismo de segunda oportunidad, reducción de la carga financiera y otras medidas de orden social (BOE-A-2015-8469)",Boletín Oficial del Estado,,legislation,ESP,2015-07-29,2026-10-02,https://www.boe.es/boe/dias/2015/07/29/pdfs/BOE-A-2015-8469.pdf,,raw/esp-boe-ley-25-2015.pdf,6fc457853d17c50213b3970bc7127fdf0cea2bd5a6678a445c6a9dec9e3b270e,"Disposición final undécima rewrites arts. 62.4 and 63-67 of Ley 14/2013: adds EUR 1m investment-fund route, one-year visa, right to work, investor's representative, pre-contract property route (6-month visa), renewals for five years.","Entry into force the day after publication (disposición final vigesimoprimera), i.e. 30 July 2015."
esp-boe-ley-28-2022,"Ley 28/2022, de 21 de diciembre, de fomento del ecosistema de las empresas emergentes (BOE-A-2022-21739)",Boletín Oficial del Estado,,legislation,ESP,2022-12-22,2026-10-02,https://www.boe.es/boe/dias/2022/12/22/pdfs/BOE-A-2022-21739.pdf,,raw/esp-boe-ley-28-2022.pdf,34f420a6b6630bcddb5a0a99ef236a302a4f99348dff29d551545b8d02c89c3e,Amends art. 67.1 Ley 14/2013: initial investor residence authorisation lasts three years (was two). Entry into force the day after publication.,
esp-boe-lo-1-2025,"Ley Orgánica 1/2025, de 2 de enero, de medidas en materia de eficiencia del Servicio Público de Justicia (BOE-A-2025-76)",Boletín Oficial del Estado,,legislation,ESP,2025-01-03,2026-09-28,https://www.boe.es/boe/dias/2025/01/03/pdfs/BOE-A-2025-76.pdf,,raw/esp-boe-lo-1-2025.pdf,3da4685b0207dcc37b09fc3aae448a4e29a20b0235732a0d9718003b5e2e593c,Disposición final vigesimoprimera empties arts. 63-67 of Ley 14/2013 (investor visas and residence permits); disposición final trigésima octava: entry into force after three months.,
esp-congreso-resp-184-102709-2023,Respuesta del Gobierno a la pregunta escrita 184/102709 (Miquel i Valentí) sobre visados por inversión significativa de capital 2020-2022,"Gobierno de España, Secretaría de Estado de Relaciones con las Cortes (Congreso de los Diputados, XIV Legislatura)",,government,ESP,2023-03-27,2026-10-02,https://www.congreso.es/l14p/e26/e_0264880_n_000.pdf,,raw/esp-congreso-resp-184-102709-2023.pdf,82d28f5d62c8a335c143f2a7eef4f4469901a089e033cd4fafad4cb620cd0acd,"Investor visas issued under art. 63.2 Ley 14/2013 (all investment routes) in 2020, 2021 and 2022.",Consular visas only; family members and residence authorisations not mentioned.
esp-congreso-resp-184-15597-2024,Respuesta del Gobierno a la pregunta escrita 184/15597 (Iñarritu García) sobre la concesión de Golden Visa en el año 2024,"Gobierno de España (Congreso de los Diputados, XV Legislatura)",,government,ESP,2024-11-13,2026-10-02,https://www.congreso.es/l15p/e4/e_0048514_n_000.pdf,,raw/esp-congreso-resp-184-15597-2024.pdf,2d798a1355e71364449d501fe9fe1a7e35230719bd29c1b42c9ebf1c0d22e8e5,"Real-estate investor visas issued 1 Jan 2024 to the date the question was registered (10 Oct 2024), and from 1 Apr 2024; list of nationalities; average investment EUR 657,204.",
esp-congreso-resp-184-41377-2019,Respuesta del Gobierno a las preguntas escritas 184/41377 a 184/41381 (Campuzano i Canadés) sobre visados por inversiones inmobiliarias,"Gobierno de España, Secretaría de Estado de Relaciones con las Cortes (Congreso de los Diputados, XII Legislatura)",,government,ESP,2019-01-28,2026-10-02,https://www.congreso.es/l12p/e12/e_0122699_n_000.pdf,,raw/esp-congreso-resp-184-41377-2019.pdf,3dfafce0651eb6d0768629095fa78194fe213af5f13cb10737c9a84ea1efa364,"Cumulative 28 Sep 2013 - 28 Feb 2018: Ley 14/2013 visas and authorisations by category (investors 3,630; renewals 789), real-estate route 3,405 by nationality (with euros) and province; visas by consular country 2016-2018.","Answer dated 28 Jan 2019, published BOCG D-493 of 11 Feb 2019. Sources given as MEYSS and MAEC. Counts are visas plus residence authorisations of main investors (family members excluded)."
esp-congreso-resp-184-44882-2019,"Respuesta del Gobierno a la pregunta escrita 184/44882 (Ten Oliver) sobre las Golden Visas, con anexo estadístico de visados tipo D Ley 14/2013","Gobierno de España, Secretaría de Estado de Relaciones con las Cortes (Congreso de los Diputados, XII Legislatura)",,government,ESP,2019-03-04,2026-10-02,https://www.congreso.es/l12p/e12/e_0129200_n_000.pdf,,raw/esp-congreso-resp-184-44882-2019.pdf,ea20adf6f202c0afd88181ad2d508071050e41ab6577e76825a5692463923403,"Annex: type-D (long-stay) visas issued under Ley 14/2013 by year 2013-2018 and category, including investor routes (capital, real estate, temporary real estate, business project).",Consular visas only (Foreign Ministry data); residence authorisations granted in Spain by the Ministry of Employment/Inclusion are not included. The 2018 figure may be incomplete (answer dated 4 Mar 2019 but data cut-off not stated).
esp-congreso-resp-184-6938-2024,Respuesta del Gobierno a la pregunta escrita 184/6938 sobre el número de visados de residencia para inversores 'Golden Visa' otorgados desde su aprobación,"Gobierno de España, Secretaría de Estado de Relaciones con las Cortes y Asuntos Constitucionales (Congreso de los Diputados, XV Legislatura)",,government,ESP,2024-05-17,2026-10-02,https://www.congreso.es/l15p/e2/e_0025973_n_000.pdf,,raw/esp-congreso-resp-184-6938-2024.pdf,07c7649499890e2381ac0b05fc8846d06ae08c093ce74e05d1a268e463012085,"Real-estate investor visas (art. 63.2 b) issued per year 2013-2023; total 6,272.",Explicitly excludes family members' visas and residence authorisations for real-estate investors granted in Spain by the Ministry of Inclusion.
esp-congreso-resp-184-81047-2022,Respuesta del Gobierno a la pregunta escrita 184/81047 sobre 'Golden Visa' a ciudadanos de Rusia y Bielorrusia,"Gobierno de España, Secretaría de Estado de Relaciones con las Cortes (Congreso de los Diputados, XIV Legislatura)",,government,ESP,2022-04-12,2026-10-02,https://www.congreso.es/l14p/e20/e_0209533_n_000.pdf,,raw/esp-congreso-resp-184-81047-2022.pdf,72bb9c03c283b3bb8091f330f25e8b50007489a509c1fac4bf86f9c19441090b,States that no Ley 14/2013 investor or entrepreneur visas are currently being issued to Russian nationals.,Same wording in answers to 184/82237 and 184/81687 (April 2022).
esp-congreso-resp-184-87824-2022,Respuesta del Gobierno a la pregunta escrita 184/87824 sobre el acceso de Enrique Peña Nieto al visado de residencia para inversores,"Gobierno de España, Secretaría de Estado de Relaciones con las Cortes (Congreso de los Diputados, XIV Legislatura)",,government,ESP,2022-09-06,2026-10-02,https://www.congreso.es/l14p/e23/e_0231357_n_000.pdf,,raw/esp-congreso-resp-184-87824-2022.pdf,29ade441bdf6b2698dbf4f7bd7c306d9c6c98e52ae3f7327013da46116cb7908,"Confirms that former Mexican president Enrique Peña Nieto holds an investor residence authorisation under Ley 14/2013 based on a EUR 570,000 commercial property in Madrid.",
esp-congreso-resp-184-99877-2023,"Respuesta del Gobierno a la pregunta escrita 184/99877 (Rosique i Saltor, Vallugera Balañà) sobre visados por adquisición de inmuebles en Cataluña","Gobierno de España, Secretaría de Estado de Relaciones con las Cortes (Congreso de los Diputados, XIV Legislatura)",,government,ESP,2023-02-21,2026-10-02,https://www.congreso.es/l14p/e25/e_0258523_n_000.pdf,,raw/esp-congreso-resp-184-99877-2023.pdf,bdbe350655802e239fd0e8c0b6df50811922d1b99d23b69077102a4a1c751708,Cumulative number of real-estate investor visas for property in Cataluña since Ley 14/2013 came into force.,Consular visas only.
esp-congreso-resp-184-99878-2023,"Respuesta del Gobierno a la pregunta escrita 184/99878 (Rosique i Saltor, Vallugera Balañà) sobre visados por adquisición de inmuebles en Comunitat Valenciana","Gobierno de España, Secretaría de Estado de Relaciones con las Cortes (Congreso de los Diputados, XIV Legislatura)",,government,ESP,2023-02-21,2026-10-02,https://www.congreso.es/l14p/e25/e_0258524_n_000.pdf,,raw/esp-congreso-resp-184-99878-2023.pdf,0fd2a66cd4099215332566f732536d4b6f00b41a059e325c201fc2e1cacc79be,Cumulative number of real-estate investor visas for property in Comunitat Valenciana since Ley 14/2013 came into force.,Consular visas only.
esp-congreso-resp-184-99879-2023,"Respuesta del Gobierno a la pregunta escrita 184/99879 (Rosique i Saltor, Vallugera Balañà) sobre visados por adquisición de inmuebles en Illes Balears","Gobierno de España, Secretaría de Estado de Relaciones con las Cortes (Congreso de los Diputados, XIV Legislatura)",,government,ESP,2023-02-21,2026-10-02,https://www.congreso.es/l14p/e25/e_0258525_n_000.pdf,,raw/esp-congreso-resp-184-99879-2023.pdf,f33eef4fbfe03084d88707dad2d514ab3317f04d69f4132d66c2dda51f2b6880,Cumulative number of real-estate investor visas for property in Illes Balears since Ley 14/2013 came into force.,Consular visas only.
esp-meyss-informe-movilidad-2015,"Informe sobre la aplicación de la Sección de Movilidad Internacional de la Ley 14/2013, de 27 de septiembre, de apoyo a los emprendedores y su internacionalización (abril 2015)",Ministerio de Empleo y Seguridad Social (Secretaría General de Inmigración y Emigración),,government,ESP,2015-04,2026-10-02,https://www.inclusion.gob.es/documents/1823432/1826062/Informe_anual_de_la_Seccion_de_Movilidad_de_la_ley_14_2013.pdf/b9ce8fb6-fe9e-ffd5-7d62-613e87bb1873,https://web.archive.org/web/20240520182052/https://www.inclusion.gob.es/documents/1823432/1826062/Informe_anual_de_la_Seccion_de_Movilidad_de_la_ley_14_2013.pdf/b9ce8fb6-fe9e-ffd5-7d62-613e87bb1873,raw/esp-meyss-informe-movilidad-2015.pdf,76f97755b3021c6d74ed7b65357c443314496213087c6f3af2ae63da8d1ab37a,"Only published official evaluation report. Investor visas/authorisations 30 Sep 2013 - 31 Dec 2014 by route, nationality and province, with investment amounts (data from the Foreign Ministry, MAEC).",NIPO 270-15-074-4. inclusion.gob.es blocks scripted downloads ('Acceso denegado'); copy taken from the Wayback Machine snapshot of 20 May 2024. The European Commission (SWD(2019) 5) notes this was the only one of the annual reports required by the law that had been made public. Counts mix visas (consulates) and residence authorisations (in Spain) and exclude family members.
esp-mivau-golden-visa-2024-04-09,"Isabel Rodríguez, sobre la eliminación de las 'golden visa' inmobiliarias (nota de prensa, Consejo de Ministros)",Ministerio de Vivienda y Agenda Urbana,,government,ESP,2024-04-09,2026-10-02,https://www.mivau.gob.es/recursos_mfom/sala_prensa/240409_np_cmin_golden_visa_acc.pdf,,raw/esp-mivau-golden-visa-2024-04-09.pdf,3b4407860ac997bd2e76f1f864c248613c09a102cb597760b41f053bd44e3fd2,"14,576 'Golden Visa' linked to real estate 2013-2023; table of files (expedientes) resolved per year 2016 - 31 Jan 2024 with total and average investment; main nationalities and provinces.","Press release. The Housing Ministry says it worked with data from the Economy and Inclusion ministries but does not define its counts. Its figures are much higher than the Foreign Ministry's consular visa counts given to Parliament (e.g. 2,017 vs 451 for 2022), which suggests they include in-country authorisations, renewals and/or family members; not explained in the source."
esp-moncloa-2025-04-02,El 3 de abril entra en vigor el fin de las 'Golden Visa',La Moncloa (Gobierno de España),,government,ESP,2025-04-02,2026-09-28,https://www.lamoncloa.gob.es/serviciosdeprensa/notasprensa/vivienda-agenda-urbana/paginas/2025/020425-fin-golden-visa.aspx,,raw/esp-moncloa-golden-visa-2025-04-02.html,5ae56229ca13894f05968ba76d04d65e2fcd72868c4a40a2bdf9fd65ea3bc4e6,Government press release on the end of Spanish golden visas on 3 April 2025.,Stored as HTML.
esp-moncloa-cmin-2024-04-09,El Gobierno impulsa la eliminación de los visados de residencia por inversión inmobiliaria (resumen del Consejo de Ministros),La Moncloa (Gobierno de España),,government,ESP,2024-04-09,2026-10-02,https://www.lamoncloa.gob.es/consejodeministros/resumenes/paginas/2024/090424-rueda-de-prensa-ministros.aspx,,raw/esp-moncloa-cmin-2024-04-09.html,a6ac738ecb29810137c6faee73bd56bb890f8240a2860a3d3252b90f4b6d68e4,"Summary of the 9 April 2024 Council of Ministers press conference: report on abolishing real-estate golden visas; 14,576 granted since 2013.",Stored as HTML.
esp-moncloa-referencia-cmin-2024-04-09,"Referencia del Consejo de Ministros, 9 de abril de 2024 (Informe sobre la propuesta de modificación del régimen de residencia por inversión)",La Moncloa (Gobierno de España),,government,ESP,2024-04-09,2026-10-02,https://www.lamoncloa.gob.es/consejodeministros/referencias/Paginas/2024/20240409-referencia-rueda-de-prensa-ministros.aspx,,raw/esp-moncloa-referencia-cmin-2024-04-09.html,09f22782fb3bd538522d5f1d1466e91531bf826ba76b565148a2dfbbc18944e3,Official record of Council of Ministers decisions; 'Fin de las golden visa inmobiliarias' item with yearly counts 2020-2024 (to February).,Stored as HTML.
esp-ti-golden-visas-2023,"""Golden visas"": la adquisición de permisos de residencia por inversión en España. Principales riesgos, desafíos y recomendaciones",Transparency International España,Daiana Bouzo; David Martínez,ngo,ESP,2023-12,2026-10-02,https://transparencia.org.es/wp-content/uploads/Policy-Paper-Golden-Visas-La-adquisicion-por-permisos-de-residencia-por-inversion-en-Espana.pdf,,,,"Figures obtained through freedom-of-information requests: Foreign Ministry investor visas 2013 - 18 Sep 2023 by nationality; Ministry of Inclusion investor authorisations 1 Jan 2017 - 31 Mar 2022 (initial/renewal, tacit approvals), Russian investment.","NGO policy paper, not stored (link only). The underlying ministry replies are not published with it; figures are TI-España's summary of them. Date from PDF metadata (Dec 2023)."
dma-eu-reg-2025-2441,Regulation (EU) 2025/2441 amending Regulation (EU) 2018/1806 as regards the revision of the visa suspension mechanism,European Parliament and Council of the European Union,,eu,EU,2025-12-10,2026-09-28,https://eur-lex.europa.eu/legal-content/EN/TXT/?uri=CELEX:32025R2441,,raw/dma-eu-reg-2025-2441.pdf,998044da39cff718d47e65616ae810d7cd961bac95872cf18248ea27e3912a55,Makes operation of an investor citizenship scheme a ground for suspending visa-free access to the EU.,"OJ L, 2025/2441, 10.12.2025. Retrieved via browser (EUR-Lex bot challenge blocks curl)."
dma-uk-hcws979-2023,"Written statement HCWS979: Statement of Changes in Immigration Rules (Imposition of a Visa Regime on Dominica, Honduras, Namibia, Timor-Leste, and Vanuatu)",UK Parliament / Home Office,Suella Braverman,government,GBR,2023-07-19,2026-09-28,https://questions-statements.parliament.uk/written-statements/detail/2023-07-19/hcws979,,raw/dma-uk-hcws979-2023.txt,7d3e26ad60f1358e612320d68f8e2b32e61703d0606a42872d1ead90eb5308fb,"UK visa requirement for Dominica nationals, citing abuse of the CBI scheme.",Direct download blocked (HTTP 403); statement text captured from the rendered page.
gbr-ho-cp632-2022,"Statement of Changes in Immigration Rules, CP 632 (17 February 2022)",Home Office,,legislation,GBR,2022-02-17,2026-10-02,https://assets.publishing.service.gov.uk/media/620f6c0d8fa8f5490cf511d6/E02722027_-_Immigration_Rules_changes_-_CP_632__Web_Accessible_.pdf,,raw/gbr-ho-cp632-2022.pdf,2447238929749e3238e4dd3442f67f4de622f3a2a63bb50bda027932c2c4f36d,"Closes the Tier 1 (Investor) route to new applicants at 16:00 on 17 February 2022; extensions allowed until 17 February 2026, settlement applications until 17 February 2028.",
gbr-ho-cp632-em-2022,Explanatory Memorandum to the Statement of Changes in Immigration Rules presented to Parliament on 17 February 2022 (CP 632),Home Office,,government,GBR,2022-02-17,2026-10-02,https://assets.publishing.service.gov.uk/media/620f6c3dd3bf7f4f0d9e7f7f/E02722027_-__CP_632__-_EXPLANATORY_MEMORANDUM__Web_Accessible_.pdf,,raw/gbr-ho-cp632-em-2022.pdf,8f4a361c1a17fa9bbf4bf87e4f5a2c68c89e0692c193d740e4fd09600ed86ef0,"Official reasons for closure: small economic benefit, vulnerability to illicit wealth and complex investment schemes; immediate effect to avoid a 'closing down sale'; cites MAC 2014 and the ISC Russia report.",
gbr-ho-extensions-datasets-2026-06,"Immigration system statistics, year ending June 2026: Extensions - detailed datasets",Home Office,,government,GBR,2026-08-27,2026-10-02,https://assets.publishing.service.gov.uk/media/6a85c3be1b45e4e555421edb/extensions-datasets-jun-2026.xlsx,,raw/gbr-ho-extensions-datasets-2026-06.xlsx,d03b18a69d1d62f30963ee2e7cfd764d5f58008bd38f0294afc1af7bae426fb7,"Data_Exe_D02: grants of extensions of stay to main applicants by current and previous category of leave, 2015-2025.","Exe_D02 covers main applicants only. From 2021 the previous category is recorded only at the broad 'Investor, business development and talent' level. Home Office notes some Investor decisions from Q2 2025 are missing after the CID system was decommissioned."
gbr-ho-hc1025-2015,"Statement of Changes in Immigration Rules, HC 1025 (26 February 2015)",Home Office,,legislation,GBR,2015-02-26,2026-10-02,https://assets.publishing.service.gov.uk/media/5a7f34cc40f0b6230268e16c/HC_1025_Immigration_Rules.pdf,,raw/gbr-ho-hc1025-2015.pdf,359398bd92678d78223e08ae0d078a8308c87e9391ce2cf3e4d034934ca06322,From 6 April 2015 applicants must open a UK-regulated investment account (bank due diligence) before applying; minimum age raised to 18. Explanatory memorandum annexed (PDF p. 223 onwards).,
gbr-ho-hc1919-em-2019,Explanatory Memorandum to the Statement of Changes in Immigration Rules HC 1919 (7 March 2019),Home Office,,government,GBR,2019-03-07,2026-10-02,https://assets.publishing.service.gov.uk/media/5c80e3f940f0b63695866a4b/CCS207_CCS0319710302-002_EM_HC_1919_Immigration_Rules_Web_Accessible.pdf,,raw/gbr-ho-hc1919-em-2019.pdf,501747798cda465e95b6e7911bb9a84ae6cafc5b7418172b836ada74041986ef,"Tier 1 (Investor) reforms from 29 March 2019: 2-year source-of-funds history, bank KYC confirmation, exclusion of UK government bonds, tighter rules on intermediary vehicles (paras 7.20-7.26).",
gbr-ho-hc607-2008,"Statement of Changes in Immigration Rules, HC 607 (laid 9 June 2008)",Home Office / The Stationery Office,,legislation,GBR,2008-06-09,2026-10-02,https://assets.publishing.service.gov.uk/media/5a7c955aed915d12ab4bbbf8/hc607.pdf,,raw/gbr-ho-hc607-2008.pdf,a850e941491b8f3407607c92e3009b347d9dd9a51af9fc886d41eb65e6bc8982,"Creates the Tier 1 (Investor) category (paras 245O-245U, Appendix A Tables 7-8) from 30 June 2008: GBP 1 million, 75% invested, settlement after 5 years.",
gbr-ho-hc693-2014,"Statement of Changes in Immigration Rules, HC 693 (16 October 2014)",Home Office,,legislation,GBR,2014-10-16,2026-10-02,https://assets.publishing.service.gov.uk/media/5a749a41ed915d0e8e39987a/hc-693.pdf,,raw/gbr-ho-hc693-2014.pdf,629af7968000d7fd953806de14595d10bd0cae57f326794e620c049c209881c9,"Raises the Tier 1 (Investor) minimum to GBP 2 million from 6 November 2014, requires the full sum to be invested, removes the loan option, adds refusal grounds on source of funds. Explanatory memorandum annexed (PDF p. 78 onwards).",
gbr-ho-hc863-2011,"Statement of Changes in Immigration Rules, HC 863 (16 March 2011)",Home Office / The Stationery Office,,legislation,GBR,2011-03-16,2026-10-02,https://assets.publishing.service.gov.uk/media/5a7c2bfce5274a1f5cc76421/hc863.pdf,,raw/gbr-ho-hc863-2011.pdf,9eb4845e62ad2e71db2f6498235d0f9d09170d743d87b07ff3b5b1fc63a8ba99,"Introduces accelerated settlement for Tier 1 (Investor) migrants (GBP 5m after 3 years, GBP 10m after 2 years) from 6 April 2011; 180-day absence rule; explanatory memorandum annexed.",
gbr-ho-hcws1159-2018,Written statement HCWS1159: Statement of Changes in Immigration Rules (6 December 2018),UK Parliament / Home Office,Caroline Nokes,government,GBR,2018-12-06,2026-10-02,https://questions-statements.parliament.uk/written-statements/detail/2018-12-06/hcws1159,,raw/gbr-ho-hcws1159-2018.json,f5be8b75763eeff719166bd66821e53f503ac9bff7175f9c7d07f577de6528fe,Announces Start-up and Innovator routes and that the Tier 1 (Investor) route will be reformed in spring 2019.,Stored copy from the Parliament written-statements API (record 1020542); the web page blocks scripted downloads (HTTP 403). Does not mention the reported suspension of the route in December 2018.
gbr-ho-hcws492-2023,Written statement HCWS492: The Tier 1 (Investor) route: Review of operation between 30 June 2008 and 6 April 2015,UK Parliament / Home Office,Suella Braverman,government,GBR,2023-01-12,2026-10-02,https://questions-statements.parliament.uk/written-statements/detail/2023-01-12/hcws492,,raw/gbr-ho-hcws492-2023.json,718bc9eb00bca858837cdda07a334ce7cef83c3f8bcfe40b36d6534cb0f9d7d7,"Findings of the review announced in March 2018: 6,312 main applicants and adult dependants reviewed; refusal rates; 10 oligarchs sanctioned; systemic findings.","The parliament.uk page returns HTTP 403 to scripts (download blocked); stored copy is the official Parliament written-statements API record (questions-statements-api.parliament.uk/api/writtenstatements/statements/1566228), statement text in HTML inside JSON. Ordinal suffixes are in <sup> tags (e.g. '17<sup>th</sup>'). Same text laid in the Lords as HLWS486."
gbr-ho-news-closure-2022,Tier 1 Investor Visa route closes over security concerns (press release),Home Office,,government,GBR,2022-02-17,2026-10-02,https://www.gov.uk/government/news/tier-1-investor-visa-route-closes-over-security-concerns,,raw/gbr-ho-news-closure-2022.html,0147f1513c99da72e313cdcd9568fa2f922965b4865af0f876be74de1280f834,Announcement of the closure with immediate effect; Home Secretary Priti Patel quote; says the 2008-2015 review will be published in due course.,
gbr-ho-pq135529-2018,Written answer to question 135529 (politically exposed persons in the Tier 1 Investor route),UK Parliament / Home Office,,government,GBR,2018-04-18,2026-10-02,https://questions-statements.parliament.uk/written-questions/detail/2018-04-13/135529,,raw/gbr-ho-pq135529-2018.json,bbe028eeeeb415279ea0581872bc30c0c3f6e80f91fc12bef9b541e4b3df726f,"States the thresholds (GBP 1m before 6 Nov 2014, GBP 2m after); says PEP data are not held; refers to the Home Secretary's 28 March 2018 commitment to review the route.",Stored copy from the Parliament written-questions API (record 882467); web page blocks scripted downloads (HTTP 403).
gbr-ho-pq153990-2022,Written answer to question 153990 (sanctioned Russians who held Tier 1 Investor visas),UK Parliament / Home Office,,government,GBR,2022-04-21,2026-10-02,https://questions-statements.parliament.uk/written-questions/detail/2022-04-14/153990,,raw/gbr-ho-pq153990-2022.json,353c94df6dfa6d02cd129e9eca2868972ce51cb92b67ec30563bfb785906c8b5,"10 sanctioned Russian nationals had held Tier 1 (Investor) leave, 7 of them with grants after 2014 (as of 19 April 2022).",Stored copy from the Parliament written-questions API (record 1457932); web page blocks scripted downloads (HTTP 403).
gbr-ho-pq160106-2023,Written answer to question 160106 (Tier 1 (Investor) review),UK Parliament / Home Office,,government,GBR,2023-03-13,2026-10-02,https://questions-statements.parliament.uk/written-questions/detail/2023-03-07/160106,,raw/gbr-ho-pq160106-2023.json,85ada3894f647a68a426749bd26246da45b3d9f1b6c02d26a08d7a0772477070,"Confirms the review covered 6,312 applicants and adult dependants; declines to give risk counts or countries.",Stored copy from the Parliament written-questions API (record 1602102); web page blocks scripted downloads (HTTP 403). Answers 160108 and 160109 give the same text.
gbr-ho-pq208816-2014,Written answer to question 208816 (investor visas granted to Russian citizens),UK Parliament / Home Office,,government,GBR,2014-09-17,2026-10-02,https://questions-statements.parliament.uk/written-questions/detail/2014-09-09/208816,,raw/gbr-ho-pq208816-2014.json,ee9bab05caec6364eaf8afbd23b3beb92295faacb3fb5bab7ddae9d21a7629df,Tier 1 Investor visas granted to Russian main applicants April 2010 - June 2014.,Stored copy from the Parliament written-questions API (record 91307); web page blocks scripted downloads (HTTP 403).
gbr-ho-settlement-datasets-2026-06,"Immigration system statistics, year ending June 2026: Settlement - detailed datasets",Home Office,,government,GBR,2026-08-27,2026-10-02,https://assets.publishing.service.gov.uk/media/6a85c5abb0504df9f2c89806/settlement-datasets-jun-2026.xlsx,,raw/gbr-ho-settlement-datasets-2026-06.xlsx,d1fa431ff45d8a1ba4a6c5e028f7c20b693810579ec524d9e31f14d4bf2e2265,"Data_Se_D01: grants of settlement by year, nationality and category, 2020-2025, including 'Investor (previously Tier 1)'.","In Se_D01 all dependants are grouped under 'Family', so Investor rows are main applicants. No all-nationality total row; national totals would need adding up and are not recorded here."
gbr-ho-vis-tables-2018-12,"Immigration Statistics, year ending December 2018: Entry clearance visas tables volume 1 (entry-visas1-dec-2018-tables)",Home Office,,government,GBR,2019-02-28,2026-10-02,https://assets.publishing.service.gov.uk/media/5c73c05640f0b603d11d739f/entry-visas1-dec-2018-tables.ods,,raw/gbr-ho-vis-tables-2018-12.ods,ea0aa7dc989ebf894375af44bf303f510463e15f0cb464e76510b1d27b72d69e,"Table vi_04: entry clearance visas granted by category and applicant type, calendar years 2005-2018 (Tier 1 - Investors main applicants and dependants from 2008). vi_01_q: applications and outcomes by quarter.","Last calendar-year table in the old format that shows Tier 1 Investor separately. Later releases publish only quarter-by-nationality rows (Data_Vis_D02). Stored as .ods (the format the Home Office published). scripts/verify_quotes.py does not yet read .ods (needs an 'ods' branch using pandas+odfpy), so quotes from this file will show as not_found until then."
gbr-ho-why-work-2022-03,"Why do people come to the UK? To work (Immigration statistics, year ending March 2022)",Home Office,,government,GBR,2022-05-26,2026-10-02,https://www.gov.uk/government/statistics/immigration-statistics-year-ending-march-2022/why-do-people-come-to-the-uk-to-work,,raw/gbr-ho-why-work-2022-03.html,7d902ac75213a4d63395d6320f9f838508ca1f815b7e26fcccebbc0d549ad075,"Section 1.1: Investor visa grants in the year ending March 2022 (820) and March 2020 (726), with top nationalities.",The text does not say whether the 820 includes dependants; the surrounding tables are mostly main applicants.
gbr-isc-russia-2020,Russia (HC 632),Intelligence and Security Committee of Parliament,,government,GBR,2020-07-21,2026-10-02,https://isc.independent.gov.uk/wp-content/uploads/2021/03/CCS207_CCS0221966010-001_Russia-Report-v02-Web_Accessible.pdf,,raw/gbr-isc-russia-2020.pdf,8428ed1fde36391f3d9c3b7cdf50dcc54d5de891cd4683f4fd8f30e9c8fe63d5,Paras 49-56: the investor visa scheme as the key to London's appeal for Russian oligarchs; calls for an overhaul of the Tier 1 (Investor) programme.,Parliamentary committee report (ordered printed 21 July 2020); file is the March 2021 web-accessible version.
gbr-mac-tier1-investor-2014,Tier 1 (Investor) route: investment thresholds and economic benefits,Migration Advisory Committee,,government,GBR,2014-02,2026-10-02,https://assets.publishing.service.gov.uk/media/5a7c098fe5274a13acca2f0e/Tier1investmentRoute.pdf,,raw/gbr-mac-tier1-investor-2014.pdf,53c822162211bb9b42ee355ba46f75aa31c208563a96d1d62ea7b46df811c5b5,"MAC review commissioned Oct 2013: route rules and history, Home Office grant data to 2013 Q3 (main applicants, dependants, in-country grants, top nationalities), economic assessment, recommendation to raise the threshold to GBP 2 million.",GOV.UK page dated 25 Feb 2014; HC 693 explanatory memorandum says the report was published on 28 February 2014. Grant figures are Home Office statistics as cited by MAC (status 'reported'); age data are unassured management information.
grc-gtp-2025-02-13,Golden Visa Applications in Greece Reach Record High in 2024,GTP Headlines,GTP editing team,media,GRC,2025-02-13,2026-09-28,https://news.gtp.gr/2025/02/13/golden-visa-applications-in-greece-reach-record-high-in-2024/,,,,"2024 application count, an investment total, pending and approvals figures attributed partly to the Ministry and partly to Astons (a migration agency).",Trade media. Mixes ministry figures with an agency (Astons) figures.
grc-imidaily-2022-01-16,"At 1,035 Approvals, The Greek Golden Visa Was Officially Europe's Biggest in 2021",Investment Migration Insider (IMI Daily),Christian Henrik Nesheim,industry,GRC,2022-01-16,2026-09-28,https://www.imidaily.com/intelligence/at-1035-approvals-the-greek-golden-visa-was-officially-europes-biggest-in-2021/,https://web.archive.org/web/20230606103806/https://www.imidaily.com/intelligence/at-1035-approvals-the-greek-golden-visa-was-officially-europes-biggest-in-2021/,,,2021 approvals and dependants from cumulative counts (most likely the Enterprise Greece cumulative table).,Industry news site. Figures are differences between cumulative totals; the underlying official table was not retrieved.
grc-law-5007-2022,"Ν. 5007/2022 (ΦΕΚ Α 241/23.12.2022), άρθρα 91-92: Μόνιμη άδεια διαμονής επενδυτή - αντικατάσταση παρ. Β άρθρου 20 ν. 4251/2014; μεταβατική διάταξη",Hellenic Republic (text as reproduced by Taxheaven),,legislation,GRC,2022-12-23,2026-09-28,https://www.taxheaven.gr/law/5007/2022/arthro/91,,raw/grc-law-5007-2022.html,b74aef43275eca5d1cd2e76133810f535c79fff0c812883298307ab459fae787,"Raised the real-estate minimum to €500,000 in selected high-demand areas (art. 91) with a transitional regime for €250,000 deals (art. 92).",Read on taxheaven.gr (private legal database; art. 92 at https://www.taxheaven.gr/law/5007/2022/arthro/92). Raw copy is the taxheaven HTML page of art. 91 only (art. 92 not stored). Official ΦΕΚ PDF not retrieved; lead: obtain ΦΕΚ Α 241/2022 from et.gr and replace.
grc-law-5038-2023,Νόμος 5038/2023 Κώδικας Μετανάστευσης (ΦΕΚ Α 81/01.04.2023),"Εφημερίς της Κυβερνήσεως (Government Gazette), copy hosted by the Ministry of Migration and Asylum",,legislation,GRC,2023-04-01,2026-09-28,https://migration.gov.gr/wp-content/uploads/2023/04/Κώδικας-Μετανάστευσης.pdf,,raw/grc-law-5038-2023.pdf,826446ab38961ce1a697c9795609e51298ccfc6989db097af061eefc7037e0d3,"Migration Code as originally published: art. 99 (financial investments, permit type B.4) and art. 100 (real-estate investor permanent residence permit, type B.5, i.e. the Golden Visa).",Digitally signed ΦΕΚ copy. Two-column layout; quotes taken from reading-order text extraction. Later amended (Law 5100/2024 etc.); current consolidated text at https://www.taxheaven.gr/law/5038/2023.
grc-law-5100-2024-consolidated,"Νόμος 5100/2024, κωδικοποιημένος με τον 5167/2024, ΦΕΚ Α 49/5.4.2024 - Άρθρο 64: Άδεια διαμονής που συνδέεται με επενδύσεις σε ακίνητη περιουσία",Ministry of Migration and Asylum (hosting a Taxheaven consolidated print of the law),,legislation,GRC,2024-04-05,2026-09-28,https://migration.gov.gr/wp-content/uploads/2025/03/Νόμος-5100_2024-κωδικοποιημένος-με-τον-5167_2024-ΦΕΚ-Α-49_5.4.2024.pdf,,raw/grc-law-5100-2024-consolidated.pdf,6bd609dec1ea3d50188191ba8974a02f3ecbf5d33aea1208df8ca9c04d87c95d,"Art. 64 replacing art. 100 Law 5038/2023: €800,000 / €400,000 / €250,000 thresholds, short-term-rental ban and fines, transitional regime (deposit by 31.8.2024; completion by 28.2.2025 as extended by Law 5167/2024).","A consolidated print (taxheaven.gr, printed 15/1/25) hosted on migration.gov.gr, not the ΦΕΚ itself. The consolidation reflects the Law 5167/2024 (ΦΕΚ Α 207/20.12.2024) extension."
grc-mma-legal-migration-2022-12,"Νόμιμη Μετανάστευση Δεκέμβριος 2022 (Legal Migration monthly statistical bulletin, Δεκέμβριος 2022)",Υπουργείο Μετανάστευσης και Ασύλου (Ministry of Migration and Asylum),,government,GRC,2023-02,2026-09-28,https://migration.gov.gr/wp-content/uploads/2023/02/Δεκέμβριος-2022_ΥΜΑ-GR-Ενημερωτικό-Δεκέμβριος-Β-Νόμιμη-Μετανάστευση_ΝΕΑ-ΕΚΔΟΣΗ.pdf,,raw/grc-mma-legal-migration-2022-12.pdf,b7d8d2be675f96458f70ab69ac36616b5e37e56ca73f60b25fcbae64795385d9,"Section 4 ""Μόνιμη Άδεια Διαμονής Επενδυτή"" (Golden Visa): valid permits at end of month (investors and family members, first grant vs renewal), applications by year of filing, permits issued by month, pending applications.",Golden Visa pages are charts; Greek text layer is garbled (non-embedded font) so values were read from rendered page images. Exact figures are in the companion Annex B (Παράρτημα Β).
grc-mma-legal-migration-2022-12-annexb,"Νόμιμη Μετανάστευση Δεκέμβριος 2022 - Παράρτημα Β (Legal Migration, Δεκέμβριος 2022, Annex B tables)",Υπουργείο Μετανάστευσης και Ασύλου (Ministry of Migration and Asylum),,government,GRC,2023-02,2026-09-28,https://migration.gov.gr/wp-content/uploads/2023/02/ΠΑΡΑΡΤΗΜΑ-Β_Δεκέμβριος_2022_ΥΜΑ-GR-Ενημερωτικό-Δεκέμβριος-Β-Νόμιμη-Μετανάστευση_ΝΕΑ-ΕΚΔΟΣΗ.pdf,,raw/grc-mma-legal-migration-2022-12-annexb.pdf,aa7ee04652f6e79785a0c796009430d4a2bfdc90ce7fa2fad0516b152d4c45a2,"Tables 12a/12b (valid investor / family-member permits by nationality and sex), 13a/13b (applications by year/month of filing and their outcome), 14/15 (permits issued by month of filing / month of decision), 16/17 (pending applications).","Tables under Law 4251/2014 ""Μόνιμη άδεια διαμονής επενδυτή"" (now art. 100 Law 5038/2023, permit type B.5). Counts are permits (one per person). Application-year tables are revised in every monthly edition as pending files are decided and data are cleaned, so the same filing year shows different totals in different editions."
grc-mma-legal-migration-2023-12,"Νόμιμη Μετανάστευση Δεκέμβριος 2023 (Legal Migration monthly statistical bulletin, Δεκέμβριος 2023)",Υπουργείο Μετανάστευσης και Ασύλου (Ministry of Migration and Asylum),,government,GRC,2024-01,2026-09-28,https://migration.gov.gr/wp-content/uploads/2024/01/Δεκέμβριος-2023_ΥΜΑ-GR-Ενημερωτικό-Δεκέμβριος-Β-Νόμιμη-Μετανάστευση_ΝΕΑ-ΕΚΔΟΣΗ.pdf,,raw/grc-mma-legal-migration-2023-12.pdf,15e74c13a84e29bdee96cf591e2d5899844257870f90825683fe20484d01e62c,"Section 4 ""Μόνιμη Άδεια Διαμονής Επενδυτή"" (Golden Visa): valid permits at end of month (investors and family members, first grant vs renewal), applications by year of filing, permits issued by month, pending applications.",Golden Visa pages are charts; Greek text layer is garbled (non-embedded font) so values were read from rendered page images. Exact figures are in the companion Annex B (Παράρτημα Β).
grc-mma-legal-migration-2023-12-annexb,"Νόμιμη Μετανάστευση Δεκέμβριος 2023 - Παράρτημα Β (Legal Migration, Δεκέμβριος 2023, Annex B tables)",Υπουργείο Μετανάστευσης και Ασύλου (Ministry of Migration and Asylum),,government,GRC,2024-01,2026-09-28,https://migration.gov.gr/wp-content/uploads/2024/01/ΠΑΡΑΡΤΗΜΑ-Β_Δεκέμβριος_2023_ΥΜΑ-GR-Ενημερωτικό-Δεκέμβριος-Β-Νόμιμη-Μετανάστευση.pdf,,raw/grc-mma-legal-migration-2023-12-annexb.pdf,1f3c3059a16ca256f9cd47f59b903f0fce97d19a58b7fa31bd6cbedde1d63280,"Tables 12a/12b (valid investor / family-member permits by nationality and sex), 13a/13b (applications by year/month of filing and their outcome), 14/15 (permits issued by month of filing / month of decision), 16/17 (pending applications).","Tables under Law 4251/2014 ""Μόνιμη άδεια διαμονής επενδυτή"" (now art. 100 Law 5038/2023, permit type B.5). Counts are permits (one per person). Application-year tables are revised in every monthly edition as pending files are decided and data are cleaned, so the same filing year shows different totals in different editions."
grc-mma-legal-migration-2024-12,"Νόμιμη Μετανάστευση Δεκέμβριος 2024 (Legal Migration monthly statistical bulletin, Δεκέμβριος 2024)",Υπουργείο Μετανάστευσης και Ασύλου (Ministry of Migration and Asylum),,government,GRC,2025-01,2026-09-28,https://migration.gov.gr/wp-content/uploads/2025/01/Δεκέμβριος-2024_ΥΜΑ-GR-Ενημερωτικό-Δεκέμβριος-Β-Νόμιμη-Μετανάστευση_ΝΕΑ-ΕΚΔΟΣΗ.pdf,,raw/grc-mma-legal-migration-2024-12.pdf,ae8ce7e49802fca2fee2e691af7c97bd351c4945f3eac713560346f7db2bf259,"Section 4 ""Μόνιμη Άδεια Διαμονής Επενδυτή"" (Golden Visa): valid permits at end of month (investors and family members, first grant vs renewal), applications by year of filing, permits issued by month, pending applications.",Golden Visa pages are charts; Greek text layer is garbled (non-embedded font) so values were read from rendered page images. Exact figures are in the companion Annex B (Παράρτημα Β).
grc-mma-legal-migration-2024-12-annexb,"Νόμιμη Μετανάστευση Δεκέμβριος 2024 - Παράρτημα Β (Legal Migration, Δεκέμβριος 2024, Annex B tables)",Υπουργείο Μετανάστευσης και Ασύλου (Ministry of Migration and Asylum),,government,GRC,2025-01,2026-09-28,https://migration.gov.gr/wp-content/uploads/2025/01/ΠΑΡΑΡΤΗΜΑ-Β_Δεκέμβριος_2024_ΥΜΑ-GR-Ενημερωτικό-Δεκέμβριος-Β-Νόμιμη-Μετανάστευση.pdf,,raw/grc-mma-legal-migration-2024-12-annexb.pdf,149b38ed6b333952a00fc9feab54036288571b5d94b1512a2fe38afe8fb65189,"Tables 12a/12b (valid investor / family-member permits by nationality and sex), 13a/13b (applications by year/month of filing and their outcome), 14/15 (permits issued by month of filing / month of decision), 16/17 (pending applications).","Tables under Law 4251/2014 ""Μόνιμη άδεια διαμονής επενδυτή"" (now art. 100 Law 5038/2023, permit type B.5). Counts are permits (one per person). Application-year tables are revised in every monthly edition as pending files are decided and data are cleaned, so the same filing year shows different totals in different editions."
grc-mma-legal-migration-2025-12,"Νόμιμη Μετανάστευση Δεκέμβριος 2025 (Legal Migration monthly statistical bulletin, Δεκέμβριος 2025)",Υπουργείο Μετανάστευσης και Ασύλου (Ministry of Migration and Asylum),,government,GRC,2026-01,2026-09-28,https://migration.gov.gr/wp-content/uploads/2026/01/Δεκέμβριος-2025_ΥΜΑ-GR-Ενημερωτικό-Δεκέμβριος-Β-Νόμιμη-Μετανάστευση_ΝΕΑ-ΕΚΔΟΣΗ-1.pdf,,raw/grc-mma-legal-migration-2025-12.pdf,a0d35b8719ed17a1b63f5c0dd7e20a76260f27ba43e0b38f23ab308a8f685ced,"Section 4 ""Μόνιμη Άδεια Διαμονής Επενδυτή"" (Golden Visa): valid permits at end of month (investors and family members, first grant vs renewal), applications by year of filing, permits issued by month, pending applications.",Golden Visa pages are charts; Greek text layer is garbled (non-embedded font) so values were read from rendered page images. Exact figures are in the companion Annex B (Παράρτημα Β).
grc-mma-legal-migration-2025-12-annexb,"Νόμιμη Μετανάστευση Δεκέμβριος 2025 - Παράρτημα Β (Legal Migration, Δεκέμβριος 2025, Annex B tables)",Υπουργείο Μετανάστευσης και Ασύλου (Ministry of Migration and Asylum),,government,GRC,2026-01,2026-09-28,https://migration.gov.gr/wp-content/uploads/2026/01/ΠΑΡΑΡΤΗΜΑ-Β_Δεκέμβριος_2025_ΥΜΑ-GR-Ενημερωτικό-Δεκέμβριος-Β-Νόμιμη-Μετανάστευση.pdf,,raw/grc-mma-legal-migration-2025-12-annexb.pdf,cf269667e1e298a5c2775fe89dca7613b7b323f29c13c33ab54bc4a63732447d,"Tables 12a/12b (valid investor / family-member permits by nationality and sex), 13a/13b (applications by year/month of filing and their outcome), 14/15 (permits issued by month of filing / month of decision), 16/17 (pending applications).","Tables under Law 4251/2014 ""Μόνιμη άδεια διαμονής επενδυτή"" (now art. 100 Law 5038/2023, permit type B.5). Counts are permits (one per person). Application-year tables are revised in every monthly edition as pending files are decided and data are cleaned, so the same filing year shows different totals in different editions."
grc-mma-legal-migration-2026-08,"Νόμιμη Μετανάστευση Αύγουστος 2026 (Legal Migration monthly statistical bulletin, Αύγουστος 2026)",Υπουργείο Μετανάστευσης και Ασύλου (Ministry of Migration and Asylum),,government,GRC,2026-09,2026-09-28,https://migration.gov.gr/wp-content/uploads/2026/09/Αύγουστος-2026_ΥΜΑ-GR-Ενημερωτικό-Αύγουστος-Β-Νόμιμη-Μετανάστευση_ΝΕΑ-ΕΚΔΟΣΗ.pdf,,raw/grc-mma-legal-migration-2026-08.pdf,00aac0914de88cf2ed0aee0961068292412ddd38de2d3c546dc86d478366c2fd,"Section 4 ""Μόνιμη Άδεια Διαμονής Επενδυτή"" (Golden Visa): valid permits at end of month (investors and family members, first grant vs renewal), applications by year of filing, permits issued by month, pending applications.",Golden Visa pages are charts; Greek text layer is garbled (non-embedded font) so values were read from rendered page images. Exact figures are in the companion Annex B (Παράρτημα Β).
grc-mma-legal-migration-2026-08-annexb,"Νόμιμη Μετανάστευση Αύγουστος 2026 - Παράρτημα Β (Legal Migration, Αύγουστος 2026, Annex B tables)",Υπουργείο Μετανάστευσης και Ασύλου (Ministry of Migration and Asylum),,government,GRC,2026-09,2026-09-28,https://migration.gov.gr/wp-content/uploads/2026/09/ΠΑΡΑΡΤΗΜΑ-Β_Αύγουστος-_2026_ΥΜΑ-GR-Ενημερωτικό-Αύγουστος-Β-Νόμιμη-Μετανάστευση.pdf,,raw/grc-mma-legal-migration-2026-08-annexb.pdf,c7df74d8fa7419182031eb233df6bc1c484c1be6819421d8487ca1920a3845ad,"Tables 12a/12b (valid investor / family-member permits by nationality and sex), 13a/13b (applications by year/month of filing and their outcome), 14/15 (permits issued by month of filing / month of decision), 16/17 (pending applications).","Tables under Law 4251/2014 ""Μόνιμη άδεια διαμονής επενδυτή"" (now art. 100 Law 5038/2023, permit type B.5). Counts are permits (one per person). Application-year tables are revised in every monthly edition as pending files are decided and data are cleaned, so the same filing year shows different totals in different editions."
grc-mma-permits-2016-12,"ΣΤΑΤΙΣΤΙΚΑ_ΑΔ_20161231 (valid residence permits of third-country nationals, 31.12.2016, spreadsheet)",Υπουργείο Μετανάστευσης και Ασύλου (Ministry of Migration and Asylum),,government,GRC,2020-05,2026-09-28,https://migration.gov.gr/wp-content/uploads/2020/05/ΣΤΑΤΙΣΤΙΚΑ_ΑΔ_20161231.zip,,raw/grc-mma-permits-2016-12.xls,be8a0e047993f39a625067f757abe5e379801143a6de4cb50892eaaf33e6f0d1,"All valid residence permits on 31.12.2016 by issuing office, nationality, permit type, sex, age. Pivot sheet by type and sex includes investor permanent residence permits.","Downloaded as .zip, stored as the single .xls it contains. Investor permits appear as one permit type (""ΕΠΕΝΔΥΤΗΣ-ΜΟΝΙΜΗ ΔΙΑΜΟΝΗ"" / ""ΜΟΝΙΜΗ ΑΔΕΙΑ ΔΙΑΜΟΝΗΣ ΕΠΕΝΔΥΤΗ (Ν4251/14)""); family members of investors are NOT separately identified (they appear to be included in general family-member types), so these counts are best read as main investors only. Not directly comparable with the 2022+ bulletins, which report family members of investors separately."
grc-mma-permits-2017-12,"ΣΤΑΤΙΣΤΙΚΑ_ΑΔ_20171231 (valid residence permits of third-country nationals, 31.12.2017, spreadsheet)",Υπουργείο Μετανάστευσης και Ασύλου (Ministry of Migration and Asylum),,government,GRC,2020-05,2026-09-28,https://migration.gov.gr/wp-content/uploads/2020/05/ΣΤΑΤΙΣΤΙΚΑ_ΑΔ_20171231.zip,,raw/grc-mma-permits-2017-12.xls,74d43e17aa724c827b83b002c288df44501309be7c9c058abb6d717bd2fa102b,"All valid residence permits on 31.12.2017 by issuing office, nationality, permit type, sex, age. Pivot sheet by type and sex includes investor permanent residence permits.","Downloaded as .zip, stored as the single .xls it contains. Investor permits appear as one permit type (""ΕΠΕΝΔΥΤΗΣ-ΜΟΝΙΜΗ ΔΙΑΜΟΝΗ"" / ""ΜΟΝΙΜΗ ΑΔΕΙΑ ΔΙΑΜΟΝΗΣ ΕΠΕΝΔΥΤΗ (Ν4251/14)""); family members of investors are NOT separately identified (they appear to be included in general family-member types), so these counts are best read as main investors only. Not directly comparable with the 2022+ bulletins, which report family members of investors separately."
grc-mma-permits-2018-12,"ΣΤΑΤΙΣΤΙΚΑ_ΑΔ_20181231 (valid residence permits of third-country nationals, 31.12.2018, spreadsheet)",Υπουργείο Μετανάστευσης και Ασύλου (Ministry of Migration and Asylum),,government,GRC,2020-05,2026-09-28,https://migration.gov.gr/wp-content/uploads/2020/05/ΣΤΑΤΙΣΤΙΚΑ_ΑΔ_20181231.zip,,raw/grc-mma-permits-2018-12.xls,5194861153789e4cef157e1204c181e0aaf80436739173d11fe2938d9c553979,"All valid residence permits on 31.12.2018 by issuing office, nationality, permit type, sex, age. Pivot sheet by type and sex includes investor permanent residence permits.","Downloaded as .zip, stored as the single .xls it contains. Investor permits appear as one permit type (""ΕΠΕΝΔΥΤΗΣ-ΜΟΝΙΜΗ ΔΙΑΜΟΝΗ"" / ""ΜΟΝΙΜΗ ΑΔΕΙΑ ΔΙΑΜΟΝΗΣ ΕΠΕΝΔΥΤΗ (Ν4251/14)""); family members of investors are NOT separately identified (they appear to be included in general family-member types), so these counts are best read as main investors only. Not directly comparable with the 2022+ bulletins, which report family members of investors separately."
grc-mma-permits-2019-12,"ΣΤΑΤΙΣΤΙΚΑ_ΑΔ_20191231 (valid residence permits of third-country nationals, 31.12.2019, spreadsheet)",Υπουργείο Μετανάστευσης και Ασύλου (Ministry of Migration and Asylum),,government,GRC,2020-05,2026-09-28,https://migration.gov.gr/wp-content/uploads/2020/05/ΣΤΑΤΙΣΤΙΚΑ_ΑΔ_20191231.zip,,raw/grc-mma-permits-2019-12.xls,211f11992871af0718b1c58607371f3c8b46463ba4cd459e5bf5648dbd9ad880,"All valid residence permits on 31.12.2019 by issuing office, nationality, permit type, sex, age. Pivot sheet by type and sex includes investor permanent residence permits.","Downloaded as .zip, stored as the single .xls it contains. Investor permits appear as one permit type (""ΕΠΕΝΔΥΤΗΣ-ΜΟΝΙΜΗ ΔΙΑΜΟΝΗ"" / ""ΜΟΝΙΜΗ ΑΔΕΙΑ ΔΙΑΜΟΝΗΣ ΕΠΕΝΔΥΤΗ (Ν4251/14)""); family members of investors are NOT separately identified (they appear to be included in general family-member types), so these counts are best read as main investors only. Not directly comparable with the 2022+ bulletins, which report family members of investors separately."
grc-movingto-2026-07-10,"Greece Golden Visa Queue Falls 7% but 33,051 Files Remain",Movingto,Dean Fankhauser,industry,GRC,2026-07-10,2026-09-28,https://movingto.com/gr/greece-golden-visa-applications-fall-q1-2026,https://web.archive.org/web/20260807163521/https://movingto.com/gr/greece-golden-visa-applications-fall-q1-2026,,,Pending files and applications by year citing the Ministry May 2026 bulletin.,Relocation/advisory company blog; figures attributed to the Ministry May 2026 edition (not retrieved by us).
grc-ti-greece-2021,Χρυσή Βίζα: Σειρήνα ή Δούρειος Ίππος; (Golden Visa: Siren or Trojan Horse?),Transparency International Greece,,ngo,GRC,2021-04,2026-09-28,https://www.transparency.gr/wp-content/uploads/2021/04/GoldenVisas_FINAL-REPORT_2021.pdf,,,,"NGO report on the Greek Golden Visa: cumulative permit figures (citing Enterprise Greece data as of 05.01.2021), description of routes, fraud/overpricing risks.","NGO report: linked, not stored. Its permit figures are secondary (Enterprise Greece page, itself drawing on the Ministry database; page no longer online)."
grc-tovima-2026-05-20,Μαγνήτης για επενδυτές η Golden Visa - Ποιοι αγοράζουν ακίνητα και πού,ΤΟ ΒΗΜΑ,Ανδρομάχη Παύλου,media,GRC,2026-05-20,2026-09-28,https://www.tovima.gr/2026/05/20/finance/golden-visa-magnitis-gia-ependytes-poioi-agorazoun-akinita-kai-pou/,https://web.archive.org/web/20260928132718/https://www.tovima.gr/2026/05/20/finance/golden-visa-magnitis-gia-ependytes-poioi-agorazoun-akinita-kai-pou/,,,Golden Visa permits by nationality citing Ministry statistics for March 2026.,Newspaper citing the Ministry March 2026 bulletin (not retrieved by us).
grc-ypes-circular-13-2013,"Εγκύκλιος αριθ. 13: Εφαρμογή των διατάξεων του άρθρου 6 του ν. 4146/2013 (ορθή επανάληψη), Αρ. Πρωτ. 25426","Υπουργείο Εσωτερικών, Γενική Γραμματεία Πληθυσμού και Κοινωνικής Συνοχής (Ministry of Interior)",,government,GRC,2013-05-31,2026-09-28,https://diavgeia.gov.gr/doc/ΒΕΖ3Ν-ΗΜ2,,raw/grc-ypes-circular-13-2013.pdf,2d67ffae8c05ee2f1a0100ceaef37921e8ca47d02f3d94d317d37e454435664f,"Implementing circular for the original 2013 real-estate residence permit (art. 36A Law 3386/2005, added by art. 6(2) Law 4146/2013, ΦΕΚ Α 90): beneficiaries and €250,000 thresholds.",Official circular published on Diavgeia (ΑΔΑ ΒΕΖ3Ν-ΗΜ2). The law text itself (ΦΕΚ Α 90/18.4.2013) was not retrieved; art. 6 is shown as repealed on consolidated sites.
grc-ypes-circular-15-2013,"Εγκύκλιος αριθ. 15: Εφαρμογή των διατάξεων του άρθρου 6 του ν. 4146/2013, Αρ. Πρωτ. 38425","Υπουργείο Εσωτερικών, Γενική Γραμματεία Πληθυσμού και Κοινωνικής Συνοχής (Ministry of Interior)",,government,GRC,2013-08-06,2026-09-28,https://diavgeia.gov.gr/doc/ΒΛΩ9Ν-ΦΥΥ,,raw/grc-ypes-circular-15-2013.pdf,973d475784422481f3895348cc87aa400ecf850f1b001b44d43313b0f58e275d,"Clarifies that pre-2013 property purchases qualify if current objective (tax) value is at least €250,000.",Official circular on Diavgeia (ΑΔΑ ΒΛΩ9Ν-ΦΥΥ).
grd-bestcitizens-2019,History of Grenada Economic Citizenship Program,Best Citizenships (bestcitizens.com),,industry,GRD,2019-12-13,2026-09-28,https://bestcitizens.com/2019/12/13/history-of-grenada-economic-citizenship-program/,https://web.archive.org/web/20250714084503/https://best-citizenships.com/2019/12/13/history-of-grenada-economic-citizenship-program/,,,"1997-2001 Economic Citizenship Program: legal basis, price, passports issued, suspension, Canada visa.",Industry (agent) blog; cites Grenada Action Forum and The Globe and Mail but no primary documents. Low reliability; used only for the 1997-2001 period where no primary source was found.
grd-cbiunit-web-2015,Grenada Citizenship by Investment Unit website: Approved Real Estate Projects (archived 15 July 2015),Government of Grenada (Citizenship by Investment Unit),,government,GRD,2015-07-15,2026-09-28,http://www.cbi.gov.gd/grenada-investments/grenada-real-estate/,https://web.archive.org/web/20150715235718/http://www.cbi.gov.gd:80/grenada-investments/grenada-real-estate/,raw/grd-cbiunit-web-2015.html,dfa1233e55deff054531fa13e7c60e814aee02ead60ef7c204fc1fdf6eeb75b7,"2015 real-estate minimum (US$350,000) and fee schedule (fees page archived 29 June 2015).",Archived web page; raw file is the Wayback Machine HTML of the real-estate page. Fees quoted from https://web.archive.org/web/20150629230917/http://www.cbi.gov.gd:80/grenada-citizenship/application-fees/ (not stored).
grd-eu-dec-2016-270,Council Decision (EU) 2016/270 of 12 February 2016 on the conclusion of the Agreement between the European Union and Grenada on the short-stay visa waiver,Council of the European Union,,eu,GRD,2016-02-12,2026-09-28,https://www.legislation.gov.uk/eudn/2016/270/introduction,,raw/grd-eu-dec-2016-270.pdf,7a897c53d61d57cc3565001acf962278736f6db7fdd0f71f0c185d8c28ff6d38,Signature and provisional application of the EU-Grenada visa waiver from 28 May 2015.,PDF copy from legislation.gov.uk (EUR-Lex blocked scripted access).
grd-ima-ceo-processing-2024,The CEO's Desk: IMA Grenada Processing Report (2024),Investment Migration Agency Grenada,,government,GRD,2024-08,2026-09-28,https://imagrenada.gd/wp-content/uploads/2024/08/IMAG-CEOs-Desk-Processing-Report.pdf,,raw/grd-ima-ceo-processing-2024.pdf,27d409511f679076ea5f3317bcbf896c104ba73c838ccfc70f5e34fb8c8e76a8,Applications processed per year 2021-2023 (bar chart labels) and Q1 2021-2024.,Figures read from chart data labels.
grd-ima-circular-3-2024,IMA Grenada Circular No. 3 of 2024 (Update to Circular No. 2 - Minimum Investment Threshold) with Circular No. 2 of 2024,Investment Migration Agency Grenada,,government,GRD,2024-07-03,2026-09-28,https://imagrenada.gd/wp-content/uploads/2024/07/Update-to-Circular-No.-2-Minimum-Investment-Threshold-July-3-2024.pdf,,raw/grd-ima-circular-3-2024.pdf,877458317f36490256a23b5090ed8f5bc99ec998d9a2d53cf6c2dd4506c0d91c,New pricing effective 1 July 2024 under the OECS MoA; transition deadline extended to 12 July 2024 after Hurricane Beryl.,
grd-ima-stats-2024q4,IMA Grenada Quarterly Statistics: Q4 2024 (with year-to-date),Investment Migration Agency Grenada,,government,GRD,2025-01,2026-09-28,https://imagrenada.gd/wp-content/uploads/2025/01/IMA-Q4-Statistic-Report.pdf,,raw/grd-ima-stats-2024q4.pdf,862adf3fd685c4f9bdb58a4adea1fd8352655189f7637713769c397a3cf943fc,"2024 year-to-date: applications received/processed/approved/denied, new citizens, central government revenues by route, real-estate escrow inflows, applicant nationalities.","Revenue is cash collected in the period; approvals relate to processing (2024 cleared a backlog), so approvals far exceed applications received."
grd-ima-stats-2025q4,IMA Grenada Quarterly Statistics: Q4 2025 (with year-to-date),Investment Migration Agency Grenada,,government,GRD,2026-02,2026-09-28,https://imagrenada.gd/wp-content/uploads/2026/02/IMA-Q4-Statistic-Report-02-3-2026.pdf,,raw/grd-ima-stats-2025q4.pdf,9d98a27927fb81a434967765090c71a79018ce542ffdeb7bc6e04c959bd4eca7,"2025 year-to-date: applications, approvals, denials, new citizens, government revenues, real-estate escrow inflows.",Adds a note that 'Number of New Citizens' 'represents the number of individuals who have been granted citizenship and will reflect this definition going forward' - possible definitional change vs earlier quarters.
grd-ima-stats-2026q1,IMA Grenada Quarterly Statistics: Q1 2026,Investment Migration Agency Grenada,,government,GRD,2026-06,2026-09-28,https://imagrenada.gd/wp-content/uploads/2026/06/IMA-Grenada-Q1-Statistics-2026.pdf,,raw/grd-ima-stats-2026q1.pdf,0a1f06bada85fb051af23569411aaf3d4cffb826731e9ca5d50be344b6d97548,"Q1 2026 applications, approvals, new citizens, revenues.",
grd-ima-web-2024,"Citizenship by Investment - Investment Migration Agency (IMA) Grenada (web page, archived 19 May 2024)",Investment Migration Agency Grenada,,government,GRD,2024-05-19,2026-09-28,https://imagrenada.gd/citizenship-by-investment/,https://web.archive.org/web/20240519221743/https://imagrenada.gd/citizenship-by-investment/,raw/grd-ima-web-2024.html,37e7d27308c131d7f97f262a2cdd8a7e787e59d1c0e98272c79e93de1a0ddaa4,"Pre-July-2024 minimum contribution (US$150,000); Act No. 15 of 2013 passed August 2013.",Archived web page; raw file is the Wayback Machine HTML.
grd-imf-art4-2016,"Grenada: Staff Report for the 2016 Article IV Consultation, Fourth Review Under the Extended Credit Facility ... (IMF Country Report No. 16/133)",International Monetary Fund,,imf,GRD,2016-05,2026-09-28,https://www.imf.org/external/pubs/ft/scr/2016/cr16133.pdf,,raw/grd-imf-art4-2016.pdf,987434cab1fa8f7a4fe6f4d4da176f79e887b5ddf6be019ff4e48e945c5c3313,CBI-related budget revenue 2014-2015 (EC$ m and % of GDP); NTF 40% savings rule in 2015 FRA; monthly CBI revenue chart.,Staff table and authorities' MEFP give different % of GDP for 2015 CBI budget revenue (0.7 vs 0.5). Page numbers are PDF pages.
grd-imf-art4-2019,Grenada: 2019 Article IV Consultation - Press Release; Staff Report; and Statement by the Executive Director for Grenada (IMF Country Report No. 19/192),International Monetary Fund,,imf,GRD,2019-07,2026-09-28,https://www.imf.org/-/media/files/publications/cr/2019/1grdea2019001.pdf,,raw/grd-imf-art4-2019.pdf,a02e32ae0f2a3a64878a1f2d54ebc9602f941efe8ebdc303efdc74aa2e9379b7,CBI inflows 2018 (% of GDP); Table 2a 'Citizenship by Investment Program' non-tax revenue 2014-2024 (EC$ m); notes that not all CBI receipts are recorded in the budget.,"In this vintage the CBI line covers only CBI non-tax revenue (fees), not NTF contributions (then recorded as grants), hence much lower values than later vintages. Page numbers are PDF pages."
grd-imf-art4-2022,Grenada: 2022 Article IV Consultation - Press Release; Staff Report; and Statement by the Executive Director for Grenada (IMF Country Report No. 22/134),International Monetary Fund,,imf,GRD,2022-05,2026-09-28,https://www.imf.org/-/media/files/publications/cr/2022/english/1grdea2022002.pdf,,raw/grd-imf-art4-2022.pdf,e1d605fafa3ea727b8c53464b7d5d7a01ec054fd0205af4a3156e04739c61310,Qualitative CBI discussion; external sector assessment states CBI revenues 'stable at 4 percent of GDP'. No CBI rows in fiscal tables.,Page numbers are PDF pages.
grd-imf-art4-2023,Grenada: 2023 Article IV Consultation - Press Release; and Staff Report (IMF Country Report No. 23/261),International Monetary Fund,,imf,GRD,2023-07,2026-09-28,https://www.imf.org/-/media/files/publications/cr/2023/english/1grdea2023001.pdf,,raw/grd-imf-art4-2023.pdf,148ec74d9ba926d6c8de7ae95c95cef6fe64c84f0eba3a099613ddd02ce6dca4,CBI averages ~5% of GDP since 2014; reclassification of NTF contributions from grants to non-tax revenue from 2023; E-2 legislation; suspension of Russian/Belarusian applications; ICSID Kawana Bay case; CFATF findings.,No CBI rows in fiscal tables of this vintage. Page numbers are PDF pages.
grd-imf-art4-2024,Grenada: 2024 Article IV Consultation - Press Release; Staff Report; and Statement by the Executive Director for Grenada (IMF Country Report No. 25/39),International Monetary Fund,,imf,GRD,2025-02,2026-09-28,https://www.imf.org/-/media/files/publications/cr/2025/english/1grdea2025001-print-pdf.pdf,,raw/grd-imf-art4-2024.pdf,fc698a02261f0c8a683ff6cc6ef4b46c32d8af3b4a8a326781d39812685d67e0,"Tables 1, 2, 3a, 3b: CBI inflows (% GDP) and Government CBI revenue (EC$ m, % GDP) 2019-2029; Box 1 on CBI programme; IMA rebrand; regional MoA.",Contains two different EC$ series: a non-tax revenue line 'Citizenship by Investment Program' and a memo line 'Government CBI revenue' that are much lower for 2019-2022 (e.g. 96.1 vs 8.0 for 2019). The next vintage (CR 26/9) replaces the memo line with the higher series. Treat the 2019-2022 memo values with caution. Page numbers are PDF pages.
grd-imf-art4-2025,Grenada: 2025 Article IV Consultation - Press Release and Staff Report (IMF Country Report No. 26/9),International Monetary Fund,,imf,GRD,2026-01,2026-09-28,https://www.imf.org/-/media/files/publications/cr/2026/english/1grdea2026001-source-pdf.pdf,,raw/grd-imf-art4-2025.pdf,1f1d3b6f58dccf98bde5421adc105f4518f04f638dbfc2a3282e830707940000,"Tables 1, 3a, 3b: CBI inflows and Government CBI revenue 2020-2030; ECCIRA; contingency fund balance Oct 2025; revisions to BoP for CBI agent commissions.",Revises Government CBI revenue for 2020-2022 upward relative to CR 25/39 memo line (e.g. 2020: 3.6% vs 0.6% of GDP). Page numbers are PDF pages.
grd-imf-ecf1-2014,Grenada: First Review Under the Extended Credit Facility Arrangement and Financing Assurances Review - Staff Report; Press Release (IMF Country Report No. 14/363),International Monetary Fund,,imf,GRD,2014-12,2026-09-28,https://www.imf.org/external/pubs/ft/scr/2014/cr14363.pdf,,raw/grd-imf-ecf1-2014.pdf,fae4426da93b7b68d67d2f6b0efa882d76f6f550cbb4495f5b9ad8ca840b95a3,"Annex II 'The Citizenship by Investment Program' (PDF pp. 41-43): programme design, NTF, fee schedule as of August 2014, visa-free access table, first new citizen August 2014.",imf.org blocks scripted downloads (HTTP 403); copy retrieved via a browser-like fetch. Page numbers are PDF pages.
grd-imf-ecf2-2015,Grenada: Second Review Under the Extended Credit Facility ... Press Release; and Staff Report (IMF Country Report No. 15/193),International Monetary Fund,,imf,GRD,2015-07,2026-09-28,https://www.imf.org/external/pubs/ft/scr/2015/cr15193.pdf,,raw/grd-imf-ecf2-2015.pdf,ca683366ee0f09b99e192cf18130d4d137278bb5373878c5094a7909119727a1,"First CBI receipts (Sept 2014-Mar 2015), 2015 budget assumptions for CBI, bondholder CBI revenue-sharing terms (Apr 2015), commitment to publish quarterly CBI statistics.",Page numbers are PDF pages.
grd-mof-budget-2024,"2024 Budget Statement (presented by Hon. Dennis Cornwall, 4 December 2023)","Government of Grenada, Ministry of Finance",,government,GRD,2023-12-04,2026-09-28,https://www.finance.gd/docs/2023/Budget%20Statement%202024_1.pdf,,raw/grd-mof-budget-2024.pdf,fabac07786943f88b37915c9cd781b9e3c7684b9e0e38521089bc35f4a91473a,Contingency (rainy-day) fund from 10% of NTF receipts; CBI programme section.,
grd-mof-budget-2025,2025 Budget Statement,"Government of Grenada, Ministry of Finance",,government,GRD,2025,2026-09-28,https://www.finance.gd/docs/2025/Final_Budget_Speech_2025_Official.pdf,,raw/grd-mof-budget-2025.pdf,b44db2c7043b08947c69e52ceba20a1d4a70b4c19b3ccec99ebefcbe77be0dfb,2024 fiscal outturn attributed to CBI inflows; regional regulator; 70% fee cut for local developers.,
grd-mof-budget-2026,Budget Statement 2026,"Government of Grenada, Ministry of Finance",,government,GRD,2025-12,2026-09-28,https://www.finance.gd/docs/2025/Budget_Speech_2026.pdf,,raw/grd-mof-budget-2026.pdf,629f98d5a27696948e7b8a4b4c54e64095e5349042f3894d33f4b01d82f48055,2025 IMA performance vs budget; new approved projects; plan to repeal and replace CBI legislation.,
grd-mof-cbistats-2014-15,"Grenada: Citizenship by Investment Statistics (Cumulative Data), March 2014 - December 2015","Government of Grenada, Ministry of Finance",,government,GRD,2016,2026-09-28,https://www.finance.gd/docs/CBIcumulative.pdf,,raw/grd-mof-cbistats-2014-15.pdf,beac9960603ed658f0bf3d6db30c128ee48d2ccfdae2251fac1b163b18cc9a99,"Monthly Mar 2014-Dec 2015 and TOTAL as at December 2015: applications, approvals, new citizens, rejections, amounts due, treasury payments.","Official template published on finance.gd; figures in EC$. 'Amounts due (calculated)' / 'CBI Estimated Revenues' are computed from Cabinet approvals ('irrespective of the calendar year in which the application was received') and include amounts due to real-estate developers, i.e. they are gross programme inflows, not cash to government. The TOTAL column for amounts due (70,200,000) differs from the Dec-15 cumulative row (71,685,000) in the same table. Publication date approximate."
grd-mof-cbistats-2016,"Grenada: Citizenship by Investment Statistics, 2016 (1st half, 2nd half, total)","Government of Grenada, Ministry of Finance",,government,GRD,2017,2026-09-28,https://www.finance.gd/docs/CBIStatisticsfor2016.pdf,,raw/grd-mof-cbistats-2016.pdf,0fdbcc38c9c7e0c5a0eeefe8e77bbc46b1924a014bfd7f82779c07bf1b9a8623,Calendar 2016 totals.,"Official template published on finance.gd; figures in EC$. 'Amounts due (calculated)' / 'CBI Estimated Revenues' are computed from Cabinet approvals ('irrespective of the calendar year in which the application was received') and include amounts due to real-estate developers, i.e. they are gross programme inflows, not cash to government. Publication date approximate."
grd-mof-cbistats-2017q3,"Grenada: Citizenship by Investment Statistics, 3rd Quarter 2017 (with January-September total)","Government of Grenada, Ministry of Finance",,government,GRD,2017,2026-09-28,https://www.finance.gd/docs/3rdQuarterCBIStatistics2017.pdf,,raw/grd-mof-cbistats-2017q3.pdf,4332f770c9e154cd71d14f474d49d71554f920344ebc338e1125a06ff0bdba67,Jan-Sep 2017 totals.,"Official template published on finance.gd; figures in EC$. 'Amounts due (calculated)' / 'CBI Estimated Revenues' are computed from Cabinet approvals ('irrespective of the calendar year in which the application was received') and include amounts due to real-estate developers, i.e. they are gross programme inflows, not cash to government. No full-year 2017 file found."
grd-mof-cbistats-2018,"Grenada: Citizenship by Investment Statistics, 2018 by quarter and total","Government of Grenada, Ministry of Finance",,government,GRD,2019,2026-09-28,https://www.finance.gd/docs/CBIStatistics20181.pdf,,raw/grd-mof-cbistats-2018.pdf,edbd426c671bf7c582005de2dce66c96ae03b886743498c851ca5d9d618e2413,Calendar 2018 totals incl. CBI payments to Treasury.,"Official template published on finance.gd; figures in EC$. 'Amounts due (calculated)' / 'CBI Estimated Revenues' are computed from Cabinet approvals ('irrespective of the calendar year in which the application was received') and include amounts due to real-estate developers, i.e. they are gross programme inflows, not cash to government. Publication date approximate."
grd-mof-cbistats-2019q4,"Grenada: Citizenship by Investment Statistics, 4th Quarter 2019","Government of Grenada, Ministry of Finance",,government,GRD,2020,2026-09-28,https://www.finance.gd/docs/CBIStatistics4thQtr2019%20.pdf,,raw/grd-mof-cbistats-2019q4.pdf,cc65928fc843b51d3eb3bbaf5f9ee47cd581d4849529c40e87b249d4b53e53dd,Q4 2019 monthly data and year-to-date cumulative amounts due.,"Official template published on finance.gd; figures in EC$. 'Amounts due (calculated)' / 'CBI Estimated Revenues' are computed from Cabinet approvals ('irrespective of the calendar year in which the application was received') and include amounts due to real-estate developers, i.e. they are gross programme inflows, not cash to government. No annual totals for counts in this file."
grd-mof-cbistats-2020q4,"Grenada: Citizenship by Investment Statistics, 4th Quarter 2020 (with annual total)","Government of Grenada, Ministry of Finance",,government,GRD,2021,2026-09-28,https://www.finance.gd/docs/CBIStats20204thqtr.pdf,,raw/grd-mof-cbistats-2020q4.pdf,921bc775943e05e85654a2f2761536b4855cb18a595785bf7b7c30faf0f0b8b7,Calendar 2020 totals.,"Official template published on finance.gd; figures in EC$. 'Amounts due (calculated)' / 'CBI Estimated Revenues' are computed from Cabinet approvals ('irrespective of the calendar year in which the application was received') and include amounts due to real-estate developers, i.e. they are gross programme inflows, not cash to government. "
grd-mof-cbistats-2021q4,"Grenada: Citizenship by Investment Statistics, 4th Quarter 2021 (with annual total)","Government of Grenada, Ministry of Finance",,government,GRD,2022,2026-09-28,https://www.finance.gd/docs/2022/CBIStatistics20214thQuarter.pdf,,raw/grd-mof-cbistats-2021q4.pdf,183a777bee547a9a0d1342e9e6ba19203f7451fb7b27cad0b58eb5efc628f1fc,Calendar 2021 totals.,"Official template published on finance.gd; figures in EC$. 'Amounts due (calculated)' / 'CBI Estimated Revenues' are computed from Cabinet approvals ('irrespective of the calendar year in which the application was received') and include amounts due to real-estate developers, i.e. they are gross programme inflows, not cash to government. "
grd-mof-cbistats-2022q4,"Grenada: Citizenship by Investment Statistics, October-December 2022","Government of Grenada, Ministry of Finance",,government,GRD,2023,2026-09-28,https://www.finance.gd/docs/2023/CBI%20Statistics_Qtr4_2022.pdf,,raw/grd-mof-cbistats-2022q4.pdf,8d8d440f347fbcb59f6a00b769c2967c5a8aac46ffbe40fbd533a47b01209723,Q4 2022 monthly data and year-to-date cumulative amounts due (the cumulative row excludes 'Other Fees').,"Official template published on finance.gd; figures in EC$. 'Amounts due (calculated)' / 'CBI Estimated Revenues' are computed from Cabinet approvals ('irrespective of the calendar year in which the application was received') and include amounts due to real-estate developers, i.e. they are gross programme inflows, not cash to government. No annual totals for counts."
grd-mof-cbistats-2023q1,"Grenada: Citizenship by Investment Statistics, January-March 2023 (re-posted version)","Government of Grenada, Ministry of Finance",,government,GRD,2024,2026-09-28,https://www.finance.gd/docs/2024/CBI_Statistics_2023_Qtr1i.pdf,,raw/grd-mof-cbistats-2023q1.pdf,9da2525f38361cbe18370cfc0b6cdd5fe740bb0ded660a749f3207e236d43e9f,Q1 2023.,"Official template published on finance.gd; figures in EC$. 'Amounts due (calculated)' / 'CBI Estimated Revenues' are computed from Cabinet approvals ('irrespective of the calendar year in which the application was received') and include amounts due to real-estate developers, i.e. they are gross programme inflows, not cash to government. A 2023 version (docs/2023/CBI Statistics 2023_Qtr1.pdf) shows slightly different revenue and rejection figures."
grd-mof-cbistats-2023q2-v1,"Grenada: Citizenship by Investment Statistics, April-June 2023 (first published version)","Government of Grenada, Ministry of Finance",,government,GRD,2023-08,2026-09-28,https://www.finance.gd/docs/2023/CBI%20Statistics%202023_Qtr2.pdf,,raw/grd-mof-cbistats-2023q2-v1.pdf,e4e788832fc83a8f68dc8672c3ed3e670a04d989d7cd8483a7b1c9dd7118c2ca,"Q2 2023, original version.","Official template published on finance.gd; figures in EC$. 'Amounts due (calculated)' / 'CBI Estimated Revenues' are computed from Cabinet approvals ('irrespective of the calendar year in which the application was received') and include amounts due to real-estate developers, i.e. they are gross programme inflows, not cash to government. Superseded by an updated version (grd-mof-cbistats-2023q2-v2) that raises new citizens from 1,031 to 1,536 and lowers applications received from 532 to 501. Date approximate (NOW Grenada says data released in August 2023)."
grd-mof-cbistats-2023q2-v2,"Grenada: Citizenship by Investment Statistics, April-June 2023 (updated version)","Government of Grenada, Ministry of Finance",,government,GRD,2024,2026-09-28,https://www.finance.gd/docs/2024/CBI_Statistics_2023_Qtr2i.pdf,,raw/grd-mof-cbistats-2023q2-v2.pdf,bc768e3dc5063a6ee928a9057b061802a88b3c413934879d2504dbf3eba1ebfb,"Q2 2023, revised.","Official template published on finance.gd; figures in EC$. 'Amounts due (calculated)' / 'CBI Estimated Revenues' are computed from Cabinet approvals ('irrespective of the calendar year in which the application was received') and include amounts due to real-estate developers, i.e. they are gross programme inflows, not cash to government. Same content as docs/2023/CBI Statistics 2023_Qtr2_Upd..pdf."
grd-mof-cbistats-2023q3,"Grenada: Citizenship by Investment Statistics, July-September 2023 (re-posted version)","Government of Grenada, Ministry of Finance",,government,GRD,2024,2026-09-28,https://www.finance.gd/docs/2024/CBI_Statistics_2023_Qtr3i.pdf,,raw/grd-mof-cbistats-2023q3.pdf,bf6fb5e1c5947513eab2c73d76298a87c0dcf7846ee4f7b0c535fb2498444354,Q3 2023 and year-to-date cumulative CBI estimated revenues.,"Official template published on finance.gd; figures in EC$. 'Amounts due (calculated)' / 'CBI Estimated Revenues' are computed from Cabinet approvals ('irrespective of the calendar year in which the application was received') and include amounts due to real-estate developers, i.e. they are gross programme inflows, not cash to government. "
grd-mof-cbistats-2023q4,"Grenada: Citizenship by Investment Statistics, October-December 2023","Government of Grenada, Ministry of Finance",,government,GRD,2024,2026-09-28,https://www.finance.gd/docs/2024/CBI%20_Statistics_2023_Qtr4.pdf,,raw/grd-mof-cbistats-2023q4.pdf,fa632214e0357f4f11a626940c55875048047c7167d5e47a068bde7d6377a410,Q4 2023 and year-to-date (= calendar 2023) cumulative CBI estimated revenues; NTF usage incl. contingency fund allocation.,"Official template published on finance.gd; figures in EC$. 'Amounts due (calculated)' / 'CBI Estimated Revenues' are computed from Cabinet approvals ('irrespective of the calendar year in which the application was received') and include amounts due to real-estate developers, i.e. they are gross programme inflows, not cash to government. "
grd-mof-estimates-2023,Estimates of Revenue and Expenditure 2023 (with forward estimates 2024-2025),"Government of Grenada, Ministry of Finance",,government,GRD,2022-12,2026-09-28,https://www.finance.gd/docs/2022/Estimates_2023.pdf,,raw/grd-mof-estimates-2023.pdf,ccf761fdd61a8621235d985154d607a9f6347923f9ee23988ee2a3585f303a84,CBI Fees (item 18001): 2022 approved and provisional actual; 2023 budget.,
grd-mof-estimates-2024,Estimates of Revenue and Expenditure 2024 (with forward estimates 2025-2026),"Government of Grenada, Ministry of Finance",,government,GRD,2023-12,2026-09-28,https://www.finance.gd/docs/2023/Estimates%202024%20Final.pdf,,raw/grd-mof-estimates-2024.pdf,744123ff1421c2f4415a4e2d7bc23a9e298ed0198c19308c2ddd05503e955a10,CBI Fees (18001): 2023 provisional actual; 2024 budget.,
grd-mof-estimates-2025,Government of Grenada: Estimates of Revenue and Expenditure 2025-2027,"Government of Grenada, Ministry of Finance",,government,GRD,2025-03,2026-09-28,https://grenadaparliament.gd/wp-content/uploads/2025/03/government-of-grenada_-estimates-of-revenue-and-expenditure-2025-2027.pdf,,raw/grd-mof-estimates-2025.pdf,b0783719d6f84250fcd60fc8644cfbd3b6c84852c7c098854bd59434e4c30a45,Economic Citizenship (18001): 2024 provisional actual; 2025 budget; 2026-27 forward estimates.,"Downloaded from the Parliament of Grenada website. 50 MB. The 2024 'Approved Estimates' figure differs between Table 3 (334.3 EC$ m, p. 15) and the detailed revenue table (280,697,922, p. 88)."
grd-mof-estimates-2026,Government of Grenada: Estimates of Revenue and Expenditure 2026-2028,"Government of Grenada, Ministry of Finance",,government,GRD,2025-12,2026-09-28,https://www.finance.gd/docs/2025/Final_Estimates_of_Revenue_and_Expenditure-2026-2028i.pdf,,raw/grd-mof-estimates-2026.pdf,85316ac70581ab6b2136b0f09cecc32fe0ed181d309fbea2af68dd4d5e60636a,Investment Migration Agency Revenues / Economic Citizenship (18001): 2025 provisional actual; 2026 budget; 2027-28 forward estimates.,47 MB.
grd-mof-imastats-2024q4,"Investment Migration Agency (IMA Statistics): Fiscal Performance - IMA, Oct-Dec 2024","Government of Grenada, Ministry of Finance",,government,GRD,2025,2026-09-28,https://www.finance.gd/docs/2025/IMA_Statistics_Q4_2024.pdf,,raw/grd-mof-imastats-2024q4.pdf,dc1142860e4ceb714da5e59072fff24d7510398cbf1aa127fbb5d3408a3e57e0,Q4 2024 IMA revenues to government by component; contingency fund balance.,"Header says '(EC$M)' but values are printed in full EC$ (e.g. 103,632,595.74). From 2024 the MoF series reports cash revenue only, no application counts."
grd-mof-imastats-2025q4,"Investment Migration Agency (IMA Statistics): Fiscal Performance - IMA, Oct-Dec 2025","Government of Grenada, Ministry of Finance",,government,GRD,2026,2026-09-28,https://finance.gd/docs/2026/IMA_Statistics_Q4_2025.pdf,,raw/grd-mof-imastats-2025q4.pdf,3034f315e40a78c3725f79c7b2fcc66ee26e6216909e130ccca1944d20231547,Q4 2025 IMA revenues; contingency fund closing balance Dec 2025.,Values in EC$.
grd-mof-mtefs-2025,Medium-Term Economic and Fiscal Strategy Report 2025-2027,"Government of Grenada, Ministry of Finance",,government,GRD,2025,2026-09-28,https://www.finance.gd/docs/2025/Medium_Term_Economic_and_Fiscal_Strategy_Report%20_2025-2027.pdf,,raw/grd-mof-mtefs-2025.pdf,6223e3b30eed967ff4151b25ccdd1768413855b677881cb2b7247e3bc46570b7,"IMA revenues 2023 and 2024 actual, in old (net of fees) and new (gross) formats; 2024 outturn vs budget.",
grd-mof-mtff-2024,Medium-Term Fiscal Framework 2025-2027 (September 2024),"Government of Grenada, Ministry of Finance",,government,GRD,2024-09,2026-09-28,https://www.finance.gd/docs/2024/MTFF-2025-2027-Sep_2024.pdf,,raw/grd-mof-mtff-2024.pdf,c5c65b9e16e2cb396654cb7f8aef006a49638ba960445b60ee207daf705e4ae4,IMA revenues Jan-Jun 2023 vs 2024; estimated 2024 outturn vs budget.,
grd-mof-press-ima-2025,Press release: Performance of IMA Revenues (January-April 2025),"Government of Grenada, Ministry of Finance (Corporate Communication Unit)",,government,GRD,2025-05,2026-09-28,https://www.finance.gd/docs/2025/PERFORMANCE_OF_IMA_REVENUES_Press_Release.pdf,,raw/grd-mof-press-ima-2025.pdf,482f612589e552459571e79c73aa7e3334ba13711ab8c24dcd7f4d04ec9a674c,Jan-Apr 2025 IMA revenue vs target; attribution of 2024 surge to Russia/Belarus backlog.,Undated; date inferred as approx. May 2025.
grd-nowgrenada-2022-12,PM: Government projecting CBI earnings over EC$240 million,NOW Grenada,Linda Straker,media,GRD,2022-12-08,2026-09-28,https://nowgrenada.com/2022/12/pm-government-projecting-cbi-earnings-over-ec240-million/,https://web.archive.org/web/20221214030533/https://nowgrenada.com/2022/12/pm-government-projecting-cbi-earnings-over-ec240-million/,,,Jan-Sep 2022 approvals and government income as announced by government; cumulative new citizens since 2014; 2023 target.,Author: Linda Straker. Reports government announcements; not stored.
grd-nowgrenada-2023-09,Many Russians gained citizenship through CBI for first 6 months of 2023,NOW Grenada,Linda Straker,media,GRD,2023-09-13,2026-09-28,https://nowgrenada.com/2023/09/many-russians-gained-citizenship-through-cbi-for-first-6-months-of-2023/,https://web.archive.org/web/20231010095828/https://nowgrenada.com/2023/09/many-russians-gained-citizenship-through-cbi-for-first-6-months-of-2023/,,,"Jan-Jun 2023 new citizens (from MoF data), revenue and Russian share per CBI Committee chairman Richard Duncan; cumulative citizens.","Author: Linda Straker. Its 2,011 figure equals Q1 (980) + the first, later revised, Q2 figure (1,031) in MoF statistics. Not stored."
grd-sro-12-2024,"Grenada Citizenship by Investment (Amendment) Regulations, 2024 (S.R.O. No. 12 of 2024)",Government of Grenada,,legislation,GRD,2024-06-26,2026-09-28,https://caribbeannewsglobal.com/wp-content/uploads/2024/06/S.R.O.-12-of-2024-Grenada-Citizenship-by-Investment-Amendment-Regulations-2.pdf,,raw/grd-sro-12-2024.pdf,85240463a509a209fa9ece99beeeb15b8f462e15b87540288af21b8aeaf7fa87,"New Schedule I amounts from 1 July 2024 (NTF US$235,000; approved project US$350,000 or US$270,000 per share; government contribution US$50,000; developer fees).",Gazetted copy obtained from a news site's upload; no official-host copy found. Corrected by S.R.O. 15 of 2024 (shared-unit total value).
grd-sro-15-2024,"Grenada Citizenship by Investment (Amendment) (No. 2) Regulations, 2024 (S.R.O. No. 15 of 2024)",Government of Grenada,,legislation,GRD,2024-06-28,2026-09-28,https://imagrenada.gd/wp-content/uploads/2024/07/S.R.O.-15-of-2024-Grenada-Citizenship-by-Investment-Amendment-No.-2-Regulations.pdf,,raw/grd-sro-15-2024.pdf,e1010d8da4a659843ca16c5892037c407f8d3ea765c5555a83ff24f94f5521bf,"Re-issues the Schedule I table; shared-unit minimum total value US$540,000 (SRO 12 printed US$440,000).",
grd-un-ga-2001,"Statement by H.E. The Honourable Elvin Nimrod, Minister for Foreign Affairs and Cooperation, to the 56th Session of the UN General Assembly",Government of Grenada (via United Nations webcast archive),,government,GRD,2001-11-15,2026-09-28,https://www.un.org/webcast/ga/56/statements/011115grenadaE.htm,,raw/grd-un-ga-2001.html,73daedb25242fa9545f4ce664f0e445d047255ccd3772b80129d266af179c536,Announcement that the Economic Citizenship Program is suspended indefinitely.,Day taken from the URL (011115); document itself says 'November 2001'.
intl-eu-grd-visa-waiver-2015,Agreement between the European Union and Grenada on the short-stay visa waiver,"Official Journal of the European Union L 173, 3.7.2015 (L 173/30)",,legislation,GRD,2015-07-03,2026-09-28,http://publications.europa.eu/resource/celex/22015A0703(04),,raw/intl-eu-grd-visa-waiver-2015.pdf,9066956952b32f4e0f68f30f2e0bd7f286d85f623de29fcd9b603d57fe52b94f,"Visa waiver agreement text, signed 28 May 2015 and provisionally applied from signature.",
hun-444-revocations-2018,Tizenhat kötvényes papírjait vonták vissza utólag,444.hu,,media,HUN,2018-12-06,2026-10-02,https://444.hu/2018/12/06/tizenhat-kotvenyes-papirjait-vontak-vissza-utolag-ugy-nez-ki-hogy-a-szir-diktator-penzembere-es-az-orosz-kemfonok-csaladja-nincs-kozottuk,https://web.archive.org/web/20260512064805/https://444.hu/2018/12/06/tizenhat-kotvenyes-papirjait-vontak-vissza-utolag-ugy-nez-ki-hogy-a-szir-diktator-penzembere-es-az-orosz-kemfonok-csaladja-nincs-kozottuk,,,BMH revocation statistics obtained by Direkt36: settlement permits withdrawn from bond-programme participants.,Joint reporting with Direkt36.
hun-akk-annual-report-2016,Éves jelentés az államadósság kezeléséről 2016 (Annual report on government debt management 2016),Államadósság Kezelő Központ Zrt. (ÁKK),,government,HUN,2017,2026-10-02,https://documents.akk.hu/media/qwGg1lwB.pdf,,raw/hun-akk-annual-report-2016.pdf,aa409822e119f0d042bdb448d85f9d80f87244f84a83773a94719a8d1a7347c8,"Settlement bond series outstanding at end-2016 (appendix table, by series, HUF and EUR); gross sales of PEMÁK plus settlement bonds in 2016.",Publication month not printed on the cover; year is the year after the report period.
hun-akk-annual-report-2017,Éves jelentés az államadósság kezeléséről 2017 (Annual report on government debt management 2017),Államadósság Kezelő Központ Zrt. (ÁKK),,government,HUN,2018,2026-10-02,https://akk.hu/download?path=q7ob9GnR.pdf,http://web.archive.org/web/20230525193141/https://akk.hu/download?path=q7ob9GnR.pdf,raw/hun-akk-annual-report-2017.pdf,d54d7628f84d09b3a12684d5ff1a39ad7233172a4957fbdbd457fa9effa9bb80,"Settlement bond series outstanding at end-2017 (appendix table: 11 series, EUR 1,844.00 million); end of issuance in 2017.",Original link now returns 'file not found'; downloaded from the Wayback Machine copy of 25 May 2023.
hun-akk-annual-report-2018,Éves jelentés az államadósság kezeléséről 2018 (Annual report on government debt management 2018),Államadósság Kezelő Központ Zrt. (ÁKK),,government,HUN,2019,2026-10-02,https://documents.akk.hu/media/ynKZEqwg.pdf,,raw/hun-akk-annual-report-2018.pdf,d888674969bad8f7f2b4d07a5771576a3a639b29ea712b74f55a17cf7b2bc104,First settlement bond series (EUR 107.5 million) repaid in 2018; series outstanding at end-2018.,
hun-akk-annual-report-2022,Éves jelentés az államadósság kezeléséről 2022 (Annual report on government debt management 2022),Államadósság Kezelő Központ Zrt. (ÁKK),,government,HUN,2023,2026-10-02,https://documents.akk.hu/media/c53d2c3c-afd4-4dbe-a312-b9443c4a77dd.pdf,,raw/hun-akk-annual-report-2022.pdf,244b9d2ce8473a0835eb588a54ce19bf74a659166e8ee59ee2e71b3aab34c710,"Last three settlement bond series (EUR 555 million) repaid in 2022, ending the programme's debt.",
hun-akk-lmak-web-2019,Letelepedési Magyar Államkötvények (Settlement Hungarian Government Bonds) - programme page,"Államadósság Kezelő Központ Zrt. (ÁKK, Government Debt Management Agency)",,government,HUN,2019-11-18,2026-10-02,https://www.akk.hu/hu/allampapir-forgalmazas/allampapir-tipusok/letelepedesi-magyar-allamkotvenyek-leiras,,raw/hun-akk-lmak-web-2019.html,ba6ebcc92dea9f7124a4350c70d499f64a62da4ddd7148aa47ff8fff330e4b58,"Official description: programme closed 31 March 2017; from 1 Jan 2015 EUR 50,000 bonds and EUR 300,000 per applicant; how intermediaries worked; list of the eight intermediaries approved by Parliament's Economic Committee, with committee decision numbers and the three contract terminations.",Page dated 2019.11.18 on the site. Links to the committee decisions point to parlament.hu (CAPTCHA-protected; copies exist on the Wayback Machine).
hun-bm-k6396-2015,Válasz Szabó Tímea (független) K/6396. számon és K/6397. számon benyújtott írásbeli kérdéseire (Interior Minister's answer to written questions K/6396 and K/6397 on nationalities of settlement-bond buyers),"Belügyminisztérium (Ministry of Interior), Dr. Pintér Sándor",,government,HUN,2015-10,2026-10-02,https://www.parlament.hu/irom40/06396/06396-0001.pdf,http://web.archive.org/web/20221028102631/https://www.parlament.hu/irom40/06396/06396-0001.pdf,raw/hun-bm-k6396-2015.pdf,72167deb0391fd40b24a2885f961626cb44aee52243b2d17ef9f5a6c08482ead,"Table by nationality and year (2013, 2014, 2015 to 30 September) from the Office of Immigration and Nationality (BÁH).","parlament.hu is behind a CAPTCHA (download blocked); copy taken from the Wayback Machine (snapshot 28 Oct 2022). Scanned document; values read from the rendered page image. The table has no title saying what is counted: the questions asked which nationals bought bonds (K/6396) and which got residence permits through bond purchase (K/6397); the answer says BÁH data are attached. Column totals (440, 1,919, 537; our sum, not printed) exceed the bond packages implied by ÁKK figures for 2013-2014, so the table may count permit holders rather than bond buyers."
hun-hvg-gip-2024-12,Szeptember végéig 109-en igényeltek vendégbefektetői „aranyvízumot”,HVG,,media,HUN,2024-12-10,2026-10-02,https://hvg.hu/itthon/20241210_vendegbefektetoi-vizum-uj-letelepedesi-kotveny-nagy-erdeklodes-109-igenyles-ebx,https://web.archive.org/web/20251229114415/https://hvg.hu/itthon/20241210_vendegbefektetoi-vizum-uj-letelepedesi-kotveny-nagy-erdeklodes-109-igenyles-ebx,,,OIF data on guest investor visa applications and grants to 30 Sept 2024; only one qualifying fund manager.,Author Lőrincz Tamás. Partly paywalled.
hun-hvg-gip-2025-03,"Csak 25-en kértek vendégbefektetői tartózkodási engedélyt, nem nagyon pörög a letelepedési kötvény utódja",HVG,,media,HUN,2025-03-12,2026-10-02,https://hvg.hu/itthon/20250312_vendegbefektetoi-tartozkodasi-engedely-vizum,https://web.archive.org/web/20251229202639/https://hvg.hu/itthon/20250312_vendegbefektetoi-tartozkodasi-engedely-vizum,,,"Guest investor visa and permit applications to end-February 2025, citing Szabad Európa (RFE/RL Hungarian service).","Second-hand: HVG relays Szabad Európa, which did not get checked directly."
hun-index-bmh-2017-12,"Megvan, mennyien érkeztek a letelepedési kötvényprogrammal",Index.hu,,media,HUN,2017-12-07,2026-10-02,https://index.hu/gazdasag/2017/12/07/megvan_mennyien_erkeztek_a_letelepedesi_kotvenyprogrammal/,https://web.archive.org/web/20240907171953/https://index.hu/gazdasag/2017/12/07/megvan_mennyien_erkeztek_a_letelepedesi_kotvenyprogrammal/,,,Immigration and Asylum Office (BMH) figures released to Magyar Nemzet under a freedom-of-information request: settlement and residence permits to investors and family members.,Secondary report of an FOI answer reported first by Magyar Nemzet; the BMH document itself was not found.
hun-index-ngm-sneider-2017,17 ezer letelepedési kötvényt adtak el offshore-cégek gazdasági migránsoknak,Index.hu,,media,HUN,2017-03-08,2026-10-02,https://index.hu/gazdasag/2017/03/08/17_ezer_letelepedesi_kotvenyt_adtak_el_gazdasagi_migransoknak/,https://web.archive.org/web/20240522204545/https://index.hu/gazdasag/2017/03/08/17_ezer_letelepedesi_kotvenyt_adtak_el_gazdasagi_migransoknak/,,,Ministry for National Economy answer to MP Tamás Sneider (Jobbik): number of bond pieces sold 2013-2016.,"The ministry's written answer is on parlament.hu, which is behind a CAPTCHA (download blocked); the answer number was not identified."
hun-mk-act-ccxx-2012,"2012. évi CCXX. törvény a harmadik országbeli állampolgárok beutazásáról és tartózkodásáról szóló 2007. évi II. törvény módosításáról (Act CCXX of 2012 amending Act II of 2007 on the entry and residence of third-country nationals), in Magyar Közlöny 2012/180",Magyar Közlöny (Official Gazette of Hungary),,legislation,HUN,2012-12-27,2026-10-02,https://magyarkozlony.hu/pdf/15507,,raw/hun-mk-act-ccxx-2012.pdf,bb4a075f17c1dda70cbf9b3e3a63ae25e558a51c0b5222bd6abd58a7871089eb,"Creates the residency bond route: new s. 28(3)-(11) of Act II of 2007 (residence permit in the 'national economic interest' for holders of at least EUR 250,000 of securities issued by an intermediary that buys special zero-coupon Hungarian government bonds); settlement permit after six months (new s. 35(1)(e)).","Whole issue of the gazette (CCXX is on printed pp. 37386-37387, PDF pp. 271-272). Adopted by Parliament 11 Dec 2012; in force the day after promulgation."
hun-mk-act-xc-2023,"2023. évi XC. törvény a harmadik országbeli állampolgárok beutazására és tartózkodására vonatkozó általános szabályokról (Act XC of 2023 on the general rules for entry and residence of third-country nationals), in Magyar Közlöny 2023/185",Magyar Közlöny (Official Gazette of Hungary),,legislation,HUN,2023-12-21,2026-10-02,https://magyarkozlony.hu/dokumentumok/1202b6daababd0b18b57ae95f280c137877d9df4/letoltes,,raw/hun-mk-act-xc-2023.pdf,5ba6f5fe7fbd902d64646c41debb3c07d1f225f5d3ce4bce228a07198aa543c9,"Original text: guest investor visa (s. 16) and guest investor residence permit (s. 22); three investment routes (EUR 250,000 property fund units; EUR 500,000 residential property; EUR 1,000,000 donation to a university run by a public-interest trust); 10-year permit renewable for 10 years; commencement s. 285.","Whole gazette issue; Act XC starts on printed p. 10447. s. 16 on PDF p. 28, s. 22 on PDF p. 32, s. 285 on PDF p. 125."
hun-mk-ngm-decree-4-2013,"A nemzetgazdasági miniszter 4/2013. (II. 19.) NGM rendelete a harmadik országbeli állampolgárok beutazásáról és tartózkodásáról szóló törvényben meghatározott államkötvény kibocsátásának részletes szabályairól (Ministry for National Economy Decree 4/2013 on the issuance of the residency bond), in Magyar Közlöny 2013/26",Magyar Közlöny (Official Gazette of Hungary),,legislation,HUN,2013-02-19,2026-10-02,https://kozlonyok.hu/nkonline/MKPDF/hiteles/MK13026.pdf,http://web.archive.org/web/20250511101934/https://kozlonyok.hu/nkonline/MKPDF/hiteles/MK13026.pdf,raw/hun-mk-ngm-decree-4-2013.pdf,83abe126e63c658375f366d90b9cfa1417a5e8f6eb2553e0d9f703f6874299df,"Bond terms: EUR 250,000 face value, one series per calendar year, discount pricing, five-year term from 20 December of the year of issue, sold only to the approved intermediaries.",Downloaded from the Wayback Machine copy (kozlonyok.hu does not answer direct requests): http://web.archive.org/web/20250511101934/https://kozlonyok.hu/nkonline/MKPDF/hiteles/MK13026.pdf. Decree is on printed pp. 2016-2017 (PDF pp. 12-13).
hun-njt-act-xc-2023-v2024-09-01,"2023. évi XC. törvény - consolidated text, time state from 2024.09.01","Nemzeti Jogszabálytár (National Legislation Database, njt.jog.gov.hu)",,legislation,HUN,2024-09-01,2026-10-02,https://njt.jog.gov.hu/jogszabaly/2023-90-00-00.10,,raw/hun-njt-act-xc-2023-v2024-09-01.html,79bbedb7282d9b3e52315d791ab7d08a6d9f27282bc22ca0c4f052ca51d13bc1,"Consolidated s. 16(3) with the three routes including EUR 500,000 residential property.",Version identifier .10 on njt; the page header gives the time state 2024.09.01. Consolidated texts are official but not the authentic gazette text.
hun-njt-act-xc-2023-v2024-12-30,"2023. évi XC. törvény - consolidated text, time state from 2024.12.30","Nemzeti Jogszabálytár (National Legislation Database, njt.jog.gov.hu)",,legislation,HUN,2024-12-30,2026-10-02,https://njt.jog.gov.hu/jogszabaly/2023-90-00-00.15,,raw/hun-njt-act-xc-2023-v2024-12-30.html,774b05b592d8982f8e04b495e91623e1816d92d57c09599bde88628112b3fd59,"Consolidated s. 16(3) after Act LXXXIV of 2024: only fund units (EUR 250,000) and donation (EUR 1,000,000) remain; footnote says s. 16(3) was set by s. 135(2) of Act LXXXIV of 2024.","Version identifier .15. The amending act (2024. évi LXXXIV. törvény, promulgated 20 Dec 2024, general entry into force 30 Dec 2024) was not downloaded from the gazette; its s. 135 has lapsed in the consolidated database."
hun-njt-act-xc-2023-v2026-10-01,2023. évi XC. törvény - consolidated text in force 2026.10.01,"Nemzeti Jogszabálytár (National Legislation Database, njt.jog.gov.hu)",,legislation,HUN,2026-10-01,2026-10-02,https://njt.jog.gov.hu/jogszabaly/2023-90-00-00,,raw/hun-njt-act-xc-2023-v2026-10-01.html,aba20b1a58513bc32976177243b4a900c5de96dcfaea643c70ac412b5513b703,"Current rules of the guest investor visa and permit, including fund manager requirements (s. 22(9)-(10b)) and footnotes with amendment history.",
hun-oif-guest-investor-web-2026,Vendégbefektetői tartózkodási engedély (Guest investor residence permit) - information page,"Országos Idegenrendészeti Főigazgatóság (OIF, National Directorate-General for Aliens Policing)",,government,HUN,2026,2026-10-02,https://oif.gov.hu/tajekoztatok/vendegbefektetoi-tartozkodasi-engedely,,raw/hun-oif-guest-investor-web-2026.html,cb766c29555ba6a7913ecd84d513f8c6e8e6659700f200b58a64f31b03fe3782,"Current routes (fund units EUR 250,000 held 5 years; donation EUR 1,000,000), documents required, processing time 21 days.","Page undated; captured 2026-10-02. OIF's published statistics booklets (oif.gov.hu/statisztikak-kiadvanyfuzetek, 2013-2025) were checked and do not break out investor or guest-investor permits."
hun-telex-gip-2025-01,A kormány nagy csendben kiherélte az új magyar letelepedési programot,Telex,,media,HUN,2025-01-03,2026-10-02,https://telex.hu/gazdasag/2025/01/03/letelepedesi-vendegbefekteto-lakhatas-ingatlanalap-kulfoldi,https://web.archive.org/web/20260415103642/https://telex.hu/gazdasag/2025/01/03/letelepedesi-vendegbefekteto-lakhatas-ingatlanalap-kulfoldi,,,"Removal of the EUR 500,000 property route at the end of 2024; single qualifying fund manager (licensed from October 2024).",Author Brückner Gergely. Title checked against the page.
hun-ti-kfib-lmak-2018,A letelepedési államkötvények szerepe a magyar állam finanszírozásában (The role of residency bonds in financing the Hungarian state),Transparency International Magyarország; Költségvetési Felelősség Intézet Budapest (KFIB),Romhányi Balázs,ngo,HUN,2018-10,2026-10-02,https://transparency.hu/wp-content/uploads/2018/10/lmak_tanulmany_final_HUN.pdf,,,,"Bond series with issue dates, yields and year-end stock 2013-2017 (from ÁKK); estimated proceeds by year; estimated relative cost versus market borrowing; intermediaries and their territories.","Author Romhányi Balázs (KFIB), editor Ligeti Miklós (TI). NGO study, not stored. Year-end stocks are ÁKK data; proceeds and losses are KFIB estimates assuming even sales within each series' sale window."
dma-oecs-cbi-moa-2024,"Memorandum of Agreement on Citizenship by Investment Programmes (signed, scanned)","Antigua and Barbuda, Dominica, Grenada, St. Kitts and Nevis, Saint Lucia (published by the OECS)",,international_org,INTL,2024-03,2026-09-28,https://cdn.assets.prezly.com/1861be03-5970-496d-9906-ff089b830ccd/-/inline/no/CIP-%20Memorandum%20of%20Agreement.pdf,,raw/dma-oecs-cbi-moa-2024.pdf,3d0bb2bf5ac424d5b4191f019326bf0ca12d5a6612bf1e73744b2e1d1ad8f33a,"The regional MOA itself (7 pages, scanned).","Scanned image PDF, not text-searchable; not quoted directly. Terms cited via the OECS release."
dma-oecs-moa-release-2024,Caribbean countries pressing forward with the implementation of the Memorandum of Agreement on Citizenship by Investment Programmes (OECS media release),Organisation of Eastern Caribbean States,,international_org,INTL,2024-06-22,2026-09-28,https://pressroom.oecs.int/caribbean-countries-pressing-forward-with-the-implementation-of-the-memorandum-of-agreement-on-citizenship-by-investment-programmes,,raw/dma-oecs-moa-release-2024.txt,3c40881548f88d43de4b97d5d05904fd4ef9a3808f054256d00b818066f8af7a,"MOA signatories, US$200,000 minimum price from 1 July 2024, planned regional regulator.","Text captured from the web page (contact details removed). Publication date from page metadata. The signed MOA (scanned, no text layer) is stored as raw/dma-oecs-cbi-moa-2024.pdf."
dma-searchlight-2026-07,EU gives OECS countries deadline to phase out CBI programmes,Searchlight (St Vincent and the Grenadines),,media,INTL,2026-07-10,2026-09-28,https://www.searchlight.vc/front-page/2026/07/10/eu-gives-oecs-countries-deadline-phase-cbi-programmes/,https://web.archive.org/web/20260925093041/https://www.searchlight.vc/front-page/2026/07/10/eu-gives-oecs-countries-deadline-phase-cbi-programmes/,,,European Commission letter of 25 June 2026 requesting phase-out of CBI by 1 June 2028.,Media report based on a post by the Office of the Prime Minister of Antigua and Barbuda; the Commission letter itself was not found online.
grc-eu-com-2019-12,"Report from the Commission: Investor Citizenship and Residence Schemes in the European Union, COM(2019) 12 final",European Commission,,eu,INTL,2019-01-23,2026-09-28,https://commission.europa.eu/system/files/2019-01/com_2019_12_final_report.pdf,,raw/grc-eu-com-2019-12.pdf,0c0de24f41418be992e61488b147d203d3b5fbf5407429844288e436602ea869,EU-wide overview of investor residence schemes (Greece listed among 20 Member States) and their risks.,The accompanying Staff Working Document SWD(2019) 5 (country details) was not retrieved.
grd-eu-vsm8-2025,Report from the Commission: Eighth Report under the Visa Suspension Mechanism (COM(2025) 792 final),European Commission,,eu,INTL,2025-12-19,2026-09-28,https://home-affairs.ec.europa.eu/document/download/225fea8b-3245-478f-a331-17868b0f9b56_en?filename=Eighth+Report+Under+The+Visa+Suspension+Mechanism.pdf,,raw/grd-eu-vsm8-2025.pdf,26637e09ef78690fcc21d6a20e048fa70e6933ce387adc4b0275ee9c442273b5,"Eastern Caribbean investor citizenship schemes (incl. Grenada) as potential ground for visa suspension; harmonised US$200,000 minimum; regional application counts.","Regional figures (five countries combined), not Grenada-specific; not recorded as Grenada observations."
intl-ec-com-2019-12,"Investor Citizenship and Residence Schemes in the European Union, COM(2019) 12 final",European Commission,,eu,INTL,2019-01-23,2026-09-28,http://publications.europa.eu/resource/celex/52019DC0012,,raw/intl-ec-com-2019-12.pdf,965eb1cab615c6ee77d3e977a4e2b5204f41d390948154c0485905138cd8b15c,"EU schemes in Bulgaria, Cyprus, Malta; references to the EP 2014 resolution and the OECD 2018 list.",
intl-ec-com-2020-325,"Third Report under the Visa Suspension Mechanism, COM(2020) 325 final",European Commission,,eu,INTL,2020-07-10,2026-10-02,http://publications.europa.eu/resource/celex/52020DC0325,,raw/intl-ec-com-2020-325.pdf,9af1b627b6226cb2c7ca2007a4a84a353e1d31729287e6fb2830f13c9b4b34bb,"Montenegro: 24 applications, 5 positive decisions (mid-2020). Moldova: suspension timeline 2019-2020, 8 citizenships, 34 pending.",Page numbers are PDF page indices.
intl-ec-com-2021-602,"Fourth Report under the Visa Suspension Mechanism, COM(2021) 602 final",European Commission,,eu,INTL,2021-08-04,2026-10-02,http://publications.europa.eu/resource/celex/52021DC0602,,raw/intl-ec-com-2021-602.pdf,5a20a9010adaf090c8d703ca3cdc6067bf98d12a49e24cfe8ddc73081fb72c68,Montenegro decision of March 2021 to phase out by end-2021; Moldova scheme abolished 1 Sep 2020.,Page numbers are PDF page indices.
intl-ec-com-2022-715,"Fifth Report under the Visa Suspension Mechanism, COM(2022) 715 final",European Commission,,eu,INTL,2022-12-05,2026-10-02,http://publications.europa.eu/resource/celex/52022DC0715,,raw/intl-ec-com-2022-715.pdf,e1a4cb00ddda8ad54a7931196aa817f9483712784286603795a9adfb4dcb6981,Montenegro: extension to end-2022; 241 applications (807 people) in 2021; 264 passports by Dec 2021.,Page numbers are PDF page indices.
intl-ec-com-2023-730,"Sixth Report under the Visa Suspension Mechanism, COM(2023) 730 final",European Commission,,eu,INTL,2023-10-18,2026-09-28,http://publications.europa.eu/resource/celex/52023DC0730,,raw/intl-ec-com-2023-730.pdf,3c735a357b7afa9177a69a661918c567c5a607a24e14cd98a8a25618a5531034,"First EU assessment of the five Eastern Caribbean CBI schemes: passports issued, rejection rates, prices.",
intl-ec-com-2024-571,"Seventh Report under the Visa Suspension Mechanism, COM(2024) 571 final",European Commission,,eu,INTL,2024-12-06,2026-10-02,http://publications.europa.eu/resource/celex/52024DC0571,,raw/intl-ec-com-2024-571.pdf,61a6bc97fb6867d85610b610c59d0f2e044a54aec177fb2a5b207fa761a8e7bd,"North Macedonia section 5 (investor citizenship schemes): no law changes in 2023-2024; no decisions in 2023, five requests pending; recommendation (b).",Covers all visa-free third countries; only the North Macedonia passage was read for this pass.
intl-ec-com-2025-792,"Eighth Report under the Visa Suspension Mechanism, COM(2025) 792 final",European Commission,,eu,INTL,2025-12-19,2026-09-28,http://publications.europa.eu/resource/celex/52025DC0792,,raw/intl-ec-com-2025-792.pdf,f0fdb36e2bd25ef6e84bc82f2f56a419a37845a51421c45dbc29739a2143b74e,"Eastern Caribbean CBI totals (passports, applications 2023-24, rejection rates 2024); Montenegro residual naturalisations 2024.",
intl-ec-ip-09-846,"Signature of the short-stay visa waiver agreements between the European Community and Antigua and Barbuda, The Bahamas, Saint Kitts and Nevis, Mauritius, Barbados and Seychelles (IP/09/846)",European Commission,,eu,INTL,2009-05-28,2026-09-28,https://ec.europa.eu/commission/presscorner/detail/en/ip_09_846,,raw/intl-ec-ip-09-846.json,5bd62cdb7423c101e3ad8cb423b568e30b97ed935635aaf1579d5a5b950eb9f8,Signature and provisional application of the first six EU visa waiver agreements.,raw/ holds the JSON returned by the Commission press-corner API.
intl-ec-ip-20-1925,"Investor citizenship schemes: European Commission opens infringements against Cyprus and Malta for ""selling"" EU citizenship (IP/20/1925)",European Commission,,eu,INTL,2020-10-20,2026-09-28,https://ec.europa.eu/commission/presscorner/detail/en/ip_20_1925,,raw/intl-ec-ip-20-1925.json,a780137ec6408ab9950a135713cf629581bcbb5741e64d57ad024bf6793b769a,Letters of formal notice to Cyprus and Malta.,raw/ holds the press-corner API JSON.
intl-ec-ip-22-1731,"Commission urges Member States to act on 'golden passports' and 'golden residence permits' schemes, and to take immediate steps in the context of the Russian invasion of Ukraine (IP/22/1731)",European Commission,,eu,INTL,2022-03-28,2026-09-28,https://ec.europa.eu/commission/presscorner/detail/en/ip_22_1731,,raw/intl-ec-ip-22-1731.json,8e21d38b96359a2709df5aa39829ee1f7f1fc49cf790333ef25889173df7620f,Commission Recommendation C(2022) 2028 of 28 March 2022.,The recommendation itself was not downloaded; raw/ holds the press-corner API JSON.
intl-ec-swd-2019-5,"Commission Staff Working Document accompanying the Report on Investor Citizenship and Residence Schemes in the European Union, SWD(2019) 5 final",European Commission,,eu,INTL,2019-01-23,2026-10-02,http://publications.europa.eu/resource/celex/52019SC0005,,raw/intl-ec-swd-2019-5.pdf,7730352f0829d80294b32caa0083200e658ac9520fa9635044c2065e0e0e839c,Bulgaria: ordinary (art. 12a) and fast-track (art. 14a) schemes and their amounts; investor residence permits granted 2012-2017.,Page numbers are PDF page indices. EUR amounts are the Commission's description of thresholds the law sets in leva (BGN).
intl-ec-swd-2020-132,"Commission Staff Working Document accompanying the Third Report under the Visa Suspension Mechanism, SWD(2020) 132 final",European Commission,,eu,INTL,2020-07-10,2026-10-02,http://publications.europa.eu/resource/celex/52020SC0132,,raw/intl-ec-swd-2020-132.pdf,a285bbffdf486571b5714af9de290aadab6c4a6e0c1013a8d8d25e083e85e5ac,"Montenegro (24 applications, 5 rejected, 5 positive) and Moldova (launch Nov 2018, moratoria, 8 citizenships, abolition law).",Page numbers are PDF page indices.
intl-ec-swd-2021-206,"Commission Staff Working Document accompanying the Fourth Report under the Visa Suspension Mechanism, SWD(2021) 206 final",European Commission,,eu,INTL,2021-08-04,2026-10-02,http://publications.europa.eu/resource/celex/52021SC0206,,raw/intl-ec-swd-2021-206.pdf,e5dee03aca45e0f9a4bb1dd1e336d209c3278d611f88d4a2ca0890f1a3fd305f,Moldova: 38 applications for 98 people; 20 applications (52 people) successful.,Page numbers are PDF page indices.
intl-ec-swd-2022-405,"Commission Staff Working Document accompanying the Fifth Report under the Visa Suspension Mechanism, SWD(2022) 405 final",European Commission,,eu,INTL,2022-12-05,2026-10-02,http://publications.europa.eu/resource/celex/52022SC0405,,raw/intl-ec-swd-2022-405.pdf,44a1d32af190076f7047c550497212388a5076da6a4f47f415f6f13d74309dda,Montenegro: nationalities of successful applicants in 2021.,Page numbers are PDF page indices.
intl-ec-swd-2025-429,"Commission Staff Working Document accompanying the Eighth Report under the Visa Suspension Mechanism, SWD(2025) 429 final",European Commission,,eu,INTL,2025-12-19,2026-09-28,http://publications.europa.eu/resource/celex/52025SC0429,,raw/intl-ec-swd-2025-429.pdf,f3b95abe2f03acd03a593021335a469ea1353b5c3ceb0a015333d00ce993ebab,"Per-country table of CBI applications, rejections, rejection rates and passports issued for ATG, DMA, GRD, KNA, LCA (2015-2025).","The Commission calls the data ""the most recent and, in some cases, partial data submitted to the Commission by the five countries"". Periods differ by country. Page numbers are PDF pages (printed page = PDF page - 1)."
intl-eccb-us-roundtable-2024,Third US-Caribbean Roundtable on Citizenship by Investment Advances Implementation of the Six CBI Principles (ECCB News Release),Eastern Caribbean Central Bank (via OECS press room),,international_org,INTL,2024-09-05,2026-09-28,https://pressroom.oecs.int/third-us-caribbean-roundtable-on-citizenship-by-investment-advances-implementation-of-the-six-cbi-principles,,raw/intl-eccb-us-roundtable-2024.html,23e4436cfa1f7b95e1c1137f9795d568b30263dc08d017c2772196591cb9a08c,Six CBI principles agreed with the US Treasury (Feb 2023) and their implementation.,
intl-ep-res-2022-0065,"European Parliament resolution of 9 March 2022 with proposals to the Commission on citizenship and residence by investment schemes (2021/2026(INL)), P9_TA(2022)0065","European Parliament (Official Journal C 347, 9.9.2022, p. 97)",,eu,INTL,2022-03-09,2026-09-28,http://publications.europa.eu/resource/celex/52022IP0065,,raw/intl-ep-res-2022-0065.pdf,51f74ef05bf936df74d027c11be0053ede15f83928230f3e0bd5d1144cd3eaa5,EP call to phase out CBI and regulate RBI; cites EPRS estimate of EU CBI/RBI approvals and investment 2011-2019; names the five Caribbean CBI states.,OJ page = C 347/(96 + PDF page).
intl-eu-dec-2007-627,Council Decision of 28 September 2007 denouncing on behalf of the Community Protocol 3 on ACP sugar (2007/627/EC),"Council of the European Union (Official Journal L 255, 29.9.2007)",,legislation,INTL,2007-09-29,2026-09-28,http://data.europa.eu/eli/dec/2007/627/oj,,raw/intl-eu-dec-2007-627.pdf,647be05f75ff4add851eae6c11c436c424a2183b4a03e63f50ca3bbdffbf66c2,"Denunciation of the Sugar Protocol (guaranteed prices for ACP cane sugar) for 20 ACP states incl. St Kitts and Nevis, effective 1 October 2009.",CELEX 32007D0627.
intl-eu-reg-1932-2006,Council Regulation (EC) No 1932/2006 of 21 December 2006 amending Regulation (EC) No 539/2001,"Council of the European Union (Official Journal L 405, 30.12.2006)",,legislation,INTL,2006-12-30,2026-09-28,http://data.europa.eu/eli/reg/2006/1932/oj,,raw/intl-eu-reg-1932-2006.pdf,f55e895240fca5e6c33f37030ab10d70127ac36d7736cf56489193328c8672d1,"Transfer of Antigua and Barbuda, Bahamas, Barbados, Mauritius, St Kitts and Nevis and Seychelles to the EU visa-free list, conditional on bilateral agreements.",CELEX 32006R1932.
intl-eu-reg-2025-2441,Regulation (EU) 2025/2441 of the European Parliament and of the Council of 26 November 2025 amending Regulation (EU) 2018/1806 as regards the revision of the suspension mechanism,"European Parliament and Council (Official Journal L, 2025/2441, 10.12.2025)",,legislation,INTL,2025-12-10,2026-09-28,http://data.europa.eu/eli/reg/2025/2441/oj,,raw/intl-eu-reg-2025-2441.pdf,998044da39cff718d47e65616ae810d7cd961bac95872cf18248ea27e3912a55,Adds operation of an investor citizenship scheme as a ground to suspend visa-free travel.,
intl-eu-reg-266-2006,Regulation (EC) No 266/2006 of the European Parliament and of the Council of 15 February 2006 establishing accompanying measures for Sugar Protocol countries affected by the reform of the EU sugar regime,"European Parliament and Council (Official Journal L 50, 21.2.2006)",,legislation,INTL,2006-02-21,2026-09-28,http://data.europa.eu/eli/reg/2006/266/oj,,raw/intl-eu-reg-266-2006.pdf,b77703afe53b6f544c1ba8f66086156e97fd3ff601e0009f348ca4f6617cf546,Legal basis for EU aid to the 18 Sugar Protocol countries (incl. St Kitts and Nevis); 2006 financial reference amount; multiannual adaptation strategies.,CELEX 32006R0266.
intl-eu-reg-318-2006,Council Regulation (EC) No 318/2006 of 20 February 2006 on the common organisation of the markets in the sugar sector,"Council of the European Union (Official Journal L 58, 28.2.2006)",,legislation,INTL,2006-02-28,2026-09-28,http://data.europa.eu/eli/reg/2006/318/oj,,raw/intl-eu-reg-318-2006.pdf,870e402293ecc57db874e1d6d3d03789da2f64827bc791f3fb8495fef99f22f9,"The 2006 EU sugar reform: reference prices 2006/07-2009/10, reference to the WTO rulings, ACP/Indian sugar provisions.",Downloaded via the EU Publications Office cellar (CELEX 32006R0318); EUR-Lex blocks scripted access.
intl-eu-reg-509-2014,Regulation (EU) No 509/2014 of the European Parliament and of the Council of 15 May 2014 amending Council Regulation (EC) No 539/2001,"European Parliament and Council (Official Journal L 149, 20.5.2014)",,legislation,INTL,2014-05-20,2026-09-28,http://data.europa.eu/eli/reg/2014/509/oj,,raw/intl-eu-reg-509-2014.pdf,8cc8cd74e0c064d9bb9d07b0a10bc3fedb17e2276ce8be6146bc42c5eb399bf8,"Transfer of Dominica, Grenada, Saint Lucia, Vanuatu and others to the EU visa-free list, conditional on agreements.",CELEX 32014R0509.
intl-eui-globalcit-oceania-2020,Comparative Regional Report on Citizenship Law: Oceania (RSCAS/GLOBALCIT-Comp 2020/1),"European University Institute, GLOBALCIT",Anna Dziedzic,academic,INTL,2020-02,2026-10-02,https://cadmus.eui.eu/bitstream/handle/1814/66229/RSCAS_GLOBALCIT_Comp_2020_1.pdf,https://web.archive.org/web/20210430140849/https://cadmus.eui.eu/bitstream/handle/1814/66229/RSCAS_GLOBALCIT_Comp_2020_1.pdf,,,"History of passport and citizenship sales in Oceania: Tonga, Kiribati, Tuvalu, Marshall Islands, Nauru (1998-2003), Papua New Guinea (2016 amendments), Samoa, Vanuatu.","Academic report, not stored. Nauru figures (about 1,000 sales, 8% of GDP) are secondary, citing Van Fossen. Direct download blocked (403); read from the Wayback copy."
intl-fatf-increased-monitoring-2022-03,Jurisdictions under Increased Monitoring - March 2022,Financial Action Task Force (FATF),,international_org,INTL,2022-03-04,2026-10-02,https://www.fatf-gafi.org/en/publications/High-risk-and-other-monitored-jurisdictions/Increased-monitoring-march-2022.html,,raw/intl-fatf-increased-monitoring-2022-03.html,07166f48de966262bd8f1d565acd8bd3b83966c422f51531cbb31cdef956d142,"Adds the UAE to the FATF ""grey list""; UAE action plan of seven items (outbound MLA, DNFBP risk understanding, STRs, legal persons, FIU resources, ML prosecutions, sanctions evasion).",download blocked (Cloudflare 403 for curl); text read in a browser. The UAE action plan does not mention residence or citizenship by investment; DNFBPs include real-estate agents. Stored copy downloaded through a web browser on 2026-10-02.
intl-fatf-increased-monitoring-2024-02,Jurisdictions under Increased Monitoring - 23 February 2024,Financial Action Task Force (FATF),,international_org,INTL,2024-02-23,2026-10-02,https://www.fatf-gafi.org/en/publications/High-risk-and-other-monitored-jurisdictions/Increased-monitoring-february-2024.html,,raw/intl-fatf-increased-monitoring-2024-02.html,1ea7770f5eb4425ec0cefd83c24ff2b8cbef037e11911074f7304b172c703e4e,UAE no longer subject to increased monitoring; FATF statement on completion of its action plan.,download blocked (Cloudflare 403 for curl); text read in a browser. Stored copy downloaded through a web browser on 2026-10-02.
intl-gbr-hc1715-em-2023,Explanatory Memorandum to the Statement of Changes in Immigration Rules presented to Parliament on 19 July 2023 (HC 1715),UK Home Office,,government,INTL,2023-07-19,2026-09-28,https://assets.publishing.service.gov.uk/media/650180295727800014251a48/E02946704_-__HC_1715__-_EXPLANATORY_MEMORANDUM__Web_Accessible_.pdf,,raw/intl-gbr-hc1715-em-2023.pdf,43f1500e0bdd40b04fa2f7c898238f3dd72b23c9f0451400716ed77978950ace,"UK visa regime on Dominica, Honduras, Namibia, Timor-Leste and Vanuatu and the reasons.",The Written Ministerial Statement HCWS979 (questions-statements.parliament.uk) could not be downloaded (HTTP 403).
intl-globalcit-caribbean-2020,Comparative Regional Report on Citizenship Law: Anglophone Caribbean (RSCAS/GLOBALCIT-Comp 2020/03),"European University Institute, Global Citizenship Observatory (GLOBALCIT)",Kristy A. Belton,academic,INTL,2020-04,2026-10-02,https://cadmus.eui.eu/bitstream/handle/1814/66909/RSC_GLOBALCIT_Comp_2020_03.pdf,https://web.archive.org/web/2021/https://cadmus.eui.eu/bitstream/handle/1814/66909/RSC_GLOBALCIT_Comp_2020_03.pdf,,,States that Belize ended its CBI programme in 2002 and that the Nationality Act still refers to 'economic citizens',Academic report; read from the Wayback copy (direct link returned 403). Not stored (not an official document).
intl-imf-cr-24-93,Eastern Caribbean Currency Union: 2024 Staff Report for the 2024 Article IV Consultation on Common Policies of Member Countries (IMF Country Report No. 24/93),International Monetary Fund,,imf,INTL,2024-04,2026-09-28,https://www.imf.org/-/media/files/publications/cr/2024/english/1eccea2024001.pdf,,raw/intl-imf-cr-24-93.pdf,09c0c7227cdf706418c27a8aa67751d05021831b2628e19304d2241a08b6014b,Regional recommendation for common CBI standards incl. minimum pricing benchmarks.,"Contains no per-country CBI revenue table; only ECCU-wide balances excluding CBI (not recorded, as the CBI share would have to be derived)."
intl-imf-wp-15-93,Too Much of a Good Thing? Prudent Management of Inflows under Economic Citizenship Programs (IMF Working Paper WP/15/93),International Monetary Fund,"Xin Xu, Ahmed El-Ashram, Judith Gold",imf,INTL,2015-05,2026-09-28,https://www.imf.org/external/pubs/ft/wp/2015/wp1593.pdf,,raw/intl-imf-wp-15-93.pdf,5590620c4dd237776053d928c195543b376cdaaf09f901ca3c92d878b9361e75,Cross-country overview of CBI/RBI programs; CBI fee receipts in St Kitts and Nevis and Dominica 2013; SIDF operations 2007-13 (Box 5).,"Working paper: views of the authors, not IMF policy. Printed page numbers are cited (PDF page = printed + 1)."
intl-oecd-cbi-rbi-2018,Residence/Citizenship by investment schemes (list of potentially high-risk CBI/RBI schemes),OECD,,international_org,INTL,2018-10-22,2026-09-28,https://www.oecd.org/tax/automatic-exchange/crs-implementation-and-assistance/residence-citizenship-by-investment/,https://web.archive.org/web/20181027102553/http://www.oecd.org/tax/automatic-exchange/crs-implementation-and-assistance/residence-citizenship-by-investment/,raw/intl-oecd-cbi-rbi-2018.html,3f83c8c69789852c2c0af6e53d5f5f98647e9dcc2170564e7322405ba24d78e8,"OECD list of CBI/RBI schemes that potentially pose a high risk to the Common Reporting Standard, and the criteria.","oecd.org blocks scripted access; raw/ holds the Wayback Machine capture of 27 Oct 2018. The page says ""Last updated: 22 October 2018""; the EC 2019 report dates the OECD conclusions 16 October 2018."
intl-oecs-cbi-moa-2024,Memorandum of Agreement between the Member States of the Organisation of Eastern Caribbean States offering Citizenship By Investment Programs,"Governments of Antigua and Barbuda, Dominica, Grenada, St Kitts and Nevis and Saint Lucia (published by the OECS Commission)",,government,INTL,2024-03-20,2026-09-28,https://pressroom.oecs.int/caribbean-countries-pressing-forward-with-the-implementation-of-the-memorandum-of-agreement-on-citizenship-by-investment-programmes,,raw/intl-oecs-cbi-moa-2024.pdf,3d0bb2bf5ac424d5b4191f019326bf0ca12d5a6612bf1e73744b2e1d1ad8f33a,"Signed text: US$200,000 minimum by 30 June 2024, information sharing, regional regulator, agent rules. Signature dates per party.","Scanned PDF (no text layer); read visually. Taken from the attachment zip of the OECS release of 22 June 2024. Signature dates: ATG, DMA, GRD 20 March 2024; KNA 19/3/2024; LCA 3.06.24. Clause 10: not legally binding."
intl-oecs-moa-implementation-2024,Caribbean countries pressing forward with the implementation of the Memorandum of Agreement on Citizenship by Investment Programmes (OECS Media Release),Organisation of Eastern Caribbean States,,international_org,INTL,2024-06-22,2026-09-28,https://pressroom.oecs.int/caribbean-countries-pressing-forward-with-the-implementation-of-the-memorandum-of-agreement-on-citizenship-by-investment-programmes,,raw/intl-oecs-moa-implementation-2024.html,9117e2e5f36d9e460e6fce3e767c3ff880a0c6c67e2e22ad3d95ebd5ff0a84b8,"Five signatories; US$200,000 minimum from 1 July 2024; interim regulatory commission.","Says the minimum applies ""With effect from July 01, 2024""; the MoA itself says ""no later than 30 June 2024""."
intl-usa-proc-10998-2025,"Proclamation 10998 of December 16, 2025: Restricting and Limiting the Entry of Foreign Nationals To Protect the Security of the United States","The President of the United States (Federal Register Vol. 90, No. 242, 19 Dec 2025, pp. 59717-)",,legislation,INTL,2025-12-19,2026-09-28,https://www.govinfo.gov/content/pkg/FR-2025-12-19/pdf/2025-23570.pdf,,raw/intl-usa-proc-10998-2025.pdf,cc8030d3838a59d37b0e7beef8702b31ce8b596ad680aa44827abc434a0f98a3,Partial US entry restrictions on Antigua and Barbuda and Dominica citing CBI without residency.,Federal Register document 2025-23570.
intl-usdos-incsr-2000,"International Narcotics Control Strategy Report 2000 (issued March 1, 2001): Money Laundering and Financial Crimes","U.S. Department of State, Bureau of International Narcotics and Law Enforcement Affairs",,government,INTL,2001-03-01,2026-10-02,https://2009-2017.state.gov/j/inl/rls/nrcrpt/2000/959.htm,,raw/intl-usdos-incsr-2000.html,d2bfa1af314990d7f2318c1bca57805b2d57d6cb731c85e2d33bdeaf27f39d20,"Which jurisdictions sold 'economic citizenship' in 2000 (Belize, Dominica, Grenada, St Kitts/Nevis, St Vincent, Nauru; Tonga in its country note); SVG revenue projection",US government assessment; amounts printed with '$' or 'US $'. Archived State Department site.
intl-usdos-incsr-2001,"International Narcotics Control Strategy Report 2001 (issued March 1, 2002): Money Laundering and Financial Crimes","U.S. Department of State, Bureau of International Narcotics and Law Enforcement Affairs",,government,INTL,2002-03-01,2026-10-02,https://2009-2017.state.gov/j/inl/rls/nrcrpt/2001/rpt/8487.htm,,raw/intl-usdos-incsr-2001.html,14694ea5a3d8a3a6d0cb97d74c41dd1e426d85b93b742855ad73769f11496ead,Belize stops selling economic citizenship (Jan 2002) after two buyers linked to a terrorist group; SVG revoked its programme in April 2001; Grenada suspended in 2001; Nauru still selling,"US government assessment. The OFC chart (separate page 8558) marks Belize, Dominica and Grenada 'S' = suspended or ceased sales in 2001."
intl-usdos-incsr-2002-ofc,International Narcotics Control Strategy Report 2002: Offshore Financial Services Table,"U.S. Department of State, Bureau of International Narcotics and Law Enforcement Affairs",,government,INTL,2003-03,2026-10-02,https://2009-2017.state.gov/j/inl/rls/nrcrpt/2002/html/17953.htm,,raw/intl-usdos-incsr-2002-ofc.html,b2c2bf2bbfe330cd147de1d1cedad188ec57a66ac32a5ec45fe0e070391f65af,Y/N table of jurisdictions selling economic citizenship (Belize N; Nauru Y),Table only; publication month assumed from the INCSR cycle (issued March of the following year) - not printed on the page.
intl-usdos-incsr-2003-ofc,"International Narcotics Control Strategy Report 2003, Volume II: Offshore Financial Centers","U.S. Department of State, Bureau of International Narcotics and Law Enforcement Affairs",,government,INTL,2004-03,2026-10-02,https://2009-2017.state.gov/j/inl/rls/nrcrpt/2003/vol2/html/29918.htm,,raw/intl-usdos-incsr-2003-ofc.html,7c2cfeb6b2d167be1b2009bbcc621dcfd0dc19973cee28789bc48877d9c6b0b0,Y/N table of jurisdictions selling economic citizenship (Nauru still Y),Publication month assumed from the INCSR cycle; not printed on the page.
intl-wto-ds265-onepage,"EC – Export Subsidies on Sugar (DS265, 266, 283): one-page case summary",World Trade Organization,,international_org,INTL,2026,2026-09-28,https://www.wto.org/english/tratop_e/dispu_e/cases_e/1pagesum_e/ds265sum_e.pdf,,raw/intl-wto-ds265-onepage.pdf,9bf950678c5f1a2ff2fc870a2db742b3f1bccf3012d725b83337a216762b050d,"Parties, timeline and key panel/AB findings.","Footer reads ""2026 EDITION 107"" (extract from the WTO one-page case summaries compilation)."
intl-wto-ds265-summary,DS265: European Communities — Export Subsidies on Sugar (dispute summary),World Trade Organization,,international_org,INTL,2006-06,2026-09-28,https://www.wto.org/english/tratop_e/dispu_e/cases_e/ds265_e.htm,,raw/intl-wto-ds265-summary.html,891ec85f96b09e1a7e4181d4522151ad10cac9983280fb59573dece09a4c12f1,Chronology of DS265/266/283 from consultations (2002) to the 2006 understandings; panel and Appellate Body findings.,"Secretariat summary ""for general information only"". Page is undated; last event it records is 8 June 2006, so published_date is an approximation."
kna-ec-swd-2025-429,"Commission Staff Working Document accompanying the Eighth Report under the Visa Suspension Mechanism, SWD(2025) 429 final",European Commission,,eu,INTL,2025-12-19,2026-09-28,https://home-affairs.ec.europa.eu/,,raw/intl-ec-swd-2025-429.pdf,f3b95abe2f03acd03a593021335a469ea1353b5c3ceb0a015333d00ce993ebab,"Data submitted by St. Kitts and Nevis to the Commission: applications 2015-2023, 2023, 2024, 2025 (to 30 April); rejections; passports issued 2015-2023, 2024, 2025 (to 30 April); restricted nationalities.","Same PDF as source intl-ec-swd-2025-429 registered by another research pass (shared raw file); merge. Figures are as reported by the national authorities to the Commission ('most recent and, in some cases, partial data')."
mlt-ec-com-2019-12,"Report from the Commission ... Investor Citizenship and Residence Schemes in the European Union, COM(2019) 12 final",European Commission,,eu,INTL,2019-01-23,2026-09-28,https://commission.europa.eu/system/files/2019-01/com_2019_12_final_report.pdf,,raw/mlt-ec-com-2019-12.pdf,0c0de24f41418be992e61488b147d203d3b5fbf5407429844288e436602ea869,"EU-wide review; Malta IIP terms, residence requirement, fees, 1,800 cap and planned extension",No Maltese application or revenue figures.
irl-dail-debate-2000-04-13,"Dáil Éireann debate, 13 April 2000: Irish Nationality and Citizenship Bill, 1999 [Seanad]: Second Stage",Houses of the Oireachtas,,government,IRL,2000-04-13,2026-10-02,https://www.oireachtas.ie/en/debates/debate/dail/2000-04-13/5/,,raw/irl-dail-debate-2000-04-13.xml,7e91777966c3cacc82d9f9675e92f23af6ba90fe413359057aacf71486fd0c46,Minister's statement that the scheme commenced in 1989 and was abolished on 20 April 1998; review group set up afterwards,"Oireachtas open-data XML (Akoma Ntoso) of the official Dáil report; the oireachtas.ie web page is behind a CAPTCHA, so the XML from data.oireachtas.ie was stored instead. Same text as the Official Report."
irl-dail-debate-2004-10-27,"Dáil Éireann debate, 27 October 2004: Irish Nationality and Citizenship Bill 2004: Second Stage",Houses of the Oireachtas,,government,IRL,2004-10-27,2026-10-02,https://www.oireachtas.ie/en/debates/debate/dail/2004-10-27/23/,,raw/irl-dail-debate-2004-10-27.xml,2a96904536eb473084a7da4997a05e8579cc52985bea8ec83e3f4af662180485,Minister explains that section 10 of the Bill rules out any future investment-based naturalisation scheme,"Oireachtas open-data XML (Akoma Ntoso) of the official Dáil report; the oireachtas.ie web page is behind a CAPTCHA, so the XML from data.oireachtas.ie was stored instead. Same text as the Official Report."
irl-dail-pq-1994-10-25,"Dáil Éireann debate, 25 October 1994: Oral Answers - Citizenship Applications (Questions 34, 45, 51, 57, 58, 69, 72, 83, 87, 88, 89, 101, 178)",Houses of the Oireachtas,Minister for Justice (Máire Geoghegan-Quinn),government,IRL,1994-10-25,2026-10-02,https://www.oireachtas.ie/en/debates/debate/dail/1994-10-25/10/,,raw/irl-dail-pq-1994-10-25.xml,d507fff24f29ae7ab09fced81aec84be921e42cd7f11f545b1a36caa0a123e2c,"1994 terms of reference (IR£1m), earlier working rules (about IR£500,000), applications approved 1992-June 1994 and how many were soft loans, corrected 1992 figure, 1994 applications received","Oireachtas open-data XML (Akoma Ntoso) of the official Dáil report; the oireachtas.ie web page is behind a CAPTCHA, so the XML from data.oireachtas.ie was stored instead. Same text as the Official Report."
irl-dail-pq-1998-06-25,"Dáil Éireann debate, 25 June 1998 (Vol. 493 No. 2): Priority Questions - Passports for Investment Scheme [15575/98], with the Minister's summary of the 'Review of Investment based Naturalisation Scheme' (10 February 1998) and Appendices A-F",Houses of the Oireachtas,"Minister for Justice, Equality and Law Reform (John O'Donoghue)",government,IRL,1998-06-25,2026-10-02,https://www.oireachtas.ie/en/debates/debate/dail/1998-06-25/7/,,raw/irl-dail-pq-1998-06-25.xml,fc69796866495f79cf14e4ec3843a3a8019fcbf38b735364c6212fece6f3db29,"The Department of Justice review of the scheme (Feb 1998): history 1988-1998, investors and family naturalised by period, total investment (£90m) by sector, compliance tables, 1989 Statement of Intent, 1994 terms of reference, Government decisions 1996-97, press release ending the scheme (20 Apr 1998)","Oireachtas open-data XML (Akoma Ntoso) of the official Dáil report; the oireachtas.ie web page is behind a CAPTCHA, so the XML from data.oireachtas.ie was stored instead. Same text as the Official Report. XML URL: https://data.oireachtas.ie/akn/ie/debateRecord/dail/1998-06-25/debate/mul@/dbsect_7.xml. The review summary and appendices were circulated in the Official Report, not published separately. The Government aide-mémoire itself was not released."
irl-dail-pq-2002-10-17,"Dáil Éireann debate, 17 October 2002: Priority Questions - Passports for Investment Scheme [18486/02]",Houses of the Oireachtas,"Minister for Justice, Equality and Law Reform (Michael McDowell)",government,IRL,2002-10-17,2026-10-02,https://www.oireachtas.ie/en/debates/debate/dail/2002-10-17/11/,,raw/irl-dail-pq-2002-10-17.xml,90927969f85d863d601fec72209a0d200f47338103cab96743a7c8654b566ea4,Publication of the Review Group report (Aug 2002); Minister's finding that 11 passports/naturalisations (1990) were irregular; Moriarty Tribunal holds the files,"Oireachtas open-data XML (Akoma Ntoso) of the official Dáil report; the oireachtas.ie web page is behind a CAPTCHA, so the XML from data.oireachtas.ie was stored instead. Same text as the Official Report."
irl-dail-wa-1994-06-14,"Dáil Éireann debate, 14 June 1994: Written Answers - Naturalisation Applications (Questions 66, 74, 75)",Houses of the Oireachtas,Minister for Justice (Máire Geoghegan-Quinn),government,IRL,1994-06-14,2026-10-02,https://www.oireachtas.ie/en/debates/debate/dail/1994-06-14/64/,,raw/irl-dail-wa-1994-06-14.xml,4bc5e4edec959534169ffdbe97d2cd140bc95a000f40915a9425a4d2d5d4b188,"Investment-linked naturalisation applications granted in 1992, 1993 and 1994 to date; nationalities","Oireachtas open-data XML (Akoma Ntoso) of the official Dáil report; the oireachtas.ie web page is behind a CAPTCHA, so the XML from data.oireachtas.ie was stored instead. Same text as the Official Report. The stored file is the whole day's record (main.xml); the answer is under 'Written Answers. - Naturalisation Applications.' The per-section XML returned Access Denied. The 1992 figure was corrected on 25 Oct 1994 (see irl-dail-pq-1994-10-25)."
irl-dail-wa-2004-12-14,"Dáil Éireann debate, 14 December 2004: Written Answers - Citizenship Applications [33010/04]",Houses of the Oireachtas,"Minister for Justice, Equality and Law Reform (Michael McDowell)",government,IRL,2004-12-14,2026-10-02,https://www.oireachtas.ie/en/debates/question/2004-12-14/299/,,raw/irl-dail-wa-2004-12-14.xml,20ee68f4493ee6bb5768e5921e97a84ff81a54832c2398a2443a6a702a1ffc91,Final totals: 107 primary investors and 76 spouses/minor children (183 persons); over £100m invested (citing Review Group report para 2.14); files of 128 persons with the Moriarty Tribunal,"Oireachtas open-data XML (Akoma Ntoso) of the official Dáil report; the oireachtas.ie web page is behind a CAPTCHA, so the XML from data.oireachtas.ie was stored instead. Same text as the Official Report."
irl-dail-wa-2005-11-22,"Dáil Éireann debate, 22 November 2005: Written Answers - Passports for Investment Scheme [35772/05]",Houses of the Oireachtas,"Minister for Justice, Equality and Law Reform (Michael McDowell)",government,IRL,2005-11-22,2026-10-02,https://www.oireachtas.ie/en/debates/question/2005-11-22/512/,,raw/irl-dail-wa-2005-11-22.xml,e23828193f74088d11adf7397ad07b03dfc52a9096a6b3113673de5410215022,Totals naturalised 1989-2004 (107 investors + 76 family),"Oireachtas open-data XML (Akoma Ntoso) of the official Dáil report; the oireachtas.ie web page is behind a CAPTCHA, so the XML from data.oireachtas.ie was stored instead. Same text as the Official Report."
irl-doj-closure-pr-2023,Minister Harris announces closure of the Immigrant Investor Programme,Department of Justice (gov.ie),,government,IRL,2023-02-14,2026-10-02,https://www.gov.ie/en/department-of-justice-home-affairs-and-migration/press-releases/minister-harris-announces-closure-of-the-immigrant-investor-programme/,,raw/irl-doj-closure-pr-2023.html,04e77634549e49140fb7345bf7e1575a726760fe6b5b35a7b58cc2920c772d61,Closure decision and stated reasons; total approved investment since 2012; cases on hand at closure; wind-down terms.,Simon Harris was acting Minister for Justice in February 2023 (covering Helen McEntee's maternity leave). Same text also on irishimmigration.ie. Page last updated 12 April 2025.
irl-doj-iip-interim-eval,Interim Evaluation of the Immigrant Investor Programme ('IIP'),Department of Justice and Equality (IGEES unit),,government,IRL,2017-08,2026-10-02,https://assets.gov.ie/49400/d0c92f93691f4c068a14fbaa3721678d.pdf,,raw/irl-doj-iip-interim-eval.pdf,65a50a187853939a1d7f744541c5071c4dc8628f48ef323106a98bae891824cb,"Internal economic evaluation with INIS data to end-Q1 2017: applications and amounts by application year 2012-2016, approved investment by option, applicants by place of residence, upper-bound job estimates, recommendations.","Marked 'Strictly Private and Confidential'. Date from PDF metadata (created 25 Aug 2017). The minister told the Dail on 5 Dec 2017 it would not be published; it was later posted on justice.ie/gov.ie (date not established). Counts by APPLICATION year, unlike the later ministerial tables, which count approvals by DECISION year."
irl-doj-iip-review-phase1,"Review of the Immigrant Investor Programme - Phase One (social and economic analysis), final report",Ernst & Young for the Irish Naturalisation and Immigration Service,Ernst & Young,government,IRL,2020-04-24,2026-10-02,https://www.irishimmigration.ie/wp-content/uploads/2023/06/IIP-Phase-1-Review.pdf,,raw/irl-doj-iip-review-phase1.pdf,672a24caa920a8fb92773f5c0c67ecffb2032b2869515a011e3f06e811e0d99a,"External review commissioned June 2019: investment made 2012-2018 (EUR 331m of EUR 632m), Chinese share of permits, permits 2012 vs 2018, potential GDP/jobs impact, data gaps, recommendations.",Scanned PDF (no text layer); figures read from OCR and checked against page images. Report dated 24 April 2020; published by the Department on irishimmigration.ie in June 2023 (upload path and PDF creation date 28 June 2023). Several pages are rotated tables that OCR cannot read. Consultant's figures based on INIS data.
irl-doj-iip-review-phase2,"Phase Two Review - Immigrant Investor Programme, Final Report (redacted)",Ernst & Young for Immigration Service Delivery (Department of Justice),Ernst & Young,government,IRL,2020-11-13,2026-10-02,https://www.irishimmigration.ie/wp-content/uploads/2023/06/IIP-Phase-2-Review.pdf,,raw/irl-doj-iip-review-phase2.pdf,5bf4ddbef90f340a5651325631640ac7b7ba46fd10532e2b760fc8b32f7ddcb1,"Governance, risk and control review: staffing, Evaluation Committee, due diligence, AML, monitoring of investors and investments, endowment and fund options; COVID-19 impact. Few numbers.",Report dated 13 November 2020; redacted version published June 2023.
irl-inca-2004,Irish Nationality and Citizenship Act 2004 (Number 38 of 2004),Irish Statute Book (Office of the Attorney General),,legislation,IRL,2004-12-15,2026-10-02,https://www.irishstatutebook.ie/eli/2004/act/38/enacted/en/print.html,,raw/irl-inca-2004.html,58cbe0acd43b61eabf1ad1672a0dffc1f4d6b4b74f09c3f62c7a0919d6f5eb91,"Section 10 defines 'Irish associations' narrowly (blood, affinity, adoption), removing the legal basis used by the investment scheme",The Act does not mention investment; the link to the scheme is made by the Minister in the Dáil (irl-dail-debate-2004-10-27).
irl-inis-changes-pr-2013,Shatter announces changes to Immigrant Investor Programme,Irish Naturalisation and Immigration Service,,government,IRL,2013-07-05,2026-10-02,http://www.inis.gov.ie/en/INIS/Pages/Shatter%20announces%20changes%20to%20Immigrant%20Investor%20Programme,https://web.archive.org/web/20130720011424/http://www.inis.gov.ie:80/en/INIS/Pages/Shatter%20announces%20changes%20to%20Immigrant%20Investor%20Programme,raw/irl-inis-changes-pr-2013.html,f2a3e5aadd851598c9048f316c76f76b88ff74faab36a14c3948e60a51fe7e64,"July 2013 changes after the first-year review (effective 15 July 2013): bond and enterprise thresholds halved, new investment-fund option, mixed and group-endowment changes; old vs new table; approvals to date.",Copy from the Wayback Machine capture of 20 July 2013.
irl-inis-iip-guidelines-2012,Immigrant Investor Programme Guidelines (2012),Irish Naturalisation and Immigration Service,,government,IRL,2012,2026-10-02,http://www.inis.gov.ie/en/INIS/Guidelines%20for%20Immigrant%20Investor%20Programme.pdf/Files/Guidelines%20for%20Immigrant%20Investor%20Programme.pdf,https://web.archive.org/web/20120412180843/http://www.inis.gov.ie:80/en/INIS/Guidelines%20for%20Immigrant%20Investor%20Programme.pdf/Files/Guidelines%20for%20Immigrant%20Investor%20Programme.pdf,raw/irl-inis-iip-guidelines-2012.pdf,97cc576abd50d5a9e0242d7933a1374842d17f025c742c1e3be271a2cd50ee2a,"Original 2012 rules: bond EUR 2m, enterprise EUR 1m, mixed EUR 1m, endowment EUR 500k; EUR 750 fee.",Copy from the Wayback Machine capture of 12 April 2012.
irl-inis-iip-guidelines-2014,Immigrant Investor Programme 2014 Guidelines,Irish Naturalisation and Immigration Service,,government,IRL,2014,2026-10-02,http://www.inis.gov.ie/en/INIS/Immigrant%20Investor%20Programme%20Guidelines%202014.pdf/Files/Immigrant%20Investor%20Programme%20Guidelines%202014.pdf,https://web.archive.org/web/20140616182215/http://www.inis.gov.ie:80/en/INIS/Immigrant%20Investor%20Programme%20Guidelines%202014.pdf/Files/Immigrant%20Investor%20Programme%20Guidelines%202014.pdf,raw/irl-inis-iip-guidelines-2014.pdf,1d0f5371ea20eca53e4e0fe9602a45c4dfb7913ea3b34bed9f1bb031cfd5fedd,"2014 rules: six options (bond EUR 1m at no interest, enterprise EUR 500k, fund EUR 500k, REIT EUR 2m, mixed EUR 950k, endowment EUR 500k/400k), EUR 2m net worth, EUR 750 fee.",Copy from the Wayback Machine capture of 16 June 2014. Exact publication date not printed.
irl-inis-iip-guidelines-2016,"Immigrant Investor Programme Guidelines, December 2016 (amended August 2017)",Irish Naturalisation and Immigration Service,,government,IRL,2016-12,2026-10-02,http://www.inis.gov.ie/en/INIS/Immigrant%20Investor%20Programme%20Guidelines%20December%202016-%20August%202017.pdf/Files/Immigrant%20Investor%20Programme%20Guidelines%20December%202016-%20August%202017.pdf,https://web.archive.org/web/20170918053718/http://www.inis.gov.ie:80/en/INIS/Immigrant%20Investor%20Programme%20Guidelines%20December%202016-%20August%202017.pdf/Files/Immigrant%20Investor%20Programme%20Guidelines%20December%202016-%20August%202017.pdf,raw/irl-inis-iip-guidelines-2016.pdf,41c23ac58bb3887bbb20b68bbd5db241532baecc70b8d7bc732a6af09211acc1,"Rules from December 2016: enterprise and fund thresholds back to EUR 1.0m, bond and mixed options suspended, fee EUR 1,500.",Copy from the Wayback Machine capture of 18 September 2017. This version carries an August 2017 amendment on submission of applications.
irl-inis-iip-guidelines-2018,"Immigrant Investor Programme Guidelines, January 2018",Irish Naturalisation and Immigration Service,,government,IRL,2018-01,2026-10-02,http://www.inis.gov.ie/en/INIS/Immigrant%20Investor%20Programme%20Guidelines%202018.pdf/Files/Immigrant%20Investor%20Programme%20Guidelines%202018.pdf,https://web.archive.org/web/20180219153317/http://www.inis.gov.ie:80/en/INIS/Immigrant%20Investor%20Programme%20Guidelines%202018.pdf/Files/Immigrant%20Investor%20Programme%20Guidelines%202018.pdf,raw/irl-inis-iip-guidelines-2018.pdf,fc0587affae38cc32c92ba409432bd2681a1bb7380b99cfd5fec224001ec69fc,"Four options (enterprise EUR 1m, fund EUR 1m, REIT EUR 2m, endowment EUR 500k/400k); Stamp 4; residence terms; once-a-year visit; naturalisation rules.",Copy from the Wayback Machine capture of 19 February 2018.
irl-inis-iip-guidelines-2019,Immigrant Investor Programme Guidelines for Applicants (published February 2019),Irish Naturalisation and Immigration Service,,government,IRL,2019-02,2026-10-02,http://www.inis.gov.ie/en/INIS/Immigrant%20Investor%20Programme%20Guidelines%202019.pdf/Files/Immigrant%20Investor%20Programme%20Guidelines%202019.pdf,https://web.archive.org/web/20190920033842/http://www.inis.gov.ie/en/INIS/Immigrant%20Investor%20Programme%20Guidelines%202019.pdf/Files/Immigrant%20Investor%20Programme%20Guidelines%202019.pdf,raw/irl-inis-iip-guidelines-2019.pdf,df67855717916699b59cf19f68b8bb22f33a6353676f9b549244f5cfc08d966f,2019 rules (same thresholds as 2018).,Copy from the Wayback Machine capture of 20 September 2019. Kept for completeness; no rows cite it because the thresholds did not change.
irl-inis-launch-pr-2012,Formal Launch of New Programmes for Investors and Entrepreneurs,Irish Naturalisation and Immigration Service (Department of Justice and Equality),,government,IRL,2012-03,2026-10-02,http://www.inis.gov.ie/en/INIS/Pages/Formal%20Launch%20of%20New%20Programmes%20for%20Investors%20and%20Entrepreneurs,https://web.archive.org/web/20120329133525/http://www.inis.gov.ie:80/en/INIS/Pages/Formal%20Launch%20of%20New%20Programmes%20for%20Investors%20and%20Entrepreneurs,raw/irl-inis-launch-pr-2012.html,e3c00bd2ab7bb7eda6d55fbc385ef666307eac772b3560e4db005bb4f65d433c,"Minister Alan Shatter's launch statement: opening date (15 April 2012), the four original investment options and amounts, residence terms, the once-a-year visit rule, application fee.",Page no longer online; copy from the Wayback Machine capture of 29 March 2012 (so published on or before that date). Undated on the page itself.
irl-inis-new-programmes-2016,"Investor and Entrepreneur Schemes (INIS web page, late 2016)",Irish Naturalisation and Immigration Service,,government,IRL,2016,2026-10-02,http://www.inis.gov.ie/en/INIS/Pages/New+Programmes+for+Investors+and+Entrepreneurs,https://web.archive.org/web/20161119093121/http://www.inis.gov.ie:80/en/INIS/Pages/New+Programmes+for+Investors+and+Entrepreneurs,raw/irl-inis-new-programmes-2016.html,d3fcebbdee2f90b3317f047a2294ba1efcafaca5fb82357d4fb5ef76476db9c3,Notice that the bond and mixed options were suspended from 18 July 2016 and that no applications would be accepted until 2 January 2017; option list as of 2016.,Copy from the Wayback Machine capture of 19 November 2016.
irl-isd-closure-faq-2023,FAQs - Closure of the Immigrant Investor Programme (IIP),"Immigration Service Delivery, Department of Justice",,government,IRL,2024-01-25,2026-10-02,https://www.irishimmigration.ie/faqs-closure-of-the-immigrant-investor-programme-iip/,,raw/irl-isd-closure-faq-2023.html,22635622f4090ac233d21d18a9aaf0ba1c723aabf8ba9fcbdab2d9c1f283311b,"Why the IIP closed (EU Commission, Council of Europe and OECD concerns) and how pending applications are handled.",Page last updated 25 January 2024; a PDF version of the same FAQ was published in January 2024.
irl-isd-iip-external-review,Immigrant Investor Programme - External Review (terms of reference page),"Immigration Service Delivery, Department of Justice",,government,IRL,2023-01-25,2026-10-02,https://www.irishimmigration.ie/coming-to-live-in-ireland/immigrant-investor-programme-external-review/,,raw/irl-isd-iip-external-review.html,120e00e8e90bd30c83aeb346775f5b3f02389bea54bfd68b2f4974b5febc3c02,Why the 2018 external review was commissioned; Phase 1 and Phase 2 terms of reference.,Page states it was last updated 25 January 2023.
irl-isd-iip-guidelines-2022,Immigrant Investor Programme Guidelines for Applicants (October 2022),"Immigration Service Delivery, Department of Justice",,government,IRL,2022-10,2026-10-02,https://www.irishimmigration.ie/wp-content/uploads/2022/10/immigration-investor-programme-guidelines-for-applicants-oct-2022.pdf,,raw/irl-isd-iip-guidelines-2022.pdf,b3ca27c65c77b2f848d116b52d8d6a486d257ec849e3439dbcba2a2f7c6e3037,"Last guidelines before closure: four options, EUR 2m net worth, EUR 1,500 fee, Stamp 4, once-a-year visit.",
irl-isd-iip-processing-2023,Processing of IIP applications on hand following the closure of the Programme,"Immigration Service Delivery, Department of Justice",,government,IRL,2024-01-18,2026-10-02,https://www.irishimmigration.ie/processing-of-iip-applications-on-hand-following-the-closure-of-the-programme/,,raw/irl-isd-iip-processing-2023.html,7795741b8944548e547331dc6cde9997c76615fc671989786f81e457125f013e,Wind-down arrangements: categories of pending project applications and processing priorities.,
irl-oir-wa-2012-11-07,"Dáil Éireann written answers, 2012-11-07 (Questions 142)",Houses of the Oireachtas,,government,IRL,2012-11-07,2026-10-02,https://data.oireachtas.ie/akn/ie/debateRecord/dail/2012-11-07/writtens/mul@/main.xml,,raw/irl-oir-wa-2012-11-07.xml,6c1a44298c0d7f1a1873182753dfc281c1071fd42a925b6d610ac9553006212f,"Applications received and approved to date, first months of the IIP.",Official record of written parliamentary answers for the whole day (Akoma Ntoso XML from the Oireachtas open-data service); the IIP answer is by the Minister for Justice and Equality (Alan Shatter). The equivalent oireachtas.ie web page blocks automated downloads (HTTP 405).
irl-oir-wa-2014-04-30,"Dáil Éireann written answers, 2014-04-30 (Questions 529-530)",Houses of the Oireachtas,,government,IRL,2014-04-30,2026-10-02,https://data.oireachtas.ie/akn/ie/debateRecord/dail/2014-04-30/writtens/mul@/main.xml,,raw/irl-oir-wa-2014-04-30.xml,7da195ca972ab8647160b00f80fd1458629192d9142e603a58d08e2be9104767,Applications received and approved to date (April 2014); nationalities described only by region.,Official record of written parliamentary answers for the whole day (Akoma Ntoso XML from the Oireachtas open-data service); the IIP answer is by the Minister for Justice and Equality (Alan Shatter). The equivalent oireachtas.ie web page blocks automated downloads (HTTP 405).
irl-oir-wa-2017-11-07,"Dáil Éireann written answers, 2017-11-07 (Questions 528)",Houses of the Oireachtas,,government,IRL,2017-11-07,2026-10-02,https://data.oireachtas.ie/akn/ie/debateRecord/dail/2017-11-07/writtens/mul@/main.xml,,raw/irl-oir-wa-2017-11-07.xml,c729b4db58c767eeca4d7207e9883c9aba91200f2f338a334728060c52d9199d,Value of approved social housing investments; restoration of the EUR 1m enterprise threshold.,Official record of written parliamentary answers for the whole day (Akoma Ntoso XML from the Oireachtas open-data service); the IIP answer is by the Minister for Justice and Equality (Charles Flanagan). The equivalent oireachtas.ie web page blocks automated downloads (HTTP 405).
irl-oir-wa-2017-11-16,"Dáil Éireann written answers, 2017-11-16 (Questions 120-122)",Houses of the Oireachtas,,government,IRL,2017-11-16,2026-10-02,https://data.oireachtas.ie/akn/ie/debateRecord/dail/2017-11-16/writtens/mul@/main.xml,,raw/irl-oir-wa-2017-11-16.xml,b439491d381308da0a02fb94d5a76a8ea254e463276de572e3870764698a45e2,Threshold returned to EUR 1.0m for applications from 2 January 2017; applications since January 2017; endowment applications 2017.,Official record of written parliamentary answers for the whole day (Akoma Ntoso XML from the Oireachtas open-data service); the IIP answer is by the Minister for Justice and Equality (Charles Flanagan). The equivalent oireachtas.ie web page blocks automated downloads (HTTP 405).
irl-oir-wa-2017-12-05,"Dáil Éireann written answers, 2017-12-05 (Questions 80)",Houses of the Oireachtas,,government,IRL,2017-12-05,2026-10-02,https://data.oireachtas.ie/akn/ie/debateRecord/dail/2017-12-05/writtens/mul@/main.xml,,raw/irl-oir-wa-2017-12-05.xml,7a10f463a16e98fb79c2ad1c541014d4e793020856ae6236b41aecbb3965d2d2,Why the 2017 internal (IGEES) review was not published.,Official record of written parliamentary answers for the whole day (Akoma Ntoso XML from the Oireachtas open-data service); the IIP answer is by the Minister for Justice and Equality (Charles Flanagan). The equivalent oireachtas.ie web page blocks automated downloads (HTTP 405).
irl-oir-wa-2019-11-06,"Dáil Éireann written answers, 2019-11-06 (Questions 86-97)",Houses of the Oireachtas,,government,IRL,2019-11-06,2026-10-02,https://data.oireachtas.ie/akn/ie/debateRecord/dail/2019-11-06/writtens/mul@/main.xml,,raw/irl-oir-wa-2019-11-06.xml,01eef8c0ba9214dc4066131c9dec6b0c5d0586cefb513ad7036818bb567e025c,"Applications by option 2017, 2018 and 2019 windows; grants by option 2017-Aug 2019; nursing homes and social housing approved; 2019 control measures; endowment fee practices.",Official record of written parliamentary answers for the whole day (Akoma Ntoso XML from the Oireachtas open-data service); the IIP answer is by the Minister for Justice and Equality (Charles Flanagan). The equivalent oireachtas.ie web page blocks automated downloads (HTTP 405).
irl-oir-wa-2021-05-27,"Dáil Éireann written answers, 2021-05-27 (Questions 257-260)",Houses of the Oireachtas,,government,IRL,2021-05-27,2026-10-02,https://data.oireachtas.ie/akn/ie/debateRecord/dail/2021-05-27/writtens/mul@/main.xml,,raw/irl-oir-wa-2021-05-27.xml,fe46c28d50fe0936cd1ddade78b0e1b015600b0573fef62ceee1db4f6f3635a4,Applications by country of origin since 2012 (cumulative to May 2021).,Official record of written parliamentary answers for the whole day (Akoma Ntoso XML from the Oireachtas open-data service); the IIP answer is by the Minister of State at the Department of Justice. The equivalent oireachtas.ie web page blocks automated downloads (HTTP 405).
irl-oir-wa-2022-03-22,"Dáil Éireann written answers, 2022-03-22 (Questions 781 etc.)",Houses of the Oireachtas,,government,IRL,2022-03-22,2026-10-02,https://data.oireachtas.ie/akn/ie/debateRecord/dail/2022-03-22/writtens/mul@/main.xml,,raw/irl-oir-wa-2022-03-22.xml,4c9b539a8a3e6505578b641466a4b23f3af8de2638df1c49d4d9f4b827eed82a,"Chinese applications received and approved by year 2016-2021, with values by option.",Official record of written parliamentary answers for the whole day (Akoma Ntoso XML from the Oireachtas open-data service); the IIP answer is by the Minister for Justice (Helen McEntee). The equivalent oireachtas.ie web page blocks automated downloads (HTTP 405). The question number of the main question is not shown in our extract; identify by date and the question reference [14998/22].
irl-oir-wa-2022-04-06,"Dáil Éireann written answers, 2022-04-06 (Questions 183-184)",Houses of the Oireachtas,,government,IRL,2022-04-06,2026-10-02,https://data.oireachtas.ie/akn/ie/debateRecord/dail/2022-04-06/writtens/mul@/main.xml,,raw/irl-oir-wa-2022-04-06.xml,92aa6755966e71d233db8380ef9839eed0e63a6be0f079b06e32afd8b2b617d5,Applications by Russian nationals 2016-2022; ban on further Russian applications.,Official record of written parliamentary answers for the whole day (Akoma Ntoso XML from the Oireachtas open-data service); the IIP answer is by the Minister for Justice (Helen McEntee). The equivalent oireachtas.ie web page blocks automated downloads (HTTP 405).
irl-oir-wa-2022-05-04,"Dáil Éireann written answers, 2022-05-04 (Questions 405-408)",Houses of the Oireachtas,,government,IRL,2022-05-04,2026-10-02,https://data.oireachtas.ie/akn/ie/debateRecord/dail/2022-05-04/writtens/mul@/main.xml,,raw/irl-oir-wa-2022-05-04.xml,fb5231af88d824876945b461b4e0e1c192d50747ebd164dcd8c6f2046ed8e87c,"Legal basis (Government Decision, April 2012); 2019 audit and external review; yearly table to end-2021.",Official record of written parliamentary answers for the whole day (Akoma Ntoso XML from the Oireachtas open-data service); the IIP answer is by the Minister for Justice (Helen McEntee). The equivalent oireachtas.ie web page blocks automated downloads (HTTP 405).
irl-oir-wa-2022-10-18,"Dáil Éireann written answers, 2022-10-18 (Questions 655)",Houses of the Oireachtas,,government,IRL,2022-10-18,2026-10-02,https://data.oireachtas.ie/akn/ie/debateRecord/dail/2022-10-18/writtens/mul@/main.xml,,raw/irl-oir-wa-2022-10-18.xml,1fdb09a1ded53f0accc73aa45f18e5120f35022cb77a05b5fbcd850b19dfc40d,Approved primary applicants by nationality to 30 Sept 2022; yearly table and by option.,Official record of written parliamentary answers for the whole day (Akoma Ntoso XML from the Oireachtas open-data service); the IIP answer is by the Minister for Justice (Helen McEntee). The equivalent oireachtas.ie web page blocks automated downloads (HTTP 405).
irl-oir-wa-2022-11-16,"Dáil Éireann written answers, 2022-11-16 (Questions 162)",Houses of the Oireachtas,,government,IRL,2022-11-16,2026-10-02,https://data.oireachtas.ie/akn/ie/debateRecord/dail/2022-11-16/writtens/mul@/main.xml,,raw/irl-oir-wa-2022-11-16.xml,ee1a08324242ed1088d44af32283d649c78b0870130d25fb0830664aa05dcbfd,Endowment applications approved Jan 2016-Sept 2022 and their value.,Official record of written parliamentary answers for the whole day (Akoma Ntoso XML from the Oireachtas open-data service); the IIP answer is by the Minister for Justice (Helen McEntee). The equivalent oireachtas.ie web page blocks automated downloads (HTTP 405).
irl-oir-wa-2023-02-28,"Dáil Éireann written answers, 2023-02-28 (Questions 486-487)",Houses of the Oireachtas,,government,IRL,2023-02-28,2026-10-02,https://data.oireachtas.ie/akn/ie/debateRecord/dail/2023-02-28/writtens/mul@/main.xml,,raw/irl-oir-wa-2023-02-28.xml,123626eb86e684c1d3b027e027d986f1e352620c54df0bce34beb176c3aa7aac,"Full yearly table 2012-2022 (received, approved, value), approvals by option and nationality, refusals and withdrawals 2012-2022.",Official record of written parliamentary answers for the whole day (Akoma Ntoso XML from the Oireachtas open-data service); the IIP answer is by the Minister for Justice (Simon Harris). The equivalent oireachtas.ie web page blocks automated downloads (HTTP 405).
irl-oir-wa-2023-06-20,"Dáil Éireann written answers, 2023-06-20 (Questions 448-455)",Houses of the Oireachtas,,government,IRL,2023-06-20,2026-10-02,https://data.oireachtas.ie/akn/ie/debateRecord/dail/2023-06-20/writtens/mul@/main.xml,,raw/irl-oir-wa-2023-06-20.xml,b8b43cbf1ba2c4377c4718cd1046e471a16e82259eaffb277a7910c4052e46f0,Approved primary applicants by nationality to mid-June 2023; yearly table to 19 June 2023; approvals by option.,Official record of written parliamentary answers for the whole day (Akoma Ntoso XML from the Oireachtas open-data service); the IIP answer is by the Minister for Justice (Helen McEntee). The equivalent oireachtas.ie web page blocks automated downloads (HTTP 405).
irl-oir-wa-2025-07-29,"Dáil Éireann written answers, 2025-07-29 (Questions 2105-2106)",Houses of the Oireachtas,,government,IRL,2025-07-29,2026-10-02,https://data.oireachtas.ie/akn/ie/debateRecord/dail/2025-07-29/writtens/mul@/main.xml,,raw/irl-oir-wa-2025-07-29.xml,db7379d36e04f52269efbe1f476e41e729a3f87143c93c44f2bae698a1085bbd,Yearly table to 30 June 2025; approvals and value by option 2012-Q2 2025; staff of the IIP unit; pending applications.,"Official record of written parliamentary answers for the whole day (Akoma Ntoso XML from the Oireachtas open-data service); the IIP answer is by the Minister for Justice, Home Affairs and Migration (Jim O'Callaghan). The equivalent oireachtas.ie web page blocks automated downloads (HTTP 405)."
irl-oir-wa-2025-12-16,"Dáil Éireann written answers, 2025-12-16 (Questions 716)",Houses of the Oireachtas,,government,IRL,2025-12-16,2026-10-02,https://data.oireachtas.ie/akn/ie/debateRecord/dail/2025-12-16/writtens/mul@/main.xml,,raw/irl-oir-wa-2025-12-16.xml,1bd313078bf4b731ad42c4cb054e95e96cc0fc4751804e5b43aa78e2fe4bbc8e,"Investor applications and project proposals still on hand, December 2025.","Official record of written parliamentary answers for the whole day (Akoma Ntoso XML from the Oireachtas open-data service); the IIP answer is by the Minister for Justice, Home Affairs and Migration (Jim O'Callaghan). The equivalent oireachtas.ie web page blocks automated downloads (HTTP 405)."
irl-oir-wa-2026-03-18,"Dáil Éireann written answers, 2026-03-18 (Questions 1285)",Houses of the Oireachtas,,government,IRL,2026-03-18,2026-10-02,https://data.oireachtas.ie/akn/ie/debateRecord/dail/2026-03-18/writtens/mul@/main.xml,,raw/irl-oir-wa-2026-03-18.xml,7bd1f5da1db7a3eba94378b98fb8b18864e3dd10965b8e6600287c50923c31cb,"Yearly table 2012-2025 (received, approved, value); refusals 2012-2025; applications on hand; legal proceedings by project owners.","Official record of written parliamentary answers for the whole day (Akoma Ntoso XML from the Oireachtas open-data service); the IIP answer is by the Minister for Justice, Home Affairs and Migration (Jim O'Callaghan). The equivalent oireachtas.ie web page blocks automated downloads (HTTP 405)."
irl-rte-golden-visa-2025,Calls for investigation into axed golden visa scheme,RTÉ News,Cian McCormack,media,IRL,2025-04-15,2026-10-02,https://www.rte.ie/news/ireland/2025/0415/1507686-golden-visa-ireland-latest/,https://web.archive.org/web/20250820005934/https://www.rte.ie/news/ireland/2025/0415/1507686-golden-visa-ireland-latest/,,,"Report on approvals and investment after closure, and opposition calls to investigate applications submitted after the deadline.","News article; linked, not stored. Direct curl download failed (connection refused); the quoted opening sentence was read through a web fetch on 2026-10-02."
ita-mimit-investor-visa-page-2026,Investor Visa for Italy: un visto per attrarre investimenti strategici dall'estero,Ministero delle Imprese e del Made in Italy,,government,ITA,2018-10-10,2026-10-02,https://www.mimit.gov.it/it/impresa/competitivita-e-nuove-imprese/investor-visa,,raw/ita-mimit-investor-visa-page-2026.html,4832dea3b92c5e11f9e41749de4131f313accb81c08058c235a74be0d858c0f6,"Ministry page describing the programme (since December 2017), routes and thresholds, procedure.","Page says 'Ultimo aggiornamento: 10 ottobre 2018' but lists the post-2020 thresholds, so it was edited later without changing that date."
ita-mimit-iv4i-dm-2017-07-21,Decreto interministeriale 21 luglio 2017 (MISE - Interno - MAECI) sulla procedura di ingresso e soggiorno per investitori,Ministero dello Sviluppo Economico (Investor Visa for Italy portal),,legislation,ITA,2017-07-21,2026-10-02,https://investorvisa.mise.gov.it/images/documenti/decreto_interministeriale_21_luglio_2017_ingresso_e_soggiorno_investitori.pdf,,raw/ita-mimit-iv4i-dm-2017-07-21.pdf,42b9be8a88e165f486ee136ff4db77190ea1f8417726c0c0adcfad2e70b42110,"Implementing decree: definitions (eligible bonds, companies, donations), creation and composition of the inter-ministerial Investor Visa Committee, procedure.","Published on the ministry websites, not in the Gazzetta Ufficiale (per the programme manual)."
ita-mimit-iv4i-home-en-2026,Investor Visa for Italy - programme portal home page (English),Ministero delle Imprese e del Made in Italy,,government,ITA,2026,2026-10-02,https://investorvisa.mise.gov.it/index.php/en/,,raw/ita-mimit-iv4i-home-en-2026.html,367522812de680651082b799f163ed5e4190107d07d84619ef9ad65e7780694b,Current thresholds; notices suspending the programme for Russian and Belarusian citizens (Committee chair order of 14 Jul 2023) and for dual nationals holding a Russian or Belarusian passport (MAECI note of 20 Mar 2024).,"Live page, captured 2026-10-02; notices are undated on the page apart from the order/note dates they cite."
ita-mimit-iv4i-manuale-2021,Investor Visa for Italy - Manuale operativo (aggiornato 19 luglio 2021),Ministero dello Sviluppo Economico; Ministero degli Affari Esteri e della Cooperazione Internazionale; Ministero dell'Interno,,government,ITA,2021-07-19,2026-10-02,https://investorvisa.mise.gov.it/images/documenti/Visto_per_investitori_Manuale_operativo_ITA_19_07_2021.pdf,,raw/ita-mimit-iv4i-manuale-2021.pdf,ca358179c35cc22be13b2855d6fe98b78486878af8409cc8468c7b81910e5acd,"Programme manual: legal basis, committee, procedure; first approved 16 Nov 2017.",An English version ('Policy guidance') exists at the same site.
ita-mimit-relazione-startup-2022,Relazione annuale al Parlamento sullo stato di attuazione e l'impatto delle policy a sostegno di startup e PMI innovative - 2022,Ministero delle Imprese e del Made in Italy,,government,ITA,2023-03,2026-10-02,https://www.mimit.gov.it/images/stories/documenti/Relazione_annuale_del_Ministro_al_Parlamento_Startup_e_PMI_innovative_2022.pdf,,raw/ita-mimit-relazione-startup-2022.pdf,1ec68bc30ab50fe1608bdf7a26fee32454436002a82f094111d9b8097608f9cc,"Section 2.4.1: Investor Visa start-up-route applications to 31 Dec 2021 (9; 6 completed, 2 rejected, 1 no arrival), by nationality and city. No totals for other routes.","Later reports (2023, 2024, 2025 editions) do not mention the investor visa. Date from PDF metadata."
ita-mise-relazione-startup-2020,"Relazione annuale al Parlamento sullo stato di attuazione e l'impatto delle policy a sostegno di startup e PMI innovative (edizione 2020, dati 2019)",Ministero dello Sviluppo Economico,Stefano Patuanelli (Ministro),government,ITA,2020-11,2026-10-02,https://www.mimit.gov.it/images/stories/documenti/RELAZIONE_ANNUALE_2020_STARTUP.pdf,,raw/ita-mise-relazione-startup-2020.pdf,3d689af90806aa3693554032c8665d3bf542a2300de0a394930c0b12d63bfa64,"Section 6.7: Investor Visa for Italy applications from launch to December 2019 (13 received, 6 rejected), by route and nationality; platform launch date.",Report to Parliament on the start-up policy; the investor visa is covered in a short section. Page headers read 'Relazione al Parlamento 2019'. Date from PDF metadata.
ita-normattiva-dl-34-2020-art38,"Decreto-legge 19 maggio 2020, n. 34 (Decreto Rilancio), art. 38 - testo originario",Normattiva (Istituto Poligrafico e Zecca dello Stato / Presidenza del Consiglio dei Ministri),,legislation,ITA,2020-05-19,2026-10-02,https://www.normattiva.it/uri-res/N2Ls?urn:nir:stato:decreto.legge:2020-05-19;34~art38!vig=2020-05-19,,raw/ita-normattiva-dl-34-2020-art38.html,2e42645db287e7a5fef4c7935f7821136f7f6d0ae6e8c9711ab8db7edca23ff4,"Comma 10 halves the company and start-up thresholds of art. 26-bis(1)(b) (EUR 1m -> 500k; EUR 500k -> 250k). In force 19 May 2020; converted by L. 17 luglio 2020, n. 77.",
ita-normattiva-dl-76-2020-art40quater,"Decreto-legge 16 luglio 2020, n. 76, art. 40-quater 'Semplificazioni in materia di visto per investitori esteri' (inserted by L. 11 settembre 2020, n. 120)",Normattiva (Istituto Poligrafico e Zecca dello Stato / Presidenza del Consiglio dei Ministri),,legislation,ITA,2020-09-14,2026-10-02,https://www.normattiva.it/uri-res/N2Ls?urn:nir:stato:decreto.legge:2020-07-16;76~art40quater!vig=2020-09-15,,raw/ita-normattiva-dl-76-2020-art40quater.html,f95b41fc024ad765d980a5123cb317b59d0c1e91134bf79b048cf8aaa39be45d,Allows investment on behalf of a legal person the applicant represents (with reciprocity check); gives permit holders the rights of the self-employment permit and exempts them for five years from the integration agreement and continuous-stay obligations. In force 15 Sep 2020.,
ita-normattiva-l-193-2024-art35,"Legge 16 dicembre 2024, n. 193 (Legge annuale per il mercato e la concorrenza 2023), art. 35",Normattiva (Istituto Poligrafico e Zecca dello Stato / Presidenza del Consiglio dei Ministri),,legislation,ITA,2024-12-17,2026-10-02,https://www.normattiva.it/uri-res/N2Ls?urn:nir:stato:legge:2024-12-16;193~art35!vig=2024-12-18,,raw/ita-normattiva-l-193-2024-art35.html,650da0ba8432833d7a4b0515bfa55de0e1d32edaf791308172e059e696022ced,Rewrites art. 26-bis(1)(b) to admit EUR 500k investments in Italian venture-capital funds as well as companies (start-up threshold stays EUR 250k).,GU n. 295 of 17 Dec 2024; Normattiva gives the new wording in force from 18 Dec 2024.
ita-normattiva-tui-art26bis-2017,"D.Lgs. 25 luglio 1998, n. 286 (Testo unico immigrazione), art. 26-bis 'Ingresso e soggiorno per investitori' - testo vigente al 1-1-2017",Normattiva (Istituto Poligrafico e Zecca dello Stato / Presidenza del Consiglio dei Ministri),,legislation,ITA,2016-12-21,2026-10-02,https://www.normattiva.it/uri-res/N2Ls?urn:nir:stato:decreto.legislativo:1998-07-25;286~art26bis!vig=2017-01-01,,raw/ita-normattiva-tui-art26bis-2017.html,24e798fc49aeb6fc4d1d1e02482e8dbba41052c67f0577cc3ece61fe21eb35e3,"Original wording of art. 26-bis as inserted by L. 11 dicembre 2016, n. 232, art. 1, comma 148 (in force 1 Jan 2017): EUR 2m bonds, EUR 1m company / EUR 500k innovative start-up, EUR 1m donation; 2-year permit, 3-year renewals.","Point-in-time version from the official consolidated-law database, stored as HTML. published_date is the Gazzetta date of L. 232/2016."
ita-normattiva-tui-art26bis-2026,"D.Lgs. 25 luglio 1998, n. 286 (Testo unico immigrazione), art. 26-bis - testo vigente (in vigore dal 18-12-2024)",Normattiva (Istituto Poligrafico e Zecca dello Stato / Presidenza del Consiglio dei Ministri),,legislation,ITA,2024-12-17,2026-10-02,https://www.normattiva.it/uri-res/N2Ls?urn:nir:stato:decreto.legislativo:1998-07-25;286~art26bis,,raw/ita-normattiva-tui-art26bis-2026.html,69304c59b1a81118f732f064aad250725f64d5fc8a531e170244bc495b502367,"Current wording: EUR 2m bonds; EUR 500k company or Italian venture-capital fund / EUR 250k innovative start-up; EUR 1m donation; legal-person representatives; 2-year permit, 3-year renewals.",Downloaded 2026-10-02; version in force since 18 Dec 2024.
ita-normattiva-tui-art26bis-history,"D.Lgs. 286/1998, art. 26-bis - Aggiornamenti all'articolo (amendment history)",Normattiva (Istituto Poligrafico e Zecca dello Stato / Presidenza del Consiglio dei Ministri),,legislation,ITA,2024-12-17,2026-10-02,https://www.normattiva.it/do/atto/vediAggiornamentiAllArticolo?art.dataPubblicazioneGazzetta=1998-08-18%2000:00:00.0&art.codiceRedazionale=098G0348&art.flagTipoArticolo=0&art.idArticolo=26&art.idSottoArticolo=2&art.idSottoArticolo1=10&art.versione=1,,raw/ita-normattiva-tui-art26bis-history.html,5dc58379ab924bbf703fad3f42b991026ef888bd1aabaca22f7adcb987e0a76a,List of every act that amended art. 26-bis: L. 232/2016; D.Lgs. 90/2017; D.L. 34/2020 art. 38(10); D.L. 76/2020 art. 40-quater (as converted by L. 120/2020); L. 193/2024 art. 35.,Page needs a Normattiva session cookie; the URL may not open directly.
jor-jic-206-investors-2020,206 foreign investors granted Jordanian nationality since October 2,Jordan Investment Commission website (republishing The Jordan Times),,government,JOR,2020-12-28,2026-10-02,https://www.jic.gov.jo/en/206-foreign-investors-granted-jordanian-nationality-since-october-2/,https://web.archive.org/web/20230611013336/https://www.jic.gov.jo/en/206-foreign-investors-granted-jordanian-nationality-since-october-2/,raw/jor-jic-206-investors-2020.html,144fe2f1a41a9b47c4f2c1f7bf8def00f8f024a3417762212503d345711698e5,"JIC acting chairman's figures for 2 Oct - 28 Dec 2020: 206 investors naturalised, 30 applications pending, JD867 million of investment, 7,326 workers; split by route (projects, deposits/bonds, shares); main original nationalities; December 2019 Cabinet cuts with previous amounts.","Article from The Jordan Times based on a JIC statement, posted on the JIC news page (datePublished 2020-12-28). The source does not say why the count starts on 2 October. Copy from the Wayback Machine (capture 11 Jun 2023, page then branded MoIn)."
jor-jic-conditions-2021,تقديم حوافز وتسهيلات للاستثمارات - إمكانية منح الجنسية الأردنية عن طريق الاستثمار (conditions sheet),Jordan Investment Commission (JIC),,government,JOR,2021-01,2026-10-02,https://www.jic.gov.jo/wp-content/uploads/2021/01/الجنسية-والاقامة-الشروط.pdf,https://web.archive.org/web/20210624114405/https://www.jic.gov.jo/wp-content/uploads/2021/01/%D8%A7%D9%84%D8%AC%D9%86%D8%B3%D9%8A%D8%A9-%D9%88%D8%A7%D9%84%D8%A7%D9%82%D8%A7%D9%85%D8%A9-%D8%A7%D9%84%D8%B4%D8%B1%D9%88%D8%B7.pdf,raw/jor-jic-conditions-2021.pdf,1f4c5d978f5795d1a3a57672fca17c8d7b650131d82ae73059c0f777576bbe5f,"Terms in force in early 2021 (after the December 2019 Cabinet cut): USD 1m deposit for 3 years and USD 1m treasury bonds for 6 years; shares USD 1m plus USD 750,000 in SMEs; new project USD 1.5m Amman / USD 1m elsewhere (20/15 jobs); existing project USD 1m / USD 700,000; 5-year residence for property worth JOD 200,000.",jic.gov.jo no longer resolves (JIC merged into the Ministry of Investment); copy from the Wayback Machine (capture 24 Jun 2021). Text layer garbled; quotes transcribed from the page image.
jor-moi-brochure-2025,فرص الحصول على الجنسية الأردنية والإقامة عن طريق الاستثمار (brochure),"Ministry of Interior, Jordan",,government,JOR,2025-08,2026-10-02,https://www.moi.gov.jo/EBV4.0/Root_Storage/AR/EB_Pages/مطوية_تشجيع_الاستثمار_الجديدة.pdf,,raw/jor-moi-brochure-2025.pdf,b7c6537597441ce528a2a9f026142b3340aa8dad8eb37c2d7ae2eb6ec2738dbd,"Two-page summary of the 2025 rules (citizenship routes, 3-year temporary passport, 5-year residence for JOD 200,000 property from a developer).","PDF created 7 Aug 2025, linked from the MoI home page as 'obtaining Jordanian citizenship and residence through investment'. Read from the page images."
jor-moin-bases-2023,"المعايير والضوابط لمنح المستثمرين الجنسية الأردنية أو الإقامة لمدة خمس سنوات في المملكة الأردنية الهاشمية (Criteria and controls, Cabinet decisions 3657/2021 and 6404/2022)","Ministry of Investment, Jordan",,government,JOR,2023-04,2026-10-02,https://www.moin.gov.jo/wp-content/uploads/2023/04/أسس-منح-الجنسية-الأردنية-مقابل-الاستثمار.pdf,https://web.archive.org/web/20230529061136/https://www.moin.gov.jo/wp-content/uploads/2023/04/%D8%A3%D8%B3%D8%B3-%D9%85%D9%86%D8%AD-%D8%A7%D9%84%D8%AC%D9%86%D8%B3%D9%8A%D8%A9-%D8%A7%D9%84%D8%A3%D8%B1%D8%AF%D9%86%D9%8A%D8%A9-%D9%85%D9%82%D8%A7%D8%A8%D9%84-%D8%A7%D9%84%D8%A7%D8%B3%D8%AA%D8%AB%D9%85%D8%A7%D8%B1.pdf,raw/jor-moin-bases-2023.pdf,bc8fc6b283dfa9bb996c039730f2b16b4805ef7a838f98e01d1251451f16e08d,"19-page implementing criteria: routes under Cabinet decision 3657 (letter 13 Sep 2021); sector routes for commercial sectors under decision 6404 (letter dated '30/2/2022' as printed) - pharma warehouses, car dealers, food logistics, maritime, housing companies, tourist restaurants; employment route (150 Jordanian workers in Amman / 100 elsewhere) added by letter of 3 Apr 2022; revocation if conditions are breached.","PDF created 13 Apr 2023; no longer on the live site (404), copy from the Wayback Machine (capture 29 May 2023). The PDF's text layer maps some glyphs wrongly (zeros print as '2' in the text layer, e.g. '222,222' for 200,000); quotes were transcribed from the page images. The date '30/2/2022' is printed as such (no 30 February)."
jor-moin-mechanism-4375-2025,آلية تنفيذ قرار مجلس الوزراء رقم (4375) تاريخ 2025/7/2 المتعلق بمنح المستثمرين الجنسية الأردنية أو الإقامة لمدة خمس سنوات (Implementing mechanism of Cabinet decision 4375 of 2 Jul 2025),"Ministry of Investment, Jordan",,government,JOR,2025-09,2026-10-02,https://moin.gov.jo/ebv4.0/root_storage/ar/eb_list_page/اسس_منح_الجنسية_والاقامة_عن_طريق_الاستثمار____2025.pdf,,raw/jor-moin-mechanism-4375-2025.pdf,e1ddd91d0bd63b791e4f0d8440685affd4ad26c33089972fe90386d770e62e15,"Current rules (amounts now in JOD): new shares JOD 1,000,000 via a licensed broker held 3 years; new project JOD 700,000 in Amman (20 jobs) or JOD 500,000 elsewhere (10 jobs) - temporary passport for 3 years, then citizenship; new partner share JOD 1,000,000; existing investments JOD 700,000 Amman / JOD 350,000 elsewhere; pharma warehouses and food logistics JOD 3,000,000; employment of 150/100 Jordanians; family rules (sons under 30 if investment over JOD 2,000,000); 5-year residence for buying a home from a developer worth JOD 200,000; investor committee chaired by the Interior Minister (Cabinet decision 5995 of 19 Aug 2019).",PDF created 29 Sep 2025. The cash deposit / treasury bond route of 2018-2025 does not appear. Text layer partly garbled; quotes transcribed from the page images.
jor-pm-cabinet-bases-2021,مجلس الوزراء يوافق على تعديل أسس منح الجنسية للمستثمرين (Cabinet approves amended bases for granting citizenship to investors),"Prime Ministry of Jordan, pm.gov.jo (Petra report)",,government,JOR,2021-09-13,2026-10-02,http://www.pm.gov.jo/content/1631511002/مجلس-الوزراء-يوافق-على-تعديل-أسس-منح-الجنسية-للمستثمرين.html,https://web.archive.org/web/2023/http://www.pm.gov.jo/content/1631511002/,raw/jor-pm-cabinet-bases-2021.html,9aad5cf153df862852a64ef1620fae832d30c6ceeeb62e4675e6622d52c752b4,"Cabinet decision of Sunday 12 Sep 2021 (No. 3657 per jor-moin-bases-2023): all routes and amounts (deposit USD 1m for 3 years plus USD 1m treasury bonds for 6 years; shares USD 1.5m; new project USD 1m Amman / USD 750,000 elsewhere with 20/10 jobs; existing projects USD 1m / USD 500,000), family rules, 5-year residence for property worth JOD 200,000, cap of 500 investors a year, review every 6 months.",Live pm.gov.jo is a JavaScript app; copy taken from the Wayback Machine (2023 capture).
khm-ann-ppp-thresholds-2026,Cambodian citizenship available to $3M donors; $1M investors,Asia News Network (from The Phnom Penh Post),,media,KHM,2026-01-22,2026-10-02,https://asianews.network/cambodian-citizenship-available-to-3m-donors-1m-investors/,http://web.archive.org/web/20260122043504/https://asianews.network/cambodian-citizenship-available-to-3m-donors-1m-investors/,,,"Summary of Sub-decree 225 (1 Dec 2025): 4 billion riel investment, 12 billion riel donation; earlier thresholds 'just over $300,000' and 'around $245,000'.",Dollar figures are the newspaper's conversions.
khm-cdc-law-nationality-1996,"Law on Nationality (Preah Reach Kram NS/RKM/1096/30, promulgated 9 October 1996), unofficial English translation",Council for the Development of Cambodia (CDC); translation prepared by MLMUPC with ADB TA 3577 and LMAP TA GTZ,,legislation,KHM,1996-10-09,2026-10-02,https://cdc.gov.kh/wp-content/uploads/2022/05/LAW-96-Nationality-E.pdf,,raw/khm-cdc-law-nationality-1996.pdf,d9e5021b361d984bd8c5606291b35bdfdc371d8de64c68d586afda2034fb295a,"Naturalisation normally needs 7 years' residence; residence waived for CDC-approved or government-authorised investors spending 1,250,000,000 riels (Arts 10-11); donors of 1,000,000,000 riels to the national budget may apply (Art. 12); special merit (Art. 13); family applications (Art. 14); name change (Art. 15); grant by Royal Decree (Art. 16).",English translation; the document says 'The Khmer version is the official version of this document.' Replaced by the Law on Nationality of 21 June 2018.
khm-diplomat-naturalisation-2026,"All in the Family: Citizenship, Crime, and Plausible Deniability in Cambodia",The Diplomat,,media,KHM,2026-03,2026-10-02,https://thediplomat.com/2026/03/all-in-the-family-citizenship-crime-and-plausible-deniability-in-cambodia/,http://web.archive.org/web/20260814152754/https://thediplomat.com/2026/03/all-in-the-family-citizenship-crime-and-plausible-deniability-in-cambodia/,,,"Describes a naturalisation dataset scraped from the Royal Gazette (Kouprey Substack, 6 March 2026; hosted by Mekong Independent): more than 4,000 grants 2000-2024; Inca Digital analysis of company directorships.",Analysis piece; the underlying dataset was not examined.
khm-law-nationality-2018,"ច្បាប់ស្តីពីសញ្ជាតិ (Law on Nationality), Preah Reach Kram NS/RKM/0618/008 of 21 June 2018",Royal Government of Cambodia (copy hosted by Open Development Cambodia),,legislation,KHM,2018-06-21,2026-10-02,https://data.opendevelopmentcambodia.net/en/dataset/eedd1769-1451-48a6-b023-59716fa06f08/resource/411af3fd-cab9-4671-b664-77959fee09bf/download/law_on_the_nationality__21.06.2018.pdf,,raw/khm-law-nationality-2018.pdf,fb68e3fc3bf17d397f0d604d3fa3062a7b9d2d4088c179097981eef8cdf2bf40,"Khmer text. Art. 21: investors with lawful investment permission may apply after 12 months' legal residence; amount, priority sectors and project types set by sub-decree. Art. 22: cash donors to the national budget or humanitarian sector may apply after 6 months' residence; amount set by sub-decree.",Scanned Khmer PDF with no text layer (no Khmer OCR in this pipeline); quotes were transcribed by eye from the page images. Kram number as cited in the preamble of Sub-decree 225 (2025).
khm-law-nationality-amend-2025,"ច្បាប់ស្តីពីវិសោធនកម្មច្បាប់ស្តីពីសញ្ជាតិ (Law on the Amendment to the Law on Nationality), Preah Reach Kram NS/RKM/0925/030 of 5 September 2025",Royal Government of Cambodia (copy hosted by Open Development Cambodia),,legislation,KHM,2025-09-05,2026-10-02,https://data.opendevelopmentcambodia.net/en/dataset/d2a1ffc5-29c8-4981-acef-64f061c10f5b/resource/afa935bd-aac8-43cf-9539-a2caa94d2817/download/law_on_the_amendment_to_the_law_on_nationality__05.09.2025.pdf,,raw/khm-law-nationality-amend-2025.pdf,eab92489a6ff83d11d55d766f4428405b8cce074db621212896415a6e7a0705d,Khmer text of the 2025 amendment (reported to allow revocation of citizenship).,"Scanned Khmer PDF, not read in detail for this pass (no Khmer OCR). Content described from press summaries only."
khm-occrp-citizenship-data-2024,Criminals May Benefit As Cambodia Hides New Citizenship Data,Organized Crime and Corruption Reporting Project (OCCRP),,media,KHM,2024-09-30,2026-10-02,https://www.occrp.org/en/news/criminals-may-benefit-as-cambodia-hides-new-citizenship-data,http://web.archive.org/web/20260430095724/https://www.occrp.org/en/news/criminals-may-benefit-as-cambodia-hides-new-citizenship-data,,,"Royal Gazette review: more than 650 new citizenships announced in 2023 (about half China-born), five in the 61 gazettes of 2024.","Gives the thresholds as 1 billion / 1.25 billion riel for 'investments and donations ... respectively', which reverses the 1996 law (donation 1 billion, investment 1.25 billion), and describes the 1996 law although the 2018 law had replaced it."
khm-occrp-haven-2026,How Cambodia Became A Haven For Criminals,Organized Crime and Corruption Reporting Project (OCCRP),,media,KHM,2026-01-21,2026-10-02,https://www.occrp.org/en/feature/how-cambodia-became-a-haven-for-criminals,http://web.archive.org/web/20260516103334/https://www.occrp.org/en/feature/how-cambodia-became-a-haven-for-criminals,,,"'Cash for Citizenship' section: naturalised China-born figures later sanctioned or prosecuted (Chen Zhi, Dong Lecheng, She Zhijiang); nine of the ten convicted in Singapore's 2023 money-laundering case had acquired Cambodian citizenship.",Publication date taken from a search-engine listing.
khm-st-citizenship-data-2024,Cambodia stops publishing details of new citizenships issued to foreigners,The Straits Times,,media,KHM,2024-09-30,2026-10-02,https://www.straitstimes.com/singapore/cambodia-stops-publishing-details-of-new-citizenships-issued-to-foreigners,http://web.archive.org/web/20260616071258/https://www.straitstimes.com/singapore/cambodia-stops-publishing-details-of-new-citizenships-issued-to-foreigners,,,"Joint check with OCCRP of the Royal Gazette: monthly naturalisations 2020-2023, collapse after the Singapore money-laundering arrests (Aug 2023), last publication Feb 2024.","Counts are of all naturalisations published in the Royal Gazette, not only investment or donation cases."
khm-subdecree-225-2025,"អនុក្រឹត្យ ស្តីពីការអនុវត្តច្បាប់ស្តីពីសញ្ជាតិ (Sub-decree No. 225 on the implementation of the Law on Nationality), 1 December 2025",Royal Government of Cambodia (copy hosted by Open Development Cambodia),,legislation,KHM,2025-12-01,2026-10-02,https://data.opendevelopmentcambodia.net/km/dataset/916adfb2-ab20-47d9-8904-76f422f16049/resource/3cc48c73-2948-4c29-a7f2-bc438ff2203b/download/temp_1769141970_________________________________________________________________________________.pdf,,raw/khm-subdecree-225-2025.pdf,2bd3d1e6e904b27b6a95a05a6d121673b154cb10b47c38de6ab4c11278d291e1,"Khmer text. Art. 29: investment route, own capital of at least 4,000,000,000 riel actually spent, in a priority sector and project type listed in the annexes; Art. 30: Ministry of Interior assesses; Art. 31: personal cash donation of at least 12,000,000,000 riel to the national budget via the Ministry of Economy and Finance; Art. 58 repeals Sub-decree No. 112 ANKr.BK of 30 August 2018.","Scanned Khmer PDF (19 pages, printed numbering 1/18-18/18) with no text layer; quotes transcribed by eye from page images. Number and date from the Open Development metadata; the signature block shows December 2025."
intl-can-ircc-kna-visa-2014,Notice – St. Kitts and Nevis citizens now need a visa to travel to Canada (archived),"Immigration, Refugees and Citizenship Canada (then Citizenship and Immigration Canada)",,government,KNA,2014-11-22,2026-09-28,https://www.canada.ca/en/immigration-refugees-citizenship/news/notices/notice-kitts-nevis-citizens-need-visa-travel-canada.html,,raw/intl-can-ircc-kna-visa-2014.html,354f1c4c40cba07e6a143eae55f5b50eb1649aa9afe3c9086a5e4fd5591805d2,Canada imposing a visa requirement on St Kitts and Nevis citizens.,canada.ca refused scripted download (no raw copy); text read through a web fetch tool on 2026-09-28. Stored copy downloaded through a web browser on 2026-09-28 (the site blocks scripted downloads).
intl-eu-kna-visa-waiver-2009,Agreement between the European Community and the Federation of Saint Kitts and Nevis on the short-stay visa waiver,"Official Journal of the European Union L 169, 30.6.2009, p. 38",,legislation,KNA,2009-06-30,2026-09-28,http://publications.europa.eu/resource/celex/22009A0630(06),,raw/intl-eu-kna-visa-waiver-2009.pdf,52e8a6c422bd71162e5c471baa32d338178a2c85502411c34e9a61cd7e28eae2,"Text of the EU–St Kitts visa waiver agreement, signed 28 May 2009.",
intl-fincen-2014-a004,FIN-2014-A004: Abuse of the Citizenship-by-Investment Program Sponsored by the Federation of St. Kitts and Nevis,"U.S. Department of the Treasury, Financial Crimes Enforcement Network",,government,KNA,2014-05-20,2026-09-28,https://www.fincen.gov/sites/default/files/advisory/FIN-2014-A004.pdf,,raw/intl-fincen-2014-a004.pdf,67116f82036dad2f538941fa08a92a8b9ba83ab068a6cbd5d0eb926eb9812c1e,US advisory to financial institutions on SKN passports; describes the SIDF contribution route.,"The copy now served carries the banner ""This document has been rescinded."" (rescinded 24 February 2026 per the St Kitts CIU)."
intl-kna-ciu-fincen-rescission-2026,St. Kitts and Nevis Citizenship Unit confirms rescission of FinCEN advisory,St Kitts and Nevis Citizenship Unit,,government,KNA,2026-02-27,2026-09-28,https://ciu.gov.kn/st-kitts-and-nevis-citizenship-unit-confirms-rescission-of-fincen-advisory/,,raw/intl-kna-ciu-fincen-rescission-2026.html,c63f9ec43767ff04f0d955a96916d6e37ec9b62eecb73f4b34717f80d927b3b6,Date of FinCEN rescission.,Government press release; FinCEN's own rescission notice not found.
intl-sknis-moa-2024,Historic memorandum of agreement signed by four OECS states operating citizenship by investment programmes,St Kitts and Nevis Information Service (SKNIS),,government,KNA,2024-03-22,2026-09-28,https://www.sknis.gov.kn/2024/03/22/historic-memorandum-of-agreement-signed-by-four-oecs-states-operating-citizenship-by-investment-programmes/,,raw/intl-sknis-moa-2024.html,6f8c9acfd50e555283793feb2286d7e68d0a23aa99907b35002849058203153d,Government announcement of the MoA with the PM's description.,
kna-act-11-2024,"Citizenship by Investment Unit Act, 2024 (No. 11 of 2024)",Government of St. Kitts and Nevis,,legislation,KNA,2024-06-28,2026-09-28,https://ciu.gov.kn/wp-content/uploads/2025/01/SKN-CBIU-Act-11-of-2024.pdf,,raw/kna-act-11-2024.pdf,ce1fd2a8a8d8ca58c303fce82fa87f108dca206bed1c2f17998293185c5ba59b,Establishes the CIU as a body corporate; SISC and statutory contributions paid directly into the Consolidated Fund (s.19); annual report due by 31 October (s.26).,"Passed 14 June 2024, assented 19 June 2024, published 28 June 2024 (Extra-Ordinary Gazette No. 34 of 2024). No annual report under s.26 was found online."
kna-audit-report-2016,Report by the Director of Audit on the Public Accounts for the year 2016,St. Kitts and Nevis National Audit Office,,government,KNA,2018-02,2026-09-28,https://www.sknis.gov.kn/wp-content/uploads/2018/02/Audit-Report.pdf,,raw/kna-audit-report-2016.pdf,0640da175e9ea44b26cb473bc358af7a8ed5b1c8fa4bf6e0aa5bcec2f860cf38,"Revenue collected by the Citizenship by Investment Unit in 2016, its share of recurrent revenue, and breakdown (government fees, fund contributions, application and background-check fees).",Audit of the Federal Government public accounts (St. Kitts). Published dates approximate (upload month). The 2017 audit report was not found online.
kna-audit-report-2018,Report by the Director of Audit on the Public Accounts for the year 2018,St. Kitts and Nevis National Audit Office,,government,KNA,2019-12,2026-09-28,https://www.sknis.gov.kn/wp-content/uploads/2019/12/Audit-Report-2018.pdf,,raw/kna-audit-report-2018.pdf,11d7d6101f4fb8e48550029fd0e1049ffaaf497ea814a0b2574a983d0f741668,"Revenue collected by the Citizenship by Investment Unit in 2018, its share of recurrent revenue, and breakdown (government fees, fund contributions, application and background-check fees).",Audit of the Federal Government public accounts (St. Kitts). Published dates approximate (upload month).
kna-audit-report-2019,Report by the Director of Audit on the Public Accounts for the year 2019,St. Kitts and Nevis National Audit Office,,government,KNA,2020-12,2026-09-28,https://mof.gov.kn/wp-content/uploads/2020/12/Audit-Report-2019-1.pdf,,raw/kna-audit-report-2019.pdf,0c30d9d716f94915951b6d63eff6fb5c6eb4cb2830325f844b1b8de64a57bfa1,"Revenue collected by the Citizenship by Investment Unit in 2019, its share of recurrent revenue, and breakdown (government fees, fund contributions, application and background-check fees).",Audit of the Federal Government public accounts (St. Kitts). Published dates approximate (upload month).
kna-audit-report-2020,Report by the Director of Audit on the Public Accounts for the year 2020,St. Kitts and Nevis National Audit Office,,government,KNA,2021-12,2026-09-28,https://mof.gov.kn/wp-content/uploads/2022/04/Audit-Report-2020.pdf,,raw/kna-audit-report-2020.pdf,f3857d81caa3ed91ee3ff657c6df1325eb2b53dd7ed204e7fd43c7b0dd3462c1,"Revenue collected by the Citizenship by Investment Unit in 2020, its share of recurrent revenue, and breakdown (government fees, fund contributions, application and background-check fees).",Audit of the Federal Government public accounts (St. Kitts). Published dates approximate (upload month).
kna-audit-report-2021,Report by the Director of Audit on the Public Accounts for the year 2021,St. Kitts and Nevis National Audit Office,,government,KNA,2022-12,2026-09-28,https://mof.gov.kn/wp-content/uploads/2022/12/Audit-Report-2021.pdf,,raw/kna-audit-report-2021.pdf,a47a32523ad5f704e870f4cd82ceb7fba5e3c0970fef39db43791a9b9b86d1ce,"Revenue collected by the Citizenship by Investment Unit in 2021, its share of recurrent revenue, and breakdown (government fees, fund contributions, application and background-check fees).",Audit of the Federal Government public accounts (St. Kitts). Published dates approximate (upload month).
kna-audit-report-2022,Report by the Director of Audit on the Public Accounts for the year 2022,St. Kitts and Nevis National Audit Office,,government,KNA,2023,2026-09-28,https://mof.gov.kn/wp-content/uploads/2023/03/Signed-Audit-Report-2022.pdf,,raw/kna-audit-report-2022.pdf,3d170215dd6aed46b200ac59deac6d3c90d97d51766a624705a679e7c8cd0c50,"Revenue collected by the Citizenship by Investment Unit in 2022, its share of recurrent revenue, and breakdown (government fees, fund contributions, application and background-check fees).",Audit of the Federal Government public accounts (St. Kitts). Published dates approximate (upload month).
kna-audit-report-2023,Report by the Director of Audit on the Public Accounts for the year 2023,St. Kitts and Nevis National Audit Office,,government,KNA,2024-12,2026-09-28,https://www.sknis.gov.kn/wp-content/uploads/2024/12/Audit-Report-2023-with-signature.pdf,,raw/kna-audit-report-2023.pdf,759458f6a02fbce419dda322fe362ab1133bc1f05f9c26aa99c2ef69b16a1ea7,"Revenue collected by the Citizenship by Investment Unit in 2023, its share of recurrent revenue, and breakdown (government fees, fund contributions, application and background-check fees).",Audit of the Federal Government public accounts (St. Kitts). Published dates approximate (upload month).
kna-audit-report-2024,Report by the Director of Audit on the Public Accounts for the year 2024,St. Kitts and Nevis National Audit Office,,government,KNA,2026-03,2026-09-28,https://www.sknis.gov.kn/wp-content/uploads/2026/03/Audit-Report-2024.pdf,,raw/kna-audit-report-2024.pdf,40ff20d7a650dd23c8a44ba5643b8a58fb15b8480290b874feec33be78bb65d2,"Revenue collected by the Citizenship by Investment Unit in 2024, its share of recurrent revenue, and breakdown (government fees, fund contributions, application and background-check fees).",Audit of the Federal Government public accounts (St. Kitts). Published dates approximate (upload month). States the CIU as a government department closed on 9 Aug 2024; 2024 CIU revenue covers 1 Jan-8 Aug only.
kna-canada-gazette-sor-2014-267,"Regulations Amending the Immigration and Refugee Protection Regulations (SOR/2014-267), Canada Gazette Part II, Vol. 148, No. 25",Government of Canada (Canada Gazette),,government,KNA,2014-12-03,2026-09-28,https://gazette.gc.ca/rp-pr/p2/2014/2014-12-03/html/sor-dors267-eng.html,,raw/kna-canada-gazette-sor-2014-267.html,9f876fb46a300cb70fb9f3ee1fc1d916f954ddc2e812ec8c07e6cb90ca65eb4b,"Removal of visa exemption for St. Kitts and Nevis, with Regulatory Impact Analysis Statement citing the CBI program; mentions 1984 launch.",Registered 21 Nov 2014; in force at noon ET the following day.
kna-ciu-address-2022-12,"Official Address of the Head of the Citizenship by Investment Unit, Michael Martin (December 2022)",St. Kitts and Nevis Citizenship by Investment Unit (Citizenship Unit),Michael Martin,government,KNA,2022-12,2026-09-28,https://sknis.gov.kn/wp-content/uploads/2022/12/CBI.pdf,,raw/kna-ciu-address-2022-12.pdf,8d3330766de78013a0c58d492fa8a66d3522488cc2dc48b6afbb4df19333a6cd,"New CBI regime from 1 Jan 2023: SGF limited-time offer US$125,000 (1 Jan-30 Jun 2023), planned SGF prices from 1 July 2023, real estate minimum US$200,000.",Scanned document without text layer; quotes are from OCR (tesseract) checked against the page image (PDF p. 3).
kna-ciu-chairman-update-2025-12,"Quarterly Chairman Update, December 2025 Edition",St. Kitts and Nevis Citizenship by Investment Unit (Citizenship Unit),Calvin St. Juste,government,KNA,2025-12,2026-09-28,https://ciu.gov.kn/wp-content/uploads/2025/12/ChairmanUpdate_December2025__F.pdf,,raw/kna-ciu-chairman-update-2025-12.pdf,7da2675db09255107ecfe9722a35fe18957cffbf1720b28c3217bd63f5f0f564,"2025 milestones (169% increase in applications, no base given), genuine-link requirement, planned 2026 transition away from contribution-based pathways.",Promotional communication to agents; no absolute numbers.
kna-ciu-fincen-rescission-2026,St. Kitts and Nevis Citizenship Unit confirms rescission of FinCEN advisory,St. Kitts and Nevis Citizenship by Investment Unit (Citizenship Unit),,government,KNA,2026-02-27,2026-09-28,https://ciu.gov.kn/st-kitts-and-nevis-citizenship-unit-confirms-rescission-of-fincen-advisory/,,raw/kna-ciu-fincen-rescission-2026.html,66933ccb546ba88c1cdc92ab38f15ae46564f189873c3f78368130d81a2012de,FinCEN advisory FIN-2014-A004 removed on 24 February 2026.,The FinCEN PDF itself now carries the banner 'This document has been rescinded.'
kna-ciu-press-2023-07,St Kitts and Nevis announces further monumental changes to its Citizenship by Investment Programme (press release),Government of St. Kitts and Nevis,,government,KNA,2023-07,2026-09-28,https://ciu.gov.kn/wp-content/uploads/2025/01/SKN-Press-Release-SKN-CBI-July_2023_Final-2.pdf,,raw/kna-ciu-press-2023-07.pdf,899080ca5bac4e3919e266bdb7d82de301045e9c08b08ccb5f4617ee16d14156,"July 2023 reform: SISC replaces SGF; US$250,000/300,000/350,000; real estate US$400,000; private homes US$400,000/800,000; mandatory interviews.",Undated in the document; month from file name and the CIU government-notices page ('Official announcement 2023').
kna-ciu-web-2026-09,Citizenship Unit website pages: Sustainable Island State Contribution; Real Estate Investment; Previous Options Transition; Our Impact,St. Kitts and Nevis Citizenship by Investment Unit (Citizenship Unit),,government,KNA,2026,2026-09-28,https://ciu.gov.kn/sustainable-island-state-contribution/,,raw/kna-ciu-web-sustainable-island-state-contribution-2026-09.html,61e0e2bf72a29a25cf35396d374d076acea72ee6079cfd15cd9c37812acbb963,"Current minimum contributions and fees (SISC US$250,000; real estate US$325,000); transition rules for pre-2023 options; FinCEN rescission.","Web pages snapshot on access date; companion snapshots saved as raw/kna-ciu-web-real-estate-investment-2026-09.html, raw/kna-ciu-web-previous-options-transition-2026-09.html, raw/kna-ciu-web-our-impact-2026-09.html."
kna-fincen-advisory-2014,FIN-2014-A004: Abuse of the Citizenship-by-Investment Program Sponsored by the Federation of St. Kitts and Nevis,"U.S. Department of the Treasury, Financial Crimes Enforcement Network (FinCEN)",,government,KNA,2014-05-20,2026-09-28,https://www.fincen.gov/sites/default/files/advisory/FIN-2014-A004.pdf,,raw/kna-fincen-advisory-2014.pdf,67116f82036dad2f538941fa08a92a8b9ba83ab068a6cbd5d0eb926eb9812c1e,"Advisory on abuse of the program (Iranian nationals, lax controls); describes terms (real estate US$400,000; SIDF US$250,000).",Current PDF carries the banner 'This document has been rescinded.' Jurisdiction of publisher: USA.
kna-imf-art4-2021,St. Kitts and Nevis: 2021 Article IV Consultation - Press Release; Staff Report; and Statement by the Executive Director (IMF Country Report No. 21/236),International Monetary Fund,,imf,KNA,2021-10,2026-09-28,https://www.imf.org/-/media/Files/Publications/CR/2021/English/1KNAEA2021001.ashx,https://web.archive.org/web/2026/https://www.imf.org/-/media/Files/Publications/CR/2021/English/1KNAEA2021001.ashx,raw/kna-imf-art4-2021.pdf,97caefad38f3be77d7e22be091362d8369eaf1e36da4e4a92dbc37a9fef2278c,"CBI budgetary receipts EC$m 2019-2021 (budget vs actual), CBI option terms in 2021 (SGF, real estate), CBI averages 2011-2020, scenarios.",Downloaded from the Wayback Machine (imf.org blocks automated downloads). General government = Federal Government + Nevis Island Administration.
kna-imf-art4-2023,St. Kitts and Nevis: 2023 Article IV Consultation - Press Release; Staff Report; and Statement by the Executive Director (IMF Country Report No. 23/130),International Monetary Fund,,imf,KNA,2023-03,2026-09-28,https://www.imf.org/-/media/files/publications/cr/2023/english/1knaea2023002.pdf,https://web.archive.org/web/20260327010314/https://www.imf.org/-/media/files/publications/cr/2023/english/1knaea2023002.pdf,raw/kna-imf-art4-2023.pdf,0f258707337e0badbed3a2e0191b7d12090d0e9f74dc5e405afa6ca5a14bb5be,"CBI budgetary receipts % GDP 2019-2028 (Table 2b), CBI budgetary fees in BoP EC$m 2019-2028 (Table 3), cumulative CBI 2017-2021.",Wayback copy.
kna-imf-art4-2025,St. Kitts and Nevis: 2025 Article IV Consultation - Press Release; Staff Report; and Statement by the Alternate Executive Director (IMF Country Report No. 25/107),International Monetary Fund,,imf,KNA,2025-05,2026-09-28,https://www.imf.org/en/publications/cr/issues/2025/05/12/st-kitts-and-nevis-2025-article-iv-consultation-press-release-staff-report-and-statement-by-566921,https://web.archive.org/web/20250520014247/https://www.imf.org/-/media/Files/Publications/CR/2025/English/1knaea2025001-print-pdf.ashx,raw/kna-imf-art4-2025.pdf,4984918b30aa4f2ca9e8abad3c6d2acbc748d67d464ef9cdb9b36d17cb31a3b6,"CBI revenue % GDP 2019-2030 (text table, Tables 1-2), CBI due diligence fees, CBI dividend, Annex IX 'Citizenship by Investment: An Update' incl. Box 1 timeline of price changes 2022-2024.",Wayback copy of the print PDF.
kna-imf-cr-14-49,St. Kitts and Nevis: Fifth and Sixth Reviews under the Stand-By Arrangement ... Staff Report; Press Release (IMF Country Report No. 14/49),International Monetary Fund,,imf,KNA,2014-02,2026-09-28,https://www.imf.org/external/pubs/ft/scr/2014/cr1449.pdf,,raw/kna-sugar-imf-cr1449.pdf,e16fff5987a557d3bc4d3a4eb705ca6e97512f690e15cca0138b08cf09bc6f8f,"Box 2 on the CBI program (terms of real estate and SIDF options, fee collections ~7% of GDP in 2012); 2012 CBI over-performance.",Raw file was downloaded by a parallel research pass (sugar topic) and is shared; not re-downloaded. Text says data through 2013Q1.
kna-imf-pr-2014,IMF Executive Board Concludes 2014 Article IV Consultation with St. Kitts and Nevis (Press Release No. 14/138),International Monetary Fund,,imf,KNA,2014-03-27,2026-09-28,https://www.imf.org/external/np/sec/pr/2014/pr14138.htm,https://web.archive.org/web/2020/https://www.imf.org/external/np/sec/pr/2014/pr14138.htm,raw/kna-imf-pr-2014.html,f13284172629d24ef029907c518960a64883bbbf883113a4c6470daa92a80e77,CBI revenue 2.3% of GDP (2010) and projected 13% of GDP (2013).,Retrieved from the Wayback Machine because imf.org blocks automated downloads.
kna-imf-pr-2017,IMF Executive Board Concludes 2017 Article IV Consultation with St. Kitts and Nevis (Press Release No. 17/261),International Monetary Fund,,imf,KNA,2017-07-05,2026-09-28,https://www.imf.org/en/News/Articles/2017/07/05/pr17261-imf-executive-board-concludes-2017-article-iv-consultation-with-st-kitts-and-nevis,,raw/kna-imf-pr-2017.html,9ff0907b15d10f3067f5d62a3cd688c08f5825d8064fb6852461bf3dda8b9c45,Selected indicators table 2015-19 incl. 'o/w CBI fees' (% of GDP).,Wayback copy (imf.org blocks automated access). Full staff report CR 17/186 could not be retrieved intact (archived copies truncated).
kna-imf-pr-2018,IMF Executive Board Concludes 2018 Article IV Consultation with St. Kitts and Nevis (Press Release No. 22/400),International Monetary Fund,,imf,KNA,2022-11-21,2026-09-28,https://www.imf.org/en/News/Articles/2022/11/21/pr22400-imf-executive-board-concludes-2018-article-iv-consultation-with-st-kitts-and-nevis,,raw/kna-imf-pr-2018.html,38e80430ea43ae2da25b31f787e5a76df3c318655a25ac3134e4db2ef8a0e4b0,Selected indicators 2015-2020 incl. 'o/w CBI fees' (% of GDP).,The 2018 consultation was concluded by the Board on 14 Sept 2018 but only published in Nov 2022 (IMF CR 22/351). Wayback copy.
kna-imf-pr-2021,St. Kitts and Nevis: IMF Executive Board Concludes 2021 Article IV Consultation (Press Release No. 21/317),International Monetary Fund,,imf,KNA,2021-10-30,2026-09-28,https://www.imf.org/en/News/Articles/2021/10/30/pr21317-st-kitts-and-nevis-imf-executive-board-concludes-2021-article-iv-consultation,,raw/kna-imf-pr-2021.html,359a2414eee51c0e8581fb9869c395c7c872654c19e2c8b74e367656a25f502a,Table 1 selected indicators 2018-24 incl. 'o/w CBI fees' (% of GDP).,"Wayback copy. GDP denominators pre-date the later GDP revision (2019 nominal GDP EC$3,145m here vs 2,989m in 2024 vintage)."
kna-imf-pr-2024,IMF Executive Board Concludes 2024 Article IV Consultation with St. Kitts and Nevis (Press Release No. 24/164),International Monetary Fund,,imf,KNA,2024-05-15,2026-09-28,https://www.imf.org/en/News/Articles/2024/05/15/pr24164-imf-concludes-2024-article-iv-with-st-kitts-and-nevis,,raw/kna-imf-pr-2024.html,f97e9d7d721586c47c0f6202453e43a413196a724e22e28fe09ec2299407dc5b,Selected indicators 2019-25 incl. 'o/w CBI fees' (% of GDP).,Wayback copy. The 2024 staff report (CR 24/126) could not be retrieved (imf.org blocks automated access; no usable archive copy).
kna-imf-pr-2026,IMF Executive Board Concludes 2026 Article IV Consultation with St. Kitts and Nevis (Press Release No. 26/143),International Monetary Fund,,imf,KNA,2026-05-07,2026-09-28,https://www.imf.org/en/news/articles/2026/05/07/pr26143-st-kitts-and-nevis-imf-executive-board-concludes-2026-article-iv-consultation,,raw/kna-imf-pr-2026.html,07a4ac37043ebd58ab7ec24073380ac0017a60000ddaffe28d83ac19931d9c9e,Selected indicators 2021-27 incl. 'o/w CBI fees' (% of GDP); 2025 fiscal deficit.,"Wayback copy. Uses revised nominal GDP (2021 EC$2,277m vs 2,318m in 2025 vintage), so ratios differ from earlier vintages partly because of the denominator. Full staff report (CR 26/093) not retrievable."
kna-imf-wp-15-93,Too Much of a Good Thing? Prudent Management of Inflows under Economic Citizenship Programs (IMF Working Paper WP/15/93),International Monetary Fund,"Xin Xu, Ahmed El-Ashram, Judith Gold",imf,KNA,2015-05,2026-09-28,https://www.imf.org/external/pubs/ft/wp/2015/wp1593.pdf,,raw/intl-imf-wp-15-93.pdf,5590620c4dd237776053d928c195543b376cdaaf09f901ca3c92d878b9361e75,"St. Kitts and Nevis: CBI fees to budget (~13% GDP 2013), inflows to SIDF (~12% GDP 2013), SIDF operations 2007-2013 (% GDP), SIDF created 2006, FinCEN and Canada 2014.","Same PDF as source intl-imf-wp-15-93 registered by another research pass (shared raw file); merge the two source rows. Working paper: views of the authors, not official IMF position."
kna-imidaily-2024-12-10,"100,000+ Caribbean CBI Passports Since 2014, Rich EU Data Set Reveals",IMI Daily,Ahmad Abbas,media,KNA,2024-12-10,2026-09-28,https://www.imidaily.com/caribbean/100000-caribbean-cbi-passports-since-2014-rich-eu-data-set-reveals/,https://web.archive.org/web/20260928133928/https://www.imidaily.com/caribbean/100000-caribbean-cbi-passports-since-2014-rich-eu-data-set-reveals/,,,"Reports figures it attributes to the European Commission's Seventh VSM report (Dec 2024): KNA passports 2015-2022, applications H1 2024.",Industry trade publication. Not stored. Primary (COM(2024) 571 and its SWD) could not be downloaded: EUR-Lex blocked automated access.
kna-imidaily-2025-04-08,"St Kitts Revokes 13 Citizenships, Blacklists 2 Well-Known Marketing Agents",IMI Daily,Ahmad Abbas,media,KNA,2025-04-08,2026-09-28,https://www.imidaily.com/caribbean/st-kitts-revokes-13-citizenships-blacklists-2-well-known-marketing-agents/,https://web.archive.org/web/20260720015219/https://www.imidaily.com/caribbean/st-kitts-revokes-13-citizenships-blacklists-2-well-known-marketing-agents/,,,"Deprivation of Citizenship Order 2025: 13 investors deprived; review of 158 applications; RIF Trust blacklisted, Latitude suspended.",Industry trade publication. Not stored. The underlying Order was not found on the CIU site. The CIU blacklist page (accessed 2026-09-28) lists RIF Trust as blacklisted and Latitude Consultancy as suspended.
kna-mof-budget-address-2023,2023 Budget Address (Prime Minister and Minister of Finance),"Government of St. Kitts and Nevis, Ministry of Finance",,government,KNA,2022-12,2026-09-28,https://mof.gov.kn/wp-content/uploads/2022/12/2023-Budget-Address.pdf,,raw/kna-mof-budget-address-2023.pdf,e6da24ce81221106f9fb37a30a5bf3b60d9fd9ec144f1a4475cf314329f97ac7,2021 outturn: CBI share of revenue and expenditure; CBI dividend; Sovereign Wealth Fund plans.,Political speech to the National Assembly; outturn figures are the Ministry's preliminary figures.
kna-mof-budget-address-2024,2024 Budget Address (Prime Minister and Minister of Finance),"Government of St. Kitts and Nevis, Ministry of Finance",,government,KNA,2023-12-13,2026-09-28,https://mof.gov.kn/wp-content/uploads/2023/03/2024-Budget-Address-Final.pdf,,raw/kna-mof-budget-address-2024.pdf,4fa95158e8741df5fde826a1dffd7fa78e09d6d3cb38b5c627246df0ea652149,"2022 outturn; CBI dividend reached about 17,500 people; 2024 CBI plans.",Political speech to the National Assembly; outturn figures are the Ministry's preliminary figures.
kna-mof-budget-address-2025,2025 Budget Address (Prime Minister and Minister of Finance),"Government of St. Kitts and Nevis, Ministry of Finance",,government,KNA,2024-12-16,2026-09-28,https://mof.gov.kn/wp-content/uploads/2024/12/2025-Budget-Address-final.pdf,,raw/kna-mof-budget-address-2025.pdf,1c28b9a97c9543a375d56c51e1d8dd65d41d983bda0b9faf6490b5fe7c011640,2023 outturn; 2024 anticipated outturn (revenue 22.6% below budget mainly due to CBI); CIU restructuring.,Political speech to the National Assembly; outturn figures are the Ministry's preliminary figures.
kna-mof-budget-address-2026,2026 Budget Address (Prime Minister and Minister of Finance),"Government of St. Kitts and Nevis, Ministry of Finance",,government,KNA,2025-12-16,2026-09-28,https://mof.gov.kn/wp-content/uploads/2025/12/Budget-Address-2026.pdf,,raw/kna-mof-budget-address-2026.pdf,eac96cf70854228187541e0936d1294b5a136125778766aba508ecb696d8b502,2024/2025 outturns: non-tax revenue shortfall due to CBI; 2025 revenue projected 31.3% below budget due to CBI.,Political speech to the National Assembly; outturn figures are the Ministry's preliminary figures. Paragraph 18 is headed as the 2025 fiscal performance but its figures (non-tax revenue 48.3% below budget) match the 2024 actuals in the 2026 Estimates; likely mislabelled.
kna-mof-estimates-2018-v1,"Estimates for the Year 2018, Volume I (Federal Government of St. Kitts and Nevis)","Government of St. Kitts and Nevis, Ministry of Finance",,government,KNA,2017-12,2026-09-28,https://mof.gov.kn/wp-content/uploads/2019/01/Estimtates-2018-Volume-I-Final-Website.pdf,,raw/kna-mof-estimates-2018-v1.pdf,437c65bb4564a6ef2b14622c2b2f878a5294646a3d4810e9a960841ebe06008a,"'Citizenship by Investment' line under Non Tax Revenue in section 2.1 (Financial Summary) and 2.2 (Fiscal Operations): 2016 actual, 2017 approved and projected, 2018-2020 estimates.",Covers the Federal Government only (St. Kitts; the Nevis Island Administration has its own budget). Figures in EC$. 'Projections' for the current year are the Ministry's in-year estimates made at budget time.
kna-mof-estimates-2019-v1,"Estimates for the Year 2019, Volume I (Federal Government of St. Kitts and Nevis)","Government of St. Kitts and Nevis, Ministry of Finance",,government,KNA,2018-12,2026-09-28,https://mof.gov.kn/wp-content/uploads/2019/01/ESTIMATES-2019-VOLUME-I-1.pdf,,raw/kna-mof-estimates-2019-v1.pdf,9fe656db5c8c3dba5d06e19c11defdbe1b8e88a7a5703c6307c851d4d4e95da9,"'Citizenship by Investment' line under Non Tax Revenue in section 2.1 (Financial Summary) and 2.2 (Fiscal Operations): 2017 actual, 2018 approved and projected, 2019-2021 estimates; CBI revenue line items (fees, application fees, background checks, HRF, SGF) in thousands.",Covers the Federal Government only (St. Kitts; the Nevis Island Administration has its own budget). Figures in EC$. 'Projections' for the current year are the Ministry's in-year estimates made at budget time.
kna-mof-estimates-2021-v1,"Estimates for the Year 2021, Volume I (Federal Government of St. Kitts and Nevis)","Government of St. Kitts and Nevis, Ministry of Finance",,government,KNA,2020-12,2026-09-28,https://mof.gov.kn/wp-content/uploads/2021/01/VOLUME-I-FILE-FINAL-1.pdf,,raw/kna-mof-estimates-2021-v1.pdf,b198c222c5d01b2449777072f3e0d285b6d2706a8ef9a8b440746d21a785b7f2,"'Citizenship by Investment' line under Non Tax Revenue in section 2.1 (Financial Summary) and 2.2 (Fiscal Operations): 2019 actual, 2020 approved and projected, 2021-2023 estimates.",Covers the Federal Government only (St. Kitts; the Nevis Island Administration has its own budget). Figures in EC$. 'Projections' for the current year are the Ministry's in-year estimates made at budget time.
kna-mof-estimates-2022-v1,"Estimates for the Year 2022, Volume I (Federal Government of St. Kitts and Nevis)","Government of St. Kitts and Nevis, Ministry of Finance",,government,KNA,2021-12,2026-09-28,https://mof.gov.kn/wp-content/uploads/2022/01/Volume-I-FOR-WEBSITE-1.pdf,,raw/kna-mof-estimates-2022-v1.pdf,a931a3c2c55af3090bf35ac2ed3473e15bf667e4290dd996bdeab61da7ca8255,"'Citizenship by Investment' line under Non Tax Revenue in section 2.1 (Financial Summary) and 2.2 (Fiscal Operations): 2020 actual, 2021 approved and projected, 2022-2024 estimates.",Covers the Federal Government only (St. Kitts; the Nevis Island Administration has its own budget). Figures in EC$. 'Projections' for the current year are the Ministry's in-year estimates made at budget time.
kna-mof-estimates-2023-v1,"Estimates for the Year 2023, Volume I (Federal Government of St. Kitts and Nevis)","Government of St. Kitts and Nevis, Ministry of Finance",,government,KNA,2022-12,2026-09-28,https://mof.gov.kn/wp-content/uploads/2022/12/2023-ESTIMATES-VOLUME-1-WEBSITE-1.pdf,,raw/kna-mof-estimates-2023-v1.pdf,ac4d3ff0d72283fbb843f036867a753cee0d72bfda8435159727a1ae7555970f,"'Citizenship by Investment' line under Non Tax Revenue in section 2.1 (Financial Summary) and 2.2 (Fiscal Operations): 2021 actual, 2022 approved and projected, 2023-2025 estimates; CBI line items.",Covers the Federal Government only (St. Kitts; the Nevis Island Administration has its own budget). Figures in EC$. 'Projections' for the current year are the Ministry's in-year estimates made at budget time.
kna-mof-estimates-2024-v1,"Estimates for the Year 2024, Volume I (Federal Government of St. Kitts and Nevis)","Government of St. Kitts and Nevis, Ministry of Finance",,government,KNA,2023-12,2026-09-28,https://mof.gov.kn/wp-content/uploads/2023/03/2024-ESTIMATES-VOLUME-1-final.pdf,,raw/kna-mof-estimates-2024-v1.pdf,f0e1d990e89549f3f80ff6fcb7a6efe766449fa4a541ddef7085a42631c4c176,"'Citizenship by Investment' line under Non Tax Revenue in section 2.1 (Financial Summary) and 2.2 (Fiscal Operations): 2022 actual, 2023 approved and projected, 2024-2026 estimates; CBI line items incl. SISC.",Covers the Federal Government only (St. Kitts; the Nevis Island Administration has its own budget). Figures in EC$. 'Projections' for the current year are the Ministry's in-year estimates made at budget time.
kna-mof-estimates-2025-v1,"Estimates for the Year 2025, Volume I (Federal Government of St. Kitts and Nevis)","Government of St. Kitts and Nevis, Ministry of Finance",,government,KNA,2024-12,2026-09-28,https://mof.gov.kn/wp-content/uploads/2025/01/2025-VOLUME-1-BOOK.pdf,,raw/kna-mof-estimates-2025-v1.pdf,7e060ace2979a04bee3749264fde4d21c46b437f3622a04d71c4f77ce1ac4663,"'Citizenship by Investment' line under Non Tax Revenue in section 2.1 (Financial Summary) and 2.2 (Fiscal Operations): 2023 actual, 2024 approved and projected, 2025-2027 estimates; CBI line items.",Covers the Federal Government only (St. Kitts; the Nevis Island Administration has its own budget). Figures in EC$. 'Projections' for the current year are the Ministry's in-year estimates made at budget time.
kna-mof-estimates-2026-v1,"Estimates for the Year 2026, Volume I (Federal Government of St. Kitts and Nevis)","Government of St. Kitts and Nevis, Ministry of Finance",,government,KNA,2025-12,2026-09-28,https://mof.gov.kn/wp-content/uploads/2026/01/2026-Volume-1-Book.pdf,,raw/kna-mof-estimates-2026-v1.pdf,4bdabdb089967809de837b7faa62d9c7f33d5df5d04ef9bfcc4aa3bad2bb31b7,"'Citizenship by Investment' line under Non Tax Revenue in section 2.1 (Financial Summary) and 2.2 (Fiscal Operations): 2024 actual, 2025 approved and projected, 2026-2028 estimates; CBI line items.",Covers the Federal Government only (St. Kitts; the Nevis Island Administration has its own budget). Figures in EC$. 'Projections' for the current year are the Ministry's in-year estimates made at budget time.
kna-sknis-canada-partial-waiver-2023-06-06,Canada accords partial visa waiver to citizens of St. Kitts and Nevis,"St. Kitts and Nevis Information Service (SKNIS), Government of St. Kitts and Nevis",,government,KNA,2023-06-06,2026-09-28,https://www.sknis.gov.kn/2023/06/06/canada-accords-partial-visa-waiver-to-citizens-of-st-kitts-and-nevis/,,raw/kna-sknis-canada-partial-waiver-2023-06-06.html,e8290971ca4c24774fdd88357d6148a39bb926e02aaf0603619bb6926bb3c69e,Canada eTA for SKN nationals with a Canadian visa in past 10 years or a current US non-immigrant visa.,Prime Minister's Office statement relayed by SKNIS.
kna-sknis-new-cbi-regs-2022-12-27,"New Citizenship by Investment regulations envisage a professional Board of Governors to be appointed effective January 1, 2023","St. Kitts and Nevis Information Service (SKNIS), Government of St. Kitts and Nevis",,government,KNA,2022-12-27,2026-09-28,https://www.sknis.gov.kn/2022/12/27/new-citizenship-by-investment-regulations-envisage-a-professional-board-of-governors-to-be-appointed-effective-january-1-2023/,,raw/kna-sknis-new-cbi-regs-2022-12-27.html,9113851b9d08588fa0998ad1706b63eb5fadd7a8df7d4c77c9ff508d44c868cd,Board of Governors and Technical Committee from 1 Jan 2023.,
kna-sknis-pm-cbi-speech-2024-10-17,State of the Citizenship by Investment Programme Speech by Prime Minister Hon. Dr. Terrance Drew,"St. Kitts and Nevis Information Service (SKNIS), Government of St. Kitts and Nevis",Terrance Drew,government,KNA,2024-10-17,2026-09-28,https://www.sknis.gov.kn/2024/10/17/state-of-the-citizenship-by-investment-programme-speech-by-prime-minister-hon-dr-terrance-drew/,,raw/kna-sknis-pm-cbi-speech-2024-10-17.html,c2de6648cb1070ca8f19cc20b6cce2c903bca6f1e0cbc2f6a18a5d8dbcc3dad5,PM's annual CBI revenue figures 2019-2023 and Jan-Sep 2024 (EC$m); claims about previous administration and EU/UK visa risk; reform timeline.,Political speech; figures unaudited and rounded. They match the audited/estimates figures closely for 2019-2023 but not for 2024 (see observations).
kna-sro-20-2024,"Saint Christopher and Nevis Citizenship by Substantial Investment Regulations, 2024 (S.R.O. No. 20 of 2024)",Government of St. Kitts and Nevis,,legislation,KNA,2024-07-08,2026-09-28,https://ciu.gov.kn/wp-content/uploads/2025/01/sro-20-of-2024.pdf,,raw/kna-sro-20-2024.pdf,3830e74bf523aabe72e4709c359cf76c4c5f86c4a17a8f8c2f8dce59a3b4561e,"SISC US$250,000 for main applicant or family of up to four; real estate US$400,000; private real estate US$400,000/800,000; public benefit US$250,000.",Published Extra-Ordinary Gazette No. 37 of 2024; repeals S.R.O. 26 of 2023.
kna-sro-26-2023,"Saint Christopher and Nevis Citizenship by Substantial Investment Regulations, 2023 (S.R.O. No. 26 of 2023)",Government of St. Kitts and Nevis,,legislation,KNA,2023-07-27,2026-09-28,https://ciu.gov.kn/wp-content/uploads/2025/01/SRO-26-of-2023-1.pdf,,raw/kna-sro-26-2023.pdf,a0760ee02338f9dad4a37c6ab4e2c1b0e417306638911bac305627aa64c486af,"Minimum investments from 27 July 2023: real estate US$400,000; SISC US$250,000/300,000/350,000; private homes US$400,000/800,000; public benefit US$250,000; fees.",Published Extra-Ordinary Gazette No. 44 of 2023. Repealed S.R.O. 4 and 19 of 2023. Itself repealed by S.R.O. 20 of 2024.
kna-sro-27-2023,"Saint Christopher and Nevis Citizenship By Investment (Exclusion) Order, 2023 (S.R.O. No. 27 of 2023)",Government of St. Kitts and Nevis,,legislation,KNA,2023-07-27,2026-09-28,https://ciu.gov.kn/wp-content/uploads/2025/01/SRO-27-of-2023-1.pdf,,raw/kna-sro-27-2023.pdf,37425f902e38d620e5069c879cf7663a7496c94153b169f8668dd839e5051530,"Excludes citizens/residents of Russia, Belarus, North Korea, Afghanistan, Iraq, Iran from CBI.",
kna-sro-43-2024,"Saint Christopher and Nevis Citizenship by Substantial Investment (Amendment) Regulations, 2024 (S.R.O. No. 43 of 2024)",Government of St. Kitts and Nevis,,legislation,KNA,2024-10-25,2026-09-28,https://ciu.gov.kn/wp-content/uploads/2025/01/SRO-43-of-2024.pdf,,raw/kna-sro-43-2024.pdf,507309fd79a5ef1d685f69a497f052221ffa2932030310cd10d6b965900da72c,"Cuts real estate minimum to US$325,000 and single-family private home to US$600,000; restructures Technical Committee.",Published Extra-Ordinary Gazette No. 66 of 2024.
kna-sugar-faostat-qcl,"FAOSTAT Crops and livestock products (QCL), bulk download Production_Crops_Livestock_E_Americas: St Kitts and Nevis sugar rows",Food and Agriculture Organization of the United Nations,,international_org,KNA,2025-12-23,2026-09-28,https://bulks-faostat.fao.org/production/Production_Crops_Livestock_E_Americas.zip,,raw/kna-sugar-faostat-qcl.csv,befa7faaed5581661fb7b76424b4fd324972578b286d79f25e8812764e0967b3,"Sugar cane production (t) 1961-2006 and raw centrifugal sugar production (t) 1961-2005 for St Kitts and Nevis, with FAO flags.","raw/ file is an extract (header + all St Kitts and Nevis rows whose item contains ""sugar"") of the bulk CSV dated 23 Dec 2025 in the zip; not byte-identical to the FAO file. Flags: A official figure, E estimated, I imputed, X from external organization. FAOSTAT API now requires authorisation."
kna-sugar-faostat-tcl,"FAOSTAT Crops and livestock products trade (TCL), bulk download Trade_CropsLivestock_E_Americas: St Kitts and Nevis sugar rows",Food and Agriculture Organization of the United Nations,,international_org,KNA,2026-07-23,2026-09-28,https://bulks-faostat.fao.org/production/Trade_CropsLivestock_E_Americas.zip,,raw/kna-sugar-faostat-tcl.csv,3bb1b6f763fd4313b18f25457818378d08a9aa3a1f66e7d1513da75fa5cc6696,"Export quantity (t) and export value (1000 USD) of raw cane sugar from St Kitts and Nevis, 1961-2022.",raw/ file is an extract (header + St Kitts and Nevis sugar rows) of the bulk CSV dated 23 Jul 2026. Same flag scheme as QCL. Export values are in USD thousand and are not directly comparable with the IMF EC$ series without conversion (not done here).
kna-sugar-imf-cr07141,St. Kitts and Nevis: 2006 Article IV Consultation—Staff Report; Staff Statement; and Public Information Notice on the Executive Board Discussion (IMF Country Report No. 07/141),International Monetary Fund,,imf,KNA,2007-04,2026-09-28,https://www.imf.org/external/pubs/ft/scr/2007/cr07141.pdf,,raw/kna-sugar-imf-cr07141.pdf,f796194a96d9d78e4dbddfe9401e5be607e60f9a3c34bb97c32f1db36444c8e0,"Macroeconomic impact of the 2005 sugar closure (Box 1), SSMC debt 2001-05 (Table 4), sugar exports 2001-05 (Table 5), adaptation strategy (Box 2).",Staff report completed 20 December 2006. imf.org blocks curl; file retrieved through a web fetch tool. Page numbers cited are PDF page numbers.
kna-sugar-imf-cr1449,St. Kitts and Nevis: Fifth and Sixth Reviews under the Stand-By Arrangement (IMF Country Report No. 14/49),International Monetary Fund,,imf,KNA,2014-02,2026-09-28,https://www.imf.org/external/pubs/ft/scr/2014/cr1449.pdf,,raw/kna-sugar-imf-cr1449.pdf,e16fff5987a557d3bc4d3a4eb705ca6e97512f690e15cca0138b08cf09bc6f8f,Used only for the note on when SSMC debt entered central government debt.,Staff report completed 8 July 2013.
kna-sugar-oecs-retraining-2005,St. Kitts and Nevis: Retraining the Sugar Workers,Organisation of Eastern Caribbean States Secretariat,"Jacqueline Massiah, Sean Curtis Mathurin et al. (coordinated by Vasantha Chase)",international_org,KNA,2005-10,2026-09-28,https://oecs.int/en/our-work/knowledge/library/st-kitts-nevis-retraining-the-sugar-workers-october-2005/download,,raw/kna-sugar-oecs-retraining-2005.pdf,107a25fd8a7fe5adaff19bb539808b159ff59af891371d391aab38a656185cbe,"Survey of SSMC workers at the July 2005 closure: headcount, share of labour force, severance, training needs.",Prepared with UNDP funding at the request of the Government of St Kitts and Nevis. Figures on severance and share of the labour force differ from the IMF (see kna-sugar-imf-cr07141).
intl-eu-lca-visa-waiver-2015,Agreement between the European Union and Saint Lucia on the short-stay visa waiver,"Official Journal of the European Union L 173, 3.7.2015 (L 173/12)",,legislation,LCA,2015-07-03,2026-09-28,http://publications.europa.eu/resource/celex/22015A0703(02),,raw/intl-eu-lca-visa-waiver-2015.pdf,42cedae8bd271e39dde1d7f91dfd869d83b48659c7e70950cde166a93dbc8534,"Visa waiver agreement text, signed 28 May 2015 and provisionally applied from signature.",
lca-cbi-act-2015,"Citizenship by Investment Act, No. 14 of 2015",Government of Saint Lucia,,legislation,LCA,2015-08,2026-09-28,https://www.cipsaintlucia.com/s/Citizenship-by-Investment-Act-No-14-of-2015.pdf,,raw/lca-cbi-act-2015.pdf,d358692a06b69b3f1f2439f2c08091f8e532f317d7682fef8fcbd3e9c899e709,"Founding Act (passed House 28 July 2015, Senate 4 August 2015).",Copy from the CIU legislation page (cipsaintlucia.com/citizenship-legislation).
lca-cbi-act-amend-2025,"Citizenship by Investment (Amendment) Act, No. 22 of 2025",Government of Saint Lucia,,legislation,LCA,2025-11-10,2026-09-28,https://www.cipsaintlucia.com/s/Act-22-Citizenship-by-Investment-Amendment-Act.pdf,,raw/lca-cbi-act-amend-2025.pdf,60d7e89688d23c15ef6736da5558d8d0a278bd584b67214f4ff553367e32535c,"Redefines qualifying dependants and other amendments (passed House 28 Oct 2025, Senate 30 Oct 2025).",Copy from the CIU legislation page (cipsaintlucia.com/citizenship-legislation).
lca-cbi-regs-2015,"Citizenship by Investment Regulations, S.I. No. 89 of 2015",Government of Saint Lucia,,legislation,LCA,2015-10-02,2026-09-28,https://www.cipsaintlucia.com/s/Citizenship-by-Investment-Saint-Lucia-Regulations-SI-89-of-2015.pdf,,raw/lca-cbi-regs-2015.pdf,4b12bea953583cecac4d4a7ed4a5ef8edda8708084f609db3f41fff25e29d064,Original fees and minimum qualifying investments (Schedules 1 and 2).,Copy from the CIU legislation page (cipsaintlucia.com/citizenship-legislation).
lca-cbi-regs-2016b,"Citizenship by Investment (Amendment) Regulations, S.I. No. 105 of 2016",Government of Saint Lucia,,legislation,LCA,2016-12-28,2026-09-28,https://www.cipsaintlucia.com/s/SI-No-105-of-2016-Citizenship-by-Investment-Amendment-Regulations.pdf,,raw/lca-cbi-regs-2016b.pdf,fe3071e6263e10ab403bf587bbebf2fe8254b8be5bd55201808b456a3d390f8b,"Halves NEF minimum to US$100,000 and adds US$50,000 bond admin fee, in force 1 Jan 2017; 20% NEF retention by the Board.",Copy from the CIU legislation page (cipsaintlucia.com/citizenship-legislation).
lca-cbi-regs-2017,"Citizenship by Investment (Amendment) Regulations, S.I. No. 1 of 2017",Government of Saint Lucia,,legislation,LCA,2017-01-05,2026-09-28,https://www.cipsaintlucia.com/s/SI-_-1-of-2017.pdf,,raw/lca-cbi-regs-2017.pdf,4687f665940c75495583eb7c2b7c40aa1a5f863c806ea5141031172b3286a237,"Re-enacts the same NEF amounts, deemed in force 1 Jan 2017 (the CIU annual reports cite this S.I. for the 20% retention).",Copy from the CIU legislation page (cipsaintlucia.com/citizenship-legislation).
lca-cbi-regs-2020a,"Citizenship by Investment (Amendment) Regulations, S.I. No. 73 of 2020",Government of Saint Lucia,,legislation,LCA,2020-05-12,2026-09-28,https://www.cipsaintlucia.com/s/Citizenship-by-Investment-Amendment-Regulations-No-73-of-2020.pdf,,raw/lca-cbi-regs-2020a.pdf,38095a660eee21c5420a7586caf54661494d28b55c727c0cb12070edf8bb0d29,"COVID-19 government bond option (US$250,000, non-interest bearing, to be purchased by 31 Dec 2020) and revised NEF family amounts.",Copy from the CIU legislation page (cipsaintlucia.com/citizenship-legislation).
lca-cbi-regs-2020b,"Citizenship by Investment (Amendment) (No. 2) Regulations, S.I. No. 214 of 2020",Government of Saint Lucia,,legislation,LCA,2020-12-28,2026-09-28,https://www.cipsaintlucia.com/s/Citizenship-by-Investment-Amendment-No2-Regulations-2020-kdd8.pdf,,raw/lca-cbi-regs-2020b.pdf,00c9fc2d4b85969a6a4762a5d74a571e95f8bdd0c64535531f91b1346926f555,Extends COVID-19 bond purchase deadline to 31 Dec 2021.,Copy from the CIU legislation page (cipsaintlucia.com/citizenship-legislation).
lca-cbi-regs-2022a,"Citizenship by Investment (Amendment) Regulations, S.I. No. 4 of 2022",Government of Saint Lucia,,legislation,LCA,2022-01-10,2026-09-28,https://www.cipsaintlucia.com/s/Citizenship-by-Investment-Amendment-Regulations-2022.pdf,,raw/lca-cbi-regs-2022a.pdf,d6d0803954136b0671ff57a0df33518394d7699e85a98e8751a39013a0f39f42,Extends COVID-19 bond purchase deadline to 31 Dec 2022.,Copy from the CIU legislation page (cipsaintlucia.com/citizenship-legislation).
lca-cbi-regs-2022b,"Citizenship by Investment (Amendment) (No. 2) Regulations, S.I. No. 222 of 2022",Government of Saint Lucia,,legislation,LCA,2022-12-30,2026-09-28,https://www.cipsaintlucia.com/s/Citizenship-by-Investment-Amendment-No-2-Regulations-2022.pdf,,raw/lca-cbi-regs-2022b.pdf,03048672db8097577de7640ffe9216f51744497632c5f1d589212f1f1cad7e4a,"From 1 Jan 2023: real estate minimum US$200,000; government bond (National Action Bond) US$300,000; newborn US$5,000.",Copy from the CIU legislation page (cipsaintlucia.com/citizenship-legislation).
lca-cbi-regs-2023,"Citizenship by Investment (Amendment) Regulations, S.I. No. 162 of 2023",Government of Saint Lucia,,legislation,LCA,2023-12-20,2026-09-28,https://www.cipsaintlucia.com/s/SI-162-of-2023.pdf,,raw/lca-cbi-regs-2023.pdf,fa459663eeaf239a355a90ed9ce0bf237be761bf51a0bf283600e22601471100,"Adds enterprise-project Option 3 (US$100,000; housing, social development, investment services projects); DD fee US$8,000.",Copy from the CIU legislation page (cipsaintlucia.com/citizenship-legislation).
lca-cbi-regs-2024b,"Citizenship by Investment (Amendment) (No. 2) Regulations, S.I. No. 106 of 2024",Government of Saint Lucia,,legislation,LCA,2024-07-09,2026-09-28,https://www.cipsaintlucia.com/s/SI-No-106-of-2024-Citizenship-by-Investment-Amendment-No-2-Regulations.pdf,,raw/lca-cbi-regs-2024b.pdf,6a1b879e76b595b7926d12361e1433ca409755669b597cc81b96d25ad4d976b3,"Deemed in force 1 July 2024: NEF US$240,000 (up to three dependants), real estate US$300,000, enterprise Option 3 US$250,000; US$200,000 of each NEF amount to be paid to the Fund.",Copy from the CIU legislation page (cipsaintlucia.com/citizenship-legislation).
lca-cbi-regs-2026,"Citizenship by Investment (Amendment) Regulations, S.I. No. 57 of 2026",Government of Saint Lucia,,legislation,LCA,2026-03-23,2026-09-28,https://www.cipsaintlucia.com/s/SI-57-of-2026-Citizenship-by-Investment-Amendment-Regulations.pdf,,raw/lca-cbi-regs-2026.pdf,ca9e92bbf937ea0b87dc9f5f203da68466d0f258c5905ea087a04035ca91457a,"Adds 'built real estate project' option (apartment or villa) at US$500,000; renames marketing agents 'business advisory partners'.",Copy from the CIU legislation page (cipsaintlucia.com/citizenship-legislation).
lca-ciu-ar-2015-16,Citizenship by Investment Programme Saint Lucia: Annual Report 2015-2016,"Citizenship by Investment Unit (CIU), Saint Lucia",,government,LCA,2016,2026-09-28,https://www.cipsaintlucia.com/s/1-CIP-Annual-Report-2015-2016.pdf,,raw/lca-ciu-ar-2015-16.pdf,0781951841f56c449e84e8c977b5033b75b298edaf0d7cfcdca5c686fc5a3e8d,"First (six-month) operating period Oct 2015-Mar 2016: unit set-up, first applications, CIU revenue.",Page references are PDF page numbers (printed page numbers differ). Fiscal year runs April-March. Financial statements are expressed in Eastern Caribbean dollars (EC$2.70 = US$1). Publication date not printed; year is approximate.
lca-ciu-ar-2016-17,Citizenship by Investment Programme Saint Lucia: Annual Report 2016-2017,"Citizenship by Investment Unit (CIU), Saint Lucia",,government,LCA,2017,2026-09-28,https://www.cipsaintlucia.com/s/2-CIP-Annual-Report-2016-2017-NO-CITIZENS.pdf,,raw/lca-ciu-ar-2016-17.pdf,bb67727d2588427d79e88b75c1436ceb3d44f5f31064256d8184ad54b610c686,"FY2016/17: applications received and granted, value of investments, Jan 2017 regulation changes.",Page references are PDF page numbers (printed page numbers differ). Fiscal year runs April-March. Financial statements are expressed in Eastern Caribbean dollars (EC$2.70 = US$1). The PDF is image-only; text and quotes were obtained by OCR (tesseract) and should be checked against the page image. Publication date not printed; year approximate.
lca-ciu-ar-2017-18,CIP Saint Lucia Annual Report 2017/18,"Citizenship by Investment Unit (CIU), Saint Lucia",,government,LCA,2018,2026-09-28,https://www.cipsaintlucia.com/s/3-CIP-2017-18-Annual-Report-e-version.pdf,,raw/lca-ciu-ar-2017-18.pdf,fcd6374d264c6f8f67c714f73f86e7c593a51f48c82f79cd91d5beeab51320b4,"FY2017/18 and FY2016/17: monthly applications received/granted/denied/revoked, NEF donations, remittances to government, CIU revenue, audited financial statements.",Page references are PDF page numbers (printed page numbers differ). Fiscal year runs April-March. Financial statements are expressed in Eastern Caribbean dollars (EC$2.70 = US$1). Publication date not printed; year approximate.
lca-ciu-ar-2018-19,CIP Saint Lucia Annual Report 2018-2019,"Citizenship by Investment Unit (CIU), Saint Lucia",,government,LCA,2019,2026-09-28,https://www.cipsaintlucia.com/s/4-Final-CIP-Annual-Report-2018-2019.pdf,,raw/lca-ciu-ar-2018-19.pdf,185b2b8ef9653492c3ebb75be5ddb1e4ebaaa492911facb4d068eb7cafbcc0b9,"FY2018/19: applications, persons granted, contributions to government by route, cumulative contributions, audited financial statements (FY2017/18 restated under IFRS 15).",Page references are PDF page numbers (printed page numbers differ). Fiscal year runs April-March. Financial statements are expressed in Eastern Caribbean dollars (EC$2.70 = US$1). Publication date not printed; year approximate.
lca-ciu-ar-2019-20,CIP Saint Lucia Annual Report 2019/2020,"Citizenship by Investment Unit (CIU), Saint Lucia",,government,LCA,2020,2026-09-28,https://www.cipsaintlucia.com/s/5-CIP-Saint-Lucia-Annual-Report-2019_2020m.pdf,,raw/lca-ciu-ar-2019-20.pdf,a781cb6b3b7c0f804f507a3d7d94018b9e1242b57317d7d604cd7c5515e51ccd,"FY2019/20: applications received/granted/denied, new citizens, cumulative contribution, CIU revenue. No financial-statement notes on NEF flows.",Page references are PDF page numbers (printed page numbers differ). Fiscal year runs April-March. Financial statements are expressed in Eastern Caribbean dollars (EC$2.70 = US$1). Publication date not printed; year approximate.
lca-ciu-ar-2020-21,CIP Saint Lucia Annual Report 2020-2021,"Citizenship by Investment Unit (CIU), Saint Lucia",,government,LCA,2021,2026-09-28,https://www.cipsaintlucia.com/s/Annual-Report_Digital-Verison-2020-2021,,raw/lca-ciu-ar-2020-21.pdf,d05abf7a8ae26334d274d8b5d8a3ee25a7a09b2c456710ba07b852c154d727b2,"FY2020/21 and 5-year charts 2016-2021: applications by route, grants per year, NEF, regular and COVID-19 bond inflows, real-estate admin fees, cumulative transfers.",Page references are PDF page numbers (printed page numbers differ). Fiscal year runs April-March. Financial statements are expressed in Eastern Caribbean dollars (EC$2.70 = US$1). Several figures are chart labels. Publication date not printed; year approximate.
lca-ciu-ar-2021-22,CIP Saint Lucia Annual Report 2021-2022,"Citizenship by Investment Unit (CIU), Saint Lucia",,government,LCA,2022,2026-09-28,https://www.cipsaintlucia.com/s/CIP-Saint-Lucia-Annual-Report-2021-2022.pdf,,raw/lca-ciu-ar-2021-22.pdf,eeb2a5109dce67179ffef98cd9c7decbd9bcfd3b01d0f8cc3a4413253fbfb164,"FY2021/22: applications received/granted/denied, cumulative grants, NEF donations (gross and net), COVID bond remittances, cumulative revenue and remittances since 2016, audited financial statements.",Page references are PDF page numbers (printed page numbers differ). Fiscal year runs April-March. Financial statements are expressed in Eastern Caribbean dollars (EC$2.70 = US$1). Publication date not printed; year approximate.
lca-ciu-ar-2022-23,CIP Saint Lucia Annual Report 2022-2023,"Citizenship by Investment Unit (CIU), Saint Lucia",,government,LCA,2023-08,2026-09-28,https://www.cipsaintlucia.com/s/CIP-AR22-23-12-Aug-Final-wnoimagery.pdf,,raw/lca-ciu-ar-2022-23.pdf,8e277dbde374df8bc03da34c000b1e094f97dd35aa01e591392dacbf3afc7427,"FY2022/23: applications by route, grants, NEF and COVID bond remittances, real-estate escrow inflows, bond and admin-fee series by year, CIU revenue table.",Page references are PDF page numbers (printed page numbers differ). Fiscal year runs April-March. Financial statements are expressed in Eastern Caribbean dollars (EC$2.70 = US$1). Date inferred from file name ('12-Aug').
lca-ciu-ar-2023-24,"Citizenship by Investment Annual Report 2023-2024: Rooted in Integrity, Growing with Purpose","Citizenship by Investment Unit (CIU), Saint Lucia",,government,LCA,2025,2026-09-28,https://www.cipsaintlucia.com/s/CIP-AR-2023-2024_web.pdf,,raw/lca-ciu-ar-2023-24.pdf,0f955ac7e325da8544e5f3a0122b3faa6914e55291fb433ffd9674dda84d2628,"FY2023/24: record 5,642 applications, grants/denials 2016-2024 charts, revenue EC$240.3m, NEF donations, transfers to Consolidated Fund and NEF, COVID bond details, audited financial statements.",Page references are PDF page numbers (printed page numbers differ). Fiscal year runs April-March. Financial statements are expressed in Eastern Caribbean dollars (EC$2.70 = US$1). Publication date not printed; approximate (IMI Daily reported it in April 2026).
lca-ciu-ar-2024-25,Citizenship by Investment Annual Report 2024-2025: Continued Investment in People,"Citizenship by Investment Unit (CIU), Saint Lucia",,government,LCA,2026,2026-09-28,https://www.cipsaintlucia.com/s/CIP-AR-2024_web.pdf,,raw/lca-ciu-ar-2024-25.pdf,85f9f53c04d6abc2a724155e31b0dd05f85c7d1cc4ab786bf5e74b40abf15fa7,FY2024/25 plus a table of applications received/granted/denied for every year 2016/17-2024/25; revenue EC$402.2m; transfers to government; NEF donations; audited financial statements.,Page references are PDF page numbers (printed page numbers differ). Fiscal year runs April-March. Financial statements are expressed in Eastern Caribbean dollars (EC$2.70 = US$1). The multi-year table on p.19 revises some earlier-published figures (2020/21 received; 2021/22 and 2022/23 denials). Published c. mid-2026 (St Lucia Times coverage Aug 2026).
lca-gov-budget-2024,"Budget Address 2024-2025, Prime Minister and Minister for Finance Philip J. Pierre",Government of Saint Lucia,Philip J. Pierre,government,LCA,2024,2026-09-28,https://www.govt.lc/media.govt.lc/www/pressroom/news/attachments/prime-minister-philip-j.-pierre-budget-address-2024-2025--2-.pdf,,raw/lca-gov-budget-2024.pdf,983198165b2def6a83a2cf43c36d7b4e78da91b6809f451e8160250a360d4728,"CIP policy statements: infrastructure option (Dec 2023), CIP-funded housing and roads, Saint Lucia's refusal to sign the 2024 regional MOA immediately.",Political speech; statements are claims by the government. Exact delivery date not printed in the extracted text.
lca-imf-art4-2017,St. Lucia: 2017 Article IV Consultation - Press Release and Staff Report (IMF Country Report No. 17/76),International Monetary Fund,,imf,LCA,2017-03,2026-09-28,https://www.imf.org/-/media/files/publications/cr/2017/cr1776.pdf,,raw/lca-imf-art4-2017.pdf,637b6564f19c4b31e4f8c941846be8d942a59f03c1339c52efce408c108372d3,Table 2a/2b central government operations FY2013-FY2022 incl. 'o.w. Citizen by Investment Program (CIP)'.,Downloaded via a browser because imf.org blocks non-browser clients; the PDF could not be saved to raw/ (download blocked). SHA-256 of the PDF bytes as served: 637b6564f19c4b31e4f8c941846be8d942a59f03c1339c52efce408c108372d3. Text was read from the PDF with pdf.js; image-only tables were rendered and read visually. Stored copy downloaded through a web browser on 2026-09-28 (the site blocks scripted downloads).
lca-imf-art4-2018,St. Lucia: 2018 Article IV Consultation - Press Release; Staff Report (IMF Country Report No. 18/179),International Monetary Fund,,imf,LCA,2018-06,2026-09-28,https://www.imf.org/-/media/files/publications/cr/2018/cr18179.pdf,,raw/lca-imf-art4-2018.pdf,d6b4b86b51f5da45ba8cd3eb4af575c7d8e372777c9c933367ea416c34eb0c1a,"Table 2a/2b central government operations FY2014-FY2023 with CIP revenue line, incl. FY2017 budget column.",Downloaded via a browser because imf.org blocks non-browser clients; the PDF could not be saved to raw/ (download blocked). SHA-256 of the PDF bytes as served: d6b4b86b51f5da45ba8cd3eb4af575c7d8e372777c9c933367ea416c34eb0c1a. Text was read from the PDF with pdf.js; image-only tables were rendered and read visually. Stored copy downloaded through a web browser on 2026-09-28 (the site blocks scripted downloads).
lca-imf-art4-2019,St. Lucia: 2019 Article IV Consultation - Press Release and Staff Report,International Monetary Fund,,imf,LCA,2020-02,2026-09-28,https://www.imf.org/-/media/files/publications/cr/2020/english/1lcaea2020001.pdf,,raw/lca-imf-art4-2019.pdf,015ed3eecd5a70cb3a5206d1e8512e32cb7b0e4d98b33ec550e437225ed0cb18,Table 2a/2b central government operations FY2015-FY2024 with CIP revenue line.,Country report number not verified. Downloaded via a browser because imf.org blocks non-browser clients; the PDF could not be saved to raw/ (download blocked). SHA-256 of the PDF bytes as served: 015ed3eecd5a70cb3a5206d1e8512e32cb7b0e4d98b33ec550e437225ed0cb18. Text was read from the PDF with pdf.js; image-only tables were rendered and read visually. Stored copy downloaded through a web browser on 2026-09-28 (the site blocks scripted downloads).
lca-imf-art4-2022,St. Lucia: 2022 Article IV Consultation - Press Release; Staff Report; and Statement by the Executive Director,International Monetary Fund,,imf,LCA,2022-11,2026-09-28,https://www.imf.org/-/media/files/publications/cr/2022/english/1lcaea2022002.pdf,,raw/lca-imf-art4-2022.pdf,32500ef30cf09e431f00bcbea6d4e813f6d42afc2f43935eb78818158dff26ca,Table 2a (image) FY2018-FY2027 with CIP line; text on CIP bond financing and EU scrutiny.,Downloaded via a browser because imf.org blocks non-browser clients; the PDF could not be saved to raw/ (download blocked). SHA-256 of the PDF bytes as served: 32500ef30cf09e431f00bcbea6d4e813f6d42afc2f43935eb78818158dff26ca. Text was read from the PDF with pdf.js; image-only tables were rendered and read visually. Stored copy downloaded through a web browser on 2026-09-28 (the site blocks scripted downloads).
lca-imf-art4-2023,St. Lucia: 2023 Article IV Consultation - Press Release and Staff Report (IMF Country Report No. 24/68),International Monetary Fund,,imf,LCA,2024-03,2026-09-28,https://www.imf.org/-/media/files/publications/cr/2024/english/1lcaea2024001.pdf,,raw/lca-imf-art4-2023.pdf,b7e399944ae29c08d7b0e20ec01b72b77d08b4a042d3f7262cfc2d3ffdfeb071,Table 2a (image) FY2019-FY2028 with CIP line and a footnote defining CIP income.,Downloaded via a browser because imf.org blocks non-browser clients; the PDF could not be saved to raw/ (download blocked). SHA-256 of the PDF bytes as served: b7e399944ae29c08d7b0e20ec01b72b77d08b4a042d3f7262cfc2d3ffdfeb071. Text was read from the PDF with pdf.js; image-only tables were rendered and read visually. Stored copy downloaded through a web browser on 2026-09-28 (the site blocks scripted downloads).
lca-imf-art4-2024,St. Lucia: 2024 Article IV Consultation - Press Release; Staff Report; and Statement by the Executive Director,International Monetary Fund,,imf,LCA,2025-03,2026-09-28,https://www.imf.org/-/media/files/publications/cr/2025/english/1lcaea2025001-print-pdf.pdf,,raw/lca-imf-art4-2024.pdf,1bb537fc4510d3713518615c5da994a053b518433683223459f7630b39808e32,Table 2 FY2020-FY2029 (percent of GDP) with CIP line; text on CIP transparency and data gaps.,Downloaded via a browser because imf.org blocks non-browser clients; the PDF could not be saved to raw/ (download blocked). SHA-256 of the PDF bytes as served: 1bb537fc4510d3713518615c5da994a053b518433683223459f7630b39808e32. Text was read from the PDF with pdf.js; image-only tables were rendered and read visually. Stored copy downloaded through a web browser on 2026-09-28 (the site blocks scripted downloads).
lca-imf-art4-2025,St. Lucia: 2025 Article IV Consultation - Press Release and Staff Report (IMF Country Report No. 26/3),International Monetary Fund,,imf,LCA,2026-01,2026-09-28,https://www.imf.org/-/media/files/publications/cr/2026/english/1lcaea2026001-source-pdf.pdf,,raw/lca-imf-art4-2025.pdf,46a93c07b5b81df2cc58a9012ad2325e77fa2231c94ade4991e732ea22f1b990,"Table 2 FY2020-FY2030 (percent of GDP) with CIP line; text on CIP governance, sovereign wealth fund, data gaps on escrow accounts.",Stored in raw/.
lca-imf-rcf-2020,St. Lucia: Request for Disbursement Under the Rapid Credit Facility - Press Release and Staff Report (IMF Country Report No. 20/157),International Monetary Fund,,imf,LCA,2020-05,2026-09-28,https://www.imf.org/-/media/files/publications/cr/2020/english/1lcaea2020002.pdf,,raw/lca-imf-rcf-2020.pdf,2b728dc24f7e668809ba41228ad0eb293ae625c0f95ea64d733636f15ac1462c,"Table 2a central government operations FY2016-FY2025 (image table) with CIP line, incl. 'pre-virus' 2020 column.",Downloaded via a browser because imf.org blocks non-browser clients; the PDF could not be saved to raw/ (download blocked). SHA-256 of the PDF bytes as served: 2b728dc24f7e668809ba41228ad0eb293ae625c0f95ea64d733636f15ac1462c. Text was read from the PDF with pdf.js; image-only tables were rendered and read visually. Stored copy downloaded through a web browser on 2026-09-28 (the site blocks scripted downloads).
lca-imidaily-2026-04,"Saint Lucia CIP Applications Surge 424% to 5642, Revenue Nearly Quadruples",IMI Daily,Ahmad Abbas,media,LCA,2026-04-12,2026-09-28,https://www.imidaily.com/caribbean/saint-lucia-cip-applications-surge-424-to-5642-revenue-nearly-quadruples/,https://web.archive.org/web/20260928132923/https://www.imidaily.com/caribbean/saint-lucia-cip-applications-surge-424-to-5642-revenue-nearly-quadruples/,,,Summary of the CIU 2023-24 annual report with US$ conversions.,Industry trade publication (investment-migration industry). Not stored; read via web fetch. No archive copy made (Wayback rate-limited).
lca-nafsa-2025-12,"Proclamation of December 16, 2025: Travel Ban Effective January 1, 2026",NAFSA: Association of International Educators,,ngo,LCA,2025-12,2026-09-28,https://www.nafsa.org/regulatory-information/proclamation-december-16-2025-travel-ban-effective-january-1-2026,,,,Summary and text of US Proclamation of 16 Dec 2025 listing countries under partial visa restrictions and citing CBI.,Secondary summary; the proclamation itself (Federal Register) was not read. Used only to note that Saint Lucia is not on the list.
lca-nef-act-2019,"Saint Lucia National Economic Fund Act, No. 18 of 2019",Government of Saint Lucia,,legislation,LCA,2019-07-02,2026-09-28,https://www.cipsaintlucia.com/s/Saint-Lucia-National-Economic-Fund-Act-No-18-of-2019.pdf,,raw/lca-nef-act-2019.pdf,d849c1ba921f139303e0fb0881fcdb42034a8f9e45d8126a1d34746e9e5c07b0,Establishes the National Economic Fund and its board (assent 2 July 2019).,Copy from the CIU legislation page (cipsaintlucia.com/citizenship-legislation).
lca-slutimes-2026-08,Inside Saint Lucia's latest CIP report: $402.2m generated in 2024/25,St. Lucia Times,Kherim Nelson,media,LCA,2026-08-07,2026-09-28,https://stluciatimes.com/182743/2026/08/inside-saint-lucias-latest-cip-report-402-2m-generated-in-2024-25/,https://web.archive.org/web/20260928133015/https://stluciatimes.com/182743/2026/08/inside-saint-lucias-latest-cip-report-402-2m-generated-in-2024-25/,,,Summary of the CIU 2024-25 annual report with US$ conversion.,Local news outlet. Not stored; read via web fetch. No archive copy made.
lva-likumi-immigration-law-2010-07,"Imigrācijas likums (Immigration Law), consolidated version 01.07.2010.-03.02.2011.",Latvijas Vēstnesis / likumi.lv (official legal portal),,legislation,LVA,2010-07-01,2026-10-02,https://likumi.lv/ta/id/68522-imigracijas-likums/redakcijas-datums/2010/07/01,,raw/lva-likumi-immigration-law-2010-07.html,e8c5103e53aa3171037a8fa67fa8a42b6c5f6a7ee73017e1f95faf126fb4998a,"v. in force 1 Jul 2010 - 3 Feb 2011: first version with investor routes (art. 23(1) points 28-30, added by law of 22.04.2010).",Saved HTML of the likumi.lv consolidated text for that date. Consolidated texts are informational; the legally binding text is the one published in Latvijas Vēstnesis.
lva-likumi-immigration-law-2011-06,"Imigrācijas likums (Immigration Law), consolidated version 16.06.2011.-30.06.2011.",Latvijas Vēstnesis / likumi.lv (official legal portal),,legislation,LVA,2011-06-16,2026-10-02,https://likumi.lv/ta/id/68522-imigracijas-likums/redakcijas-datums/2011/06/16,,raw/lva-likumi-immigration-law-2011-06.html,90fb9b133d9fb84f4ccadb3d3fbc6aef9d0e8ba0f6c53989d6c2038952d33bf1,"v. in force from 16 Jun 2011 (amendments of 26.05.2011): two business tiers, property value and cadastral-value tests.",Saved HTML of the likumi.lv consolidated text for that date. Consolidated texts are informational; the legally binding text is the one published in Latvijas Vēstnesis.
lva-likumi-immigration-law-2014-01,"Imigrācijas likums (Immigration Law), consolidated version 01.01.2014.-30.06.2014.",Latvijas Vēstnesis / likumi.lv (official legal portal),,legislation,LVA,2014-01-01,2026-10-02,https://likumi.lv/ta/id/68522-imigracijas-likums/redakcijas-datums/2014/01/01,,raw/lva-likumi-immigration-law-2014-01.html,8d74cf4344293a9cc8a79ced82dd4f58065d4a18098629ea368110506f536940,"v. in force from 1 Jan 2014 (amendments of 05.12.2013): thresholds in euro, business 35,000/150,000, subordinated liabilities 280,000.",Saved HTML of the likumi.lv consolidated text for that date. Consolidated texts are informational; the legally binding text is the one published in Latvijas Vēstnesis.
lva-likumi-immigration-law-2014-09,"Imigrācijas likums (Immigration Law), consolidated version 01.09.2014.-31.12.2014.",Latvijas Vēstnesis / likumi.lv (official legal portal),,legislation,LVA,2014-09-01,2026-10-02,https://likumi.lv/ta/id/68522-imigracijas-likums/redakcijas-datums/2014/09/01,,raw/lva-likumi-immigration-law-2014-09.html,fa005e1c16cbeedb2f38da26ad4174d2f0fc73b0c4abb37e1f30a6b3cc4bb4a3,"v. in force from 1 Sep 2014 (amendments of 08.05.2014): property EUR 250,000 + 5% state payment; EUR 25,000 payment for bank route.",Saved HTML of the likumi.lv consolidated text for that date. Consolidated texts are informational; the legally binding text is the one published in Latvijas Vēstnesis.
lva-likumi-immigration-law-2015-01,"Imigrācijas likums (Immigration Law), consolidated version 01.01.2015.-30.06.2016.",Latvijas Vēstnesis / likumi.lv (official legal portal),,legislation,LVA,2015-01-01,2026-10-02,https://likumi.lv/ta/id/68522-imigracijas-likums/redakcijas-datums/2015/01/01,,raw/lva-likumi-immigration-law-2015-01.html,e62aafa306f63766379d3a69cc0d54bb1d5e4e285c4dadaec5d2538e3422e8d2,"v. in force from 1 Jan 2015: adds point 31 (interest-free state securities EUR 250,000 + EUR 25,000 payment).",Saved HTML of the likumi.lv consolidated text for that date. Consolidated texts are informational; the legally binding text is the one published in Latvijas Vēstnesis.
lva-likumi-immigration-law-2016-07,"Imigrācijas likums (Immigration Law), consolidated version 01.07.2016.-01.03.2017.",Latvijas Vēstnesis / likumi.lv (official legal portal),,legislation,LVA,2016-07-01,2026-10-02,https://likumi.lv/ta/id/68522-imigracijas-likums/redakcijas-datums/2016/07/01,,raw/lva-likumi-immigration-law-2016-07.html,1c4bcefb89630c2b9f10dcd0f87ec9ee3f07fcdaa8eaf4af3bc190ce71aefe56,"v. in force from 1 Jul 2016 (amendments of 09.06.2016): business EUR 50,000/100,000 + EUR 10,000 payment; regional property rule; EUR 5,000 renewal payment.",Saved HTML of the likumi.lv consolidated text for that date. Consolidated texts are informational; the legally binding text is the one published in Latvijas Vēstnesis.
lva-likumi-immigration-law-2017-03,"Imigrācijas likums (Immigration Law), consolidated version 02.03.2017.-30.04.2017.",Latvijas Vēstnesis / likumi.lv (official legal portal),,legislation,LVA,2017-03-02,2026-10-02,https://likumi.lv/ta/id/68522-imigracijas-likums/redakcijas-datums/2017/03/02,,raw/lva-likumi-immigration-law-2017-03.html,6bfa88b4f85770609ae672815d90d8542232849cb755d08a999c62a2c50845a0,"v. in force from 2 Mar 2017 (amendments of 02.02.2017): bond-route payment EUR 38,000.",Saved HTML of the likumi.lv consolidated text for that date. Consolidated texts are informational; the legally binding text is the one published in Latvijas Vēstnesis.
lva-likumi-immigration-law-2022-09,"Imigrācijas likums (Immigration Law), consolidated version 24.09.2022.-19.04.2023.",Latvijas Vēstnesis / likumi.lv (official legal portal),,legislation,LVA,2022-09-24,2026-10-02,https://likumi.lv/ta/id/68522-imigracijas-likums/redakcijas-datums/2022/09/24,,raw/lva-likumi-immigration-law-2022-09.html,a28749588d4e335aa062c21cecc2665a0537b5fe5581c1018c1d9dc7524c3411,v. in force from 24 Sep 2022 (amendments of 22.09.2022): new art. 23.1 limiting Russian and Belarusian citizens to listed grounds (no investor grounds); transitional point 60.,Saved HTML of the likumi.lv consolidated text for that date. Consolidated texts are informational; the legally binding text is the one published in Latvijas Vēstnesis.
lva-likumi-immigration-law-2026-05,"Imigrācijas likums (Immigration Law, adopted 31.10.2002), last consolidated version 20.05.2026.-14.09.2026. (status: Zaudējis spēku / no longer in force)",Latvijas Vēstnesis / likumi.lv (official legal portal),,legislation,LVA,2026-05-20,2026-10-02,https://likumi.lv/ta/id/68522-imigracijas-likums,,raw/lva-likumi-immigration-law-2026-05.html,6f89122ea06f068135a226321458b167ca2d8127cb6cd1121cc5035a0c33a73e,"Final text of the 2002 Immigration Law: art. 23(1) points 28-30 (point 31 deleted by law of 23.04.2026, in force 20.05.2026), art. 23(7.1)-(10), art. 23.1 (Russian/Belarusian citizens), transitional provisions 16, 17, 26, 29, 60; list of amending laws.",Superseded on 15.09.2026 by the new Immigration Law (likumi.lv id 370622).
lva-likumi-immigration-law-new-2026,"Imigrācijas likums (new Immigration Law), adopted by the Saeima 20.08.2026, published Latvijas Vēstnesis 167, 01.09.2026, in force 15.09.2026",Latvijas Vēstnesis / likumi.lv (official legal portal),,legislation,LVA,2026-09-01,2026-10-02,https://likumi.lv/ta/id/370622-imigracijas-likums,,raw/lva-likumi-immigration-law-new-2026.html,610c1516d62ab2c6044999f9c8221c0d8a62bdef67127b8007e7bad2e27b7ec6,"Art. 27(1) point 10 (business investment, permit up to two years) and point 36 (EUR 150,000 in a state-created alternative investment fund manager); art. 27(7)-(8) exclusions for Belarusian and Russian citizens; art. 28 suspension power; transitional provisions 8-11 for holders of permits under the old points 28-30.",No route for property purchase or bank subordinated liabilities.
lva-pmlp-annual-report-2014,Pilsonības un migrācijas lietu pārvaldes 2014.gada publiskais pārskats (PMLP public annual report 2014),"Pilsonības un migrācijas lietu pārvalde (Office of Citizenship and Migration Affairs, PMLP)",,government,LVA,2015,2026-10-02,https://www.pmlp.gov.lv/lv/media/13332/download?attachment,,raw/lva-pmlp-annual-report-2014.pdf,0037acd3d2f6c9b7dbff959b0afcece52be9a2951e3edab02203f6a1fe756efd,"First-time temporary residence permits by main reason in 2014 (property purchase 4,982); description of 1 Sep 2014 amendments and the rush of applications before them.",
lva-pmlp-annual-report-2015,Pilsonības un migrācijas lietu pārvaldes 2015.gada publiskais pārskats (PMLP public annual report 2015),"Pilsonības un migrācijas lietu pārvalde (Office of Citizenship and Migration Affairs, PMLP)",,government,LVA,2016,2026-10-02,https://www.pmlp.gov.lv/lv/media/13329/download?attachment,,raw/lva-pmlp-annual-report-2015.pdf,80f2e6196c62f3603ac1539bd26eda8ac076209e0bdbcee0fc6816a46415402e,"Investor applications 2014 vs 2015 (2,532 vs 398); first-time permits linked to property purchase in 2015 (1,145); bond route from 1 Jan 2015; mentions an informative report on the investor provisions.",
lva-pmlp-news-new-immigration-law-2026,Spēkā stājas jaunais Imigrācijas likums: galvenās izmaiņas un prasības,"Pilsonības un migrācijas lietu pārvalde (Office of Citizenship and Migration Affairs, PMLP)",,government,LVA,2026-09-15,2026-10-02,https://www.pmlp.gov.lv/lv/jaunums/speka-stajas-jaunais-imigracijas-likums-galvenas-izmainas-un-prasibas,,raw/lva-pmlp-news-new-immigration-law-2026.html,b294ef11aa8523046f4b403460fce8875423d9a537a97847861a80c671a38e57,"PMLP press release on the new Immigration Law: end of property and bank routes; new EUR 150,000 fund route not yet applicable.",
lva-pmlp-tua-first-2015,"Pirmreizējās TUA, izsniegtās 2015. gadā (first-time temporary residence permits issued, by nationality and reason)","Pilsonības un migrācijas lietu pārvalde (Office of Citizenship and Migration Affairs, PMLP)",,government,LVA,2016,2026-10-02,https://www.pmlp.gov.lv/lv/media/709/download?attachment,,raw/lva-pmlp-tua-first-2015.pdf,d7247bfe7525ab9eb4d74cb68f8bda1749f1eee4140ca5a184a69beabb14598a,"First-time temporary residence permits (TUA) issued in 2015. gadā, persons by nationality and reason of stay, split into main applicants (galv.) and family members (ģim.); investor reasons: investor in a company, in real estate, in a credit institution, in securities (bonds).","Listed on https://www.pmlp.gov.lv/lv/statistika-uzturesanas-atlaujas-2015-gads. ""First-time"" means the person had no earlier residence permit of any type (PDF selection condition); people switching from another permit basis are not counted, so these totals are lower than the first-time totals in PMLP annual reports. Counts are persons/permits, not investment amounts."
lva-pmlp-tua-first-2016,"Pirmreizējās TUA, izsniegtās 2016. gadā (first-time temporary residence permits issued, by nationality and reason)","Pilsonības un migrācijas lietu pārvalde (Office of Citizenship and Migration Affairs, PMLP)",,government,LVA,2017,2026-10-02,https://www.pmlp.gov.lv/lv/media/688/download?attachment,,raw/lva-pmlp-tua-first-2016.pdf,f1185cd2b50143b2d0394b2b7a1f05e0feaf094f8a5648520a5587aa7c97dbf6,"First-time temporary residence permits (TUA) issued in 2016. gadā, persons by nationality and reason of stay, split into main applicants (galv.) and family members (ģim.); investor reasons: investor in a company, in real estate, in a credit institution, in securities (bonds).","Listed on https://www.pmlp.gov.lv/lv/statistika-uzturesanas-atlaujas-2016-gads. ""First-time"" means the person had no earlier residence permit of any type (PDF selection condition); people switching from another permit basis are not counted, so these totals are lower than the first-time totals in PMLP annual reports. Counts are persons/permits, not investment amounts."
lva-pmlp-tua-first-2017,"Pirmreizējās TUA, izsniegtās 2017. gadā (first-time temporary residence permits issued, by nationality and reason)","Pilsonības un migrācijas lietu pārvalde (Office of Citizenship and Migration Affairs, PMLP)",,government,LVA,2018,2026-10-02,https://www.pmlp.gov.lv/lv/media/664/download?attachment,,raw/lva-pmlp-tua-first-2017.pdf,eed597c33022d4cc30c73a68da68101ca1e0654eadb71b394aeff2da922c2837,"First-time temporary residence permits (TUA) issued in 2017. gadā, persons by nationality and reason of stay, split into main applicants (galv.) and family members (ģim.); investor reasons: investor in a company, in real estate, in a credit institution, in securities (bonds).","Listed on https://www.pmlp.gov.lv/lv/statistika-uzturesanas-atlaujas-2017-gads. ""First-time"" means the person had no earlier residence permit of any type (PDF selection condition); people switching from another permit basis are not counted, so these totals are lower than the first-time totals in PMLP annual reports. Counts are persons/permits, not investment amounts."
lva-pmlp-tua-first-2018,"Pirmreizējās TUA, izsniegtās 2018. gadā (first-time temporary residence permits issued, by nationality and reason)","Pilsonības un migrācijas lietu pārvalde (Office of Citizenship and Migration Affairs, PMLP)",,government,LVA,2019,2026-10-02,https://www.pmlp.gov.lv/lv/media/634/download?attachment,,raw/lva-pmlp-tua-first-2018.pdf,3850779dbbc884118c69b3c60eb62318f114724d63c021af56ae074be41b7993,"First-time temporary residence permits (TUA) issued in 2018. gadā, persons by nationality and reason of stay, split into main applicants (galv.) and family members (ģim.); investor reasons: investor in a company, in real estate, in a credit institution, in securities (bonds).","Listed on https://www.pmlp.gov.lv/lv/statistika-uzturesanas-atlaujas-2018-gads. ""First-time"" means the person had no earlier residence permit of any type (PDF selection condition); people switching from another permit basis are not counted, so these totals are lower than the first-time totals in PMLP annual reports. Counts are persons/permits, not investment amounts."
lva-pmlp-tua-first-2019,"Pirmreizējās TUA, izsniegtās 2019. gadā (first-time temporary residence permits issued, by nationality and reason)","Pilsonības un migrācijas lietu pārvalde (Office of Citizenship and Migration Affairs, PMLP)",,government,LVA,2020,2026-10-02,https://www.pmlp.gov.lv/lv/media/616/download?attachment,,raw/lva-pmlp-tua-first-2019.pdf,cb9d2ad29a03aa5f085cb3b3d4cda532529982e4684a7295c95b200eeee5d142,"First-time temporary residence permits (TUA) issued in 2019. gadā, persons by nationality and reason of stay, split into main applicants (galv.) and family members (ģim.); investor reasons: investor in a company, in real estate, in a credit institution, in securities (bonds).","Listed on https://www.pmlp.gov.lv/lv/statistika-uzturesanas-atlaujas-2019-gads. ""First-time"" means the person had no earlier residence permit of any type (PDF selection condition); people switching from another permit basis are not counted, so these totals are lower than the first-time totals in PMLP annual reports. Counts are persons/permits, not investment amounts."
lva-pmlp-tua-first-2020,"Pirmreizējās TUA, izsniegtās 2020. gadā (first-time temporary residence permits issued, by nationality and reason)","Pilsonības un migrācijas lietu pārvalde (Office of Citizenship and Migration Affairs, PMLP)",,government,LVA,2021,2026-10-02,https://www.pmlp.gov.lv/lv/media/3017/download?attachment,,raw/lva-pmlp-tua-first-2020.pdf,9186348ed6a94f7ab39821624c25aa8aa82e4a029ef3c5abe0965e94975e7ef1,"First-time temporary residence permits (TUA) issued in 2020. gadā, persons by nationality and reason of stay, split into main applicants (galv.) and family members (ģim.); investor reasons: investor in a company, in real estate, in a credit institution, in securities (bonds).","Listed on https://www.pmlp.gov.lv/lv/statistika-uzturesanas-atlaujas-2020-gads. ""First-time"" means the person had no earlier residence permit of any type (PDF selection condition); people switching from another permit basis are not counted, so these totals are lower than the first-time totals in PMLP annual reports. Counts are persons/permits, not investment amounts."
lva-pmlp-tua-first-2021,"Pirmreizējās TUA, izsniegtās 2021. gadā (first-time temporary residence permits issued, by nationality and reason)","Pilsonības un migrācijas lietu pārvalde (Office of Citizenship and Migration Affairs, PMLP)",,government,LVA,2022,2026-10-02,https://www.pmlp.gov.lv/lv/media/10473/download?attachment,,raw/lva-pmlp-tua-first-2021.xlsx,b34739aae29899b994eb132781a41fcb31fe0d8ca0718e735b3773a3b4c99024,"First-time temporary residence permits (TUA) issued in 2021. gadā, persons by nationality and reason of stay, split into main applicants (galv.) and family members (ģim.); investor reasons: investor in a company, in real estate, in a credit institution, in securities (bonds).","Listed on https://www.pmlp.gov.lv/lv/statistika-uzturesanas-atlaujas-2021-gads. ""First-time"" means the person had no earlier residence permit of any type (PDF selection condition); people switching from another permit basis are not counted, so these totals are lower than the first-time totals in PMLP annual reports. Counts are persons/permits, not investment amounts."
lva-pmlp-tua-first-2022,"Pirmreizējās TUA, izsniegtās 2022. gadā (first-time temporary residence permits issued, by nationality and reason)","Pilsonības un migrācijas lietu pārvalde (Office of Citizenship and Migration Affairs, PMLP)",,government,LVA,2023,2026-10-02,https://www.pmlp.gov.lv/lv/media/10497/download?attachment,,raw/lva-pmlp-tua-first-2022.xlsx,f12eda212836f0aef7b3961774eb694af6277a9dc87820ec25f0c7a7dab49ed8,"First-time temporary residence permits (TUA) issued in 2022. gadā, persons by nationality and reason of stay, split into main applicants (galv.) and family members (ģim.); investor reasons: investor in a company, in real estate, in a credit institution, in securities (bonds).","Listed on https://www.pmlp.gov.lv/lv/statistika-uzturesanas-atlaujas-2022-gads. ""First-time"" means the person had no earlier residence permit of any type (PDF selection condition); people switching from another permit basis are not counted, so these totals are lower than the first-time totals in PMLP annual reports. Counts are persons/permits, not investment amounts."
lva-pmlp-tua-first-2023,"Pirmreizējās TUA, izsniegtās 2023. gadā (first-time temporary residence permits issued, by nationality and reason)","Pilsonības un migrācijas lietu pārvalde (Office of Citizenship and Migration Affairs, PMLP)",,government,LVA,2024,2026-10-02,https://www.pmlp.gov.lv/lv/media/11424/download?attachment,,raw/lva-pmlp-tua-first-2023.xlsx,e699050452f151bf413b698f2ccc6265927f4383fddcbd527d6674eefe44dc51,"First-time temporary residence permits (TUA) issued in 2023. gadā, persons by nationality and reason of stay, split into main applicants (galv.) and family members (ģim.); investor reasons: investor in a company, in real estate, in a credit institution, in securities (bonds).","Listed on https://www.pmlp.gov.lv/lv/statistika-uzturesanas-atlaujas-2023-gads. ""First-time"" means the person had no earlier residence permit of any type (PDF selection condition); people switching from another permit basis are not counted, so these totals are lower than the first-time totals in PMLP annual reports. Counts are persons/permits, not investment amounts."
lva-pmlp-tua-first-2024,"Pirmreizējās TUA, izsniegtās 2024. gadā (first-time temporary residence permits issued, by nationality and reason)","Pilsonības un migrācijas lietu pārvalde (Office of Citizenship and Migration Affairs, PMLP)",,government,LVA,2025,2026-10-02,https://www.pmlp.gov.lv/lv/media/13002/download?attachment,,raw/lva-pmlp-tua-first-2024.xlsx,798f22bfe0677f3d4e148fbd2688bd5eeaf8a59834bf55ae239e15154b4d524d,"First-time temporary residence permits (TUA) issued in 2024. gadā, persons by nationality and reason of stay, split into main applicants (galv.) and family members (ģim.); investor reasons: investor in a company, in real estate, in a credit institution, in securities (bonds).","Listed on https://www.pmlp.gov.lv/lv/statistika-uzturesanas-atlaujas-2024-gads. ""First-time"" means the person had no earlier residence permit of any type (PDF selection condition); people switching from another permit basis are not counted, so these totals are lower than the first-time totals in PMLP annual reports. Counts are persons/permits, not investment amounts."
lva-pmlp-tua-first-2025,"Pirmreizējās TUA, izsniegtās 2025. gadā (first-time temporary residence permits issued, by nationality and reason)","Pilsonības un migrācijas lietu pārvalde (Office of Citizenship and Migration Affairs, PMLP)",,government,LVA,2026,2026-10-02,https://www.pmlp.gov.lv/lv/media/14696/download?attachment,,raw/lva-pmlp-tua-first-2025.xlsx,2bfb3fa709b9cbe202e2cb5ac19d37beefe0139af0cc25d874faf57e6cc9acb0,"First-time temporary residence permits (TUA) issued in 2025. gadā, persons by nationality and reason of stay, split into main applicants (galv.) and family members (ģim.); investor reasons: investor in a company, in real estate, in a credit institution, in securities (bonds).","Listed on https://www.pmlp.gov.lv/lv/statistika-uzturesanas-atlaujas-2025-gads. ""First-time"" means the person had no earlier residence permit of any type (PDF selection condition); people switching from another permit basis are not counted, so these totals are lower than the first-time totals in PMLP annual reports. Counts are persons/permits, not investment amounts."
lva-pmlp-tua-first-2026h1,"Pirmreizējās TUA, izsniegtās 2026. gada 1. pusgadā (first-time temporary residence permits issued, by nationality and reason)","Pilsonības un migrācijas lietu pārvalde (Office of Citizenship and Migration Affairs, PMLP)",,government,LVA,2026-07,2026-10-02,https://www.pmlp.gov.lv/lv/media/16169/download?attachment,,raw/lva-pmlp-tua-first-2026h1.xlsx,d23312bccb49a2c8dc53e3731c39914c85692525ec8245b4b49320fb4a28a561,"First-time temporary residence permits (TUA) issued in 2026. gada 1. pusgadā, persons by nationality and reason of stay, split into main applicants (galv.) and family members (ģim.); investor reasons: investor in a company, in real estate, in a credit institution, in securities (bonds).","Listed on https://www.pmlp.gov.lv/lv/uzturesanas-atlaujas. ""First-time"" means the person had no earlier residence permit of any type (PDF selection condition); people switching from another permit basis are not counted, so these totals are lower than the first-time totals in PMLP annual reports. Counts are persons/permits, not investment amounts."
lva-pmlp-tua-valid-2015-01-01,"Ārzemnieki ar derīgām termiņuzturēšanās atļaujām uz 2015-01-01 (foreigners holding valid temporary residence permits, by nationality and reason)","Pilsonības un migrācijas lietu pārvalde (Office of Citizenship and Migration Affairs, PMLP)",,government,LVA,2015-01,2026-10-02,https://www.pmlp.gov.lv/lv/media/721/download?attachment,,raw/lva-pmlp-tua-valid-2015-01-01.pdf,74bc622f6c1d87fefabb489436ff65e674a53f30692cace2f5442d837b2557c7,"Stock of valid temporary residence permits on 2015-01-01 by nationality and reason, main applicants (galv.) and family members (ģim.); investor reasons as separate columns (codes 187 company, 188 real estate, 189 credit institution, 177 securities in the PDF years).",Listed on https://www.pmlp.gov.lv/lv/statistika-uzturesanas-atlaujas-2015-gads. 
lva-pmlp-tua-valid-2016-01-01,"Ārzemnieki ar derīgām termiņuzturēšanās atļaujām uz 2016-01-01 (foreigners holding valid temporary residence permits, by nationality and reason)","Pilsonības un migrācijas lietu pārvalde (Office of Citizenship and Migration Affairs, PMLP)",,government,LVA,2016-01,2026-10-02,https://www.pmlp.gov.lv/lv/media/703/download?attachment,,raw/lva-pmlp-tua-valid-2016-01-01.pdf,5fdc3da4f723896350256620d69339977f1aa11c18437a01016c9885e1ffafa3,"Stock of valid temporary residence permits on 2016-01-01 by nationality and reason, main applicants (galv.) and family members (ģim.); investor reasons as separate columns (codes 187 company, 188 real estate, 189 credit institution, 177 securities in the PDF years).",Listed on https://www.pmlp.gov.lv/lv/statistika-uzturesanas-atlaujas-2016-gads. 
lva-pmlp-tua-valid-2017-01-01,"Ārzemnieki ar derīgām termiņuzturēšanās atļaujām uz 2017-01-01 (foreigners holding valid temporary residence permits, by nationality and reason)","Pilsonības un migrācijas lietu pārvalde (Office of Citizenship and Migration Affairs, PMLP)",,government,LVA,2017-01,2026-10-02,https://www.pmlp.gov.lv/lv/media/682/download?attachment,,raw/lva-pmlp-tua-valid-2017-01-01.pdf,4088f105e598773c53aafe4d24a481f2839e2b6600f95176b55ad99e9a87cedb,"Stock of valid temporary residence permits on 2017-01-01 by nationality and reason, main applicants (galv.) and family members (ģim.); investor reasons as separate columns (codes 187 company, 188 real estate, 189 credit institution, 177 securities in the PDF years).","Listed on https://www.pmlp.gov.lv/lv/statistika-uzturesanas-atlaujas-2017-gads. The PDF prints no date on the table itself; date taken from the PMLP page label ""uz 01.01.2017""."
lva-pmlp-tua-valid-2018-01-01,"Ārzemnieki ar derīgām termiņuzturēšanās atļaujām uz 2018-01-01 (foreigners holding valid temporary residence permits, by nationality and reason)","Pilsonības un migrācijas lietu pārvalde (Office of Citizenship and Migration Affairs, PMLP)",,government,LVA,2018-01,2026-10-02,https://www.pmlp.gov.lv/lv/media/658/download?attachment,,raw/lva-pmlp-tua-valid-2018-01-01.pdf,fba47752c6b60248939ff39ef08449514bcef6c6adbe6c00c05ea2e0195aad6e,"Stock of valid temporary residence permits on 2018-01-01 by nationality and reason, main applicants (galv.) and family members (ģim.); investor reasons as separate columns (codes 187 company, 188 real estate, 189 credit institution, 177 securities in the PDF years).",Listed on https://www.pmlp.gov.lv/lv/statistika-uzturesanas-atlaujas-2018-gads. 
lva-pmlp-tua-valid-2018-12-31,"Ārzemnieki ar derīgām termiņuzturēšanās atļaujām uz 2018-12-31 (foreigners holding valid temporary residence permits, by nationality and reason)","Pilsonības un migrācijas lietu pārvalde (Office of Citizenship and Migration Affairs, PMLP)",,government,LVA,2018-12,2026-10-02,https://www.pmlp.gov.lv/lv/media/640/download?attachment,,raw/lva-pmlp-tua-valid-2018-12-31.pdf,f9898d2556aa3ffda1b3ddac309033c8d5c7d4243d6ead42259e9f6b1ff2a6be,"Stock of valid temporary residence permits on 2018-12-31 by nationality and reason, main applicants (galv.) and family members (ģim.); investor reasons as separate columns (codes 187 company, 188 real estate, 189 credit institution, 177 securities in the PDF years).",Listed on https://www.pmlp.gov.lv/lv/statistika-uzturesanas-atlaujas-2018-gads. 
lva-pmlp-tua-valid-2019-07-01,"Ārzemnieki ar derīgām termiņuzturēšanās atļaujām uz 2019-07-01 (foreigners holding valid temporary residence permits, by nationality and reason)","Pilsonības un migrācijas lietu pārvalde (Office of Citizenship and Migration Affairs, PMLP)",,government,LVA,2019-07,2026-10-02,https://www.pmlp.gov.lv/lv/media/622/download?attachment,,raw/lva-pmlp-tua-valid-2019-07-01.pdf,938a57371fc2a8da6da19c3f1c334d1a2ba7af5352c2a38df6a01c18155384c7,"Stock of valid temporary residence permits on 2019-07-01 by nationality and reason, main applicants (galv.) and family members (ģim.); investor reasons as separate columns (codes 187 company, 188 real estate, 189 credit institution, 177 securities in the PDF years).",Listed on https://www.pmlp.gov.lv/lv/statistika-uzturesanas-atlaujas-2019-gads. 
lva-pmlp-tua-valid-2019-12-31,"Ārzemnieki ar derīgām termiņuzturēšanās atļaujām uz 2019-12-31 (foreigners holding valid temporary residence permits, by nationality and reason)","Pilsonības un migrācijas lietu pārvalde (Office of Citizenship and Migration Affairs, PMLP)",,government,LVA,2019-12,2026-10-02,https://www.pmlp.gov.lv/lv/media/610/download?attachment,,raw/lva-pmlp-tua-valid-2019-12-31.pdf,c7f549a4561b46407751e977c21027024e91dc9c24bc0f1f96ade2ec8ba0619e,"Stock of valid temporary residence permits on 2019-12-31 by nationality and reason, main applicants (galv.) and family members (ģim.); investor reasons as separate columns (codes 187 company, 188 real estate, 189 credit institution, 177 securities in the PDF years).",Listed on https://www.pmlp.gov.lv/lv/statistika-uzturesanas-atlaujas-2019-gads. 
lva-pmlp-tua-valid-2020-12-31,"Ārzemnieki ar derīgām termiņuzturēšanās atļaujām uz 2020-12-31 (foreigners holding valid temporary residence permits, by nationality and reason)","Pilsonības un migrācijas lietu pārvalde (Office of Citizenship and Migration Affairs, PMLP)",,government,LVA,2020-12,2026-10-02,https://www.pmlp.gov.lv/lv/media/3025/download?attachment,,raw/lva-pmlp-tua-valid-2020-12-31.pdf,4b1d3d17e565a6ac88c29fdbb70f24c1ae79ab17eafd4583b47c5884577014fc,"Stock of valid temporary residence permits on 2020-12-31 by nationality and reason, main applicants (galv.) and family members (ģim.); investor reasons as separate columns (codes 187 company, 188 real estate, 189 credit institution, 177 securities in the PDF years).",Listed on https://www.pmlp.gov.lv/lv/statistika-uzturesanas-atlaujas-2020-gads. 
lva-pmlp-tua-valid-2021-12-31,"Ārzemnieki ar derīgām termiņuzturēšanās atļaujām uz 2021-12-31 (foreigners holding valid temporary residence permits, by nationality and reason)","Pilsonības un migrācijas lietu pārvalde (Office of Citizenship and Migration Affairs, PMLP)",,government,LVA,2021-12,2026-10-02,https://www.pmlp.gov.lv/lv/media/10485/download?attachment,,raw/lva-pmlp-tua-valid-2021-12-31.xlsx,f6c20449f44d20aa65661f798c43aa18cdff1f17296e0b35067dc694e508af5b,"Stock of valid temporary residence permits on 2021-12-31 by nationality and reason, main applicants (galv.) and family members (ģim.); investor reasons as separate columns (codes 187 company, 188 real estate, 189 credit institution, 177 securities in the PDF years).",Listed on https://www.pmlp.gov.lv/lv/statistika-uzturesanas-atlaujas-2021-gads. 
lva-pmlp-tua-valid-2022-07-01,"Ārzemnieki ar derīgām termiņuzturēšanās atļaujām uz 2022-07-01 (foreigners holding valid temporary residence permits, by nationality and reason)","Pilsonības un migrācijas lietu pārvalde (Office of Citizenship and Migration Affairs, PMLP)",,government,LVA,2022-07,2026-10-02,https://www.pmlp.gov.lv/lv/media/10479/download?attachment,,raw/lva-pmlp-tua-valid-2022-07-01.xlsx,385da645a194f62d090a0d20b9ecf9236eb438364aae024cddd7fc99ba8d320a,"Stock of valid temporary residence permits on 2022-07-01 by nationality and reason, main applicants (galv.) and family members (ģim.); investor reasons as separate columns (codes 187 company, 188 real estate, 189 credit institution, 177 securities in the PDF years).",Listed on https://www.pmlp.gov.lv/lv/statistika-uzturesanas-atlaujas-2022-gads. 
lva-pmlp-tua-valid-2022-12-31,"Ārzemnieki ar derīgām termiņuzturēšanās atļaujām uz 2022-12-31 (foreigners holding valid temporary residence permits, by nationality and reason)","Pilsonības un migrācijas lietu pārvalde (Office of Citizenship and Migration Affairs, PMLP)",,government,LVA,2022-12,2026-10-02,https://www.pmlp.gov.lv/lv/media/10503/download?attachment,,raw/lva-pmlp-tua-valid-2022-12-31.xlsx,5d7d8c9216d51fd0e82d50f84f1fdfe6ef5348c4a906fc5633c0a2b6f005591c,"Stock of valid temporary residence permits on 2022-12-31 by nationality and reason, main applicants (galv.) and family members (ģim.); investor reasons as separate columns (codes 187 company, 188 real estate, 189 credit institution, 177 securities in the PDF years).",Listed on https://www.pmlp.gov.lv/lv/statistika-uzturesanas-atlaujas-2022-gads. 
lva-pmlp-tua-valid-2023-12-31,"Ārzemnieki ar derīgām termiņuzturēšanās atļaujām uz 2023-12-31 (foreigners holding valid temporary residence permits, by nationality and reason)","Pilsonības un migrācijas lietu pārvalde (Office of Citizenship and Migration Affairs, PMLP)",,government,LVA,2023-12,2026-10-02,https://www.pmlp.gov.lv/lv/media/11430/download?attachment,,raw/lva-pmlp-tua-valid-2023-12-31.xlsx,409f6b099eabbfe8d5237f7dfaed9e728d856e925826ed0fbb8c0394606c8848,"Stock of valid temporary residence permits on 2023-12-31 by nationality and reason, main applicants (galv.) and family members (ģim.); investor reasons as separate columns (codes 187 company, 188 real estate, 189 credit institution, 177 securities in the PDF years).",Listed on https://www.pmlp.gov.lv/lv/statistika-uzturesanas-atlaujas-2023-gads. 
lva-pmlp-tua-valid-2024-12-31,"Ārzemnieki ar derīgām termiņuzturēšanās atļaujām uz 2024-12-31 (foreigners holding valid temporary residence permits, by nationality and reason)","Pilsonības un migrācijas lietu pārvalde (Office of Citizenship and Migration Affairs, PMLP)",,government,LVA,2024-12,2026-10-02,https://www.pmlp.gov.lv/lv/media/13011/download?attachment,,raw/lva-pmlp-tua-valid-2024-12-31.xlsx,95f12f91dbd386641ca9a19b5a83108d25ddf2a3494869c26c447f15340f3025,"Stock of valid temporary residence permits on 2024-12-31 by nationality and reason, main applicants (galv.) and family members (ģim.); investor reasons as separate columns (codes 187 company, 188 real estate, 189 credit institution, 177 securities in the PDF years).",Listed on https://www.pmlp.gov.lv/lv/statistika-uzturesanas-atlaujas-2024-gads. 
lva-pmlp-tua-valid-2025-12-31,"Ārzemnieki ar derīgām termiņuzturēšanās atļaujām uz 2025-12-31 (foreigners holding valid temporary residence permits, by nationality and reason)","Pilsonības un migrācijas lietu pārvalde (Office of Citizenship and Migration Affairs, PMLP)",,government,LVA,2025-12,2026-10-02,https://www.pmlp.gov.lv/lv/media/14705/download?attachment,,raw/lva-pmlp-tua-valid-2025-12-31.xlsx,b1bc9bade8b1e4be011c99c249c4ef322c88a398399fc83f91c3ac47d2fb854d,"Stock of valid temporary residence permits on 2025-12-31 by nationality and reason, main applicants (galv.) and family members (ģim.); investor reasons as separate columns (codes 187 company, 188 real estate, 189 credit institution, 177 securities in the PDF years).",Listed on https://www.pmlp.gov.lv/lv/statistika-uzturesanas-atlaujas-2025-gads. 
lva-pmlp-tua-valid-2026-07-01,"Ārzemnieki ar derīgām termiņuzturēšanās atļaujām uz 2026-07-01 (foreigners holding valid temporary residence permits, by nationality and reason)","Pilsonības un migrācijas lietu pārvalde (Office of Citizenship and Migration Affairs, PMLP)",,government,LVA,2026-07,2026-10-02,https://www.pmlp.gov.lv/lv/media/16175/download?attachment,,raw/lva-pmlp-tua-valid-2026-07-01.xlsx,931ebacdf46f90bb2079e86370babcd3735263a72a1f361961599a1dae7305ed,"Stock of valid temporary residence permits on 2026-07-01 by nationality and reason, main applicants (galv.) and family members (ģim.); investor reasons as separate columns (codes 187 company, 188 real estate, 189 credit institution, 177 securities in the PDF years).",Listed on https://www.pmlp.gov.lv/lv/statistika-uzturesanas-atlaujas-2026-gads. 
mda-fisc-2020,Moratoriu asupra acordării cetățeniei prin investiții,Monitorul fiscal FISC.md,,media,MDA,2020-02,2026-10-02,https://monitorul.fisc.md/editorial/moratoriu-asupra-acordarii-cetateniei-prin-investitii.html,https://web.archive.org/web/20210228214050/https://monitorul.fisc.md/editorial/moratoriu-asupra-acordarii-cetateniei-prin-investitii.html,,,Government approval of the second moratorium bill; Law 107/2019 of 31 Jul 2019.,"Media article, linked not stored. Read in full by us; figures attributed to the source the article names. Publication date not clearly printed on the page (late Feb or early Mar 2020)."
mda-gov-moratorium-bill-2020,Hotărâre cu privire la aprobarea proiectului de lege pentru instituirea moratoriului privind acordarea cetățeniei Republicii Moldova în condițiile art. 17 alin. (11) și (12) din Legea cetățeniei nr. 1024/2000 (draft),Guvernul Republicii Moldova,,government,MDA,2020-02-26,2026-10-02,https://old.gov.md/sites/default/files/document/attachments/proiectul24.pdf,,raw/mda-gov-moratorium-bill-2020.pdf,9ba9ee9595981cf6934a7f444cebc064c532ea111c1f072211b66097739297e9,Government draft decision and draft law for a new moratorium on investor citizenship applications.,Draft as tabled at the government meeting (PDF created 26 Feb 2020; PM Ion Chicu). It proposes a moratorium until 1 Jan 2021; Parliament set 1 Sep 2020 instead (see intl-ec-com-2020-325 and mda-zdg-2020-08-07).
mda-mei-hg786-draft-2018,"Proiectul hotărârii de Guvern cu privire la modificarea Hotărârii Guvernului nr. 786 din 04.10.2017 cu privire la dobândirea cetățeniei prin investiție (draft, 20 Mar 2018)",Ministerul Economiei și Infrastructurii (via particip.gov.md),,government,MDA,2018-03-20,2026-10-02,https://particip.gov.md/index.php/ru/download_attachment/9083,,raw/mda-mei-hg786-draft-2018.docx,ca254dbf40cbfe640832b144dd424c26c3eb3345822ff54b7b6545196403dc80,"Consultation draft: an exclusive private company to design, run and promote the programme; due-diligence arrangements.","Consultation draft (23 Mar-5 Apr 2018), Word file; not the final text. The regulation itself (HG 786/2017) and the citizenship law could not be read: legis.md sits behind a Cloudflare challenge."
mda-moldovaorg-2019-08-06,Programul „Cetățenie prin Investiție”: au fost procesate cinci aplicații. Câți bani a obținut R.Moldova,Moldova.org,,media,MDA,2019-08-06,2026-10-02,https://www.moldova.org/programul-cetatenie-prin-investitie-au-fost-procesate-cinci-aplicatii-cati-bani-obtinut-r-moldova/,https://web.archive.org/web/20241005005414/https://www.moldova.org/programul-cetatenie-prin-investitie-au-fost-procesate-cinci-aplicatii-cati-bani-obtinut-r-moldova/,,,Henley & Partners statement after the first approvals; thresholds; economy minister on pending applications.,"Media article, linked not stored. Read in full by us; figures attributed to the source the article names."
mda-newsmaker-2020-02-25,Câți au cerut și câți au primit. Din ce țări sunt originare persoanele care au solicitat cetățenia Republicii Moldova prin intermediul programului de investiție,NewsMaker,,media,MDA,2020-02-25,2026-10-02,https://newsmaker.md/ro/cati-au-cerut-si-cati-au-primit-din-ce-tari-sunt-originare-persoanele-care-au-solicitat-cetatenia-republicii-moldova-prin-intermediul-programului-de-investitii,https://web.archive.org/web/20250131161314/https://newsmaker.md/ro/cati-au-cerut-si-cati-au-primit-din-ce-tari-sunt-originare-persoanele-care-au-solicitat-cetatenia-republicii-moldova-prin-intermediul-programului-de-investitii/,,,"Public Services Agency figures (Feb 2020): dossiers received, persons granted, money paid, refusals, nationalities.","Media article, linked not stored. Read in full by us; figures attributed to the source the article names."
mda-tv8-2020-06-18,Parlamentul a abrogat Legea cetățeniei prin investiții,TV8.md,,media,MDA,2020-06-18,2026-10-02,https://tv8.md/2020/06/18/doc-parlamentul-a-abrogat-legea-cetateniei-prin-investitii/136699,https://web.archive.org/web/20261002091449/https://tv8.md/2020/06/18/doc-parlamentul-a-abrogat-legea-cetateniei-prin-investitii/136699,,,Parliament vote of 18 Jun 2020 abolishing the scheme from 1 Sep 2020.,"Media article, linked not stored. Read in full by us; figures attributed to the source the article names."
mda-zdg-2020-08-07,"Alte 11 persoane vor primi cetățenia Republicii Moldova prin investiție. Decretul, semnat de Dodon",Ziarul de Gardă,,media,MDA,2020-08-07,2026-10-02,https://www.zdg.md/stiri/alte-11-persoane-vor-primi-cetatenia-republicii-moldova-prin-investitie-decretul-semnat-de-dodon/,https://web.archive.org/web/20250928211709/https://www.zdg.md/stiri/alte-11-persoane-vor-primi-cetatenia-republicii-moldova-prin-investitie-decretul-semnat-de-dodon/,,,Presidential decree of 3 Aug 2020 granting 11 persons; legislative history 2016-2020.,"Media article, linked not stored. Read in full by us; figures attributed to the source the article names."
mkd-dw-economic-citizenship-2023,Со инвестиција од 200.000 евра до македонско државјанство,Deutsche Welle (Macedonian service),,media,MKD,2023-02-02,2026-10-02,https://www.dw.com/mk/so-200000-evra-do-drzavjanstvo-nad-120-stranski-investitori-dobile-makedonski-pasos/a-64583263,http://web.archive.org/web/20260711024304/https://www.dw.com/mk/so-200000-evra-do-drzavjanstvo-nad-120-stranski-investitori-dobile-makedonski-pasos/a-64583263,,,"Interior Ministry (MVR) figures given to DW: Art. 11 grants 2005-2022 by type of interest; revocations; the decree's criteria; controversial cases (Subrata Roy's sons, Onyshchenko).","Figures are the ministry's, passed on by DW."
mkd-dw-golden-passports-2026,С. Македонија ги стега критериумите за „златните пасоши“,Deutsche Welle (Macedonian service),,media,MKD,2026-06-19,2026-10-02,https://www.dw.com/mk/kraj-za-kupuvaneto-drzavjanstva-makedonija-ja-menuva-regulativata-za-zlatnite-pasosi/a-77613183,http://web.archive.org/web/20260729020834/https://www.dw.com/mk/kraj-za-kupuvaneto-drzavjanstva-makedonija-ja-menuva-regulativata-za-zlatnite-pasosi/a-77613183,,,"Interior Ministry draft amendments to the Law on Citizenship published on ENER (June 2026): fixed investment amounts to be removed, case-by-case assessment; cites the European Commission and the CJEU Malta ruling.",The draft itself (on ener.gov.mk) could not be opened from here. Whether it has been adopted is not known as of 2026-10-02.
mkd-ec-report-2025,"North Macedonia 2025 Report, SWD(2025) 753 final",European Commission,,eu,MKD,2025-11-04,2026-10-02,https://enlargement.ec.europa.eu/document/download/267b368e-6b55-4a42-bb72-6395593de4da_en,,raw/mkd-ec-report-2025.pdf,8abb384c79bd41cbe21667aea54e5259220d7c29cd4a0e8f5dd0a2d94c34c235,Citizenship rights (Chapter 23): economic citizenship granted to two Turkish nationals in 2024 and one national of Bosnia and Herzegovina in 2025.,Annual enlargement-package report.
mkd-ec-screening-cluster1-2023,"Screening report North Macedonia, Cluster 1 - Fundamentals (external version)",European Commission,,eu,MKD,2023-07-20,2026-10-02,https://neighbourhood-enlargement.ec.europa.eu/system/files/2023-07/MK%20Cluster_1%20Draft%20screening%20report_external%20version.pdf,,raw/mkd-ec-screening-cluster1-2023.pdf,cdba5022053c2ff5f29e558983e65fb2cd840bb60ec7f021f049657e622a12a9,"Chapter 23 (EU citizenship rights) and Chapter 24 (visa policy): how the 'special economic interest' scheme works, 121 grants vs 40 negative decisions 2005-2022, the December 2012 amendment, Commission assessment.",The same 121 / 40 figures appear twice in the report (pp. 68 and 90).
mkd-makfax-zarrab-2017,„Макфакс“ истражува: Чавков му дал македонски пасош на уапсениот иранско-турски милијардер,"Makfax, republished by Tocka (karmin.tocka.com.mk)",,media,MKD,2017-09-01,2026-10-02,https://karmin.tocka.com.mk/vesti/242614/makfaks-istrazuva-cavkov-mu-dal-makedonski-pasos-na-uapseniot-iransko-turski-milijarder,,,,Reza Zarrab obtained Macedonian citizenship under Art. 11 in 2015 under the name Riza Saraf; Interior Ministry figure for Art. 11 grants 2013-2017.,No archive.org snapshot found. Republication of a Makfax agency investigation; the figures are quoted from the ministry.
mkd-sv-decree-2005-9,"Уредба за утврдување на критериумите за особен научен, економски, културен, спортски или друг национален интерес за стекнување на државјанство на Република Македонија, Службен весник бр. 9/2005","Службен весник на Република Македонија, no. 9/2005 (9 Feb 2005)",,legislation,MKD,2005-02-09,2026-10-02,https://slvesnik.com.mk/Issues/D89F22B33F72FB458654F991FDE67804.pdf,,raw/mkd-sv-decree-2005-9.pdf,7f0037e3f15c9ccccda95e53445d6105a934ae0df4f7093feb5e5cbe4c9e8c1a,"Original Government decree on the criteria (adopted 7 Feb 2005, in force the day after publication). Economic interest: direct investment, donation, securities, shares, know-how etc., with no minimum amount.",Whole gazette issue.
mkd-sv-decree-2012-161,"Уредба за изменување и дополнување на Уредбата за утврдување на критериумите за особен ... национален интерес за стекнување на државјанство, Службен весник бр. 161/2012","Службен весник на Република Македонија, no. 161/2012 (19 Dec 2012)",,legislation,MKD,2012-12-19,2026-10-02,https://slvesnik.com.mk/Issues/13461B123BA2034296ADCF25FC694DA0.pdf,,raw/mkd-sv-decree-2012-161.pdf,5e0af38dae4a8f3fc005ceebf36b63495a99f3d870d3c6ea17b49634e300e929,"Rewrites Art. 3 of the decree: special economic interest exists if the applicant invested at least EUR 400,000 per person as direct investment in new capacity (not restaurants or retail) with at least 10 permanent employees for at least one year; assessed by the Ministry of Finance. Adopted 6 Dec 2012, in force the day after publication.",Whole gazette issue.
mkd-sv-decree-2019-255,"Уредба за изменување на Уредбата за утврдување на критериумите за особен ... национален интерес за стекнување на државјанство, Службен весник на РСМ бр. 255/2019","Службен весник на Република Северна Македонија, no. 255/2019 (13 Dec 2019)",,legislation,MKD,2019-12-13,2026-10-02,https://slvesnik.com.mk/Issues/3c56d739a331402bbe0f8a5b58444064.pdf,,raw/mkd-sv-decree-2019-255.pdf,2a9a1ad80a7a8aa7c07fd186d03db25e61fc1e430506db683239d87e25d32d50,"Keeps the EUR 400,000 / 10 jobs route and adds a second route: at least EUR 200,000 per person for at least two years in a private investment fund (min. EUR 5,000,000 initial capital, no real estate, max. 500 foreign applicant-investors), assessed by the Fund for Innovation and Technology Development. Adopted 10 Dec 2019, in force the day after publication.",Whole gazette issue.
mkd-sv-decree-2021-42,"Уредба за дополнување на Уредбата за утврдување на критериумите за особен ... национален интерес за стекнување државјанство, Службен весник на РСМ бр. 42/2021","Службен весник на Република Северна Македонија, no. 42/2021 (19 Feb 2021)",,legislation,MKD,2021-02-19,2026-10-02,https://slvesnik.com.mk/Issues/424801ab3c854fa48b8092be314d7493.pdf,,raw/mkd-sv-decree-2021-42.pdf,6c13819193f53dafc9831396361baf0f7ac0e2cbe1da92c9231047ead249dde0,Adds a scientific-interest criterion and requires the Fund for Innovation and Technology Development to adopt a rulebook and fee tariff for assessing special economic interest. Adopted 16 Feb 2021; in force on the eighth day after publication.,Whole gazette issue. Investment amounts unchanged.
mkd-sv-law-citizenship-1992,"Закон за државјанството на Република Македонија (Law on Citizenship), Службен весник на Република Македонија бр. 67/1992","Службен весник на Република Македонија (Official Gazette), no. 67/1992",,legislation,MKD,1992,2026-10-02,https://slvesnik.com.mk/Issues/636F486DAC3C4E16941625E9C5B0EED1.pdf,,raw/mkd-sv-law-citizenship-1992.pdf,ccb340cb8c3a2b2881ca64e8642d389fcb04af5cccffc0cbdd26e0969a63205b,"Original Art. 11: exceptional naturalisation of adult foreigners where it is of special scientific, economic, cultural and national interest, with the Government's prior opinion.",Whole gazette issue. Exact issue date not checked; the text layer has errors.
mkd-sv-law-citizenship-amend-2004,"Закон за изменување и дополнување на Законот за државјанството на Република Македонија, Службен весник бр. 8/2004","Службен весник на Република Македонија, no. 8/2004 (23 Feb 2004)",,legislation,MKD,2004-02-23,2026-10-02,https://slvesnik.com.mk/Issues/9231FB9589008144895AD4048248C24B.pdf,,raw/mkd-sv-law-citizenship-amend-2004.pdf,d969af56201616b73b7faa60f1981ab7a0e93816998e28205de07ea838593c86,"Art. 8 of the amending law rewrites Art. 11(1) ('особен научен, економски, културен, спортски или друг национален интерес') and adds Art. 11(2): the Government sets the criteria by decree.",Whole gazette issue. Law adopted by the Assembly on 22 Jan 2004.
intl-cjeu-c181-23,"Judgment of the Court (Grand Chamber) of 29 April 2025, Commission v Malta (Citoyenneté par investissement), C-181/23, ECLI:EU:C:2025:283",Court of Justice of the European Union,,court,MLT,2025-04-29,2026-09-28,http://publications.europa.eu/resource/celex/62023CJ0181,,raw/intl-cjeu-c181-23.pdf,7a59993fa3456c18b2e9519dd7f9a419fbcf0b6231508bc5370d0fe0533bd9f2,Ruling that Malta's investor citizenship scheme breaches Article 20 TFEU and Article 4(3) TEU.,
mlt-act-xxi-2025,"Act No. XXI of 2025, Maltese Citizenship (Amendment) Act, 2025",Government of Malta (legislation.mt),,legislation,MLT,2025-07-24,2026-09-28,https://legislation.mt/eli/act/2025/21/eng,,raw/mlt-act-xxi-2025.pdf,cb247940a1d5b2921be0a0a16bb0128da3eaa94891f227e29006f803981fc22c,"Replaces art. 10(9) with naturalisation ""by merit""; deletes ""individual investor programme""; transitional clause for applications already filed",Assented 24 July 2025; passed by the House 23 July 2025.
mlt-amphora-2025-factcheck,"FATTI: EUR 1.4 Billion From Malta's Golden Passport Sales Was ""Invested In The People""",Amphora Media,Daiva Repečkaitė and Julian Bonnici,media,MLT,2025-05-14,2026-09-28,https://www.amphora.media/2025/05/fact-check-malta-golden-passports-funds-billion-people,https://web.archive.org/web/20260928133104/https://www.amphora.media/2025/05/fact-check-malta-golden-passports-funds-billion-people,,,Fact-check of the government's EUR 1.4 billion claim; payouts to social projects to July 2024,"Media; linked, not stored. Reports that the PM and a government press release cited EUR 1.4 billion, and that as of July 2024 EUR 41,847,629 had been paid out to social projects (figures given to Parliament in July 2024)."
mlt-cjeu-c181-23,"Judgment of the Court (Grand Chamber) of 29 April 2025, European Commission v Republic of Malta, Case C-181/23",Court of Justice of the European Union,,court,MLT,2025-04-29,2026-09-28,https://eur-lex.europa.eu/legal-content/EN/TXT/?uri=CELEX:62023CJ0181,,raw/mlt-cjeu-c181-23.html,23c48e51b9e4d58a0f32c823e8d18f8974a141dee8bdeb2370225960233801f2,"Full judgment (ECLI:EU:C:2025:283 per EUR-Lex): 2020 scheme conditions, infringement procedure history, the Court's reasoning and operative part","Read in a browser on EUR-Lex (CELEX 62023CJ0181). EUR-Lex and the new InfoCuria sit behind an AWS WAF challenge, so no copy is kept in raw/. The Court's press release is kept instead (mlt-cjeu-c181-23-press). The ECLI was not checked against the document. Stored copy taken from the Wayback Machine snapshot (original bytes, id_ link) on 2026-09-28."
mlt-cjeu-c181-23-press,Press Release No 52/25: Judgment of the Court in Case C-181/23 | Commission v Malta (Citizenship by investment),"Court of Justice of the European Union, Press and Information Unit",,court,MLT,2025-04-29,2026-09-28,https://curia.europa.eu/site/upload/docs/application/pdf/2025-04/cp250052en.pdf,,raw/mlt-cjeu-c181-23-press.pdf,d912f434620b5b8df3000ae9426aac2cdaa787f9258a5530645cb7018e1ded26,Summary of the judgment,"Unofficial document for media use, not binding on the Court."
mlt-cma-notice-2025-09-02,Amendments to the Maltese Citizenship Act and subsidiary legislation,Community Malta Agency (Aġenzija Komunità Malta),,government,MLT,2025-09-02,2026-09-28,https://komunita.gov.mt/2025/09/02/amendments-to-the-maltese-citizenship-act-and-subsidiary-legislation/,,raw/mlt-cma-notice-2025-09-02.html,e68b4862fbc3ccbe2750674e1db086c488e413c6d4d5f460d96f4a3fccbebf57,"Links Act XXI of 2025, LN 159 of 2025 and the amended S.L. 188.06",
mlt-cma-pr-2025-07-23,Press Release: The Government publishes amendments to the Maltese Citizenship Act,Community Malta Agency (Aġenzija Komunità Malta),,government,MLT,2025-07-23,2026-09-28,https://komunita.gov.mt/en/2025/07/23/press-release-the-government-publishes-amendments-to-the-maltese-citizenship-act/,,raw/mlt-cma-pr-2025-07-23.html,9eae43c15f998858b6bebcfb88aa7cac91abb23fcd239e8e5ac005e8a96a773f,Government's response to C-181/23: the scheme is discontinued and the merit route strengthened,
mlt-ec-ip-20-1925,"Investor citizenship schemes: European Commission opens infringements against Cyprus and Malta for ""selling"" EU citizenship (IP/20/1925)",European Commission,,eu,MLT,2020-10-20,2026-09-28,https://ec.europa.eu/commission/presscorner/detail/en/ip_20_1925,,raw/mlt-ec-ip-20-1925.html,09abdb2f90d4fed49e349f71888993051adad9e8586017d235675a95effa47c9,Letters of formal notice to Malta and Cyprus,Copy saved from the presscorner API (HTML body only).
mlt-ec-ip-22-5422,Investor citizenship scheme: Commission refers MALTA to the Court of Justice (IP/22/5422),European Commission,,eu,MLT,2022-09-29,2026-09-28,https://ec.europa.eu/commission/presscorner/detail/en/ip_22_5422,,raw/mlt-ec-ip-22-5422.html,6ed4001c76fa293fbc595cb5379883c4acbe0e37d473f7a02ddd3a23f69dafb0,"Infringement timeline: LFN 20 Oct 2020, additional LFN 9 Jun 2021, reasoned opinion 6 Apr 2022, referral 29 Sep 2022",Copy saved from the presscorner API (HTML body only).
mlt-imf-art4-2019,Malta: 2019 Article IV Consultation - Press Release; Staff Report; and Statement by the Executive Director for Malta (IMF Country Report No. 19/68),International Monetary Fund,,imf,MLT,2019,2026-09-28,https://www.imf.org/-/media/Files/Publications/CR/2019/1MLTEA2019001.ashx,,raw/mlt-imf-art4-2019.pdf,dc3b9a197f1fab3a3ebee57e89d752053294595256ef5f7a7c7f3f66faf66d2a,"Fiscal balance with and without IIP proceeds, 2016-2024; IIP export receipts in the current account","IMF media URLs return 403 to curl from this machine, so no copy is kept (should be added to raw/). Read in a browser via pdf.js; page numbers are PDF indices. Stored copy downloaded through a web browser on 2026-09-28 (the site blocks scripted downloads)."
mlt-ln-2014-47,"L.N. 47 of 2014, Individual Investor Programme of the Republic of Malta Regulations, 2014",Government of Malta (legislation.mt),,legislation,MLT,2014-02-04,2026-09-28,https://legislation.mt/eli/ln/2014/47/eng,,raw/mlt-ln-2014-47.pdf,ea85f2ae9fd14062efab25c06f0a613e904c2f25f6c20928dc7f1b9fc6e947eb,"Original IIP regulations: contributions, property, investment, 12-month residence, 1,800 cap, 70% to NDSF, fees","Publication date from legislation.mt metadata (""Published"": ""2014-02-04""). Original text only; later amendments (e.g. LN 161 of 2020) were not read."
mlt-ln-2020-437,"L.N. 437 of 2020, Granting of Citizenship for Exceptional Services Regulations, 2020",Government of Malta (legislation.mt),,legislation,MLT,2020-11-20,2026-09-28,https://legislation.mt/eli/ln/2020/437/eng,,raw/mlt-ln-2020-437.pdf,151f059ea2b02682c8fdf251608dbb7516883e06cfa575920a21e7fa55638f86,"Terms of the 2020 scheme (mlt-mec): EUR 600,000/750,000 contribution, EUR 700,000 property or EUR 16,000 rent, EUR 10,000 donation, 36/12 months residence, 400/yr and 1,500 caps",Publication date from legislation.mt metadata.
mlt-ln-2021-121,"L.N. 121 of 2021, Malta Permanent Residence Programme Regulations, 2021",Government of Malta (legislation.mt),,legislation,MLT,2021-03-26,2026-09-28,https://legislation.mt/eli/ln/2021/121/eng,,raw/mlt-ln-2021-121.pdf,e52840aef51063db2ed2c040335f52195480b381f87c1c6fe1f2b3a75c9541ad,"Original MPRP terms (2021): property, rent, capital, administration fee, contribution, donation",Publication date from legislation.mt metadata.
mlt-ln-2025-159,"L.N. 159 of 2025, Granting of Citizenship for Exceptional Services (Amendment) Regulations, 2025",Government of Malta (legislation.mt),,legislation,MLT,2025-07-29,2026-09-28,https://legislation.mt/eli/ln/2025/159/eng,,raw/mlt-ln-2025-159.pdf,e5e5937bc599995261614a45b65f0a8c70683ebdc357fddc8d5f951e51f94629,Amends S.L. 188.06 for merit-based naturalisation after the judgment,Publication date from legislation.mt metadata. Only the title page was read; the substance was not analysed.
mlt-ndsf-ar-2020,"National Development and Social Fund, Annual Report and Financial Statements, 31 December 2020",National Development and Social Fund (Malta),,government,MLT,,2026-09-28,https://ndsf.com.mt/wp-content/uploads/2023/08/Annual-Report-2020.pdf,,raw/mlt-ndsf-ar-2020.pdf,ba370c3a46a48aa32c79aa87f7cdae35ede09b2640518e1d6d8bec7db560ed54,Funds received from IIP agencies each year 2016-2020 and cumulative; LN 161 of 2020 cut the NDSF share from 70% to 20%,"ndsf.com.mt returns HTTP 403 to curl (bot protection), so no copy is kept. Read in a browser via pdf.js; page numbers are PDF indices. Internal inconsistency: cumulative receipts are EUR 599.8 million in the text (PDF p. 12) but EUR 599,375,449 in the financial highlights (PDF p. 27). Stored copy downloaded through a web browser on 2026-09-28 (the site blocks scripted downloads)."
mlt-ndsf-ar-2025,"National Development and Social Fund, Annual Report and Financial Statements, 31 December 2025",National Development and Social Fund (Malta),,government,MLT,2026-09,2026-09-28,https://ndsf.com.mt/wp-content/uploads/2026/09/NDSF_Annual-Report_2025.pdf,,raw/mlt-ndsf-ar-2025.pdf,72b798829fcac9e18bf7d99c7bde4a1f315c55b00859fdf316690406c219993a,Funds received in 2024 and 2025 and cumulative to end-2025; effect of the judgment on the Fund,"Upload folder 2026/09 suggests publication in Sept 2026. Blocked for curl (HTTP 403); read in a browser via pdf.js. Earlier NDSF reports (2016-2019, 2021-2024) are listed at https://ndsf.com.mt/annual-reports-and-financial-statements/ but were not read. Stored copy downloaded through a web browser on 2026-09-28 (the site blocks scripted downloads)."
mlt-occrp-daphne-2018,Murdered Maltese Journalist was Investigating Island's Golden Visas,OCCRP (The Daphne Project),Lorenzo Bagnoli (IRPI),media,MLT,2018-04-18,2026-09-28,https://www.occrp.org/en/project/the-daphne-project/murdered-maltese-journalist-was-investigating-islands-golden-visas,https://web.archive.org/web/20260606144442/https://www.occrp.org/en/project/the-daphne-project/murdered-maltese-journalist-was-investigating-islands-golden-visas,,,"Estimated IIP money raised, applicant numbers, Henley income, alleged kickbacks","Media; linked, not stored. No source given for the EUR 850 million estimate. It also says Henley ""has made at least EUR 20 million in fees and other income""; official distributions to Henley & Partners reached EUR 28,800,000 by 30 June 2018 (mlt-orgcem-ar-2018, PDF p. 21)."
mlt-orgcem-ar-2014,First Annual Report on the IIP Programme of the Government of Malta,Office of the Regulator (Malta),,government,MLT,2014-10,2026-09-28,https://orgcem.gov.mt/wp-content/uploads/2024/04/Annual-Report-2014.pdf,,raw/mlt-orgcem-ar-2014.pdf,72598a41f9ae85c401c4324f3bd5751fa355b218c07a245d473b9f01443fd090,"IIP launch, legal set-up, the EC agreement of 29 Jan 2014, and applications to end-June 2014 (173 main applications)","Official annual report of the Office of the Regulator (ORiip, renamed OR-GCES in Nov 2020, ORGCEM later), laid under art. 25(8) Maltese Citizenship Act. orgcem.gov.mt sits behind a Cloudflare bot check: curl gets HTTP 403, so no copy is kept in raw/ (except 2014, saved through a browser). Text was read from the PDF text layer in a browser (pdf.js). Page numbers are PDF page indices, with the printed page number where one exists. Spacing artefacts from the text layer (e.g. '202 1') have been removed in quotes. Reports up to 2019 cover 1 July-30 June; the 2019-2020 report covers 18 months (1 Jul 2019-31 Dec 2020); from 2021 on, reports cover calendar years. Mostly narrative; few statistics."
mlt-orgcem-ar-2015,Second Annual Report on the IIP Programme of the Government of Malta,Office of the Regulator (Malta),,government,MLT,2015-10,2026-09-28,https://orgcem.gov.mt/wp-content/uploads/2024/04/Annual-Report-2015.pdf,,raw/mlt-orgcem-ar-2015.pdf,823c09c80265c0264d5c8957cd2e0bcd671c078e3fd1a22708e1f021fa76412c,"FY 1 Jul 2014-30 Jun 2015: applications, rejections, letters of approval, naturalisations, funds received, property and investments","Official annual report of the Office of the Regulator (ORiip, renamed OR-GCES in Nov 2020, ORGCEM later), laid under art. 25(8) Maltese Citizenship Act. orgcem.gov.mt sits behind a Cloudflare bot check: curl gets HTTP 403, so no copy is kept in raw/ (except 2014, saved through a browser). Text was read from the PDF text layer in a browser (pdf.js). Page numbers are PDF page indices, with the printed page number where one exists. Spacing artefacts from the text layer (e.g. '202 1') have been removed in quotes. Reports up to 2019 cover 1 July-30 June; the 2019-2020 report covers 18 months (1 Jul 2019-31 Dec 2020); from 2021 on, reports cover calendar years. Stored copy downloaded through a web browser on 2026-09-28 (the site blocks scripted downloads)."
mlt-orgcem-ar-2016,ORiip Annual Report 2016,Office of the Regulator (Malta),,government,MLT,,2026-09-28,https://orgcem.gov.mt/wp-content/uploads/2024/04/Annual-Report-2016.pdf,,raw/mlt-orgcem-ar-2016.pdf,df204714022b331c5da4b98811f1508b2cac6371a615de8856ef9171a0d1142f,"FY 2015/16: applications, outcomes, naturalisations, contributions collected and distributed (NDSF, Consolidated Fund, Identity Malta, Henley & Partners), fees","Official annual report of the Office of the Regulator (ORiip, renamed OR-GCES in Nov 2020, ORGCEM later), laid under art. 25(8) Maltese Citizenship Act. orgcem.gov.mt sits behind a Cloudflare bot check: curl gets HTTP 403, so no copy is kept in raw/ (except 2014, saved through a browser). Text was read from the PDF text layer in a browser (pdf.js). Page numbers are PDF page indices, with the printed page number where one exists. Spacing artefacts from the text layer (e.g. '202 1') have been removed in quotes. Reports up to 2019 cover 1 July-30 June; the 2019-2020 report covers 18 months (1 Jul 2019-31 Dec 2020); from 2021 on, reports cover calendar years. Publication date not printed on the pages read. Stored copy downloaded through a web browser on 2026-09-28 (the site blocks scripted downloads)."
mlt-orgcem-ar-2017,ORiip Annual Report 2017,Office of the Regulator (Malta),,government,MLT,,2026-09-28,https://orgcem.gov.mt/wp-content/uploads/2024/04/Annual-Report-2017.pdf,,raw/mlt-orgcem-ar-2017.pdf,a68e1f66738e91a5b30eef4aa9711889cb63ab0b13db580f62bc56eb904e6c49,"FY 2016/17: same tables as 2016, monthly naturalisation table","Official annual report of the Office of the Regulator (ORiip, renamed OR-GCES in Nov 2020, ORGCEM later), laid under art. 25(8) Maltese Citizenship Act. orgcem.gov.mt sits behind a Cloudflare bot check: curl gets HTTP 403, so no copy is kept in raw/ (except 2014, saved through a browser). Text was read from the PDF text layer in a browser (pdf.js). Page numbers are PDF page indices, with the printed page number where one exists. Spacing artefacts from the text layer (e.g. '202 1') have been removed in quotes. Reports up to 2019 cover 1 July-30 June; the 2019-2020 report covers 18 months (1 Jul 2019-31 Dec 2020); from 2021 on, reports cover calendar years. Publication date not printed on the pages read. Stored copy downloaded through a web browser on 2026-09-28 (the site blocks scripted downloads)."
mlt-orgcem-ar-2018,ORiip Annual Report 2018,Office of the Regulator (Malta),,government,MLT,,2026-09-28,https://orgcem.gov.mt/wp-content/uploads/2024/04/Annual-Report-2018.pdf,,raw/mlt-orgcem-ar-2018.pdf,648c2d072e23e0c3a3d2219bc32506e966e35a6dc6b379a23cf71ece6c2119a2,"FY 2017/18: applications, outcomes, naturalisations, property, government stocks, contributions and distributions","Official annual report of the Office of the Regulator (ORiip, renamed OR-GCES in Nov 2020, ORGCEM later), laid under art. 25(8) Maltese Citizenship Act. orgcem.gov.mt sits behind a Cloudflare bot check: curl gets HTTP 403, so no copy is kept in raw/ (except 2014, saved through a browser). Text was read from the PDF text layer in a browser (pdf.js). Page numbers are PDF page indices, with the printed page number where one exists. Spacing artefacts from the text layer (e.g. '202 1') have been removed in quotes. Reports up to 2019 cover 1 July-30 June; the 2019-2020 report covers 18 months (1 Jul 2019-31 Dec 2020); from 2021 on, reports cover calendar years. Publication date not printed on the pages read. Stored copy downloaded through a web browser on 2026-09-28 (the site blocks scripted downloads)."
mlt-orgcem-ar-2019,ORiip Annual Report 2019,Office of the Regulator (Malta),,government,MLT,,2026-09-28,https://orgcem.gov.mt/wp-content/uploads/2024/04/Annual-Report-2019.pdf,,raw/mlt-orgcem-ar-2019.pdf,91327619fd0f438b0d1cf638b7fb7db2d3acecdace783ed9c8c2717a544ddab5,FY 2018/19: same tables; critique of EC/EP/OECD reports,"Official annual report of the Office of the Regulator (ORiip, renamed OR-GCES in Nov 2020, ORGCEM later), laid under art. 25(8) Maltese Citizenship Act. orgcem.gov.mt sits behind a Cloudflare bot check: curl gets HTTP 403, so no copy is kept in raw/ (except 2014, saved through a browser). Text was read from the PDF text layer in a browser (pdf.js). Page numbers are PDF page indices, with the printed page number where one exists. Spacing artefacts from the text layer (e.g. '202 1') have been removed in quotes. Reports up to 2019 cover 1 July-30 June; the 2019-2020 report covers 18 months (1 Jul 2019-31 Dec 2020); from 2021 on, reports cover calendar years. Publication date not printed on the pages read. Stored copy downloaded through a web browser on 2026-09-28 (the site blocks scripted downloads)."
mlt-orgcem-ar-2020,OR-GCES Annual Report 2019-2020,Office of the Regulator (Malta),,government,MLT,,2026-09-28,https://orgcem.gov.mt/wp-content/uploads/2024/04/Annual-Report-2020-25_01_2022.pdf,,raw/mlt-orgcem-ar-2020.pdf,c8f1d329db19fa5da5f5720c1c4702be69d1cc0b66067847736d68acb937d311,"18 months 1 Jul 2019-31 Dec 2020; first calendar-year series for 2015-2020 (applications, approvals, refusals, naturalisations, contributions 2014-2020); describes the end of the IIP and LN 437 of 2020","Official annual report of the Office of the Regulator (ORiip, renamed OR-GCES in Nov 2020, ORGCEM later), laid under art. 25(8) Maltese Citizenship Act. orgcem.gov.mt sits behind a Cloudflare bot check: curl gets HTTP 403, so no copy is kept in raw/ (except 2014, saved through a browser). Text was read from the PDF text layer in a browser (pdf.js). Page numbers are PDF page indices, with the printed page number where one exists. Spacing artefacts from the text layer (e.g. '202 1') have been removed in quotes. Reports up to 2019 cover 1 July-30 June; the 2019-2020 report covers 18 months (1 Jul 2019-31 Dec 2020); from 2021 on, reports cover calendar years. File name suggests a version dated 25 Jan 2022. Stored copy downloaded through a web browser on 2026-09-28 (the site blocks scripted downloads)."
mlt-orgcem-ar-2021,OR-GCES Annual Report 2021,Office of the Regulator (Malta),,government,MLT,,2026-09-28,https://orgcem.gov.mt/wp-content/uploads/2024/04/Annual-Report-2021.pdf,,raw/mlt-orgcem-ar-2021.pdf,032280e912c1b4c806617c72f5e1f0cbf2532c795ee9fabd948017bacc145dcd,Calendar 2021: IIP series 2015-2021; first statistics for the 2020 scheme (75 eligibility applications),"Official annual report of the Office of the Regulator (ORiip, renamed OR-GCES in Nov 2020, ORGCEM later), laid under art. 25(8) Maltese Citizenship Act. orgcem.gov.mt sits behind a Cloudflare bot check: curl gets HTTP 403, so no copy is kept in raw/ (except 2014, saved through a browser). Text was read from the PDF text layer in a browser (pdf.js). Page numbers are PDF page indices, with the printed page number where one exists. Spacing artefacts from the text layer (e.g. '202 1') have been removed in quotes. Reports up to 2019 cover 1 July-30 June; the 2019-2020 report covers 18 months (1 Jul 2019-31 Dec 2020); from 2021 on, reports cover calendar years. Stored copy downloaded through a web browser on 2026-09-28 (the site blocks scripted downloads)."
mlt-orgcem-ar-2022,OR-GCES Annual Report 2022,Office of the Regulator (Malta),,government,MLT,2025-02,2026-09-28,https://orgcem.gov.mt/wp-content/uploads/2025/02/Annual-Report-2022.pdf,,raw/mlt-orgcem-ar-2022.pdf,d1e4e6d8e16232ba72b85640280e61370e43489920f572ae2424719ef7783901,"Calendar 2022: first full year of the 2020 scheme (eligibility applications, approvals, naturalisations, contributions, distributions); IIP series to 2022","Official annual report of the Office of the Regulator (ORiip, renamed OR-GCES in Nov 2020, ORGCEM later), laid under art. 25(8) Maltese Citizenship Act. orgcem.gov.mt sits behind a Cloudflare bot check: curl gets HTTP 403, so no copy is kept in raw/ (except 2014, saved through a browser). Text was read from the PDF text layer in a browser (pdf.js). Page numbers are PDF page indices, with the printed page number where one exists. Spacing artefacts from the text layer (e.g. '202 1') have been removed in quotes. Reports up to 2019 cover 1 July-30 June; the 2019-2020 report covers 18 months (1 Jul 2019-31 Dec 2020); from 2021 on, reports cover calendar years. Publication month inferred from the ORGCEM news item on the ninth annual report (file News-032_Hrug-tad-disa-Rapport-Annwali, uploaded 2025/02). Internal inconsistency: the IIP contributions grand total is printed as EUR 1,153,415,534.34 in the text (PDF p. 68) but EUR 1,150,300,000 in Table 35 on the same page. Stored copy downloaded through a web browser on 2026-09-28 (the site blocks scripted downloads)."
mlt-orgcem-ar-2023,OR-GCES Annual Report 2023,Office of the Regulator (Malta),,government,MLT,2025-04,2026-09-28,https://orgcem.gov.mt/wp-content/uploads/2025/04/OR-GCES-10-Annual-Report-2023.pdf,,raw/mlt-orgcem-ar-2023.pdf,fe0f490ec85fb3569eb0db80314e999f5780e0c36c68945b6458e4ae48bd65a1,Calendar 2023: 2020 scheme statistics; IIP naturalisations and cumulative totals,"Official annual report of the Office of the Regulator (ORiip, renamed OR-GCES in Nov 2020, ORGCEM later), laid under art. 25(8) Maltese Citizenship Act. orgcem.gov.mt sits behind a Cloudflare bot check: curl gets HTTP 403, so no copy is kept in raw/ (except 2014, saved through a browser). Text was read from the PDF text layer in a browser (pdf.js). Page numbers are PDF page indices, with the printed page number where one exists. Spacing artefacts from the text layer (e.g. '202 1') have been removed in quotes. Reports up to 2019 cover 1 July-30 June; the 2019-2020 report covers 18 months (1 Jul 2019-31 Dec 2020); from 2021 on, reports cover calendar years. Publication month inferred from the ORGCEM news item on the tenth annual report (uploaded 2025/04). Stored copy downloaded through a web browser on 2026-09-28 (the site blocks scripted downloads)."
mlt-orgcem-ar-2024,ORGCEM Annual Report 2024,Office of the Regulator (Malta),,government,MLT,2026-04,2026-09-28,https://orgcem.gov.mt/wp-content/uploads/2026/04/Annual-Report-2024.pdf,,raw/mlt-orgcem-ar-2024.pdf,adfa7a54a0ae2ef6b7bc099fda3fc03adcb08517be71693a133aa4124b835a06,"Calendar 2024: 2020 scheme statistics (applications, approvals, naturalisations 2022-2024, contributions, distributions); IIP cumulative totals to end-2024; the Advocate General opinion","Official annual report of the Office of the Regulator (ORiip, renamed OR-GCES in Nov 2020, ORGCEM later), laid under art. 25(8) Maltese Citizenship Act. orgcem.gov.mt sits behind a Cloudflare bot check: curl gets HTTP 403, so no copy is kept in raw/ (except 2014, saved through a browser). Text was read from the PDF text layer in a browser (pdf.js). Page numbers are PDF page indices, with the printed page number where one exists. Spacing artefacts from the text layer (e.g. '202 1') have been removed in quotes. Reports up to 2019 cover 1 July-30 June; the 2019-2020 report covers 18 months (1 Jul 2019-31 Dec 2020); from 2021 on, reports cover calendar years. Publication month inferred from the ORGCEM news item on the eleventh annual report (uploaded 2026/04). Stored copy downloaded through a web browser on 2026-09-28 (the site blocks scripted downloads)."
mlt-sl-217-26-2025,"Subsidiary Legislation 217.26, Malta Permanent Residence Programme Regulations (LN 121 of 2021 as amended by LNs 57 and 310 of 2024 and 146 of 2025)",Residency Malta Agency,,legislation,MLT,2025-08,2026-09-28,https://residencymalta.gov.mt/wp-content/uploads/2025/08/S.L.217.26-Amended-by-LN-310-of-2024_-LN-146-of-2025.pdf,,raw/mlt-sl-217-26-2025.pdf,9f935834253b5dff3feb4dda1575dd382b1913229d36b476947190ad248098a5,Consolidated MPRP terms after the 2024-2025 amendments,Consolidation posted by the agency (not the official legislation.mt consolidation). The date each amended amount took effect was not checked (the schedule refers to regulation 16 of LN 146 of 2025).
mne-biznis-2026-05-18,Ekonomsko državljanstvo dobilo 867 stranaca za uloženih 251 milion eura,Biznis.me,,media,MNE,2026-05-18,2026-10-02,https://biznis.me/ekonomsko-drzavljanstvo-dobilo-867-stranaca-za-ulozenih-251-milion-eura/,https://web.archive.org/web/20261002114209/https://biznis.me/ekonomsko-drzavljanstvo-dobilo-867-stranaca-za-ulozenih-251-milion-eura/,,,"Government information on the programme with data to 30 Apr 2026 (as reported by Vijesti): approvals, rejections, money raised.","Media article, linked not stored. Read in full by us; figures attributed to the source the article names. The underlying government document (Informacija o stanju Posebnog programa ulaganja, on gov.me) could not be opened: gov.me timed out from both curl and the browser."
mne-cdm-2026-08-21,"Gdje je završio novac od ekonomskog državljanstva: 251,2 miliona u turizmu, 31,4 miliona za inovacije",CdM,,media,MNE,2026-08-21,2026-10-02,https://www.cdm.me/ekonomija/gdje-je-zavrsio-novac-od-ekonomskog-drzavljanstva-2512-miliona-u-turizmu-314-miliona-za-inovacije/,https://web.archive.org/web/20261002114305/https://www.cdm.me/ekonomija/gdje-je-zavrsio-novac-od-ekonomskog-drzavljanstva-2512-miliona-u-turizmu-314-miliona-za-inovacije/,,,"Government information published on gov.me with data to 31 Jul 2026: 1,113 applications, 869 approved, EUR 251,222,956.09 paid into tourism projects, transfers for less developed municipalities.","Media article, linked not stored. Read in full by us; figures attributed to the source the article names."
mne-ec-report-2019,"Montenegro 2019 Report, Commission Staff Working Document, SWD(2019) 217 final",European Commission,,eu,MNE,2019-05-29,2026-10-02,http://publications.europa.eu/resource/celex/52019SC0217,,raw/mne-ec-report-2019.pdf,145afb0411fc34441dda29d1608599ac63bb81ba9c975342b0b3c0615f357f0d,"Annual enlargement report; chapters 23, 24 and 4 discuss the investor citizenship scheme.",Page numbers in observations are PDF page indices.
mne-ec-report-2020,"Montenegro 2020 Report, Commission Staff Working Document, SWD(2020) 353 final",European Commission,,eu,MNE,2020-10-06,2026-10-02,http://publications.europa.eu/resource/celex/52020SC0353,,raw/mne-ec-report-2020.pdf,51cd4060b2e75d6684855c65cdac4e20908243e37633db6b868fe19e7378b2fb,"Annual enlargement report; chapters 23, 24 and 4 discuss the investor citizenship scheme.",Page numbers in observations are PDF page indices.
mne-ec-report-2021,"Montenegro 2021 Report, Commission Staff Working Document, SWD(2021) 293 final",European Commission,,eu,MNE,2021-10-19,2026-10-02,http://publications.europa.eu/resource/celex/52021SC0293,,raw/mne-ec-report-2021.pdf,27567b92340a3dac9c57141e9f86a4bdd9f313cc82da685006abb77fc25125cc,"Annual enlargement report; chapters 23, 24 and 4 discuss the investor citizenship scheme.",Page numbers in observations are PDF page indices.
mne-ec-report-2022,"Montenegro 2022 Report, Commission Staff Working Document, SWD(2022) 335 final",European Commission,,eu,MNE,2022-10-12,2026-10-02,http://publications.europa.eu/resource/celex/52022SC0335,,raw/mne-ec-report-2022.pdf,5e7bae2b0f78b97a25a1c84d7a85aee296576eae0e4977920c470c03cd9db13a,"Annual enlargement report; chapters 23, 24 and 4 discuss the investor citizenship scheme.",Page numbers in observations are PDF page indices.
mne-ec-report-2023,"Montenegro 2023 Report, Commission Staff Working Document, SWD(2023) 694 final",European Commission,,eu,MNE,2023-11-08,2026-10-02,http://publications.europa.eu/resource/celex/52023SC0694,,raw/mne-ec-report-2023.pdf,ae85151699b833d60baf8b1be3e80d1a84c719d61e36fd586a6c8b592449b124,"Annual enlargement report; chapters 23, 24 and 4 discuss the investor citizenship scheme.",Page numbers in observations are PDF page indices.
mne-ec-report-2024,"Montenegro 2024 Report, Commission Staff Working Document, SWD(2024) 694 final",European Commission,,eu,MNE,2024-10-30,2026-10-02,http://publications.europa.eu/resource/celex/52024SC0694,,raw/mne-ec-report-2024.pdf,52af559ef918290978d771a1b0dc60936c6104f8b1e33fe4565d70e8ccb86aa6,"Annual enlargement report; chapters 23, 24 and 4 discuss the investor citizenship scheme.",Page numbers in observations are PDF page indices.
mne-investitor-2022-03-11,Investitori ostali bez pasoša: Šest hotela na primorju i sjeveru izbačeno s liste razvojnih projekata,Investitor.me,,media,MNE,2022-03-11,2026-10-02,https://investitor.me/2022/03/11/investitori-ostali-bez-pasosa-sest-hotela-na-primorju-i-sjeveru-izbaceno-s-liste-razvojnih-projekata/,https://web.archive.org/web/20261002114347/https://investitor.me/2022/03/11/investitori-ostali-bez-pasosa-sest-hotela-na-primorju-i-sjeveru-izbaceno-s-liste-razvojnih-projekata/,,,Government removes six hotel projects from the list of development projects (bank guarantees not provided); revised list of ten projects.,"Media article, linked not stored. Read in full by us; figures attributed to the source the article names."
mne-investitor-2026-07-10,Ekonomsko državljanstvo najviše preko Henley & Partnersa: Kroz program prošlo 413 miliona eura,Investitor.me,,media,MNE,2026-07-10,2026-10-02,https://investitor.me/2026/07/10/ekonomsko-drzavljanstvo-najvise-preko-henley-partnersa-kroz-program-proslo-413-miliona-eura/,https://web.archive.org/web/20261002114431/https://investitor.me/2026/07/10/ekonomsko-drzavljanstvo-najvise-preko-henley-partnersa-kroz-program-proslo-413-miliona-eura/,,,"Government information with data to 1 Jul 2026: applications by agent, money paid into projects, fees, Innovation Fund; the outlet's own total of EUR 413 million.","Media article, linked not stored. Read in full by us; figures attributed to the source the article names."
mne-mediterannews-2026-09-11,"Ekonomsko državljanstvo još nije završena priča: Pet zahtjeva i 2,24 miliona eura čekaju epilog",MediteranNews,,media,MNE,2026-09-11,2026-10-02,https://mediterannews.me/article/ekonomsko-drzavljanstvo-jos-nije-zavrsena-prica-pet-zahtjeva-i-224-miliona-eura-cekaju-epilog,https://web.archive.org/web/20261002114516/https://mediterannews.me/article/ekonomsko-drzavljanstvo-jos-nije-zavrsena-prica-pet-zahtjeva-i-224-miliona-eura-cekaju-epilog,,,"Latest government information (Ministry of Regional Investment Development and Cooperation with NGOs), data to 1 Sep 2026: applications, approvals and rejections by agent; money transferred.","Media article, linked not stored. Read in full by us; figures attributed to the source the article names."
mne-sl-143-2021,Odluka o izmjenama i dopunama Odluke o kriterijumima ... posebnog programa ulaganja ... (Službeni list CG 143/2021),"Vlada Crne Gore (Službeni list Crne Gore 143/2021, reg. no. 1901)",,legislation,MNE,2021-12-31,2026-10-02,https://www.sluzbenilist.me/propisi/334042,,raw/mne-sl-143-2021.pdf,98b1a39e45cb5131e3821b644e69bfeab1d1757dd109d18408542dd6f93e1e31,"Amendment of 30 Dec 2021: extends the programme to 31 Dec 2022, adds a EUR 100,000 Innovation Fund payment, bank-guarantee rule for project investors.",Image-only gazette pages assembled by us into a PDF (2 pages); quotes transcribed by eye. It lists an earlier amendment (Službeni list CG 12/20) that we did not find or read.
mne-sl-67-2023,"Odluka o dopuni Odluke o kriterijumima za utvrđivanje naučnog, privrednog, ekonomskog, kulturnog i sportskog interesa Crne Gore za sticanje crnogorskog državljanstva prijemom (Službeni list CG 67/2023)","Vlada Crne Gore (Službeni list Crne Gore 67/2023, reg. no. 1021)",,legislation,MNE,2023-07-03,2026-10-02,https://www.sluzbenilist.me/propisi/360763,,raw/mne-sl-67-2023.pdf,ba34655f9da6682ae0717cfd399a9150f5a04ca11140d54de3c3406ee349ae65,"Decision of 30 Jun 2023 keeping agents' licences valid until all applications filed by 31 Dec 2022 are decided. Lists all amendments of the programme decision (79/18, 12/20, 143/21, 68/22).",Image-only gazette page assembled by us into a PDF; quote transcribed by eye.
mne-sl-68-2022,Odluka o izmjeni i dopunama Odluke o kriterijumima ... posebnog programa ulaganja ... (Službeni list CG 68/2022),"Vlada Crne Gore (Službeni list Crne Gore 68/2022, reg. no. 998)",,legislation,MNE,2022-06-30,2026-10-02,https://www.sluzbenilist.me/propisi/328733,,raw/mne-sl-68-2022.pdf,2bffaf0e23c4b765065ef03fe02b33ff8ef5761bd937624f98f208eb3b319eba,"Amendment of 23 Jun 2022: bank guarantee of project investors set at EUR 1,000,000; children born during the programme can be added for EUR 50,000.",Image-only gazette page assembled by us into a PDF (1 page); quotes transcribed by eye.
mne-sl-79-2018,"Odluka o kriterijumima, načinu i postupku izbora lica koje može steći crnogorsko državljanstvo prijemom radi realizacije posebnog programa ulaganja od posebnog značaja za privredni i ekonomski interes Crne Gore (Službeni list CG 79/2018)","Vlada Crne Gore (Službeni list Crne Gore 79/2018, reg. no. 1564)",,legislation,MNE,2018-12-07,2026-10-02,https://www.sluzbenilist.me/propisi/338663,,raw/mne-sl-79-2018.pdf,dd64bb566125f59d770ab50b83c4ea9a6423ca5d8790661e874ee6ae4073d5dc,"The government decision that created the investor citizenship programme: agents, applicant criteria, fees, fund contribution, investment thresholds, project criteria, cap of 2,000, dates of application.","Adopted 22 Nov 2018 (no. 07-5532). The official gazette site shows each page only as an image; the PDF in raw/ was assembled by us from those five page images (no text layer). Quotes were transcribed by eye from the images, so automatic quote checks need OCR or a manual look."
mne-vijesti-2026-06-20,"Odobreno 868 zahtjeva za dobijanje crnogorskog pasoša, šest još u proceduri odlučivanja",Forbes Crna Gora (Vijesti),,media,MNE,2026-06-20,2026-10-02,https://forbes.vijesti.me/aktuelno/odobreno-868-zahtjeva-za-dobijanje-crnogorskog-pasosa-sest-jos-u-proceduri-odlucivanja/,https://web.archive.org/web/20261002114606/https://forbes.vijesti.me/aktuelno/odobreno-868-zahtjeva-za-dobijanje-crnogorskog-pasosa-sest-jos-u-proceduri-odlucivanja/,,,"Government information with data to 1 Jun 2026: 1,113 applications, 868 approved, 239 rejected, 6 pending; EUR 32,999,849 moved to the treasury on 13 Jan 2023.","Media article, linked not stored. Read in full by us; figures attributed to the source the article names."
nru-act-11-1997,Nauruan Community Ordinance Amendment Act 1997 (No. 11 of 1997),Parliament of Nauru,,legislation,NRU,1997-06-13,2026-10-02,https://data.globalcit.eu/NationalDB/docs/Nauruan%20Community%20Ordinance%20Amendment%20Act%201997.pdf,https://web.archive.org/web/20210531170511/https://data.globalcit.eu/NationalDB/docs/Nauruan%20Community%20Ordinance%20Amendment%20Act%201997.pdf,raw/nru-act-11-1997.pdf,6ae7f9658d05e5bd6ede982a706a775cd9a33b832c7a9959a96566336c1ba7b9,"Created the earlier ""Citizen Investor"" category and a Nauru Citizen Investment Board (new s. 5(6)-(9)).","Scanned copy from the EUI GLOBALCIT national database; no text layer, quotes are from OCR. Certification date reads 13/6/1997 on the scan. Inner pages carry the running header ""Nauruan Community Ordinance Amendment Bill 1997"" (page 1 says Act No. 11 of 1997). The OCR mangles s. 5(6)(f); the quote used was checked by eye against PDF p. 4 (printed page 3)."
nru-act-15-2024,Nauru Economic and Climate Resilience Citizenship Act 2024 (No. 15 of 2024),Parliament of Nauru,,legislation,NRU,2024-08-20,2026-10-02,https://faolex.fao.org/docs/pdf/nau230002.pdf,,raw/nru-act-15-2024.pdf,9592d532486956433421b709393cf8292dc42b72292e267eb226fa472c0b11fb,"Founding Act of the 2024 programme: eligibility, Program Office, agents, contribution paid to the Treasury Fund, cancellation of citizenship.","Copy retrieved from the FAO FAOLEX database; the RONLAW (ronlaw.gov.nr) link for the same Act returns the database web app rather than the PDF to a direct download. Certified 20 August 2024 and in force on certification (s. 2). Later instruments cite a section 9(7) and section 31 that are not in this text, so the Act has been amended since; the amending Act was not found."
nru-cabinet-iruwa-2026,"Designation of a Special Project (""The Iruwa Initiative"") (SL No. 4 of 2026), Government Gazette No. 36, G.N. No. 118/2026",Government of Nauru (Secretary to Cabinet),,legislation,NRU,2026-02-03,2026-10-02,https://www.nauru.gov.nr/media/218990/gazette-36-26.pdf,,raw/nru-cabinet-iruwa-2026.pdf,b40ac6f8d59a0eddd5f50594f43709ef15ed4d86a5b4b4ecab69b8c0349c6606,"Temporary cut of the main-applicant contribution from USD 115,000 to USD 90,000, 29 Jan to 30 Jun 2026.",Made under section 9(7) of the Act (as amended) per Cabinet resolution of 29 Jan 2026; dated 3 Feb 2026.
nru-cabinet-iruwa-ext-2026,"Extension of the Designation of the Special Project for the Iruwa Initiative (SL No. 28 of 2026), Government Gazette No. 197, G.N. No. 570/2026",Government of Nauru (Secretary to Cabinet),,legislation,NRU,2026-06-05,2026-10-02,https://www.nauru.gov.nr/media/221096/gazette_197-26.pdf,,raw/nru-cabinet-iruwa-ext-2026.pdf,a0d391ae67c2358d153b7fab61291bc0692b5ec44f1e6a51ce6d22f5e2ae2113,"Extends the USD 90,000 discount to 31 Dec 2026.",Cabinet Resolution 539/2026 of 3 June 2026; gazette dated 5 June 2026.
nru-ecrcp-web-contribution-2025,Contribution page of the Nauru Economic and Climate Resilience Citizenship Program website (Wayback capture of 25 Jan 2025),Nauru Program Office (programme website ecrcp.gov.nr),,government,NRU,2025-01-25,2026-10-02,https://www.ecrcp.gov.nr/contribution,https://web.archive.org/web/20250125212030/https://www.ecrcp.gov.nr/contribution,raw/nru-ecrcp-web-contribution-2025.html,218ce88a55e53c36e5eecb03f25ad815527b230a3fdca47d25c0e9208e3e9e63,Prices as advertised in January 2025 (same as Schedule 1 of the 2024 Regulations).,Copy is the Wayback Machine capture.
nru-ecrcp-web-contribution-2026,Contribution page of the Naoero Economic and Climate Resilience Citizenship Program website (as of 2 Oct 2026),Naoero Program Office (programme website ecrcp.gov.nr),,government,NRU,2026-10,2026-10-02,https://www.ecrcp.gov.nr/contribution,,raw/nru-ecrcp-web-contribution-2026.html,58776bc9b0f2b845d18559896f420305f73640342fc375242107f95d6f723e50,"Current advertised prices: USD 90,000 limited-time contribution, fees, bank due diligence charges (not in the Regulations), passport fee.","The page dates the discount from 3 Feb 2026, the Gazette from 29 Jan 2026. It lists bank due-diligence charges (USD 1,000-2,200) that are not in the Regulations and does not show the USD 10,000 administration fee in Schedule 4A."
nru-ecrcp-web-cop29-2024,"Nauru Launches Innovative Citizenship Program at COP 29, Linking Investment to Climate Action",Naoero Program Office (programme website ecrcp.gov.nr),,government,NRU,2024-11-13,2026-10-02,https://www.ecrcp.gov.nr/news/nauru-launches-innovative-citizenship-program,,raw/nru-ecrcp-web-cop29-2024.html,20c02b5800b5cf68cc30b5442f71f598ea5ad5e539846c9572a38173ea1e3fc9,Press release embargoed to 13 Nov 2024: programme unveiled at COP29 in Baku by Minister Asterio Appi.,The Program Office is run from Auckland by a private company (Naoero Program Office (NZ) Limited); the IMF describes it as the advisory arm of a law firm. Treated as an official programme source but it is also the programme marketer.
nru-gio-mr-2024-12,"Economic, climate resilience citizenship program launched at Singapore global conference (media release, 1 December 2024)",Nauru Government Information Office,,government,NRU,2024-12-01,2026-10-02,https://www.nauru.gov.nr/government-information-office/media-release/climate-resilience-citizenship-program-introducted-in-singapore_1dec24.aspx,,raw/nru-gio-mr-2024-12.html,13aa814e9798d162d8cca4a6f57250ea85e7ed8d42425e1561a4cf3f452fef97,President Adeang launched the programme at the 18th Global Citizenship Conference in Singapore on 28 Nov 2024.,Government press release; promotional.
nru-imf-art4-2025,Republic of Nauru: 2025 Article IV Consultation - Press Release; Staff Report; and Statement by the Alternate Executive Director (IMF Country Report No. 25/275),International Monetary Fund,,imf,NRU,2025-09-22,2026-10-02,https://www.imf.org/-/media/files/publications/cr/2025/english/1nruea2025001-source-pdf.pdf,,raw/nru-imf-art4-2025.pdf,df89de95e70277f7e34e3e53ca54fe417edfa51b4c85ed6eb3a4da4826b1afd2,"Annex VI on the programme: actual FY2025 revenue, authorities' first-year revenue expectation, AML/CFT risks and recommendations; authorities cite low take-up.",Direct curl download blocked (HTTP 403); retrieved through a browser session from the URL given. Nauru fiscal year is July-June (FY2025 = Jul 2024-Jun 2025).
nru-regs-amend-2026,"Nauru Economic and Climate Resilience Citizenship (Amendment) Regulations 2026 (No. 2 of 2026), Government Gazette No. 32, G.N. No. 114/2026",Government of Nauru (Cabinet),,legislation,NRU,2026-01-29,2026-10-02,https://www.nauru.gov.nr/media/218958/gazette-32-26.pdf,,raw/nru-regs-amend-2026.pdf,415b748d9fc2d971eee9413ee31f480acc96e4dabb21fb8d8401b2b11d2adf5d,"Replaces Schedules 1-4: single-applicant contribution USD 115,000, lower filing fees, split into filing fees and approval fees, new USD 10,000 Program Office administration fee (Schedule 4A).",The replacement Schedule 1 table does not print a currency (the 2024 Schedule and the new Schedule 4A say USD). Certified 29 Jan 2026; commences on notification.
nru-sl-2-2025,"Nauru Economic and Climate Resilience Citizenship (Amendment) Regulations 2025 (SL No. 2 of 2025), Government Gazette No. 51, G.N. No. 126/2025",Government of Nauru (Cabinet),,legislation,NRU,2025-02-10,2026-10-02,https://www.nauru.gov.nr/media/203092/gazette_51-25.pdf,,raw/nru-sl-2-2025.pdf,0fa38c486636a1adac356a710785adc6804f357e675635d9361ee81a33c3bfff,"First amendment: agent licensing, application documents, adds a USD 7,500 due diligence fee for a benefactor.",
nru-sl-28-2024,"Nauru Economic and Climate Resilience Citizenship Regulations 2024 (SL No. 28 of 2024), Government Gazette No. 453, G.N. No. 1403/2024",Government of Nauru (Cabinet),,legislation,NRU,2024-10-30,2026-10-02,https://www.ecrcp.gov.nr/files/Gazette_453-24_Regulations.pdf,https://web.archive.org/web/20250219134227/https://www.ecrcp.gov.nr/files/Gazette_453-24_Regulations.pdf,raw/nru-sl-28-2024.pdf,f9cd47f26dc964041198b8e95c9f9b3e4f88b6ea019db495495302e6beb4b47e,"Original prices and fees (Schedules 1-4): contributions by family size, application, due diligence, passport and agent fees.",Gazette copy hosted on the programme website (ecrcp.gov.nr); identical to the Wayback Machine capture of 19 Feb 2025. Commence on notification in the Gazette (30 Oct 2024). Amounts in USD.
nru-sl-passport-fees-2025,"Passports (Nauru Economic and Climate Resilience Citizenship Forms and Fees) Regulations 2025, Government Gazette No. 201, G.N. No. 583/2025",Government of Nauru,,legislation,NRU,2025-05-19,2026-10-02,https://www.nauru.gov.nr/media/204663/gazette-201-25.pdf,,raw/nru-sl-passport-fees-2025.pdf,0ee043608950f9bee011aea2e9d7c6694844e0ef2eddd3c0e7f7618522d76b2b,Passport forms and fee (USD 500 issue or renewal) for people granted citizenship under the 2024 Act.,
pan-go-de109-2022,"Gaceta Oficial Digital No. 29643-A (13 de octubre de 2022): Decreto Ejecutivo No. 109 de 13 de octubre de 2022, que modifica algunas disposiciones del Decreto Ejecutivo No. 722 de 15 de octubre de 2020",Gaceta Oficial de la República de Panamá,,legislation,PAN,2022-10-13,2026-10-02,https://www.gacetaoficial.gob.pa/storage/gacetas/2022/10/29643_A/GacetaNo_29643a_20221013.pdf,,raw/pan-go-de109-2022.pdf,f9d2ce3b78db4e398fb7126f6591f4992fba01f0200b53923c0ca67d2ad97b7a,"Pp. 5-8: restates art. 3 of DE 722 (B/.500,000 real estate and presale contract, B/.500,000 securities, B/.750,000 deposit) and extends the B/.300,000 transitional real-estate threshold from 24 to 48 months.",Text layer present but noisy in places (signatures and stamps over text).
pan-go-de17-2026,"Gaceta Oficial No. 30613 (16 de septiembre de 2026): Decreto Ejecutivo No. 17 de 8 de septiembre de 2026, que subroga el Decreto Ejecutivo No. 722 de 15 de octubre de 2020 y sus modificaciones, y dicta medidas económicas, migratorias y de inversión para la subcategoría de Residente Permanente en calidad de Inversionista Calificado",Gaceta Oficial de la República de Panamá,,legislation,PAN,2026-09-16,2026-10-02,https://www.gacetaoficial.gob.pa/storage/gacetas/2026/09/30613/GacetaNo_30613_20260916.pdf,,raw/pan-go-de17-2026.pdf,8cad31ae4ce08d9e5e636f433bcf62a8de749bd25cbd4dedf45f4eef831b75a1,"Pp. 23-37: new consolidated rules. First-sale real estate B/.300,000; secondary-market real estate B/.500,000; presale contracts B/.300,000 (max. three years on presale alone); securities B/.500,000 (private equity funds, Panamanian government bonds, other registered securities); deposits B/.750,000 at private banks or B/.500,000 at Banco Nacional de Panamá / Caja de Ahorros; fees; annual verification; naturalisation after five consecutive years (art. 14); transitional rules.","Scanned gazette with no usable text layer; quotes were taken from a Spanish OCR (tesseract, spa model, 250 dpi) and checked against the page image by eye for the figures used. In force on promulgation (art. 21), i.e. publication on 16 Sept 2026. Also posted by the SNM: https://www.migracion.gob.pa/wp-content/uploads/2026/09/Decreto-Ejecutivo-No.-17-de-8-9-2026.pdf"
pan-go-de193-2024,"Gaceta Oficial Digital No. 30140-B (15 de octubre de 2024): Decreto Ejecutivo No. 193 de 15 de octubre de 2024, que modifica y adiciona algunas disposiciones al Decreto Ejecutivo No. 722 de 15 de octubre de 2020",Gaceta Oficial de la República de Panamá,,legislation,PAN,2024-10-15,2026-10-02,https://www.gacetaoficial.gob.pa/storage/gacetas/2024/10/30140_B/GacetaNo_30140b_20241015.pdf,,raw/pan-go-de193-2024.pdf,bfd82c39e6b017dadf6a61058e931e800d9f0f56ffbc33aaf08c74826c93d333,"Pp. 8-12: minimum investment 'desde' B/.300,000; real estate B/.300,000 (no end date); presale contract B/.300,000 via trust or 100% payment with bank performance guarantee; securities B/.500,000; deposit B/.750,000; co-ownership with spouse/dependants; old transitional article replaced.","Scanned gazette with no usable text layer; quotes were taken from a Spanish OCR (tesseract, spa model, 250 dpi) and checked against the page image by eye for the figures used. Note: several law-firm and property-agent websites say DE 193 keeps B/.300,000 only until 15 October 2026; the decree text has no such end date."
pan-go-de197-2021,"Decreto Ejecutivo No. 197 de 7 de mayo de 2021, que modifica y adiciona artículos al Decreto Ejecutivo No. 416 de 13 de junio de 2012 (Gaceta Oficial Digital No. 29290-A, 20 de mayo de 2021)",Gaceta Oficial de la República de Panamá,,legislation,PAN,2021-05-20,2026-10-02,https://www.migracion.gob.pa/wp-content/uploads/2025/09/DECRETO_EJECUTIVO_197.pdf,,raw/pan-go-de197-2021.pdf,4fc5566bac0e2a9d6e9d85c4a1ef17d157a6c0febaef898a7aee486fe6c50a70,"Friendly Nations reform: updated country list; two-year provisional residence first; applicants must show a job (with work permit) or own real estate worth at least B/.200,000; permanent residence after two years.","Scanned gazette with no usable text layer; quotes were taken from a Spanish OCR (tesseract, spa model, 250 dpi) and checked against the page image by eye for the figures used. Copy of the gazette pages as posted by the Servicio Nacional de Migración (3 pages)."
pan-go-de226-2021,"Decreto Ejecutivo No. 226 de 2021, que modifica artículos del Decreto Ejecutivo No. 416 de 13 de junio de 2012 y del Decreto Ejecutivo No. 197 de 7 de mayo de 2021 (Gaceta Oficial Digital No. 29335, 21 de julio de 2021)",Gaceta Oficial de la República de Panamá,,legislation,PAN,2021-07-21,2026-10-02,https://www.migracion.gob.pa/wp-content/uploads/2025/09/DECRETO_226.pdf,,raw/pan-go-de226-2021.pdf,859db76eddb21b680b7af4f718b586f2e7a32e28ff00b7aca06412675d6b0585,"Second 2021 Friendly Nations reform: adds Peru; property of at least B/.200,000 may be held via a company or foundation; new route of a B/.200,000 fixed-term deposit for at least three years; both decrees in force from 7 August 2021.","Scanned gazette with no usable text layer; quotes were taken from a Spanish OCR (tesseract, spa model, 250 dpi) and checked against the page image by eye for the figures used. Copy of the gazette pages as posted by the SNM. The decree number (226) is from the SNM link text; the day of the month on the signature page is illegible in OCR, so the gazette date is used."
pan-go-de320-2008,"Gaceta Oficial Digital No. 26104 (13 de agosto de 2008): Decreto Ejecutivo No. 320 de 8 de agosto de 2008, que reglamenta el Decreto Ley No. 3 de 22 de febrero de 2008 (Servicio Nacional de Migración)",Gaceta Oficial de la República de Panamá,,legislation,PAN,2008-08-13,2026-10-02,https://www.gacetaoficial.gob.pa/storage/gacetas/2008/08/26104/GacetaNo_26104_20080813.pdf,,raw/pan-go-de320-2008.pdf,0be584d26213c10ef9f5a1dd5c9b8b9b42c6f5cadd0e0e98777944131ef6fe55,"The general immigration regulation. Arts. 191-195: permanent residence for 'Solvencia Económica Propia' (B/.300,000 in real estate, fixed-term deposit, or both); art. 185-186: 'Inversionista de Macro-empresa' (B/.160,000 share capital); also forestry and agrarian investor permits.","Original 2008 text only. Later amendments to these articles (e.g. Decreto Ejecutivo 26 of 2 March 2009 and any later changes to the Solvencia amounts) were not checked, so terms from this source have no end date. Full gazette issue stored (89 pages); the decree has a text layer."
pan-go-de416-2012,"Gaceta Oficial Digital No. 27058-A (18 de junio de 2012): Decreto Ejecutivo No. 416 de 13 de junio de 2012, que crea la subcategoría de Residente Permanente en calidad de extranjeros nacionales de países específicos que mantienen relaciones amistosas, profesionales, económicas y de inversión con la República de Panamá",Gaceta Oficial de la República de Panamá,,legislation,PAN,2012-06-18,2026-10-02,https://www.gacetaoficial.gob.pa/storage/gacetas/2012/06/27058_A/GacetaNo_27058a_20120618.pdf,,raw/pan-go-de416-2012.pdf,5bdaab5f3c0d4ee632bb062a7054d0c698e505dd14d5e03c511053fc245f7ac0,"Founding text of the 'Friendly Nations' (Países Amigos) permanent residence, pp. 9-10: list of 24 eligible nationalities, requirements (economic or professional activity; bank balance of 'mid four figures'), repeal of Decreto Ejecutivo 343 of 16 May 2012.","Scanned gazette with no usable text layer; quotes were taken from a Spanish OCR (tesseract, spa model, 250 dpi) and checked against the page image by eye for the figures used. The decree date on the scanned page is illegible in OCR; the date 13 June 2012 is from the gazette's table of contents and from later decrees that cite it."
pan-go-de722-2020,"Gaceta Oficial Digital No. 29136 (16 de octubre de 2020): Decreto Ejecutivo No. 722 de 15 de octubre de 2020, que crea dentro de la categoría de Residente Permanente por Razones Económicas, la subcategoría de Residente Permanente en calidad de Inversionista Calificado",Gaceta Oficial de la República de Panamá,,legislation,PAN,2020-10-16,2026-10-02,https://www.gacetaoficial.gob.pa/storage/gacetas/2020/10/29136/GacetaNo_29136_20201016.pdf,,raw/pan-go-de722-2020.pdf,385a18743c65788a733ecce0d69a8c041846878d905459619e60f39965d1ba3c,"Founding decree of the Qualified Investor Program, pp. 3-7: B/.500,000 real estate, presale contract via trust, or securities; B/.750,000 fixed-term deposit; fees; five-year holding; 30-working-day decision; art. 10 transitional B/.300,000 for real estate during first 24 months.","Scanned gazette with no usable text layer; quotes were taken from a Spanish OCR (tesseract, spa model, 250 dpi) and checked against the page image by eye for the figures used. Full gazette issue stored (38 pages, 22 MB). Also on the SNM site: https://www.migracion.gob.pa/wp-content/uploads/2025/11/DECRETO_EJECUTIVO_722.pdf (download failed repeatedly)."
pan-mici-press-2022-08-18,MICI certifica al inversionista calificado No. 100 y supera los 55 millones en inversiones bajo este régimen,"Ministerio de Comercio e Industrias (MICI), Panamá",,government,PAN,2022-08-18,2026-10-02,https://mici.gob.pa/2022/08/18/mici-certifica-al-inversionista-calificado-no-100-y-supera-los-55-millones-en-inversiones-con-este-regimen/,,raw/pan-mici-press-2022-08-18.html,1ce49a57e702edf3224857628f0606fb930ce2bcb0cbb887f09436ddd6dea6b2,100th qualified-investor certificate; cumulative investment.,"MICI press release. MICI issues the investment certificate (Certificación de Inversión) that the SNM requires before granting the permit. Figures are the ministry's own administrative counts, published as news, not as statistics; definitions (certificates vs investors, first certificates vs annual re-certifications) are not given."
pan-mici-press-2022-10-18,Exponen ventajas de programa para inversionistas calificados a agremiados de AmCham,"Ministerio de Comercio e Industrias (MICI), Panamá",,government,PAN,2022-10-18,2026-10-02,https://mici.gob.pa/2022/10/18/exponen-ventajas-de-programa-para-inversionistas-calificados-a-agremiados-de-amcham/,,raw/pan-mici-press-2022-10-18.html,20d846c214eaa652357a93c8cf844bde40a8148fa5e978a7736d3713a02d45a6,Cumulative applicants and investment quoted by the DIGESI director.,"MICI press release. MICI issues the investment certificate (Certificación de Inversión) that the SNM requires before granting the permit. Figures are the ministry's own administrative counts, published as news, not as statistics; definitions (certificates vs investors, first certificates vs annual re-certifications) are not given."
pan-mici-press-2023-07-03,"Ministro Alfaro: avanzamos hacia un Panamá con sólida plataforma comercial, generadora de oportunidades y riquezas para el país","Ministerio de Comercio e Industrias (MICI), Panamá",,government,PAN,2023-07-03,2026-10-02,https://mici.gob.pa/2023/07/03/ministro-alfaro-avanzamos-hacia-un-panama-con-solida-plataforma-comercial-generadora-de-oportunidades-y-riquezas-para-el-pais/,,raw/pan-mici-press-2023-07-03.html,bf8c71d12dcf9f0588858cb3ba2e76b1a335d51651749202d835ac6bfb4aacd0,Minister's annual report summary; qualified investors to date and investment.,"MICI press release. MICI issues the investment certificate (Certificación de Inversión) that the SNM requires before granting the permit. Figures are the ministry's own administrative counts, published as news, not as statistics; definitions (certificates vs investors, first certificates vs annual re-certifications) are not given."
pan-mici-press-2023-07-27,Atracción de inversionistas calificados creció 100% en el último año,"Ministerio de Comercio e Industrias (MICI), Panamá",,government,PAN,2023-07-27,2026-10-02,https://mici.gob.pa/2023/07/27/atraccion-de-inversionistas-calificados-crecio-100-en-el-ultimo-ano/,,raw/pan-mici-press-2023-07-27.html,aa0e6c4811f779c9745352ffa3da8578a22c7191e9aa7a9c3fdfae73f5097b96,"Certificates July 2022-July 2023 and since inception, citing a DIGESI report.","MICI press release. MICI issues the investment certificate (Certificación de Inversión) that the SNM requires before granting the permit. Figures are the ministry's own administrative counts, published as news, not as statistics; definitions (certificates vs investors, first certificates vs annual re-certifications) are not given."
pan-mici-press-2023-08-02,Alfaro Boyd: Panamá tiene enorme potencial para ser principal centro de inversiones sostenibles en la región,"Ministerio de Comercio e Industrias (MICI), Panamá",,government,PAN,2023-08-02,2026-10-02,https://mici.gob.pa/2023/08/02/panama-tiene-enorme-potencial-para-ser-principal-centro-de-inversiones-sostenibles-en-la-region/,,raw/pan-mici-press-2023-08-02.html,d6b4a1b4990bfe978ebbe3ba0fee38be30c890940a0825fd46c66cb11b253140,Qualified investors to date and investment.,"MICI press release. MICI issues the investment certificate (Certificación de Inversión) that the SNM requires before granting the permit. Figures are the ministry's own administrative counts, published as news, not as statistics; definitions (certificates vs investors, first certificates vs annual re-certifications) are not given."
pan-mici-press-2024-04-29,Colombia y Estados Unidos lideran inversiones calificadas en Panamá,"Ministerio de Comercio e Industrias (MICI), Panamá",,government,PAN,2024-04-29,2026-10-02,https://mici.gob.pa/2024/04/29/colombia-y-estados-unidos-lideran-inversiones-calificadas-en-panama/,,raw/pan-mici-press-2024-04-29.html,bff0a918735a016ac3c2d4323b3f2503a08a6c851041ead25952fb45f262ab4d,Certificates and investment in March and April 2024; main nationalities (no counts).,"MICI press release. MICI issues the investment certificate (Certificación de Inversión) that the SNM requires before granting the permit. Figures are the ministry's own administrative counts, published as news, not as statistics; definitions (certificates vs investors, first certificates vs annual re-certifications) are not given."
pan-mici-press-2024-12-13,"Programa de Inversionista Calificado supera las cifras de 2023, siendo un caso de éxito en la atracción de IED","Ministerio de Comercio e Industrias (MICI), Panamá",,government,PAN,2024-12-13,2026-10-02,https://mici.gob.pa/2024/12/13/programa-de-inversionista-calificado-supera-las-cifras-de-2023-siendo-un-caso-de-exito-en-la-atraccion-de-ied/,,raw/pan-mici-press-2024-12-13.html,f4630805f4c0ab6085533fef43cc8d13c8eda1fc6bb10991f073f09052134c65,Certificates in 2024 to mid-December.,"MICI press release. MICI issues the investment certificate (Certificación de Inversión) that the SNM requires before granting the permit. Figures are the ministry's own administrative counts, published as news, not as statistics; definitions (certificates vs investors, first certificates vs annual re-certifications) are not given."
pan-mici-press-2025-01-23,Panamá refuerza su atractivo para inversionistas extranjeros con nuevas modificaciones al Programa de Inversionista Calificado,"Ministerio de Comercio e Industrias (MICI), Panamá",,government,PAN,2025-01-23,2026-10-02,https://mici.gob.pa/2025/01/23/panama-refuerza-su-atractivo-para-inversionistas-extranjeros-con-nuevas-modificaciones-al-programa-de-inversionista-calificado/,,raw/pan-mici-press-2025-01-23.html,583c312ae3075b02108afd86f729bd114565251f28290b05458a18f146017f83,Cumulative investment; new investors July-December 2024.,"MICI press release. MICI issues the investment certificate (Certificación de Inversión) that the SNM requires before granting the permit. Figures are the ministry's own administrative counts, published as news, not as statistics; definitions (certificates vs investors, first certificates vs annual re-certifications) are not given."
pan-mici-press-2025-02-05,Avanza captación de inversión extranjera mediante iniciativas estratégicas,"Ministerio de Comercio e Industrias (MICI), Panamá",,government,PAN,2025-02-05,2026-10-02,https://mici.gob.pa/2025/02/05/avanza-captacion-de-inversion-extranjera-mediante-iniciativas-estrategicas/,,raw/pan-mici-press-2025-02-05.html,c4effc2b9cab2c25ce00788aa41765a9a62ea8e2cdea2193b63e3580d7d1975f,Investors certified in 2024 and investment.,"MICI press release. MICI issues the investment certificate (Certificación de Inversión) that the SNM requires before granting the permit. Figures are the ministry's own administrative counts, published as news, not as statistics; definitions (certificates vs investors, first certificates vs annual re-certifications) are not given."
pan-mici-press-2025-02-26,Ministro Moltó sustenta Memoria de Gestión 2024 ante la Comisión de Comercio y Asuntos Económicos de la Asamblea Nacional,"Ministerio de Comercio e Industrias (MICI), Panamá",,government,PAN,2025-02-26,2026-10-02,https://mici.gob.pa/2025/02/26/ministro-molto-sustenta-memoria-de-gestion-2024-ante-la-comision-de-comercio-y-asuntos-economicos-de-la-asamblea-nacional/,,raw/pan-mici-press-2025-02-26.html,9f3aa0e188c091e904ac88c3122805706ff5b06af1376f8d7d6a58601f25c788,"Minister's report to the National Assembly committee, July-December 2024 figures.","MICI press release. MICI issues the investment certificate (Certificación de Inversión) that the SNM requires before granting the permit. Figures are the ministry's own administrative counts, published as news, not as statistics; definitions (certificates vs investors, first certificates vs annual re-certifications) are not given."
pan-mici-press-2025-05-28,Firma global Mercan Group explora oportunidades de inversión en Panamá bajo el programa de Inversionista Calificado,"Ministerio de Comercio e Industrias (MICI), Panamá",,government,PAN,2025-05-28,2026-10-02,https://mici.gob.pa/2025/05/28/firma-global-mercan-group-explora-oportunidades-de-inversion-en-panama-bajo-el-programa-de-inversionista-calificado/,,raw/pan-mici-press-2025-05-28.html,f9d311f64de47500af0e55f8743398ab27a696c82d72848ef5a8da5d73d418e3,Investment July 2024-May 2025.,"MICI press release. MICI issues the investment certificate (Certificación de Inversión) that the SNM requires before granting the permit. Figures are the ministry's own administrative counts, published as news, not as statistics; definitions (certificates vs investors, first certificates vs annual re-certifications) are not given."
pan-mici-press-2025-08-05,Ciudad de Panamá y Chame lideran el crecimiento inmobiliario impulsado por el Programa de Inversionista Calificado,"Ministerio de Comercio e Industrias (MICI), Panamá",,government,PAN,2025-08-05,2026-10-02,https://mici.gob.pa/2025/08/05/ciudad-de-panama-y-chame-lideran-el-crecimiento-inmobiliario-impulsado-por-el-programa-de-inversionista-calificado/,,raw/pan-mici-press-2025-08-05.html,b1d6c7108d07c04a9d5c3cf34a3f169f27ffe073ea04fd07734729eafe3eb5cd,"Certificates to date, by top five nationalities; investment July 2024-July 2025; July 2025 certificates; real-estate share.","MICI press release. MICI issues the investment certificate (Certificación de Inversión) that the SNM requires before granting the permit. Figures are the ministry's own administrative counts, published as news, not as statistics; definitions (certificates vs investors, first certificates vs annual re-certifications) are not given."
pan-mici-press-2025-12-16,MICI presenta nueva plataforma para inversionistas calificados y refuerza la atracción de inversión,"Ministerio de Comercio e Industrias (MICI), Panamá",,government,PAN,2025-12-16,2026-10-02,https://mici.gob.pa/2025/12/16/mici-presenta-nueva-plataforma-para-inversionistas-calificados-y-refuerza-la-atraccion-de-inversion/,,raw/pan-mici-press-2025-12-16.html,2a0550b69db0b5b1178d4912dc90fdf30e4504110df28c33aebf448763aab9c5,Launch of the online platform; cumulative certificates and investment since 2020.,"MICI press release. MICI issues the investment certificate (Certificación de Inversión) that the SNM requires before granting the permit. Figures are the ministry's own administrative counts, published as news, not as statistics; definitions (certificates vs investors, first certificates vs annual re-certifications) are not given."
pan-mici-press-2025-12-30,MICI presenta resultados 2025 y agenda estratégica 2026,"Ministerio de Comercio e Industrias (MICI), Panamá",,government,PAN,2025-12-30,2026-10-02,https://mici.gob.pa/2025/12/30/mici-presenta-resultados-2025-y-agenda-estrategica-2026-exportaciones-record-atraccion-de-inversion-y-apuesta-por-industrias-del-futuro/,,raw/pan-mici-press-2025-12-30.html,30feb565a4328257b74727d8940ed52e27ab8b9e9390c37122f6b34fcfd6898a,Year-end results; cumulative certificates and investment.,"MICI press release. MICI issues the investment certificate (Certificación de Inversión) that the SNM requires before granting the permit. Figures are the ministry's own administrative counts, published as news, not as statistics; definitions (certificates vs investors, first certificates vs annual re-certifications) are not given."
pan-mici-press-2026-04-23,Programa de Inversionistas Calificados cobra impulso y suma más intermediarios para escalar la inversión extranjera,"Ministerio de Comercio e Industrias (MICI), Panamá",,government,PAN,2026-04-23,2026-10-02,https://mici.gob.pa/2026/04/23/programa-de-inversionistas-calificados-cobra-impulso-y-suma-mas-intermediarios-para-escalar-la-inversion-extranjera/,,raw/pan-mici-press-2026-04-23.html,baf9806341664ab4275ee7040ff6cadd012fc2dd98d5763a2ed7e49183838724,Vice-minister's cumulative figures.,"MICI press release. MICI issues the investment certificate (Certificación de Inversión) that the SNM requires before granting the permit. Figures are the ministry's own administrative counts, published as news, not as statistics; definitions (certificates vs investors, first certificates vs annual re-certifications) are not given."
pan-mici-press-2026-07-10,Programa de Inversionista Calificado acelera su crecimiento y atrae más inversión al país,"Ministerio de Comercio e Industrias (MICI), Panamá",,government,PAN,2026-07-10,2026-10-02,https://mici.gob.pa/2026/07/10/programa-de-inversionista-calificado-acelera-su-crecimiento-y-atrae-mas-inversion-al-pais/,,raw/pan-mici-press-2026-07-10.html,ec9933ece0264e0311abc4d1633d86ec79929664f81e029179480304f084c1b6,Certificates and investment for July 2024-June 2025 and July 2025-June 2026; shares by route.,"MICI press release. MICI issues the investment certificate (Certificación de Inversión) that the SNM requires before granting the permit. Figures are the ministry's own administrative counts, published as news, not as statistics; definitions (certificates vs investors, first certificates vs annual re-certifications) are not given."
pan-mici-press-2026-09-21,Atracción de inversión e impulso al empleo: Panamá amplía el alcance del programa Inversionista Calificado,"Ministerio de Comercio e Industrias (MICI), Panamá",,government,PAN,2026-09-21,2026-10-02,https://mici.gob.pa/2026/09/21/atraccion-de-inversion-e-impulso-al-empleo-panama-amplia-el-alcance-del-programa-inversionista-calificado/,,raw/pan-mici-press-2026-09-21.html,f32e4bf00add0ed3c31ee06a938647cac84d99ddf352959da967da984d8ad11c,Announcement of DE 17 of 2026; repeats 12-month figures.,"MICI press release. MICI issues the investment certificate (Certificación de Inversión) that the SNM requires before granting the permit. Figures are the ministry's own administrative counts, published as news, not as statistics; definitions (certificates vs investors, first certificates vs annual re-certifications) are not given."
pan-mici-press-2026-09-28,Panamá apuesta por más inversión y empleo con nuevo decreto de Inversionista Calificado,"Ministerio de Comercio e Industrias (MICI), Panamá",,government,PAN,2026-09-28,2026-10-02,https://mici.gob.pa/2026/09/28/panama-apuesta-por-mas-inversion-y-empleo-con-nuevo-decreto-de-inversionista-calificado/,,raw/pan-mici-press-2026-09-28.html,706a962550174fc03049821ef8ec59e0f92b8533fcb3424cf33687be5013b721,Minister on DE 17 of 2026; repeats 12-month figures and real-estate share.,"MICI press release. MICI issues the investment certificate (Certificación de Inversión) that the SNM requires before granting the permit. Figures are the ministry's own administrative counts, published as news, not as statistics; definitions (certificates vs investors, first certificates vs annual re-certifications) are not given."
pan-mici-web-de722,"Decreto Ejecutivo Nº722 (programme page, Dirección de Promoción de Inversiones)","Ministerio de Comercio e Industrias (MICI), Panamá",,government,PAN,,2026-10-02,https://mici.gob.pa/decreto-ejecutivo-722/,,raw/pan-mici-web-de722.html,79b24aba1a8f21e191821bd12fa6d907cddc3eeff864d51dc781e4aead30dde5,MICI's summary page for the Qualified Investor Program: routes and minimums as of DE 109 of 2022.,"Undated and out of date: the page title is 'Decreto ejecutivo 722-antes' and it still says B/.300,000 applies only until 15 Oct 2024. Uses '$' and 'USD $' for amounts."
pan-snm-residencia-2010-2021,Permisos de residencia tramitados por condición: año 2010-2021 (cifras revisadas al 31 de diciembre del 2021),"Servicio Nacional de Migración (SNM), Panamá",,government,PAN,2022-02-28,2026-10-02,https://www.migracion.gob.pa/wp-content/uploads/2026/03/RESIDENCIA-2010-2021corregido-28-de-febrero.pdf,,raw/pan-snm-residencia-2010-2021.pdf,937559b63f70add04faf4ac8a47a5d02794646d5cdfcf89c91c10eaecb461aae,"Residence permits processed, approved and denied 2010-2021; approved permits by type, sex, age and by category (p. 2), incl. Países Amigos, the Solvencia Propia routes and the business-investor categories. No nationality breakdown by category.","SNM counts permit applications (trámites) decided in the period, by the category under which they were filed. Dependants appear to be counted under a separate 'Dependientes' category, but the tables do not say so explicitly. The category tables mix permit types (provisional, permanent, extensions) unless split. Published date taken from the file name ('corregido 28 de febrero'); file uploaded to the current site in March 2026. Revised figures. 'Inversionista Calificado' is not listed for 2020-2021 (probably inside 'Otras')."
pan-snm-residencia-2022,Permisos de residencia: año 2022 (cifras preliminares al 31 de diciembre del 2022),"Servicio Nacional de Migración (SNM), Panamá",,government,PAN,2023,2026-10-02,https://www.migracion.gob.pa/wp-content/uploads/2026/03/RESIDENCIA_DICIEMBRE_2022.pdf,,raw/pan-snm-residencia-2022.pdf,f2bf05379507805288dc70d88990b49ddf8ef686c81bc3189efccc841878f3a8,"2022 residence permits by month, type, office, sex, category (Cuadro 4, p. 2: total/approved/denied) and country (all categories combined).","SNM counts permit applications (trámites) decided in the period, by the category under which they were filed. Dependants appear to be counted under a separate 'Dependientes' category, but the tables do not say so explicitly. The category tables mix permit types (provisional, permanent, extensions) unless split. Preliminary figures, subject to revision."
pan-snm-residencia-2023,Permisos de residencia: año 2023,"Servicio Nacional de Migración (SNM), Panamá",,government,PAN,2024,2026-10-02,https://www.migracion.gob.pa/wp-content/uploads/2026/03/RESIDENCIA-2023-1.pdf,,raw/pan-snm-residencia-2023.pdf,89821da82e38573a18ede6d689324b675b014d9972fc4ad9590fec3cc9481e40,2023 residence permits; Cuadro 4 (p. 2) by permit type and category with total/approved/denied; country table for all categories combined.,"SNM counts permit applications (trámites) decided in the period, by the category under which they were filed. Dependants appear to be counted under a separate 'Dependientes' category, but the tables do not say so explicitly. The category tables mix permit types (provisional, permanent, extensions) unless split. Unlike the other years, this file carries no 'preliminary' or 'revised' note; treated as provisional."
pan-snm-residencia-2024,Permisos de residencia: año 2024 (cifras preliminares al 31 de diciembre del 2024),"Servicio Nacional de Migración (SNM), Panamá",,government,PAN,2025,2026-10-02,https://www.migracion.gob.pa/wp-content/uploads/2026/03/RESIDENCIA-1-1.pdf,,raw/pan-snm-residencia-2024.pdf,eed9b83d30527dda52822585b136e189d76dd4b30b48d0ce654267b5e280f7e5,2024 residence permits; Cuadro 4 (p. 2) by category with total/approved/denied.,"SNM counts permit applications (trámites) decided in the period, by the category under which they were filed. Dependants appear to be counted under a separate 'Dependientes' category, but the tables do not say so explicitly. The category tables mix permit types (provisional, permanent, extensions) unless split. Preliminary figures."
pan-snm-residencia-2025,Permisos de residencia: año 2025 (cifras preliminares al 31 de diciembre del 2025),"Servicio Nacional de Migración (SNM), Panamá",,government,PAN,2026,2026-10-02,https://www.migracion.gob.pa/wp-content/uploads/2026/03/PERMISO-DE-RESIDENCIA-2025.pdf,,raw/pan-snm-residencia-2025.pdf,691cb20db5fca0f186745ef4cb8bb79aae6a2e1e2b1d1276cbbaa54e4e68a065,2025 residence permits; Cuadro 4 (p. 2) by category with total/approved/denied.,"SNM counts permit applications (trámites) decided in the period, by the category under which they were filed. Dependants appear to be counted under a separate 'Dependientes' category, but the tables do not say so explicitly. The category tables mix permit types (provisional, permanent, extensions) unless split. Preliminary figures."
pan-snm-residencia-2026-08,Permisos de residencia: año 2026 (cifras preliminares al 31 de agosto del 2026),"Servicio Nacional de Migración (SNM), Panamá",,government,PAN,2026-09,2026-10-02,https://www.migracion.gob.pa/wp-content/uploads/2026/07/WEB-RESIDENCIA-AGOSTO-2026.pdf,,raw/pan-snm-residencia-2026-08.pdf,c95deee0f68a6a24cbd0ce2410ae1bc43afc316df07961fc41edb422c78d77a6,"January-August 2026 approved residence permits by month, type, sex, category (p. 2) and country. Approvals only, no denials by category.","SNM counts permit applications (trámites) decided in the period, by the category under which they were filed. Dependants appear to be counted under a separate 'Dependientes' category, but the tables do not say so explicitly. The category tables mix permit types (provisional, permanent, extensions) unless split. Preliminary figures; SNM notes that July-August spikes reflect batch approvals in humanitarian, retiree and dependant categories."
prt-aima-fees-2026,Tabela de taxas e demais encargos devidos pelos procedimentos administrativos previstos na Lei 23/2007,"Agência para a Integração, Migrações e Asilo (AIMA, I. P.)",,government,PRT,2026-02,2026-10-02,https://aima.gov.pt/media/pages/documents/dc677d0005-1772305205/tabela-de-taxas-e-demais-encargos-a-cobrar-pelos-procedimentos-administrativos.pdf,,raw/prt-aima-fees-2026.pdf,ed59e0ad90923f0a6a1cf68e5352b0195047b17fcf441dfb7834dbf150362fb3,"Current ARI fees (analysis, grant, renewal, family, permanent residence), two columns: standard and reduced (presencial e digital, point XIV).","PDF created 26 Feb 2026. Headed ""Portaria n.º 307/2023"", but amounts are higher than in that Portaria because fees are updated each year for inflation."
prt-aima-rma-2023,Relatório de Migrações e Asilo 2023,"Agência para a Integração, Migrações e Asilo (AIMA, I. P.)",,government,PRT,2024-09,2026-10-02,https://aima.gov.pt/documents/rma-2023.pdf,,raw/prt-aima-rma-2023.pdf,0e23420734fe4882388a493c785ca363c7f4f78e373ae4bec8a52a2d833d7be3,"ARI permits granted in 2023 (SEF Jan-Sep plus AIMA Oct-Dec), family permits, top-5 nationalities (chart).",First annual report of AIMA. An errata (https://aima.gov.pt/documents/errata-rma-2023.pdf) corrects other figures but not the ARI ones. The 2023 ARI total printed here (2 901) is probably a digit transposition: see observation notes.
prt-aima-rma-2024,Relatório de Migrações e Asilo 2024,"Agência para a Integração, Migrações e Asilo (AIMA, I. P.)",,government,PRT,2025-10,2026-10-02,https://aima.gov.pt/media/pages/documents/fec4d6a712-1760603125/relatorio-migracoes-e-asilo-2024.pdf,,raw/prt-aima-rma-2024.pdf,947f51abe795348dafa4385683f4abf418b1180984346a38da2264c2058ca834,"ARI permits granted in 2024, family permits, top-8 nationalities (chart).",No investment amounts or routes are given (unlike SEF).
prt-aima-rma-2025,Relatório de Migrações e Asilo 2025,"Agência para a Integração, Migrações e Asilo (AIMA, I. P.)",,government,PRT,2026-09-22,2026-10-02,https://aima.gov.pt/docs/Relatorio_de_Migracoes_e_Asilo_2025.pdf,,raw/prt-aima-rma-2025.pdf,b3ad31f81ba837e3a46d86641d719d9164722a442e93409e52f90eb8722584e9,"ARI permits granted in 2025, family permits, top-8 nationalities (chart).",No investment amounts or routes are given. Published 22 Sep 2026 per AIMA news page.
prt-aima-web-ari-2026,Autorização de Residência para Investimento – Art. 90.º-A (web page),"Agência para a Integração, Migrações e Asilo (AIMA, I. P.)",,government,PRT,2026,2026-10-02,https://aima.gov.pt/pt/viver/autorizacao-de-residencia-para-investimento-art-90-o-a,,raw/prt-aima-web-ari-2026.html,2f07f16e1d8608140a45a8de4aae72e6327df796d91356f932e4f51bfa2cf89f,"Current routes and thresholds, minimum stay (7 days first year, 14 days later), rights incl. path to permanent residence and naturalisation.",Web page as retrieved on 2026-10-02 (HTML saved).
prt-dl-14-2021,"Decreto-Lei n.º 14/2021, de 12 de fevereiro",Governo (Diário da República),,legislation,PRT,2021-02-12,2026-10-02,https://files.diariodarepublica.pt/1s/2021/02/03000/0002100024.pdf,,raw/prt-dl-14-2021.pdf,b8d467cdc78a6c51a5f3f85f70204821e3b8701aa77c0cb0c151841bce822d33,"From 1 Jan 2022: capital transfer EUR 1.5m, research EUR 500k, funds EUR 500k, company EUR 500k; residential property only in the interior (Portaria 208/2017) or the Azores and Madeira.","Official PDF from files.diariodarepublica.pt, reached via the ELI link https://data.dre.pt/eli/dec-lei/14/2021/02/12/p/dre/pt/pdf."
prt-dl-41-2023,"Decreto-Lei n.º 41/2023, de 2 de junho (cria a AIMA)",Governo (Diário da República),,legislation,PRT,2023-06-02,2026-10-02,https://files.diariodarepublica.pt/1s/2023/06/10700/0002000106.pdf,,raw/prt-dl-41-2023.pdf,a1574c42ad79526f888881706e0f8ffdd93b9ac56b19dbefbc0dd8a3044942b4,Creates AIMA and abolishes SEF; in force 29 Oct 2023.,"Official PDF from files.diariodarepublica.pt, reached via the ELI link https://data.dre.pt/eli/dec-lei/41/2023/06/02/p/dre/pt/pdf."
prt-dr-1-2024,"Decreto Regulamentar n.º 1/2024, de 17 de janeiro",Governo (Diário da República),,legislation,PRT,2024-01-17,2026-10-02,https://files.diariodarepublica.pt/1s/2024/01/01200/0000600050.pdf,,raw/prt-dr-1-2024.pdf,b94db50993f10b2d2d6fdbe67e3e9ae9812c58be2e4c215dbe028627439ca846,Re-regulates ARI procedure after Law 56/2023 and the move to AIMA (arts. 65-A ff. of Decreto Regulamentar 84/2007).,"Official PDF from files.diariodarepublica.pt, reached via the ELI link https://data.dre.pt/eli/decregul/1/2024/01/17/p/dre/pt/pdf."
prt-dr-15a-2015,"Decreto Regulamentar n.º 15-A/2015, de 2 de setembro",Ministério da Administração Interna (Diário da República),,legislation,PRT,2015-09-02,2026-10-02,https://files.diariodarepublica.pt/1s/2015/09/17101/0000200038.pdf,,raw/prt-dr-15a-2015.pdf,4587bbe827ea10af5a9b44b46ab21416834e57f2616bfd759da6160af99f1118,"Regulates ARI (arts. 65-A to 65-K of Decreto Regulamentar 84/2007): proof rules, co-ownership, mortgages above the threshold, minimum stay of 7 days in year 1 and 14 days in each later two-year period.","Official PDF from files.diariodarepublica.pt, reached via the ELI link https://data.dre.pt/eli/decregul/15-a/2015/09/02/p/dre/pt/pdf."
prt-eco-gv-record-2026,"'Vistos gold' batem recorde em 2025, mas AIMA deixa de divulgar investimento captado",ECO,,media,PRT,2026-09-25,2026-10-02,https://eco.sapo.pt/2026/09/25/vistos-gold-batem-recorde-em-2025-mas-aima-deixa-de-divulgar-investimento-captado/,https://web.archive.org/web/20260926172423/https://eco.sapo.pt/2026/09/25/vistos-gold-batem-recorde-em-2025-mas-aima-deixa-de-divulgar-investimento-captado/,,,AIMA 2025 ARI figures; notes that AIMA no longer publishes investment amounts; cumulative totals since 2012.,"Read through a text-extraction tool; quotes are as returned. ECO's figure of EUR 6,451 million ""through 12,718 golden visas"" mixes two SEF numbers: EUR 6,451m is real estate only; SEF's all-route total to Sep 2023 is EUR 7,318m."
prt-igai-ari-audit-2014,"Relatório Final do procedimento de concessão de autorização de residência para atividade de investimento pelo SEF (RELAT-122/2014, PI-21/2014)",Inspeção-Geral da Administração Interna (IGAI),,government,PRT,2014-12-30,2026-10-02,https://www.igai.pt/2015-04-01-14-43-41/relatorios-inspectivos?download=134:relat-122-2014-relatorio-final-do-procedimento-de-concessao-de-autorizacao-de-residencia-para-atividade-de-investimento-pelo-sef,https://web.archive.org/web/20161113062456/https://www.igai.pt/2015-04-01-14-43-41/relatorios-inspectivos?download=134:relat-122-2014-relatorio-final-do-procedimento-de-concessao-de-autorizacao-de-residencia-para-atividade-de-investimento-pelo-sef,raw/prt-igai-ari-audit-2014.pdf,e88e9071004c7b4945dafc3051c45dfd6fcacae0e82446a7a4491d3ec774f67f,"Extraordinary audit after the November 2014 arrests: procedures, internal control (found ""muito incipiente e fraco""), backlog, fees and fee revenue Jan-Dec 2014.","106 pages, dated Lisbon 30 Dec 2014 (PDF created Jan 2016). Names of staff redacted. Copy from the Wayback Machine (igai.pt is intermittently unreachable)."
prt-law-102-2017,"Lei n.º 102/2017, de 28 de agosto (quinta alteração à Lei n.º 23/2007)",Assembleia da República (Diário da República),,legislation,PRT,2017-08-28,2026-10-02,https://files.diariodarepublica.pt/1s/2017/08/16500/0509205165.pdf,,raw/prt-law-102-2017.pdf,6f1d64f557a0c135cd4e73dce5560950c30b4c75e7a23c6048e623b0a0f60e72,Fund route lowered to EUR 350k and broadened; new route viii) company capital EUR 350k with 5 jobs; renewal every two years; in force 90 days after publication.,"Official PDF from files.diariodarepublica.pt, reached via the ELI link https://data.dre.pt/eli/lei/102/2017/08/28/p/dre/pt/pdf."
prt-law-29-2012,"Lei n.º 29/2012, de 9 de agosto (primeira alteração à Lei n.º 23/2007)",Assembleia da República (Diário da República),,legislation,PRT,2012-08-09,2026-10-02,https://files.diariodarepublica.pt/1s/2012/08/15400/0419104256.pdf,,raw/prt-law-29-2012.pdf,6138836025ce4aff07ab4afefcd6e264033dfb60098cafabb851e733b631b59a,"Creates the investment residence permit (art. 3(1)(d) and art. 90-A): capital transfer EUR 1m, 30 jobs, real estate EUR 500k; in force 60 days after publication.","The PDF is protected (encrypted for editing) but text extracts normally. Contains the amending articles and a full republication of Law 23/2007. Official PDF from files.diariodarepublica.pt, reached via the ELI link https://data.dre.pt/eli/lei/29/2012/08/09/p/dre/pt/pdf."
prt-law-56-2023,"Lei n.º 56/2023, de 6 de outubro (Mais Habitação) - legislação consolidada, versão à data de 29-12-2023",Assembleia da República (consolidated text hosted by ILO NATLEX),,legislation,PRT,2023-10-06,2026-09-28,https://natlex.ilo.org/dyn/natlex2/natlex2/files/download/117906/L%2056%202023%20POR.pdf,,raw/prt-law-56-2023.pdf,50dabc5ad960c2f0dde25ce766b7fa1b664bcc734b2e85fe32e921995c9218d6,"Arts. 42-43: no new applications for investment residence permits under subparagraphs i), iii), iv) of art. 3(1)(d) Law 23/2007 (capital transfer, real estate purchase, real estate rehabilitation); art. 55 entry into force.","Consolidated version (with Lei n.º 82/2023), not the Diário da República original (https://diariodarepublica.pt/dr/detalhe/lei/56-2023-222477692)."
prt-law-61-2025,"Lei n.º 61/2025, de 22 de outubro (alteração à Lei n.º 23/2007)",Assembleia da República (Diário da República),,legislation,PRT,2025-10-22,2026-10-02,https://files.diariodarepublica.pt/1s/2025/10/20400/0000900017.pdf,,raw/prt-law-61-2025.pdf,58297d7ff24defc529a9e754c732aa0373660f031a6aa8376e1fe6882300fdd5,Tightens family reunification (two years of residence first) but exempts family members of ARI holders (art. 90-A); in force the day after publication.,"Official PDF from files.diariodarepublica.pt, reached via the ELI link https://data.dre.pt/eli/lei/61/2025/10/22/p/dre/pt/pdf."
prt-law-63-2015,"Lei n.º 63/2015, de 30 de junho (terceira alteração à Lei n.º 23/2007)",Assembleia da República (Diário da República),,legislation,PRT,2015-06-30,2026-10-02,https://files.diariodarepublica.pt/1s/2015/06/12500/0452104522.pdf,,raw/prt-law-63-2015.pdf,7aa9405632f2f9b9c5df0c55d2321b6e96ab24c5f6527f833f2923468c31a38c,"Jobs route cut to 10; new routes iv) rehabilitation EUR 350k, v) research EUR 350k, vi) culture EUR 250k, vii) SME funds EUR 500k; 20% reduction in low-density areas; in force the day after publication.","Official PDF from files.diariodarepublica.pt, reached via the ELI link https://data.dre.pt/eli/lei/63/2015/06/30/p/dre/pt/pdf."
prt-lo-1-2024,"Lei Orgânica n.º 1/2024, de 5 de março (Lei da Nacionalidade)",Assembleia da República (Diário da República),,legislation,PRT,2024-03-05,2026-10-02,https://files.diariodarepublica.pt/1s/2024/03/04600/0000200019.pdf,,raw/prt-lo-1-2024.pdf,480af017a03ea63f00b085864ed111f4cb2abd9e035c6aabd045ae6a120a4786,Counts residence from the date the temporary residence permit was applied for (if granted); in force on the first day of the following month.,"Official PDF from files.diariodarepublica.pt, reached via the ELI link https://data.dre.pt/eli/leiorg/1/2024/03/05/p/dre/pt/pdf."
prt-lo-1-2026,"Lei Orgânica n.º 1/2026, de 18 de maio (Lei da Nacionalidade)",Assembleia da República (Diário da República),,legislation,PRT,2026-05-18,2026-10-02,https://files.diariodarepublica.pt/1s/2026/05/09500/0000200020.pdf,,raw/prt-lo-1-2026.pdf,888ab695663747cedf12b6fba5f3203893339a1288910862b5c22fcebbba5edb,Naturalisation after 7 years (CPLP and EU nationals) or 10 years (others); revokes counting from the application date; pending procedures keep the old law; in force the day after publication.,"Official PDF from files.diariodarepublica.pt, reached via the ELI link https://data.dre.pt/eli/leiorg/1/2026/05/18/p/dre/pt/pdf."
prt-lo-2-2006,"Lei Orgânica n.º 2/2006, de 17 de abril (Lei da Nacionalidade)",Assembleia da República (Diário da República),,legislation,PRT,2006-04-17,2026-10-02,https://files.diariodarepublica.pt/1s/2006/04/075a00/27762782.pdf,,raw/prt-lo-2-2006.pdf,3d86ee2baca499cc7bb62a8b984165f00fe5682c875816565f54b1da942f6818,Naturalisation after six years of legal residence: the rule in force when ARI started in 2012.,"Official PDF from files.diariodarepublica.pt, reached via the ELI link https://data.dre.pt/eli/leiorg/2/2006/04/17/p/dre/pt/pdf."
prt-lo-2-2018,"Lei Orgânica n.º 2/2018, de 5 de julho (Lei da Nacionalidade)",Assembleia da República (Diário da República),,legislation,PRT,2018-07-05,2026-10-02,https://files.diariodarepublica.pt/1s/2018/07/12800/0289502902.pdf,,raw/prt-lo-2-2018.pdf,930280effa21dda26cd0cdc1c90459f0e8f44a72c809d6055026c6f94c1af33c,Cuts the residence requirement for naturalisation from six to five years; in force the day after publication.,"Official PDF from files.diariodarepublica.pt, reached via the ELI link https://data.dre.pt/eli/leiorg/2/2018/07/05/p/dre/pt/pdf."
prt-observador-labirinto-verdict-2019,Vistos Gold. Miguel Macedo absolvido de todos os crimes; António Figueiredo condenado por dois crimes de corrupção,Observador,Pedro Raínho,media,PRT,2019-01-04,2026-10-02,https://observador.pt/2019/01/04/vistos-gold-antonio-figueiredo-condenado-por-dois-crimes-de-corrupcao/,https://arquivo.pt/wayback/20200511131006/https://observador.pt/2019/01/04/vistos-gold-antonio-figueiredo-condenado-por-dois-crimes-de-corrupcao/,,,"First-instance verdict in the ""Operação Labirinto"" golden-visa corruption case; timeline incl. arrests of 13 Nov 2014.",National newspaper; quoted briefly.
prt-observador-macedo-resigns-2014,"Miguel Macedo demite-se, por ter a sua ""autoridade diminuída"". Mas recusa culpas nos vistos Gold",Observador,David Dinis,media,PRT,2014-11-16,2026-10-02,http://observador.pt/2014/11/16/miguel-macedo-fala-19h30-sobre-o-caso-dos-vistos-gold/,https://arquivo.pt/wayback/20150430130740/http://observador.pt/2014/11/16/miguel-macedo-fala-19h30-sobre-o-caso-dos-vistos-gold/,,,Resignation of the Minister of Internal Administration over the golden-visa investigation.,Quoted briefly.
prt-port-208-2017,"Portaria n.º 208/2017, de 13 de julho (territórios do interior)",Presidência do Conselho de Ministros e Ministério do Planeamento e das Infraestruturas (Diário da República),,legislation,PRT,2017-07-13,2026-10-02,https://files.diariodarepublica.pt/1s/2017/07/13400/0373103734.pdf,,raw/prt-port-208-2017.pdf,198e8b1b26f3d543baca4379d8d9e0503ea8cea23ca0c2fa7c0e75890be867ce,"List of ""interior"" municipalities and parishes to which DL 14/2021 restricted residential real-estate ARI from 2022.","Official PDF from files.diariodarepublica.pt, reached via the ELI link https://data.dre.pt/eli/port/208/2017/07/13/p/dre/pt/pdf."
prt-port-305a-2012,"Portaria n.º 305-A/2012, de 4 de outubro (taxas)",Ministério da Administração Interna (Diário da República),,legislation,PRT,2012-10-04,2026-10-02,https://files.diariodarepublica.pt/1s/2012/10/19301/0000200004.pdf,,raw/prt-port-305a-2012.pdf,c9b35b177a6f202ef6b8f704142c1a9f174ac04c1237b519bcaee415c957096a,"First ARI fee schedule: EUR 500 analysis, EUR 5,000 permit, EUR 2,500 renewal; in force 8 Oct 2012.","Official PDF from files.diariodarepublica.pt, reached via the ELI link https://data.dre.pt/eli/port/305-a/2012/10/04/p/dre/pt/pdf."
prt-port-307-2023,"Portaria n.º 307/2023, de 13 de outubro (taxas)",Ministério da Administração Interna e outros (Diário da República),,legislation,PRT,2023-10-13,2026-10-02,https://files.diariodarepublica.pt/1s/2023/10/19900/0000200008.pdf,,raw/prt-port-307-2023.pdf,c2b0dcb6ca35655aae1a4a79ae60ea584cc8e8c494c23f6886691eae0b0753c0,"New fee schedule from 29 Oct 2023: EUR 773.74 analysis, EUR 7,730.11 permit, EUR 3,865.79 renewal.","Official PDF from files.diariodarepublica.pt, reached via the ELI link https://data.dre.pt/eli/port/307/2023/10/13/p/dre/pt/pdf."
prt-sef-ari-map-2012-2013,Autorização de Residência para Investimento - mapa estatístico: ARI 2012 e 2013,Serviço de Estrangeiros e Fronteiras (SEF),,government,PRT,2014,2026-10-02,https://www.sef.pt/pt/Documents/2012_2013%20MAPA%20ARI.pdf,https://web.archive.org/web/20200616202129/https://www.sef.pt/pt/Documents/2012_2013%20MAPA%20ARI.pdf,raw/prt-sef-ari-map-2012-2013.pdf,bc14a982142ec0ae3f75774f9b8966d6431ce835f2bcd06894d5932417afaede,"Permits, family permits, top-5 nationalities, routes and investment for 2012 (2 permits) and 2013.","One-page bilingual infographic. sef.pt now returns HTTP 403 to scripted downloads, so the copy in raw/ was taken from the Wayback Machine capture given in archive_url. The PDF text layer scrambles some numbers; values were checked against the rendered page image, and quotes follow the printed layout (number followed by its label). Counts are ARI (investor) permits granted (decisions), not applications; family members are counted separately. ""Subalínea"" refers to the investment route in art. 3(1)(d) of Law 23/2007: i) capital transfer, ii) job creation, iii) real-estate purchase, iv) real estate for rehabilitation, v) research, vi) culture/heritage, vii) investment funds, viii) company capital with jobs. Publication date is approximate (year after the period, or month after for 2023)."
prt-sef-ari-map-2012-2019,Autorização de Residência para Investimento - mapa estatístico: ARI 2012-2019 (acumulado),Serviço de Estrangeiros e Fronteiras (SEF),,government,PRT,2020,2026-10-02,https://www.sef.pt/pt/Documents/2012_2019%20MAPA%20ARI.pdf,https://web.archive.org/web/20200505185135/https://www.sef.pt/pt/Documents/2012_2019%20MAPA%20ARI.pdf,raw/prt-sef-ari-map-2012-2019.pdf,c6084d41db1d13897aa4fee9a04bd8285a729cca660089901910a18637f3e68c,Cumulative October 2012 to December 2019.,"One-page bilingual infographic. sef.pt now returns HTTP 403 to scripted downloads, so the copy in raw/ was taken from the Wayback Machine capture given in archive_url. The PDF text layer scrambles some numbers; values were checked against the rendered page image, and quotes follow the printed layout (number followed by its label). Counts are ARI (investor) permits granted (decisions), not applications; family members are counted separately. ""Subalínea"" refers to the investment route in art. 3(1)(d) of Law 23/2007: i) capital transfer, ii) job creation, iii) real-estate purchase, iv) real estate for rehabilitation, v) research, vi) culture/heritage, vii) investment funds, viii) company capital with jobs. Publication date is approximate (year after the period, or month after for 2023)."
prt-sef-ari-map-2012-2023-09,Autorização de Residência para Investimento - mapa estatístico: ARI Out 2012 - Set 2023 (cumulativo),Serviço de Estrangeiros e Fronteiras (SEF),,government,PRT,2023-10,2026-10-02,https://www.sef.pt/pt/Documents/SET_2023_ARI_CUMULATIVO.pdf,https://web.archive.org/web/20240124071720/https://www.sef.pt/pt/Documents/SET_2023_ARI_CUMULATIVO.pdf,raw/prt-sef-ari-map-2012-2023-09.pdf,58e6590ca73c6cee5d7aed617a0c3e80526e1271c61600b1dcf624310b8780dc,Cumulative 8 October 2012 to September 2023: the whole SEF era.,"One-page bilingual infographic. sef.pt now returns HTTP 403 to scripted downloads, so the copy in raw/ was taken from the Wayback Machine capture given in archive_url. The PDF text layer scrambles some numbers; values were checked against the rendered page image, and quotes follow the printed layout (number followed by its label). Counts are ARI (investor) permits granted (decisions), not applications; family members are counted separately. ""Subalínea"" refers to the investment route in art. 3(1)(d) of Law 23/2007: i) capital transfer, ii) job creation, iii) real-estate purchase, iv) real estate for rehabilitation, v) research, vi) culture/heritage, vii) investment funds, viii) company capital with jobs. Publication date is approximate (year after the period, or month after for 2023)."
prt-sef-ari-map-2014,Autorização de Residência para Investimento - mapa estatístico: ARI 2014,Serviço de Estrangeiros e Fronteiras (SEF),,government,PRT,2015,2026-10-02,https://www.sef.pt/pt/Documents/2014%20MAPA%20ARI.pdf,https://web.archive.org/web/20200616202132/https://www.sef.pt/pt/Documents/2014%20MAPA%20ARI.pdf,raw/prt-sef-ari-map-2014.pdf,96493074f28bc4fcb0c1e48cee52d02d2c1ccec2aa0ba4ffeb3ca1f919bc453f,Calendar year 2014.,"One-page bilingual infographic. sef.pt now returns HTTP 403 to scripted downloads, so the copy in raw/ was taken from the Wayback Machine capture given in archive_url. The PDF text layer scrambles some numbers; values were checked against the rendered page image, and quotes follow the printed layout (number followed by its label). Counts are ARI (investor) permits granted (decisions), not applications; family members are counted separately. ""Subalínea"" refers to the investment route in art. 3(1)(d) of Law 23/2007: i) capital transfer, ii) job creation, iii) real-estate purchase, iv) real estate for rehabilitation, v) research, vi) culture/heritage, vii) investment funds, viii) company capital with jobs. Publication date is approximate (year after the period, or month after for 2023)."
prt-sef-ari-map-2015,Autorização de Residência para Investimento - mapa estatístico: ARI 2015,Serviço de Estrangeiros e Fronteiras (SEF),,government,PRT,2016,2026-10-02,https://www.sef.pt/pt/Documents/2015%20MAPA%20ARI.pdf,https://web.archive.org/web/20200616202135/https://www.sef.pt/pt/Documents/2015%20MAPA%20ARI.pdf,raw/prt-sef-ari-map-2015.pdf,2ee49606e098ffd97106f6503ae3e6d727c26a4344a1c722e747af641e8661db,Calendar year 2015.,"One-page bilingual infographic. sef.pt now returns HTTP 403 to scripted downloads, so the copy in raw/ was taken from the Wayback Machine capture given in archive_url. The PDF text layer scrambles some numbers; values were checked against the rendered page image, and quotes follow the printed layout (number followed by its label). Counts are ARI (investor) permits granted (decisions), not applications; family members are counted separately. ""Subalínea"" refers to the investment route in art. 3(1)(d) of Law 23/2007: i) capital transfer, ii) job creation, iii) real-estate purchase, iv) real estate for rehabilitation, v) research, vi) culture/heritage, vii) investment funds, viii) company capital with jobs. Publication date is approximate (year after the period, or month after for 2023)."
prt-sef-ari-map-2016,Autorização de Residência para Investimento - mapa estatístico: ARI 2016,Serviço de Estrangeiros e Fronteiras (SEF),,government,PRT,2017,2026-10-02,https://www.sef.pt/pt/Documents/2016%20MAPA%20ARI.pdf,https://web.archive.org/web/20200616202140/https://www.sef.pt/pt/Documents/2016%20MAPA%20ARI.pdf,raw/prt-sef-ari-map-2016.pdf,ea0cf8ce5ffe3016b168175d9b98aca683d24e04b891216d6c8befe9d09ecd03,Calendar year 2016.,"One-page bilingual infographic. sef.pt now returns HTTP 403 to scripted downloads, so the copy in raw/ was taken from the Wayback Machine capture given in archive_url. The PDF text layer scrambles some numbers; values were checked against the rendered page image, and quotes follow the printed layout (number followed by its label). Counts are ARI (investor) permits granted (decisions), not applications; family members are counted separately. ""Subalínea"" refers to the investment route in art. 3(1)(d) of Law 23/2007: i) capital transfer, ii) job creation, iii) real-estate purchase, iv) real estate for rehabilitation, v) research, vi) culture/heritage, vii) investment funds, viii) company capital with jobs. Publication date is approximate (year after the period, or month after for 2023)."
prt-sef-ari-map-2017,Autorização de Residência para Investimento - mapa estatístico: ARI 2017,Serviço de Estrangeiros e Fronteiras (SEF),,government,PRT,2018,2026-10-02,https://www.sef.pt/pt/Documents/2017%20MAPA%20ARI.pdf,https://web.archive.org/web/20200616202144/https://www.sef.pt/pt/Documents/2017%20MAPA%20ARI.pdf,raw/prt-sef-ari-map-2017.pdf,f2ae06f667d156f0d451fd505b6e4115c62461048a97b2289feaf7556d9933b2,Calendar year 2017.,"One-page bilingual infographic. sef.pt now returns HTTP 403 to scripted downloads, so the copy in raw/ was taken from the Wayback Machine capture given in archive_url. The PDF text layer scrambles some numbers; values were checked against the rendered page image, and quotes follow the printed layout (number followed by its label). Counts are ARI (investor) permits granted (decisions), not applications; family members are counted separately. ""Subalínea"" refers to the investment route in art. 3(1)(d) of Law 23/2007: i) capital transfer, ii) job creation, iii) real-estate purchase, iv) real estate for rehabilitation, v) research, vi) culture/heritage, vii) investment funds, viii) company capital with jobs. Publication date is approximate (year after the period, or month after for 2023)."
prt-sef-ari-map-2018,Autorização de Residência para Investimento - mapa estatístico: ARI 2018,Serviço de Estrangeiros e Fronteiras (SEF),,government,PRT,2019,2026-10-02,https://www.sef.pt/pt/Documents/2018%20MAPA%20ARI.pdf,https://web.archive.org/web/20200616202147/https://www.sef.pt/pt/Documents/2018%20MAPA%20ARI.pdf,raw/prt-sef-ari-map-2018.pdf,5c6a517e1ddc203e87058d8d85b706e7fb8c315d0ff35a69d9e6598cdf2222d8,Calendar year 2018.,"One-page bilingual infographic. sef.pt now returns HTTP 403 to scripted downloads, so the copy in raw/ was taken from the Wayback Machine capture given in archive_url. The PDF text layer scrambles some numbers; values were checked against the rendered page image, and quotes follow the printed layout (number followed by its label). Counts are ARI (investor) permits granted (decisions), not applications; family members are counted separately. ""Subalínea"" refers to the investment route in art. 3(1)(d) of Law 23/2007: i) capital transfer, ii) job creation, iii) real-estate purchase, iv) real estate for rehabilitation, v) research, vi) culture/heritage, vii) investment funds, viii) company capital with jobs. Publication date is approximate (year after the period, or month after for 2023)."
prt-sef-ari-map-2019,Autorização de Residência para Investimento - mapa estatístico: ARI 2019,Serviço de Estrangeiros e Fronteiras (SEF),,government,PRT,2020,2026-10-02,https://www.sef.pt/pt/Documents/2019%20MAPA%20ARI.pdf,https://web.archive.org/web/20200616202151/https://www.sef.pt/pt/Documents/2019%20MAPA%20ARI.pdf,raw/prt-sef-ari-map-2019.pdf,a7b52e861980f476f142ef8a3f3678e1b06350ee55900eeba96d1e699d8cdf09,Calendar year 2019.,"One-page bilingual infographic. sef.pt now returns HTTP 403 to scripted downloads, so the copy in raw/ was taken from the Wayback Machine capture given in archive_url. The PDF text layer scrambles some numbers; values were checked against the rendered page image, and quotes follow the printed layout (number followed by its label). Counts are ARI (investor) permits granted (decisions), not applications; family members are counted separately. ""Subalínea"" refers to the investment route in art. 3(1)(d) of Law 23/2007: i) capital transfer, ii) job creation, iii) real-estate purchase, iv) real estate for rehabilitation, v) research, vi) culture/heritage, vii) investment funds, viii) company capital with jobs. Publication date is approximate (year after the period, or month after for 2023)."
prt-sef-ari-map-2020,Autorização de Residência para Investimento - mapa estatístico: ARI 2020,Serviço de Estrangeiros e Fronteiras (SEF),,government,PRT,2021,2026-10-02,https://www.sef.pt/pt/Documents/MAPA_ARI_2020.pdf,https://web.archive.org/web/20210301061022/https://www.sef.pt/pt/Documents/MAPA_ARI_2020.pdf,raw/prt-sef-ari-map-2020.pdf,4dc64c6e22a107f7b949700c0c8eab1cdc1c1fc91830ab624ba2990c4c5ce4fd,Calendar year 2020.,"One-page bilingual infographic. sef.pt now returns HTTP 403 to scripted downloads, so the copy in raw/ was taken from the Wayback Machine capture given in archive_url. The PDF text layer scrambles some numbers; values were checked against the rendered page image, and quotes follow the printed layout (number followed by its label). Counts are ARI (investor) permits granted (decisions), not applications; family members are counted separately. ""Subalínea"" refers to the investment route in art. 3(1)(d) of Law 23/2007: i) capital transfer, ii) job creation, iii) real-estate purchase, iv) real estate for rehabilitation, v) research, vi) culture/heritage, vii) investment funds, viii) company capital with jobs. Publication date is approximate (year after the period, or month after for 2023)."
prt-sef-ari-map-2021,Autorização de Residência para Investimento - mapa estatístico: ARI 2021 (acumulado do ano),Serviço de Estrangeiros e Fronteiras (SEF),,government,PRT,2022,2026-10-02,https://www.sef.pt/pt/Documents/2021%20MAPA%20ARI%20Acumulado.pdf,https://web.archive.org/web/20230409233008/https://www.sef.pt/pt/Documents/2021%20MAPA%20ARI%20Acumulado.pdf,raw/prt-sef-ari-map-2021.pdf,7ff356c539a47011833ee1a79482f4376f717e34f49d5ff38415a887b0fdc2f0,"Calendar year 2021. The small English line under the total reads ""TOTAL INVESTMENT 2020"", an evident template error; the Portuguese label says 2021.","One-page bilingual infographic. sef.pt now returns HTTP 403 to scripted downloads, so the copy in raw/ was taken from the Wayback Machine capture given in archive_url. The PDF text layer scrambles some numbers; values were checked against the rendered page image, and quotes follow the printed layout (number followed by its label). Counts are ARI (investor) permits granted (decisions), not applications; family members are counted separately. ""Subalínea"" refers to the investment route in art. 3(1)(d) of Law 23/2007: i) capital transfer, ii) job creation, iii) real-estate purchase, iv) real estate for rehabilitation, v) research, vi) culture/heritage, vii) investment funds, viii) company capital with jobs. Publication date is approximate (year after the period, or month after for 2023)."
prt-sef-ari-map-2022,Autorização de Residência para Investimento - mapa estatístico: ARI 2022 (acumulado do ano),Serviço de Estrangeiros e Fronteiras (SEF),,government,PRT,2023,2026-10-02,https://www.sef.pt/pt/Documents/2022%20MAPA%20ARI%20Acumulado.pdf,https://web.archive.org/web/20230409233004/https://www.sef.pt/pt/Documents/2022%20MAPA%20ARI%20Acumulado.pdf,raw/prt-sef-ari-map-2022.pdf,a33ae30e81ce5e2fc21dfca2e6e6fc4fa20f8dc337a9d41f9c704d5497d3c249,"Calendar year 2022. The small English sub-labels under some subalíneas are mislabelled (e.g. ""SUBPARAGRAPH 1"" under subalínea 6); the Portuguese labels were used.","One-page bilingual infographic. sef.pt now returns HTTP 403 to scripted downloads, so the copy in raw/ was taken from the Wayback Machine capture given in archive_url. The PDF text layer scrambles some numbers; values were checked against the rendered page image, and quotes follow the printed layout (number followed by its label). Counts are ARI (investor) permits granted (decisions), not applications; family members are counted separately. ""Subalínea"" refers to the investment route in art. 3(1)(d) of Law 23/2007: i) capital transfer, ii) job creation, iii) real-estate purchase, iv) real estate for rehabilitation, v) research, vi) culture/heritage, vii) investment funds, viii) company capital with jobs. Publication date is approximate (year after the period, or month after for 2023)."
prt-sef-ari-map-2023-09,Autorização de Residência para Investimento - mapa estatístico: ARI Setembro 2023,Serviço de Estrangeiros e Fronteiras (SEF),,government,PRT,2023-10,2026-10-02,https://www.sef.pt/pt/Documents/SETEMBRO%202023%20ARI.pdf,https://web.archive.org/web/20231010103616/https://www.sef.pt/pt/Documents/SETEMBRO%202023%20ARI.pdf,raw/prt-sef-ari-map-2023-09.pdf,35e733d9bfcd5e3b098af738367aa83f1474e65a8cc17fdc164fbaecd78d5457,"Month of September 2023, the last month published by SEF before AIMA took over on 29 Oct 2023.","One-page bilingual infographic. sef.pt now returns HTTP 403 to scripted downloads, so the copy in raw/ was taken from the Wayback Machine capture given in archive_url. The PDF text layer scrambles some numbers; values were checked against the rendered page image, and quotes follow the printed layout (number followed by its label). Counts are ARI (investor) permits granted (decisions), not applications; family members are counted separately. ""Subalínea"" refers to the investment route in art. 3(1)(d) of Law 23/2007: i) capital transfer, ii) job creation, iii) real-estate purchase, iv) real estate for rehabilitation, v) research, vi) culture/heritage, vii) investment funds, viii) company capital with jobs. Publication date is approximate (year after the period, or month after for 2023)."
prt-sef-rifa-2013,"Relatório de Imigração, Fronteiras e Asilo 2013",Serviço de Estrangeiros e Fronteiras (SEF),,government,PRT,2014,2026-10-02,https://om.aima.gov.pt/wp-content/uploads/2025/10/Rifa_2013.pdf,,raw/prt-sef-rifa-2013.pdf,536a3510fef1600023eba4205b05bab969fbd41943db02cb3767ab18d37aed4e,ARI statistics for 2013 (section on the investment residence regime).,"Annual Immigration, Borders and Asylum Report (RIFA) of SEF; the ARI section gives approvals, family approvals, first residence cards issued, investment by type and main nationalities. Downloaded from the AIMA migration observatory mirror (om.aima.gov.pt) or sefstat.sef.pt. Figures are for the calendar year and can differ slightly from the SEF infographic for the same year (different extraction dates)."
prt-sef-rifa-2014,"Relatório de Imigração, Fronteiras e Asilo 2014",Serviço de Estrangeiros e Fronteiras (SEF),,government,PRT,2015,2026-10-02,https://om.aima.gov.pt/wp-content/uploads/2025/10/Rifa_2014.pdf,,raw/prt-sef-rifa-2014.pdf,a5196377af3cfc1c60ea63daad21d54166a4142093c14634839b425eada7723a,ARI statistics for 2014 (section on the investment residence regime).,"Annual Immigration, Borders and Asylum Report (RIFA) of SEF; the ARI section gives approvals, family approvals, first residence cards issued, investment by type and main nationalities. Downloaded from the AIMA migration observatory mirror (om.aima.gov.pt) or sefstat.sef.pt. Figures are for the calendar year and can differ slightly from the SEF infographic for the same year (different extraction dates)."
prt-sef-rifa-2015,"Relatório de Imigração, Fronteiras e Asilo 2015",Serviço de Estrangeiros e Fronteiras (SEF),,government,PRT,2016,2026-10-02,https://om.aima.gov.pt/wp-content/uploads/2025/10/Rifa_2015.pdf,,raw/prt-sef-rifa-2015.pdf,db4b4b0b11748df31c5cdd2abf37fe1ef7551bbd08a99d4d42d40ee27a6c8f80,ARI statistics for 2015 (section on the investment residence regime).,"Annual Immigration, Borders and Asylum Report (RIFA) of SEF; the ARI section gives approvals, family approvals, first residence cards issued, investment by type and main nationalities. Downloaded from the AIMA migration observatory mirror (om.aima.gov.pt) or sefstat.sef.pt. Figures are for the calendar year and can differ slightly from the SEF infographic for the same year (different extraction dates)."
prt-sef-rifa-2016,"Relatório de Imigração, Fronteiras e Asilo 2016",Serviço de Estrangeiros e Fronteiras (SEF),,government,PRT,2017,2026-10-02,https://sefstat.sef.pt/Docs/Rifa2016.pdf,,raw/prt-sef-rifa-2016.pdf,8881ebb8452cbb8712f164e311f87fff907e28641a95b7be3971b2173c975264,ARI statistics for 2016 (section on the investment residence regime).,"Annual Immigration, Borders and Asylum Report (RIFA) of SEF; the ARI section gives approvals, family approvals, first residence cards issued, investment by type and main nationalities. Downloaded from the AIMA migration observatory mirror (om.aima.gov.pt) or sefstat.sef.pt. Figures are for the calendar year and can differ slightly from the SEF infographic for the same year (different extraction dates)."
prt-sef-rifa-2017,"Relatório de Imigração, Fronteiras e Asilo 2017",Serviço de Estrangeiros e Fronteiras (SEF),,government,PRT,2018,2026-10-02,https://om.aima.gov.pt/wp-content/uploads/2025/10/Rifa_2017.pdf,,raw/prt-sef-rifa-2017.pdf,05a5ffec139fa82d86932faca721da2a4a31adc46f1aed77992f5b3e9915553a,ARI statistics for 2017 (section on the investment residence regime).,"Annual Immigration, Borders and Asylum Report (RIFA) of SEF; the ARI section gives approvals, family approvals, first residence cards issued, investment by type and main nationalities. Downloaded from the AIMA migration observatory mirror (om.aima.gov.pt) or sefstat.sef.pt. Figures are for the calendar year and can differ slightly from the SEF infographic for the same year (different extraction dates)."
prt-sef-rifa-2018,"Relatório de Imigração, Fronteiras e Asilo 2018",Serviço de Estrangeiros e Fronteiras (SEF),,government,PRT,2019,2026-10-02,https://om.aima.gov.pt/wp-content/uploads/2025/10/Rifa_2018.pdf,,raw/prt-sef-rifa-2018.pdf,5cff5a48869d14e8aaffdb8a4370a992785bc6ae5ac9572bbb2e369d87c92d3a,ARI statistics for 2018 (section on the investment residence regime).,"Annual Immigration, Borders and Asylum Report (RIFA) of SEF; the ARI section gives approvals, family approvals, first residence cards issued, investment by type and main nationalities. Downloaded from the AIMA migration observatory mirror (om.aima.gov.pt) or sefstat.sef.pt. Figures are for the calendar year and can differ slightly from the SEF infographic for the same year (different extraction dates). The 2018 PDF drops the ""ti"" ligature in its text layer (""tulos"" for ""títulos""); quotes give the printed wording."
prt-sef-rifa-2019,"Relatório de Imigração, Fronteiras e Asilo 2019",Serviço de Estrangeiros e Fronteiras (SEF),,government,PRT,2020,2026-10-02,https://sefstat.sef.pt/Docs/Rifa2019.pdf,,raw/prt-sef-rifa-2019.pdf,a201d6d36bd85cc4d71e35fbc66ea25c1c91ca5bd67d9a4f34932d8935d5683b,ARI statistics for 2019 (section on the investment residence regime).,"Annual Immigration, Borders and Asylum Report (RIFA) of SEF; the ARI section gives approvals, family approvals, first residence cards issued, investment by type and main nationalities. Downloaded from the AIMA migration observatory mirror (om.aima.gov.pt) or sefstat.sef.pt. Figures are for the calendar year and can differ slightly from the SEF infographic for the same year (different extraction dates)."
prt-sef-rifa-2020,"Relatório de Imigração, Fronteiras e Asilo 2020",Serviço de Estrangeiros e Fronteiras (SEF),,government,PRT,2021,2026-10-02,https://sefstat.sef.pt/Docs/Rifa2020.pdf,,raw/prt-sef-rifa-2020.pdf,190968778247220139a6e9587f0db6e22477f05f128f17e4491c08f1bc385c09,ARI statistics for 2020 (section on the investment residence regime).,"Annual Immigration, Borders and Asylum Report (RIFA) of SEF; the ARI section gives approvals, family approvals, first residence cards issued, investment by type and main nationalities. Downloaded from the AIMA migration observatory mirror (om.aima.gov.pt) or sefstat.sef.pt. Figures are for the calendar year and can differ slightly from the SEF infographic for the same year (different extraction dates)."
prt-sef-rifa-2021,"Relatório de Imigração, Fronteiras e Asilo 2021",Serviço de Estrangeiros e Fronteiras (SEF),,government,PRT,2022,2026-10-02,https://om.aima.gov.pt/wp-content/uploads/2025/10/Rifa_2021.pdf,,raw/prt-sef-rifa-2021.pdf,7fe56b63198e32fa4beb840c5241a3928303236df70a8ef1742864809ebab048,ARI statistics for 2021 (section on the investment residence regime).,"Annual Immigration, Borders and Asylum Report (RIFA) of SEF; the ARI section gives approvals, family approvals, first residence cards issued, investment by type and main nationalities. Downloaded from the AIMA migration observatory mirror (om.aima.gov.pt) or sefstat.sef.pt. Figures are for the calendar year and can differ slightly from the SEF infographic for the same year (different extraction dates)."
prt-sef-rifa-2022,"Relatório de Imigração, Fronteiras e Asilo 2022",Serviço de Estrangeiros e Fronteiras (SEF),,government,PRT,2023,2026-10-02,https://om.aima.gov.pt/wp-content/uploads/2025/10/Rifa_2022.pdf,,raw/prt-sef-rifa-2022.pdf,db10d8408423a0d8788a8fae57f59a2f16555dfafd334dd3698ff7c7ee901bbb,ARI statistics for 2022 (section on the investment residence regime).,"Annual Immigration, Borders and Asylum Report (RIFA) of SEF; the ARI section gives approvals, family approvals, first residence cards issued, investment by type and main nationalities. Downloaded from the AIMA migration observatory mirror (om.aima.gov.pt) or sefstat.sef.pt. Figures are for the calendar year and can differ slightly from the SEF infographic for the same year (different extraction dates)."
prt-tc-ac-1133-2025,"Acórdão do Tribunal Constitucional n.º 1133/2025 (Processo n.º 1383/2025), de 15 de dezembro de 2025",Tribunal Constitucional,,court,PRT,2025-12-15,2026-10-02,https://www.tribunalconstitucional.pt/tc/acordaos/20251133.html,,raw/prt-tc-ac-1133-2025.html,fc97e2befd6fd6dc46ba6bdedac9a26440f7a0bfdcd0076d8713b868ec169f28,"Preventive review of Decree 17/XVII (nationality law amendment): four norms unconstitutional, including the retroactive application to pending cases (art. 7(3)-(4)); the 7/10-year residence rule and the end of counting from the application date were not struck down.",HTML page saved (ISO-8859-1).
sgp-cs-gip-factsheet-2009,Global Investor Programme factsheet (version in use 2009-2010),Contact Singapore (alliance of the Economic Development Board and Ministry of Manpower),,government,SGP,2009-06,2026-10-02,http://www.contactsingapore.sg/Library/1/Pages/155/Global_Investor_Programme_Factsheet.pdf,https://web.archive.org/web/20100820194105/http://www.contactsingapore.sg/Library/1/Pages/155/Global_Investor_Programme_Factsheet.pdf,raw/sgp-cs-gip-factsheet-2009.pdf,647cf5ba4a3442510da0dee94570c0f0d75b711b2407c0c16660e3d1a10d6567,"GIP Options A (S$1m), B (S$1.5m) and C (S$2m, up to 50% residential property); turnover criteria; parents at S$300,000 each.",Undated document; PDF metadata gives creation 9 Jun 2009; captured by the Wayback Machine on 20 Aug 2010. Date of first use not known.
sgp-cs-gip-factsheet-2010,Global Investor Programme Factsheet - English (October 2010),Contact Singapore (alliance of the Economic Development Board and Ministry of Manpower),,government,SGP,2010-10,2026-10-02,http://contactsingapore.sg/Library/1/Pages/1191/Oct10%20Global%20Investor%20Programme%20Factsheet%20-%20English%20%28October%202010%29.pdf,https://web.archive.org/web/20101121230512/http://contactsingapore.sg/Library/1/Pages/1191/Oct10%20Global%20Investor%20Programme%20Factsheet%20-%20English%20%28October%202010%29.pdf,raw/sgp-cs-gip-factsheet-2010.pdf,6b28e4474fabbfe700dee356947d62edc032e81ab72c44d5acddfe26b1ad355e,Options A/B/C (S$1m/1.5m/2m) and the notice of changes effective 1 Jan 2011 (S$2.5m; property option and parents removed).,Retrieved from the Wayback Machine capture of 21 Nov 2010.
sgp-cs-gip-factsheet-2011,Global Investor Programme Factsheet (English) - 1 April 2011,Contact Singapore (alliance of the Economic Development Board and Ministry of Manpower),,government,SGP,2011-04-01,2026-10-02,http://contactsingapore.sg/Library/1/Pages/1191/Global%20Investor%20Programme%20Factsheet%20%28English%29%20-%201%20April%202011.pdf,https://web.archive.org/web/20111011235257/http://contactsingapore.sg/Library/1/Pages/1191/Global%20Investor%20Programme%20Factsheet%20%28English%29%20-%201%20April%202011.pdf,raw/sgp-cs-gip-factsheet-2011.pdf,ac46d103108dbf9d1590899cf78a08fcf7a2070542551faa35a021acd29ff8c0,Options A and B at S$2.5 million in force from 1 Jan 2011.,Retrieved from the Wayback Machine capture of 11 Oct 2011.
sgp-cs-gip-factsheet-2012,"GIP Factsheet EN, 2 October 2012",Contact Singapore (alliance of the Economic Development Board and Ministry of Manpower),,government,SGP,2012-10-02,2026-10-02,http://www.contactsingapore.sg/Library/1/Pages/1191/GIP%20Factsheet%20EN%202%20Oct%202012.pdf,https://web.archive.org/web/20121118185927/http://www.contactsingapore.sg/Library/1/Pages/1191/GIP%20Factsheet%20EN%202%20Oct%202012.pdf,raw/sgp-cs-gip-factsheet-2012.pdf,7c91504dc144e74aa5140c96eaf0324aa74c2d8e8ad3e425797109590d76b98c,"Terms after the 2012 tightening: Option B fund must invest in Singapore-based companies; turnover S$50m (S$200m for real estate/construction); S$5,650 application fee.",Retrieved from the Wayback Machine capture of 18 Nov 2012.
sgp-cs-gip-factsheet-2014,Global Investor Programme factsheet (version of March 2014),Contact Singapore (alliance of the Economic Development Board and Ministry of Manpower),,government,SGP,2014-03,2026-10-02,http://contactsingapore.sg/Library/1/Pages/1191/GIP%20Factsheet%20EN.pdf,https://web.archive.org/web/20150616041519/http://contactsingapore.sg/Library/1/Pages/1191/GIP%20Factsheet%20EN.pdf,raw/sgp-cs-gip-factsheet-2014.pdf,fb044158a745da74ae07d9a89c6ba52d7afe3d02e4432d43a9c2ebd9beb37d5f,"Options A/B at S$2.5 million, renewal criteria, S$7,000 application fee.",Undated document; PDF metadata gives creation 25 Mar 2014 and modification 28 Mar 2014; captured by the Wayback Machine on 16 Jun 2015.
sgp-edb-gip-factsheet-2021,"GIP Factsheet (English), 16 August 2021","Contact Singapore, Singapore Economic Development Board (EDB)",,government,SGP,2021-08-16,2026-10-02,https://www.edb.gov.sg/content/dam/edb-en/how-we-help/global-investor-programme/GIP%20Factsheet%20(English)%2016%20August%202021.pdf,https://web.archive.org/web/20220307171100/https://www.edb.gov.sg/content/dam/edb-en/how-we-help/global-investor-programme/GIP%20Factsheet%20(English)%2016%20August%202021.pdf,raw/sgp-edb-gip-factsheet-2021.pdf,641034c9392d35563aff12093c9cd64957d59f682b824a3225ab3a454e90d389,"GIP terms after the March 2020 revision: four applicant profiles, Options A/B/C at S$2.5 million, renewal criteria, S$10,000 application fee.",Retrieved from the Wayback Machine capture of 7 Mar 2022; no longer on the EDB site.
sgp-edb-gip-factsheet-2023,Global Investor Programme factsheet (updated 2 August 2023),"Contact Singapore, Singapore Economic Development Board (EDB)",,government,SGP,2023-08-02,2026-10-02,https://www.edb.gov.sg/content/dam/edb-en/how-we-help/global-investor-programme/GIP%20Factsheet.pdf,https://web.archive.org/web/20240407085857/https://www.edb.gov.sg/content/dam/edb-en/how-we-help/global-investor-programme/GIP%20Factsheet.pdf,raw/sgp-edb-gip-factsheet-2023.pdf,49b68b026df42dd65831bf6473d905bb81f6ac5cd613f2c9df7d83095d0390dc,"GIP terms after the 15 Mar 2023 changes, before the Feb 2025 Option C change; S$10,000 application fee.","Retrieved from the Wayback Machine capture of 7 Apr 2024 (same URL as the current factsheet, now overwritten)."
sgp-edb-gip-factsheet-2025,Global Investor Programme factsheet (updated 5 May 2025),"Contact Singapore, Singapore Economic Development Board (EDB)",,government,SGP,2025-05-05,2026-10-02,https://www.edb.gov.sg/content/dam/edb-en/how-we-help/global-investor-programme/GIP%20Factsheet.pdf,,raw/sgp-edb-gip-factsheet-2025.pdf,fd3190e25996de3a19001dd05a60c38a656dcc42dc6c681ba3a558756953f01e,"Current GIP terms: qualifying profiles, Options A/B/C, Option C deployment in SGX-listed equities, renewal (re-entry permit) criteria, S$20,000 application fee.",Current version at the time of access (2 Oct 2026).
sgp-edb-gip-mr-2023,"Changes to Global Investor Programme will Generate More Spin-offs for the Singapore Economy (Media Release, 2 March 2023)",Singapore Economic Development Board (EDB),,government,SGP,2023-03-02,2026-10-02,https://www.edb.gov.sg/content/dam/edb-en/about-edb/media-releases/news/changes-to-global-investor-programme-will-generate-more-spin-offs-for-the-singapore-economy/Media%20Release%20-%20Changes%20to%20GIP%20Programme.pdf,,raw/sgp-edb-gip-mr-2023.pdf,cf75607158d1fe3a6e9f174623c9bf95bb94e9b9fd8130e01c2ce3c50622bfa0,"GIP changes effective 15 Mar 2023 (Options A/B/C old vs new, annex table); jobs created by GIP investors 2011-2022; average PR grants per year 2020-2022; March 2020 revision.","Official EDB release; 5 pages. Annex compares ""existing requirements"" (pre-15 Mar 2023) with new ones."
sgp-edb-gip-web-2026,Global Investor Programme (GIP) - web page,Singapore Economic Development Board (EDB),,government,SGP,2026,2026-10-02,https://www.edb.gov.sg/en/incentives-and-programmes/global-investor-programme.html,,raw/sgp-edb-gip-web-2026.html,7bce468e954b0629bb4acea1c341b94e9a2603984237b37e38469dbbb1c8d829,Programme page with application documents; ICA processing fee of S$100 per applicant.,Live page saved on the access date.
sgp-edb-gipselect-mr-2023,"EDB appoints seven fund management companies as Global Investor Programme (GIP)-select funds (Media Release, 1 June 2023)",Singapore Economic Development Board (EDB),,government,SGP,2023-06-01,2026-10-02,https://www.sgpc.gov.sg/api/file/getfile/GIP-select%20fund.pdf?path=%2Fsgpcmedia%2Fmedia_releases%2Fedb%2Fpress_release%2FP-20230601-3%2Fattachment%2FGIP-select+fund.pdf,,raw/sgp-edb-gipselect-mr-2023.pdf,d2c061dc0845ba68e6bf812ec23eae8a2606868ce7a3a76218f01c8910682b20,"Option B GIP-select funds: seven managers, S$25 million quantum, fund criteria.",Downloaded from the government press-centre (sgpc.gov.sg) copy.
sgp-parl-cos-mti-2023,"Committee of Supply - Head V (Ministry of Trade and Industry), 28 February 2023",Parliament of Singapore (Official Report / Hansard),,legislation,SGP,2023-02-28,2026-10-02,https://sprs.parl.gov.sg/search/#/sprs3topic?reportid=budget-2071,,raw/sgp-parl-cos-mti-2023.json,9443794f31332d0a8a576e8d6555250e7e9428615498141cfa3ca9c8442e9176,Announcement by the Minister for Trade and Industry (Gan Kim Yong) that EDB will raise the GIP investment quantum.,"Text retrieved from the Singapore Parliament Reports System (SPRS) API (getHansardTopic) and stored as the JSON the API returns; the readable text is in the ""content"" field. Vol. 95, sitting 88."
sgp-parl-ms-aml-2023,"Singapore's Anti-Money Laundering Regime (Ministerial Statements by Josephine Teo, Alvin Tan and Indranee Rajah, with clarifications), 3 October 2023",Parliament of Singapore (Official Report / Hansard),,legislation,SGP,2023-10-03,2026-10-02,https://sprs.parl.gov.sg/search/#/sprs3topic?reportid=ministerial-statement-2260,,raw/sgp-parl-ms-aml-2023.json,5ff5712c331838f366b1a839a9ca8d1d9ad399dc2d16c7e67a058438ee61f445,"The S$2.8 billion money-laundering case: assets seized, immigration status of the 10 accused, links to single family offices awarded tax incentives.","Text retrieved from the Singapore Parliament Reports System (SPRS) API (getHansardTopic) and stored as the JSON the API returns; the readable text is in the ""content"" field. Vol. 95, sitting 113. Long record (several statements plus clarifications)."
sgp-parl-ms-property-2005,"Policy Changes Affecting the Property Market (Ministerial Statement by the Minister for National Development, Mah Bow Tan), 19 July 2005",Parliament of Singapore (Official Report / Hansard),,legislation,SGP,2005-07-19,2026-10-02,https://sprs.parl.gov.sg/search/#/fullreport?sittingdate=19-07-2005,,raw/sgp-parl-ms-property-2005.json,cfc2633affce28595b2244aca480653de67720ff584343403d313b3680630f6c,"Re-allowing private residential property as a GIP investment (S$2 million option, up to 50% in property); property had been removed from GIP in 1996.","Official Report vol. 80, cols 933-934. Stored file is the whole sitting as returned by the SPRS API (getHansardReport)."
sgp-parl-oa-gip-2012,"Criteria for Singapore's Global Investor Programme (oral answer), 16 October 2012",Parliament of Singapore (Official Report / Hansard),,legislation,SGP,2012-10-16,2026-10-02,https://sprs.parl.gov.sg/search/#/sprs3topic?reportid=oral-answer-513,,raw/sgp-parl-oa-gip-2012.json,7d4f3eefd136cb88079346af24c29f801d0c90551de55cfc31301a102295041f,Tightening of GIP assessment criteria; screening.,"Text retrieved from the Singapore Parliament Reports System (SPRS) API (getHansardTopic) and stored as the JSON the API returns; the readable text is in the ""content"" field. Answer by MOS Teo Ser Luck to Mrs Lina Chiam. Vol. 89, sitting 9, pp. 972-973."
sgp-parl-oa-gip-2018,"Deliverables from Global Investor Programme (oral answer), 9 January 2018",Parliament of Singapore (Official Report / Hansard),,legislation,SGP,2018-01-09,2026-10-02,https://sprs.parl.gov.sg/search/#/sprs3topic?reportid=oral-answer-1561,,raw/sgp-parl-oa-gip-2018.json,958d5d0e2d0a8002d83e09f227d31e629dbb0451f36006604fca65b056dd3333,Total business expenditure and jobs from GIP investors 2011-2016; GIP fund total as of 2017; safeguards.,"Text retrieved from the Singapore Parliament Reports System (SPRS) API (getHansardTopic) and stored as the JSON the API returns; the readable text is in the ""content"" field. Answer by Senior MOS Sim Ann to Mr Thomas Chua Kee Seng. Vol. 94, sitting 56."
sgp-parl-oa-gip-2023,"Individuals who have Leveraged on Global Investor Programme to Qualify for Permanent Residency (oral answer), 23 February 2023",Parliament of Singapore (Official Report / Hansard),,legislation,SGP,2023-02-23,2026-10-02,https://sprs.parl.gov.sg/search/#/sprs3topic?reportid=oral-answer-3081,,raw/sgp-parl-oa-gip-2023.json,b1942289fa6846b14566f244425a1ed4ea06db46e1469829e04f9481ba55aa5a,GIP PR grants 2020-2022; total business expenditure and jobs 2011-2022; money in GIP funds as of Oct 2022; citizenship and re-entry permits.,"Text retrieved from the Singapore Parliament Reports System (SPRS) API (getHansardTopic) and stored as the JSON the API returns; the readable text is in the ""content"" field. Answer and supplementaries by MOS Low Yen Ling to Mr Yip Hon Weng and Mr Pritam Singh. Vol. 95, sitting 85. The main answer is also published by MTI: https://www.mti.gov.sg/Newsroom/Parliamentary-Replies/2023/02/Oral-reply-to-PQ-on-Global-Investor-Programme"
sgp-parl-oa-gip-2026,"Data on Individuals Granted Permanent Residency under Global Investor Programme (oral answer), 27 February 2026",Parliament of Singapore (Official Report / Hansard),,legislation,SGP,2026-02-27,2026-10-02,https://sprs.parl.gov.sg/search/#/sprs3topic?reportid=oral-answer-4052,,raw/sgp-parl-oa-gip-2026.json,8ddfbb5180f09b48604d6d471333ae1b820171e53847a1bcb932283408696db3,GIP PR grants 2015-2025 and split by option; direct investment and GIP-fund investment 2015-2025.,"Text retrieved from the Singapore Parliament Reports System (SPRS) API (getHansardTopic) and stored as the JSON the API returns; the readable text is in the ""content"" field. Answer by MOS Gan Siow Huang to Mr Fadli Fawzi. Vol. 96, sitting 21. Also published by MTI: https://www.mti.gov.sg/newsroom/oral-reply-to-pq-on-permanent-residency-grants-under-the-global-investor-programme-and-cumulative-investment-from-these-gip-permanent-residents-from-2015-to-2025/"
sgp-parl-oa-gip-sfo-2025,"Excluding S-REITs from New Rules for Global Investor Programme (oral answer), 8 April 2025",Parliament of Singapore (Official Report / Hansard),,legislation,SGP,2025-04-08,2026-10-02,https://sprs.parl.gov.sg/search/#/sprs3topic?reportid=oral-answer-3862,,raw/sgp-parl-oa-gip-sfo-2025.json,36b0be7fa318265ae7a00b68f51ed9dbe1f9fe2e07cb11f80754ee865d3a0db5,"From 21 Feb 2025, GIP family-office applicants must deploy S$50 million in SGX-listed equities; MAS SFO tax-incentive criteria unchanged.","Text retrieved from the Singapore Parliament Reports System (SPRS) API (getHansardTopic) and stored as the JSON the API returns; the readable text is in the ""content"" field. Answer by MOS Alvin Tan to Ms Usha Chandradas. Vol. 95, sitting 162."
sgp-parl-oa-sfo-2025,"Data on Sanctioned Individuals Operating Tax-exempt Family Offices Locally (oral answer), 5 November 2025",Parliament of Singapore (Official Report / Hansard),,legislation,SGP,2025-11-05,2026-10-02,https://sprs.parl.gov.sg/search/#/sprs3topic?reportid=oral-answer-3932,,raw/sgp-parl-oa-sfo-2025.json,1d493a36eddb4be478fc640264833b403f1127c20a24b43fc1eba6ef48571f65,SFO tax-incentive applications and rejections; SFO funds linked to Chen Zhi / Prince Group; share of SFOs linked to money-laundering convicts.,"Text retrieved from the Singapore Parliament Reports System (SPRS) API (getHansardTopic) and stored as the JSON the API returns; the readable text is in the ""content"" field. Answer by Minister Chee Hong Tat for the Prime Minister to Mr Kenneth Tiong and others. Vol. 96, sitting 10."
sgp-parl-wa-fis-2012,"Applications for Singapore Permanent Residence under the Financial Investor Scheme (written answer), 15 October 2012",Parliament of Singapore (Official Report / Hansard),,legislation,SGP,2012-10-15,2026-10-02,https://sprs.parl.gov.sg/search/#/sprs3topic?reportid=written-answer-992,,raw/sgp-parl-wa-fis-2012.json,1694c2474b5d064656a0596a9c63cee0fb61f3b2f56000118b51c9b44c66b5d9,"Investors granted PR under the Financial Investor Scheme 2004-2012, rejections, end of the scheme.","Text retrieved from the Singapore Parliament Reports System (SPRS) API (getHansardTopic) and stored as the JSON the API returns; the readable text is in the ""content"" field. Answer by DPM Teo Chee Hean for the Prime Minister to Mr Pritam Singh. Parliament 12, session 1, vol. 89, sitting 8, p. 919."
sgp-parl-wa-gip-2010,"Global Investor Programme (written answer by the Minister for Trade and Industry, Lim Hng Kiang, to Mdm Ho Geok Choo), 22 November 2010",Parliament of Singapore (Official Report / Hansard),,legislation,SGP,2010-11-22,2026-10-02,https://sprs.parl.gov.sg/search/#/fullreport?sittingdate=22-11-2010,,raw/sgp-parl-wa-gip-2010.json,8f7e42c5e031eb214374e4553558699970aa25efd4d9b55f9feb911d775a0574,S$2.5 million minimum from 1 Jan 2011; investors and investment over the previous three years; jobs.,"Official Report vol. 87, cols 1605-1608 (written answers). Stored file is the whole sitting as returned by the SPRS API (getHansardReport)."
sgp-parl-wa-gip-2017,"Applicants Granted PR Status under EDB's Global Investor Programme (written answer), 1 August 2017",Parliament of Singapore (Official Report / Hansard),,legislation,SGP,2017-08-01,2026-10-02,https://sprs.parl.gov.sg/search/#/sprs3topic?reportid=written-answer-3744,,raw/sgp-parl-wa-gip-2017.json,f744ad485eb08bd3693ae1eb719ba653fe7322b1c3cb6d4213dfa55552c3e88d,"Cumulative GIP PR grants since 2004 to June 2017, later citizenships, revocations.","Text retrieved from the Singapore Parliament Reports System (SPRS) API (getHansardTopic) and stored as the JSON the API returns; the readable text is in the ""content"" field. Answer by Minister Lim Hng Kiang to Mr Gan Thiam Poh. Vol. 94, sitting 49. Also published by MTI (dated 2 Aug 2017): https://www.mti.gov.sg/Newsroom/Parliamentary-Replies/2017/08/Written-reply-to-PQ-on-applicants-granted-PR-status-under-EDBs-Global-Investor-Programme"
sgp-parl-wa-gip-2026,"Retention Rate of Permanent Residents in Global Investor Programme Over Past 10 Years (written answer), 7 April 2026",Parliament of Singapore (Official Report / Hansard),,legislation,SGP,2026-04-07,2026-10-02,https://sprs.parl.gov.sg/search/#/sprs3topic?reportid=written-answer-22725,,raw/sgp-parl-wa-gip-2026.json,30f040aba278124059fd22511b5623ee72704411b32d89ab8d4461ba5d9f2a90,Share of 2016-2025 GIP PRs still PR at end-2025; re-entry permits not renewed; citizenships.,"Text retrieved from the Singapore Parliament Reports System (SPRS) API (getHansardTopic) and stored as the JSON the API returns; the readable text is in the ""content"" field. Answer by DPM Gan Kim Yong to Mr Fadli Fawzi. Vol. 96, sitting 27."
sgp-parl-wa-gip-landed-2022,"Proposal for Minimum Occupation Period for New Citizens who Buy Landed Residential Property (written answer), 9 May 2022",Parliament of Singapore (Official Report / Hansard),,legislation,SGP,2022-05-09,2026-10-02,https://sprs.parl.gov.sg/search/#/sprs3topic?reportid=written-answer-na-9724,,raw/sgp-parl-wa-gip-landed-2022.json,a9abe88c5985657b0201dc640b659f165ad5a5e6591d8fac29cdf5adffde4652,"Landed-property purchases by citizens who first obtained PR through the GIP, 2004-2021.","Text retrieved from the Singapore Parliament Reports System (SPRS) API (getHansardTopic) and stored as the JSON the API returns; the readable text is in the ""content"" field. Answer by Minister for Law K Shanmugam to Mr Murali Pillai. Vol. 95, sitting 62."
sgp-parl-wa-ml-assets-2025,"Cash and Non-cash Assets Surrendered In Connection with $3 Billion Money Laundering Case (written answer), 26 February 2025",Parliament of Singapore (Official Report / Hansard),,legislation,SGP,2025-02-26,2026-10-02,https://sprs.parl.gov.sg/search/#/sprs3topic?reportid=written-answer-na-18992,,raw/sgp-parl-wa-ml-assets-2025.json,0b78c1a82c1c0b110c19c5927a3029d7eb6c287ff7cf4e6b8b392699966f968c,Assets surrendered to the state in the S$3 billion case as of Dec 2024.,"Text retrieved from the Singapore Parliament Reports System (SPRS) API (getHansardTopic) and stored as the JSON the API returns; the readable text is in the ""content"" field. Answer by Minister for Home Affairs K Shanmugam to Mr Leong Mun Wai. Vol. 95, sitting 153."
sgp-parl-wa-sfo-2023,"Quantifying Contributions of Family Offices to Singapore's Economy (written answer), 6 July 2023",Parliament of Singapore (Official Report / Hansard),,legislation,SGP,2023-07-06,2026-10-02,https://sprs.parl.gov.sg/search/#/sprs3topic?reportid=written-answer-na-13907,,raw/sgp-parl-wa-sfo-2023.json,a3e6c4aa419e5d4748fc0d16317daddfafc3ada154ab926bf4f50548a577f415,Single family offices with MAS tax incentives (13O/13U): jobs; statement that the incentives do not confer PR; about 30 SFO owners supported under the GIP since 2020.,"Text retrieved from the Singapore Parliament Reports System (SPRS) API (getHansardTopic) and stored as the JSON the API returns; the readable text is in the ""content"" field. Answer by Tharman Shanmugaratnam for the Prime Minister to Mr Gan Thiam Poh and Ms Mariam Jaafar. Vol. 95, sitting 108."
sgp-parl-wa-sfo-2024,"Owner, Employment and Investment Profile of Family Offices in Singapore (written answer), 6 March 2024",Parliament of Singapore (Official Report / Hansard),,legislation,SGP,2024-03-06,2026-10-02,https://sprs.parl.gov.sg/search/#/sprs3topic?reportid=written-answer-16068,,raw/sgp-parl-wa-sfo-2024.json,4a34ae2caaff762a4aeb0deaed773076f8d78298e7100c97fb8145ee07ab5e51,Number of SFOs awarded tax incentives at 31 Dec 2023.,"Text retrieved from the Singapore Parliament Reports System (SPRS) API (getHansardTopic) and stored as the JSON the API returns; the readable text is in the ""content"" field. Answer by Lawrence Wong for the Prime Minister to Mr Patrick Tay. Vol. 95, sitting 131."
sgp-parl-wa-sfo-2026,"Breakdown of Approved Family Offices and Assets Under Management (written answer), 5 August 2026",Parliament of Singapore (Official Report / Hansard),,legislation,SGP,2026-08-05,2026-10-02,https://sprs.parl.gov.sg/search/#/sprs3topic?reportid=written-answer-24104,,raw/sgp-parl-wa-sfo-2026.json,dbb6c97edf537069eecae5056c733b0bd8c64caf0aeca669f4b2c804c0339c9b,Number of SFOs receiving tax incentives at end-2025.,"Text retrieved from the Singapore Parliament Reports System (SPRS) API (getHansardTopic) and stored as the JSON the API returns; the readable text is in the ""content"" field. Answer by Gan Kim Yong for the Prime Minister to Dr Neo Kok Beng. Vol. 96, sitting 34."
sgp-parl-wa-sfo-ml-2024,"Family Offices Linked to Accused Persons in Singapore's Largest Money Laundering Case (written answer), 2 July 2024",Parliament of Singapore (Official Report / Hansard),,legislation,SGP,2024-07-02,2026-10-02,https://sprs.parl.gov.sg/search/#/sprs3topic?reportid=written-answer-na-16725,,raw/sgp-parl-wa-sfo-ml-2024.json,dc296abac6dea598b6ee7c8d8f20e7a7f9baaa48c539cac1721083d688601f9a,SFO funds with tax incentives linked to persons convicted in the S$3 billion case; withdrawal of tax benefits.,"Text retrieved from the Singapore Parliament Reports System (SPRS) API (getHansardTopic) and stored as the JSON the API returns; the readable text is in the ""content"" field. Answer by Gan Kim Yong for the Prime Minister to Ms Usha Chandradas. Vol. 95, sitting 137."
sgp-spf-mr-ml-2023,"Ten Foreign Nationals To Be Charged For Offences Including Forgery And Money Laundering With An Estimated Value Of About One Billion In Cash And Various Assets Seized, Frozen Or Issued With Prohibition Of Disposal Orders",Singapore Police Force,,government,SGP,2023-08-16,2026-10-02,https://www.police.gov.sg/media-room/news/20230816_10_foreign_nationals_offences_forgery_money_launder_est_1_bil_assets,https://web.archive.org/web/20230817155316/https://www.police.gov.sg/media-room/news/20230816_10_foreign_nationals_offences_forgery_money_launder_est_1_bil_assets,raw/sgp-spf-mr-ml-2023.html,bdebbea0323e31b5b1c07a405259680b642d5393434f1acd710626f141ffd16a,The 15 Aug 2023 arrests in the money-laundering case: nationality of each arrested person and the other passports found with them.,The release is no longer at its original URL (returns 404 on 2 Oct 2026); stored copy is the Wayback Machine capture of 17 Aug 2023.
stp-cip-web-200-applications-2026,A Growing Global Community: São Tomé and Príncipe's First 200 Applications (2 March 2026),São Tomé and Príncipe Citizenship by Investment Unit (programme website),,government,STP,2026-03-02,2026-10-02,https://cip.gov.st/in-the-media/a-growing-global-community-sao-tome-and-principes-first-200-applications,,raw/stp-cip-web-200-applications-2026.html,7742e3354ea9216dbb8d7e74abca6e734ee95da919f7d8038c7485ee0e2ffb45,"Only published application count: more than 220 applications, over 27 nationalities.","Promotional news item; no approvals, revenue or quarterly reports published."
stp-cip-web-launch-2026,Citizenship by Investment Program Official Launch in São Tomé and Príncipe (2 January 2026),São Tomé and Príncipe Citizenship by Investment Unit (programme website),,government,STP,2026-01-02,2026-10-02,https://cip.gov.st/in-the-media/citizenship-by-investment-program-official-launch-in-sao-tome-and-principe,,raw/stp-cip-web-launch-2026.html,f2770bfbb1fd6e3e8c0c4f547eb5d6404fc76b3ca7983513269c3a154e6625f7,"National conference in October 2025 formally introducing the programme, with the Prime Minister and Justice Minister.",Promotional news item.
stp-cip-web-ntf-2026,Donation to the National Transformation Fund (programme website cip.gov.st),São Tomé and Príncipe Citizenship by Investment Unit (programme website),,government,STP,2026-10,2026-10-02,https://cip.gov.st/donation-to-the-national-transformation-fund,,raw/stp-cip-web-ntf-2026.html,1f5ac209c5396e1038cd817cef706b9f382de0edc75ee002348b0907862a0c22,"Advertised fees: USD 5,000 submission fee, USD 90,000 / 95,000 contribution, USD 5,000 per extra dependent, USD 750 per applicant for citizenship documents.","Government domain, but the contact address is stpcip.com and the Decree-Law allows a private managing entity; treat as official but promotional. The USD 750 document fee is not in Decree-Law 7/2025."
stp-cip-web-post-approval-fees-2026,Post-Approval Inclusion Fees (programme website cip.gov.st),São Tomé and Príncipe Citizenship by Investment Unit (programme website),,government,STP,2026-10,2026-10-02,https://cip.gov.st/post-approval-inclusion-fees,,raw/stp-cip-web-post-approval-fees-2026.html,a999a4080bc29a6231db4d27ddaeefadc3a71be851aa1064ba780919a76802de,Fees for dependants added after approval in principle; FAQ naming Law 07/2022 and Decree-Law 07/2025 as the legal basis.,
stp-dr-dl-7-2025,"Decreto-Lei n.º 07/2025 - Regulamentação da Nacionalidade por Investimento ou Doação (Diário da República, I Série, N.º 33, 1 de Agosto de 2025)",Governo da República Democrática de São Tomé e Príncipe,,legislation,STP,2025-08-01,2026-10-02,https://www.imidaily.com/wp-content/uploads/2025/08/STP-CBI-Act-01082025-1.pdf,https://web.archive.org/web/2025/https://www.imidaily.com/wp-content/uploads/2025/08/STP-CBI-Act-01082025-1.pdf,raw/stp-dr-dl-7-2025.pdf,0377d0c9b7542771d33dbfab51be3528297d56ad2b2d67e61a1e6b648d846fbc,"Legal basis of the programme (PCID): creates the Citizenship by Investment and Donation Unit (UCID), the National Transformation Fund (FNT), a review committee, quarterly reporting; Annex I sets fees and minimum contributions.","Scan of the official gazette, but the only copy found is hosted by an industry news site (Investment Migration Insider); the live link returns 403 and the stored file is the Wayback Machine copy. No copy on a São Tomé government site was found. Approved by Council of Ministers 10 May 2025, promulgated 28 Jul 2025, in force on publication."
ton-bbc-2003,Tongan court jester faces trial,BBC News,,media,TON,2003-08-11,2026-10-02,https://news.bbc.co.uk/1/hi/business/3141297.stm,https://web.archive.org/web/20261002114707/http://news.bbc.co.uk/2/hi/business/3141297.stm,,,"5,000-odd buyers at about $20,000; $24m missing",Amounts printed with '$' only.
ton-cnn-2001,Tonga's 'court jester' scandal no laughing matter,CNN,,media,TON,2001-10-03,2026-10-02,https://edition.cnn.com/2001/WORLD/asiapcf/auspac/10/03/tonga.scandal/,https://web.archive.org/web/20260311051248/https://edition.cnn.com/2001/WORLD/asiapcf/auspac/10/03/tonga.scandal/,,,"1983-1991 sales: over 5,000 passports, about $30m; trust fund; $20m missing",Amounts printed with '$' only.
ton-mg-2002,Tonga says US jester lost millions of dollars,Mail & Guardian (Sapa-AFP),,media,TON,2002-01-01,2026-10-02,https://mg.co.za/article/2002-01-01-tonga-says-us-jester-lost-millions-of-dollars/,https://web.archive.org/web/20250817153936/https://mg.co.za/article/2002-01-01-tonga-says-us-jester-lost-millions-of-dollars/,,,Government statement: 50 million pa'anga lost; 40% of annual revenue; sales raised about $26.5m,AFP wire. Pa'anga figure attributed to the Tongan government; dollar conversions by AFP.
ton-nyt-1992,In the Court of the King of Tonga,The New York Times Magazine,Paul Theroux,media,TON,1992-06-07,2026-10-02,https://www.nytimes.com/1992/06/07/magazine/in-the-court-of-the-king-of-tonga.html,https://web.archive.org/web/20210126195527/https://www.nytimes.com/1992/06/07/magazine/in-the-court-of-the-king-of-tonga.html,,,Prices of protected-person and nationality passports; $30m raised in seven years; constitutional crisis,"Travel writer's magazine feature, not investigative; read from Wayback copy. Amounts printed with '$' only."
ton-rnz-2003,Trial of former Tongan court jester set down for March next year,Radio New Zealand,,media,TON,2003-08-10,2026-10-02,https://www.rnz.co.nz/international/pacific-news/144775/trial-of-former-tongan-court-jester-set-down-for-march-next-year,https://web.archive.org/web/20250817151731/https://www.rnz.co.nz/international/pacific-news/144775/trial-of-former-tongan-court-jester-set-down-for-march-next-year,,,26 million US dollar trust fund; Tonga's claims in San Francisco court,
ton-smh-2004,No joke: jester's missing $33m,The Sydney Morning Herald (AFP),,media,TON,2004-02-19,2026-10-02,https://www.smh.com.au/world/no-joke-jesters-missing-33m-20040219-gdidzp.html,https://web.archive.org/web/20250817153526/https://www.smh.com.au/world/no-joke-jesters-missing-33m-20040219-gdidzp.html,,,Settlement of the San Francisco suit; $33m fund; $25.4m lost in Millennium Asset Management; $8m alleged commissions,"Australian paper running an AFP story. It gives the settlement as 'US$900,000 ($A1.14 million)', so bare '$' figures in this article may be Australian dollars or unconverted US dollars - unclear."
tur-aa-2019-01-02,250+ apply for Turkish citizenship through investment,Anadolu Agency (English),,media,TUR,2019-01-02,2026-09-28,https://www.aa.com.tr/en/economy/250-apply-for-turkish-citizenship-through-investment/1354045,https://web.archive.org/web/20260928133209/https://www.aa.com.tr/en/economy/250-apply-for-turkish-citizenship-through-investment/1354045,,,Applications to end-2018 and their value.,Figure not attributed to a named official in the text read.
tur-aa-2022-05-10,Bakan Soylu'dan Türk vatandaşlığının kazanılması süreçlerine ilişkin açıklama,Anadolu Ajansı,,media,TUR,2022-05-10,2026-09-28,https://www.aa.com.tr/tr/gundem/bakan-soyludan-turk-vatandasliginin-kazanilmasi-sureclerine-iliskin-aciklama/2583717,https://web.archive.org/web/20251216172409/https://www.aa.com.tr/tr/gundem/bakan-soyludan-turk-vatandasliginin-kazanilmasi-sureclerine-iliskin-aciklama/2583717,,,"Interior Minister Süleyman Soylu's citizenship statistics presented at the Directorate General of Population and Citizenship Affairs: 25,969 foreign investors, USD 7.53bn.",State news agency. Read via fetch tool; text quoted in indirect speech.
tur-cipturkey-2019-07-22,"Turkey's CIP Surprises With Nearly 1,000 Approved Applications so Far",CIP Turkey (industry blog),,industry,TUR,2019-07-22,2026-09-28,https://cipturkey.net/blog/turkeys-cip-surprises-with-nearly-1000-approved-applications-so-far,https://web.archive.org/web/20250718144400/https://cipturkey.net/blog/turkeys-cip-surprises-with-nearly-1000-approved-applications-so-far,,,"981 main applicants by 30 June 2019, attributed to the DG of Population and Citizenship Affairs 'published in the official government newspaper'.",Industry source; the Official Gazette does not publish individual naturalisation lists for this route in any form we could verify. Treat as claim.
tur-cumhuriyet-2021-10-29,250 bin dolar ödeyen 19 bin kişi TC vatandaşı oldu,"Cumhuriyet (article by Deniz Ayhan, Sözcü)",,media,TUR,2021-10-29,2026-09-28,https://www.cumhuriyet.com.tr/turkiye/250-bin-dolar-odeyen-19-bin-kisi-tc-vatandasi-oldu-1880491,https://web.archive.org/web/20260928133406/https://www.cumhuriyet.com.tr/turkiye/250-bin-dolar-odeyen-19-bin-kisi-tc-vatandasi-oldu-1880491,,,"Reports the Ministry of Environment and Urbanisation's answer to a written question by CHP Bursa MP Erkan Aydın: 19,630 foreign persons eligible for certificates via 30,358 properties, 2018-2021.",The underlying TBMM answer was not retrieved (27th term question; TBMM search is JavaScript-driven).
tur-hurriyet-2022-05-11,Soylu açıkladı: Rakamlarla yeni Türk vatandaşları,Hürriyet,,media,TUR,2022-05-11,2026-09-28,https://www.hurriyet.com.tr/gundem/soylu-acikladi-rakamlarla-yeni-turk-vatandaslari-42060000,https://web.archive.org/web/20260906181148/https://www.hurriyet.com.tr/gundem/soylu-acikladi-rakamlarla-yeni-turk-vatandaslari-42060000,,,Same Soylu figures as AA.,
tur-hurriyet-2026-08-04,Bakanlık açıkladı: Usulsüzlük tespit edilen 6 bin 134 kişinin Türk vatandaşlığı iptal edildi ya da geri alındı,Hürriyet,,media,TUR,2026-08-04,2026-09-28,https://www.hurriyet.com.tr/gundem/bakanlik-acikladi-usulsuzluk-tespit-edilen-6-bin-134-kisinin-turk-vatandasligi-iptal-edildi-ya-da-geri-alindi-43262206,https://web.archive.org/web/20260824140010/https://www.hurriyet.com.tr/gundem/bakanlik-acikladi-usulsuzluk-tespit-edilen-6-bin-134-kisinin-turk-vatandasligi-iptal-edildi-ya-da-geri-alindi-43262206,,,Full text of the Interior Ministry statement of 4 Aug 2026 on revoked/withdrawn CBI citizenships.,"Ministry statement (posted by the Ministry, not found on icisleri.gov.tr) reproduced by a newspaper; archive before merge."
tur-hurriyet-2026-09-21,İçişleri Bakanlığı duyurdu: Binlerce kişinin vatandaşlık kararı iptal edildi,Hürriyet,,media,TUR,2026-09-21,2026-09-28,https://www.hurriyet.com.tr/gundem/icisleri-bakanligi-duyurdu-binlerce-kisinin-vatandaslik-karari-iptal-edildi-43314642,https://web.archive.org/web/20260921145038/https://www.hurriyet.com.tr/gundem/icisleri-bakanligi-duyurdu-binlerce-kisinin-vatandaslik-karari-iptal-edildi-43314642,,,Interior Ministry statement of 21 Sep 2026: cumulative revocations and the Istanbul second-wave findings.,Same statement also carried by Habertürk (via Anadolu Agency) and Milliyet on 21 Sep 2026.
tur-kronos-2026-08-08,Yatırım yoluyla vatandaşlık tartışması: 10 yılda kaç bin kişiye verildi?,Kronos Haber,,media,TUR,2026-08-08,2026-09-28,https://kronos42.news/yatirim-yoluyla-vatandaslik-tartismasi-10-yilda-kac-bin-kisiye-verildi/,https://web.archive.org/web/20260928133542/https://kronos42.news/yatirim-yoluyla-vatandaslik-tartismasi-10-yilda-kac-bin-kisiye-verildi/,,,"Quotes Interior Minister Mustafa Çiftçi's 29 May 2026 answer to journalist Kemal Öztürk (174,567 persons; 51,762 investors; 122,805 family members; USD 16.074bn); timeline; Council of State case of the Bar Association; first-wave figures (687).","Secondary. Original Çiftçi interview (reportedly with Al Jazeera Türk / Kemal Öztürk) not located. URL redirects from kronos41.news. Also gives yearly totals of ALL naturalisations by 'competent authority decision' (e.g. 79,757 in 2019) which are NOT CBI figures and are not recorded here."
tur-mee-2019-07-11,REVEALED: Middle East nationals fuel Turkish billion-dollar citizenship bonanza,Middle East Eye,,media,TUR,2019-07-11,2026-09-28,https://www.middleeasteye.net/news/turkey-citizenship-by-investment-scheme-foreigners-billion,https://web.archive.org/web/20260928133633/https://www.middleeasteye.net/news/turkey-citizenship-by-investment-scheme-foreigners-billion,,,"Interior Ministry statistics obtained by MEE: nearly 1,000 granted since Sep 2018, 1,700 pending, over USD 1bn.",Author: Ragip Soylu.
tur-mevzuat-tvk-reg-consolidated,Türk Vatandaşlığı Kanununun Uygulanmasına İlişkin Yönetmelik (consolidated text),"Mevzuat Bilgi Sistemi, T.C. Cumhurbaşkanlığı",,legislation,TUR,,2026-09-28,https://www.mevzuat.gov.tr/mevzuat?MevzuatNo=2010139&MevzuatTur=21&MevzuatTertip=5,,raw/tur-mevzuat-tvk-reg-consolidated.pdf,f7096a1118ba768c08c5b3b2ea7bd325460daf5286c4608adcc6b2e592dc35c4,"Current consolidated Article 20 with amendment footnotes (2016/9601, 2017/10008, CK-106, CK-5072, CK-5554, CK-7938).",Downloaded 2026-09-28; consolidation date not printed. Used to confirm the OCR of the gazette scans and the list of amendments; no Article 20 amendment after 12/12/2023 appears.
tur-milliyet-2026-09-21,Usulsüz Türk vatandaşlığı kazanma soruşturması: Binlerce kişinin vatandaşlık kararı iptal edildi veya geri alındı,Milliyet,,media,TUR,2026-09-21,2026-09-28,https://www.milliyet.com.tr/gundem/usulsuz-vatandaslik-sorusturmasi-binlerce-kisinin-vatandaslik-karari-iptal-edildi-veya-geri-alindi-7664750,https://web.archive.org/web/20260923030459/https://www.milliyet.com.tr/gundem/usulsuz-vatandaslik-sorusturmasi-binlerce-kisinin-vatandaslik-karari-iptal-edildi-veya-geri-alindi-7664750,,,"Ministry statement plus Istanbul Chief Prosecutor's statement and Justice Minister's statement on the second wave (274 sham sales, 1,070 persons, USD 72.25m).",
tur-nordicmonitor-2024-10-14,"Half a million naturalized foreigners, primarily Syrians, risk losing their Turkish citizenship",Nordic Monitor,,media,TUR,2024-10-14,2026-09-28,https://nordicmonitor.com/2024/10/half-a-million-naturalized-foreigners-primarily-syrians-risk-losing-their-turkish-citizenship/,https://web.archive.org/web/20260928133724/https://nordicmonitor.com/2024/10/half-a-million-naturalized-foreigners-primarily-syrians-risk-losing-their-turkish-citizenship/,,,"İYİ Party lawsuit at the Council of State (1 Oct 2024) and the estimate of 500,000 CBI naturalisations.",Nordic Monitor is run by exiled Turkish journalists and is critical of the government.
tur-rg-2016-08-13-law6735,6735 sayılı Uluslararası İşgücü Kanunu (International Labour Force Law No. 6735),"T.C. Resmî Gazete (Official Gazette), No. 29800",,legislation,TUR,2016-08-13,2026-09-28,https://www.resmigazete.gov.tr/eskiler/2016/08/20160813-1.htm,,raw/tur-rg-2016-08-13-law6735.html,6721c594936b5c89c5e8b2860662fa3b91de6ccaa04c9634c6bbfcd695dfb9c9,"Art. 27(9) amends Art. 12(1) of Turkish Citizenship Law 5901, adding a new (b): holders of investor-type residence permits (Law 6458 Art. 31(1)(j)) and Turquoise Card holders, with families, may be naturalised exceptionally. Legal basis of the CBI program.",Official HTML (windows-1254 encoding).
tur-rg-2017-01-12-reg,Türk Vatandaşlığı Kanununun Uygulanmasına İlişkin Yönetmelikte Değişiklik Yapılmasına Dair Yönetmelik (Karar Sayısı 2016/9601),"T.C. Resmî Gazete, No. 29946 (Council of Ministers decision of 12/12/2016)",,legislation,TUR,2017-01-12,2026-09-28,https://www.resmigazete.gov.tr/eskiler/2017/01/20170112-24.pdf,,raw/tur-rg-2017-01-12-reg.pdf,034e5e293fdfdbaf93a4611aa85b8773be63fe8f1aa7793c792d79f94e03e367,Launch of CBI: new Art. 20(2) of the Citizenship Regulation with five investment routes (USD 2m fixed capital; USD 1m real estate with 3-year no-sale annotation; 100 jobs; USD 3m deposit; USD 3m government bonds). Effective on publication.,"Scanned image PDF (no text layer); text read by OCR (tesseract, Turkish model) and checked against the consolidated text on mevzuat.gov.tr."
tur-rg-2017-05-05-reg,Türk Vatandaşlığı Kanununun Uygulanmasına İlişkin Yönetmelikte Değişiklik Yapılmasına Dair Yönetmelik (Karar Sayısı 2017/10008),"T.C. Resmî Gazete, No. 30057 (Council of Ministers decision of 13/3/2017)",,legislation,TUR,2017-05-05,2026-09-28,https://www.resmigazete.gov.tr/eskiler/2017/05/20170505-26.pdf,,raw/tur-rg-2017-05-05-reg.pdf,a34f83aa556ad94c75625607f1467c40bbaa3e6a453a4db86f31374053117133,Adds route (e): USD 1.5m in real estate investment fund or venture capital fund units held 3 years.,"Scanned image PDF (no text layer); text read by OCR (tesseract, Turkish model) and checked against the consolidated text on mevzuat.gov.tr."
tur-rg-2018-09-19-reg,Türk Vatandaşlığı Kanununun Uygulanmasına İlişkin Yönetmelikte Değişiklik Yapılmasına Dair Yönetmelik (Cumhurbaşkanı Kararı No. 106),"T.C. Resmî Gazete, No. 30540",,legislation,TUR,2018-09-19,2026-09-28,https://www.resmigazete.gov.tr/eskiler/2018/09/20180919-15.pdf,,raw/tur-rg-2018-09-19-reg.pdf,73bbd1070278003132dd66e7a5a91d96b7fb2141978c3c577c3a6695bad7b16b,"Cuts thresholds: real estate USD 1m -> 250,000; fixed capital, deposit, bonds, funds -> USD 500,000; jobs 100 -> 50. Allows 'or equivalent foreign currency or Turkish lira'. Adds cross-rate provision, inter-ministerial commission, and switching between routes to complete the holding period.","Scanned image PDF (no text layer); text read by OCR (tesseract, Turkish model) and checked against the consolidated text on mevzuat.gov.tr."
tur-rg-2018-12-07-reg,Türk Vatandaşlığı Kanununun Uygulanmasına İlişkin Yönetmelikte Değişiklik Yapılmasına Dair Yönetmelik (Cumhurbaşkanı Kararı No. 418),T.C. Resmî Gazete (7 December 2018),,legislation,TUR,2018-12-07,2026-09-28,https://www.resmigazete.gov.tr/eskiler/2018/12/20181207-16.pdf,,raw/tur-rg-2018-12-07-reg.pdf,5cb30d0d26ff2f7cff227edf3cfb4c1e951d894aad98054788e9f14416bded82,"Adds a pre-sale route to (b): notarised promise-to-sell contract for a condominium/off-plan unit with USD 250,000 paid upfront, annotated in the land registry for 3 years.","Scanned image PDF (no text layer); text read by OCR (tesseract, Turkish model) and checked against the consolidated text on mevzuat.gov.tr. Gazette issue number not read on the scanned page."
tur-rg-2022-01-06-reg,Türk Vatandaşlığı Kanununun Uygulanmasına İlişkin Yönetmelikte Değişiklik Yapılmasına Dair Yönetmelik (Cumhurbaşkanı Kararı No. 5072),"T.C. Resmî Gazete, No. 31711",,legislation,TUR,2022-01-06,2026-09-28,https://www.resmigazete.gov.tr/eskiler/2022/01/20220106-12.pdf,,raw/tur-rg-2022-01-06-reg.pdf,ed9d5f24f1068cf90ce1154283cc621c3ae897e71da72f35b85852343e2d86f1,Rewrites routes (a)-(e): drops 'or equivalent Turkish lira' (amounts in USD or equivalent foreign currency only); new para (10): foreign currency must be sold to a bank operating in Turkey and by that bank to the Central Bank before the transaction; deposits/bonds then held in TL for 3 years.,"Scanned image PDF (no text layer); text read by OCR (tesseract, Turkish model) and checked against the consolidated text on mevzuat.gov.tr."
tur-rg-2022-05-13-reg,Türk Vatandaşlığı Kanununun Uygulanmasına İlişkin Yönetmelikte Değişiklik Yapılmasına Dair Yönetmelik (Cumhurbaşkanı Kararı No. 5554),"T.C. Resmî Gazete, No. 31834",,legislation,TUR,2022-05-13,2026-09-28,https://www.resmigazete.gov.tr/eskiler/2022/05/20220513-20.pdf,,raw/tur-rg-2022-05-13-reg.pdf,16130d91ac934e45180aa4b50eda362e68c6a056e54da6751862462cf2003df4,"Real estate threshold 250,000 -> 400,000 (in force one month after publication, i.e. 13 June 2022); adds route (f): USD 500,000 in the private pension system for 3 years; extends FX-sale rule to pensions.","Scanned image PDF (no text layer); text read by OCR (tesseract, Turkish model) and checked against the consolidated text on mevzuat.gov.tr."
tur-rg-2023-12-12-reg,Türk Vatandaşlığı Kanununun Uygulanmasına İlişkin Yönetmelikte Değişiklik Yapılmasına Dair Yönetmelik (Cumhurbaşkanı Kararı No. 7938),"T.C. Resmî Gazete, No. 32397",,legislation,TUR,2023-12-12,2026-09-28,https://www.resmigazete.gov.tr/eskiler/2023/12/20231212-31.pdf,,raw/tur-rg-2023-12-12-reg.pdf,ed59e09f6d4c7f6708aba150b1f57bcf03c3c78a5669d46b9582367d61be65db,"Real estate route limited to units under condominium or construction servitude, or land plots with a building on them (excludes agricultural land and empty plots).","Scanned image PDF (no text layer); text read by OCR (tesseract, Turkish model) and checked against the consolidated text on mevzuat.gov.tr."
tur-tbmm-bakan-q-2025-09,"Written question by Murat Bakan (CHP, İzmir) to the Interior Minister, 24.09.2025 (registered 29.09.2025)",Türkiye Büyük Millet Meclisi,,legislation,TUR,2025-09-29,2026-09-28,https://cdn.tbmm.gov.tr/KKBSPublicFile/D28/Y3/T7/WebOnergeMetni/a2f7e36f-88d7-4915-a229-a6365ec78c9a.pdf,,raw/tur-tbmm-bakan-q-2025-09.pdf,befa26c62921c062146bb4f36bc839c2cd880b4f7cc96be6d1eab687bd4c2200,"The MP states that four earlier written questions (7/741, 7/6557, 7/18414, 7/25922) asking for yearly CBI naturalisations 2014-2025 by nationality were not answered with numbers; recites the Büyükçekmece prosecution figures (451 foreigners, 1,198 citizenships, USD 181.2m).","Question text only (an MP's statement), not a government answer. Figures in it are the MP's account of the prosecution's findings."
tur-tbmm-pbk-2024-11-20,"TBMM Plan ve Bütçe Komisyonu Tutanak Dergisi, 16'ncı Toplantı, 20 Kasım 2024 (Interior Ministry 2025 budget)",Türkiye Büyük Millet Meclisi,,legislation,TUR,2024-11-20,2026-09-28,https://www.tbmm.gov.tr/Tutanaklar/TutanakGoster/4038,,raw/tur-tbmm-pbk-2024-11-20.pdf,f8edbaff687a88d86632b5e8cce5d41cd909ddef8482a02e8cd59f1651d126f5,"Verbatim committee record. Interior Minister Ali Yerlikaya gives, 'for the first time', the cumulative number of people naturalised through investment with a breakdown into investors, spouses and children (p. 99).",Parliamentary committee transcript (official record of a minister's oral statement). No start date or cut-off date is given for the figure.
tur-tbmm-pbk-2025-11-17,"TBMM Plan ve Bütçe Komisyonu Tutanak Dergisi, 15'inci Toplantı, 17 Kasım 2025 (Interior Ministry 2026 budget)",Türkiye Büyük Millet Meclisi,,legislation,TUR,2025-11-17,2026-09-28,https://www.tbmm.gov.tr/Tutanaklar/TutanakGoster/5293,,raw/tur-tbmm-pbk-2025-11-17.pdf,6bb754c438632fa470c3b2b809df067d57ebeda47f6759b75427bf49fa5aca8a,Yerlikaya on the 24/9/2025 operation against sham property sales (451 foreigners' citizenship withdrawn; 117 suspects). Opposition MPs complain that written questions on CBI numbers go unanswered (p. 77).,
tur-tkgm-ykt-degerleme-raporu,Tutar Tespit Belgesi (TTB) - valuation report for citizenship,Your Key Türkiye / TKGM,,government,TUR,,2026-09-28,https://www.yourkeyturkiye.gov.tr/degerleme-raporu,,raw/tur-tkgm-ykt-degerleme-raporu.html,c103d34191c83e5131282af326b8af625b19f91a6c39a90b0c078c71c08996f2,"Explains that since TKGM circular 2024/2 (in force 01/03/2024) valuation reports for citizenship are prepared by GEDAŞ and issued via TADEBİS/WebTapu as a 'Tutar Tespit Belgesi', valid six months.",
tur-tkgm-ykt-vatandaslik-kazanimi,Vatandaşlık Kazanımı (Citizenship acquisition page),"Your Key Türkiye, a service of Tapu ve Kadastro Genel Müdürlüğü (TKGM, Land Registry)",,government,TUR,,2026-09-28,https://www.yourkeyturkiye.gov.tr/vatandaslik-kazanimi,,raw/tur-tkgm-ykt-vatandaslik-kazanimi.html,402a74ee03c21ddd2b57a3848d18a18c5ab0d4388db9557534b546af7bdcf062,"Official summary of the real-estate route, list of the six amendment dates in force, TKGM procedure (valuation report, FX purchase certificate, 3-year annotation), circular 2024/4 and guide in force 09/12/2024.","Page is not internally consistent: it says property bought after 19.09.2018 must be worth USD 400,000 (the threshold was 250,000 until 12/13 June 2022) and still quotes 'or equivalent Turkish lira'. Use the gazette texts for terms. Site served an incomplete TLS chain; fetched with certificate check disabled."
tur-tuik-foreign-house-sales,"Yabancılara yapılan konut satış sayıları, 2013-2025 / House sales to foreigners, 2013-2025 (statistical table)",Türkiye İstatistik Kurumu (TÜİK/TurkStat); source data TKGM,,government,TUR,2026,2026-09-28,https://veriportali.tuik.gov.tr/tr/press/54146,,raw/tur-tuik-foreign-house-sales.xls,3f305e98e7572ca488e91b4988d4ca330610b6d857dcb77e83a07b9dfc629d60,"Annual and monthly house sales in total and to foreigners, 2013 to December 2025, with share.","Downloaded from the statistical-tables list of the 'Konut Satış İstatistikleri, Aralık 2024' bulletin page on the TÜİK data portal; the table served is the current version (runs to Dec 2025). Definition in the bulletin metadata: sales to persons registered as foreigners in TAKBİS, not of Turkish origin and not subject to Law 4112. PROXY ONLY: counts dwellings sold to all foreigners, not CBI purchases; one CBI applicant may buy several units and many buyers do not apply for citizenship."
tur-turizmekonomi-2026-08,174 bin kişi yatırım yoluyla TC vatandaşlığı aldı,Turizm Ekonomi,,media,TUR,2026-08,2026-09-28,https://www.turizmekonomi.com/174-bin-kisi-yatirim-yoluyla-tc-vatandasligi-aldi,https://web.archive.org/web/20260928133817/https://www.turizmekonomi.com/174-bin-kisi-yatirim-yoluyla-tc-vatandasligi-aldi,,,Relays DW Türkçe (Alican Uludağ) report of Çiftçi's 29 May 2026 figures.,"Contains an internal typo ('122 bin 80' family members in one sentence, '122 bin 805' in another). Exact publication day not shown."
dma-crs-in12631-2025,"Expanded “Travel Ban” to Take Effect January 1, 2026 (CRS Insight IN12631)",Congressional Research Service,,government,USA,2025-12-19,2026-09-28,https://www.congress.gov/crs_external_products/IN/PDF/IN12631/IN12631.1.pdf,,raw/dma-crs-in12631-2025.pdf,ef75a88d034b7aab3382b64b69c243da572e97cc2be190a3c555dec00eb3095a,"US proclamation of 16 Dec 2025: partial entry suspension for Dominica nationals from 1 Jan 2026, citing CBI.",Secondary official summary of the proclamation; the proclamation itself was not downloaded (whitehouse.gov returned 403).
usa-court-behring-ndcal-2021,"Behring Regional Center LLC v. Wolf, No. 20-cv-09263-JSC, Order granting summary judgment in plaintiff's favor on claim four (Dkt. 51)",U.S. District Court for the Northern District of California (via GovInfo USCOURTS),,court,USA,2021-06-22,2026-10-02,https://www.govinfo.gov/content/pkg/USCOURTS-cand-3_20-cv-09263/pdf/USCOURTS-cand-3_20-cv-09263-1.pdf,,raw/usa-court-behring-ndcal-2021.pdf,0c67c318826ffcdb998068a285d6e96670fd38d24998e92e5766dd74d5a0c24c,Vacates the 2019 EB-5 Modernization rule because Acting Secretary McAleenan was not lawfully serving when he signed it.,17-page order filed 22 June 2021.
usa-court-behring-ndcal-2022,"Behring Regional Center LLC v. Mayorkas, No. 22-cv-02487-VC, Order granting plaintiff's motion for a preliminary injunction (Dkt. 63)",U.S. District Court for the Northern District of California (via GovInfo USCOURTS),,court,USA,2022-06-24,2026-10-02,https://www.govinfo.gov/content/pkg/USCOURTS-cand-3_22-cv-02487/pdf/USCOURTS-cand-3_22-cv-02487-0.pdf,,raw/usa-court-behring-ndcal-2022.pdf,1797402aa979154bdb6c0bca0b73361a0b78f1a3741ff84f51e1756b4fc82937,Preliminary injunction: USCIS may not treat regional centers designated before the 2022 Act as deauthorised.,14-page order filed 24 June 2022.
usa-dhs-ohss-yearbook-lpr-2023,Yearbook of Immigration Statistics 2023: Lawful Permanent Residents tables (Excel),"U.S. Department of Homeland Security, Office of Homeland Security Statistics",,government,USA,2024-09-06,2026-10-02,https://ohss.dhs.gov/sites/default/files/2024-09/2024_0906_ohss_yearbook_lawful_permanent_residents_fy2023_0.xlsx,,raw/usa-dhs-ohss-yearbook-lpr-2023.xlsx,bae6e570717b9c885249616bd1f657b6d77e9220e2309773bd504e50b76eb93a,"Table 6: persons obtaining lawful permanent resident status, class 'Fifth: Employment creation (investors)', FY2014-FY2023, total / adjustments of status / new arrivals; Table 7 detailed classes for FY2023.","Counts persons (investors plus spouses and children) who became permanent residents, whether by visa abroad (new arrivals) or adjustment of status in the US. Cells rounded to the nearest ten."
usa-dhs-yearbook-2013,2013 Yearbook of Immigration Statistics,"U.S. Department of Homeland Security, Office of Immigration Statistics",,government,USA,2014-08,2026-10-02,https://ohss.dhs.gov/sites/default/files/2023-12/Yearbook_Immigration_Statistics_2013_0.pdf,,raw/usa-dhs-yearbook-2013.pdf,289e04050b44d7cbd84b89200bcd98706c8e886d056616376b4ba66877f35b6a,"Table 6 (PDF p. 23): persons obtaining LPR status, 'Fifth: Employment creation (investors)', FY2004-FY2013 (unrounded).",Publication month approximate (the Yearbook does not print a release date on the cover). Table rows extract column by column with plain pdftotext; quotes are the row as extracted with 'pdftotext -layout'.
usa-dhsoig-14-19-2013,United States Citizenship and Immigration Services' Employment-Based Fifth Preference (EB-5) Regional Center Program (OIG-14-19),"U.S. Department of Homeland Security, Office of Inspector General",,government,USA,2013-12-12,2026-10-02,https://www.oig.dhs.gov/sites/default/files/assets/Mgmt/2014/OIG_14-19_Dec13.pdf,,raw/usa-dhsoig-14-19-2013.pdf,a2c7523192d1c42db726c8efab0087b49fc57e4f5cfea3df91d321531fbff9e4,"Audit of USCIS management of the EB-5 Regional Center Program: legal limits on terminating regional centers for fraud or national security, inability to show economic benefits, integrity problems; count of approved regional centers (Oct 2013); typical regional-center fees.","Official audit report addressed to USCIS Director Alejandro Mayorkas; USCIS concurred with three of four recommendations. Page numbers: PDF page, with printed page in brackets."
usa-dhsoig-eb5-mayorkas-2015,Investigation into Employee Complaints about Management of U.S. Citizenship and Immigration Services' EB-5 Program,"U.S. Department of Homeland Security, Office of Inspector General",John Roth,government,USA,2015-03-24,2026-10-02,https://www.oig.dhs.gov/sites/default/files/assets/Mga/OIG_mga-032415.pdf,,raw/usa-dhsoig-eb5-mayorkas-2015.pdf,fe8c0fc21e1d58a7e13d33cce07fa03878d9dd397f92a34860d87169c66a09f1,"Investigation of whistleblower allegations that then-USCIS Director Alejandro Mayorkas intervened in three EB-5 matters (LA Films Regional Center, Las Vegas Regional Center, Gulf Coast Funds Management Regional Center); includes his written statement.","Memorandum from Inspector General John Roth to Secretary Jeh Johnson dated 24 March 2015 (date stamp on cover). Findings of an investigation, not a court decision; OIG says it could not determine his motives."
usa-doc-trumpcard-web-2026,The Trump Gold Card (trumpcard.gov home page and FAQ),U.S. Department of Commerce (official U.S. government website; contact goldcard@doc.gov),,government,USA,2026,2026-10-02,https://trumpcard.gov/,,raw/usa-doc-trumpcard-web-2026.html,d3ba2fec2771cd542bf3b2aa93b8e4c27fe94a8242025d2e8f928779bbbd405c,"Gold Card terms as marketed by the government: USD 15,000 DHS processing fee, USD 1 million gift (USD 2 million corporate), 1% annual maintenance and 5% transfer fee for corporate cards, EB-1/EB-2 classification; 'Trump Platinum Card' (USD 5 million, 270 days without US tax on non-US income) listed as 'Coming Soon' with a waitlist.","Promotional government website; undated. Saved 2 Oct 2026. The Platinum Card has no legal basis in any executive order, rule or statute found; it is an announcement only."
usa-doj-cdca-chan-2017,Attorney Pleads Guilty to Federal Charges Stemming from $50 Million Scheme that Defrauded the EB-5 Visa Program and Chinese Investors,"U.S. Department of Justice, U.S. Attorney's Office, Central District of California",,government,USA,2017-11-27,2026-10-02,https://www.justice.gov/usao-cdca/pr/attorney-pleads-guilty-federal-charges-stemming-50-million-scheme-defrauded-eb-5-visa,https://web.archive.org/web/2026/https://www.justice.gov/usao-cdca/pr/attorney-pleads-guilty-federal-charges-stemming-50-million-scheme-defrauded-eb-5-visa,raw/usa-doj-cdca-chan-2017.html,21177ff8ed6c7c4bd2b81a2e99f144716157736a223c9c33c12422578ee972da,"Guilty plea of attorney Victoria Chan (California Investment Immigration Fund, LLC).",Stored copy downloaded from a Wayback Machine snapshot (justice.gov serves a bot-check page to scripts). Facts as admitted in a plea agreement.
usa-doj-cdca-zhao-2017,Former Wife of Fugitive Chinese Official Pleads Guilty to Conspiring to Commit Immigration Fraud Related to EB-5 Investor Visa,"U.S. Department of Justice, U.S. Attorney's Office, Central District of California",,government,USA,2017-01-10,2026-10-02,https://www.justice.gov/usao-cdca/pr/former-wife-fugitive-chinese-official-pleads-guilty-conspiring-commit-immigration-fraud,https://web.archive.org/web/2026/https://www.justice.gov/usao-cdca/pr/former-wife-fugitive-chinese-official-pleads-guilty-conspiring-commit-immigration-fraud,raw/usa-doj-cdca-zhao-2017.html,231e51ef454f138721022c3789d0d0241d3f13a759165b4bcbf7bf2d01cc7981,Guilty plea of Shilan Zhao (false documents on marriage and source of EB-5 investment funds); ex-husband Jianjun Qiao a fugitive.,Stored copy downloaded from a Wayback Machine snapshot (justice.gov serves a bot-check page to scripts).
usa-doj-edla-nola-rc-2021,Ex-White House Military Aide and Maryland Businessman Sentenced to Over 8 Years in Prison for Operating Fraudulent Eb-5 Visa Scheme,"U.S. Department of Justice, U.S. Attorney's Office, Eastern District of Louisiana",,government,USA,2021-06-22,2026-10-02,https://www.justice.gov/usao-edla/pr/ex-white-house-military-aide-and-maryland-businessman-sentenced-over-8-years-prison,https://web.archive.org/web/2026/https://www.justice.gov/usao-edla/pr/ex-white-house-military-aide-and-maryland-businessman-sentenced-over-8-years-prison,raw/usa-doj-edla-nola-rc-2021.html,4fde5a500fb36553cf80dda2057ecb081684706d88c4a52ae57ec9b3a42673e1,"Sentencing of William B. Hungerford Jr. and Timothy O. Milbrath (New Orleans EB-5 Regional Center / NobleOutReach, LLC); jury verdict September 2019.",Stored copy downloaded from a Wayback Machine snapshot (justice.gov serves a bot-check page to scripts).
usa-doj-ndca-sfrc-2021,Two Defendants Plead Guilty to Federal Charges Filed in Connection with Oakland-Based EB-5 Visa Investment Scheme,"U.S. Department of Justice, U.S. Attorney's Office, Northern District of California",,government,USA,2021-07-22,2026-10-02,https://www.justice.gov/usao-ndca/pr/two-defendants-plead-guilty-federal-charges-filed-connection-oakland-based-eb-5-visa,https://web.archive.org/web/2026/https://www.justice.gov/usao-ndca/pr/two-defendants-plead-guilty-federal-charges-filed-connection-oakland-based-eb-5-visa,raw/usa-doj-ndca-sfrc-2021.html,32b4313bbb5555aaf31a38b3c43c79d471f27ca028cf15bef6cb9ad10f3a6fd6,"Guilty pleas of Thomas Henderson (San Francisco Regional Center, LLC) and Cooper Lee.",Stored copy downloaded from a Wayback Machine snapshot (justice.gov serves a bot-check page to scripts). Facts as admitted in plea agreements.
usa-doj-vt-quiros-2022,Ariel Quiros Sentenced to 60 Months in Prison for EB-5 Fraud in Vermont's Northeast Kingdom,"U.S. Department of Justice, U.S. Attorney's Office, District of Vermont",,government,USA,2022-04-29,2026-10-02,https://www.justice.gov/usao-vt/pr/ariel-quiros-sentenced-60-months-prison-eb-5-fraud-vermont-s-northeast-kingdom,https://web.archive.org/web/20260525034309/https://www.justice.gov/usao-vt/pr/ariel-quiros-sentenced-60-months-prison-eb-5-fraud-vermont-s-northeast-kingdom,raw/usa-doj-vt-quiros-2022.html,c72540ed5b436075e780de71bb3e67d6cb314b370e41f8258884006a64664ec5,"Criminal sentencing in the AnC Vermont (Jay Peak) EB-5 project: Quiros 60 months, restitution; Stenger and Kelly 18 months each; Choi at large.",Stored copy downloaded from a Wayback Machine snapshot (justice.gov serves a bot-check page to scripts).
usa-dos-vo-2005-table-v,"Report of the Visa Office 2005, Table V: Immigrant Visas Issued and Adjustments of Status Subject to Numerical Limitations, Fiscal Year 2005","U.S. Department of State, Bureau of Consular Affairs (Report of the Visa Office)",,government,USA,2006,2026-10-02,https://travel.state.gov/content/dam/visas/Statistics/FY05tableV.pdf,https://web.archive.org/web/2026id_/https://travel.state.gov/content/dam/visas/Statistics/FY05tableV.pdf,raw/usa-dos-vo-2005-table-v.pdf,15c67b7ccaf6f8ee57f85b09e0f044d1feb7425b6552168b30f4df1f58dc79ab,"EB-5 (employment fifth preference) immigrant visas issued abroad plus adjustments of status in the US, by foreign state of chargeability, FY2005","Downloaded from Wayback Machine copy (direct download from travel.state.gov blocked, HTTP 403). Counts are by foreign state of chargeability, which is normally the country of birth (hence 'China - mainland born'), not nationality. Counts include derivative spouses and children. Page numbers are PDF page indices."
usa-dos-vo-2005-table-vi,"Report of the Visa Office 2005, Table VI: Preference Visas Issued, Fiscal Year 2005","U.S. Department of State, Bureau of Consular Affairs (Report of the Visa Office)",,government,USA,2006,2026-10-02,https://travel.state.gov/content/dam/visas/Statistics/FY05tableVI.pdf,https://web.archive.org/web/2026id_/https://travel.state.gov/content/dam/visas/Statistics/FY05tableVI.pdf,raw/usa-dos-vo-2005-table-vi.pdf,0b850ff33f61f10a31f49f15e766f4256faa22ab78c2d5bf946881e51992af5b,"EB-5 (employment fifth preference) immigrant visas issued by consular posts abroad, by foreign state of chargeability, FY2005","Downloaded from Wayback Machine copy (direct download from travel.state.gov blocked, HTTP 403). Counts are by foreign state of chargeability, which is normally the country of birth (hence 'China - mainland born'), not nationality. Counts include derivative spouses and children. Page numbers are PDF page indices."
usa-dos-vo-2006-table-v,"Report of the Visa Office 2006, Table V: Immigrant Visas Issued and Adjustments of Status Subject to Numerical Limitations, Fiscal Year 2006","U.S. Department of State, Bureau of Consular Affairs (Report of the Visa Office)",,government,USA,2007,2026-10-02,https://travel.state.gov/content/dam/visas/Statistics/FY06AnnualReportTableV-Part3.pdf,https://web.archive.org/web/2026id_/https://travel.state.gov/content/dam/visas/Statistics/FY06AnnualReportTableV-Part3.pdf,raw/usa-dos-vo-2006-table-v.pdf,eed1f02aebb17fcc53ae9800ee30870397633e331d259230790fa14758be3d31,"EB-5 (employment fifth preference) immigrant visas issued abroad plus adjustments of status in the US, by foreign state of chargeability, FY2006","Downloaded from Wayback Machine copy (direct download from travel.state.gov blocked, HTTP 403). Counts are by foreign state of chargeability, which is normally the country of birth (hence 'China - mainland born'), not nationality. Counts include derivative spouses and children. The file linked as Part 3 contains Parts I-III; EB-5 columns are in Part III. Page numbers are PDF page indices."
usa-dos-vo-2006-table-vi,"Report of the Visa Office 2006, Table VI: Preference Visas Issued, Fiscal Year 2006","U.S. Department of State, Bureau of Consular Affairs (Report of the Visa Office)",,government,USA,2007,2026-10-02,https://travel.state.gov/content/dam/visas/Statistics/FY06AnnualReportTableVI.pdf,https://web.archive.org/web/2026id_/https://travel.state.gov/content/dam/visas/Statistics/FY06AnnualReportTableVI.pdf,raw/usa-dos-vo-2006-table-vi.pdf,842267701fbf77d67d9788730f300c2b2f6c42a25dcec2ada7d65d47a1ae7f8d,"EB-5 (employment fifth preference) immigrant visas issued by consular posts abroad, by foreign state of chargeability, FY2006","Downloaded from Wayback Machine copy (direct download from travel.state.gov blocked, HTTP 403). Counts are by foreign state of chargeability, which is normally the country of birth (hence 'China - mainland born'), not nationality. Counts include derivative spouses and children. Page numbers are PDF page indices."
usa-dos-vo-2007-table-v,"Report of the Visa Office 2007, Table V: Immigrant Visas Issued and Adjustments of Status Subject to Numerical Limitations, Fiscal Year 2007","U.S. Department of State, Bureau of Consular Affairs (Report of the Visa Office)",,government,USA,2008,2026-10-02,https://travel.state.gov/content/dam/visas/Statistics/FY07AnnualReportTableV.pdf,https://web.archive.org/web/2026id_/https://travel.state.gov/content/dam/visas/Statistics/FY07AnnualReportTableV.pdf,raw/usa-dos-vo-2007-table-v.pdf,c7b9d4e5fb30204c0424f5f4c4f83565c163186062c4bbd9e47fdcb7ac457eaf,"EB-5 (employment fifth preference) immigrant visas issued abroad plus adjustments of status in the US, by foreign state of chargeability, FY2007","Downloaded from Wayback Machine copy (direct download from travel.state.gov blocked, HTTP 403). Counts are by foreign state of chargeability, which is normally the country of birth (hence 'China - mainland born'), not nationality. Counts include derivative spouses and children. Page numbers are PDF page indices."
usa-dos-vo-2007-table-vi,"Report of the Visa Office 2007, Table VI: Preference Visas Issued, Fiscal Year 2007","U.S. Department of State, Bureau of Consular Affairs (Report of the Visa Office)",,government,USA,2008,2026-10-02,https://travel.state.gov/content/dam/visas/Statistics/FY07AnnualReportTableVI.pdf,https://web.archive.org/web/2026id_/https://travel.state.gov/content/dam/visas/Statistics/FY07AnnualReportTableVI.pdf,raw/usa-dos-vo-2007-table-vi.pdf,a69879399c632d629f534d19303a57c4cb61459a4709a73826338bea9724f1cf,"EB-5 (employment fifth preference) immigrant visas issued by consular posts abroad, by foreign state of chargeability, FY2007","Downloaded from Wayback Machine copy (direct download from travel.state.gov blocked, HTTP 403). Counts are by foreign state of chargeability, which is normally the country of birth (hence 'China - mainland born'), not nationality. Counts include derivative spouses and children. Page numbers are PDF page indices."
usa-dos-vo-2008-table-v3,"Report of the Visa Office 2008, Table V (Part 3): Immigrant Visas Issued and Adjustments of Status Subject to Numerical Limitations, Fiscal Year 2008","U.S. Department of State, Bureau of Consular Affairs (Report of the Visa Office)",,government,USA,2009,2026-10-02,https://travel.state.gov/content/dam/visas/Statistics/FY08-AR-TableV(Part3).pdf,https://web.archive.org/web/2026id_/https://travel.state.gov/content/dam/visas/Statistics/FY08-AR-TableV(Part3).pdf,raw/usa-dos-vo-2008-table-v3.pdf,4483a4391c9bbb9021a13f786c05775d3300355c743cbb6afc12cbfbbd6a89ab,"EB-5 (employment fifth preference) immigrant visas issued abroad plus adjustments of status in the US, by foreign state of chargeability, FY2008","Downloaded from Wayback Machine copy (direct download from travel.state.gov blocked, HTTP 403). Counts are by foreign state of chargeability, which is normally the country of birth (hence 'China - mainland born'), not nationality. Counts include derivative spouses and children. Page numbers are PDF page indices."
usa-dos-vo-2008-table-vi4,"Report of the Visa Office 2008, Table VI (Part IV): Preference Visas Issued, Fiscal Year 2008","U.S. Department of State, Bureau of Consular Affairs (Report of the Visa Office)",,government,USA,2009,2026-10-02,https://travel.state.gov/content/dam/visas/Statistics/FY08-AR-TableVI(Part4).pdf,https://web.archive.org/web/2026id_/https://travel.state.gov/content/dam/visas/Statistics/FY08-AR-TableVI(Part4).pdf,raw/usa-dos-vo-2008-table-vi4.pdf,588a9cc10bb316854d6a311055ab2d8ca0cc5f55ead9b158cd39ab4bd2e4e213,"EB-5 (employment fifth preference) immigrant visas issued by consular posts abroad, by foreign state of chargeability, FY2008","Downloaded from Wayback Machine copy (direct download from travel.state.gov blocked, HTTP 403). Counts are by foreign state of chargeability, which is normally the country of birth (hence 'China - mainland born'), not nationality. Counts include derivative spouses and children. Page numbers are PDF page indices."
usa-dos-vo-2009-table-v,"Report of the Visa Office 2009, Table V: Immigrant Visas Issued and Adjustments of Status Subject to Numerical Limitations, Fiscal Year 2009","U.S. Department of State, Bureau of Consular Affairs (Report of the Visa Office)",,government,USA,2010,2026-10-02,https://travel.state.gov/content/dam/visas/Statistics/FY09AnnualReport_TableV.pdf,https://web.archive.org/web/2026id_/https://travel.state.gov/content/dam/visas/Statistics/FY09AnnualReport_TableV.pdf,raw/usa-dos-vo-2009-table-v.pdf,bbc5d9c8fd04c5570ad3419858ec5a3376809458e28b049ad9e75888ed37fb39,"EB-5 (employment fifth preference) immigrant visas issued abroad plus adjustments of status in the US, by foreign state of chargeability, FY2009","Downloaded from Wayback Machine copy (direct download from travel.state.gov blocked, HTTP 403). Counts are by foreign state of chargeability, which is normally the country of birth (hence 'China - mainland born'), not nationality. Counts include derivative spouses and children. Page numbers are PDF page indices."
usa-dos-vo-2009-table-vi,"Report of the Visa Office 2009, Table VI: Preference Visas Issued, Fiscal Year 2009","U.S. Department of State, Bureau of Consular Affairs (Report of the Visa Office)",,government,USA,2010,2026-10-02,https://travel.state.gov/content/dam/visas/Statistics/FY09AnnualReport_TableVI.pdf,https://web.archive.org/web/2026id_/https://travel.state.gov/content/dam/visas/Statistics/FY09AnnualReport_TableVI.pdf,raw/usa-dos-vo-2009-table-vi.pdf,f5088fec19143685c6c8ba2d3c621864811c581c9ca8ae92f60ac67dab4cc139,"EB-5 (employment fifth preference) immigrant visas issued by consular posts abroad, by foreign state of chargeability, FY2009","Downloaded from Wayback Machine copy (direct download from travel.state.gov blocked, HTTP 403). Counts are by foreign state of chargeability, which is normally the country of birth (hence 'China - mainland born'), not nationality. Counts include derivative spouses and children. Page numbers are PDF page indices."
usa-dos-vo-2010-table-v3,"Report of the Visa Office 2010, Table V (Part 3): Immigrant Visas Issued and Adjustments of Status Subject to Numerical Limitations, Fiscal Year 2010","U.S. Department of State, Bureau of Consular Affairs (Report of the Visa Office)",,government,USA,2011,2026-10-02,https://travel.state.gov/content/dam/visas/Statistics/FY10AnnualReport-TableV-PartIII.pdf,https://web.archive.org/web/2026id_/https://travel.state.gov/content/dam/visas/Statistics/FY10AnnualReport-TableV-PartIII.pdf,raw/usa-dos-vo-2010-table-v3.pdf,150c4b98bcbdccba113e8d6563c03730defe0bf1aeaeb4d2ff5e27e074ae7779,"EB-5 (employment fifth preference) immigrant visas issued abroad plus adjustments of status in the US, by foreign state of chargeability, FY2010","Downloaded from Wayback Machine copy (direct download from travel.state.gov blocked, HTTP 403). Counts are by foreign state of chargeability, which is normally the country of birth (hence 'China - mainland born'), not nationality. Counts include derivative spouses and children. Page numbers are PDF page indices."
usa-dos-vo-2010-table-vi4,"Report of the Visa Office 2010, Table VI (Part IV): Preference Visas Issued, Fiscal Year 2010","U.S. Department of State, Bureau of Consular Affairs (Report of the Visa Office)",,government,USA,2011,2026-10-02,https://travel.state.gov/content/dam/visas/Statistics/FY10AnnualReport-TableVI-PartIV.pdf,https://web.archive.org/web/2026id_/https://travel.state.gov/content/dam/visas/Statistics/FY10AnnualReport-TableVI-PartIV.pdf,raw/usa-dos-vo-2010-table-vi4.pdf,cb0175f5d85c2a3feaf45a21485951b2539686ca4a4112abae6793fecadaaa41,"EB-5 (employment fifth preference) immigrant visas issued by consular posts abroad, by foreign state of chargeability, FY2010","Downloaded from Wayback Machine copy (direct download from travel.state.gov blocked, HTTP 403). Counts are by foreign state of chargeability, which is normally the country of birth (hence 'China - mainland born'), not nationality. Counts include derivative spouses and children. Page numbers are PDF page indices."
usa-dos-vo-2011-table-v3,"Report of the Visa Office 2011, Table V (Part 3): Immigrant Visas Issued and Adjustments of Status Subject to Numerical Limitations, Fiscal Year 2011","U.S. Department of State, Bureau of Consular Affairs (Report of the Visa Office)",,government,USA,2012,2026-10-02,https://travel.state.gov/content/dam/visas/Statistics/AnnualReports/FY2011AnnualReport/FY11AnnualReport-Table%20V-Part3.pdf,https://web.archive.org/web/2026id_/https://travel.state.gov/content/dam/visas/Statistics/AnnualReports/FY2011AnnualReport/FY11AnnualReport-Table%20V-Part3.pdf,raw/usa-dos-vo-2011-table-v3.pdf,44d97ca91a82697b22133a0398a6c1c70f763b4221025c7642795820e793ace6,"EB-5 (employment fifth preference) immigrant visas issued abroad plus adjustments of status in the US, by foreign state of chargeability, FY2011","Downloaded from Wayback Machine copy (direct download from travel.state.gov blocked, HTTP 403). Counts are by foreign state of chargeability, which is normally the country of birth (hence 'China - mainland born'), not nationality. Counts include derivative spouses and children. Page numbers are PDF page indices."
usa-dos-vo-2011-table-vi4,"Report of the Visa Office 2011, Table VI (Part IV): Preference Visas Issued, Fiscal Year 2011","U.S. Department of State, Bureau of Consular Affairs (Report of the Visa Office)",,government,USA,2012,2026-10-02,https://travel.state.gov/content/dam/visas/Statistics/AnnualReports/FY2011AnnualReport/FY11AnnualReport-Table%20VI-Part4.pdf,https://web.archive.org/web/2026id_/https://travel.state.gov/content/dam/visas/Statistics/AnnualReports/FY2011AnnualReport/FY11AnnualReport-Table%20VI-Part4.pdf,raw/usa-dos-vo-2011-table-vi4.pdf,0f87eb6356774ef38c8690b1d7255e1fd20f9856e8b91a5bb36bffb1bbd5f1dc,"EB-5 (employment fifth preference) immigrant visas issued by consular posts abroad, by foreign state of chargeability, FY2011","Downloaded from Wayback Machine copy (direct download from travel.state.gov blocked, HTTP 403). Counts are by foreign state of chargeability, which is normally the country of birth (hence 'China - mainland born'), not nationality. Counts include derivative spouses and children. Page numbers are PDF page indices."
usa-dos-vo-2012-table-v3,"Report of the Visa Office 2012, Table V (Part 3): Immigrant Visas Issued and Adjustments of Status Subject to Numerical Limitations, Fiscal Year 2012","U.S. Department of State, Bureau of Consular Affairs (Report of the Visa Office)",,government,USA,2013,2026-10-02,https://travel.state.gov/content/dam/visas/Statistics/AnnualReports/FY2012AnnualReport/FY12AnnualReport-TableV-PartIII.pdf,https://web.archive.org/web/2026id_/https://travel.state.gov/content/dam/visas/Statistics/AnnualReports/FY2012AnnualReport/FY12AnnualReport-TableV-PartIII.pdf,raw/usa-dos-vo-2012-table-v3.pdf,f22be2bdcbfad7f77df8d45fa57542e4bae488de2fc28fd271947c346c3f9cd4,"EB-5 (employment fifth preference) immigrant visas issued abroad plus adjustments of status in the US, by foreign state of chargeability, FY2012","Downloaded from Wayback Machine copy (direct download from travel.state.gov blocked, HTTP 403). Counts are by foreign state of chargeability, which is normally the country of birth (hence 'China - mainland born'), not nationality. Counts include derivative spouses and children. Page numbers are PDF page indices."
usa-dos-vo-2012-table-vi4,"Report of the Visa Office 2012, Table VI (Part IV): Preference Visas Issued, Fiscal Year 2012","U.S. Department of State, Bureau of Consular Affairs (Report of the Visa Office)",,government,USA,2013,2026-10-02,https://travel.state.gov/content/dam/visas/Statistics/AnnualReports/FY2012AnnualReport/FY12AnnualReport-TableVI-PartIV.pdf,https://web.archive.org/web/2026id_/https://travel.state.gov/content/dam/visas/Statistics/AnnualReports/FY2012AnnualReport/FY12AnnualReport-TableVI-PartIV.pdf,raw/usa-dos-vo-2012-table-vi4.pdf,645f0ec245cff3556fe11429bf153d6e07bc6670079158b2bd244e205ddb968b,"EB-5 (employment fifth preference) immigrant visas issued by consular posts abroad, by foreign state of chargeability, FY2012","Downloaded from Wayback Machine copy (direct download from travel.state.gov blocked, HTTP 403). Counts are by foreign state of chargeability, which is normally the country of birth (hence 'China - mainland born'), not nationality. Counts include derivative spouses and children. Page numbers are PDF page indices."
usa-dos-vo-2013-table-v3,"Report of the Visa Office 2013, Table V (Part 3): Immigrant Visas Issued and Adjustments of Status Subject to Numerical Limitations, Fiscal Year 2013","U.S. Department of State, Bureau of Consular Affairs (Report of the Visa Office)",,government,USA,2014,2026-10-02,https://travel.state.gov/content/dam/visas/Statistics/AnnualReports/FY2013AnnualReport/FY13AnnualReport-TableV-PartIII.pdf,https://web.archive.org/web/2026id_/https://travel.state.gov/content/dam/visas/Statistics/AnnualReports/FY2013AnnualReport/FY13AnnualReport-TableV-PartIII.pdf,raw/usa-dos-vo-2013-table-v3.pdf,20122e80cf9c391990520e25f5350d06f97069efad27e8904f0613fe996fe43f,"EB-5 (employment fifth preference) immigrant visas issued abroad plus adjustments of status in the US, by foreign state of chargeability, FY2013","Downloaded from Wayback Machine copy (direct download from travel.state.gov blocked, HTTP 403). Counts are by foreign state of chargeability, which is normally the country of birth (hence 'China - mainland born'), not nationality. Counts include derivative spouses and children. Page numbers are PDF page indices."
usa-dos-vo-2013-table-vi,"Report of the Visa Office 2013, Table VI: Preference Visas Issued, Fiscal Year 2013","U.S. Department of State, Bureau of Consular Affairs (Report of the Visa Office)",,government,USA,2014,2026-10-02,https://travel.state.gov/content/dam/visas/Statistics/AnnualReports/FY2013AnnualReport/FY13AnnualReport-TableVI.pdf,https://web.archive.org/web/2026id_/https://travel.state.gov/content/dam/visas/Statistics/AnnualReports/FY2013AnnualReport/FY13AnnualReport-TableVI.pdf,raw/usa-dos-vo-2013-table-vi.pdf,27652d1f034d3ace6d05bb8aa0e01e22ffee29e7414c10cbc329c131b4902a11,"EB-5 (employment fifth preference) immigrant visas issued by consular posts abroad, by foreign state of chargeability, FY2013","Downloaded from Wayback Machine copy (direct download from travel.state.gov blocked, HTTP 403). Counts are by foreign state of chargeability, which is normally the country of birth (hence 'China - mainland born'), not nationality. Counts include derivative spouses and children. Page numbers are PDF page indices."
usa-dos-vo-2014-table-v3,"Report of the Visa Office 2014, Table V (Part 3): Immigrant Visas Issued and Adjustments of Status Subject to Numerical Limitations, Fiscal Year 2014","U.S. Department of State, Bureau of Consular Affairs (Report of the Visa Office)",,government,USA,2015,2026-10-02,https://travel.state.gov/content/dam/visas/Statistics/AnnualReports/FY2014AnnualReport/FY14AnnualReport-TableV-PartIII.pdf,https://web.archive.org/web/2026id_/https://travel.state.gov/content/dam/visas/Statistics/AnnualReports/FY2014AnnualReport/FY14AnnualReport-TableV-PartIII.pdf,raw/usa-dos-vo-2014-table-v3.pdf,7e592fd1d2013d1ff207bac745d15285a4f4061fa3d2e43ce6130a4fddff38e8,"EB-5 (employment fifth preference) immigrant visas issued abroad plus adjustments of status in the US, by foreign state of chargeability, FY2014","Downloaded from Wayback Machine copy (direct download from travel.state.gov blocked, HTTP 403). Counts are by foreign state of chargeability, which is normally the country of birth (hence 'China - mainland born'), not nationality. Counts include derivative spouses and children. Page numbers are PDF page indices."
usa-dos-vo-2014-table-vi,"Report of the Visa Office 2014, Table VI: Preference Visas Issued, Fiscal Year 2014","U.S. Department of State, Bureau of Consular Affairs (Report of the Visa Office)",,government,USA,2015,2026-10-02,https://travel.state.gov/content/dam/visas/Statistics/AnnualReports/FY2014AnnualReport/FY14AnnualReport-TableVI.pdf,https://web.archive.org/web/2026id_/https://travel.state.gov/content/dam/visas/Statistics/AnnualReports/FY2014AnnualReport/FY14AnnualReport-TableVI.pdf,raw/usa-dos-vo-2014-table-vi.pdf,f74d014412dbe7c77ae399393f1c86af086a1b97dd7d7f97c91ad726bd8f158e,"EB-5 (employment fifth preference) immigrant visas issued by consular posts abroad, by foreign state of chargeability, FY2014","Downloaded from Wayback Machine copy (direct download from travel.state.gov blocked, HTTP 403). Counts are by foreign state of chargeability, which is normally the country of birth (hence 'China - mainland born'), not nationality. Counts include derivative spouses and children. Page numbers are PDF page indices."
usa-dos-vo-2015-table-v3,"Report of the Visa Office 2015, Table V (Part 3): Immigrant Visas Issued and Adjustments of Status Subject to Numerical Limitations, Fiscal Year 2015","U.S. Department of State, Bureau of Consular Affairs (Report of the Visa Office)",,government,USA,2016,2026-10-02,https://travel.state.gov/content/dam/visas/Statistics/AnnualReports/FY2015AnnualReport/FY15AnnualReport-TableV-Part3.pdf,https://web.archive.org/web/2026id_/https://travel.state.gov/content/dam/visas/Statistics/AnnualReports/FY2015AnnualReport/FY15AnnualReport-TableV-Part3.pdf,raw/usa-dos-vo-2015-table-v3.pdf,7fb2367dc5ab660a234410673e493af0f88e2fdeb4196cc569e5fc44be5ce52a,"EB-5 (employment fifth preference) immigrant visas issued abroad plus adjustments of status in the US, by foreign state of chargeability, FY2015","Downloaded from Wayback Machine copy (direct download from travel.state.gov blocked, HTTP 403). Counts are by foreign state of chargeability, which is normally the country of birth (hence 'China - mainland born'), not nationality. Counts include derivative spouses and children. Page numbers are PDF page indices."
usa-dos-vo-2015-table-vi,"Report of the Visa Office 2015, Table VI: Preference Visas Issued, Fiscal Year 2015","U.S. Department of State, Bureau of Consular Affairs (Report of the Visa Office)",,government,USA,2016,2026-10-02,https://travel.state.gov/content/dam/visas/Statistics/AnnualReports/FY2015AnnualReport/FY15AnnualReport-TableVI.pdf,https://web.archive.org/web/2026id_/https://travel.state.gov/content/dam/visas/Statistics/AnnualReports/FY2015AnnualReport/FY15AnnualReport-TableVI.pdf,raw/usa-dos-vo-2015-table-vi.pdf,5f0afe4693fb46788a4a901ced32926211c4de3f56eee3da6c9d8bb7f586407a,"EB-5 (employment fifth preference) immigrant visas issued by consular posts abroad, by foreign state of chargeability, FY2015","Downloaded from Wayback Machine copy (direct download from travel.state.gov blocked, HTTP 403). Counts are by foreign state of chargeability, which is normally the country of birth (hence 'China - mainland born'), not nationality. Counts include derivative spouses and children. Page numbers are PDF page indices."
usa-dos-vo-2016-table-v,"Report of the Visa Office 2016, Table V: Immigrant Visas Issued and Adjustments of Status Subject to Numerical Limitations, Fiscal Year 2016","U.S. Department of State, Bureau of Consular Affairs (Report of the Visa Office)",,government,USA,2017,2026-10-02,https://travel.state.gov/content/dam/visas/Statistics/AnnualReports/FY2016AnnualReport/FY16AnnualReport-TableV.pdf,https://web.archive.org/web/2026id_/https://travel.state.gov/content/dam/visas/Statistics/AnnualReports/FY2016AnnualReport/FY16AnnualReport-TableV.pdf,raw/usa-dos-vo-2016-table-v.pdf,bbe6cc1ddefbe77951a7e848c87ff39d8cbbf95b2f143653adb15b1e8cac1c0c,"EB-5 (employment fifth preference) immigrant visas issued abroad plus adjustments of status in the US, by foreign state of chargeability, FY2016","Downloaded from Wayback Machine copy (direct download from travel.state.gov blocked, HTTP 403). Counts are by foreign state of chargeability, which is normally the country of birth (hence 'China - mainland born'), not nationality. Counts include derivative spouses and children. Page numbers are PDF page indices."
usa-dos-vo-2016-table-vi,"Report of the Visa Office 2016, Table VI: Preference Visas Issued, Fiscal Year 2016","U.S. Department of State, Bureau of Consular Affairs (Report of the Visa Office)",,government,USA,2017,2026-10-02,https://travel.state.gov/content/dam/visas/Statistics/AnnualReports/FY2016AnnualReport/FY16AnnualReport-TableVI.pdf,https://web.archive.org/web/2026id_/https://travel.state.gov/content/dam/visas/Statistics/AnnualReports/FY2016AnnualReport/FY16AnnualReport-TableVI.pdf,raw/usa-dos-vo-2016-table-vi.pdf,984384b0b0caa086fb8d0b0521685d2a2f6597a16dae3bdad48adca589e08b8e,"EB-5 (employment fifth preference) immigrant visas issued by consular posts abroad, by foreign state of chargeability, FY2016","Downloaded from Wayback Machine copy (direct download from travel.state.gov blocked, HTTP 403). Counts are by foreign state of chargeability, which is normally the country of birth (hence 'China - mainland born'), not nationality. Counts include derivative spouses and children. Page numbers are PDF page indices."
usa-dos-vo-2017-table-v3,"Report of the Visa Office 2017, Table V (Part 3): Immigrant Visas Issued and Adjustments of Status Subject to Numerical Limitations, Fiscal Year 2017","U.S. Department of State, Bureau of Consular Affairs (Report of the Visa Office)",,government,USA,2018,2026-10-02,https://travel.state.gov/content/dam/visas/Statistics/AnnualReports/FY2017AnnualReport/FY17AnnualReport%20-TableV-PartIII.pdf,https://web.archive.org/web/2026id_/https://travel.state.gov/content/dam/visas/Statistics/AnnualReports/FY2017AnnualReport/FY17AnnualReport%20-TableV-PartIII.pdf,raw/usa-dos-vo-2017-table-v3.pdf,b8bb599071a8f94043bee532518389af98ab6d9655c5771526395a4451c9efce,"EB-5 (employment fifth preference) immigrant visas issued abroad plus adjustments of status in the US, by foreign state of chargeability, FY2017","Downloaded from Wayback Machine copy (direct download from travel.state.gov blocked, HTTP 403). Counts are by foreign state of chargeability, which is normally the country of birth (hence 'China - mainland born'), not nationality. Counts include derivative spouses and children. Page numbers are PDF page indices."
usa-dos-vo-2017-table-vi,"Report of the Visa Office 2017, Table VI: Preference Visas Issued, Fiscal Year 2017","U.S. Department of State, Bureau of Consular Affairs (Report of the Visa Office)",,government,USA,2018,2026-10-02,https://travel.state.gov/content/dam/visas/Statistics/AnnualReports/FY2017AnnualReport/FY17AnnualReport-TableVI.pdf,https://web.archive.org/web/2026id_/https://travel.state.gov/content/dam/visas/Statistics/AnnualReports/FY2017AnnualReport/FY17AnnualReport-TableVI.pdf,raw/usa-dos-vo-2017-table-vi.pdf,5b1eb46afac7463fb2ab3bdaafc82e019535c3330c2241ac1203d2db792c9ca2,"EB-5 (employment fifth preference) immigrant visas issued by consular posts abroad, by foreign state of chargeability, FY2017","Downloaded from Wayback Machine copy (direct download from travel.state.gov blocked, HTTP 403). Counts are by foreign state of chargeability, which is normally the country of birth (hence 'China - mainland born'), not nationality. Counts include derivative spouses and children. Page numbers are PDF page indices."
usa-dos-vo-2018-table-v3,"Report of the Visa Office 2018, Table V (Part 3): Immigrant Visas Issued and Adjustments of Status Subject to Numerical Limitations, Fiscal Year 2018","U.S. Department of State, Bureau of Consular Affairs (Report of the Visa Office)",,government,USA,2019,2026-10-02,https://travel.state.gov/content/dam/visas/Statistics/AnnualReports/FY2018AnnualReport/FY18AnnualReport%20-%20TableV-Part3.pdf,https://web.archive.org/web/2026id_/https://travel.state.gov/content/dam/visas/Statistics/AnnualReports/FY2018AnnualReport/FY18AnnualReport%20-%20TableV-Part3.pdf,raw/usa-dos-vo-2018-table-v3.pdf,28721d58ef43b4f5ce17dba531a649a894e6480438208751073a1aeda82ddb8a,"EB-5 (employment fifth preference) immigrant visas issued abroad plus adjustments of status in the US, by foreign state of chargeability, FY2018","Downloaded from Wayback Machine copy (direct download from travel.state.gov blocked, HTTP 403). Counts are by foreign state of chargeability, which is normally the country of birth (hence 'China - mainland born'), not nationality. Counts include derivative spouses and children. Page numbers are PDF page indices."
usa-dos-vo-2018-table-vi,"Report of the Visa Office 2018, Table VI: Preference Visas Issued, Fiscal Year 2018","U.S. Department of State, Bureau of Consular Affairs (Report of the Visa Office)",,government,USA,2019,2026-10-02,https://travel.state.gov/content/dam/visas/Statistics/AnnualReports/FY2018AnnualReport/FY18AnnualReport%20-%20TableVI.pdf,https://web.archive.org/web/2026id_/https://travel.state.gov/content/dam/visas/Statistics/AnnualReports/FY2018AnnualReport/FY18AnnualReport%20-%20TableVI.pdf,raw/usa-dos-vo-2018-table-vi.pdf,6805835318373d063680c894e0816a26c6da4635a2bf146f071fd6fe843fbbb3,"EB-5 (employment fifth preference) immigrant visas issued by consular posts abroad, by foreign state of chargeability, FY2018","Downloaded from Wayback Machine copy (direct download from travel.state.gov blocked, HTTP 403). Counts are by foreign state of chargeability, which is normally the country of birth (hence 'China - mainland born'), not nationality. Counts include derivative spouses and children. Page numbers are PDF page indices."
usa-dos-vo-2019-table-v,"Report of the Visa Office 2019, Table V: Immigrant Visas Issued and Adjustments of Status Subject to Numerical Limitations, Fiscal Year 2019","U.S. Department of State, Bureau of Consular Affairs (Report of the Visa Office)",,government,USA,2020,2026-10-02,https://travel.state.gov/content/dam/visas/Statistics/AnnualReports/FY2019AnnualReport/FY19AnnualReport%20-%20TableV.pdf,https://web.archive.org/web/2026id_/https://travel.state.gov/content/dam/visas/Statistics/AnnualReports/FY2019AnnualReport/FY19AnnualReport%20-%20TableV.pdf,raw/usa-dos-vo-2019-table-v.pdf,c159c78dee9e30cf4a4b75ce2f7d796ed5e5fcd6eef5373f1f65e8c6f1b42fe2,"EB-5 (employment fifth preference) immigrant visas issued abroad plus adjustments of status in the US, by foreign state of chargeability, FY2019","Downloaded from Wayback Machine copy (direct download from travel.state.gov blocked, HTTP 403). Counts are by foreign state of chargeability, which is normally the country of birth (hence 'China - mainland born'), not nationality. Counts include derivative spouses and children. Page numbers are PDF page indices."
usa-dos-vo-2019-table-vi,"Report of the Visa Office 2019, Table VI: Preference Visas Issued, Fiscal Year 2019","U.S. Department of State, Bureau of Consular Affairs (Report of the Visa Office)",,government,USA,2020,2026-10-02,https://travel.state.gov/content/dam/visas/Statistics/AnnualReports/FY2019AnnualReport/FY19AnnualReport%20-TableVI.pdf,https://web.archive.org/web/2026id_/https://travel.state.gov/content/dam/visas/Statistics/AnnualReports/FY2019AnnualReport/FY19AnnualReport%20-TableVI.pdf,raw/usa-dos-vo-2019-table-vi.pdf,6148d4b616b50d4a080ca1ac901376ae5978fb28e1883fc053da44e4ed3330e4,"EB-5 (employment fifth preference) immigrant visas issued by consular posts abroad, by foreign state of chargeability, FY2019","Downloaded from Wayback Machine copy (direct download from travel.state.gov blocked, HTTP 403). Counts are by foreign state of chargeability, which is normally the country of birth (hence 'China - mainland born'), not nationality. Counts include derivative spouses and children. Page numbers are PDF page indices."
usa-dos-vo-2020-table-v3,"Report of the Visa Office 2020, Table V (Part 3): Immigrant Visas Issued and Adjustments of Status Subject to Numerical Limitations, Fiscal Year 2020","U.S. Department of State, Bureau of Consular Affairs (Report of the Visa Office)",,government,USA,2021,2026-10-02,https://travel.state.gov/content/dam/visas/Statistics/AnnualReports/FY2020AnnualReport/FY20AnnualReport-TableV-Part3.pdf,https://web.archive.org/web/2026id_/https://travel.state.gov/content/dam/visas/Statistics/AnnualReports/FY2020AnnualReport/FY20AnnualReport-TableV-Part3.pdf,raw/usa-dos-vo-2020-table-v3.pdf,ad4928ec9db5de079b0bae8a07faf7009d2f12a974da4aa65b405f22f515ef71,"EB-5 (employment fifth preference) immigrant visas issued abroad plus adjustments of status in the US, by foreign state of chargeability, FY2020","Downloaded from Wayback Machine copy (direct download from travel.state.gov blocked, HTTP 403). Counts are by foreign state of chargeability, which is normally the country of birth (hence 'China - mainland born'), not nationality. Counts include derivative spouses and children. Page numbers are PDF page indices."
usa-dos-vo-2020-table-vi,"Report of the Visa Office 2020, Table VI: Preference Visas Issued, Fiscal Year 2020","U.S. Department of State, Bureau of Consular Affairs (Report of the Visa Office)",,government,USA,2021,2026-10-02,https://travel.state.gov/content/dam/visas/Statistics/AnnualReports/FY2020AnnualReport/FY20AnnualReport_TableVI.pdf,https://web.archive.org/web/2026id_/https://travel.state.gov/content/dam/visas/Statistics/AnnualReports/FY2020AnnualReport/FY20AnnualReport_TableVI.pdf,raw/usa-dos-vo-2020-table-vi.pdf,2f5cad1e59bcdf1a64605d974b5015058464749867bd21c949ae74e1b39a05b1,"EB-5 (employment fifth preference) immigrant visas issued by consular posts abroad, by foreign state of chargeability, FY2020","Downloaded from Wayback Machine copy (direct download from travel.state.gov blocked, HTTP 403). Counts are by foreign state of chargeability, which is normally the country of birth (hence 'China - mainland born'), not nationality. Counts include derivative spouses and children. Page numbers are PDF page indices."
usa-dos-vo-2021-table-v3,"Report of the Visa Office 2021, Table V (Part 3): Immigrant Visas Issued and Adjustments of Status Subject to Numerical Limitations, Fiscal Year 2021","U.S. Department of State, Bureau of Consular Affairs (Report of the Visa Office)",,government,USA,2022,2026-10-02,https://travel.state.gov/content/dam/visas/Statistics/AnnualReports/FY2021AnnualReport/FY21_TableV_Part3.pdf,https://web.archive.org/web/2026id_/https://travel.state.gov/content/dam/visas/Statistics/AnnualReports/FY2021AnnualReport/FY21_TableV_Part3.pdf,raw/usa-dos-vo-2021-table-v3.pdf,a0496b12f62e3cc33cf5618f788912c1e627481f787161108f15b839f71c9924,"EB-5 (employment fifth preference) immigrant visas issued abroad plus adjustments of status in the US, by foreign state of chargeability, FY2021","Downloaded from Wayback Machine copy (direct download from travel.state.gov blocked, HTTP 403). Counts are by foreign state of chargeability, which is normally the country of birth (hence 'China - mainland born'), not nationality. Counts include derivative spouses and children. Page numbers are PDF page indices."
usa-dos-vo-2021-table-vi,"Report of the Visa Office 2021, Table VI: Preference Visas Issued, Fiscal Year 2021","U.S. Department of State, Bureau of Consular Affairs (Report of the Visa Office)",,government,USA,2022,2026-10-02,https://travel.state.gov/content/dam/visas/Statistics/AnnualReports/FY2021AnnualReport/FY21_TableVI.pdf,https://web.archive.org/web/2026id_/https://travel.state.gov/content/dam/visas/Statistics/AnnualReports/FY2021AnnualReport/FY21_TableVI.pdf,raw/usa-dos-vo-2021-table-vi.pdf,3f262af564aa099c8ef1f43a1a39ffb04fe91828bf4e8e8aac610d60374025f4,"EB-5 (employment fifth preference) immigrant visas issued by consular posts abroad, by foreign state of chargeability, FY2021","Downloaded from Wayback Machine copy (direct download from travel.state.gov blocked, HTTP 403). Counts are by foreign state of chargeability, which is normally the country of birth (hence 'China - mainland born'), not nationality. Counts include derivative spouses and children. Page numbers are PDF page indices."
usa-dos-vo-2022-table-v3,"Report of the Visa Office 2022, Table V (Part 3): Immigrant Visas Issued and Adjustments of Status Subject to Numerical Limitations, Fiscal Year 2022","U.S. Department of State, Bureau of Consular Affairs (Report of the Visa Office)",,government,USA,2023,2026-10-02,https://travel.state.gov/content/dam/visas/Statistics/AnnualReports/FY2022AnnualReport/FY22_TableV_Part3.pdf,https://web.archive.org/web/2026id_/https://travel.state.gov/content/dam/visas/Statistics/AnnualReports/FY2022AnnualReport/FY22_TableV_Part3.pdf,raw/usa-dos-vo-2022-table-v3.pdf,02aac2d5893751e2439dbfeda4d0e4a366059628afe3cc8e4a1f1ce35127a95a,"EB-5 (employment fifth preference) immigrant visas issued abroad plus adjustments of status in the US, by foreign state of chargeability, FY2022","Downloaded from Wayback Machine copy (direct download from travel.state.gov blocked, HTTP 403). Counts are by foreign state of chargeability, which is normally the country of birth (hence 'China - mainland born'), not nationality. Counts include derivative spouses and children. Page numbers are PDF page indices."
usa-dos-vo-2022-table-vi,"Report of the Visa Office 2022, Table VI: Preference Visas Issued, Fiscal Year 2022","U.S. Department of State, Bureau of Consular Affairs (Report of the Visa Office)",,government,USA,2023,2026-10-02,https://travel.state.gov/content/dam/visas/Statistics/AnnualReports/FY2022AnnualReport/FY22_TableVI.pdf,https://web.archive.org/web/2026id_/https://travel.state.gov/content/dam/visas/Statistics/AnnualReports/FY2022AnnualReport/FY22_TableVI.pdf,raw/usa-dos-vo-2022-table-vi.pdf,9002f3a29589c2565418a41424b343d649a5945953f6f1d35db4191bfb390e7c,"EB-5 (employment fifth preference) immigrant visas issued by consular posts abroad, by foreign state of chargeability, FY2022","Downloaded from Wayback Machine copy (direct download from travel.state.gov blocked, HTTP 403). Counts are by foreign state of chargeability, which is normally the country of birth (hence 'China - mainland born'), not nationality. Counts include derivative spouses and children. Page numbers are PDF page indices."
usa-dos-vo-2023-table-v3,"Report of the Visa Office 2023, Table V (Part 3): Immigrant Visas Issued and Adjustments of Status Subject to Numerical Limitations, Fiscal Year 2023","U.S. Department of State, Bureau of Consular Affairs (Report of the Visa Office)",,government,USA,2024,2026-10-02,https://travel.state.gov/content/dam/visas/Statistics/AnnualReports/FY2023AnnualReport/FY2023_AR_TableV_Part3.pdf,https://web.archive.org/web/2026id_/https://travel.state.gov/content/dam/visas/Statistics/AnnualReports/FY2023AnnualReport/FY2023_AR_TableV_Part3.pdf,raw/usa-dos-vo-2023-table-v3.pdf,94885ccc9783a78b60b0c68fbf76241c4354523320c7eb26a65b82fc95b61a6a,"EB-5 (employment fifth preference) immigrant visas issued abroad plus adjustments of status in the US, by foreign state of chargeability, FY2023","Downloaded from Wayback Machine copy (direct download from travel.state.gov blocked, HTTP 403). Counts are by foreign state of chargeability, which is normally the country of birth (hence 'China - mainland born'), not nationality. Counts include derivative spouses and children. Page numbers are PDF page indices."
usa-dos-vo-2023-table-vi,"Report of the Visa Office 2023, Table VI: Preference Visas Issued, Fiscal Year 2023","U.S. Department of State, Bureau of Consular Affairs (Report of the Visa Office)",,government,USA,2024,2026-10-02,https://travel.state.gov/content/dam/visas/Statistics/AnnualReports/FY2023AnnualReport/FY2023_AR_TableVI.pdf,https://web.archive.org/web/2026id_/https://travel.state.gov/content/dam/visas/Statistics/AnnualReports/FY2023AnnualReport/FY2023_AR_TableVI.pdf,raw/usa-dos-vo-2023-table-vi.pdf,d82b5891c735b3483d5f85c186c34e0e4eb512c8f4137bc1fc2a0f80a1546fa3,"EB-5 (employment fifth preference) immigrant visas issued by consular posts abroad, by foreign state of chargeability, FY2023","Downloaded from Wayback Machine copy (direct download from travel.state.gov blocked, HTTP 403). Counts are by foreign state of chargeability, which is normally the country of birth (hence 'China - mainland born'), not nationality. Counts include derivative spouses and children. Page numbers are PDF page indices."
usa-dos-vo-2024-table-v3,"Report of the Visa Office 2024, Table V (Part 3): Immigrant Visas Issued and Adjustments of Status Subject to Numerical Limitations, Fiscal Year 2024, Employment Preferences (5th)","U.S. Department of State, Bureau of Consular Affairs (Report of the Visa Office)",,government,USA,2025,2026-10-02,https://travel.state.gov/content/dam/visas/Statistics/AnnualReports/FY2024AnnualReport/Table%20V_PartIII.pdf,https://web.archive.org/web/2026id_/https://travel.state.gov/content/dam/visas/Statistics/AnnualReports/FY2024AnnualReport/Table%20V_PartIII.pdf,raw/usa-dos-vo-2024-table-v3.pdf,24a3bef467f90ff5ceaebd0809c925c0c894d49094c1fcc880ce62332dcf38ff,"EB-5 (employment fifth preference) immigrant visas issued abroad plus adjustments of status in the US, by foreign state of chargeability, FY2024","Downloaded from Wayback Machine copy (direct download from travel.state.gov blocked, HTTP 403). Counts are by foreign state of chargeability, which is normally the country of birth (hence 'China - mainland born'), not nationality. Counts include derivative spouses and children. Page numbers are PDF page indices."
usa-dos-vo-2024-table-vi4,"Report of the Visa Office 2024, Table VI (Part IV): Preference Visas Issued, Fiscal Year 2024, Employment Preferences (5th)","U.S. Department of State, Bureau of Consular Affairs (Report of the Visa Office)",,government,USA,2025,2026-10-02,https://travel.state.gov/content/dam/visas/Statistics/AnnualReports/FY2024AnnualReport/Table%20VI_PartIV.pdf,https://web.archive.org/web/2026id_/https://travel.state.gov/content/dam/visas/Statistics/AnnualReports/FY2024AnnualReport/Table%20VI_PartIV.pdf,raw/usa-dos-vo-2024-table-vi4.pdf,dc8449e72eec36a846eaf3ac351d1ac84a37d3a4b86f241815328ce825e22c20,"EB-5 (employment fifth preference) immigrant visas issued by consular posts abroad, by foreign state of chargeability, FY2024","Downloaded from Wayback Machine copy (direct download from travel.state.gov blocked, HTTP 403). Counts are by foreign state of chargeability, which is normally the country of birth (hence 'China - mainland born'), not nationality. Counts include derivative spouses and children. Page numbers are PDF page indices."
usa-fr-eb5-fee-nprm-2025,"U.S. Citizenship and Immigration Services Employment-Based Immigrant Visa, Fifth Preference (EB-5) Fee Rule (Proposed rule), 90 FR 48516",Department of Homeland Security (Federal Register),,government,USA,2025-10-23,2026-10-02,https://www.govinfo.gov/content/pkg/FR-2025-10-23/pdf/2025-19642.pdf,,raw/usa-fr-eb5-fee-nprm-2025.pdf,a3344cb21223e336728d9fd5ffc215fb692b009ebabd4445a61bda4cff51bfff,Proposed EB-5 fee schedule and codification of 2022 Act provisions; comments until 22 Dec 2025.,Federal Register document 2025-19642. Superseded by the final rule of 30 Sep 2026.
usa-fr-eb5-fee-rule-2026,"U.S. Citizenship and Immigration Services Employment-Based Immigrant Visa, Fifth Preference (EB-5) Fee Rule (Final rule), 91 FR 61940",Department of Homeland Security (Federal Register),,legislation,USA,2026-09-30,2026-10-02,https://www.govinfo.gov/content/pkg/FR-2026-09-30/pdf/2026-20016.pdf,,raw/usa-fr-eb5-fee-rule-2026.pdf,1c781b86544ba568733eb878c7e85d5b50dc615c8f7c272a63572e31bf6766ca,"New EB-5 fees effective 30 Nov 2026 (I-526 USD 7,615; I-526E USD 7,850; I-829 USD 5,000; I-956 USD 44,115; Integrity Fund fees raised 10%); describes the Moody v. Noem stay and the reversion of fees on 12 Nov 2025; states the reformed Regional Center Program runs from 14 May 2022 to 30 Sep 2027.","Federal Register document 2026-20016, published two days before this research. Table 1 (fee comparison) is an image; quotes use the regulatory text on PDF pp. 45-46. FR page = 61939 + PDF page."
usa-fr-eb5-integrity-nprm-2026,"EB-5 Reform and Integrity Act of 2022; Ensuring the Integrity of the EB-5 Program; Automatic Revocation of Petitions for Immigrant Classification (Proposed rule), 91 FR 40676",Department of Homeland Security (Federal Register),,government,USA,2026-07-02,2026-10-02,https://www.govinfo.gov/content/pkg/FR-2026-07-02/pdf/2026-13392.pdf,,raw/usa-fr-eb5-integrity-nprm-2026.pdf,b66ac1ff763a5df43600ff04849c3842750db75272211e2254309f435d81e63f,"Proposed regulations implementing the 2022 Act. Regulatory impact analysis: Table 6 annual receipts of fee-paying EB-5 filings FY2018-FY2025 (I-526/I-526E, I-829, I-924/I-956, I-924A/I-956G); Table 7 investors and EB-5 investment for I-526 petitions approved FY2016-FY2021; 388 regional centers terminated FY2018-2022; lapse of the Regional Center Program June 2021-March 2022.",Federal Register document 2026-13392; comment period closed 31 Aug 2026; not final as of 2 Oct 2026. Tables 6 and 7 are images without a text layer: values were read from the rendered page (and Table 6 cross-checked with OCR); quotes for those rows are the table cells as printed and will not be found by text search. FR page = 40675 + PDF page.
usa-fr-eb5-modernization-2019,"EB-5 Immigrant Investor Program Modernization (Final rule), 84 FR 35750",Department of Homeland Security (Federal Register),,legislation,USA,2019-07-24,2026-10-02,https://www.govinfo.gov/content/pkg/FR-2019-07-24/pdf/2019-15000.pdf,,raw/usa-fr-eb5-modernization-2019.pdf,c372d59395a3db26f0c50febac04a94b951c35378230189a61dce45281d8e8a5,"Raises minimum investment to USD 1.8 million / 900,000 (TEA) effective 21 Nov 2019; history of the program; regulatory impact analysis with FY2014-2016 average I-526 filings and regional center terminations 2008-2017.",Federal Register document 2019-15000. Vacated on 22 June 2021 by the N.D. Cal. in Behring Regional Center LLC v. Wolf (see usa-court-behring-ndcal-2021). FR page = 35749 + PDF page.
usa-fr-eo-14351-2025,"Executive Order 14351 of September 19, 2025: The Gold Card, 90 FR 46031",The President of the United States (Federal Register),,legislation,USA,2025-09-24,2026-10-02,https://www.govinfo.gov/content/pkg/FR-2025-09-24/pdf/2025-18602.pdf,,raw/usa-fr-eo-14351-2025.pdf,ae509395af1ccea378f479a9af6c6843c6c3bd9a0f71eb329d3c0f2844495847,"Orders Commerce, State and DHS to set up a 'Gold Card' programme: an unrestricted gift of USD 1 million (individual) or USD 2 million (corporation) to the Department of Commerce treated as evidence of EB-1/EB-2 eligibility; implementation within 90 days; consider expanding it to EB-5.","Federal Register document 2025-18602. Signed 19 Sep 2025, published 24 Sep 2025."
usa-fr-i140g-notice-2026-03,"Agency Information Collection Activities; Revision of a Currently Approved Collection: Immigrant Petition for the Gold Card Program (Form I-140G), 60-day notice, 91 FR 11559","U.S. Citizenship and Immigration Services, DHS (Federal Register)",,government,USA,2026-03-10,2026-10-02,https://www.govinfo.gov/content/pkg/FR-2026-03-10/pdf/2026-04603.pdf,,raw/usa-fr-i140g-notice-2026-03.pdf,a93b15f695ca0c8d1a85b9315739c833ac72107920301da388ed61291f2637e6,"Describes Form I-140G (OMB 1615-0167) and USCIS's burden estimate of 1,520 self-petitioners and 72 corporate petitioners a year.","Paperwork Reduction Act notice. The respondent numbers are USCIS planning estimates, not counts of filings, and are not recorded as observations. Stored PDF contains the FR pages with unrelated NIH notices."
usa-fr-integrity-fund-fee-2023,"Notice of EB-5 Regional Center Integrity Fund Fee, 88 FR 13141","U.S. Citizenship and Immigration Services, DHS (Federal Register)",,government,USA,2023-03-02,2026-10-02,https://www.govinfo.gov/content/pkg/FR-2023-03-02/pdf/2023-04295.pdf,,raw/usa-fr-integrity-fund-fee-2023.pdf,860b4e705e95d73d973f928000eced8d7941cbbdce5064218c8d97185cec7a19,"Annual Integrity Fund fee of USD 20,000 or 10,000 per regional center; first payment window 2 Mar-3 Apr 2023.",Federal Register document 2023-04295; the stored PDF is the FR page range and also contains unrelated FEMA notices.
usa-fr-uscis-fee-rule-2024,"U.S. Citizenship and Immigration Services Fee Schedule and Changes to Certain Other Immigration Benefit Request Requirements (Final rule), 89 FR 6194",Department of Homeland Security (Federal Register),,legislation,USA,2024-01-31,2026-10-02,https://www.govinfo.gov/content/pkg/FR-2024-01-31/pdf/2024-01427.pdf,,raw/usa-fr-uscis-fee-rule-2024.pdf,195ea7b3c37fa3570a2bb3251a34b2d581a2f3abfd60d233eb63b3d25592069f,"Fee schedule effective 1 April 2024, including EB-5 forms (I-526/I-526E USD 11,160; I-829 USD 9,525; I-956/I-956F USD 47,695; I-956G USD 4,470) and the previous fees.",Federal Register document 2024-01427. The EB-5 fees in this rule were stayed by the D. Colo. in Moody v. Noem (12 Nov 2025); USCIS then reverted to the pre-April 2024 EB-5 fees (see usa-fr-eb5-fee-rule-2026). The summary fee tables are images; quotes use the regulatory text (8 CFR 106.2) on PDF pp. 195-197 and a table row as extracted on PDF p. 7.
usa-gao-15-696-2015,Immigrant Investor Program: Additional Actions Needed to Better Assess Fraud Risks and Report Economic Benefits (GAO-15-696),U.S. Government Accountability Office,,government,USA,2015-08,2026-10-02,https://www.gao.gov/assets/gao-15-696.pdf,https://web.archive.org/web/20241219013625/https://www.gao.gov/assets/gao-15-696.pdf,raw/usa-gao-15-696-2015.pdf,8f7857719e451bbed51fde7ca5882e4fee30cc9c01bb0e186136cf18e792b63b,Fraud and national-security risks in EB-5; regional centers approved and terminated (July 2015); SEC tips and enforcement actions; FDNS investigations; USCIS-reported jobs and investment FY1990-FY2014 and why that method is unreliable.,gao.gov blocks scripted downloads (HTTP 403); the stored copy was downloaded from the Wayback Machine snapshot of the original PDF.
usa-gao-16-828-2016,"Immigrant Investor Program: Progress Made to Detect and Prevent Fraud, but Additional Actions Could Further Agency Efforts (GAO-16-828)",U.S. Government Accountability Office,,government,USA,2016-09,2026-10-02,https://www.gao.gov/assets/gao-16-828.pdf,https://web.archive.org/web/20250206172106/https://www.gao.gov/assets/gao-16-828.pdf,raw/usa-gao-16-828-2016.pdf,00ff7922e0cdc9b953b5b903b9923f7468a9fac0065f8137b7b077e8ad44202c,Follow-up on fraud controls; regional centers approved and terminated as of August 2016.,gao.gov blocks scripted downloads (HTTP 403); the stored copy was downloaded from the Wayback Machine snapshot of the original PDF.
usa-law-pl101-649-1990,"Public Law 101-649, Immigration Act of 1990 (104 Stat. 4978)","U.S. Congress (Statutes at Large, via GovInfo)",,legislation,USA,1990-11-29,2026-10-02,https://www.govinfo.gov/content/pkg/STATUTE-104/pdf/STATUTE-104-Pg4978.pdf,,raw/usa-law-pl101-649-1990.pdf,e6e00d3b7fc8b76acd2b2c7bf327c3fa65b115595f7f4bbdc8bd7fa24e921313,"Sec. 121(a) creates INA 203(b)(5) 'Employment creation': 10,000 visas a year, USD 1,000,000 minimum, 3,000 visas reserved for targeted employment areas; sec. 121(b) conditional residence (INA 216A); sec. 161 effective dates.","Scanned Statutes at Large volume; the text layer is OCR and contains character errors (e.g. 'emplojmient', 'Vz' for 1/2). Quotes are copied from the OCR layer as extracted. PDF page numbers count from the first page of the law (104 Stat. 4978 = PDF p. 1)."
usa-law-pl102-395-1992,"Public Law 102-395, Departments of Commerce, Justice, and State, the Judiciary, and Related Agencies Appropriations Act, 1993 (106 Stat. 1828)","U.S. Congress (Statutes at Large, via GovInfo)",,legislation,USA,1992-10-06,2026-10-02,https://www.govinfo.gov/content/pkg/STATUTE-106/pdf/STATUTE-106-Pg1828.pdf,,raw/usa-law-pl102-395-1992.pdf,ab3d730abd2ebb775ce60cb329cdfe509f8eb6795cf2113776cfffc60326d474,Sec. 610 'Pilot Immigration Program': creates the EB-5 Regional Center (pilot) Program with 300 visas set aside annually for five years.,"Scanned volume with OCR text layer (character errors such as 'mvolve', 'estabUshed'). Sec. 610 is at 106 Stat. 1874 (PDF p. 47). Repealed by sec. 103(a) of the EB-5 Reform and Integrity Act of 2022."
usa-law-pl117-103-2022,"Public Law 117-103, Consolidated Appropriations Act, 2022 - Division BB: EB-5 Reform and Integrity Act of 2022 (136 Stat. 49)",U.S. Congress (GovInfo public law print),,legislation,USA,2022-03-15,2026-10-02,https://www.govinfo.gov/content/pkg/PLAW-117publ103/pdf/PLAW-117publ103.pdf,,raw/usa-law-pl117-103-2022.pdf,e2c47b8c6d20fb6529655769e9424f0552940d8ae255610a8404eea90b416ed4,"Division BB (136 Stat. 1070-1110, PDF pp. 1022-1062): new minimum investments (USD 1,050,000 / 800,000), visa set-asides (20% rural, 10% high unemployment, 2% infrastructure), automatic inflation adjustment from 1 Jan 2027, reauthorised Regional Center Program through 30 Sep 2027, EB-5 Integrity Fund fees, protection of petitions filed by 30 Sep 2026 if the program lapses.","Whole appropriations act (1,000+ pages) stored; only Division BB is relevant. Statute page = PDF page + 48 within Division BB."
usa-sec-alert-eb5-2013,Investor Alert: Investment Scams Exploit Immigrant Investor Program,"U.S. Securities and Exchange Commission, Office of Investor Education and Advocacy, jointly with U.S. Citizenship and Immigration Services",,government,USA,2013-10-01,2026-10-02,https://www.sec.gov/oiea/investor-alerts-bulletins/investor-alerts-ia_immigranthtm.html,https://web.archive.org/web/20220525205332/https://www.sec.gov/oiea/investor-alerts-bulletins/investor-alerts-ia_immigranthtm.html,raw/usa-sec-alert-eb5-2013.html,53a4ccc482b9317885a2320f1971667461fe76d14f18a1dfaca552265e1a6604,Joint SEC-USCIS warning about fraudulent securities offerings that exploit EB-5; cites the USA Now and Chicago Convention Center cases.,"Stored copy downloaded from a Wayback Machine snapshot (direct download from sec.gov blocked for scripts). Page dated Oct. 1, 2013 (modified Oct. 9, 2013)."
usa-sec-pr-2013-20,SEC Halts $150 Million Investment Scheme to Dupe Foreign Investors and Exploit Immigration Program (Press Release 2013-20),U.S. Securities and Exchange Commission,,government,USA,2013-02-08,2026-10-02,http://www.sec.gov/news/press/2013/2013-20.htm,https://web.archive.org/web/20130520223757/http://www.sec.gov/news/press/2013/2013-20.htm,raw/usa-sec-pr-2013-20.html,8d6b12c54caa32fb9b45c915be00b9bbc80169162226ca55b0191bc88ad14177,"SEC fraud charges and asset freeze against Anshoo R. Sethi, A Chicago Convention Center and Intercontinental Regional Center Trust of Chicago.",Stored copy downloaded from a Wayback Machine snapshot (direct download from sec.gov blocked for scripts). Allegations in an SEC complaint at the time of filing.
usa-sec-pr-2016-69,SEC Case Freezes Assets of Ski Resort Steeped in Fraudulent EB-5 Offerings (Press Release 2016-69),U.S. Securities and Exchange Commission,,government,USA,2016-04-14,2026-10-02,https://www.sec.gov/news/press-release/2016-69,https://web.archive.org/web/20240613041137/https://www.sec.gov/news/press-release/2016-69,raw/usa-sec-pr-2016-69.html,8d1c5f1683117aecac55d840de22f0f8240731b8f15b5f5e2ce02057b22eb287,"SEC fraud charges and asset freeze against Ariel Quiros, William Stenger, Jay Peak Inc., Q Resorts and seven limited partnerships (Vermont).","Stored copy downloaded from a Wayback Machine snapshot (direct download from sec.gov blocked for scripts). Amounts are SEC allegations at filing, not court findings. Complaint: https://www.sec.gov/litigation/complaints/2016/comp-pr2016-69.pdf (not stored)."
usa-uscis-data-allforms-fy2020q4,"Number of Service-wide Forms Fiscal Year To-Date, By Quarter and Form Status, Fiscal Year 2020","U.S. Citizenship and Immigration Services (USCIS), Office of Performance and Quality",,government,USA,2021-01,2026-10-02,https://www.uscis.gov/sites/default/files/document/reports/Quarterly_All_Forms_FY2020Q4.pdf,,raw/usa-uscis-data-allforms-fy2020q4.pdf,2d03d7ef391cc8a2f0606893e05132b741738422376cf030cb7f13921ecad8e6,"FY2020 by quarter and fiscal-year-to-date: I-526, I-829, I-924, I-924A received, approved, denied, pending.","Number of Service-wide Forms by Quarter, Form Status, and Processing Time. EB-5 rows: I-526/I-526E (investor petitions), I-829 (removal of conditions), I-924/I-956 series (regional centers). Key: ""D"" = data withheld / disclosure standards not met; ""H"" = replaces a value from which D could be deduced; ""-"" = zero. In the stored PDF the fiscal-year-to-date block is cut off at the page edge after the ""Approved"" column, so FY2020 totals for denials and pending are not printed (only quarterly figures are). Published date from server file date (22 Jan 2021)."
usa-uscis-data-allforms-fy2021q4,"Number of Service-wide Forms By Quarter, Form Status, and Processing Time, Fiscal Year 2021, Quarter 4","U.S. Citizenship and Immigration Services (USCIS), Office of Performance and Quality",,government,USA,2022-01,2026-10-02,https://www.uscis.gov/sites/default/files/document/data/Quarterly_All_Forms_FY2021Q4.pdf,,raw/usa-uscis-data-allforms-fy2021q4.pdf,b082c53586370568c21cbc0d7eb50078e2b9f12c41a6d60b35d5a332d40e50ee,"FY2021 Q4 and fiscal-year-to-date: I-526, I-829, I-924, I-924A received, approved, denied, pending.","Number of Service-wide Forms by Quarter, Form Status, and Processing Time. EB-5 rows: I-526/I-526E (investor petitions), I-829 (removal of conditions), I-924/I-956 series (regional centers). Key: ""D"" = data withheld / disclosure standards not met; ""H"" = replaces a value from which D could be deduced; ""-"" = zero. Published date from server file date (26 Jan 2022). The Regional Center Program authorisation lapsed on 30 June 2021, during this fiscal year."
usa-uscis-data-allforms-fy2022q4,"Number of Service-wide Forms By Quarter, Form Status, and Processing Time, Fiscal Year 2022, Quarter 4","U.S. Citizenship and Immigration Services (USCIS), Office of Performance and Quality",,government,USA,2022-12,2026-10-02,https://www.uscis.gov/sites/default/files/document/data/Quarterly_All_Forms_FY2022_Q4.pdf,,raw/usa-uscis-data-allforms-fy2022q4.pdf,cc425120b99592711351e93dc909fc556e8a9ee186d44cee7a5fc0773513f6e7,"FY2022 Q4 and fiscal-year-to-date: I-526 (including I-526E), I-829, I-924, I-924A.","Number of Service-wide Forms by Quarter, Form Status, and Processing Time. EB-5 rows: I-526/I-526E (investor petitions), I-829 (removal of conditions), I-924/I-956 series (regional centers). Key: ""D"" = data withheld / disclosure standards not met; ""H"" = replaces a value from which D could be deduced; ""-"" = zero. Footnote 22: the I-526 row ""Includes I-526E, Immigrant Petition by Regional Center Investor"". Published date from server file date (16 Dec 2022)."
usa-uscis-data-allforms-fy2023q4,"Number of Service-wide Forms By Quarter, Form Status, and Processing Time, July 1, 2023 - September 30, 2023 (CSV)","U.S. Citizenship and Immigration Services (USCIS), Office of Performance and Quality",,government,USA,2023-12,2026-10-02,https://www.uscis.gov/sites/default/files/document/reports/quarterly_all_forms_fy2023_q4.csv,,raw/usa-uscis-data-allforms-fy2023q4.csv,07a18cd0469580d37cfb9973b3e88768236bbb68c6a495265e6dfea4bc834ee2,"FY2023 Q4 and fiscal-year-to-date: legacy I-526, I-526, I-526E, I-829, I-956 series.","Number of Service-wide Forms by Quarter, Form Status, and Processing Time. EB-5 rows: I-526/I-526E (investor petitions), I-829 (removal of conditions), I-924/I-956 series (regional centers). Key: ""D"" = data withheld / disclosure standards not met; ""H"" = replaces a value from which D could be deduced; ""-"" = zero. Only the CSV version was found online (the PDF/XLSX URL returned 404). Published date from server file date (28 Dec 2023)."
usa-uscis-data-allforms-fy2024q4,"Number of Service-wide Forms By Quarter, Form Status, and Processing Time, July 1, 2024 - September 30, 2024","U.S. Citizenship and Immigration Services (USCIS), Office of Performance and Quality",,government,USA,2024-12,2026-10-02,https://www.uscis.gov/sites/default/files/document/data/quarterly_all_forms_fy2024_q4.xlsx,,raw/usa-uscis-data-allforms-fy2024q4.xlsx,eab3abf4aee05dc20003e51343599e01825d42051accd812c722a4c2a86338b8,"FY2024 Q4 and fiscal-year-to-date: legacy I-526, I-526, I-526E, I-829, I-956 series.","Number of Service-wide Forms by Quarter, Form Status, and Processing Time. EB-5 rows: I-526/I-526E (investor petitions), I-829 (removal of conditions), I-924/I-956 series (regional centers). Key: ""D"" = data withheld / disclosure standards not met; ""H"" = replaces a value from which D could be deduced; ""-"" = zero. Published date from server file date (18 Dec 2024)."
usa-uscis-data-allforms-fy2025q4,"Number of Service-wide Forms By Quarter, Form Status, and Processing Time, July 1, 2025 - September 30, 2025","U.S. Citizenship and Immigration Services (USCIS), Office of Performance and Quality",,government,USA,2026-03,2026-10-02,https://www.uscis.gov/sites/default/files/document/data/quarterly_all_forms_fy2025_q4_v1.xlsx,,raw/usa-uscis-data-allforms-fy2025q4.xlsx,fd5b0f95c581576cb7321cb112bde041b11d1148ca48fda83468866e83a88a70,"FY2025 Q4 and fiscal-year-to-date: legacy I-526, I-526, I-526E, I-829, I-956 series.","Number of Service-wide Forms by Quarter, Form Status, and Processing Time. EB-5 rows: I-526/I-526E (investor petitions), I-829 (removal of conditions), I-924/I-956 series (regional centers). Key: ""D"" = data withheld / disclosure standards not met; ""H"" = replaces a value from which D could be deduced; ""-"" = zero. File name ""_v1""; published date from server file date (20 Mar 2026)."
usa-uscis-data-allforms-fy2026q3,"Number of Service-wide Forms By Quarter, Form Status, and Processing Time, April 1, 2026 - June 30, 2026","U.S. Citizenship and Immigration Services (USCIS), Office of Performance and Quality",,government,USA,2026-09,2026-10-02,https://www.uscis.gov/sites/default/files/document/data/quarterly_all_forms_fy2026_q3_v1.xlsx,,raw/usa-uscis-data-allforms-fy2026q3.xlsx,7e9b8fb9e89ee2f4b5815b09ed26a893101af68a15486675d8589c70a2bc5148,"FY2026 Q3 and fiscal-year-to-date (1 Oct 2025 - 30 Jun 2026): legacy I-526, I-526, I-526E, I-829, I-956 series.","Number of Service-wide Forms by Quarter, Form Status, and Processing Time. EB-5 rows: I-526/I-526E (investor petitions), I-829 (removal of conditions), I-924/I-956 series (regional centers). Key: ""D"" = data withheld / disclosure standards not met; ""H"" = replaces a value from which D could be deduced; ""-"" = zero. Part-year figures. Published date from server file date (8 Sep 2026)."
usa-uscis-data-eb-awaiting-visa-2024-09,"Number of Form I-140, I-360, I-526/E Approved Employment-Based Petitions Awaiting Visa Availability, By Preference Category and Country of Birth, As of September 2024","U.S. Citizenship and Immigration Services (USCIS), Office of Performance and Quality",,government,USA,2024-12,2026-10-02,https://www.uscis.gov/sites/default/files/document/data/eb_i140_i360_i526_performancedata_fy2024_q4.xlsx,,raw/usa-uscis-data-eb-awaiting-visa-2024-09.xlsx,83421a56effd0dcf1bb71b41aef2be646544f1f6172bc2f272bb36055e3fe723,"Approved employment-based immigrant petitions whose beneficiaries are waiting for a visa number, by preference category (incl. 5th preference investor unreserved and set-aside) and country of birth (China, India, Mexico, Philippines, rest of world).",Counts primary beneficiaries only (no dependants); can include several petitions for one person; excludes people who already obtained permanent residence or citizenship. Priority dates per the Visa Bulletin final action chart of that month.
usa-uscis-data-eb-awaiting-visa-2025-09,"Number of Form I-140, I-360, I-526/E Approved Employment-Based Petitions Awaiting Visa Availability, By Preference Category and Country of Birth, As of September 2025","U.S. Citizenship and Immigration Services (USCIS), Office of Performance and Quality",,government,USA,2026-03,2026-10-02,https://www.uscis.gov/sites/default/files/document/data/eb_i140_i360_i526_performance_data_fy2025_q4_v1.xlsx,,raw/usa-uscis-data-eb-awaiting-visa-2025-09.xlsx,db223c3fe8404c433deb7fc63b6e1f583c8ace88946dd36f41d25495a6d169cf,"Approved employment-based immigrant petitions whose beneficiaries are waiting for a visa number, by preference category (incl. 5th preference investor unreserved and set-aside) and country of birth (China, India, Mexico, Philippines, rest of world).",Counts primary beneficiaries only (no dependants); can include several petitions for one person; excludes people who already obtained permanent residence or citizenship. Priority dates per the Visa Bulletin final action chart of that month.
usa-uscis-data-eb-awaiting-visa-2026-06,"Number of Form I-140, I-360, I-526/E Approved Employment-Based Petitions Awaiting Visa Availability, By Preference Category and Country of Birth, As of June 2026","U.S. Citizenship and Immigration Services (USCIS), Office of Performance and Quality",,government,USA,2026-09,2026-10-02,https://www.uscis.gov/sites/default/files/document/data/eb_i140_i360_i526_performancedata_fy2026_q3_v1.xlsx,,raw/usa-uscis-data-eb-awaiting-visa-2026-06.xlsx,26a812a33c8bed971b7140e39d7b4953c26b2753be4505192acd094380432337,"Approved employment-based immigrant petitions whose beneficiaries are waiting for a visa number, by preference category (incl. 5th preference investor unreserved and set-aside) and country of birth (China, India, Mexico, Philippines, rest of world).",Counts primary beneficiaries only (no dependants); can include several petitions for one person; excludes people who already obtained permanent residence or citizenship. Priority dates per the Visa Bulletin final action chart of that month.
usa-uscis-data-i526-cob-fy2022-2024,"I-526, Immigrant Petition by Standalone Investor and I-526E, Immigrant Petition by Regional Center Investor: Receipts by Receipt Month, Quarter, Investment Type, and Country of Birth, Fiscal Years 2022-2024","U.S. Citizenship and Immigration Services (USCIS), Office of Performance and Quality",,government,USA,2025-10,2026-10-02,https://www.uscis.gov/sites/default/files/document/data/i526_i526E_cob_pref_r_fy22_fy23_fy24.xlsx,,raw/usa-uscis-data-i526-cob-fy2022-2024.xlsx,5669df65409620e015a0c2cfc72c60a619bf4033439f5f378c1d7aba5e9fadab,"Monthly receipts of I-526 and I-526E (06/01/22 editions) by set-aside category (high unemployment, rural, rural and high unemployment, infrastructure, none) and country of birth (China, India, South Korea, Taiwan, Vietnam, rest of world), FY2022-FY2024.",One sheet per form and fiscal year. Countries are shown only within each set-aside category (no country totals across categories). Receipt totals differ slightly from the all-forms reports for the same year (later query). Published date from server file date (8 Oct 2025).
usa-uscis-data-i526-cob-fy2025,"I-526 and I-526E: Receipts by Receipt Month, Quarter, Investment Type, and Country of Birth, For Fiscal Year 2025","U.S. Citizenship and Immigration Services (USCIS), Office of Performance and Quality",,government,USA,2026-03,2026-10-02,https://www.uscis.gov/sites/default/files/document/data/i526_i526E_r_cob_pref_fy2025_q4_v1.xlsx,,raw/usa-uscis-data-i526-cob-fy2025.xlsx,903dcd8f352a106cdce40dd7ce090c176f59daf76679579818656a8ca2ea7896,"Same layout as the FY2022-2024 file, for FY2025 (adds an ""Unknown"" investment type).",NPD queried 10/2025 (TRK 19096). Published date from server file date (20 Mar 2026).
usa-uscis-data-i526-fy2020q1,"Number of Form I-526, Immigrant Petition by Alien Investor, By Fiscal Year, Quarter, and Case Status, Fiscal Year 2008 Through Fiscal Year 2020 Quarter 1","U.S. Citizenship and Immigration Services (USCIS), Office of Performance and Quality",,government,USA,2020,2026-10-02,https://www.uscis.gov/sites/default/files/document/data/I526_performancedata_fy2020_qtr1.pdf,,raw/usa-uscis-data-i526-fy2020q1.pdf,706a0cc5808b15fb790742863bcdff213b55d21a3ff1be6973b420cef8ad4e95,"I-526 petitions received, approved, denied and pending (end of year) by fiscal year FY2008-FY2019 and FY2020 Q1.",Performance Reporting Tool queried 01/2020 (TRK 5607); published date is the query year (server file date 22 Jun 2020 reflects a site migration). Last file in the stand-alone I-526 quarterly series; from FY2020 Q2 the figures appear in the all-forms quarterly report. Notes in the file: approvals reflect the initial decision (a case may later be reopened and revoked).
usa-uscis-data-i526-i829-fy1991-2013,"Form I-526, Immigrant Petition by Alien Entrepreneur and Form I-829, Petition by Entrepreneur to Remove Conditions: Agency-wide Receipts, Approvals, Denials, Fiscal Year(s) 1991-2013 (Through Third Quarter)","U.S. Citizenship and Immigration Services (USCIS), Office of Performance and Quality",,government,USA,2013-08-14,2026-10-02,https://www.uscis.gov/sites/default/files/document/data/I526-I829_performancedata_fy1991-2013_qtr3.pdf,,raw/usa-uscis-data-i526-i829-fy1991-2013.pdf,863e959f0fce9fa8e1bfb5dfb90a9046766d58db90e056b3a49b9e98f5f93270,"I-526 and I-829 receipts, approvals and denials by fiscal year, FY1991-FY2012 and FY2013 through June.","Report date 14 August 2013 (Performance Analysis System, June 2013 final data). The only USCIS file found with the 1990s and early 2000s; later USCIS files start in FY2005 or FY2008 and give slightly different figures for overlapping years. Approvals and denials in a year can relate to petitions filed in earlier years. FY2013 is a part year and is not recorded here."
usa-uscis-data-i829-fy2020q1,"Form I-829, Petition by Entrepreneurs to Remove Conditions on Permanent Resident Status, By Fiscal Year, Quarter, and Case Status, Fiscal Year 2008 Through Fiscal Year 2020 Quarter 1","U.S. Citizenship and Immigration Services (USCIS), Office of Performance and Quality",,government,USA,2020,2026-10-02,https://www.uscis.gov/sites/default/files/document/data/I829_performancedata_fy2020_qtr1.pdf,,raw/usa-uscis-data-i829-fy2020q1.pdf,68c82ecf0eead86dcf583aa86a387555785d7ac616d5f6ba705af95b9a700f89,"I-829 petitions received, approved, denied and pending (end of year) by fiscal year FY2008-FY2019 and FY2020 Q1.",Performance Reporting Tool queried 01/2020 (TRK 5608); published date is the query year. Last file in the stand-alone I-829 series.
usa-uscis-web-approved-rcs-2026,Approved EB-5 Immigrant Investor Regional Centers (web page),U.S. Citizenship and Immigration Services,,government,USA,2026-05-11,2026-10-02,https://www.uscis.gov/working-in-the-united-states/permanent-workers/employment-based-immigration-fifth-preference-eb-5/eb-5-immigrant-investor-regional-centers/approved-eb-5-immigrant-investor-regional-centers,,raw/usa-uscis-web-approved-rcs-2026.html,98f8eaa8afc03c6283168febd8b415366734fd863e6ceb52545c419da6a5ddfe,Number of approved regional centers as of 11 May 2026 and list by state.,"USCIS states the list may not be complete, timely or accurate. Saved 2 Oct 2026."
usa-uscis-web-eb5-classification-2025,About the EB-5 Visa Classification (web page),U.S. Citizenship and Immigration Services,,government,USA,2025-11-18,2026-10-02,https://www.uscis.gov/working-in-the-united-states/permanent-workers/employment-based-immigration-fifth-preference-eb-5/about-the-eb-5-visa-classification,,raw/usa-uscis-web-eb5-classification-2025.html,4480b58ab1c2a96209d9dfbf176d7fa165fe5502c36f7f6dc09193adcb4dc538,"Minimum investment by filing date (before / on or after 15 Mar 2022), first inflation adjustment from 1 Jan 2027, set-asides, job creation rules.",Page 'Last Reviewed/Updated: 11/18/2025'; saved 2 Oct 2026.
usa-uscis-web-eb5-program-2023,EB-5 Immigrant Investor Program (web page),U.S. Citizenship and Immigration Services,,government,USA,2023-03-01,2026-10-02,https://www.uscis.gov/working-in-the-united-states/permanent-workers/eb-5-immigrant-investor-program,,raw/usa-uscis-web-eb5-program-2023.html,6f98128b33fdbee37cf1f2d2eefe03803ca0d5ac4e82a74f596990dc6d000d27,Overview; 1990/1992 origins; notice that the 2019 Modernization rule was vacated on 22 June 2021 and USCIS applies pre-19 Nov 2019 regulations; amounts under the vacated rule.,Page 'Last Reviewed/Updated: 03/01/2023'; saved 2 Oct 2026.
usa-uscis-web-eb5-whats-new-2025,EB-5 What's New (web page),U.S. Citizenship and Immigration Services,,government,USA,2025-11-18,2026-10-02,https://www.uscis.gov/working-in-the-united-states/permanent-workers/employment-based-immigration-fifth-preference-eb-5/eb-5-whats-new,,raw/usa-uscis-web-eb5-whats-new-2025.html,adf7c63fa1908ef7c07289f3df6069fdb19473ddc54b5dd9a95cfa4f8ab3d444,Alerts 2022-2025: reauthorisation on 15 Mar 2022 through 30 Sep 2027; sunset of the previous regional center program on 30 June 2021; Behring injunction of 24 June 2022; Integrity Fund collection; fee reversion after the court stay (Nov 2025).,Page 'Last Reviewed/Updated: 11/18/2025'; saved 2 Oct 2026.
usa-uscis-web-i140g-2025,"I-140G, Immigrant Petition for the Gold Card Program (web page)",U.S. Citizenship and Immigration Services,,government,USA,2025-12-10,2026-10-02,https://www.uscis.gov/i-140g,,raw/usa-uscis-web-i140g-2025.html,9790fc6d3cef588a80fb64858dc1092e13692dab217896730ae43ac4b384c29c,"Form I-140G (edition 11/19/25), online-only filing after registration on trumpcard.gov, filing fee USD 15,000 per person.","Page 'Last Reviewed/Updated: 12/10/2025'; saved 2 Oct 2026. No Federal Register rule setting the USD 15,000 fee was found (Federal Register API searches for 'Gold Card', 'I-140G' and '14351', 2 Oct 2026)."
usa-uscode-8-1427-2023,"8 U.S.C. 1427 - Requirements of naturalization (United States Code, 2023 edition)","Office of the Law Revision Counsel, U.S. House of Representatives (via GovInfo)",,legislation,USA,2023,2026-10-02,https://www.govinfo.gov/content/pkg/USCODE-2023-title8/pdf/USCODE-2023-title8-chap12-subchapIII-partII-sec1427.pdf,,raw/usa-uscode-8-1427-2023.pdf,0a69b39da901b19af6d932166960d88b0065257a0d0906cf42e06787a2b1e793,General naturalisation requirement: five years' continuous residence after admission for permanent residence.,Stored PDF also contains the end of 8 U.S.C. 1426.
usa-wh-goldcard-factsheet-2025,Fact Sheet: President Donald J. Trump Launches the Gold Card Program,The White House,,government,USA,2025-09-19,2026-10-02,https://www.whitehouse.gov/fact-sheets/2025/09/fact-sheet-president-donald-j-trump-launches-the-gold-card-program/,,raw/usa-wh-goldcard-factsheet-2025.html,f579d5d2cde6815cc2999b5304aee4158a83899d9297d08022f48f97ef49a2bf,Summary of EO 14351 (USD 1 million / 2 million gifts).,Political communication; the legal text is the executive order (usa-fr-eo-14351-2025).
intl-ec-com-2024-366,"Report from the Commission to the European Parliament and the Council on the suspension of the visa exemption for nationals of Vanuatu, COM(2024) 366 final",European Commission,,eu,VUT,2024-05-31,2026-09-28,http://publications.europa.eu/resource/celex/52024DC0366,,raw/intl-ec-com-2024-366.pdf,98672bab968c5c11e5c17390324e686bd82159d46bf3447d5c32307297182141,History of the Vanuatu suspension 2017-2024.,
intl-eu-dec-2022-2198,Council Decision (EU) 2022/2198 of 8 November 2022 on the suspension in whole of the application of the EU–Vanuatu short-stay visa waiver agreement,"Council of the European Union (Official Journal L 292, 11.11.2022, p. 47)",,legislation,VUT,2022-11-11,2026-09-28,http://data.europa.eu/eli/dec/2022/2198/oj,,raw/intl-eu-dec-2022-2198.pdf,6770347759fae826baf100cda33cec34562f6c734e62cb25af0413144a42abf7,Full suspension of the agreement from 4 February 2023.,
intl-eu-dec-2022-366,Council Decision (EU) 2022/366 of 3 March 2022 on the partial suspension of the application of the Agreement between the European Union and the Republic of Vanuatu on the short-stay visa waiver,"Council of the European Union (Official Journal L 69, 4.3.2022, p. 105)",,legislation,VUT,2022-03-04,2026-09-28,http://data.europa.eu/eli/dec/2022/366/oj,,raw/intl-eu-dec-2022-366.pdf,1dcf773ced898286ba7a741943b3c377442084bb2963bcdbea0a1313360acc17,First EU suspension over investor citizenship; passports issued by March 2021.,
intl-eu-delreg-2023-222,Commission Delegated Regulation (EU) 2023/222 of 1 December 2022 on the temporary suspension of the visa exemption for all nationals of Vanuatu,"European Commission (Official Journal L 32, 3.2.2023, p. 1)",,legislation,VUT,2023-02-03,2026-09-28,http://data.europa.eu/eli/reg_del/2023/222/oj,,raw/intl-eu-delreg-2023-222.pdf,d34506f8fb107940c52c39af4c07a1e6fca27d8ff644d61b9bd536142f189f6d,Visa exemption suspended for all Vanuatu nationals 4 Feb 2023–3 Aug 2024.,
intl-eu-impreg-2022-693,Commission Implementing Regulation (EU) 2022/693 of 27 April 2022 on the temporary suspension of the visa exemption for nationals of Vanuatu,"European Commission (Official Journal L 129, 3.5.2022, p. 18)",,legislation,VUT,2022-05-03,2026-09-28,http://data.europa.eu/eli/reg_impl/2022/693/oj,,raw/intl-eu-impreg-2022-693.pdf,310ff819b0da93a4db7a2d5b1d312288978eb21c799eca9761f884a89077c5be,"Suspension of visa exemption for Vanuatu passports issued from 25 May 2015, 4 May 2022–3 Feb 2023.",
intl-eu-reg-2025-11,Regulation (EU) 2025/11 of the European Parliament and of the Council of 19 December 2024 amending Regulation (EU) 2018/1806 as regards Vanuatu,"European Parliament and Council (Official Journal L, 2025/11, 14.1.2025)",,legislation,VUT,2025-01-14,2026-09-28,http://data.europa.eu/eli/reg/2025/11/oj,,raw/intl-eu-reg-2025-11.pdf,9cc8630609c786f5852a5cdc13d9916e59c69870016390686dbb3349f680c263,Transfer of Vanuatu to the EU visa-required list; Vanuatu CBI application and rejection counts 2022-23.,
vut-abc-verp-2015,Vanuatu sells honorary citizenships in fundraising effort after Cyclone Pam destruction,ABC News (Australian Broadcasting Corporation),,media,VUT,2015-04-29,2026-10-02,https://www.abc.net.au/news/2015-04-29/honorary-vanuatu-citizenships-on-sale/6431314,https://web.archive.org/web/20260321121552/https://www.abc.net.au/news/2015-04-29/honorary-vanuatu-citizenships-on-sale/6431314,,,Launch and price of the post-Cyclone Pam honorary citizenship scheme (VERP).,"Price given with ""$"" and no currency."
vut-cit-amend-act-18-2014,Citizenship (Amendment) Act No. 18 of 2014,Parliament of the Republic of Vanuatu,,legislation,VUT,2014-07-08,2026-10-02,https://vancitizenship.gov.vu/images/pdf/Order_No_18_of_2014_Amendments.pdf,,raw/vut-cit-amend-act-18-2014.pdf,dc266a1c2032fd42fe17914cc79b70f85658ee8287ab9c3c1ddbb2acb1fd2d25,"Adds a first Real Estate Option Program route (s.13CA). Assent 19/06/2014, commencement 08/07/2014.","The website file name and link text say ""Order No. 18 of 2014"", but the document is Act No. 18 of 2014."
vut-cit-amend-act-34-2018,Citizenship (Amendment) Act No. 34 of 2018,Parliament of the Republic of Vanuatu,,legislation,VUT,2019-01-07,2026-10-02,https://vancitizenship.gov.vu/images/pdf/REG_FOR_CITIZENSHIP.pdf,,raw/vut-cit-amend-act-34-2018.pdf,73d5f8513d588ec7ed3c3eb26e02b007281203aec2a18956bf19ef5319b21b72,"Inserts s.13E: citizenship for investors under the Development Support Program. Assent 24/12/2018, commencement 07/01/2019. English and French text.","Scanned PDF; quotes from OCR, checked against page images. File name on the website is REG_FOR_CITIZENSHIP.pdf."
vut-cit-amend-act-39-2013,Citizenship (Amendment) Act No. 39 of 2013,Parliament of the Republic of Vanuatu,,legislation,VUT,2014-01-21,2026-10-02,https://vancitizenship.gov.vu/images/pdf/Citizenship_Act_(Amendments).pdf,,raw/vut-cit-amend-act-39-2013.pdf,f99f4c9d9edbb56cef71af30d9328a060d425289769cb7a6688ffe4085b49d33,"Introduces dual citizenship (Part 3A), citizenship for investors under the Capital Investment Immigration Plan (s.13C) and the honorary citizenship provision (s.20). Assent 16/01/2014, commencement 21/01/2014.","Labelled ""Citizenship ACT NO. 39 OF 2013 (Amendments)"" on the Citizenship Office website."
vut-cit-amend-act-40-2014,Citizenship (Amendment) Act No. 40 of 2014,Parliament of the Republic of Vanuatu,,legislation,VUT,2015-01-23,2026-10-02,https://vancitizenship.gov.vu/images/pdf/Order_No_40_of_2014_Amendments.pdf,,raw/vut-cit-amend-act-40-2014.pdf,5b85869c48c15fae657f28b2762e3ff3e6d6d4e720e954900b8a227742b75c5c,"Repeals the 2014 Real Estate Option route (s.13CA), rewrites s.13C (CIIP fee covers applicant, spouse and 1 child; Commission to decide within 3 months), adds offences. Assent 19/12/2014, commencement 23/01/2015.","The website file name says ""Order No. 40 of 2014"", but the document is Act No. 40 of 2014."
vut-citizenship-act-cap112-2021,"Laws of the Republic of Vanuatu, Consolidated Edition 2021: Citizenship [CAP. 112]",Republic of Vanuatu (copy published by the Vanuatu Citizenship Office),,legislation,VUT,2021,2026-10-02,https://vancitizenship.gov.vu/images/pdf/20220913191325519.pdf,,raw/vut-citizenship-act-cap112-2021.pdf,d3cb3f97f297dc8b313e42981098992a9e6c72603ead4944c1095ad05356e906,"Consolidated Citizenship Act as amended to Act 1 of 2021: Part 3A dual citizenship and the investor routes (s.13C CIIP, s.13D Contribution Program, s.13E Development Support Program, s.13F Real Estate Option Program), s.20 honorary citizenship.","Scanned image PDF without a text layer; quotes were read from OCR and checked against the page images. Lists amending Acts: 39 of 2013, 18 of 2014, 40 of 2014, 8 of 2016, 20 of 2016, 8 of 2018, 34 of 2018, 1 of 2021."
vut-coc-chargeable-fees,Citizenship Office Chargeable Fees,Vanuatu Citizenship Office and Commission,,government,VUT,,2026-10-02,https://vancitizenship.gov.vu/images/pdf/CITIZENSHIP_OFFICE_CHARGEABLE_FEES.pdf,,raw/vut-coc-chargeable-fees.pdf,94de8c5209f3d56f3392612c7300e4f339cb2832e267472b9f3b5a6168185248,"Fee table by type of citizenship, including CIIP (Form D) citizenship fee.",Undated. Linked from the Fees and Charges page.
vut-coc-fees-directive-2020,Enforcement of Government Prescribed Fees (directive to all DSP and VCP agents),Vanuatu Citizenship Office and Commission,,government,VUT,2020-04-30,2026-10-02,https://vancitizenship.gov.vu/images/DSP_Prescribed_Fees.pdf,,raw/vut-coc-fees-directive-2020.pdf,e8468e2d3b1034301c3f9cbb64b29599ac95f9dd830985f24c995f1a7f8af0d2,Government minimum contribution and minimum selling price for DSP and VCP under Regulation Orders 33 and 34 of 24 April 2019.,Scanned letter; quotes from OCR checked against the page image.
vut-coc-press-2024-12,Press release: Vanuatu Strengthens Citizenship Program With Enhanced Due Diligence and Investment Verification,Vanuatu Citizenship Office and Commission,,government,VUT,2024-12-02,2026-10-02,https://vancitizenship.gov.vu/images/news/PRESS_RELEASE_Dec2024.pdf,,raw/vut-coc-press-2024-12.pdf,8831104d46bcaa244e4a8917a054d1a4bbe719439d8fd2cf0717fad95ad76492,"Reaction to the EU decision; CIIP mandatory USD 50,000 investment component; all agent agreements to lapse by January 2025.",Scanned; quotes from OCR.
vut-coc-reo-commencement-2021,"Commencement of the REO Program (letter ""To whom it may concern"")",Vanuatu Citizenship Office and Commission,,government,VUT,2021-08-26,2026-10-02,https://vancitizenship.gov.vu/images/Press_Release_start_of_REO_Program.docx,,raw/vut-coc-reo-commencement-2021.docx,fe20bfc3509f79aa0f00f45bb4ff6eade89074ec168997f325b8e4b4e0924f93,REO enacted under s.13F and Regulation Order No. 93 of 2021; buyers must purchase property in a Vanuatu Government Approved Project.,"Word document, dated 26/08/2021."
vut-coc-web-ciip-agents,Vanuatu Contribution Program (VCP) Vanuatu Development Support Program (DSP) CIIP suspension removed (news item),Vanuatu Citizenship Office and Commission,,government,VUT,,2026-10-02,https://vancitizenship.gov.vu/index.php/news-and-updates/98-vanuatu-contribution-program-vcp-vanuatu-development-support-program-dsp-ciip-suspension-removed,,raw/vut-coc-web-ciip-agents.html,3c770122b68d10607dbf1e0e4a7a7327ed55ddf6704395927fe795fe0bbf2666,Lifting of a CIIP suspension and approval of three CIIP agents.,"Undated. The text gives the date ""21 March 2016"" and refers to ""Order 93 of 2023""; the two do not fit together and neither could be confirmed, so no event is dated from this item."
vut-coc-web-fees,Fees and Charges (web page),Vanuatu Citizenship Office and Commission,,government,VUT,,2026-10-02,https://vancitizenship.gov.vu/index.php/citizenship/fees-and-charges,,raw/vut-coc-web-fees.html,b4a374b10ed559cb52aef2d552a6f6626a632d3cb2ba6aa97c61d79e11e9df5c,Government mandated fees table (FIU due diligence fee and package prices) and the Form D (CIIP) fees.,Undated web page as accessed on 2026-10-02. The table does not say which programme the package prices apply to; they equal the DSP/VCP minimum selling prices in Order No. 33 of 2019.
vut-coc-web-reo,Real Estate Option Program (REO) (news item),Vanuatu Citizenship Office and Commission,,government,VUT,2021,2026-10-02,https://vancitizenship.gov.vu/index.php/news-and-updates/101-real-estate-option-program-reo,,raw/vut-coc-web-reo.html,2d37cb48375568d8c1355660a54d162144f3beca3a5be994faa7260397ede03e,"REO commencement date (23 July 2021), requirement to buy property in a Vanuatu Government Approved Project, the four approved projects.",Undated news item as accessed on 2026-10-02. A companion item (90) cites the Citizenship (Real Estate Option Program) Regulation Order No. 93 of 2021.
vut-coc-web-revocations,Revocations (news item),Vanuatu Citizenship Office and Commission,,government,VUT,,2026-10-02,https://vancitizenship.gov.vu/index.php/news-and-updates/100-revocations,,raw/vut-coc-web-revocations.html,66bf1c0b1078dba115e3c7d6331ba3c2061229e62568907362a21cee50d29815,Statement that the Commission revoked almost 30 citizenships.,Undated news item as accessed on 2026-10-02; does not say over what period or under which programmes.
vut-coc-web-types,Types of Citizenship (web page),Vanuatu Citizenship Office and Commission,,government,VUT,,2026-10-02,https://vancitizenship.gov.vu/index.php/citizenship/types-of-citizenship,,raw/vut-coc-web-types.html,1c08bd6e094894778d84fc48d1791fadaa403ebefb08e794675338bbdeda8cb8,"List of citizenship types, including CIIP, honorary citizenship under the DSP, the Contribution Program and the Real Estate Option Program.",Undated web page as accessed on 2026-10-02.
vut-devpolicy-verp-2015,Citizenship for sale: Vanuatu launches 'Economic rehabilitation after Pam',"Devpolicy Blog, Development Policy Centre (Australian National University)",Camilla Burkot,media,VUT,2015-05-01,2026-10-02,https://devpolicy.org/citizenship-for-sale-vanuatu-launches-economic-rehabilitation-after-pam-20150501/,https://web.archive.org/web/20180202071707/https://devpolicy.org/citizenship-for-sale-vanuatu-launches-economic-rehabilitation-after-pam-20150501/,,,"VERP target, price and non-refundable fee as reported in 2015.","Blog post by Camilla Burkot summarising press reports (""reportedly""); ""$"" without currency."
vut-dsp-amend-order-39-2020,Citizenship (Development Support Program) (Amendment) Regulations Order No. 39 of 2020,Prime Minister of the Republic of Vanuatu,,legislation,VUT,2020-03-27,2026-10-02,https://vancitizenship.gov.vu/images/Order_No_39_of_2020_3.pdf,,raw/vut-dsp-amend-order-39-2020.pdf,0396e9d658a17f8cdc7564ebff81390e26b2496e4860c849d45ee6b3e39b6648,"Agent quota of 12 investors a year; due diligence by an international specialist firm plus the FIU; due diligence fee raised from USD2,000 to USD5,000. Made 27 March 2020.","Scanned PDF; the Order number is handwritten (read as 39, matching the website file name; OCR reads it differently)."
vut-dsp-regs-order-33-2019,Citizenship (Development Support Program) Regulations Order No. 33 of 2019,Prime Minister of the Republic of Vanuatu,,legislation,VUT,2019-04-24,2026-10-02,https://vancitizenship.gov.vu/images/Order_No_33_of_2019_-_New_DSP_Regulations.pdf,,raw/vut-dsp-regs-order-33-2019.pdf,015318dbd3f65ec26f832c069cdc7a32d09e09c26da4258f5f5d623985e2a4b4,"DSP rules: designated agents, minimum selling prices, government prescribed fees, due diligence fee, FIU checks, payment schedule. Made 24 April 2019.","Scanned PDF; quotes from OCR, checked against page images (OCR misreads the day the Order was made; the page shows 24 April 2019). Refers to an earlier fee reduction by Order No. 94 of 2018, not found."
vut-fees-order-133-2013,Citizenship (Application Forms) (Fees and Charges) (Amendment) Order No. 133 of 2013,Acting Prime Minister of the Republic of Vanuatu,,legislation,VUT,2013-09-20,2026-10-02,https://vancitizenship.gov.vu/images/pdf/2013_CITIZENSHIP_FEES_AND_CHARGES_AMENDMENTS.pdf,,raw/vut-fees-order-133-2013.pdf,eedf64afca4771d8cf445064a02df857ccf30b1d026b6b3ac468716561c26aac,Application and certificate fees by form (A to D). Made 20 September 2013.,Scanned PDF; Order number handwritten (133).
vut-fees-order-6-2014,Citizenship (Application Forms) (Fees and Charges) (Amendment) Order No. 6 of 2014,Prime Minister of the Republic of Vanuatu,,legislation,VUT,2014-01-30,2026-10-02,https://vancitizenship.gov.vu/images/pdf/2014_CITIZENSHIP_FEES_AND_CHARGES_AMENDMENTS.pdf,,raw/vut-fees-order-6-2014.pdf,364e0e8aef7634d4d740ac505586352204ea9e6234055e2a098e9e3522928988,Form D (CIIP) application fee and the CIIP citizenship certificate fee (Schedule 5). Made 30 January 2014.,Scanned PDF; Order number handwritten (6).
vut-fiu-dd-notice-2025,"Vanuatu FIU Due Diligence Checks (notice, ref FIU 18/2/10)","Vanuatu Financial Intelligence Unit, State Law Office",,government,VUT,2025-01-14,2026-10-02,https://vancitizenship.gov.vu/images/news/20250114133907.pdf,,raw/vut-fiu-dd-notice-2025.pdf,6d0d27203600e9aa8797008ce087ec2a18793c390a857c4f808bc29ba9d66516,"New FIU due diligence procedures for DSP, CIIP and VCP submissions from 16 January 2025.",Scanned; published on the Citizenship Office website.
vut-guardian-2020-03,Coronavirus fears and controversial passport sales: Vanuatu's election explained,The Guardian,,media,VUT,2020-03-18,2026-10-02,https://www.theguardian.com/world/2020/mar/18/coronavirus-fears-and-controversial-passport-sales-vanuatus-election-explained,https://web.archive.org/web/20261002114809/https://www.theguardian.com/world/2020/mar/18/coronavirus-fears-and-controversial-passport-sales-vanuatus-election-explained,,,Cites a Vanuatu Daily Post finding on passports sold in 2018.,Archive copy not available (Wayback blocks theguardian.com lookups from this environment).
vut-guardian-2021-07,"Citizenship for sale: fugitives, politicians and disgraced businesspeople buying Vanuatu passports",The Guardian,Euan Ward; Kate Lyons,media,VUT,2021-07-15,2026-10-02,https://www.theguardian.com/world/2021/jul/15/citizenship-for-sale-fugitives-politicians-and-disgraced-businesspeople-buying-vanuatu-passports,https://web.archive.org/web/20251114095527/https://www.theguardian.com/world/2021/jul/15/citizenship-for-sale-fugitives-politicians-and-disgraced-businesspeople-buying-vanuatu-passports,,,"Investigation based on government documents obtained under freedom of information: passports issued in 2020 by nationality, revenue in 2020.",Authors Euan Ward and Kate Lyons. Corrected 13 April 2023 (on an individual named in the article). Archive copy not available.
vut-guardian-2025-06,Andrew Tate secured Vanuatu passport when arrested in Romania,The Guardian,,media,VUT,2025-06-02,2026-10-02,https://www.theguardian.com/news/2025/jun/02/andrew-tate-secured-vanuatu-passport-when-arrested-in-romania,https://web.archive.org/web/20261002115021/https://www.theguardian.com/news/2025/jun/02/andrew-tate-secured-vanuatu-passport-when-arrested-in-romania,,,Reports OCCRP and Intelligence Online findings that Andrew Tate obtained Vanuatu citizenship through the investment programme.,Archive copy not available. Original OCCRP story not read (lead).
vut-imf-art4-2015,Vanuatu: 2015 Article IV Consultation and Request for Disbursement under the Rapid Credit Facility and Purchase under the Rapid Financing Instrument (IMF Country Report No. 15/149),International Monetary Fund,,imf,VUT,2015-06,2026-10-02,https://doft.gov.vu/images/article_4_mission_report_2015.pdf,,raw/vut-imf-art4-2015.pdf,e0697a9614659ed72b5a286a709cb59a5c6977d4169c7d00a0b137abc21ec130,"Appendix III ""Economic Citizenship Programs in Vanuatu and around the World"": 1990s passport sales, the Hong Kong Permanent Residency (HKPR) visa programme 2011-2015 and the CIIP (terms, revenue in percent of GDP).","Copy hosted by Vanuatu's Ministry of Finance (doft.gov.vu); also published by the IMF as https://www.imf.org/external/pubs/ft/scr/2015/cr15149.pdf. IMF text uses ""$"" in places without naming the currency."
vut-imf-art4-2016,Vanuatu: 2016 Article IV Consultation (IMF Country Report No. 16/336),International Monetary Fund,,imf,VUT,2016-10,2026-10-02,https://www.imf.org/external/pubs/ft/scr/2016/cr16336.pdf,https://web.archive.org/web/20240616032600/https://www.imf.org/external/pubs/ft/scr/2016/cr16336.pdf,raw/vut-imf-art4-2016.pdf,0366a6892d1322bb0a488c05b3a12a6790aeef935e69e26fab37de8826a21ab0,Mentions the Vanuatu Economic Rehabilitation Program as launched in late 2015.,Direct download from imf.org is blocked (HTTP 403); the stored copy was fetched from the Wayback Machine snapshot of the IMF URL (archive_url).
vut-imf-art4-2023,Vanuatu: 2023 Article IV Consultation-Press Release; Staff Report; and Statement by the Executive Director for Vanuatu (IMF Country Report No. 23/115),International Monetary Fund,,imf,VUT,2023-03,2026-10-02,https://www.imf.org/-/media/Files/Publications/CR/2023/English/1VUTEA2023001.ashx,https://web.archive.org/web/20251010174955/https://www.imf.org/-/media/Files/Publications/CR/2023/English/1VUTEA2023001.ashx,raw/vut-imf-art4-2023.pdf,385b0f4dba4f059e0df8ff955e7f9f1b5a8ebcb2a66e19143db61074aa1f48d6,"Central government operations 2019-2028 with ""Of which: Economic citizenship programs"" in millions of vatu and percent of GDP (Tables 2-3); ECP description and prices (DSA footnote).","Fiscal year = calendar year. Columns up to 2021 are historical, 2022 estimate, 2023 onward projections (table header). Direct download blocked (HTTP 403); stored copy from the Wayback Machine snapshot."
vut-imf-art4-2024,Vanuatu: 2024 Article IV Consultation-Press Release and Staff Report (IMF Country Report No. 24/278),International Monetary Fund,,imf,VUT,2024-09,2026-10-02,https://www.imf.org/-/media/Files/Publications/CR/2024/English/1vutea2024001-print-pdf.ashx,https://web.archive.org/web/20241106125753/https://www.imf.org/-/media/Files/Publications/CR/2024/English/1vutea2024001-print-pdf.ashx,raw/vut-imf-art4-2024.pdf,444f3243bba478008b110cd9b122474c5bf695946dfb9c1a2e0574f3386b3a6e,ECP revenue 2020-2029 in millions of vatu and percent of GDP (Tables 2-3); ECP revenue share of total revenue in 2020; reactivation of a cheaper programme in 2024.,"Columns to 2022 historical, 2023 estimate, 2024 onward forecasts. Direct download blocked (HTTP 403); stored copy from the Wayback Machine snapshot (Nov 2024)."
vut-imf-art4-2025,Vanuatu: 2025 Article IV Consultation-Press Release; and Staff Report (IMF Country Report No. 25/277),International Monetary Fund,,imf,VUT,2025-09,2026-10-02,https://www.imf.org/-/media/files/publications/cr/2025/english/1vutea2025001-source-pdf.pdf,https://web.archive.org/web/20260216024517/https://www.imf.org/-/media/files/publications/cr/2025/english/1vutea2025001-source-pdf.pdf,raw/vut-imf-art4-2025.pdf,c839648da9930cd8b1f40b47287344d8196bdabd9f7d42dc6c17b431e8e1d77e,ECP revenue 2021-2030 (Tables 2-3); CIIP suspended March 2025 and resumed June 2025; Commission of Inquiry report on the citizenship program; invoicing reform.,"Columns to 2023 historical, 2024 estimate, 2025 onward forecasts (header alignment in the PDF is slightly ambiguous between 2023 and 2024). Direct download blocked (HTTP 403); stored copy from the Wayback Machine snapshot."
vut-mfem-budget-2025-v1,"Budget 2025, Volume 1: Fiscal Strategy Report","Government of the Republic of Vanuatu, Ministry of Finance and Economic Management",,government,VUT,2024,2026-10-02,https://doft.gov.vu/images/Budget%20Book/2025/2025_Budget_Book_Volume_1.pdf,,raw/vut-mfem-budget-2025-v1.pdf,bb095328e29b082e60264ee3ca4ad89bb695b7d5733df9b8413a14320ac1b9c2,"Honorary Citizenship Programs (VDSP, VCP, CIIP) collections to end-December 2024 and 2023; 2024 and 2025 budget; reform proposals for the Citizenship Office.","The fiscal-performance section reports ""collections ... at the end of December"" against the 2024 budget target of VT 10,983.8 million, so it refers to calendar 2024."
vut-mfem-budget-2026-v1,"Budget 2026, Volume 1: Fiscal Strategy Report","Government of the Republic of Vanuatu, Ministry of Finance and Economic Management",,government,VUT,2025,2026-10-02,https://doft.gov.vu/images/Budget%20Book/2026/2026%20Budget%20Book%20Volume%201_English.pdf,,raw/vut-mfem-budget-2026-v1.pdf,e1e8a438ac41712f0bdbbbd0605088dc3d95bd86ca1aa94c93896295cd6eb55a,2026 budget estimate for the Honorary Citizenship Program; collections to end-August 2025.,
vut-mfem-ca-revenue-2020,2020 Financial Regulations Revenue Report: Constitutional Agencies,"Ministry of Finance and Economic Management, Department of Finance and Treasury",,government,VUT,2020,2026-10-02,https://doft.gov.vu/images/2020/Tax_Policy/Q4/Constitutional_Agencies_2020_Financial_Regulations_Revenue_Report.pdf,,raw/vut-mfem-ca-revenue-2020.pdf,02038dd35b8908f8d019cded9c2e0946bdcbb8713dfd49030eb1832b559b92f1,Citizenship programme receipts by revenue item and agency.,"Annex table splits the Citizenship Office's receipts into Honorary Citizenship Program Fees (VDSP and VCP), Capital Investment Immigration Plan Fees and small fees; the State Law Office line ""Honorary Citizenship Program Fees"" is FIU due diligence fees. Excludes programme fees booked by other agencies."
vut-mfem-ca-revenue-2021,2021 Financial Regulations Revenue Report: Constitutional Agencies,"Ministry of Finance and Economic Management, Department of Finance and Treasury",,government,VUT,2021,2026-10-02,https://doft.gov.vu/images/2021/TaxPolicy/Qtr4/Constitutional_Agencies_Revenue_Report_FR__2021_Final.pdf,,raw/vut-mfem-ca-revenue-2021.pdf,415efc05e71263ed550abc6d46ce445c6e2961515e8503f73191b06e7bf7323c,Citizenship programme receipts by revenue item and agency.,"Annex table splits the Citizenship Office's receipts into Honorary Citizenship Program Fees (VDSP and VCP), Capital Investment Immigration Plan Fees and small fees; the State Law Office line ""Honorary Citizenship Program Fees"" is FIU due diligence fees. Excludes programme fees booked by other agencies."
vut-mfem-ca-revenue-2022,2022 Financial Regulations Revenue Report: Constitutional Agencies,"Ministry of Finance and Economic Management, Department of Finance and Treasury",,government,VUT,2022,2026-10-02,https://doft.gov.vu/images/2022/TaxPolicy/Fr/Constitutional_Agencies_Revenue_Report_FR__2022.pdf,,raw/vut-mfem-ca-revenue-2022.pdf,16b12ca4c81a93f0ccf05da37417d343fc0f791476366918c864cabaa3d4402c,Citizenship programme receipts by revenue item and agency.,"Annex table splits the Citizenship Office's receipts into Honorary Citizenship Program Fees (VDSP and VCP), Capital Investment Immigration Plan Fees and small fees; the State Law Office line ""Honorary Citizenship Program Fees"" is FIU due diligence fees. Excludes programme fees booked by other agencies."
vut-mfem-ca-revenue-2023,2023 Financial Regulations Revenue Report: Constitutional Agencies,"Ministry of Finance and Economic Management, Department of Finance and Treasury",,government,VUT,2023,2026-10-02,https://doft.gov.vu/images/2024/Revenu%20Report/Constitutional%20Agencies%20Revenue%202023%20Final.pdf,,raw/vut-mfem-ca-revenue-2023.pdf,12d5c6f630e5342be14b9bcd21467999eb7e6185c0504f3cdd3e4d4c60ccd5c8,Citizenship programme receipts by revenue item and agency.,"Annex table splits the Citizenship Office's receipts into Honorary Citizenship Program Fees (VDSP and VCP), Capital Investment Immigration Plan Fees and small fees; the State Law Office line ""Honorary Citizenship Program Fees"" is FIU due diligence fees. Excludes programme fees booked by other agencies. The narrative gives the Citizenship Office's 2023 collections as VT 8,072.6 million, which does not match the annex table (VT 7,751.2 million); observations use the table."
vut-mfem-ca-revenue-2024h1,2024 Half Year Report: Constitutional Agencies,"Ministry of Finance and Economic Management, Department of Finance and Treasury",,government,VUT,2024,2026-10-02,https://doft.gov.vu/images/2024/Revenu%20Report/Constitutional%20Agencies%20Revenue%20Report%20Quarter%2012%20Half%20Year%202024.pdf,,raw/vut-mfem-ca-revenue-2024h1.pdf,de64517cb4286ee6c957cb2eda006cbbf42af16330b31297983481befe586ba3,Citizenship programme receipts by revenue item and agency.,"Annex table splits the Citizenship Office's receipts into Honorary Citizenship Program Fees (VDSP and VCP), Capital Investment Immigration Plan Fees and small fees; the State Law Office line ""Honorary Citizenship Program Fees"" is FIU due diligence fees. Excludes programme fees booked by other agencies."
vut-mfem-coc-revenue-2019,2019 Financial Regulations Revenue Report: Citizenship Office,"Ministry of Finance and Economic Management, Department of Finance and Treasury",,government,VUT,2020,2026-10-02,https://doft.gov.vu/images/2019/Revenue_Quarterly_Reports/Quarter_4/Citizenship_Office_Q4_Revenue_Report_2019.pdf,,raw/vut-mfem-coc-revenue-2019.pdf,d73ea8eb095a3664e8cb601933918da60a20833efae0c5ef2598670156a6a0f2,"Citizenship Office revenue 2019 by quarter and by revenue item (Honorary Citizenship Program Fees, other fees).","Counts only receipts booked to the Citizenship Office, so it differs from the Treasury total for VDSP and VCP. The report gives two different 2019 budget figures for the same items (main table and annex)."
vut-mfem-hyefr-2019,Half-Year Economic and Fiscal Update of 2019,Ministry of Finance and Economic Management,,government,VUT,2019-07-31,2026-10-02,https://doft.gov.vu/images/2019/Economic_And_Fiscal_Report/HYEFR_English_2019.pdf,,raw/vut-mfem-hyefr-2019.pdf,726ad813f7c2d3fe7a997e7adce29095d7975f7bf4f27bb513d9afbf5ba0fce6,"Citizenship programme collections to end-June 2019, budget target, and policy commentary.",Half-year figures are cumulative January-June and unaudited.
vut-mfem-hyefr-2020,Half-Year Economic and Fiscal Update of 2020,Ministry of Finance and Economic Management,,government,VUT,2020,2026-10-02,https://doft.gov.vu/images/2020/Economics/HYEFR_English_2020.pdf,,raw/vut-mfem-hyefr-2020.pdf,5f35a5d0b7c302fd60dce4156478bea11012a5ad7361f321fb244e1db4a33821,"Citizenship programme collections to end-June 2020, budget target, and policy commentary.",Half-year figures are cumulative January-June and unaudited.
vut-mfem-hyefr-2021,Half-Year Economic and Fiscal Update of 2021,Ministry of Finance and Economic Management,,government,VUT,2021,2026-10-02,https://doft.gov.vu/images/2021/Treasury/Fiscal/HYEFR_English_2021_final_draft_Signed.pdf,,raw/vut-mfem-hyefr-2021.pdf,41444675bf7f87d98f1719a57d1b3ad5a416938fc0778ef6c9c8b40854d42cac,"Citizenship programme collections to end-June 2021, budget target, and policy commentary.",Half-year figures are cumulative January-June and unaudited.
vut-mfem-hyefr-2022,Half-Year Economic and Fiscal Update of 2022,Ministry of Finance and Economic Management,,government,VUT,2022,2026-10-02,https://doft.gov.vu/images/2022/Economics/HYEFU_2022_English.pdf,,raw/vut-mfem-hyefr-2022.pdf,7d8989e8b2b50d0d74d14d78fcd3df130933dbca8287db9379eb6db563055d80,"Citizenship programme collections to end-June 2022, budget target, and policy commentary.",Half-year figures are cumulative January-June and unaudited.
vut-mfem-hyefr-2024,Half-Year Economic and Fiscal Update of 2024,Ministry of Finance and Economic Management,,government,VUT,2024,2026-10-02,https://doft.gov.vu/images/2024/Half%20Year%20Fiscal%20Report/HYFER%202024%20English%20final.pdf,,raw/vut-mfem-hyefr-2024.pdf,6df173c62fdfee862804029f5dab1b2a841282adee96f0bbf00e815f9d2886ed,"Citizenship programme collections to end-June 2024, budget target, and policy commentary.",Half-year figures are cumulative January-June and unaudited.
vut-mfem-hyefr-2025,Half-Year Economic and Fiscal Update of 2025,Ministry of Finance and Economic Management,,government,VUT,2025,2026-10-02,https://doft.gov.vu/images/2025/Treasury/HYFER%202025.pdf,,raw/vut-mfem-hyefr-2025.pdf,c4c55352278657487a81a6d30cae17869c64f768f2108c11b3e6a45ca6d7158b,"Citizenship programme collections to end-June 2025, budget target, and policy commentary.",Half-year figures are cumulative January-June and unaudited.
vut-mfem-hyefr-2026,Half-Year Economic and Fiscal Update of 2026,Ministry of Finance and Economic Management,,government,VUT,2026,2026-10-02,https://doft.gov.vu/images/2026/Half%20Year/Final_Version_HYEFR_2026.pdf,,raw/vut-mfem-hyefr-2026.pdf,3ca209b61d3e9fe49294fef5a34016d0dcbcdba03c9c93559d998fa2bb0948e6,"Citizenship programme collections to end-June 2026, budget target, and policy commentary.",Half-year figures are cumulative January-June and unaudited.
vut-mfem-monthly-2016-12,Treasury Monthly Budget Report - December 2016,"Ministry of Finance and Economic Management, Department of Finance and Treasury",,government,VUT,2016-12,2026-10-02,https://doft.gov.vu/images/2017/December-Final-2016.pdf,,raw/vut-mfem-monthly-2016-12.pdf,6cfe7a52a13cdd0e6fff1a77a20193bca6e44bb04553f70e8d21d5fdaf452b62,VERP collections in 2016 and 2015.,Year-end figures from the government financial statistics system; unaudited.
vut-mfem-monthly-2017-12,Treasury Monthly Budget Report - December 2017,"Ministry of Finance and Economic Management, Department of Finance and Treasury",,government,VUT,2017-12,2026-10-02,https://doft.gov.vu/images/2017/December-Monthly-Report-Final.pdf,,raw/vut-mfem-monthly-2017-12.pdf,46131a6343200abb9436a4c87c1fd7184f8bdcca08eac82eba51f4612f8d5284,"VERP, VDSP and VCP collections in 2017 and budget target.",Year-end figures from the government financial statistics system; unaudited.
vut-mfem-monthly-2019-12,Treasury Monthly Budget Report - December 2019,"Ministry of Finance and Economic Management, Department of Finance and Treasury",,government,VUT,2019-12,2026-10-02,https://doft.gov.vu/images/2019/Monthly_Report/December_Monthly_Report_2019.pdf,,raw/vut-mfem-monthly-2019-12.pdf,9e2b49a6de2ba814e52814109dd7d8e0811dce49c9821e460cadbd7efa14f1ea,VDSP and VCP collections in 2019 and 2018; revised budget target.,Year-end figures from the government financial statistics system; unaudited.
vut-mfem-monthly-2020-12,Treasury Monthly Budget Report - December 2020,"Ministry of Finance and Economic Management, Department of Finance and Treasury",,government,VUT,2020-12,2026-10-02,https://doft.gov.vu/images/2020/Treasury/Monthly_Report/December_Budget_Monthly_Report_2020.pdf,,raw/vut-mfem-monthly-2020-12.pdf,608f52df6323b95bfffa63ede0d2d7895f85715d08642004f8fba1988e0fe330,VDSP and VCP collections in 2020 and 2019; revised budget target.,Year-end figures from the government financial statistics system; unaudited.
vut-mfem-monthly-2021-12,Treasury Monthly Budget Report - December 2021,"Ministry of Finance and Economic Management, Department of Finance and Treasury",,government,VUT,2021-12,2026-10-02,https://doft.gov.vu/images/2021/Treasury/Monthly_Report/Treasury_Monthly_Budget_Report_-_December_2021.pdf,,raw/vut-mfem-monthly-2021-12.pdf,ac810dba356db9769076bedd593e0da9d2f93701ef5503cc2c7b12af06ce3c9a,VDSP and VCP collections in 2021 and 2020; budget target.,"Year-end figures from the government financial statistics system; unaudited. The PDF is a scan whose text layer is badly OCR'd (e.g. ""W"" for ""VT"", 12,857.0 for 12,851.0); quotes follow the page image."
vut-mfem-monthly-2022-12,Treasury Monthly Budget Report - December 2022,"Ministry of Finance and Economic Management, Department of Finance and Treasury",,government,VUT,2022-12,2026-10-02,https://doft.gov.vu/images/2022/Monthly_Report/December_Monthly_Report_20-03-23.pdf,,raw/vut-mfem-monthly-2022-12.pdf,8e7d6b5a26ed156dc4101ad3e0a8d92586e62799172cb47dd333a3b8c9b07cfe,Honorary Citizenship Programs (VDSP and VCP) collections in 2022 and 2021; budget target.,Year-end figures from the government financial statistics system; unaudited. Report finalised 20 March 2023.
vut-mfem-monthly-2023-12,Treasury Monthly Budget Report - December 2023,"Ministry of Finance and Economic Management, Department of Finance and Treasury",,government,VUT,2023-12,2026-10-02,https://doft.gov.vu/images/2023/Monthly%20Budget%20Report/December%20Monthly%20Report.pdf,,raw/vut-mfem-monthly-2023-12.pdf,1f7c54e687ade1f25694d9ba741bcb830b9b438cd79bb0421ba99073446a8bc7,VDSP and VCP collections in 2023 and 2022; budget target.,Year-end figures from the government financial statistics system; unaudited.
vut-mfem-monthly-2025-12,Treasury Monthly Budget Report - December 2025,"Ministry of Finance and Economic Management, Department of Finance and Treasury",,government,VUT,2025-12,2026-10-02,https://doft.gov.vu/images/2025/Monthly%20Report/December%20Monthly%20Report%20DRAFT.pdf,,raw/vut-mfem-monthly-2025-12.pdf,05543066a5a7aaaaa67b1d329733686ce61a015e7c69083af5ea996b8aa0a750,VDSP and VCP collections in 2025 and 2024; budget target.,Year-end figures from the government financial statistics system; unaudited. Marked DRAFT in its file name.
vut-vcp-amend-order-38-2020,Citizenship (Contribution Program) (Amendment) Regulations Order No. 38 of 2020,Prime Minister of the Republic of Vanuatu,,legislation,VUT,2020-03-27,2026-10-02,https://vancitizenship.gov.vu/images/Order_No_38_of_2020_2.pdf,,raw/vut-vcp-amend-order-38-2020.pdf,ccf40a455c9c67adaa4045fa433cf1f5bd50a7018ae1c4e06793c69d98c51feb,"Amends the Citizenship (Contribution Program) Regulations Order No. 220 of 2016: international due diligence firm, fee USD2,000 to USD5,000. Made 27 March 2020.",Scanned PDF. The amended principal regulations (Order No. 220 of 2016) were not found online.
